ISO-10303-21;
HEADER;
FILE_DESCRIPTION(('Open CASCADE Model'),'2;1');
FILE_NAME('Open CASCADE Shape Model','2026-09-11T12:02:22',('Author'),(
    'Open CASCADE'),'Open CASCADE STEP processor 7.9','Open CASCADE 7.9'
  ,'Unknown');
FILE_SCHEMA(('AUTOMOTIVE_DESIGN { 1 0 10303 214 1 1 1 1 }'));
ENDSEC;
DATA;
#1 = APPLICATION_PROTOCOL_DEFINITION('international standard',
  'automotive_design',2000,#2);
#2 = APPLICATION_CONTEXT(
  'core data for automotive mechanical design processes');
#3 = SHAPE_DEFINITION_REPRESENTATION(#4,#10);
#4 = PRODUCT_DEFINITION_SHAPE('','',#5);
#5 = PRODUCT_DEFINITION('design','',#6,#9);
#6 = PRODUCT_DEFINITION_FORMATION('','',#7);
#7 = PRODUCT('Open CASCADE STEP translator 7.9 5',
  'Open CASCADE STEP translator 7.9 5','',(#8));
#8 = PRODUCT_CONTEXT('',#2,'mechanical');
#9 = PRODUCT_DEFINITION_CONTEXT('part definition',#2,'design');
#10 = ADVANCED_BREP_SHAPE_REPRESENTATION('',(#11,#15),#3047);
#11 = AXIS2_PLACEMENT_3D('',#12,#13,#14);
#12 = CARTESIAN_POINT('',(0.,0.,0.));
#13 = DIRECTION('',(0.,0.,1.));
#14 = DIRECTION('',(1.,0.,-0.));
#15 = MANIFOLD_SOLID_BREP('',#16);
#16 = CLOSED_SHELL('',(#17,#138,#250,#373,#491,#614,#727,#847,#962,#1082
    ,#1197,#1317,#1432,#1552,#1667,#1719,#1771,#1823,#1934,#2041,#2090,
    #2149,#2320,#2348,#2498,#2547,#2596,#2630,#2664,#2713,#2745,#2779,
    #2786,#2818,#2852,#2859,#2891,#2925,#2932,#2964,#2998,#3005,#3012,
    #3019,#3026,#3033,#3040));
#17 = ADVANCED_FACE('',(#18),#32,.F.);
#18 = FACE_BOUND('',#19,.F.);
#19 = EDGE_LOOP('',(#20,#55,#88,#111));
#20 = ORIENTED_EDGE('',*,*,#21,.T.);
#21 = EDGE_CURVE('',#22,#24,#26,.T.);
#22 = VERTEX_POINT('',#23);
#23 = CARTESIAN_POINT('',(-14.,14.99999995,-5.167639261494E-15));
#24 = VERTEX_POINT('',#25);
#25 = CARTESIAN_POINT('',(-15.,15.99999995,-3.552713667698E-15));
#26 = SURFACE_CURVE('',#27,(#31,#43),.PCURVE_S1.);
#27 = LINE('',#28,#29);
#28 = CARTESIAN_POINT('',(-15.,15.99999995,-3.552713667698E-15));
#29 = VECTOR('',#30,1.);
#30 = DIRECTION('',(-0.707106781187,0.707106781187,-1.570092458684E-16)
  );
#31 = PCURVE('',#32,#37);
#32 = CONICAL_SURFACE('',#33,16.,0.785398163397);
#33 = AXIS2_PLACEMENT_3D('',#34,#35,#36);
#34 = CARTESIAN_POINT('',(-15.,-5.00000005843E-08,1.110223037599E-23));
#35 = DIRECTION('',(-1.,0.,0.));
#36 = DIRECTION('',(0.,1.,-2.22044604925E-16));
#37 = DEFINITIONAL_REPRESENTATION('',(#38),#42);
#38 = LINE('',#39,#40);
#39 = CARTESIAN_POINT('',(6.28318530718,7.850462293419E-16));
#40 = VECTOR('',#41,1.);
#41 = DIRECTION('',(0.,1.));
#42 = ( GEOMETRIC_REPRESENTATION_CONTEXT(2) 
PARAMETRIC_REPRESENTATION_CONTEXT() REPRESENTATION_CONTEXT('2D SPACE',''
  ) );
#43 = PCURVE('',#44,#49);
#44 = CONICAL_SURFACE('',#45,16.,0.785398163397);
#45 = AXIS2_PLACEMENT_3D('',#46,#47,#48);
#46 = CARTESIAN_POINT('',(-15.,-5.00000005843E-08,1.110223037599E-23));
#47 = DIRECTION('',(-1.,0.,0.));
#48 = DIRECTION('',(0.,1.,-2.22044604925E-16));
#49 = DEFINITIONAL_REPRESENTATION('',(#50),#54);
#50 = LINE('',#51,#52);
#51 = CARTESIAN_POINT('',(0.,7.850462293419E-16));
#52 = VECTOR('',#53,1.);
#53 = DIRECTION('',(0.,1.));
#54 = ( GEOMETRIC_REPRESENTATION_CONTEXT(2) 
PARAMETRIC_REPRESENTATION_CONTEXT() REPRESENTATION_CONTEXT('2D SPACE',''
  ) );
#55 = ORIENTED_EDGE('',*,*,#56,.T.);
#56 = EDGE_CURVE('',#24,#57,#59,.T.);
#57 = VERTEX_POINT('',#58);
#58 = CARTESIAN_POINT('',(-15.,-16.00000005,1.593278811267E-15));
#59 = SURFACE_CURVE('',#60,(#65,#72),.PCURVE_S1.);
#60 = CIRCLE('',#61,16.);
#61 = AXIS2_PLACEMENT_3D('',#62,#63,#64);
#62 = CARTESIAN_POINT('',(-15.,-5.00000005843E-08,1.110223037599E-23));
#63 = DIRECTION('',(1.,-0.,0.));
#64 = DIRECTION('',(0.,1.,-2.22044604925E-16));
#65 = PCURVE('',#32,#66);
#66 = DEFINITIONAL_REPRESENTATION('',(#67),#71);
#67 = LINE('',#68,#69);
#68 = CARTESIAN_POINT('',(6.28318530718,0.));
#69 = VECTOR('',#70,1.);
#70 = DIRECTION('',(-1.,0.));
#71 = ( GEOMETRIC_REPRESENTATION_CONTEXT(2) 
PARAMETRIC_REPRESENTATION_CONTEXT() REPRESENTATION_CONTEXT('2D SPACE',''
  ) );
#72 = PCURVE('',#73,#78);
#73 = PLANE('',#74);
#74 = AXIS2_PLACEMENT_3D('',#75,#76,#77);
#75 = CARTESIAN_POINT('',(-15.,-5.00000005843E-08,1.110223037599E-23));
#76 = DIRECTION('',(-1.,0.,-0.));
#77 = DIRECTION('',(0.,1.,-2.22044604925E-16));
#78 = DEFINITIONAL_REPRESENTATION('',(#79),#87);
#79 = ( BOUNDED_CURVE() B_SPLINE_CURVE(2,(#80,#81,#82,#83,#84,#85,#86),
.UNSPECIFIED.,.T.,.F.) B_SPLINE_CURVE_WITH_KNOTS((1,2,2,2,2,1),(
    -2.094395102393,0.,2.094395102393,4.188790204786,6.28318530718,
8.377580409573),.UNSPECIFIED.) CURVE() GEOMETRIC_REPRESENTATION_ITEM() 
RATIONAL_B_SPLINE_CURVE((1.,0.5,1.,0.5,1.,0.5,1.)) REPRESENTATION_ITEM(
  '') );
#80 = CARTESIAN_POINT('',(16.,0.));
#81 = CARTESIAN_POINT('',(16.,-27.7128129211));
#82 = CARTESIAN_POINT('',(-8.,-13.85640646055));
#83 = CARTESIAN_POINT('',(-32.,-3.918869757272E-15));
#84 = CARTESIAN_POINT('',(-8.,13.856406460551));
#85 = CARTESIAN_POINT('',(16.,27.712812921102));
#86 = CARTESIAN_POINT('',(16.,0.));
#87 = ( GEOMETRIC_REPRESENTATION_CONTEXT(2) 
PARAMETRIC_REPRESENTATION_CONTEXT() REPRESENTATION_CONTEXT('2D SPACE',''
  ) );
#88 = ORIENTED_EDGE('',*,*,#89,.F.);
#89 = EDGE_CURVE('',#90,#57,#92,.T.);
#90 = VERTEX_POINT('',#91);
#91 = CARTESIAN_POINT('',(-14.,-15.00000005,3.330669084978E-15));
#92 = SURFACE_CURVE('',#93,(#97,#104),.PCURVE_S1.);
#93 = LINE('',#94,#95);
#94 = CARTESIAN_POINT('',(-15.,-16.00000005,1.593278811267E-15));
#95 = VECTOR('',#96,1.);
#96 = DIRECTION('',(-0.707106781187,-0.707106781187,7.041364024488E-17)
  );
#97 = PCURVE('',#32,#98);
#98 = DEFINITIONAL_REPRESENTATION('',(#99),#103);
#99 = LINE('',#100,#101);
#100 = CARTESIAN_POINT('',(3.14159265359,7.850462293419E-16));
#101 = VECTOR('',#102,1.);
#102 = DIRECTION('',(0.,1.));
#103 = ( GEOMETRIC_REPRESENTATION_CONTEXT(2) 
PARAMETRIC_REPRESENTATION_CONTEXT() REPRESENTATION_CONTEXT('2D SPACE',''
  ) );
#104 = PCURVE('',#44,#105);
#105 = DEFINITIONAL_REPRESENTATION('',(#106),#110);
#106 = LINE('',#107,#108);
#107 = CARTESIAN_POINT('',(3.14159265359,7.850462293419E-16));
#108 = VECTOR('',#109,1.);
#109 = DIRECTION('',(0.,1.));
#110 = ( GEOMETRIC_REPRESENTATION_CONTEXT(2) 
PARAMETRIC_REPRESENTATION_CONTEXT() REPRESENTATION_CONTEXT('2D SPACE',''
  ) );
#111 = ORIENTED_EDGE('',*,*,#112,.T.);
#112 = EDGE_CURVE('',#90,#22,#113,.T.);
#113 = SURFACE_CURVE('',#114,(#119,#126),.PCURVE_S1.);
#114 = CIRCLE('',#115,15.);
#115 = AXIS2_PLACEMENT_3D('',#116,#117,#118);
#116 = CARTESIAN_POINT('',(-14.,-5.00000005843E-08,1.110223037599E-23));
#117 = DIRECTION('',(-1.,0.,-0.));
#118 = DIRECTION('',(0.,1.,-2.22044604925E-16));
#119 = PCURVE('',#32,#120);
#120 = DEFINITIONAL_REPRESENTATION('',(#121),#125);
#121 = LINE('',#122,#123);
#122 = CARTESIAN_POINT('',(0.,-1.));
#123 = VECTOR('',#124,1.);
#124 = DIRECTION('',(1.,0.));
#125 = ( GEOMETRIC_REPRESENTATION_CONTEXT(2) 
PARAMETRIC_REPRESENTATION_CONTEXT() REPRESENTATION_CONTEXT('2D SPACE',''
  ) );
#126 = PCURVE('',#127,#132);
#127 = CYLINDRICAL_SURFACE('',#128,15.);
#128 = AXIS2_PLACEMENT_3D('',#129,#130,#131);
#129 = CARTESIAN_POINT('',(-15.,-5.00000005843E-08,1.110223037599E-23));
#130 = DIRECTION('',(1.,0.,0.));
#131 = DIRECTION('',(0.,-1.,2.22044604925E-16));
#132 = DEFINITIONAL_REPRESENTATION('',(#133),#137);
#133 = LINE('',#134,#135);
#134 = CARTESIAN_POINT('',(9.424777960769,1.));
#135 = VECTOR('',#136,1.);
#136 = DIRECTION('',(-1.,0.));
#137 = ( GEOMETRIC_REPRESENTATION_CONTEXT(2) 
PARAMETRIC_REPRESENTATION_CONTEXT() REPRESENTATION_CONTEXT('2D SPACE',''
  ) );
#138 = ADVANCED_FACE('',(#139),#153,.F.);
#139 = FACE_BOUND('',#140,.F.);
#140 = EDGE_LOOP('',(#141,#176,#205,#228));
#141 = ORIENTED_EDGE('',*,*,#142,.T.);
#142 = EDGE_CURVE('',#143,#145,#147,.T.);
#143 = VERTEX_POINT('',#144);
#144 = CARTESIAN_POINT('',(14.,-15.00000005,3.330669084978E-15));
#145 = VERTEX_POINT('',#146);
#146 = CARTESIAN_POINT('',(15.,-16.00000005,3.552713689903E-15));
#147 = SURFACE_CURVE('',#148,(#152,#164),.PCURVE_S1.);
#148 = LINE('',#149,#150);
#149 = CARTESIAN_POINT('',(14.,-15.00000005,3.330669084978E-15));
#150 = VECTOR('',#151,1.);
#151 = DIRECTION('',(0.707106781187,-0.707106781187,1.570092458684E-16)
  );
#152 = PCURVE('',#153,#158);
#153 = CONICAL_SURFACE('',#154,15.,0.785398163397);
#154 = AXIS2_PLACEMENT_3D('',#155,#156,#157);
#155 = CARTESIAN_POINT('',(14.,-5.00000005843E-08,1.110223037599E-23));
#156 = DIRECTION('',(1.,0.,0.));
#157 = DIRECTION('',(0.,-1.,2.22044604925E-16));
#158 = DEFINITIONAL_REPRESENTATION('',(#159),#163);
#159 = LINE('',#160,#161);
#160 = CARTESIAN_POINT('',(6.28318530718,0.));
#161 = VECTOR('',#162,1.);
#162 = DIRECTION('',(0.,1.));
#163 = ( GEOMETRIC_REPRESENTATION_CONTEXT(2) 
PARAMETRIC_REPRESENTATION_CONTEXT() REPRESENTATION_CONTEXT('2D SPACE',''
  ) );
#164 = PCURVE('',#165,#170);
#165 = CONICAL_SURFACE('',#166,15.,0.785398163397);
#166 = AXIS2_PLACEMENT_3D('',#167,#168,#169);
#167 = CARTESIAN_POINT('',(14.,-5.00000005843E-08,1.110223037599E-23));
#168 = DIRECTION('',(1.,0.,0.));
#169 = DIRECTION('',(0.,-1.,2.22044604925E-16));
#170 = DEFINITIONAL_REPRESENTATION('',(#171),#175);
#171 = LINE('',#172,#173);
#172 = CARTESIAN_POINT('',(0.,0.));
#173 = VECTOR('',#174,1.);
#174 = DIRECTION('',(0.,1.));
#175 = ( GEOMETRIC_REPRESENTATION_CONTEXT(2) 
PARAMETRIC_REPRESENTATION_CONTEXT() REPRESENTATION_CONTEXT('2D SPACE',''
  ) );
#176 = ORIENTED_EDGE('',*,*,#177,.T.);
#177 = EDGE_CURVE('',#145,#178,#180,.T.);
#178 = VERTEX_POINT('',#179);
#179 = CARTESIAN_POINT('',(15.,15.99999995,-5.512148546334E-15));
#180 = SURFACE_CURVE('',#181,(#186,#193),.PCURVE_S1.);
#181 = CIRCLE('',#182,16.);
#182 = AXIS2_PLACEMENT_3D('',#183,#184,#185);
#183 = CARTESIAN_POINT('',(15.,-5.00000005843E-08,1.110223037599E-23));
#184 = DIRECTION('',(-1.,0.,-0.));
#185 = DIRECTION('',(0.,1.,-2.22044604925E-16));
#186 = PCURVE('',#153,#187);
#187 = DEFINITIONAL_REPRESENTATION('',(#188),#192);
#188 = LINE('',#189,#190);
#189 = CARTESIAN_POINT('',(9.424777960769,1.));
#190 = VECTOR('',#191,1.);
#191 = DIRECTION('',(-1.,0.));
#192 = ( GEOMETRIC_REPRESENTATION_CONTEXT(2) 
PARAMETRIC_REPRESENTATION_CONTEXT() REPRESENTATION_CONTEXT('2D SPACE',''
  ) );
#193 = PCURVE('',#194,#199);
#194 = PLANE('',#195);
#195 = AXIS2_PLACEMENT_3D('',#196,#197,#198);
#196 = CARTESIAN_POINT('',(15.,-5.00000005843E-08,1.110223037599E-23));
#197 = DIRECTION('',(-1.,-0.,0.));
#198 = DIRECTION('',(0.,1.,-2.22044604925E-16));
#199 = DEFINITIONAL_REPRESENTATION('',(#200),#204);
#200 = CIRCLE('',#201,16.);
#201 = AXIS2_PLACEMENT_2D('',#202,#203);
#202 = CARTESIAN_POINT('',(0.,0.));
#203 = DIRECTION('',(1.,0.));
#204 = ( GEOMETRIC_REPRESENTATION_CONTEXT(2) 
PARAMETRIC_REPRESENTATION_CONTEXT() REPRESENTATION_CONTEXT('2D SPACE',''
  ) );
#205 = ORIENTED_EDGE('',*,*,#206,.F.);
#206 = EDGE_CURVE('',#207,#178,#209,.T.);
#207 = VERTEX_POINT('',#208);
#208 = CARTESIAN_POINT('',(14.,14.99999995,-5.167639261494E-15));
#209 = SURFACE_CURVE('',#210,(#214,#221),.PCURVE_S1.);
#210 = LINE('',#211,#212);
#211 = CARTESIAN_POINT('',(14.,14.99999995,-5.167639261494E-15));
#212 = VECTOR('',#213,1.);
#213 = DIRECTION('',(0.707106781187,0.707106781187,-2.436048514919E-16)
  );
#214 = PCURVE('',#153,#215);
#215 = DEFINITIONAL_REPRESENTATION('',(#216),#220);
#216 = LINE('',#217,#218);
#217 = CARTESIAN_POINT('',(3.14159265359,0.));
#218 = VECTOR('',#219,1.);
#219 = DIRECTION('',(0.,1.));
#220 = ( GEOMETRIC_REPRESENTATION_CONTEXT(2) 
PARAMETRIC_REPRESENTATION_CONTEXT() REPRESENTATION_CONTEXT('2D SPACE',''
  ) );
#221 = PCURVE('',#165,#222);
#222 = DEFINITIONAL_REPRESENTATION('',(#223),#227);
#223 = LINE('',#224,#225);
#224 = CARTESIAN_POINT('',(3.14159265359,0.));
#225 = VECTOR('',#226,1.);
#226 = DIRECTION('',(0.,1.));
#227 = ( GEOMETRIC_REPRESENTATION_CONTEXT(2) 
PARAMETRIC_REPRESENTATION_CONTEXT() REPRESENTATION_CONTEXT('2D SPACE',''
  ) );
#228 = ORIENTED_EDGE('',*,*,#229,.T.);
#229 = EDGE_CURVE('',#207,#143,#230,.T.);
#230 = SURFACE_CURVE('',#231,(#236,#243),.PCURVE_S1.);
#231 = CIRCLE('',#232,15.);
#232 = AXIS2_PLACEMENT_3D('',#233,#234,#235);
#233 = CARTESIAN_POINT('',(14.,-5.00000005843E-08,1.110223037599E-23));
#234 = DIRECTION('',(1.,-0.,0.));
#235 = DIRECTION('',(0.,1.,-2.22044604925E-16));
#236 = PCURVE('',#153,#237);
#237 = DEFINITIONAL_REPRESENTATION('',(#238),#242);
#238 = LINE('',#239,#240);
#239 = CARTESIAN_POINT('',(3.14159265359,0.));
#240 = VECTOR('',#241,1.);
#241 = DIRECTION('',(1.,0.));
#242 = ( GEOMETRIC_REPRESENTATION_CONTEXT(2) 
PARAMETRIC_REPRESENTATION_CONTEXT() REPRESENTATION_CONTEXT('2D SPACE',''
  ) );
#243 = PCURVE('',#127,#244);
#244 = DEFINITIONAL_REPRESENTATION('',(#245),#249);
#245 = LINE('',#246,#247);
#246 = CARTESIAN_POINT('',(3.14159265359,29.));
#247 = VECTOR('',#248,1.);
#248 = DIRECTION('',(1.,0.));
#249 = ( GEOMETRIC_REPRESENTATION_CONTEXT(2) 
PARAMETRIC_REPRESENTATION_CONTEXT() REPRESENTATION_CONTEXT('2D SPACE',''
  ) );
#250 = ADVANCED_FACE('',(#251),#266,.T.);
#251 = FACE_BOUND('',#252,.T.);
#252 = EDGE_LOOP('',(#253,#293,#322,#351));
#253 = ORIENTED_EDGE('',*,*,#254,.F.);
#254 = EDGE_CURVE('',#255,#257,#259,.T.);
#255 = VERTEX_POINT('',#256);
#256 = CARTESIAN_POINT('',(-7.,-36.50000005,3.573434934021E-15));
#257 = VERTEX_POINT('',#258);
#258 = CARTESIAN_POINT('',(-7.,36.49999995,-8.104628068661E-15));
#259 = SURFACE_CURVE('',#260,(#265,#277),.PCURVE_S1.);
#260 = CIRCLE('',#261,36.5);
#261 = AXIS2_PLACEMENT_3D('',#262,#263,#264);
#262 = CARTESIAN_POINT('',(-7.,-5.00000005843E-08,1.110223037599E-23));
#263 = DIRECTION('',(1.,-0.,0.));
#264 = DIRECTION('',(0.,1.,-2.22044604925E-16));
#265 = PCURVE('',#266,#271);
#266 = TOROIDAL_SURFACE('',#267,36.5,1.);
#267 = AXIS2_PLACEMENT_3D('',#268,#269,#270);
#268 = CARTESIAN_POINT('',(-8.,-5.00000005843E-08,1.110223037599E-23));
#269 = DIRECTION('',(-1.,0.,-0.));
#270 = DIRECTION('',(0.,1.,-2.22044604925E-16));
#271 = DEFINITIONAL_REPRESENTATION('',(#272),#276);
#272 = LINE('',#273,#274);
#273 = CARTESIAN_POINT('',(6.28318530718,4.712388980385));
#274 = VECTOR('',#275,1.);
#275 = DIRECTION('',(-1.,0.));
#276 = ( GEOMETRIC_REPRESENTATION_CONTEXT(2) 
PARAMETRIC_REPRESENTATION_CONTEXT() REPRESENTATION_CONTEXT('2D SPACE',''
  ) );
#277 = PCURVE('',#278,#283);
#278 = PLANE('',#279);
#279 = AXIS2_PLACEMENT_3D('',#280,#281,#282);
#280 = CARTESIAN_POINT('',(-7.,-5.00000005843E-08,1.110223037599E-23));
#281 = DIRECTION('',(-1.,0.,-0.));
#282 = DIRECTION('',(0.,1.,-2.22044604925E-16));
#283 = DEFINITIONAL_REPRESENTATION('',(#284),#292);
#284 = ( BOUNDED_CURVE() B_SPLINE_CURVE(2,(#285,#286,#287,#288,#289,#290
,#291),.UNSPECIFIED.,.T.,.F.) B_SPLINE_CURVE_WITH_KNOTS((1,2,2,2,2,1),(
    -2.094395102393,0.,2.094395102393,4.188790204786,6.28318530718,
8.377580409573),.UNSPECIFIED.) CURVE() GEOMETRIC_REPRESENTATION_ITEM() 
RATIONAL_B_SPLINE_CURVE((1.,0.5,1.,0.5,1.,0.5,1.)) REPRESENTATION_ITEM(
  '') );
#285 = CARTESIAN_POINT('',(36.5,0.));
#286 = CARTESIAN_POINT('',(36.5,-63.21985447626));
#287 = CARTESIAN_POINT('',(-18.25,-31.60992723813));
#288 = CARTESIAN_POINT('',(-73.,-8.939921633776E-15));
#289 = CARTESIAN_POINT('',(-18.25,31.609927238132));
#290 = CARTESIAN_POINT('',(36.5,63.219854476264));
#291 = CARTESIAN_POINT('',(36.5,0.));
#292 = ( GEOMETRIC_REPRESENTATION_CONTEXT(2) 
PARAMETRIC_REPRESENTATION_CONTEXT() REPRESENTATION_CONTEXT('2D SPACE',''
  ) );
#293 = ORIENTED_EDGE('',*,*,#294,.T.);
#294 = EDGE_CURVE('',#255,#295,#297,.T.);
#295 = VERTEX_POINT('',#296);
#296 = CARTESIAN_POINT('',(-8.,-37.50000005,3.734247198988E-15));
#297 = SURFACE_CURVE('',#298,(#303,#310),.PCURVE_S1.);
#298 = CIRCLE('',#299,1.);
#299 = AXIS2_PLACEMENT_3D('',#300,#301,#302);
#300 = CARTESIAN_POINT('',(-8.,-36.50000005,3.634667273978E-15));
#301 = DIRECTION('',(0.,-9.957992501033E-17,-1.));
#302 = DIRECTION('',(0.,1.,-9.957992501033E-17));
#303 = PCURVE('',#266,#304);
#304 = DEFINITIONAL_REPRESENTATION('',(#305),#309);
#305 = LINE('',#306,#307);
#306 = CARTESIAN_POINT('',(3.14159265359,3.14159265359));
#307 = VECTOR('',#308,1.);
#308 = DIRECTION('',(0.,1.));
#309 = ( GEOMETRIC_REPRESENTATION_CONTEXT(2) 
PARAMETRIC_REPRESENTATION_CONTEXT() REPRESENTATION_CONTEXT('2D SPACE',''
  ) );
#310 = PCURVE('',#311,#316);
#311 = TOROIDAL_SURFACE('',#312,36.5,1.);
#312 = AXIS2_PLACEMENT_3D('',#313,#314,#315);
#313 = CARTESIAN_POINT('',(-8.,-5.00000005843E-08,1.110223037599E-23));
#314 = DIRECTION('',(-1.,0.,-0.));
#315 = DIRECTION('',(0.,1.,-2.22044604925E-16));
#316 = DEFINITIONAL_REPRESENTATION('',(#317),#321);
#317 = LINE('',#318,#319);
#318 = CARTESIAN_POINT('',(3.14159265359,3.14159265359));
#319 = VECTOR('',#320,1.);
#320 = DIRECTION('',(0.,1.));
#321 = ( GEOMETRIC_REPRESENTATION_CONTEXT(2) 
PARAMETRIC_REPRESENTATION_CONTEXT() REPRESENTATION_CONTEXT('2D SPACE',''
  ) );
#322 = ORIENTED_EDGE('',*,*,#323,.F.);
#323 = EDGE_CURVE('',#324,#295,#326,.T.);
#324 = VERTEX_POINT('',#325);
#325 = CARTESIAN_POINT('',(-8.,37.49999995,-8.326672673586E-15));
#326 = SURFACE_CURVE('',#327,(#332,#339),.PCURVE_S1.);
#327 = CIRCLE('',#328,37.5);
#328 = AXIS2_PLACEMENT_3D('',#329,#330,#331);
#329 = CARTESIAN_POINT('',(-8.,-5.00000005843E-08,1.110223037599E-23));
#330 = DIRECTION('',(-1.,0.,-0.));
#331 = DIRECTION('',(0.,1.,-2.22044604925E-16));
#332 = PCURVE('',#266,#333);
#333 = DEFINITIONAL_REPRESENTATION('',(#334),#338);
#334 = LINE('',#335,#336);
#335 = CARTESIAN_POINT('',(0.,6.28318530718));
#336 = VECTOR('',#337,1.);
#337 = DIRECTION('',(1.,0.));
#338 = ( GEOMETRIC_REPRESENTATION_CONTEXT(2) 
PARAMETRIC_REPRESENTATION_CONTEXT() REPRESENTATION_CONTEXT('2D SPACE',''
  ) );
#339 = PCURVE('',#340,#345);
#340 = CYLINDRICAL_SURFACE('',#341,37.5);
#341 = AXIS2_PLACEMENT_3D('',#342,#343,#344);
#342 = CARTESIAN_POINT('',(-7.,-5.00000005843E-08,1.110223037599E-23));
#343 = DIRECTION('',(-1.,0.,-0.));
#344 = DIRECTION('',(0.,1.,-2.22044604925E-16));
#345 = DEFINITIONAL_REPRESENTATION('',(#346),#350);
#346 = LINE('',#347,#348);
#347 = CARTESIAN_POINT('',(0.,1.));
#348 = VECTOR('',#349,1.);
#349 = DIRECTION('',(1.,0.));
#350 = ( GEOMETRIC_REPRESENTATION_CONTEXT(2) 
PARAMETRIC_REPRESENTATION_CONTEXT() REPRESENTATION_CONTEXT('2D SPACE',''
  ) );
#351 = ORIENTED_EDGE('',*,*,#352,.F.);
#352 = EDGE_CURVE('',#257,#324,#353,.T.);
#353 = SURFACE_CURVE('',#354,(#359,#366),.PCURVE_S1.);
#354 = CIRCLE('',#355,1.);
#355 = AXIS2_PLACEMENT_3D('',#356,#357,#358);
#356 = CARTESIAN_POINT('',(-8.,36.49999995,-8.104628068661E-15));
#357 = DIRECTION('',(-0.,2.22044604925E-16,1.));
#358 = DIRECTION('',(0.,-1.,2.22044604925E-16));
#359 = PCURVE('',#266,#360);
#360 = DEFINITIONAL_REPRESENTATION('',(#361),#365);
#361 = LINE('',#362,#363);
#362 = CARTESIAN_POINT('',(0.,3.14159265359));
#363 = VECTOR('',#364,1.);
#364 = DIRECTION('',(0.,1.));
#365 = ( GEOMETRIC_REPRESENTATION_CONTEXT(2) 
PARAMETRIC_REPRESENTATION_CONTEXT() REPRESENTATION_CONTEXT('2D SPACE',''
  ) );
#366 = PCURVE('',#311,#367);
#367 = DEFINITIONAL_REPRESENTATION('',(#368),#372);
#368 = LINE('',#369,#370);
#369 = CARTESIAN_POINT('',(6.28318530718,3.14159265359));
#370 = VECTOR('',#371,1.);
#371 = DIRECTION('',(0.,1.));
#372 = ( GEOMETRIC_REPRESENTATION_CONTEXT(2) 
PARAMETRIC_REPRESENTATION_CONTEXT() REPRESENTATION_CONTEXT('2D SPACE',''
  ) );
#373 = ADVANCED_FACE('',(#374),#389,.T.);
#374 = FACE_BOUND('',#375,.T.);
#375 = EDGE_LOOP('',(#376,#416,#445,#469));
#376 = ORIENTED_EDGE('',*,*,#377,.F.);
#377 = EDGE_CURVE('',#378,#380,#382,.T.);
#378 = VERTEX_POINT('',#379);
#379 = CARTESIAN_POINT('',(-13.,36.49999995,-1.263582122551E-14));
#380 = VERTEX_POINT('',#381);
#381 = CARTESIAN_POINT('',(-13.,-36.50000005,8.104628090866E-15));
#382 = SURFACE_CURVE('',#383,(#388,#400),.PCURVE_S1.);
#383 = CIRCLE('',#384,36.5);
#384 = AXIS2_PLACEMENT_3D('',#385,#386,#387);
#385 = CARTESIAN_POINT('',(-13.,-5.00000005843E-08,1.110223037599E-23));
#386 = DIRECTION('',(-1.,0.,0.));
#387 = DIRECTION('',(0.,-1.,2.22044604925E-16));
#388 = PCURVE('',#389,#394);
#389 = TOROIDAL_SURFACE('',#390,36.5,1.);
#390 = AXIS2_PLACEMENT_3D('',#391,#392,#393);
#391 = CARTESIAN_POINT('',(-12.,-5.00000005843E-08,1.110223037599E-23));
#392 = DIRECTION('',(1.,0.,0.));
#393 = DIRECTION('',(0.,-1.,2.22044604925E-16));
#394 = DEFINITIONAL_REPRESENTATION('',(#395),#399);
#395 = LINE('',#396,#397);
#396 = CARTESIAN_POINT('',(6.28318530718,4.712388980385));
#397 = VECTOR('',#398,1.);
#398 = DIRECTION('',(-1.,0.));
#399 = ( GEOMETRIC_REPRESENTATION_CONTEXT(2) 
PARAMETRIC_REPRESENTATION_CONTEXT() REPRESENTATION_CONTEXT('2D SPACE',''
  ) );
#400 = PCURVE('',#401,#406);
#401 = PLANE('',#402);
#402 = AXIS2_PLACEMENT_3D('',#403,#404,#405);
#403 = CARTESIAN_POINT('',(-13.,-5.00000005843E-08,1.110223037599E-23));
#404 = DIRECTION('',(1.,0.,0.));
#405 = DIRECTION('',(0.,-1.,2.22044604925E-16));
#406 = DEFINITIONAL_REPRESENTATION('',(#407),#415);
#407 = ( BOUNDED_CURVE() B_SPLINE_CURVE(2,(#408,#409,#410,#411,#412,#413
,#414),.UNSPECIFIED.,.T.,.F.) B_SPLINE_CURVE_WITH_KNOTS((1,2,2,2,2,1),(
    -2.094395102393,0.,2.094395102393,4.188790204786,6.28318530718,
8.377580409573),.UNSPECIFIED.) CURVE() GEOMETRIC_REPRESENTATION_ITEM() 
RATIONAL_B_SPLINE_CURVE((1.,0.5,1.,0.5,1.,0.5,1.)) REPRESENTATION_ITEM(
  '') );
#408 = CARTESIAN_POINT('',(36.5,0.));
#409 = CARTESIAN_POINT('',(36.5,-63.21985447626));
#410 = CARTESIAN_POINT('',(-18.25,-31.60992723813));
#411 = CARTESIAN_POINT('',(-73.,-8.939921633776E-15));
#412 = CARTESIAN_POINT('',(-18.25,31.609927238132));
#413 = CARTESIAN_POINT('',(36.5,63.219854476264));
#414 = CARTESIAN_POINT('',(36.5,0.));
#415 = ( GEOMETRIC_REPRESENTATION_CONTEXT(2) 
PARAMETRIC_REPRESENTATION_CONTEXT() REPRESENTATION_CONTEXT('2D SPACE',''
  ) );
#416 = ORIENTED_EDGE('',*,*,#417,.T.);
#417 = EDGE_CURVE('',#378,#418,#420,.T.);
#418 = VERTEX_POINT('',#419);
#419 = CARTESIAN_POINT('',(-12.,37.49999995,-8.326672673586E-15));
#420 = SURFACE_CURVE('',#421,(#426,#433),.PCURVE_S1.);
#421 = CIRCLE('',#422,1.);
#422 = AXIS2_PLACEMENT_3D('',#423,#424,#425);
#423 = CARTESIAN_POINT('',(-12.,36.49999995,-1.257458888555E-14));
#424 = DIRECTION('',(0.,-3.445092848397E-16,-1.));
#425 = DIRECTION('',(0.,1.,-3.445092848397E-16));
#426 = PCURVE('',#389,#427);
#427 = DEFINITIONAL_REPRESENTATION('',(#428),#432);
#428 = LINE('',#429,#430);
#429 = CARTESIAN_POINT('',(3.14159265359,0.));
#430 = VECTOR('',#431,1.);
#431 = DIRECTION('',(0.,1.));
#432 = ( GEOMETRIC_REPRESENTATION_CONTEXT(2) 
PARAMETRIC_REPRESENTATION_CONTEXT() REPRESENTATION_CONTEXT('2D SPACE',''
  ) );
#433 = PCURVE('',#434,#439);
#434 = TOROIDAL_SURFACE('',#435,36.5,1.);
#435 = AXIS2_PLACEMENT_3D('',#436,#437,#438);
#436 = CARTESIAN_POINT('',(-12.,-5.00000005843E-08,1.110223037599E-23));
#437 = DIRECTION('',(1.,0.,0.));
#438 = DIRECTION('',(0.,-1.,2.22044604925E-16));
#439 = DEFINITIONAL_REPRESENTATION('',(#440),#444);
#440 = LINE('',#441,#442);
#441 = CARTESIAN_POINT('',(3.14159265359,0.));
#442 = VECTOR('',#443,1.);
#443 = DIRECTION('',(0.,1.));
#444 = ( GEOMETRIC_REPRESENTATION_CONTEXT(2) 
PARAMETRIC_REPRESENTATION_CONTEXT() REPRESENTATION_CONTEXT('2D SPACE',''
  ) );
#445 = ORIENTED_EDGE('',*,*,#446,.F.);
#446 = EDGE_CURVE('',#447,#418,#449,.T.);
#447 = VERTEX_POINT('',#448);
#448 = CARTESIAN_POINT('',(-12.,-37.50000005,3.734247198988E-15));
#449 = SURFACE_CURVE('',#450,(#455,#462),.PCURVE_S1.);
#450 = CIRCLE('',#451,37.5);
#451 = AXIS2_PLACEMENT_3D('',#452,#453,#454);
#452 = CARTESIAN_POINT('',(-12.,-5.00000005843E-08,1.110223037599E-23));
#453 = DIRECTION('',(1.,0.,0.));
#454 = DIRECTION('',(0.,-1.,2.22044604925E-16));
#455 = PCURVE('',#389,#456);
#456 = DEFINITIONAL_REPRESENTATION('',(#457),#461);
#457 = LINE('',#458,#459);
#458 = CARTESIAN_POINT('',(0.,6.28318530718));
#459 = VECTOR('',#460,1.);
#460 = DIRECTION('',(1.,0.));
#461 = ( GEOMETRIC_REPRESENTATION_CONTEXT(2) 
PARAMETRIC_REPRESENTATION_CONTEXT() REPRESENTATION_CONTEXT('2D SPACE',''
  ) );
#462 = PCURVE('',#340,#463);
#463 = DEFINITIONAL_REPRESENTATION('',(#464),#468);
#464 = LINE('',#465,#466);
#465 = CARTESIAN_POINT('',(3.14159265359,5.));
#466 = VECTOR('',#467,1.);
#467 = DIRECTION('',(-1.,0.));
#468 = ( GEOMETRIC_REPRESENTATION_CONTEXT(2) 
PARAMETRIC_REPRESENTATION_CONTEXT() REPRESENTATION_CONTEXT('2D SPACE',''
  ) );
#469 = ORIENTED_EDGE('',*,*,#470,.F.);
#470 = EDGE_CURVE('',#380,#447,#471,.T.);
#471 = SURFACE_CURVE('',#472,(#477,#484),.PCURVE_S1.);
#472 = CIRCLE('',#473,1.);
#473 = AXIS2_PLACEMENT_3D('',#474,#475,#476);
#474 = CARTESIAN_POINT('',(-12.,-36.50000005,8.104628090866E-15));
#475 = DIRECTION('',(-0.,2.22044604925E-16,1.));
#476 = DIRECTION('',(0.,-1.,2.22044604925E-16));
#477 = PCURVE('',#389,#478);
#478 = DEFINITIONAL_REPRESENTATION('',(#479),#483);
#479 = LINE('',#480,#481);
#480 = CARTESIAN_POINT('',(0.,0.));
#481 = VECTOR('',#482,1.);
#482 = DIRECTION('',(0.,1.));
#483 = ( GEOMETRIC_REPRESENTATION_CONTEXT(2) 
PARAMETRIC_REPRESENTATION_CONTEXT() REPRESENTATION_CONTEXT('2D SPACE',''
  ) );
#484 = PCURVE('',#434,#485);
#485 = DEFINITIONAL_REPRESENTATION('',(#486),#490);
#486 = LINE('',#487,#488);
#487 = CARTESIAN_POINT('',(6.28318530718,0.));
#488 = VECTOR('',#489,1.);
#489 = DIRECTION('',(0.,1.));
#490 = ( GEOMETRIC_REPRESENTATION_CONTEXT(2) 
PARAMETRIC_REPRESENTATION_CONTEXT() REPRESENTATION_CONTEXT('2D SPACE',''
  ) );
#491 = ADVANCED_FACE('',(#492),#507,.T.);
#492 = FACE_BOUND('',#493,.T.);
#493 = EDGE_LOOP('',(#494,#534,#563,#592));
#494 = ORIENTED_EDGE('',*,*,#495,.F.);
#495 = EDGE_CURVE('',#496,#498,#500,.T.);
#496 = VERTEX_POINT('',#497);
#497 = CARTESIAN_POINT('',(9.,36.49999995,-1.263582122551E-14));
#498 = VERTEX_POINT('',#499);
#499 = CARTESIAN_POINT('',(9.,-36.50000005,8.104628090866E-15));
#500 = SURFACE_CURVE('',#501,(#506,#518),.PCURVE_S1.);
#501 = CIRCLE('',#502,36.5);
#502 = AXIS2_PLACEMENT_3D('',#503,#504,#505);
#503 = CARTESIAN_POINT('',(9.,-5.00000005843E-08,1.110223037599E-23));
#504 = DIRECTION('',(-1.,0.,0.));
#505 = DIRECTION('',(0.,-1.,2.22044604925E-16));
#506 = PCURVE('',#507,#512);
#507 = TOROIDAL_SURFACE('',#508,36.5,1.);
#508 = AXIS2_PLACEMENT_3D('',#509,#510,#511);
#509 = CARTESIAN_POINT('',(10.,-5.00000005843E-08,1.110223037599E-23));
#510 = DIRECTION('',(1.,0.,0.));
#511 = DIRECTION('',(0.,-1.,2.22044604925E-16));
#512 = DEFINITIONAL_REPRESENTATION('',(#513),#517);
#513 = LINE('',#514,#515);
#514 = CARTESIAN_POINT('',(6.28318530718,4.712388980385));
#515 = VECTOR('',#516,1.);
#516 = DIRECTION('',(-1.,0.));
#517 = ( GEOMETRIC_REPRESENTATION_CONTEXT(2) 
PARAMETRIC_REPRESENTATION_CONTEXT() REPRESENTATION_CONTEXT('2D SPACE',''
  ) );
#518 = PCURVE('',#519,#524);
#519 = PLANE('',#520);
#520 = AXIS2_PLACEMENT_3D('',#521,#522,#523);
#521 = CARTESIAN_POINT('',(9.,-5.00000005843E-08,1.110223037599E-23));
#522 = DIRECTION('',(1.,0.,0.));
#523 = DIRECTION('',(0.,1.,-2.22044604925E-16));
#524 = DEFINITIONAL_REPRESENTATION('',(#525),#533);
#525 = ( BOUNDED_CURVE() B_SPLINE_CURVE(2,(#526,#527,#528,#529,#530,#531
,#532),.UNSPECIFIED.,.T.,.F.) B_SPLINE_CURVE_WITH_KNOTS((1,2,2,2,2,1),(
    -2.094395102393,0.,2.094395102393,4.188790204786,6.28318530718,
8.377580409573),.UNSPECIFIED.) CURVE() GEOMETRIC_REPRESENTATION_ITEM() 
RATIONAL_B_SPLINE_CURVE((1.,0.5,1.,0.5,1.,0.5,1.)) REPRESENTATION_ITEM(
  '') );
#526 = CARTESIAN_POINT('',(-36.5,0.));
#527 = CARTESIAN_POINT('',(-36.5,63.219854476264));
#528 = CARTESIAN_POINT('',(18.25,31.609927238132));
#529 = CARTESIAN_POINT('',(73.,8.939921633776E-15));
#530 = CARTESIAN_POINT('',(18.25,-31.60992723813));
#531 = CARTESIAN_POINT('',(-36.5,-63.21985447626));
#532 = CARTESIAN_POINT('',(-36.5,0.));
#533 = ( GEOMETRIC_REPRESENTATION_CONTEXT(2) 
PARAMETRIC_REPRESENTATION_CONTEXT() REPRESENTATION_CONTEXT('2D SPACE',''
  ) );
#534 = ORIENTED_EDGE('',*,*,#535,.T.);
#535 = EDGE_CURVE('',#496,#536,#538,.T.);
#536 = VERTEX_POINT('',#537);
#537 = CARTESIAN_POINT('',(10.,37.49999995,-1.291909817039E-14));
#538 = SURFACE_CURVE('',#539,(#544,#551),.PCURVE_S1.);
#539 = CIRCLE('',#540,1.);
#540 = AXIS2_PLACEMENT_3D('',#541,#542,#543);
#541 = CARTESIAN_POINT('',(10.,36.49999995,-1.257458888555E-14));
#542 = DIRECTION('',(0.,-3.445092848397E-16,-1.));
#543 = DIRECTION('',(0.,1.,-3.445092848397E-16));
#544 = PCURVE('',#507,#545);
#545 = DEFINITIONAL_REPRESENTATION('',(#546),#550);
#546 = LINE('',#547,#548);
#547 = CARTESIAN_POINT('',(3.14159265359,0.));
#548 = VECTOR('',#549,1.);
#549 = DIRECTION('',(0.,1.));
#550 = ( GEOMETRIC_REPRESENTATION_CONTEXT(2) 
PARAMETRIC_REPRESENTATION_CONTEXT() REPRESENTATION_CONTEXT('2D SPACE',''
  ) );
#551 = PCURVE('',#552,#557);
#552 = TOROIDAL_SURFACE('',#553,36.5,1.);
#553 = AXIS2_PLACEMENT_3D('',#554,#555,#556);
#554 = CARTESIAN_POINT('',(10.,-5.00000005843E-08,1.110223037599E-23));
#555 = DIRECTION('',(1.,0.,0.));
#556 = DIRECTION('',(0.,-1.,2.22044604925E-16));
#557 = DEFINITIONAL_REPRESENTATION('',(#558),#562);
#558 = LINE('',#559,#560);
#559 = CARTESIAN_POINT('',(3.14159265359,0.));
#560 = VECTOR('',#561,1.);
#561 = DIRECTION('',(0.,1.));
#562 = ( GEOMETRIC_REPRESENTATION_CONTEXT(2) 
PARAMETRIC_REPRESENTATION_CONTEXT() REPRESENTATION_CONTEXT('2D SPACE',''
  ) );
#563 = ORIENTED_EDGE('',*,*,#564,.F.);
#564 = EDGE_CURVE('',#565,#536,#567,.T.);
#565 = VERTEX_POINT('',#566);
#566 = CARTESIAN_POINT('',(10.,-37.50000005,8.326672695791E-15));
#567 = SURFACE_CURVE('',#568,(#573,#580),.PCURVE_S1.);
#568 = CIRCLE('',#569,37.5);
#569 = AXIS2_PLACEMENT_3D('',#570,#571,#572);
#570 = CARTESIAN_POINT('',(10.,-5.00000005843E-08,1.110223037599E-23));
#571 = DIRECTION('',(1.,0.,0.));
#572 = DIRECTION('',(0.,-1.,2.22044604925E-16));
#573 = PCURVE('',#507,#574);
#574 = DEFINITIONAL_REPRESENTATION('',(#575),#579);
#575 = LINE('',#576,#577);
#576 = CARTESIAN_POINT('',(0.,6.28318530718));
#577 = VECTOR('',#578,1.);
#578 = DIRECTION('',(1.,0.));
#579 = ( GEOMETRIC_REPRESENTATION_CONTEXT(2) 
PARAMETRIC_REPRESENTATION_CONTEXT() REPRESENTATION_CONTEXT('2D SPACE',''
  ) );
#580 = PCURVE('',#581,#586);
#581 = CYLINDRICAL_SURFACE('',#582,37.5);
#582 = AXIS2_PLACEMENT_3D('',#583,#584,#585);
#583 = CARTESIAN_POINT('',(9.,-5.00000005843E-08,1.110223037599E-23));
#584 = DIRECTION('',(1.,0.,0.));
#585 = DIRECTION('',(0.,-1.,2.22044604925E-16));
#586 = DEFINITIONAL_REPRESENTATION('',(#587),#591);
#587 = LINE('',#588,#589);
#588 = CARTESIAN_POINT('',(0.,1.));
#589 = VECTOR('',#590,1.);
#590 = DIRECTION('',(1.,0.));
#591 = ( GEOMETRIC_REPRESENTATION_CONTEXT(2) 
PARAMETRIC_REPRESENTATION_CONTEXT() REPRESENTATION_CONTEXT('2D SPACE',''
  ) );
#592 = ORIENTED_EDGE('',*,*,#593,.F.);
#593 = EDGE_CURVE('',#498,#565,#594,.T.);
#594 = SURFACE_CURVE('',#595,(#600,#607),.PCURVE_S1.);
#595 = CIRCLE('',#596,1.);
#596 = AXIS2_PLACEMENT_3D('',#597,#598,#599);
#597 = CARTESIAN_POINT('',(10.,-36.50000005,8.104628090866E-15));
#598 = DIRECTION('',(-0.,2.22044604925E-16,1.));
#599 = DIRECTION('',(0.,-1.,2.22044604925E-16));
#600 = PCURVE('',#507,#601);
#601 = DEFINITIONAL_REPRESENTATION('',(#602),#606);
#602 = LINE('',#603,#604);
#603 = CARTESIAN_POINT('',(0.,0.));
#604 = VECTOR('',#605,1.);
#605 = DIRECTION('',(0.,1.));
#606 = ( GEOMETRIC_REPRESENTATION_CONTEXT(2) 
PARAMETRIC_REPRESENTATION_CONTEXT() REPRESENTATION_CONTEXT('2D SPACE',''
  ) );
#607 = PCURVE('',#552,#608);
#608 = DEFINITIONAL_REPRESENTATION('',(#609),#613);
#609 = LINE('',#610,#611);
#610 = CARTESIAN_POINT('',(6.28318530718,0.));
#611 = VECTOR('',#612,1.);
#612 = DIRECTION('',(0.,1.));
#613 = ( GEOMETRIC_REPRESENTATION_CONTEXT(2) 
PARAMETRIC_REPRESENTATION_CONTEXT() REPRESENTATION_CONTEXT('2D SPACE',''
  ) );
#614 = ADVANCED_FACE('',(#615),#630,.T.);
#615 = FACE_BOUND('',#616,.T.);
#616 = EDGE_LOOP('',(#617,#652,#681,#705));
#617 = ORIENTED_EDGE('',*,*,#618,.F.);
#618 = EDGE_CURVE('',#619,#621,#623,.T.);
#619 = VERTEX_POINT('',#620);
#620 = CARTESIAN_POINT('',(15.,-36.50000005,3.573434934021E-15));
#621 = VERTEX_POINT('',#622);
#622 = CARTESIAN_POINT('',(15.,36.49999995,-8.104628068661E-15));
#623 = SURFACE_CURVE('',#624,(#629,#641),.PCURVE_S1.);
#624 = CIRCLE('',#625,36.5);
#625 = AXIS2_PLACEMENT_3D('',#626,#627,#628);
#626 = CARTESIAN_POINT('',(15.,-5.00000005843E-08,1.110223037599E-23));
#627 = DIRECTION('',(1.,-0.,0.));
#628 = DIRECTION('',(0.,1.,-2.22044604925E-16));
#629 = PCURVE('',#630,#635);
#630 = TOROIDAL_SURFACE('',#631,36.5,1.);
#631 = AXIS2_PLACEMENT_3D('',#632,#633,#634);
#632 = CARTESIAN_POINT('',(14.,-5.00000005843E-08,1.110223037599E-23));
#633 = DIRECTION('',(-1.,0.,0.));
#634 = DIRECTION('',(0.,1.,-2.22044604925E-16));
#635 = DEFINITIONAL_REPRESENTATION('',(#636),#640);
#636 = LINE('',#637,#638);
#637 = CARTESIAN_POINT('',(6.28318530718,4.712388980385));
#638 = VECTOR('',#639,1.);
#639 = DIRECTION('',(-1.,0.));
#640 = ( GEOMETRIC_REPRESENTATION_CONTEXT(2) 
PARAMETRIC_REPRESENTATION_CONTEXT() REPRESENTATION_CONTEXT('2D SPACE',''
  ) );
#641 = PCURVE('',#194,#642);
#642 = DEFINITIONAL_REPRESENTATION('',(#643),#651);
#643 = ( BOUNDED_CURVE() B_SPLINE_CURVE(2,(#644,#645,#646,#647,#648,#649
,#650),.UNSPECIFIED.,.T.,.F.) B_SPLINE_CURVE_WITH_KNOTS((1,2,2,2,2,1),(
    -2.094395102393,0.,2.094395102393,4.188790204786,6.28318530718,
8.377580409573),.UNSPECIFIED.) CURVE() GEOMETRIC_REPRESENTATION_ITEM() 
RATIONAL_B_SPLINE_CURVE((1.,0.5,1.,0.5,1.,0.5,1.)) REPRESENTATION_ITEM(
  '') );
#644 = CARTESIAN_POINT('',(36.5,0.));
#645 = CARTESIAN_POINT('',(36.5,-63.21985447626));
#646 = CARTESIAN_POINT('',(-18.25,-31.60992723813));
#647 = CARTESIAN_POINT('',(-73.,-8.939921633776E-15));
#648 = CARTESIAN_POINT('',(-18.25,31.609927238132));
#649 = CARTESIAN_POINT('',(36.5,63.219854476264));
#650 = CARTESIAN_POINT('',(36.5,0.));
#651 = ( GEOMETRIC_REPRESENTATION_CONTEXT(2) 
PARAMETRIC_REPRESENTATION_CONTEXT() REPRESENTATION_CONTEXT('2D SPACE',''
  ) );
#652 = ORIENTED_EDGE('',*,*,#653,.T.);
#653 = EDGE_CURVE('',#619,#654,#656,.T.);
#654 = VERTEX_POINT('',#655);
#655 = CARTESIAN_POINT('',(14.,-37.50000005,8.326672695791E-15));
#656 = SURFACE_CURVE('',#657,(#662,#669),.PCURVE_S1.);
#657 = CIRCLE('',#658,1.);
#658 = AXIS2_PLACEMENT_3D('',#659,#660,#661);
#659 = CARTESIAN_POINT('',(14.,-36.50000005,3.634667273978E-15));
#660 = DIRECTION('',(0.,-9.957992501033E-17,-1.));
#661 = DIRECTION('',(0.,1.,-9.957992501033E-17));
#662 = PCURVE('',#630,#663);
#663 = DEFINITIONAL_REPRESENTATION('',(#664),#668);
#664 = LINE('',#665,#666);
#665 = CARTESIAN_POINT('',(3.14159265359,3.14159265359));
#666 = VECTOR('',#667,1.);
#667 = DIRECTION('',(0.,1.));
#668 = ( GEOMETRIC_REPRESENTATION_CONTEXT(2) 
PARAMETRIC_REPRESENTATION_CONTEXT() REPRESENTATION_CONTEXT('2D SPACE',''
  ) );
#669 = PCURVE('',#670,#675);
#670 = TOROIDAL_SURFACE('',#671,36.5,1.);
#671 = AXIS2_PLACEMENT_3D('',#672,#673,#674);
#672 = CARTESIAN_POINT('',(14.,-5.00000005843E-08,1.110223037599E-23));
#673 = DIRECTION('',(-1.,0.,0.));
#674 = DIRECTION('',(0.,1.,-2.22044604925E-16));
#675 = DEFINITIONAL_REPRESENTATION('',(#676),#680);
#676 = LINE('',#677,#678);
#677 = CARTESIAN_POINT('',(3.14159265359,3.14159265359));
#678 = VECTOR('',#679,1.);
#679 = DIRECTION('',(0.,1.));
#680 = ( GEOMETRIC_REPRESENTATION_CONTEXT(2) 
PARAMETRIC_REPRESENTATION_CONTEXT() REPRESENTATION_CONTEXT('2D SPACE',''
  ) );
#681 = ORIENTED_EDGE('',*,*,#682,.F.);
#682 = EDGE_CURVE('',#683,#654,#685,.T.);
#683 = VERTEX_POINT('',#684);
#684 = CARTESIAN_POINT('',(14.,37.49999995,-1.291909817039E-14));
#685 = SURFACE_CURVE('',#686,(#691,#698),.PCURVE_S1.);
#686 = CIRCLE('',#687,37.5);
#687 = AXIS2_PLACEMENT_3D('',#688,#689,#690);
#688 = CARTESIAN_POINT('',(14.,-5.00000005843E-08,1.110223037599E-23));
#689 = DIRECTION('',(-1.,0.,-0.));
#690 = DIRECTION('',(0.,1.,-2.22044604925E-16));
#691 = PCURVE('',#630,#692);
#692 = DEFINITIONAL_REPRESENTATION('',(#693),#697);
#693 = LINE('',#694,#695);
#694 = CARTESIAN_POINT('',(0.,6.28318530718));
#695 = VECTOR('',#696,1.);
#696 = DIRECTION('',(1.,0.));
#697 = ( GEOMETRIC_REPRESENTATION_CONTEXT(2) 
PARAMETRIC_REPRESENTATION_CONTEXT() REPRESENTATION_CONTEXT('2D SPACE',''
  ) );
#698 = PCURVE('',#581,#699);
#699 = DEFINITIONAL_REPRESENTATION('',(#700),#704);
#700 = LINE('',#701,#702);
#701 = CARTESIAN_POINT('',(3.14159265359,5.));
#702 = VECTOR('',#703,1.);
#703 = DIRECTION('',(-1.,0.));
#704 = ( GEOMETRIC_REPRESENTATION_CONTEXT(2) 
PARAMETRIC_REPRESENTATION_CONTEXT() REPRESENTATION_CONTEXT('2D SPACE',''
  ) );
#705 = ORIENTED_EDGE('',*,*,#706,.F.);
#706 = EDGE_CURVE('',#621,#683,#707,.T.);
#707 = SURFACE_CURVE('',#708,(#713,#720),.PCURVE_S1.);
#708 = CIRCLE('',#709,1.);
#709 = AXIS2_PLACEMENT_3D('',#710,#711,#712);
#710 = CARTESIAN_POINT('',(14.,36.49999995,-8.104628068661E-15));
#711 = DIRECTION('',(-0.,2.22044604925E-16,1.));
#712 = DIRECTION('',(0.,-1.,2.22044604925E-16));
#713 = PCURVE('',#630,#714);
#714 = DEFINITIONAL_REPRESENTATION('',(#715),#719);
#715 = LINE('',#716,#717);
#716 = CARTESIAN_POINT('',(0.,3.14159265359));
#717 = VECTOR('',#718,1.);
#718 = DIRECTION('',(0.,1.));
#719 = ( GEOMETRIC_REPRESENTATION_CONTEXT(2) 
PARAMETRIC_REPRESENTATION_CONTEXT() REPRESENTATION_CONTEXT('2D SPACE',''
  ) );
#720 = PCURVE('',#670,#721);
#721 = DEFINITIONAL_REPRESENTATION('',(#722),#726);
#722 = LINE('',#723,#724);
#723 = CARTESIAN_POINT('',(6.28318530718,3.14159265359));
#724 = VECTOR('',#725,1.);
#725 = DIRECTION('',(0.,1.));
#726 = ( GEOMETRIC_REPRESENTATION_CONTEXT(2) 
PARAMETRIC_REPRESENTATION_CONTEXT() REPRESENTATION_CONTEXT('2D SPACE',''
  ) );
#727 = ADVANCED_FACE('',(#728),#742,.F.);
#728 = FACE_BOUND('',#729,.F.);
#729 = EDGE_LOOP('',(#730,#765,#793,#816));
#730 = ORIENTED_EDGE('',*,*,#731,.T.);
#731 = EDGE_CURVE('',#732,#734,#736,.T.);
#732 = VERTEX_POINT('',#733);
#733 = CARTESIAN_POINT('',(0.,-4.00000005,-21.5));
#734 = VERTEX_POINT('',#735);
#735 = CARTESIAN_POINT('',(15.,-4.00000005,-21.5));
#736 = SURFACE_CURVE('',#737,(#741,#753),.PCURVE_S1.);
#737 = LINE('',#738,#739);
#738 = CARTESIAN_POINT('',(15.,-4.00000005,-21.5));
#739 = VECTOR('',#740,1.);
#740 = DIRECTION('',(1.,0.,0.));
#741 = PCURVE('',#742,#747);
#742 = CYLINDRICAL_SURFACE('',#743,4.);
#743 = AXIS2_PLACEMENT_3D('',#744,#745,#746);
#744 = CARTESIAN_POINT('',(15.,-5.000000535826E-08,-21.5));
#745 = DIRECTION('',(1.,0.,0.));
#746 = DIRECTION('',(0.,-1.,2.22044604925E-16));
#747 = DEFINITIONAL_REPRESENTATION('',(#748),#752);
#748 = LINE('',#749,#750);
#749 = CARTESIAN_POINT('',(6.28318530718,0.));
#750 = VECTOR('',#751,1.);
#751 = DIRECTION('',(0.,1.));
#752 = ( GEOMETRIC_REPRESENTATION_CONTEXT(2) 
PARAMETRIC_REPRESENTATION_CONTEXT() REPRESENTATION_CONTEXT('2D SPACE',''
  ) );
#753 = PCURVE('',#754,#759);
#754 = CYLINDRICAL_SURFACE('',#755,4.);
#755 = AXIS2_PLACEMENT_3D('',#756,#757,#758);
#756 = CARTESIAN_POINT('',(15.,-5.000000535826E-08,-21.5));
#757 = DIRECTION('',(1.,0.,0.));
#758 = DIRECTION('',(0.,-1.,2.22044604925E-16));
#759 = DEFINITIONAL_REPRESENTATION('',(#760),#764);
#760 = LINE('',#761,#762);
#761 = CARTESIAN_POINT('',(0.,0.));
#762 = VECTOR('',#763,1.);
#763 = DIRECTION('',(0.,1.));
#764 = ( GEOMETRIC_REPRESENTATION_CONTEXT(2) 
PARAMETRIC_REPRESENTATION_CONTEXT() REPRESENTATION_CONTEXT('2D SPACE',''
  ) );
#765 = ORIENTED_EDGE('',*,*,#766,.F.);
#766 = EDGE_CURVE('',#767,#734,#769,.T.);
#767 = VERTEX_POINT('',#768);
#768 = CARTESIAN_POINT('',(15.,3.99999995,-21.5));
#769 = SURFACE_CURVE('',#770,(#775,#782),.PCURVE_S1.);
#770 = CIRCLE('',#771,4.);
#771 = AXIS2_PLACEMENT_3D('',#772,#773,#774);
#772 = CARTESIAN_POINT('',(15.,-5.000000535826E-08,-21.5));
#773 = DIRECTION('',(1.,0.,0.));
#774 = DIRECTION('',(0.,-1.,2.22044604925E-16));
#775 = PCURVE('',#742,#776);
#776 = DEFINITIONAL_REPRESENTATION('',(#777),#781);
#777 = LINE('',#778,#779);
#778 = CARTESIAN_POINT('',(0.,0.));
#779 = VECTOR('',#780,1.);
#780 = DIRECTION('',(1.,0.));
#781 = ( GEOMETRIC_REPRESENTATION_CONTEXT(2) 
PARAMETRIC_REPRESENTATION_CONTEXT() REPRESENTATION_CONTEXT('2D SPACE',''
  ) );
#782 = PCURVE('',#194,#783);
#783 = DEFINITIONAL_REPRESENTATION('',(#784),#792);
#784 = ( BOUNDED_CURVE() B_SPLINE_CURVE(2,(#785,#786,#787,#788,#789,#790
,#791),.UNSPECIFIED.,.T.,.F.) B_SPLINE_CURVE_WITH_KNOTS((1,2,2,2,2,1),(
    -2.094395102393,0.,2.094395102393,4.188790204786,6.28318530718,
8.377580409573),.UNSPECIFIED.) CURVE() GEOMETRIC_REPRESENTATION_ITEM() 
RATIONAL_B_SPLINE_CURVE((1.,0.5,1.,0.5,1.,0.5,1.)) REPRESENTATION_ITEM(
  '') );
#785 = CARTESIAN_POINT('',(-4.,21.5));
#786 = CARTESIAN_POINT('',(-4.,28.428203230276));
#787 = CARTESIAN_POINT('',(2.,24.964101615138));
#788 = CARTESIAN_POINT('',(8.,21.5));
#789 = CARTESIAN_POINT('',(2.,18.035898384862));
#790 = CARTESIAN_POINT('',(-4.,14.571796769724));
#791 = CARTESIAN_POINT('',(-4.,21.5));
#792 = ( GEOMETRIC_REPRESENTATION_CONTEXT(2) 
PARAMETRIC_REPRESENTATION_CONTEXT() REPRESENTATION_CONTEXT('2D SPACE',''
  ) );
#793 = ORIENTED_EDGE('',*,*,#794,.F.);
#794 = EDGE_CURVE('',#795,#767,#797,.T.);
#795 = VERTEX_POINT('',#796);
#796 = CARTESIAN_POINT('',(0.,3.99999995,-21.5));
#797 = SURFACE_CURVE('',#798,(#802,#809),.PCURVE_S1.);
#798 = LINE('',#799,#800);
#799 = CARTESIAN_POINT('',(15.,3.99999995,-21.5));
#800 = VECTOR('',#801,1.);
#801 = DIRECTION('',(1.,0.,0.));
#802 = PCURVE('',#742,#803);
#803 = DEFINITIONAL_REPRESENTATION('',(#804),#808);
#804 = LINE('',#805,#806);
#805 = CARTESIAN_POINT('',(3.14159265359,0.));
#806 = VECTOR('',#807,1.);
#807 = DIRECTION('',(0.,1.));
#808 = ( GEOMETRIC_REPRESENTATION_CONTEXT(2) 
PARAMETRIC_REPRESENTATION_CONTEXT() REPRESENTATION_CONTEXT('2D SPACE',''
  ) );
#809 = PCURVE('',#754,#810);
#810 = DEFINITIONAL_REPRESENTATION('',(#811),#815);
#811 = LINE('',#812,#813);
#812 = CARTESIAN_POINT('',(3.14159265359,0.));
#813 = VECTOR('',#814,1.);
#814 = DIRECTION('',(0.,1.));
#815 = ( GEOMETRIC_REPRESENTATION_CONTEXT(2) 
PARAMETRIC_REPRESENTATION_CONTEXT() REPRESENTATION_CONTEXT('2D SPACE',''
  ) );
#816 = ORIENTED_EDGE('',*,*,#817,.T.);
#817 = EDGE_CURVE('',#795,#732,#818,.T.);
#818 = SURFACE_CURVE('',#819,(#824,#831),.PCURVE_S1.);
#819 = CIRCLE('',#820,4.);
#820 = AXIS2_PLACEMENT_3D('',#821,#822,#823);
#821 = CARTESIAN_POINT('',(0.,-5.000000535826E-08,-21.5));
#822 = DIRECTION('',(1.,0.,0.));
#823 = DIRECTION('',(0.,-1.,2.22044604925E-16));
#824 = PCURVE('',#742,#825);
#825 = DEFINITIONAL_REPRESENTATION('',(#826),#830);
#826 = LINE('',#827,#828);
#827 = CARTESIAN_POINT('',(0.,-15.));
#828 = VECTOR('',#829,1.);
#829 = DIRECTION('',(1.,0.));
#830 = ( GEOMETRIC_REPRESENTATION_CONTEXT(2) 
PARAMETRIC_REPRESENTATION_CONTEXT() REPRESENTATION_CONTEXT('2D SPACE',''
  ) );
#831 = PCURVE('',#832,#837);
#832 = PLANE('',#833);
#833 = AXIS2_PLACEMENT_3D('',#834,#835,#836);
#834 = CARTESIAN_POINT('',(0.,-5.000000585786E-08,-23.75));
#835 = DIRECTION('',(-1.,0.,-0.));
#836 = DIRECTION('',(0.,1.,-2.22044604925E-16));
#837 = DEFINITIONAL_REPRESENTATION('',(#838),#846);
#838 = ( BOUNDED_CURVE() B_SPLINE_CURVE(2,(#839,#840,#841,#842,#843,#844
,#845),.UNSPECIFIED.,.T.,.F.) B_SPLINE_CURVE_WITH_KNOTS((1,2,2,2,2,1),(
    -2.094395102393,0.,2.094395102393,4.188790204786,6.28318530718,
8.377580409573),.UNSPECIFIED.) CURVE() GEOMETRIC_REPRESENTATION_ITEM() 
RATIONAL_B_SPLINE_CURVE((1.,0.5,1.,0.5,1.,0.5,1.)) REPRESENTATION_ITEM(
  '') );
#839 = CARTESIAN_POINT('',(-4.,-2.25));
#840 = CARTESIAN_POINT('',(-4.,4.678203230276));
#841 = CARTESIAN_POINT('',(2.,1.214101615138));
#842 = CARTESIAN_POINT('',(8.,-2.25));
#843 = CARTESIAN_POINT('',(2.,-5.714101615138));
#844 = CARTESIAN_POINT('',(-4.,-9.178203230276));
#845 = CARTESIAN_POINT('',(-4.,-2.25));
#846 = ( GEOMETRIC_REPRESENTATION_CONTEXT(2) 
PARAMETRIC_REPRESENTATION_CONTEXT() REPRESENTATION_CONTEXT('2D SPACE',''
  ) );
#847 = ADVANCED_FACE('',(#848),#862,.F.);
#848 = FACE_BOUND('',#849,.F.);
#849 = EDGE_LOOP('',(#850,#885,#913,#936));
#850 = ORIENTED_EDGE('',*,*,#851,.T.);
#851 = EDGE_CURVE('',#852,#854,#856,.T.);
#852 = VERTEX_POINT('',#853);
#853 = CARTESIAN_POINT('',(-15.,-2.25000005,-21.5));
#854 = VERTEX_POINT('',#855);
#855 = CARTESIAN_POINT('',(0.,-2.25000005,-21.5));
#856 = SURFACE_CURVE('',#857,(#861,#873),.PCURVE_S1.);
#857 = LINE('',#858,#859);
#858 = CARTESIAN_POINT('',(15.,-2.25000005,-21.5));
#859 = VECTOR('',#860,1.);
#860 = DIRECTION('',(1.,0.,0.));
#861 = PCURVE('',#862,#867);
#862 = CYLINDRICAL_SURFACE('',#863,2.25);
#863 = AXIS2_PLACEMENT_3D('',#864,#865,#866);
#864 = CARTESIAN_POINT('',(15.,-5.000000535826E-08,-21.5));
#865 = DIRECTION('',(1.,0.,0.));
#866 = DIRECTION('',(0.,-1.,2.22044604925E-16));
#867 = DEFINITIONAL_REPRESENTATION('',(#868),#872);
#868 = LINE('',#869,#870);
#869 = CARTESIAN_POINT('',(6.28318530718,0.));
#870 = VECTOR('',#871,1.);
#871 = DIRECTION('',(0.,1.));
#872 = ( GEOMETRIC_REPRESENTATION_CONTEXT(2) 
PARAMETRIC_REPRESENTATION_CONTEXT() REPRESENTATION_CONTEXT('2D SPACE',''
  ) );
#873 = PCURVE('',#874,#879);
#874 = CYLINDRICAL_SURFACE('',#875,2.25);
#875 = AXIS2_PLACEMENT_3D('',#876,#877,#878);
#876 = CARTESIAN_POINT('',(15.,-5.000000535826E-08,-21.5));
#877 = DIRECTION('',(1.,0.,0.));
#878 = DIRECTION('',(0.,-1.,2.22044604925E-16));
#879 = DEFINITIONAL_REPRESENTATION('',(#880),#884);
#880 = LINE('',#881,#882);
#881 = CARTESIAN_POINT('',(0.,0.));
#882 = VECTOR('',#883,1.);
#883 = DIRECTION('',(0.,1.));
#884 = ( GEOMETRIC_REPRESENTATION_CONTEXT(2) 
PARAMETRIC_REPRESENTATION_CONTEXT() REPRESENTATION_CONTEXT('2D SPACE',''
  ) );
#885 = ORIENTED_EDGE('',*,*,#886,.F.);
#886 = EDGE_CURVE('',#887,#854,#889,.T.);
#887 = VERTEX_POINT('',#888);
#888 = CARTESIAN_POINT('',(0.,2.24999995,-21.5));
#889 = SURFACE_CURVE('',#890,(#895,#902),.PCURVE_S1.);
#890 = CIRCLE('',#891,2.25);
#891 = AXIS2_PLACEMENT_3D('',#892,#893,#894);
#892 = CARTESIAN_POINT('',(0.,-5.000000535826E-08,-21.5));
#893 = DIRECTION('',(1.,0.,0.));
#894 = DIRECTION('',(0.,-1.,2.22044604925E-16));
#895 = PCURVE('',#862,#896);
#896 = DEFINITIONAL_REPRESENTATION('',(#897),#901);
#897 = LINE('',#898,#899);
#898 = CARTESIAN_POINT('',(0.,-15.));
#899 = VECTOR('',#900,1.);
#900 = DIRECTION('',(1.,0.));
#901 = ( GEOMETRIC_REPRESENTATION_CONTEXT(2) 
PARAMETRIC_REPRESENTATION_CONTEXT() REPRESENTATION_CONTEXT('2D SPACE',''
  ) );
#902 = PCURVE('',#832,#903);
#903 = DEFINITIONAL_REPRESENTATION('',(#904),#912);
#904 = ( BOUNDED_CURVE() B_SPLINE_CURVE(2,(#905,#906,#907,#908,#909,#910
,#911),.UNSPECIFIED.,.T.,.F.) B_SPLINE_CURVE_WITH_KNOTS((1,2,2,2,2,1),(
    -2.094395102393,0.,2.094395102393,4.188790204786,6.28318530718,
8.377580409573),.UNSPECIFIED.) CURVE() GEOMETRIC_REPRESENTATION_ITEM() 
RATIONAL_B_SPLINE_CURVE((1.,0.5,1.,0.5,1.,0.5,1.)) REPRESENTATION_ITEM(
  '') );
#905 = CARTESIAN_POINT('',(-2.25,-2.25));
#906 = CARTESIAN_POINT('',(-2.25,1.64711431703));
#907 = CARTESIAN_POINT('',(1.125,-0.301442841485));
#908 = CARTESIAN_POINT('',(4.5,-2.25));
#909 = CARTESIAN_POINT('',(1.125,-4.198557158515));
#910 = CARTESIAN_POINT('',(-2.25,-6.14711431703));
#911 = CARTESIAN_POINT('',(-2.25,-2.25));
#912 = ( GEOMETRIC_REPRESENTATION_CONTEXT(2) 
PARAMETRIC_REPRESENTATION_CONTEXT() REPRESENTATION_CONTEXT('2D SPACE',''
  ) );
#913 = ORIENTED_EDGE('',*,*,#914,.F.);
#914 = EDGE_CURVE('',#915,#887,#917,.T.);
#915 = VERTEX_POINT('',#916);
#916 = CARTESIAN_POINT('',(-15.,2.24999995,-21.5));
#917 = SURFACE_CURVE('',#918,(#922,#929),.PCURVE_S1.);
#918 = LINE('',#919,#920);
#919 = CARTESIAN_POINT('',(15.,2.24999995,-21.5));
#920 = VECTOR('',#921,1.);
#921 = DIRECTION('',(1.,0.,0.));
#922 = PCURVE('',#862,#923);
#923 = DEFINITIONAL_REPRESENTATION('',(#924),#928);
#924 = LINE('',#925,#926);
#925 = CARTESIAN_POINT('',(3.14159265359,0.));
#926 = VECTOR('',#927,1.);
#927 = DIRECTION('',(0.,1.));
#928 = ( GEOMETRIC_REPRESENTATION_CONTEXT(2) 
PARAMETRIC_REPRESENTATION_CONTEXT() REPRESENTATION_CONTEXT('2D SPACE',''
  ) );
#929 = PCURVE('',#874,#930);
#930 = DEFINITIONAL_REPRESENTATION('',(#931),#935);
#931 = LINE('',#932,#933);
#932 = CARTESIAN_POINT('',(3.14159265359,0.));
#933 = VECTOR('',#934,1.);
#934 = DIRECTION('',(0.,1.));
#935 = ( GEOMETRIC_REPRESENTATION_CONTEXT(2) 
PARAMETRIC_REPRESENTATION_CONTEXT() REPRESENTATION_CONTEXT('2D SPACE',''
  ) );
#936 = ORIENTED_EDGE('',*,*,#937,.T.);
#937 = EDGE_CURVE('',#915,#852,#938,.T.);
#938 = SURFACE_CURVE('',#939,(#944,#951),.PCURVE_S1.);
#939 = CIRCLE('',#940,2.25);
#940 = AXIS2_PLACEMENT_3D('',#941,#942,#943);
#941 = CARTESIAN_POINT('',(-15.,-5.000000535826E-08,-21.5));
#942 = DIRECTION('',(1.,0.,0.));
#943 = DIRECTION('',(0.,-1.,2.22044604925E-16));
#944 = PCURVE('',#862,#945);
#945 = DEFINITIONAL_REPRESENTATION('',(#946),#950);
#946 = LINE('',#947,#948);
#947 = CARTESIAN_POINT('',(0.,-30.));
#948 = VECTOR('',#949,1.);
#949 = DIRECTION('',(1.,0.));
#950 = ( GEOMETRIC_REPRESENTATION_CONTEXT(2) 
PARAMETRIC_REPRESENTATION_CONTEXT() REPRESENTATION_CONTEXT('2D SPACE',''
  ) );
#951 = PCURVE('',#73,#952);
#952 = DEFINITIONAL_REPRESENTATION('',(#953),#961);
#953 = ( BOUNDED_CURVE() B_SPLINE_CURVE(2,(#954,#955,#956,#957,#958,#959
,#960),.UNSPECIFIED.,.T.,.F.) B_SPLINE_CURVE_WITH_KNOTS((1,2,2,2,2,1),(
    -2.094395102393,0.,2.094395102393,4.188790204786,6.28318530718,
8.377580409573),.UNSPECIFIED.) CURVE() GEOMETRIC_REPRESENTATION_ITEM() 
RATIONAL_B_SPLINE_CURVE((1.,0.5,1.,0.5,1.,0.5,1.)) REPRESENTATION_ITEM(
  '') );
#954 = CARTESIAN_POINT('',(-2.25,21.5));
#955 = CARTESIAN_POINT('',(-2.25,25.39711431703));
#956 = CARTESIAN_POINT('',(1.125,23.448557158515));
#957 = CARTESIAN_POINT('',(4.5,21.5));
#958 = CARTESIAN_POINT('',(1.125,19.551442841485));
#959 = CARTESIAN_POINT('',(-2.25,17.60288568297));
#960 = CARTESIAN_POINT('',(-2.25,21.5));
#961 = ( GEOMETRIC_REPRESENTATION_CONTEXT(2) 
PARAMETRIC_REPRESENTATION_CONTEXT() REPRESENTATION_CONTEXT('2D SPACE',''
  ) );
#962 = ADVANCED_FACE('',(#963),#977,.F.);
#963 = FACE_BOUND('',#964,.F.);
#964 = EDGE_LOOP('',(#965,#1000,#1028,#1051));
#965 = ORIENTED_EDGE('',*,*,#966,.T.);
#966 = EDGE_CURVE('',#967,#969,#971,.T.);
#967 = VERTEX_POINT('',#968);
#968 = CARTESIAN_POINT('',(0.,17.49999995,-3.885780575086E-15));
#969 = VERTEX_POINT('',#970);
#970 = CARTESIAN_POINT('',(15.,17.49999995,-3.885780575086E-15));
#971 = SURFACE_CURVE('',#972,(#976,#988),.PCURVE_S1.);
#972 = LINE('',#973,#974);
#973 = CARTESIAN_POINT('',(15.,17.49999995,-3.885780575086E-15));
#974 = VECTOR('',#975,1.);
#975 = DIRECTION('',(1.,0.,0.));
#976 = PCURVE('',#977,#982);
#977 = CYLINDRICAL_SURFACE('',#978,4.);
#978 = AXIS2_PLACEMENT_3D('',#979,#980,#981);
#979 = CARTESIAN_POINT('',(15.,21.49999995,-4.773958994786E-15));
#980 = DIRECTION('',(1.,0.,0.));
#981 = DIRECTION('',(0.,-1.,2.22044604925E-16));
#982 = DEFINITIONAL_REPRESENTATION('',(#983),#987);
#983 = LINE('',#984,#985);
#984 = CARTESIAN_POINT('',(6.28318530718,0.));
#985 = VECTOR('',#986,1.);
#986 = DIRECTION('',(0.,1.));
#987 = ( GEOMETRIC_REPRESENTATION_CONTEXT(2) 
PARAMETRIC_REPRESENTATION_CONTEXT() REPRESENTATION_CONTEXT('2D SPACE',''
  ) );
#988 = PCURVE('',#989,#994);
#989 = CYLINDRICAL_SURFACE('',#990,4.);
#990 = AXIS2_PLACEMENT_3D('',#991,#992,#993);
#991 = CARTESIAN_POINT('',(15.,21.49999995,-4.773958994786E-15));
#992 = DIRECTION('',(1.,0.,0.));
#993 = DIRECTION('',(0.,-1.,2.22044604925E-16));
#994 = DEFINITIONAL_REPRESENTATION('',(#995),#999);
#995 = LINE('',#996,#997);
#996 = CARTESIAN_POINT('',(0.,0.));
#997 = VECTOR('',#998,1.);
#998 = DIRECTION('',(0.,1.));
#999 = ( GEOMETRIC_REPRESENTATION_CONTEXT(2) 
PARAMETRIC_REPRESENTATION_CONTEXT() REPRESENTATION_CONTEXT('2D SPACE',''
  ) );
#1000 = ORIENTED_EDGE('',*,*,#1001,.F.);
#1001 = EDGE_CURVE('',#1002,#969,#1004,.T.);
#1002 = VERTEX_POINT('',#1003);
#1003 = CARTESIAN_POINT('',(15.,25.49999995,-6.151996134145E-15));
#1004 = SURFACE_CURVE('',#1005,(#1010,#1017),.PCURVE_S1.);
#1005 = CIRCLE('',#1006,4.);
#1006 = AXIS2_PLACEMENT_3D('',#1007,#1008,#1009);
#1007 = CARTESIAN_POINT('',(15.,21.49999995,-4.773958994786E-15));
#1008 = DIRECTION('',(1.,0.,0.));
#1009 = DIRECTION('',(0.,-1.,2.22044604925E-16));
#1010 = PCURVE('',#977,#1011);
#1011 = DEFINITIONAL_REPRESENTATION('',(#1012),#1016);
#1012 = LINE('',#1013,#1014);
#1013 = CARTESIAN_POINT('',(0.,0.));
#1014 = VECTOR('',#1015,1.);
#1015 = DIRECTION('',(1.,0.));
#1016 = ( GEOMETRIC_REPRESENTATION_CONTEXT(2) 
PARAMETRIC_REPRESENTATION_CONTEXT() REPRESENTATION_CONTEXT('2D SPACE',''
  ) );
#1017 = PCURVE('',#194,#1018);
#1018 = DEFINITIONAL_REPRESENTATION('',(#1019),#1027);
#1019 = ( BOUNDED_CURVE() B_SPLINE_CURVE(2,(#1020,#1021,#1022,#1023,
#1024,#1025,#1026),.UNSPECIFIED.,.T.,.F.) B_SPLINE_CURVE_WITH_KNOTS((1,2
    ,2,2,2,1),(-2.094395102393,0.,2.094395102393,4.188790204786,
6.28318530718,8.377580409573),.UNSPECIFIED.) CURVE() 
GEOMETRIC_REPRESENTATION_ITEM() RATIONAL_B_SPLINE_CURVE((1.,0.5,1.,0.5,
1.,0.5,1.)) REPRESENTATION_ITEM('') );
#1020 = CARTESIAN_POINT('',(17.5,0.));
#1021 = CARTESIAN_POINT('',(17.5,6.928203230276));
#1022 = CARTESIAN_POINT('',(23.5,3.464101615138));
#1023 = CARTESIAN_POINT('',(29.5,9.797174393179E-16));
#1024 = CARTESIAN_POINT('',(23.5,-3.464101615138));
#1025 = CARTESIAN_POINT('',(17.5,-6.928203230276));
#1026 = CARTESIAN_POINT('',(17.5,0.));
#1027 = ( GEOMETRIC_REPRESENTATION_CONTEXT(2) 
PARAMETRIC_REPRESENTATION_CONTEXT() REPRESENTATION_CONTEXT('2D SPACE',''
  ) );
#1028 = ORIENTED_EDGE('',*,*,#1029,.F.);
#1029 = EDGE_CURVE('',#1030,#1002,#1032,.T.);
#1030 = VERTEX_POINT('',#1031);
#1031 = CARTESIAN_POINT('',(0.,25.49999995,-6.151996134145E-15));
#1032 = SURFACE_CURVE('',#1033,(#1037,#1044),.PCURVE_S1.);
#1033 = LINE('',#1034,#1035);
#1034 = CARTESIAN_POINT('',(15.,25.49999995,-6.151996134145E-15));
#1035 = VECTOR('',#1036,1.);
#1036 = DIRECTION('',(1.,0.,0.));
#1037 = PCURVE('',#977,#1038);
#1038 = DEFINITIONAL_REPRESENTATION('',(#1039),#1043);
#1039 = LINE('',#1040,#1041);
#1040 = CARTESIAN_POINT('',(3.14159265359,0.));
#1041 = VECTOR('',#1042,1.);
#1042 = DIRECTION('',(0.,1.));
#1043 = ( GEOMETRIC_REPRESENTATION_CONTEXT(2) 
PARAMETRIC_REPRESENTATION_CONTEXT() REPRESENTATION_CONTEXT('2D SPACE',''
  ) );
#1044 = PCURVE('',#989,#1045);
#1045 = DEFINITIONAL_REPRESENTATION('',(#1046),#1050);
#1046 = LINE('',#1047,#1048);
#1047 = CARTESIAN_POINT('',(3.14159265359,0.));
#1048 = VECTOR('',#1049,1.);
#1049 = DIRECTION('',(0.,1.));
#1050 = ( GEOMETRIC_REPRESENTATION_CONTEXT(2) 
PARAMETRIC_REPRESENTATION_CONTEXT() REPRESENTATION_CONTEXT('2D SPACE',''
  ) );
#1051 = ORIENTED_EDGE('',*,*,#1052,.T.);
#1052 = EDGE_CURVE('',#1030,#967,#1053,.T.);
#1053 = SURFACE_CURVE('',#1054,(#1059,#1066),.PCURVE_S1.);
#1054 = CIRCLE('',#1055,4.);
#1055 = AXIS2_PLACEMENT_3D('',#1056,#1057,#1058);
#1056 = CARTESIAN_POINT('',(0.,21.49999995,-4.773958994786E-15));
#1057 = DIRECTION('',(1.,0.,0.));
#1058 = DIRECTION('',(0.,-1.,2.22044604925E-16));
#1059 = PCURVE('',#977,#1060);
#1060 = DEFINITIONAL_REPRESENTATION('',(#1061),#1065);
#1061 = LINE('',#1062,#1063);
#1062 = CARTESIAN_POINT('',(0.,-15.));
#1063 = VECTOR('',#1064,1.);
#1064 = DIRECTION('',(1.,0.));
#1065 = ( GEOMETRIC_REPRESENTATION_CONTEXT(2) 
PARAMETRIC_REPRESENTATION_CONTEXT() REPRESENTATION_CONTEXT('2D SPACE',''
  ) );
#1066 = PCURVE('',#1067,#1072);
#1067 = PLANE('',#1068);
#1068 = AXIS2_PLACEMENT_3D('',#1069,#1070,#1071);
#1069 = CARTESIAN_POINT('',(0.,21.49999995,-2.25));
#1070 = DIRECTION('',(-1.,0.,-0.));
#1071 = DIRECTION('',(0.,1.,-2.22044604925E-16));
#1072 = DEFINITIONAL_REPRESENTATION('',(#1073),#1081);
#1073 = ( BOUNDED_CURVE() B_SPLINE_CURVE(2,(#1074,#1075,#1076,#1077,
#1078,#1079,#1080),.UNSPECIFIED.,.T.,.F.) B_SPLINE_CURVE_WITH_KNOTS((1,2
    ,2,2,2,1),(-2.094395102393,0.,2.094395102393,4.188790204786,
6.28318530718,8.377580409573),.UNSPECIFIED.) CURVE() 
GEOMETRIC_REPRESENTATION_ITEM() RATIONAL_B_SPLINE_CURVE((1.,0.5,1.,0.5,
1.,0.5,1.)) REPRESENTATION_ITEM('') );
#1074 = CARTESIAN_POINT('',(-4.,-2.25));
#1075 = CARTESIAN_POINT('',(-4.,4.678203230276));
#1076 = CARTESIAN_POINT('',(2.,1.214101615138));
#1077 = CARTESIAN_POINT('',(8.,-2.25));
#1078 = CARTESIAN_POINT('',(2.,-5.714101615138));
#1079 = CARTESIAN_POINT('',(-4.,-9.178203230276));
#1080 = CARTESIAN_POINT('',(-4.,-2.25));
#1081 = ( GEOMETRIC_REPRESENTATION_CONTEXT(2) 
PARAMETRIC_REPRESENTATION_CONTEXT() REPRESENTATION_CONTEXT('2D SPACE',''
  ) );
#1082 = ADVANCED_FACE('',(#1083),#1097,.F.);
#1083 = FACE_BOUND('',#1084,.F.);
#1084 = EDGE_LOOP('',(#1085,#1120,#1148,#1171));
#1085 = ORIENTED_EDGE('',*,*,#1086,.T.);
#1086 = EDGE_CURVE('',#1087,#1089,#1091,.T.);
#1087 = VERTEX_POINT('',#1088);
#1088 = CARTESIAN_POINT('',(-15.,19.24999995,-4.274358633705E-15));
#1089 = VERTEX_POINT('',#1090);
#1090 = CARTESIAN_POINT('',(0.,19.24999995,-4.274358633705E-15));
#1091 = SURFACE_CURVE('',#1092,(#1096,#1108),.PCURVE_S1.);
#1092 = LINE('',#1093,#1094);
#1093 = CARTESIAN_POINT('',(15.,19.24999995,-4.274358633705E-15));
#1094 = VECTOR('',#1095,1.);
#1095 = DIRECTION('',(1.,0.,0.));
#1096 = PCURVE('',#1097,#1102);
#1097 = CYLINDRICAL_SURFACE('',#1098,2.25);
#1098 = AXIS2_PLACEMENT_3D('',#1099,#1100,#1101);
#1099 = CARTESIAN_POINT('',(15.,21.49999995,-4.773958994786E-15));
#1100 = DIRECTION('',(1.,0.,0.));
#1101 = DIRECTION('',(0.,-1.,2.22044604925E-16));
#1102 = DEFINITIONAL_REPRESENTATION('',(#1103),#1107);
#1103 = LINE('',#1104,#1105);
#1104 = CARTESIAN_POINT('',(6.28318530718,0.));
#1105 = VECTOR('',#1106,1.);
#1106 = DIRECTION('',(0.,1.));
#1107 = ( GEOMETRIC_REPRESENTATION_CONTEXT(2) 
PARAMETRIC_REPRESENTATION_CONTEXT() REPRESENTATION_CONTEXT('2D SPACE',''
  ) );
#1108 = PCURVE('',#1109,#1114);
#1109 = CYLINDRICAL_SURFACE('',#1110,2.25);
#1110 = AXIS2_PLACEMENT_3D('',#1111,#1112,#1113);
#1111 = CARTESIAN_POINT('',(15.,21.49999995,-4.773958994786E-15));
#1112 = DIRECTION('',(1.,0.,0.));
#1113 = DIRECTION('',(0.,-1.,2.22044604925E-16));
#1114 = DEFINITIONAL_REPRESENTATION('',(#1115),#1119);
#1115 = LINE('',#1116,#1117);
#1116 = CARTESIAN_POINT('',(0.,0.));
#1117 = VECTOR('',#1118,1.);
#1118 = DIRECTION('',(0.,1.));
#1119 = ( GEOMETRIC_REPRESENTATION_CONTEXT(2) 
PARAMETRIC_REPRESENTATION_CONTEXT() REPRESENTATION_CONTEXT('2D SPACE',''
  ) );
#1120 = ORIENTED_EDGE('',*,*,#1121,.F.);
#1121 = EDGE_CURVE('',#1122,#1089,#1124,.T.);
#1122 = VERTEX_POINT('',#1123);
#1123 = CARTESIAN_POINT('',(0.,23.74999995,-5.549104885675E-15));
#1124 = SURFACE_CURVE('',#1125,(#1130,#1137),.PCURVE_S1.);
#1125 = CIRCLE('',#1126,2.25);
#1126 = AXIS2_PLACEMENT_3D('',#1127,#1128,#1129);
#1127 = CARTESIAN_POINT('',(0.,21.49999995,-4.773958994786E-15));
#1128 = DIRECTION('',(1.,0.,0.));
#1129 = DIRECTION('',(0.,-1.,2.22044604925E-16));
#1130 = PCURVE('',#1097,#1131);
#1131 = DEFINITIONAL_REPRESENTATION('',(#1132),#1136);
#1132 = LINE('',#1133,#1134);
#1133 = CARTESIAN_POINT('',(0.,-15.));
#1134 = VECTOR('',#1135,1.);
#1135 = DIRECTION('',(1.,0.));
#1136 = ( GEOMETRIC_REPRESENTATION_CONTEXT(2) 
PARAMETRIC_REPRESENTATION_CONTEXT() REPRESENTATION_CONTEXT('2D SPACE',''
  ) );
#1137 = PCURVE('',#1067,#1138);
#1138 = DEFINITIONAL_REPRESENTATION('',(#1139),#1147);
#1139 = ( BOUNDED_CURVE() B_SPLINE_CURVE(2,(#1140,#1141,#1142,#1143,
#1144,#1145,#1146),.UNSPECIFIED.,.T.,.F.) B_SPLINE_CURVE_WITH_KNOTS((1,2
    ,2,2,2,1),(-2.094395102393,0.,2.094395102393,4.188790204786,
6.28318530718,8.377580409573),.UNSPECIFIED.) CURVE() 
GEOMETRIC_REPRESENTATION_ITEM() RATIONAL_B_SPLINE_CURVE((1.,0.5,1.,0.5,
1.,0.5,1.)) REPRESENTATION_ITEM('') );
#1140 = CARTESIAN_POINT('',(-2.25,-2.25));
#1141 = CARTESIAN_POINT('',(-2.25,1.64711431703));
#1142 = CARTESIAN_POINT('',(1.125,-0.301442841485));
#1143 = CARTESIAN_POINT('',(4.5,-2.25));
#1144 = CARTESIAN_POINT('',(1.125,-4.198557158515));
#1145 = CARTESIAN_POINT('',(-2.25,-6.14711431703));
#1146 = CARTESIAN_POINT('',(-2.25,-2.25));
#1147 = ( GEOMETRIC_REPRESENTATION_CONTEXT(2) 
PARAMETRIC_REPRESENTATION_CONTEXT() REPRESENTATION_CONTEXT('2D SPACE',''
  ) );
#1148 = ORIENTED_EDGE('',*,*,#1149,.F.);
#1149 = EDGE_CURVE('',#1150,#1122,#1152,.T.);
#1150 = VERTEX_POINT('',#1151);
#1151 = CARTESIAN_POINT('',(-15.,23.74999995,-5.549104885675E-15));
#1152 = SURFACE_CURVE('',#1153,(#1157,#1164),.PCURVE_S1.);
#1153 = LINE('',#1154,#1155);
#1154 = CARTESIAN_POINT('',(15.,23.74999995,-5.549104885675E-15));
#1155 = VECTOR('',#1156,1.);
#1156 = DIRECTION('',(1.,0.,0.));
#1157 = PCURVE('',#1097,#1158);
#1158 = DEFINITIONAL_REPRESENTATION('',(#1159),#1163);
#1159 = LINE('',#1160,#1161);
#1160 = CARTESIAN_POINT('',(3.14159265359,0.));
#1161 = VECTOR('',#1162,1.);
#1162 = DIRECTION('',(0.,1.));
#1163 = ( GEOMETRIC_REPRESENTATION_CONTEXT(2) 
PARAMETRIC_REPRESENTATION_CONTEXT() REPRESENTATION_CONTEXT('2D SPACE',''
  ) );
#1164 = PCURVE('',#1109,#1165);
#1165 = DEFINITIONAL_REPRESENTATION('',(#1166),#1170);
#1166 = LINE('',#1167,#1168);
#1167 = CARTESIAN_POINT('',(3.14159265359,0.));
#1168 = VECTOR('',#1169,1.);
#1169 = DIRECTION('',(0.,1.));
#1170 = ( GEOMETRIC_REPRESENTATION_CONTEXT(2) 
PARAMETRIC_REPRESENTATION_CONTEXT() REPRESENTATION_CONTEXT('2D SPACE',''
  ) );
#1171 = ORIENTED_EDGE('',*,*,#1172,.T.);
#1172 = EDGE_CURVE('',#1150,#1087,#1173,.T.);
#1173 = SURFACE_CURVE('',#1174,(#1179,#1186),.PCURVE_S1.);
#1174 = CIRCLE('',#1175,2.25);
#1175 = AXIS2_PLACEMENT_3D('',#1176,#1177,#1178);
#1176 = CARTESIAN_POINT('',(-15.,21.49999995,-4.773958994786E-15));
#1177 = DIRECTION('',(1.,0.,0.));
#1178 = DIRECTION('',(0.,-1.,2.22044604925E-16));
#1179 = PCURVE('',#1097,#1180);
#1180 = DEFINITIONAL_REPRESENTATION('',(#1181),#1185);
#1181 = LINE('',#1182,#1183);
#1182 = CARTESIAN_POINT('',(0.,-30.));
#1183 = VECTOR('',#1184,1.);
#1184 = DIRECTION('',(1.,0.));
#1185 = ( GEOMETRIC_REPRESENTATION_CONTEXT(2) 
PARAMETRIC_REPRESENTATION_CONTEXT() REPRESENTATION_CONTEXT('2D SPACE',''
  ) );
#1186 = PCURVE('',#73,#1187);
#1187 = DEFINITIONAL_REPRESENTATION('',(#1188),#1196);
#1188 = ( BOUNDED_CURVE() B_SPLINE_CURVE(2,(#1189,#1190,#1191,#1192,
#1193,#1194,#1195),.UNSPECIFIED.,.T.,.F.) B_SPLINE_CURVE_WITH_KNOTS((1,2
    ,2,2,2,1),(-2.094395102393,0.,2.094395102393,4.188790204786,
6.28318530718,8.377580409573),.UNSPECIFIED.) CURVE() 
GEOMETRIC_REPRESENTATION_ITEM() RATIONAL_B_SPLINE_CURVE((1.,0.5,1.,0.5,
1.,0.5,1.)) REPRESENTATION_ITEM('') );
#1189 = CARTESIAN_POINT('',(19.25,0.));
#1190 = CARTESIAN_POINT('',(19.25,3.89711431703));
#1191 = CARTESIAN_POINT('',(22.625,1.948557158515));
#1192 = CARTESIAN_POINT('',(26.,5.510910596163E-16));
#1193 = CARTESIAN_POINT('',(22.625,-1.948557158515));
#1194 = CARTESIAN_POINT('',(19.25,-3.89711431703));
#1195 = CARTESIAN_POINT('',(19.25,0.));
#1196 = ( GEOMETRIC_REPRESENTATION_CONTEXT(2) 
PARAMETRIC_REPRESENTATION_CONTEXT() REPRESENTATION_CONTEXT('2D SPACE',''
  ) );
#1197 = ADVANCED_FACE('',(#1198),#1212,.F.);
#1198 = FACE_BOUND('',#1199,.F.);
#1199 = EDGE_LOOP('',(#1200,#1235,#1263,#1286));
#1200 = ORIENTED_EDGE('',*,*,#1201,.T.);
#1201 = EDGE_CURVE('',#1202,#1204,#1206,.T.);
#1202 = VERTEX_POINT('',#1203);
#1203 = CARTESIAN_POINT('',(0.,-4.00000005,21.5));
#1204 = VERTEX_POINT('',#1205);
#1205 = CARTESIAN_POINT('',(15.,-4.00000005,21.5));
#1206 = SURFACE_CURVE('',#1207,(#1211,#1223),.PCURVE_S1.);
#1207 = LINE('',#1208,#1209);
#1208 = CARTESIAN_POINT('',(15.,-4.00000005,21.5));
#1209 = VECTOR('',#1210,1.);
#1210 = DIRECTION('',(1.,0.,0.));
#1211 = PCURVE('',#1212,#1217);
#1212 = CYLINDRICAL_SURFACE('',#1213,4.);
#1213 = AXIS2_PLACEMENT_3D('',#1214,#1215,#1216);
#1214 = CARTESIAN_POINT('',(15.,-4.999999581035E-08,21.5));
#1215 = DIRECTION('',(1.,0.,0.));
#1216 = DIRECTION('',(0.,-1.,2.22044604925E-16));
#1217 = DEFINITIONAL_REPRESENTATION('',(#1218),#1222);
#1218 = LINE('',#1219,#1220);
#1219 = CARTESIAN_POINT('',(6.28318530718,0.));
#1220 = VECTOR('',#1221,1.);
#1221 = DIRECTION('',(0.,1.));
#1222 = ( GEOMETRIC_REPRESENTATION_CONTEXT(2) 
PARAMETRIC_REPRESENTATION_CONTEXT() REPRESENTATION_CONTEXT('2D SPACE',''
  ) );
#1223 = PCURVE('',#1224,#1229);
#1224 = CYLINDRICAL_SURFACE('',#1225,4.);
#1225 = AXIS2_PLACEMENT_3D('',#1226,#1227,#1228);
#1226 = CARTESIAN_POINT('',(15.,-4.999999581035E-08,21.5));
#1227 = DIRECTION('',(1.,0.,0.));
#1228 = DIRECTION('',(0.,-1.,2.22044604925E-16));
#1229 = DEFINITIONAL_REPRESENTATION('',(#1230),#1234);
#1230 = LINE('',#1231,#1232);
#1231 = CARTESIAN_POINT('',(0.,0.));
#1232 = VECTOR('',#1233,1.);
#1233 = DIRECTION('',(0.,1.));
#1234 = ( GEOMETRIC_REPRESENTATION_CONTEXT(2) 
PARAMETRIC_REPRESENTATION_CONTEXT() REPRESENTATION_CONTEXT('2D SPACE',''
  ) );
#1235 = ORIENTED_EDGE('',*,*,#1236,.F.);
#1236 = EDGE_CURVE('',#1237,#1204,#1239,.T.);
#1237 = VERTEX_POINT('',#1238);
#1238 = CARTESIAN_POINT('',(15.,3.99999995,21.5));
#1239 = SURFACE_CURVE('',#1240,(#1245,#1252),.PCURVE_S1.);
#1240 = CIRCLE('',#1241,4.);
#1241 = AXIS2_PLACEMENT_3D('',#1242,#1243,#1244);
#1242 = CARTESIAN_POINT('',(15.,-4.999999581035E-08,21.5));
#1243 = DIRECTION('',(1.,0.,0.));
#1244 = DIRECTION('',(0.,-1.,2.22044604925E-16));
#1245 = PCURVE('',#1212,#1246);
#1246 = DEFINITIONAL_REPRESENTATION('',(#1247),#1251);
#1247 = LINE('',#1248,#1249);
#1248 = CARTESIAN_POINT('',(0.,0.));
#1249 = VECTOR('',#1250,1.);
#1250 = DIRECTION('',(1.,0.));
#1251 = ( GEOMETRIC_REPRESENTATION_CONTEXT(2) 
PARAMETRIC_REPRESENTATION_CONTEXT() REPRESENTATION_CONTEXT('2D SPACE',''
  ) );
#1252 = PCURVE('',#194,#1253);
#1253 = DEFINITIONAL_REPRESENTATION('',(#1254),#1262);
#1254 = ( BOUNDED_CURVE() B_SPLINE_CURVE(2,(#1255,#1256,#1257,#1258,
#1259,#1260,#1261),.UNSPECIFIED.,.T.,.F.) B_SPLINE_CURVE_WITH_KNOTS((1,2
    ,2,2,2,1),(-2.094395102393,0.,2.094395102393,4.188790204786,
6.28318530718,8.377580409573),.UNSPECIFIED.) CURVE() 
GEOMETRIC_REPRESENTATION_ITEM() RATIONAL_B_SPLINE_CURVE((1.,0.5,1.,0.5,
1.,0.5,1.)) REPRESENTATION_ITEM('') );
#1255 = CARTESIAN_POINT('',(-4.,-21.5));
#1256 = CARTESIAN_POINT('',(-4.,-14.57179676972));
#1257 = CARTESIAN_POINT('',(2.,-18.03589838486));
#1258 = CARTESIAN_POINT('',(8.,-21.5));
#1259 = CARTESIAN_POINT('',(2.,-24.96410161513));
#1260 = CARTESIAN_POINT('',(-4.,-28.42820323027));
#1261 = CARTESIAN_POINT('',(-4.,-21.5));
#1262 = ( GEOMETRIC_REPRESENTATION_CONTEXT(2) 
PARAMETRIC_REPRESENTATION_CONTEXT() REPRESENTATION_CONTEXT('2D SPACE',''
  ) );
#1263 = ORIENTED_EDGE('',*,*,#1264,.F.);
#1264 = EDGE_CURVE('',#1265,#1237,#1267,.T.);
#1265 = VERTEX_POINT('',#1266);
#1266 = CARTESIAN_POINT('',(0.,3.99999995,21.5));
#1267 = SURFACE_CURVE('',#1268,(#1272,#1279),.PCURVE_S1.);
#1268 = LINE('',#1269,#1270);
#1269 = CARTESIAN_POINT('',(15.,3.99999995,21.5));
#1270 = VECTOR('',#1271,1.);
#1271 = DIRECTION('',(1.,0.,0.));
#1272 = PCURVE('',#1212,#1273);
#1273 = DEFINITIONAL_REPRESENTATION('',(#1274),#1278);
#1274 = LINE('',#1275,#1276);
#1275 = CARTESIAN_POINT('',(3.14159265359,0.));
#1276 = VECTOR('',#1277,1.);
#1277 = DIRECTION('',(0.,1.));
#1278 = ( GEOMETRIC_REPRESENTATION_CONTEXT(2) 
PARAMETRIC_REPRESENTATION_CONTEXT() REPRESENTATION_CONTEXT('2D SPACE',''
  ) );
#1279 = PCURVE('',#1224,#1280);
#1280 = DEFINITIONAL_REPRESENTATION('',(#1281),#1285);
#1281 = LINE('',#1282,#1283);
#1282 = CARTESIAN_POINT('',(3.14159265359,0.));
#1283 = VECTOR('',#1284,1.);
#1284 = DIRECTION('',(0.,1.));
#1285 = ( GEOMETRIC_REPRESENTATION_CONTEXT(2) 
PARAMETRIC_REPRESENTATION_CONTEXT() REPRESENTATION_CONTEXT('2D SPACE',''
  ) );
#1286 = ORIENTED_EDGE('',*,*,#1287,.T.);
#1287 = EDGE_CURVE('',#1265,#1202,#1288,.T.);
#1288 = SURFACE_CURVE('',#1289,(#1294,#1301),.PCURVE_S1.);
#1289 = CIRCLE('',#1290,4.);
#1290 = AXIS2_PLACEMENT_3D('',#1291,#1292,#1293);
#1291 = CARTESIAN_POINT('',(0.,-4.999999581035E-08,21.5));
#1292 = DIRECTION('',(1.,0.,0.));
#1293 = DIRECTION('',(0.,-1.,2.22044604925E-16));
#1294 = PCURVE('',#1212,#1295);
#1295 = DEFINITIONAL_REPRESENTATION('',(#1296),#1300);
#1296 = LINE('',#1297,#1298);
#1297 = CARTESIAN_POINT('',(0.,-15.));
#1298 = VECTOR('',#1299,1.);
#1299 = DIRECTION('',(1.,0.));
#1300 = ( GEOMETRIC_REPRESENTATION_CONTEXT(2) 
PARAMETRIC_REPRESENTATION_CONTEXT() REPRESENTATION_CONTEXT('2D SPACE',''
  ) );
#1301 = PCURVE('',#1302,#1307);
#1302 = PLANE('',#1303);
#1303 = AXIS2_PLACEMENT_3D('',#1304,#1305,#1306);
#1304 = CARTESIAN_POINT('',(0.,-4.999999630995E-08,19.25));
#1305 = DIRECTION('',(-1.,0.,-0.));
#1306 = DIRECTION('',(0.,1.,-2.22044604925E-16));
#1307 = DEFINITIONAL_REPRESENTATION('',(#1308),#1316);
#1308 = ( BOUNDED_CURVE() B_SPLINE_CURVE(2,(#1309,#1310,#1311,#1312,
#1313,#1314,#1315),.UNSPECIFIED.,.T.,.F.) B_SPLINE_CURVE_WITH_KNOTS((1,2
    ,2,2,2,1),(-2.094395102393,0.,2.094395102393,4.188790204786,
6.28318530718,8.377580409573),.UNSPECIFIED.) CURVE() 
GEOMETRIC_REPRESENTATION_ITEM() RATIONAL_B_SPLINE_CURVE((1.,0.5,1.,0.5,
1.,0.5,1.)) REPRESENTATION_ITEM('') );
#1309 = CARTESIAN_POINT('',(-4.,-2.25));
#1310 = CARTESIAN_POINT('',(-4.,4.678203230276));
#1311 = CARTESIAN_POINT('',(2.,1.214101615138));
#1312 = CARTESIAN_POINT('',(8.,-2.25));
#1313 = CARTESIAN_POINT('',(2.,-5.714101615138));
#1314 = CARTESIAN_POINT('',(-4.,-9.178203230276));
#1315 = CARTESIAN_POINT('',(-4.,-2.25));
#1316 = ( GEOMETRIC_REPRESENTATION_CONTEXT(2) 
PARAMETRIC_REPRESENTATION_CONTEXT() REPRESENTATION_CONTEXT('2D SPACE',''
  ) );
#1317 = ADVANCED_FACE('',(#1318),#1332,.F.);
#1318 = FACE_BOUND('',#1319,.F.);
#1319 = EDGE_LOOP('',(#1320,#1355,#1383,#1406));
#1320 = ORIENTED_EDGE('',*,*,#1321,.T.);
#1321 = EDGE_CURVE('',#1322,#1324,#1326,.T.);
#1322 = VERTEX_POINT('',#1323);
#1323 = CARTESIAN_POINT('',(-15.,-2.25000005,21.5));
#1324 = VERTEX_POINT('',#1325);
#1325 = CARTESIAN_POINT('',(0.,-2.25000005,21.5));
#1326 = SURFACE_CURVE('',#1327,(#1331,#1343),.PCURVE_S1.);
#1327 = LINE('',#1328,#1329);
#1328 = CARTESIAN_POINT('',(15.,-2.25000005,21.5));
#1329 = VECTOR('',#1330,1.);
#1330 = DIRECTION('',(1.,0.,0.));
#1331 = PCURVE('',#1332,#1337);
#1332 = CYLINDRICAL_SURFACE('',#1333,2.25);
#1333 = AXIS2_PLACEMENT_3D('',#1334,#1335,#1336);
#1334 = CARTESIAN_POINT('',(15.,-4.999999581035E-08,21.5));
#1335 = DIRECTION('',(1.,0.,0.));
#1336 = DIRECTION('',(0.,-1.,2.22044604925E-16));
#1337 = DEFINITIONAL_REPRESENTATION('',(#1338),#1342);
#1338 = LINE('',#1339,#1340);
#1339 = CARTESIAN_POINT('',(6.28318530718,0.));
#1340 = VECTOR('',#1341,1.);
#1341 = DIRECTION('',(0.,1.));
#1342 = ( GEOMETRIC_REPRESENTATION_CONTEXT(2) 
PARAMETRIC_REPRESENTATION_CONTEXT() REPRESENTATION_CONTEXT('2D SPACE',''
  ) );
#1343 = PCURVE('',#1344,#1349);
#1344 = CYLINDRICAL_SURFACE('',#1345,2.25);
#1345 = AXIS2_PLACEMENT_3D('',#1346,#1347,#1348);
#1346 = CARTESIAN_POINT('',(15.,-4.999999581035E-08,21.5));
#1347 = DIRECTION('',(1.,0.,0.));
#1348 = DIRECTION('',(0.,-1.,2.22044604925E-16));
#1349 = DEFINITIONAL_REPRESENTATION('',(#1350),#1354);
#1350 = LINE('',#1351,#1352);
#1351 = CARTESIAN_POINT('',(0.,0.));
#1352 = VECTOR('',#1353,1.);
#1353 = DIRECTION('',(0.,1.));
#1354 = ( GEOMETRIC_REPRESENTATION_CONTEXT(2) 
PARAMETRIC_REPRESENTATION_CONTEXT() REPRESENTATION_CONTEXT('2D SPACE',''
  ) );
#1355 = ORIENTED_EDGE('',*,*,#1356,.F.);
#1356 = EDGE_CURVE('',#1357,#1324,#1359,.T.);
#1357 = VERTEX_POINT('',#1358);
#1358 = CARTESIAN_POINT('',(0.,2.24999995,21.5));
#1359 = SURFACE_CURVE('',#1360,(#1365,#1372),.PCURVE_S1.);
#1360 = CIRCLE('',#1361,2.25);
#1361 = AXIS2_PLACEMENT_3D('',#1362,#1363,#1364);
#1362 = CARTESIAN_POINT('',(0.,-4.999999581035E-08,21.5));
#1363 = DIRECTION('',(1.,0.,0.));
#1364 = DIRECTION('',(0.,-1.,2.22044604925E-16));
#1365 = PCURVE('',#1332,#1366);
#1366 = DEFINITIONAL_REPRESENTATION('',(#1367),#1371);
#1367 = LINE('',#1368,#1369);
#1368 = CARTESIAN_POINT('',(0.,-15.));
#1369 = VECTOR('',#1370,1.);
#1370 = DIRECTION('',(1.,0.));
#1371 = ( GEOMETRIC_REPRESENTATION_CONTEXT(2) 
PARAMETRIC_REPRESENTATION_CONTEXT() REPRESENTATION_CONTEXT('2D SPACE',''
  ) );
#1372 = PCURVE('',#1302,#1373);
#1373 = DEFINITIONAL_REPRESENTATION('',(#1374),#1382);
#1374 = ( BOUNDED_CURVE() B_SPLINE_CURVE(2,(#1375,#1376,#1377,#1378,
#1379,#1380,#1381),.UNSPECIFIED.,.T.,.F.) B_SPLINE_CURVE_WITH_KNOTS((1,2
    ,2,2,2,1),(-2.094395102393,0.,2.094395102393,4.188790204786,
6.28318530718,8.377580409573),.UNSPECIFIED.) CURVE() 
GEOMETRIC_REPRESENTATION_ITEM() RATIONAL_B_SPLINE_CURVE((1.,0.5,1.,0.5,
1.,0.5,1.)) REPRESENTATION_ITEM('') );
#1375 = CARTESIAN_POINT('',(-2.25,-2.25));
#1376 = CARTESIAN_POINT('',(-2.25,1.64711431703));
#1377 = CARTESIAN_POINT('',(1.125,-0.301442841485));
#1378 = CARTESIAN_POINT('',(4.5,-2.25));
#1379 = CARTESIAN_POINT('',(1.125,-4.198557158515));
#1380 = CARTESIAN_POINT('',(-2.25,-6.14711431703));
#1381 = CARTESIAN_POINT('',(-2.25,-2.25));
#1382 = ( GEOMETRIC_REPRESENTATION_CONTEXT(2) 
PARAMETRIC_REPRESENTATION_CONTEXT() REPRESENTATION_CONTEXT('2D SPACE',''
  ) );
#1383 = ORIENTED_EDGE('',*,*,#1384,.F.);
#1384 = EDGE_CURVE('',#1385,#1357,#1387,.T.);
#1385 = VERTEX_POINT('',#1386);
#1386 = CARTESIAN_POINT('',(-15.,2.24999995,21.5));
#1387 = SURFACE_CURVE('',#1388,(#1392,#1399),.PCURVE_S1.);
#1388 = LINE('',#1389,#1390);
#1389 = CARTESIAN_POINT('',(15.,2.24999995,21.5));
#1390 = VECTOR('',#1391,1.);
#1391 = DIRECTION('',(1.,0.,0.));
#1392 = PCURVE('',#1332,#1393);
#1393 = DEFINITIONAL_REPRESENTATION('',(#1394),#1398);
#1394 = LINE('',#1395,#1396);
#1395 = CARTESIAN_POINT('',(3.14159265359,0.));
#1396 = VECTOR('',#1397,1.);
#1397 = DIRECTION('',(0.,1.));
#1398 = ( GEOMETRIC_REPRESENTATION_CONTEXT(2) 
PARAMETRIC_REPRESENTATION_CONTEXT() REPRESENTATION_CONTEXT('2D SPACE',''
  ) );
#1399 = PCURVE('',#1344,#1400);
#1400 = DEFINITIONAL_REPRESENTATION('',(#1401),#1405);
#1401 = LINE('',#1402,#1403);
#1402 = CARTESIAN_POINT('',(3.14159265359,0.));
#1403 = VECTOR('',#1404,1.);
#1404 = DIRECTION('',(0.,1.));
#1405 = ( GEOMETRIC_REPRESENTATION_CONTEXT(2) 
PARAMETRIC_REPRESENTATION_CONTEXT() REPRESENTATION_CONTEXT('2D SPACE',''
  ) );
#1406 = ORIENTED_EDGE('',*,*,#1407,.T.);
#1407 = EDGE_CURVE('',#1385,#1322,#1408,.T.);
#1408 = SURFACE_CURVE('',#1409,(#1414,#1421),.PCURVE_S1.);
#1409 = CIRCLE('',#1410,2.25);
#1410 = AXIS2_PLACEMENT_3D('',#1411,#1412,#1413);
#1411 = CARTESIAN_POINT('',(-15.,-4.999999581035E-08,21.5));
#1412 = DIRECTION('',(1.,0.,0.));
#1413 = DIRECTION('',(0.,-1.,2.22044604925E-16));
#1414 = PCURVE('',#1332,#1415);
#1415 = DEFINITIONAL_REPRESENTATION('',(#1416),#1420);
#1416 = LINE('',#1417,#1418);
#1417 = CARTESIAN_POINT('',(0.,-30.));
#1418 = VECTOR('',#1419,1.);
#1419 = DIRECTION('',(1.,0.));
#1420 = ( GEOMETRIC_REPRESENTATION_CONTEXT(2) 
PARAMETRIC_REPRESENTATION_CONTEXT() REPRESENTATION_CONTEXT('2D SPACE',''
  ) );
#1421 = PCURVE('',#73,#1422);
#1422 = DEFINITIONAL_REPRESENTATION('',(#1423),#1431);
#1423 = ( BOUNDED_CURVE() B_SPLINE_CURVE(2,(#1424,#1425,#1426,#1427,
#1428,#1429,#1430),.UNSPECIFIED.,.T.,.F.) B_SPLINE_CURVE_WITH_KNOTS((1,2
    ,2,2,2,1),(-2.094395102393,0.,2.094395102393,4.188790204786,
6.28318530718,8.377580409573),.UNSPECIFIED.) CURVE() 
GEOMETRIC_REPRESENTATION_ITEM() RATIONAL_B_SPLINE_CURVE((1.,0.5,1.,0.5,
1.,0.5,1.)) REPRESENTATION_ITEM('') );
#1424 = CARTESIAN_POINT('',(-2.25,-21.5));
#1425 = CARTESIAN_POINT('',(-2.25,-17.60288568297));
#1426 = CARTESIAN_POINT('',(1.125,-19.55144284148));
#1427 = CARTESIAN_POINT('',(4.5,-21.5));
#1428 = CARTESIAN_POINT('',(1.125,-23.44855715851));
#1429 = CARTESIAN_POINT('',(-2.25,-25.39711431703));
#1430 = CARTESIAN_POINT('',(-2.25,-21.5));
#1431 = ( GEOMETRIC_REPRESENTATION_CONTEXT(2) 
PARAMETRIC_REPRESENTATION_CONTEXT() REPRESENTATION_CONTEXT('2D SPACE',''
  ) );
#1432 = ADVANCED_FACE('',(#1433),#1447,.F.);
#1433 = FACE_BOUND('',#1434,.F.);
#1434 = EDGE_LOOP('',(#1435,#1470,#1498,#1521));
#1435 = ORIENTED_EDGE('',*,*,#1436,.T.);
#1436 = EDGE_CURVE('',#1437,#1439,#1441,.T.);
#1437 = VERTEX_POINT('',#1438);
#1438 = CARTESIAN_POINT('',(0.,-25.50000005,5.662137436691E-15));
#1439 = VERTEX_POINT('',#1440);
#1440 = CARTESIAN_POINT('',(15.,-25.50000005,5.662137436691E-15));
#1441 = SURFACE_CURVE('',#1442,(#1446,#1458),.PCURVE_S1.);
#1442 = LINE('',#1443,#1444);
#1443 = CARTESIAN_POINT('',(15.,-25.50000005,5.662137436691E-15));
#1444 = VECTOR('',#1445,1.);
#1445 = DIRECTION('',(1.,0.,0.));
#1446 = PCURVE('',#1447,#1452);
#1447 = CYLINDRICAL_SURFACE('',#1448,4.);
#1448 = AXIS2_PLACEMENT_3D('',#1449,#1450,#1451);
#1449 = CARTESIAN_POINT('',(15.,-21.50000005,4.77395901699E-15));
#1450 = DIRECTION('',(1.,0.,0.));
#1451 = DIRECTION('',(0.,-1.,2.22044604925E-16));
#1452 = DEFINITIONAL_REPRESENTATION('',(#1453),#1457);
#1453 = LINE('',#1454,#1455);
#1454 = CARTESIAN_POINT('',(6.28318530718,0.));
#1455 = VECTOR('',#1456,1.);
#1456 = DIRECTION('',(0.,1.));
#1457 = ( GEOMETRIC_REPRESENTATION_CONTEXT(2) 
PARAMETRIC_REPRESENTATION_CONTEXT() REPRESENTATION_CONTEXT('2D SPACE',''
  ) );
#1458 = PCURVE('',#1459,#1464);
#1459 = CYLINDRICAL_SURFACE('',#1460,4.);
#1460 = AXIS2_PLACEMENT_3D('',#1461,#1462,#1463);
#1461 = CARTESIAN_POINT('',(15.,-21.50000005,4.77395901699E-15));
#1462 = DIRECTION('',(1.,0.,0.));
#1463 = DIRECTION('',(0.,-1.,2.22044604925E-16));
#1464 = DEFINITIONAL_REPRESENTATION('',(#1465),#1469);
#1465 = LINE('',#1466,#1467);
#1466 = CARTESIAN_POINT('',(0.,0.));
#1467 = VECTOR('',#1468,1.);
#1468 = DIRECTION('',(0.,1.));
#1469 = ( GEOMETRIC_REPRESENTATION_CONTEXT(2) 
PARAMETRIC_REPRESENTATION_CONTEXT() REPRESENTATION_CONTEXT('2D SPACE',''
  ) );
#1470 = ORIENTED_EDGE('',*,*,#1471,.F.);
#1471 = EDGE_CURVE('',#1472,#1439,#1474,.T.);
#1472 = VERTEX_POINT('',#1473);
#1473 = CARTESIAN_POINT('',(15.,-17.50000005,3.395921877631E-15));
#1474 = SURFACE_CURVE('',#1475,(#1480,#1487),.PCURVE_S1.);
#1475 = CIRCLE('',#1476,4.);
#1476 = AXIS2_PLACEMENT_3D('',#1477,#1478,#1479);
#1477 = CARTESIAN_POINT('',(15.,-21.50000005,4.77395901699E-15));
#1478 = DIRECTION('',(1.,0.,0.));
#1479 = DIRECTION('',(0.,-1.,2.22044604925E-16));
#1480 = PCURVE('',#1447,#1481);
#1481 = DEFINITIONAL_REPRESENTATION('',(#1482),#1486);
#1482 = LINE('',#1483,#1484);
#1483 = CARTESIAN_POINT('',(0.,0.));
#1484 = VECTOR('',#1485,1.);
#1485 = DIRECTION('',(1.,0.));
#1486 = ( GEOMETRIC_REPRESENTATION_CONTEXT(2) 
PARAMETRIC_REPRESENTATION_CONTEXT() REPRESENTATION_CONTEXT('2D SPACE',''
  ) );
#1487 = PCURVE('',#194,#1488);
#1488 = DEFINITIONAL_REPRESENTATION('',(#1489),#1497);
#1489 = ( BOUNDED_CURVE() B_SPLINE_CURVE(2,(#1490,#1491,#1492,#1493,
#1494,#1495,#1496),.UNSPECIFIED.,.T.,.F.) B_SPLINE_CURVE_WITH_KNOTS((1,2
    ,2,2,2,1),(-2.094395102393,0.,2.094395102393,4.188790204786,
6.28318530718,8.377580409573),.UNSPECIFIED.) CURVE() 
GEOMETRIC_REPRESENTATION_ITEM() RATIONAL_B_SPLINE_CURVE((1.,0.5,1.,0.5,
1.,0.5,1.)) REPRESENTATION_ITEM('') );
#1490 = CARTESIAN_POINT('',(-25.5,0.));
#1491 = CARTESIAN_POINT('',(-25.5,6.928203230276));
#1492 = CARTESIAN_POINT('',(-19.5,3.464101615138));
#1493 = CARTESIAN_POINT('',(-13.5,9.797174393179E-16));
#1494 = CARTESIAN_POINT('',(-19.5,-3.464101615138));
#1495 = CARTESIAN_POINT('',(-25.5,-6.928203230276));
#1496 = CARTESIAN_POINT('',(-25.5,0.));
#1497 = ( GEOMETRIC_REPRESENTATION_CONTEXT(2) 
PARAMETRIC_REPRESENTATION_CONTEXT() REPRESENTATION_CONTEXT('2D SPACE',''
  ) );
#1498 = ORIENTED_EDGE('',*,*,#1499,.F.);
#1499 = EDGE_CURVE('',#1500,#1472,#1502,.T.);
#1500 = VERTEX_POINT('',#1501);
#1501 = CARTESIAN_POINT('',(0.,-17.50000005,3.395921877631E-15));
#1502 = SURFACE_CURVE('',#1503,(#1507,#1514),.PCURVE_S1.);
#1503 = LINE('',#1504,#1505);
#1504 = CARTESIAN_POINT('',(15.,-17.50000005,3.395921877631E-15));
#1505 = VECTOR('',#1506,1.);
#1506 = DIRECTION('',(1.,0.,0.));
#1507 = PCURVE('',#1447,#1508);
#1508 = DEFINITIONAL_REPRESENTATION('',(#1509),#1513);
#1509 = LINE('',#1510,#1511);
#1510 = CARTESIAN_POINT('',(3.14159265359,0.));
#1511 = VECTOR('',#1512,1.);
#1512 = DIRECTION('',(0.,1.));
#1513 = ( GEOMETRIC_REPRESENTATION_CONTEXT(2) 
PARAMETRIC_REPRESENTATION_CONTEXT() REPRESENTATION_CONTEXT('2D SPACE',''
  ) );
#1514 = PCURVE('',#1459,#1515);
#1515 = DEFINITIONAL_REPRESENTATION('',(#1516),#1520);
#1516 = LINE('',#1517,#1518);
#1517 = CARTESIAN_POINT('',(3.14159265359,0.));
#1518 = VECTOR('',#1519,1.);
#1519 = DIRECTION('',(0.,1.));
#1520 = ( GEOMETRIC_REPRESENTATION_CONTEXT(2) 
PARAMETRIC_REPRESENTATION_CONTEXT() REPRESENTATION_CONTEXT('2D SPACE',''
  ) );
#1521 = ORIENTED_EDGE('',*,*,#1522,.T.);
#1522 = EDGE_CURVE('',#1500,#1437,#1523,.T.);
#1523 = SURFACE_CURVE('',#1524,(#1529,#1536),.PCURVE_S1.);
#1524 = CIRCLE('',#1525,4.);
#1525 = AXIS2_PLACEMENT_3D('',#1526,#1527,#1528);
#1526 = CARTESIAN_POINT('',(0.,-21.50000005,4.77395901699E-15));
#1527 = DIRECTION('',(1.,0.,0.));
#1528 = DIRECTION('',(0.,-1.,2.22044604925E-16));
#1529 = PCURVE('',#1447,#1530);
#1530 = DEFINITIONAL_REPRESENTATION('',(#1531),#1535);
#1531 = LINE('',#1532,#1533);
#1532 = CARTESIAN_POINT('',(0.,-15.));
#1533 = VECTOR('',#1534,1.);
#1534 = DIRECTION('',(1.,0.));
#1535 = ( GEOMETRIC_REPRESENTATION_CONTEXT(2) 
PARAMETRIC_REPRESENTATION_CONTEXT() REPRESENTATION_CONTEXT('2D SPACE',''
  ) );
#1536 = PCURVE('',#1537,#1542);
#1537 = PLANE('',#1538);
#1538 = AXIS2_PLACEMENT_3D('',#1539,#1540,#1541);
#1539 = CARTESIAN_POINT('',(0.,-21.50000005,-2.25));
#1540 = DIRECTION('',(-1.,0.,-0.));
#1541 = DIRECTION('',(0.,1.,-2.22044604925E-16));
#1542 = DEFINITIONAL_REPRESENTATION('',(#1543),#1551);
#1543 = ( BOUNDED_CURVE() B_SPLINE_CURVE(2,(#1544,#1545,#1546,#1547,
#1548,#1549,#1550),.UNSPECIFIED.,.T.,.F.) B_SPLINE_CURVE_WITH_KNOTS((1,2
    ,2,2,2,1),(-2.094395102393,0.,2.094395102393,4.188790204786,
6.28318530718,8.377580409573),.UNSPECIFIED.) CURVE() 
GEOMETRIC_REPRESENTATION_ITEM() RATIONAL_B_SPLINE_CURVE((1.,0.5,1.,0.5,
1.,0.5,1.)) REPRESENTATION_ITEM('') );
#1544 = CARTESIAN_POINT('',(-4.,-2.25));
#1545 = CARTESIAN_POINT('',(-4.,4.678203230276));
#1546 = CARTESIAN_POINT('',(2.,1.214101615138));
#1547 = CARTESIAN_POINT('',(8.,-2.25));
#1548 = CARTESIAN_POINT('',(2.,-5.714101615138));
#1549 = CARTESIAN_POINT('',(-4.,-9.178203230276));
#1550 = CARTESIAN_POINT('',(-4.,-2.25));
#1551 = ( GEOMETRIC_REPRESENTATION_CONTEXT(2) 
PARAMETRIC_REPRESENTATION_CONTEXT() REPRESENTATION_CONTEXT('2D SPACE',''
  ) );
#1552 = ADVANCED_FACE('',(#1553),#1567,.F.);
#1553 = FACE_BOUND('',#1554,.F.);
#1554 = EDGE_LOOP('',(#1555,#1590,#1618,#1641));
#1555 = ORIENTED_EDGE('',*,*,#1556,.T.);
#1556 = EDGE_CURVE('',#1557,#1559,#1561,.T.);
#1557 = VERTEX_POINT('',#1558);
#1558 = CARTESIAN_POINT('',(-15.,-23.75000005,5.273559378072E-15));
#1559 = VERTEX_POINT('',#1560);
#1560 = CARTESIAN_POINT('',(0.,-23.75000005,5.273559378072E-15));
#1561 = SURFACE_CURVE('',#1562,(#1566,#1578),.PCURVE_S1.);
#1562 = LINE('',#1563,#1564);
#1563 = CARTESIAN_POINT('',(15.,-23.75000005,5.273559378072E-15));
#1564 = VECTOR('',#1565,1.);
#1565 = DIRECTION('',(1.,0.,0.));
#1566 = PCURVE('',#1567,#1572);
#1567 = CYLINDRICAL_SURFACE('',#1568,2.25);
#1568 = AXIS2_PLACEMENT_3D('',#1569,#1570,#1571);
#1569 = CARTESIAN_POINT('',(15.,-21.50000005,4.77395901699E-15));
#1570 = DIRECTION('',(1.,0.,0.));
#1571 = DIRECTION('',(0.,-1.,2.22044604925E-16));
#1572 = DEFINITIONAL_REPRESENTATION('',(#1573),#1577);
#1573 = LINE('',#1574,#1575);
#1574 = CARTESIAN_POINT('',(6.28318530718,0.));
#1575 = VECTOR('',#1576,1.);
#1576 = DIRECTION('',(0.,1.));
#1577 = ( GEOMETRIC_REPRESENTATION_CONTEXT(2) 
PARAMETRIC_REPRESENTATION_CONTEXT() REPRESENTATION_CONTEXT('2D SPACE',''
  ) );
#1578 = PCURVE('',#1579,#1584);
#1579 = CYLINDRICAL_SURFACE('',#1580,2.25);
#1580 = AXIS2_PLACEMENT_3D('',#1581,#1582,#1583);
#1581 = CARTESIAN_POINT('',(15.,-21.50000005,4.77395901699E-15));
#1582 = DIRECTION('',(1.,0.,0.));
#1583 = DIRECTION('',(0.,-1.,2.22044604925E-16));
#1584 = DEFINITIONAL_REPRESENTATION('',(#1585),#1589);
#1585 = LINE('',#1586,#1587);
#1586 = CARTESIAN_POINT('',(0.,0.));
#1587 = VECTOR('',#1588,1.);
#1588 = DIRECTION('',(0.,1.));
#1589 = ( GEOMETRIC_REPRESENTATION_CONTEXT(2) 
PARAMETRIC_REPRESENTATION_CONTEXT() REPRESENTATION_CONTEXT('2D SPACE',''
  ) );
#1590 = ORIENTED_EDGE('',*,*,#1591,.F.);
#1591 = EDGE_CURVE('',#1592,#1559,#1594,.T.);
#1592 = VERTEX_POINT('',#1593);
#1593 = CARTESIAN_POINT('',(0.,-19.25000005,3.998813126101E-15));
#1594 = SURFACE_CURVE('',#1595,(#1600,#1607),.PCURVE_S1.);
#1595 = CIRCLE('',#1596,2.25);
#1596 = AXIS2_PLACEMENT_3D('',#1597,#1598,#1599);
#1597 = CARTESIAN_POINT('',(0.,-21.50000005,4.77395901699E-15));
#1598 = DIRECTION('',(1.,0.,0.));
#1599 = DIRECTION('',(0.,-1.,2.22044604925E-16));
#1600 = PCURVE('',#1567,#1601);
#1601 = DEFINITIONAL_REPRESENTATION('',(#1602),#1606);
#1602 = LINE('',#1603,#1604);
#1603 = CARTESIAN_POINT('',(0.,-15.));
#1604 = VECTOR('',#1605,1.);
#1605 = DIRECTION('',(1.,0.));
#1606 = ( GEOMETRIC_REPRESENTATION_CONTEXT(2) 
PARAMETRIC_REPRESENTATION_CONTEXT() REPRESENTATION_CONTEXT('2D SPACE',''
  ) );
#1607 = PCURVE('',#1537,#1608);
#1608 = DEFINITIONAL_REPRESENTATION('',(#1609),#1617);
#1609 = ( BOUNDED_CURVE() B_SPLINE_CURVE(2,(#1610,#1611,#1612,#1613,
#1614,#1615,#1616),.UNSPECIFIED.,.T.,.F.) B_SPLINE_CURVE_WITH_KNOTS((1,2
    ,2,2,2,1),(-2.094395102393,0.,2.094395102393,4.188790204786,
6.28318530718,8.377580409573),.UNSPECIFIED.) CURVE() 
GEOMETRIC_REPRESENTATION_ITEM() RATIONAL_B_SPLINE_CURVE((1.,0.5,1.,0.5,
1.,0.5,1.)) REPRESENTATION_ITEM('') );
#1610 = CARTESIAN_POINT('',(-2.25,-2.25));
#1611 = CARTESIAN_POINT('',(-2.25,1.64711431703));
#1612 = CARTESIAN_POINT('',(1.125,-0.301442841485));
#1613 = CARTESIAN_POINT('',(4.5,-2.25));
#1614 = CARTESIAN_POINT('',(1.125,-4.198557158515));
#1615 = CARTESIAN_POINT('',(-2.25,-6.14711431703));
#1616 = CARTESIAN_POINT('',(-2.25,-2.25));
#1617 = ( GEOMETRIC_REPRESENTATION_CONTEXT(2) 
PARAMETRIC_REPRESENTATION_CONTEXT() REPRESENTATION_CONTEXT('2D SPACE',''
  ) );
#1618 = ORIENTED_EDGE('',*,*,#1619,.F.);
#1619 = EDGE_CURVE('',#1620,#1592,#1622,.T.);
#1620 = VERTEX_POINT('',#1621);
#1621 = CARTESIAN_POINT('',(-15.,-19.25000005,3.998813126101E-15));
#1622 = SURFACE_CURVE('',#1623,(#1627,#1634),.PCURVE_S1.);
#1623 = LINE('',#1624,#1625);
#1624 = CARTESIAN_POINT('',(15.,-19.25000005,3.998813126101E-15));
#1625 = VECTOR('',#1626,1.);
#1626 = DIRECTION('',(1.,0.,0.));
#1627 = PCURVE('',#1567,#1628);
#1628 = DEFINITIONAL_REPRESENTATION('',(#1629),#1633);
#1629 = LINE('',#1630,#1631);
#1630 = CARTESIAN_POINT('',(3.14159265359,0.));
#1631 = VECTOR('',#1632,1.);
#1632 = DIRECTION('',(0.,1.));
#1633 = ( GEOMETRIC_REPRESENTATION_CONTEXT(2) 
PARAMETRIC_REPRESENTATION_CONTEXT() REPRESENTATION_CONTEXT('2D SPACE',''
  ) );
#1634 = PCURVE('',#1579,#1635);
#1635 = DEFINITIONAL_REPRESENTATION('',(#1636),#1640);
#1636 = LINE('',#1637,#1638);
#1637 = CARTESIAN_POINT('',(3.14159265359,0.));
#1638 = VECTOR('',#1639,1.);
#1639 = DIRECTION('',(0.,1.));
#1640 = ( GEOMETRIC_REPRESENTATION_CONTEXT(2) 
PARAMETRIC_REPRESENTATION_CONTEXT() REPRESENTATION_CONTEXT('2D SPACE',''
  ) );
#1641 = ORIENTED_EDGE('',*,*,#1642,.T.);
#1642 = EDGE_CURVE('',#1620,#1557,#1643,.T.);
#1643 = SURFACE_CURVE('',#1644,(#1649,#1656),.PCURVE_S1.);
#1644 = CIRCLE('',#1645,2.25);
#1645 = AXIS2_PLACEMENT_3D('',#1646,#1647,#1648);
#1646 = CARTESIAN_POINT('',(-15.,-21.50000005,4.77395901699E-15));
#1647 = DIRECTION('',(1.,0.,0.));
#1648 = DIRECTION('',(0.,-1.,2.22044604925E-16));
#1649 = PCURVE('',#1567,#1650);
#1650 = DEFINITIONAL_REPRESENTATION('',(#1651),#1655);
#1651 = LINE('',#1652,#1653);
#1652 = CARTESIAN_POINT('',(0.,-30.));
#1653 = VECTOR('',#1654,1.);
#1654 = DIRECTION('',(1.,0.));
#1655 = ( GEOMETRIC_REPRESENTATION_CONTEXT(2) 
PARAMETRIC_REPRESENTATION_CONTEXT() REPRESENTATION_CONTEXT('2D SPACE',''
  ) );
#1656 = PCURVE('',#73,#1657);
#1657 = DEFINITIONAL_REPRESENTATION('',(#1658),#1666);
#1658 = ( BOUNDED_CURVE() B_SPLINE_CURVE(2,(#1659,#1660,#1661,#1662,
#1663,#1664,#1665),.UNSPECIFIED.,.T.,.F.) B_SPLINE_CURVE_WITH_KNOTS((1,2
    ,2,2,2,1),(-2.094395102393,0.,2.094395102393,4.188790204786,
6.28318530718,8.377580409573),.UNSPECIFIED.) CURVE() 
GEOMETRIC_REPRESENTATION_ITEM() RATIONAL_B_SPLINE_CURVE((1.,0.5,1.,0.5,
1.,0.5,1.)) REPRESENTATION_ITEM('') );
#1659 = CARTESIAN_POINT('',(-23.75,0.));
#1660 = CARTESIAN_POINT('',(-23.75,3.89711431703));
#1661 = CARTESIAN_POINT('',(-20.375,1.948557158515));
#1662 = CARTESIAN_POINT('',(-17.,5.510910596163E-16));
#1663 = CARTESIAN_POINT('',(-20.375,-1.948557158515));
#1664 = CARTESIAN_POINT('',(-23.75,-3.89711431703));
#1665 = CARTESIAN_POINT('',(-23.75,0.));
#1666 = ( GEOMETRIC_REPRESENTATION_CONTEXT(2) 
PARAMETRIC_REPRESENTATION_CONTEXT() REPRESENTATION_CONTEXT('2D SPACE',''
  ) );
#1667 = ADVANCED_FACE('',(#1668),#581,.T.);
#1668 = FACE_BOUND('',#1669,.T.);
#1669 = EDGE_LOOP('',(#1670,#1671,#1697,#1698));
#1670 = ORIENTED_EDGE('',*,*,#564,.T.);
#1671 = ORIENTED_EDGE('',*,*,#1672,.T.);
#1672 = EDGE_CURVE('',#536,#683,#1673,.T.);
#1673 = SURFACE_CURVE('',#1674,(#1678,#1685),.PCURVE_S1.);
#1674 = LINE('',#1675,#1676);
#1675 = CARTESIAN_POINT('',(9.,37.49999995,-1.291909817039E-14));
#1676 = VECTOR('',#1677,1.);
#1677 = DIRECTION('',(1.,0.,0.));
#1678 = PCURVE('',#581,#1679);
#1679 = DEFINITIONAL_REPRESENTATION('',(#1680),#1684);
#1680 = LINE('',#1681,#1682);
#1681 = CARTESIAN_POINT('',(3.14159265359,0.));
#1682 = VECTOR('',#1683,1.);
#1683 = DIRECTION('',(0.,1.));
#1684 = ( GEOMETRIC_REPRESENTATION_CONTEXT(2) 
PARAMETRIC_REPRESENTATION_CONTEXT() REPRESENTATION_CONTEXT('2D SPACE',''
  ) );
#1685 = PCURVE('',#1686,#1691);
#1686 = CYLINDRICAL_SURFACE('',#1687,37.5);
#1687 = AXIS2_PLACEMENT_3D('',#1688,#1689,#1690);
#1688 = CARTESIAN_POINT('',(9.,-5.00000005843E-08,1.110223037599E-23));
#1689 = DIRECTION('',(1.,0.,0.));
#1690 = DIRECTION('',(0.,-1.,2.22044604925E-16));
#1691 = DEFINITIONAL_REPRESENTATION('',(#1692),#1696);
#1692 = LINE('',#1693,#1694);
#1693 = CARTESIAN_POINT('',(3.14159265359,0.));
#1694 = VECTOR('',#1695,1.);
#1695 = DIRECTION('',(0.,1.));
#1696 = ( GEOMETRIC_REPRESENTATION_CONTEXT(2) 
PARAMETRIC_REPRESENTATION_CONTEXT() REPRESENTATION_CONTEXT('2D SPACE',''
  ) );
#1697 = ORIENTED_EDGE('',*,*,#682,.T.);
#1698 = ORIENTED_EDGE('',*,*,#1699,.F.);
#1699 = EDGE_CURVE('',#565,#654,#1700,.T.);
#1700 = SURFACE_CURVE('',#1701,(#1705,#1712),.PCURVE_S1.);
#1701 = LINE('',#1702,#1703);
#1702 = CARTESIAN_POINT('',(9.,-37.50000005,8.326672695791E-15));
#1703 = VECTOR('',#1704,1.);
#1704 = DIRECTION('',(1.,0.,0.));
#1705 = PCURVE('',#581,#1706);
#1706 = DEFINITIONAL_REPRESENTATION('',(#1707),#1711);
#1707 = LINE('',#1708,#1709);
#1708 = CARTESIAN_POINT('',(0.,0.));
#1709 = VECTOR('',#1710,1.);
#1710 = DIRECTION('',(0.,1.));
#1711 = ( GEOMETRIC_REPRESENTATION_CONTEXT(2) 
PARAMETRIC_REPRESENTATION_CONTEXT() REPRESENTATION_CONTEXT('2D SPACE',''
  ) );
#1712 = PCURVE('',#1686,#1713);
#1713 = DEFINITIONAL_REPRESENTATION('',(#1714),#1718);
#1714 = LINE('',#1715,#1716);
#1715 = CARTESIAN_POINT('',(6.28318530718,0.));
#1716 = VECTOR('',#1717,1.);
#1717 = DIRECTION('',(0.,1.));
#1718 = ( GEOMETRIC_REPRESENTATION_CONTEXT(2) 
PARAMETRIC_REPRESENTATION_CONTEXT() REPRESENTATION_CONTEXT('2D SPACE',''
  ) );
#1719 = ADVANCED_FACE('',(#1720),#340,.T.);
#1720 = FACE_BOUND('',#1721,.T.);
#1721 = EDGE_LOOP('',(#1722,#1723,#1749,#1750));
#1722 = ORIENTED_EDGE('',*,*,#323,.T.);
#1723 = ORIENTED_EDGE('',*,*,#1724,.T.);
#1724 = EDGE_CURVE('',#295,#447,#1725,.T.);
#1725 = SURFACE_CURVE('',#1726,(#1730,#1737),.PCURVE_S1.);
#1726 = LINE('',#1727,#1728);
#1727 = CARTESIAN_POINT('',(-7.,-37.50000005,3.734247198988E-15));
#1728 = VECTOR('',#1729,1.);
#1729 = DIRECTION('',(-1.,0.,-0.));
#1730 = PCURVE('',#340,#1731);
#1731 = DEFINITIONAL_REPRESENTATION('',(#1732),#1736);
#1732 = LINE('',#1733,#1734);
#1733 = CARTESIAN_POINT('',(3.14159265359,0.));
#1734 = VECTOR('',#1735,1.);
#1735 = DIRECTION('',(0.,1.));
#1736 = ( GEOMETRIC_REPRESENTATION_CONTEXT(2) 
PARAMETRIC_REPRESENTATION_CONTEXT() REPRESENTATION_CONTEXT('2D SPACE',''
  ) );
#1737 = PCURVE('',#1738,#1743);
#1738 = CYLINDRICAL_SURFACE('',#1739,37.5);
#1739 = AXIS2_PLACEMENT_3D('',#1740,#1741,#1742);
#1740 = CARTESIAN_POINT('',(-7.,-5.00000005843E-08,1.110223037599E-23));
#1741 = DIRECTION('',(-1.,0.,-0.));
#1742 = DIRECTION('',(0.,1.,-2.22044604925E-16));
#1743 = DEFINITIONAL_REPRESENTATION('',(#1744),#1748);
#1744 = LINE('',#1745,#1746);
#1745 = CARTESIAN_POINT('',(3.14159265359,0.));
#1746 = VECTOR('',#1747,1.);
#1747 = DIRECTION('',(0.,1.));
#1748 = ( GEOMETRIC_REPRESENTATION_CONTEXT(2) 
PARAMETRIC_REPRESENTATION_CONTEXT() REPRESENTATION_CONTEXT('2D SPACE',''
  ) );
#1749 = ORIENTED_EDGE('',*,*,#446,.T.);
#1750 = ORIENTED_EDGE('',*,*,#1751,.F.);
#1751 = EDGE_CURVE('',#324,#418,#1752,.T.);
#1752 = SURFACE_CURVE('',#1753,(#1757,#1764),.PCURVE_S1.);
#1753 = LINE('',#1754,#1755);
#1754 = CARTESIAN_POINT('',(-7.,37.49999995,-8.326672673586E-15));
#1755 = VECTOR('',#1756,1.);
#1756 = DIRECTION('',(-1.,0.,-0.));
#1757 = PCURVE('',#340,#1758);
#1758 = DEFINITIONAL_REPRESENTATION('',(#1759),#1763);
#1759 = LINE('',#1760,#1761);
#1760 = CARTESIAN_POINT('',(0.,0.));
#1761 = VECTOR('',#1762,1.);
#1762 = DIRECTION('',(0.,1.));
#1763 = ( GEOMETRIC_REPRESENTATION_CONTEXT(2) 
PARAMETRIC_REPRESENTATION_CONTEXT() REPRESENTATION_CONTEXT('2D SPACE',''
  ) );
#1764 = PCURVE('',#1738,#1765);
#1765 = DEFINITIONAL_REPRESENTATION('',(#1766),#1770);
#1766 = LINE('',#1767,#1768);
#1767 = CARTESIAN_POINT('',(6.28318530718,0.));
#1768 = VECTOR('',#1769,1.);
#1769 = DIRECTION('',(0.,1.));
#1770 = ( GEOMETRIC_REPRESENTATION_CONTEXT(2) 
PARAMETRIC_REPRESENTATION_CONTEXT() REPRESENTATION_CONTEXT('2D SPACE',''
  ) );
#1771 = ADVANCED_FACE('',(#1772),#127,.F.);
#1772 = FACE_BOUND('',#1773,.F.);
#1773 = EDGE_LOOP('',(#1774,#1800,#1801,#1822));
#1774 = ORIENTED_EDGE('',*,*,#1775,.T.);
#1775 = EDGE_CURVE('',#90,#143,#1776,.T.);
#1776 = SURFACE_CURVE('',#1777,(#1781,#1788),.PCURVE_S1.);
#1777 = LINE('',#1778,#1779);
#1778 = CARTESIAN_POINT('',(-15.,-15.00000005,3.330669084978E-15));
#1779 = VECTOR('',#1780,1.);
#1780 = DIRECTION('',(1.,0.,0.));
#1781 = PCURVE('',#127,#1782);
#1782 = DEFINITIONAL_REPRESENTATION('',(#1783),#1787);
#1783 = LINE('',#1784,#1785);
#1784 = CARTESIAN_POINT('',(6.28318530718,0.));
#1785 = VECTOR('',#1786,1.);
#1786 = DIRECTION('',(0.,1.));
#1787 = ( GEOMETRIC_REPRESENTATION_CONTEXT(2) 
PARAMETRIC_REPRESENTATION_CONTEXT() REPRESENTATION_CONTEXT('2D SPACE',''
  ) );
#1788 = PCURVE('',#1789,#1794);
#1789 = CYLINDRICAL_SURFACE('',#1790,15.);
#1790 = AXIS2_PLACEMENT_3D('',#1791,#1792,#1793);
#1791 = CARTESIAN_POINT('',(-15.,-5.00000005843E-08,1.110223037599E-23)
  );
#1792 = DIRECTION('',(1.,0.,0.));
#1793 = DIRECTION('',(0.,-1.,2.22044604925E-16));
#1794 = DEFINITIONAL_REPRESENTATION('',(#1795),#1799);
#1795 = LINE('',#1796,#1797);
#1796 = CARTESIAN_POINT('',(0.,0.));
#1797 = VECTOR('',#1798,1.);
#1798 = DIRECTION('',(0.,1.));
#1799 = ( GEOMETRIC_REPRESENTATION_CONTEXT(2) 
PARAMETRIC_REPRESENTATION_CONTEXT() REPRESENTATION_CONTEXT('2D SPACE',''
  ) );
#1800 = ORIENTED_EDGE('',*,*,#229,.F.);
#1801 = ORIENTED_EDGE('',*,*,#1802,.F.);
#1802 = EDGE_CURVE('',#22,#207,#1803,.T.);
#1803 = SURFACE_CURVE('',#1804,(#1808,#1815),.PCURVE_S1.);
#1804 = LINE('',#1805,#1806);
#1805 = CARTESIAN_POINT('',(-15.,14.99999995,-5.167639261494E-15));
#1806 = VECTOR('',#1807,1.);
#1807 = DIRECTION('',(1.,0.,0.));
#1808 = PCURVE('',#127,#1809);
#1809 = DEFINITIONAL_REPRESENTATION('',(#1810),#1814);
#1810 = LINE('',#1811,#1812);
#1811 = CARTESIAN_POINT('',(3.14159265359,0.));
#1812 = VECTOR('',#1813,1.);
#1813 = DIRECTION('',(0.,1.));
#1814 = ( GEOMETRIC_REPRESENTATION_CONTEXT(2) 
PARAMETRIC_REPRESENTATION_CONTEXT() REPRESENTATION_CONTEXT('2D SPACE',''
  ) );
#1815 = PCURVE('',#1789,#1816);
#1816 = DEFINITIONAL_REPRESENTATION('',(#1817),#1821);
#1817 = LINE('',#1818,#1819);
#1818 = CARTESIAN_POINT('',(3.14159265359,0.));
#1819 = VECTOR('',#1820,1.);
#1820 = DIRECTION('',(0.,1.));
#1821 = ( GEOMETRIC_REPRESENTATION_CONTEXT(2) 
PARAMETRIC_REPRESENTATION_CONTEXT() REPRESENTATION_CONTEXT('2D SPACE',''
  ) );
#1822 = ORIENTED_EDGE('',*,*,#112,.F.);
#1823 = ADVANCED_FACE('',(#1824),#1839,.T.);
#1824 = FACE_BOUND('',#1825,.T.);
#1825 = EDGE_LOOP('',(#1826,#1857,#1885,#1913));
#1826 = ORIENTED_EDGE('',*,*,#1827,.F.);
#1827 = EDGE_CURVE('',#1828,#1830,#1832,.T.);
#1828 = VERTEX_POINT('',#1829);
#1829 = CARTESIAN_POINT('',(-15.,24.99999995,-8.612732109892E-15));
#1830 = VERTEX_POINT('',#1831);
#1831 = CARTESIAN_POINT('',(-15.,-25.00000005,5.551115134228E-15));
#1832 = SURFACE_CURVE('',#1833,(#1838,#1850),.PCURVE_S1.);
#1833 = CIRCLE('',#1834,25.);
#1834 = AXIS2_PLACEMENT_3D('',#1835,#1836,#1837);
#1835 = CARTESIAN_POINT('',(-15.,-5.00000005843E-08,1.110223037599E-23)
  );
#1836 = DIRECTION('',(-1.,0.,-0.));
#1837 = DIRECTION('',(0.,1.,-2.22044604925E-16));
#1838 = PCURVE('',#1839,#1844);
#1839 = CYLINDRICAL_SURFACE('',#1840,25.);
#1840 = AXIS2_PLACEMENT_3D('',#1841,#1842,#1843);
#1841 = CARTESIAN_POINT('',(-15.,-5.00000005843E-08,1.110223037599E-23)
  );
#1842 = DIRECTION('',(1.,0.,0.));
#1843 = DIRECTION('',(0.,-1.,2.22044604925E-16));
#1844 = DEFINITIONAL_REPRESENTATION('',(#1845),#1849);
#1845 = LINE('',#1846,#1847);
#1846 = CARTESIAN_POINT('',(3.14159265359,0.));
#1847 = VECTOR('',#1848,1.);
#1848 = DIRECTION('',(-1.,0.));
#1849 = ( GEOMETRIC_REPRESENTATION_CONTEXT(2) 
PARAMETRIC_REPRESENTATION_CONTEXT() REPRESENTATION_CONTEXT('2D SPACE',''
  ) );
#1850 = PCURVE('',#73,#1851);
#1851 = DEFINITIONAL_REPRESENTATION('',(#1852),#1856);
#1852 = CIRCLE('',#1853,25.);
#1853 = AXIS2_PLACEMENT_2D('',#1854,#1855);
#1854 = CARTESIAN_POINT('',(0.,0.));
#1855 = DIRECTION('',(1.,0.));
#1856 = ( GEOMETRIC_REPRESENTATION_CONTEXT(2) 
PARAMETRIC_REPRESENTATION_CONTEXT() REPRESENTATION_CONTEXT('2D SPACE',''
  ) );
#1857 = ORIENTED_EDGE('',*,*,#1858,.T.);
#1858 = EDGE_CURVE('',#1828,#1859,#1861,.T.);
#1859 = VERTEX_POINT('',#1860);
#1860 = CARTESIAN_POINT('',(-13.,24.99999995,-8.612732109892E-15));
#1861 = SURFACE_CURVE('',#1862,(#1866,#1873),.PCURVE_S1.);
#1862 = LINE('',#1863,#1864);
#1863 = CARTESIAN_POINT('',(-15.,24.99999995,-8.612732109892E-15));
#1864 = VECTOR('',#1865,1.);
#1865 = DIRECTION('',(1.,0.,0.));
#1866 = PCURVE('',#1839,#1867);
#1867 = DEFINITIONAL_REPRESENTATION('',(#1868),#1872);
#1868 = LINE('',#1869,#1870);
#1869 = CARTESIAN_POINT('',(3.14159265359,0.));
#1870 = VECTOR('',#1871,1.);
#1871 = DIRECTION('',(0.,1.));
#1872 = ( GEOMETRIC_REPRESENTATION_CONTEXT(2) 
PARAMETRIC_REPRESENTATION_CONTEXT() REPRESENTATION_CONTEXT('2D SPACE',''
  ) );
#1873 = PCURVE('',#1874,#1879);
#1874 = CYLINDRICAL_SURFACE('',#1875,25.);
#1875 = AXIS2_PLACEMENT_3D('',#1876,#1877,#1878);
#1876 = CARTESIAN_POINT('',(-15.,-5.00000005843E-08,1.110223037599E-23)
  );
#1877 = DIRECTION('',(1.,0.,0.));
#1878 = DIRECTION('',(0.,-1.,2.22044604925E-16));
#1879 = DEFINITIONAL_REPRESENTATION('',(#1880),#1884);
#1880 = LINE('',#1881,#1882);
#1881 = CARTESIAN_POINT('',(3.14159265359,0.));
#1882 = VECTOR('',#1883,1.);
#1883 = DIRECTION('',(0.,1.));
#1884 = ( GEOMETRIC_REPRESENTATION_CONTEXT(2) 
PARAMETRIC_REPRESENTATION_CONTEXT() REPRESENTATION_CONTEXT('2D SPACE',''
  ) );
#1885 = ORIENTED_EDGE('',*,*,#1886,.T.);
#1886 = EDGE_CURVE('',#1859,#1887,#1889,.T.);
#1887 = VERTEX_POINT('',#1888);
#1888 = CARTESIAN_POINT('',(-13.,-25.00000005,5.551115134228E-15));
#1889 = SURFACE_CURVE('',#1890,(#1895,#1902),.PCURVE_S1.);
#1890 = CIRCLE('',#1891,25.);
#1891 = AXIS2_PLACEMENT_3D('',#1892,#1893,#1894);
#1892 = CARTESIAN_POINT('',(-13.,-5.00000005843E-08,1.110223037599E-23)
  );
#1893 = DIRECTION('',(-1.,0.,0.));
#1894 = DIRECTION('',(0.,-1.,2.22044604925E-16));
#1895 = PCURVE('',#1839,#1896);
#1896 = DEFINITIONAL_REPRESENTATION('',(#1897),#1901);
#1897 = LINE('',#1898,#1899);
#1898 = CARTESIAN_POINT('',(6.28318530718,2.));
#1899 = VECTOR('',#1900,1.);
#1900 = DIRECTION('',(-1.,0.));
#1901 = ( GEOMETRIC_REPRESENTATION_CONTEXT(2) 
PARAMETRIC_REPRESENTATION_CONTEXT() REPRESENTATION_CONTEXT('2D SPACE',''
  ) );
#1902 = PCURVE('',#401,#1903);
#1903 = DEFINITIONAL_REPRESENTATION('',(#1904),#1912);
#1904 = ( BOUNDED_CURVE() B_SPLINE_CURVE(2,(#1905,#1906,#1907,#1908,
#1909,#1910,#1911),.UNSPECIFIED.,.T.,.F.) B_SPLINE_CURVE_WITH_KNOTS((1,2
    ,2,2,2,1),(-2.094395102393,0.,2.094395102393,4.188790204786,
6.28318530718,8.377580409573),.UNSPECIFIED.) CURVE() 
GEOMETRIC_REPRESENTATION_ITEM() RATIONAL_B_SPLINE_CURVE((1.,0.5,1.,0.5,
1.,0.5,1.)) REPRESENTATION_ITEM('') );
#1905 = CARTESIAN_POINT('',(25.,0.));
#1906 = CARTESIAN_POINT('',(25.,-43.30127018922));
#1907 = CARTESIAN_POINT('',(-12.5,-21.65063509461));
#1908 = CARTESIAN_POINT('',(-50.,-6.123233995737E-15));
#1909 = CARTESIAN_POINT('',(-12.5,21.650635094611));
#1910 = CARTESIAN_POINT('',(25.,43.301270189222));
#1911 = CARTESIAN_POINT('',(25.,0.));
#1912 = ( GEOMETRIC_REPRESENTATION_CONTEXT(2) 
PARAMETRIC_REPRESENTATION_CONTEXT() REPRESENTATION_CONTEXT('2D SPACE',''
  ) );
#1913 = ORIENTED_EDGE('',*,*,#1914,.F.);
#1914 = EDGE_CURVE('',#1830,#1887,#1915,.T.);
#1915 = SURFACE_CURVE('',#1916,(#1920,#1927),.PCURVE_S1.);
#1916 = LINE('',#1917,#1918);
#1917 = CARTESIAN_POINT('',(-15.,-25.00000005,5.551115134228E-15));
#1918 = VECTOR('',#1919,1.);
#1919 = DIRECTION('',(1.,0.,0.));
#1920 = PCURVE('',#1839,#1921);
#1921 = DEFINITIONAL_REPRESENTATION('',(#1922),#1926);
#1922 = LINE('',#1923,#1924);
#1923 = CARTESIAN_POINT('',(0.,0.));
#1924 = VECTOR('',#1925,1.);
#1925 = DIRECTION('',(0.,1.));
#1926 = ( GEOMETRIC_REPRESENTATION_CONTEXT(2) 
PARAMETRIC_REPRESENTATION_CONTEXT() REPRESENTATION_CONTEXT('2D SPACE',''
  ) );
#1927 = PCURVE('',#1874,#1928);
#1928 = DEFINITIONAL_REPRESENTATION('',(#1929),#1933);
#1929 = LINE('',#1930,#1931);
#1930 = CARTESIAN_POINT('',(6.28318530718,0.));
#1931 = VECTOR('',#1932,1.);
#1932 = DIRECTION('',(0.,1.));
#1933 = ( GEOMETRIC_REPRESENTATION_CONTEXT(2) 
PARAMETRIC_REPRESENTATION_CONTEXT() REPRESENTATION_CONTEXT('2D SPACE',''
  ) );
#1934 = ADVANCED_FACE('',(#1935),#1950,.T.);
#1935 = FACE_BOUND('',#1936,.T.);
#1936 = EDGE_LOOP('',(#1937,#1968,#1996,#2020));
#1937 = ORIENTED_EDGE('',*,*,#1938,.F.);
#1938 = EDGE_CURVE('',#1939,#1941,#1943,.T.);
#1939 = VERTEX_POINT('',#1940);
#1940 = CARTESIAN_POINT('',(9.,-27.50000005,2.738447948886E-15));
#1941 = VERTEX_POINT('',#1942);
#1942 = CARTESIAN_POINT('',(9.,27.49999995,-6.106226624336E-15));
#1943 = SURFACE_CURVE('',#1944,(#1949,#1961),.PCURVE_S1.);
#1944 = CIRCLE('',#1945,27.5);
#1945 = AXIS2_PLACEMENT_3D('',#1946,#1947,#1948);
#1946 = CARTESIAN_POINT('',(9.,-5.00000005843E-08,1.110223037599E-23));
#1947 = DIRECTION('',(1.,0.,0.));
#1948 = DIRECTION('',(0.,-1.,2.22044604925E-16));
#1949 = PCURVE('',#1950,#1955);
#1950 = CYLINDRICAL_SURFACE('',#1951,27.5);
#1951 = AXIS2_PLACEMENT_3D('',#1952,#1953,#1954);
#1952 = CARTESIAN_POINT('',(-13.,-5.00000005843E-08,1.110223037599E-23)
  );
#1953 = DIRECTION('',(-1.,0.,0.));
#1954 = DIRECTION('',(0.,1.,-2.22044604925E-16));
#1955 = DEFINITIONAL_REPRESENTATION('',(#1956),#1960);
#1956 = LINE('',#1957,#1958);
#1957 = CARTESIAN_POINT('',(3.14159265359,-22.));
#1958 = VECTOR('',#1959,1.);
#1959 = DIRECTION('',(-1.,0.));
#1960 = ( GEOMETRIC_REPRESENTATION_CONTEXT(2) 
PARAMETRIC_REPRESENTATION_CONTEXT() REPRESENTATION_CONTEXT('2D SPACE',''
  ) );
#1961 = PCURVE('',#519,#1962);
#1962 = DEFINITIONAL_REPRESENTATION('',(#1963),#1967);
#1963 = CIRCLE('',#1964,27.5);
#1964 = AXIS2_PLACEMENT_2D('',#1965,#1966);
#1965 = CARTESIAN_POINT('',(0.,0.));
#1966 = DIRECTION('',(-1.,0.));
#1967 = ( GEOMETRIC_REPRESENTATION_CONTEXT(2) 
PARAMETRIC_REPRESENTATION_CONTEXT() REPRESENTATION_CONTEXT('2D SPACE',''
  ) );
#1968 = ORIENTED_EDGE('',*,*,#1969,.T.);
#1969 = EDGE_CURVE('',#1939,#1970,#1972,.T.);
#1970 = VERTEX_POINT('',#1971);
#1971 = CARTESIAN_POINT('',(-7.,-27.50000005,2.738447948886E-15));
#1972 = SURFACE_CURVE('',#1973,(#1977,#1984),.PCURVE_S1.);
#1973 = LINE('',#1974,#1975);
#1974 = CARTESIAN_POINT('',(-13.,-27.50000005,2.738447948886E-15));
#1975 = VECTOR('',#1976,1.);
#1976 = DIRECTION('',(-1.,0.,0.));
#1977 = PCURVE('',#1950,#1978);
#1978 = DEFINITIONAL_REPRESENTATION('',(#1979),#1983);
#1979 = LINE('',#1980,#1981);
#1980 = CARTESIAN_POINT('',(3.14159265359,0.));
#1981 = VECTOR('',#1982,1.);
#1982 = DIRECTION('',(0.,1.));
#1983 = ( GEOMETRIC_REPRESENTATION_CONTEXT(2) 
PARAMETRIC_REPRESENTATION_CONTEXT() REPRESENTATION_CONTEXT('2D SPACE',''
  ) );
#1984 = PCURVE('',#1985,#1990);
#1985 = CYLINDRICAL_SURFACE('',#1986,27.5);
#1986 = AXIS2_PLACEMENT_3D('',#1987,#1988,#1989);
#1987 = CARTESIAN_POINT('',(-13.,-5.00000005843E-08,1.110223037599E-23)
  );
#1988 = DIRECTION('',(-1.,0.,0.));
#1989 = DIRECTION('',(0.,1.,-2.22044604925E-16));
#1990 = DEFINITIONAL_REPRESENTATION('',(#1991),#1995);
#1991 = LINE('',#1992,#1993);
#1992 = CARTESIAN_POINT('',(3.14159265359,0.));
#1993 = VECTOR('',#1994,1.);
#1994 = DIRECTION('',(0.,1.));
#1995 = ( GEOMETRIC_REPRESENTATION_CONTEXT(2) 
PARAMETRIC_REPRESENTATION_CONTEXT() REPRESENTATION_CONTEXT('2D SPACE',''
  ) );
#1996 = ORIENTED_EDGE('',*,*,#1997,.F.);
#1997 = EDGE_CURVE('',#1998,#1970,#2000,.T.);
#1998 = VERTEX_POINT('',#1999);
#1999 = CARTESIAN_POINT('',(-7.,27.49999995,-6.106226624336E-15));
#2000 = SURFACE_CURVE('',#2001,(#2006,#2013),.PCURVE_S1.);
#2001 = CIRCLE('',#2002,27.5);
#2002 = AXIS2_PLACEMENT_3D('',#2003,#2004,#2005);
#2003 = CARTESIAN_POINT('',(-7.,-5.00000005843E-08,1.110223037599E-23));
#2004 = DIRECTION('',(-1.,0.,-0.));
#2005 = DIRECTION('',(0.,1.,-2.22044604925E-16));
#2006 = PCURVE('',#1950,#2007);
#2007 = DEFINITIONAL_REPRESENTATION('',(#2008),#2012);
#2008 = LINE('',#2009,#2010);
#2009 = CARTESIAN_POINT('',(0.,-6.));
#2010 = VECTOR('',#2011,1.);
#2011 = DIRECTION('',(1.,0.));
#2012 = ( GEOMETRIC_REPRESENTATION_CONTEXT(2) 
PARAMETRIC_REPRESENTATION_CONTEXT() REPRESENTATION_CONTEXT('2D SPACE',''
  ) );
#2013 = PCURVE('',#278,#2014);
#2014 = DEFINITIONAL_REPRESENTATION('',(#2015),#2019);
#2015 = CIRCLE('',#2016,27.5);
#2016 = AXIS2_PLACEMENT_2D('',#2017,#2018);
#2017 = CARTESIAN_POINT('',(0.,0.));
#2018 = DIRECTION('',(1.,0.));
#2019 = ( GEOMETRIC_REPRESENTATION_CONTEXT(2) 
PARAMETRIC_REPRESENTATION_CONTEXT() REPRESENTATION_CONTEXT('2D SPACE',''
  ) );
#2020 = ORIENTED_EDGE('',*,*,#2021,.F.);
#2021 = EDGE_CURVE('',#1941,#1998,#2022,.T.);
#2022 = SURFACE_CURVE('',#2023,(#2027,#2034),.PCURVE_S1.);
#2023 = LINE('',#2024,#2025);
#2024 = CARTESIAN_POINT('',(-13.,27.49999995,-6.106226624336E-15));
#2025 = VECTOR('',#2026,1.);
#2026 = DIRECTION('',(-1.,0.,0.));
#2027 = PCURVE('',#1950,#2028);
#2028 = DEFINITIONAL_REPRESENTATION('',(#2029),#2033);
#2029 = LINE('',#2030,#2031);
#2030 = CARTESIAN_POINT('',(0.,0.));
#2031 = VECTOR('',#2032,1.);
#2032 = DIRECTION('',(0.,1.));
#2033 = ( GEOMETRIC_REPRESENTATION_CONTEXT(2) 
PARAMETRIC_REPRESENTATION_CONTEXT() REPRESENTATION_CONTEXT('2D SPACE',''
  ) );
#2034 = PCURVE('',#1985,#2035);
#2035 = DEFINITIONAL_REPRESENTATION('',(#2036),#2040);
#2036 = LINE('',#2037,#2038);
#2037 = CARTESIAN_POINT('',(6.28318530718,0.));
#2038 = VECTOR('',#2039,1.);
#2039 = DIRECTION('',(0.,1.));
#2040 = ( GEOMETRIC_REPRESENTATION_CONTEXT(2) 
PARAMETRIC_REPRESENTATION_CONTEXT() REPRESENTATION_CONTEXT('2D SPACE',''
  ) );
#2041 = ADVANCED_FACE('',(#2042),#1985,.T.);
#2042 = FACE_BOUND('',#2043,.T.);
#2043 = EDGE_LOOP('',(#2044,#2045,#2067,#2068));
#2044 = ORIENTED_EDGE('',*,*,#1969,.F.);
#2045 = ORIENTED_EDGE('',*,*,#2046,.F.);
#2046 = EDGE_CURVE('',#1941,#1939,#2047,.T.);
#2047 = SURFACE_CURVE('',#2048,(#2053,#2060),.PCURVE_S1.);
#2048 = CIRCLE('',#2049,27.5);
#2049 = AXIS2_PLACEMENT_3D('',#2050,#2051,#2052);
#2050 = CARTESIAN_POINT('',(9.,-5.00000005843E-08,1.110223037599E-23));
#2051 = DIRECTION('',(1.,0.,0.));
#2052 = DIRECTION('',(0.,-1.,2.22044604925E-16));
#2053 = PCURVE('',#1985,#2054);
#2054 = DEFINITIONAL_REPRESENTATION('',(#2055),#2059);
#2055 = LINE('',#2056,#2057);
#2056 = CARTESIAN_POINT('',(9.424777960769,-22.));
#2057 = VECTOR('',#2058,1.);
#2058 = DIRECTION('',(-1.,0.));
#2059 = ( GEOMETRIC_REPRESENTATION_CONTEXT(2) 
PARAMETRIC_REPRESENTATION_CONTEXT() REPRESENTATION_CONTEXT('2D SPACE',''
  ) );
#2060 = PCURVE('',#519,#2061);
#2061 = DEFINITIONAL_REPRESENTATION('',(#2062),#2066);
#2062 = CIRCLE('',#2063,27.5);
#2063 = AXIS2_PLACEMENT_2D('',#2064,#2065);
#2064 = CARTESIAN_POINT('',(0.,0.));
#2065 = DIRECTION('',(-1.,0.));
#2066 = ( GEOMETRIC_REPRESENTATION_CONTEXT(2) 
PARAMETRIC_REPRESENTATION_CONTEXT() REPRESENTATION_CONTEXT('2D SPACE',''
  ) );
#2067 = ORIENTED_EDGE('',*,*,#2021,.T.);
#2068 = ORIENTED_EDGE('',*,*,#2069,.F.);
#2069 = EDGE_CURVE('',#1970,#1998,#2070,.T.);
#2070 = SURFACE_CURVE('',#2071,(#2076,#2083),.PCURVE_S1.);
#2071 = CIRCLE('',#2072,27.5);
#2072 = AXIS2_PLACEMENT_3D('',#2073,#2074,#2075);
#2073 = CARTESIAN_POINT('',(-7.,-5.00000005843E-08,1.110223037599E-23));
#2074 = DIRECTION('',(-1.,0.,-0.));
#2075 = DIRECTION('',(0.,1.,-2.22044604925E-16));
#2076 = PCURVE('',#1985,#2077);
#2077 = DEFINITIONAL_REPRESENTATION('',(#2078),#2082);
#2078 = LINE('',#2079,#2080);
#2079 = CARTESIAN_POINT('',(0.,-6.));
#2080 = VECTOR('',#2081,1.);
#2081 = DIRECTION('',(1.,0.));
#2082 = ( GEOMETRIC_REPRESENTATION_CONTEXT(2) 
PARAMETRIC_REPRESENTATION_CONTEXT() REPRESENTATION_CONTEXT('2D SPACE',''
  ) );
#2083 = PCURVE('',#278,#2084);
#2084 = DEFINITIONAL_REPRESENTATION('',(#2085),#2089);
#2085 = CIRCLE('',#2086,27.5);
#2086 = AXIS2_PLACEMENT_2D('',#2087,#2088);
#2087 = CARTESIAN_POINT('',(0.,0.));
#2088 = DIRECTION('',(1.,0.));
#2089 = ( GEOMETRIC_REPRESENTATION_CONTEXT(2) 
PARAMETRIC_REPRESENTATION_CONTEXT() REPRESENTATION_CONTEXT('2D SPACE',''
  ) );
#2090 = ADVANCED_FACE('',(#2091,#2120),#401,.F.);
#2091 = FACE_BOUND('',#2092,.T.);
#2092 = EDGE_LOOP('',(#2093,#2119));
#2093 = ORIENTED_EDGE('',*,*,#2094,.T.);
#2094 = EDGE_CURVE('',#380,#378,#2095,.T.);
#2095 = SURFACE_CURVE('',#2096,(#2101,#2112),.PCURVE_S1.);
#2096 = CIRCLE('',#2097,36.5);
#2097 = AXIS2_PLACEMENT_3D('',#2098,#2099,#2100);
#2098 = CARTESIAN_POINT('',(-13.,-5.00000005843E-08,1.110223037599E-23)
  );
#2099 = DIRECTION('',(-1.,0.,0.));
#2100 = DIRECTION('',(0.,-1.,2.22044604925E-16));
#2101 = PCURVE('',#401,#2102);
#2102 = DEFINITIONAL_REPRESENTATION('',(#2103),#2111);
#2103 = ( BOUNDED_CURVE() B_SPLINE_CURVE(2,(#2104,#2105,#2106,#2107,
#2108,#2109,#2110),.UNSPECIFIED.,.T.,.F.) B_SPLINE_CURVE_WITH_KNOTS((1,2
    ,2,2,2,1),(-2.094395102393,0.,2.094395102393,4.188790204786,
6.28318530718,8.377580409573),.UNSPECIFIED.) CURVE() 
GEOMETRIC_REPRESENTATION_ITEM() RATIONAL_B_SPLINE_CURVE((1.,0.5,1.,0.5,
1.,0.5,1.)) REPRESENTATION_ITEM('') );
#2104 = CARTESIAN_POINT('',(36.5,0.));
#2105 = CARTESIAN_POINT('',(36.5,-63.21985447626));
#2106 = CARTESIAN_POINT('',(-18.25,-31.60992723813));
#2107 = CARTESIAN_POINT('',(-73.,-8.939921633776E-15));
#2108 = CARTESIAN_POINT('',(-18.25,31.609927238132));
#2109 = CARTESIAN_POINT('',(36.5,63.219854476264));
#2110 = CARTESIAN_POINT('',(36.5,0.));
#2111 = ( GEOMETRIC_REPRESENTATION_CONTEXT(2) 
PARAMETRIC_REPRESENTATION_CONTEXT() REPRESENTATION_CONTEXT('2D SPACE',''
  ) );
#2112 = PCURVE('',#434,#2113);
#2113 = DEFINITIONAL_REPRESENTATION('',(#2114),#2118);
#2114 = LINE('',#2115,#2116);
#2115 = CARTESIAN_POINT('',(6.28318530718,4.712388980385));
#2116 = VECTOR('',#2117,1.);
#2117 = DIRECTION('',(-1.,0.));
#2118 = ( GEOMETRIC_REPRESENTATION_CONTEXT(2) 
PARAMETRIC_REPRESENTATION_CONTEXT() REPRESENTATION_CONTEXT('2D SPACE',''
  ) );
#2119 = ORIENTED_EDGE('',*,*,#377,.T.);
#2120 = FACE_BOUND('',#2121,.T.);
#2121 = EDGE_LOOP('',(#2122,#2148));
#2122 = ORIENTED_EDGE('',*,*,#2123,.F.);
#2123 = EDGE_CURVE('',#1887,#1859,#2124,.T.);
#2124 = SURFACE_CURVE('',#2125,(#2130,#2141),.PCURVE_S1.);
#2125 = CIRCLE('',#2126,25.);
#2126 = AXIS2_PLACEMENT_3D('',#2127,#2128,#2129);
#2127 = CARTESIAN_POINT('',(-13.,-5.00000005843E-08,1.110223037599E-23)
  );
#2128 = DIRECTION('',(-1.,0.,0.));
#2129 = DIRECTION('',(0.,-1.,2.22044604925E-16));
#2130 = PCURVE('',#401,#2131);
#2131 = DEFINITIONAL_REPRESENTATION('',(#2132),#2140);
#2132 = ( BOUNDED_CURVE() B_SPLINE_CURVE(2,(#2133,#2134,#2135,#2136,
#2137,#2138,#2139),.UNSPECIFIED.,.T.,.F.) B_SPLINE_CURVE_WITH_KNOTS((1,2
    ,2,2,2,1),(-2.094395102393,0.,2.094395102393,4.188790204786,
6.28318530718,8.377580409573),.UNSPECIFIED.) CURVE() 
GEOMETRIC_REPRESENTATION_ITEM() RATIONAL_B_SPLINE_CURVE((1.,0.5,1.,0.5,
1.,0.5,1.)) REPRESENTATION_ITEM('') );
#2133 = CARTESIAN_POINT('',(25.,0.));
#2134 = CARTESIAN_POINT('',(25.,-43.30127018922));
#2135 = CARTESIAN_POINT('',(-12.5,-21.65063509461));
#2136 = CARTESIAN_POINT('',(-50.,-6.123233995737E-15));
#2137 = CARTESIAN_POINT('',(-12.5,21.650635094611));
#2138 = CARTESIAN_POINT('',(25.,43.301270189222));
#2139 = CARTESIAN_POINT('',(25.,0.));
#2140 = ( GEOMETRIC_REPRESENTATION_CONTEXT(2) 
PARAMETRIC_REPRESENTATION_CONTEXT() REPRESENTATION_CONTEXT('2D SPACE',''
  ) );
#2141 = PCURVE('',#1874,#2142);
#2142 = DEFINITIONAL_REPRESENTATION('',(#2143),#2147);
#2143 = LINE('',#2144,#2145);
#2144 = CARTESIAN_POINT('',(6.28318530718,2.));
#2145 = VECTOR('',#2146,1.);
#2146 = DIRECTION('',(-1.,0.));
#2147 = ( GEOMETRIC_REPRESENTATION_CONTEXT(2) 
PARAMETRIC_REPRESENTATION_CONTEXT() REPRESENTATION_CONTEXT('2D SPACE',''
  ) );
#2148 = ORIENTED_EDGE('',*,*,#1886,.F.);
#2149 = ADVANCED_FACE('',(#2150,#2175,#2204,#2233,#2262,#2291),#194,.F.
  );
#2150 = FACE_BOUND('',#2151,.T.);
#2151 = EDGE_LOOP('',(#2152,#2153));
#2152 = ORIENTED_EDGE('',*,*,#177,.T.);
#2153 = ORIENTED_EDGE('',*,*,#2154,.T.);
#2154 = EDGE_CURVE('',#178,#145,#2155,.T.);
#2155 = SURFACE_CURVE('',#2156,(#2161,#2168),.PCURVE_S1.);
#2156 = CIRCLE('',#2157,16.);
#2157 = AXIS2_PLACEMENT_3D('',#2158,#2159,#2160);
#2158 = CARTESIAN_POINT('',(15.,-5.00000005843E-08,1.110223037599E-23));
#2159 = DIRECTION('',(-1.,0.,-0.));
#2160 = DIRECTION('',(0.,1.,-2.22044604925E-16));
#2161 = PCURVE('',#194,#2162);
#2162 = DEFINITIONAL_REPRESENTATION('',(#2163),#2167);
#2163 = CIRCLE('',#2164,16.);
#2164 = AXIS2_PLACEMENT_2D('',#2165,#2166);
#2165 = CARTESIAN_POINT('',(0.,0.));
#2166 = DIRECTION('',(1.,0.));
#2167 = ( GEOMETRIC_REPRESENTATION_CONTEXT(2) 
PARAMETRIC_REPRESENTATION_CONTEXT() REPRESENTATION_CONTEXT('2D SPACE',''
  ) );
#2168 = PCURVE('',#165,#2169);
#2169 = DEFINITIONAL_REPRESENTATION('',(#2170),#2174);
#2170 = LINE('',#2171,#2172);
#2171 = CARTESIAN_POINT('',(3.14159265359,1.));
#2172 = VECTOR('',#2173,1.);
#2173 = DIRECTION('',(-1.,0.));
#2174 = ( GEOMETRIC_REPRESENTATION_CONTEXT(2) 
PARAMETRIC_REPRESENTATION_CONTEXT() REPRESENTATION_CONTEXT('2D SPACE',''
  ) );
#2175 = FACE_BOUND('',#2176,.T.);
#2176 = EDGE_LOOP('',(#2177,#2203));
#2177 = ORIENTED_EDGE('',*,*,#2178,.T.);
#2178 = EDGE_CURVE('',#621,#619,#2179,.T.);
#2179 = SURFACE_CURVE('',#2180,(#2185,#2196),.PCURVE_S1.);
#2180 = CIRCLE('',#2181,36.5);
#2181 = AXIS2_PLACEMENT_3D('',#2182,#2183,#2184);
#2182 = CARTESIAN_POINT('',(15.,-5.00000005843E-08,1.110223037599E-23));
#2183 = DIRECTION('',(1.,-0.,0.));
#2184 = DIRECTION('',(0.,1.,-2.22044604925E-16));
#2185 = PCURVE('',#194,#2186);
#2186 = DEFINITIONAL_REPRESENTATION('',(#2187),#2195);
#2187 = ( BOUNDED_CURVE() B_SPLINE_CURVE(2,(#2188,#2189,#2190,#2191,
#2192,#2193,#2194),.UNSPECIFIED.,.T.,.F.) B_SPLINE_CURVE_WITH_KNOTS((1,2
    ,2,2,2,1),(-2.094395102393,0.,2.094395102393,4.188790204786,
6.28318530718,8.377580409573),.UNSPECIFIED.) CURVE() 
GEOMETRIC_REPRESENTATION_ITEM() RATIONAL_B_SPLINE_CURVE((1.,0.5,1.,0.5,
1.,0.5,1.)) REPRESENTATION_ITEM('') );
#2188 = CARTESIAN_POINT('',(36.5,0.));
#2189 = CARTESIAN_POINT('',(36.5,-63.21985447626));
#2190 = CARTESIAN_POINT('',(-18.25,-31.60992723813));
#2191 = CARTESIAN_POINT('',(-73.,-8.939921633776E-15));
#2192 = CARTESIAN_POINT('',(-18.25,31.609927238132));
#2193 = CARTESIAN_POINT('',(36.5,63.219854476264));
#2194 = CARTESIAN_POINT('',(36.5,0.));
#2195 = ( GEOMETRIC_REPRESENTATION_CONTEXT(2) 
PARAMETRIC_REPRESENTATION_CONTEXT() REPRESENTATION_CONTEXT('2D SPACE',''
  ) );
#2196 = PCURVE('',#670,#2197);
#2197 = DEFINITIONAL_REPRESENTATION('',(#2198),#2202);
#2198 = LINE('',#2199,#2200);
#2199 = CARTESIAN_POINT('',(6.28318530718,4.712388980385));
#2200 = VECTOR('',#2201,1.);
#2201 = DIRECTION('',(-1.,0.));
#2202 = ( GEOMETRIC_REPRESENTATION_CONTEXT(2) 
PARAMETRIC_REPRESENTATION_CONTEXT() REPRESENTATION_CONTEXT('2D SPACE',''
  ) );
#2203 = ORIENTED_EDGE('',*,*,#618,.T.);
#2204 = FACE_BOUND('',#2205,.T.);
#2205 = EDGE_LOOP('',(#2206,#2232));
#2206 = ORIENTED_EDGE('',*,*,#2207,.F.);
#2207 = EDGE_CURVE('',#734,#767,#2208,.T.);
#2208 = SURFACE_CURVE('',#2209,(#2214,#2225),.PCURVE_S1.);
#2209 = CIRCLE('',#2210,4.);
#2210 = AXIS2_PLACEMENT_3D('',#2211,#2212,#2213);
#2211 = CARTESIAN_POINT('',(15.,-5.000000535826E-08,-21.5));
#2212 = DIRECTION('',(1.,0.,0.));
#2213 = DIRECTION('',(0.,-1.,2.22044604925E-16));
#2214 = PCURVE('',#194,#2215);
#2215 = DEFINITIONAL_REPRESENTATION('',(#2216),#2224);
#2216 = ( BOUNDED_CURVE() B_SPLINE_CURVE(2,(#2217,#2218,#2219,#2220,
#2221,#2222,#2223),.UNSPECIFIED.,.T.,.F.) B_SPLINE_CURVE_WITH_KNOTS((1,2
    ,2,2,2,1),(-2.094395102393,0.,2.094395102393,4.188790204786,
6.28318530718,8.377580409573),.UNSPECIFIED.) CURVE() 
GEOMETRIC_REPRESENTATION_ITEM() RATIONAL_B_SPLINE_CURVE((1.,0.5,1.,0.5,
1.,0.5,1.)) REPRESENTATION_ITEM('') );
#2217 = CARTESIAN_POINT('',(-4.,21.5));
#2218 = CARTESIAN_POINT('',(-4.,28.428203230276));
#2219 = CARTESIAN_POINT('',(2.,24.964101615138));
#2220 = CARTESIAN_POINT('',(8.,21.5));
#2221 = CARTESIAN_POINT('',(2.,18.035898384862));
#2222 = CARTESIAN_POINT('',(-4.,14.571796769724));
#2223 = CARTESIAN_POINT('',(-4.,21.5));
#2224 = ( GEOMETRIC_REPRESENTATION_CONTEXT(2) 
PARAMETRIC_REPRESENTATION_CONTEXT() REPRESENTATION_CONTEXT('2D SPACE',''
  ) );
#2225 = PCURVE('',#754,#2226);
#2226 = DEFINITIONAL_REPRESENTATION('',(#2227),#2231);
#2227 = LINE('',#2228,#2229);
#2228 = CARTESIAN_POINT('',(0.,0.));
#2229 = VECTOR('',#2230,1.);
#2230 = DIRECTION('',(1.,0.));
#2231 = ( GEOMETRIC_REPRESENTATION_CONTEXT(2) 
PARAMETRIC_REPRESENTATION_CONTEXT() REPRESENTATION_CONTEXT('2D SPACE',''
  ) );
#2232 = ORIENTED_EDGE('',*,*,#766,.F.);
#2233 = FACE_BOUND('',#2234,.T.);
#2234 = EDGE_LOOP('',(#2235,#2261));
#2235 = ORIENTED_EDGE('',*,*,#2236,.F.);
#2236 = EDGE_CURVE('',#969,#1002,#2237,.T.);
#2237 = SURFACE_CURVE('',#2238,(#2243,#2254),.PCURVE_S1.);
#2238 = CIRCLE('',#2239,4.);
#2239 = AXIS2_PLACEMENT_3D('',#2240,#2241,#2242);
#2240 = CARTESIAN_POINT('',(15.,21.49999995,-4.773958994786E-15));
#2241 = DIRECTION('',(1.,0.,0.));
#2242 = DIRECTION('',(0.,-1.,2.22044604925E-16));
#2243 = PCURVE('',#194,#2244);
#2244 = DEFINITIONAL_REPRESENTATION('',(#2245),#2253);
#2245 = ( BOUNDED_CURVE() B_SPLINE_CURVE(2,(#2246,#2247,#2248,#2249,
#2250,#2251,#2252),.UNSPECIFIED.,.T.,.F.) B_SPLINE_CURVE_WITH_KNOTS((1,2
    ,2,2,2,1),(-2.094395102393,0.,2.094395102393,4.188790204786,
6.28318530718,8.377580409573),.UNSPECIFIED.) CURVE() 
GEOMETRIC_REPRESENTATION_ITEM() RATIONAL_B_SPLINE_CURVE((1.,0.5,1.,0.5,
1.,0.5,1.)) REPRESENTATION_ITEM('') );
#2246 = CARTESIAN_POINT('',(17.5,0.));
#2247 = CARTESIAN_POINT('',(17.5,6.928203230276));
#2248 = CARTESIAN_POINT('',(23.5,3.464101615138));
#2249 = CARTESIAN_POINT('',(29.5,9.797174393179E-16));
#2250 = CARTESIAN_POINT('',(23.5,-3.464101615138));
#2251 = CARTESIAN_POINT('',(17.5,-6.928203230276));
#2252 = CARTESIAN_POINT('',(17.5,0.));
#2253 = ( GEOMETRIC_REPRESENTATION_CONTEXT(2) 
PARAMETRIC_REPRESENTATION_CONTEXT() REPRESENTATION_CONTEXT('2D SPACE',''
  ) );
#2254 = PCURVE('',#989,#2255);
#2255 = DEFINITIONAL_REPRESENTATION('',(#2256),#2260);
#2256 = LINE('',#2257,#2258);
#2257 = CARTESIAN_POINT('',(0.,0.));
#2258 = VECTOR('',#2259,1.);
#2259 = DIRECTION('',(1.,0.));
#2260 = ( GEOMETRIC_REPRESENTATION_CONTEXT(2) 
PARAMETRIC_REPRESENTATION_CONTEXT() REPRESENTATION_CONTEXT('2D SPACE',''
  ) );
#2261 = ORIENTED_EDGE('',*,*,#1001,.F.);
#2262 = FACE_BOUND('',#2263,.T.);
#2263 = EDGE_LOOP('',(#2264,#2290));
#2264 = ORIENTED_EDGE('',*,*,#2265,.F.);
#2265 = EDGE_CURVE('',#1204,#1237,#2266,.T.);
#2266 = SURFACE_CURVE('',#2267,(#2272,#2283),.PCURVE_S1.);
#2267 = CIRCLE('',#2268,4.);
#2268 = AXIS2_PLACEMENT_3D('',#2269,#2270,#2271);
#2269 = CARTESIAN_POINT('',(15.,-4.999999581035E-08,21.5));
#2270 = DIRECTION('',(1.,0.,0.));
#2271 = DIRECTION('',(0.,-1.,2.22044604925E-16));
#2272 = PCURVE('',#194,#2273);
#2273 = DEFINITIONAL_REPRESENTATION('',(#2274),#2282);
#2274 = ( BOUNDED_CURVE() B_SPLINE_CURVE(2,(#2275,#2276,#2277,#2278,
#2279,#2280,#2281),.UNSPECIFIED.,.T.,.F.) B_SPLINE_CURVE_WITH_KNOTS((1,2
    ,2,2,2,1),(-2.094395102393,0.,2.094395102393,4.188790204786,
6.28318530718,8.377580409573),.UNSPECIFIED.) CURVE() 
GEOMETRIC_REPRESENTATION_ITEM() RATIONAL_B_SPLINE_CURVE((1.,0.5,1.,0.5,
1.,0.5,1.)) REPRESENTATION_ITEM('') );
#2275 = CARTESIAN_POINT('',(-4.,-21.5));
#2276 = CARTESIAN_POINT('',(-4.,-14.57179676972));
#2277 = CARTESIAN_POINT('',(2.,-18.03589838486));
#2278 = CARTESIAN_POINT('',(8.,-21.5));
#2279 = CARTESIAN_POINT('',(2.,-24.96410161513));
#2280 = CARTESIAN_POINT('',(-4.,-28.42820323027));
#2281 = CARTESIAN_POINT('',(-4.,-21.5));
#2282 = ( GEOMETRIC_REPRESENTATION_CONTEXT(2) 
PARAMETRIC_REPRESENTATION_CONTEXT() REPRESENTATION_CONTEXT('2D SPACE',''
  ) );
#2283 = PCURVE('',#1224,#2284);
#2284 = DEFINITIONAL_REPRESENTATION('',(#2285),#2289);
#2285 = LINE('',#2286,#2287);
#2286 = CARTESIAN_POINT('',(0.,0.));
#2287 = VECTOR('',#2288,1.);
#2288 = DIRECTION('',(1.,0.));
#2289 = ( GEOMETRIC_REPRESENTATION_CONTEXT(2) 
PARAMETRIC_REPRESENTATION_CONTEXT() REPRESENTATION_CONTEXT('2D SPACE',''
  ) );
#2290 = ORIENTED_EDGE('',*,*,#1236,.F.);
#2291 = FACE_BOUND('',#2292,.T.);
#2292 = EDGE_LOOP('',(#2293,#2319));
#2293 = ORIENTED_EDGE('',*,*,#2294,.F.);
#2294 = EDGE_CURVE('',#1439,#1472,#2295,.T.);
#2295 = SURFACE_CURVE('',#2296,(#2301,#2312),.PCURVE_S1.);
#2296 = CIRCLE('',#2297,4.);
#2297 = AXIS2_PLACEMENT_3D('',#2298,#2299,#2300);
#2298 = CARTESIAN_POINT('',(15.,-21.50000005,4.77395901699E-15));
#2299 = DIRECTION('',(1.,0.,0.));
#2300 = DIRECTION('',(0.,-1.,2.22044604925E-16));
#2301 = PCURVE('',#194,#2302);
#2302 = DEFINITIONAL_REPRESENTATION('',(#2303),#2311);
#2303 = ( BOUNDED_CURVE() B_SPLINE_CURVE(2,(#2304,#2305,#2306,#2307,
#2308,#2309,#2310),.UNSPECIFIED.,.T.,.F.) B_SPLINE_CURVE_WITH_KNOTS((1,2
    ,2,2,2,1),(-2.094395102393,0.,2.094395102393,4.188790204786,
6.28318530718,8.377580409573),.UNSPECIFIED.) CURVE() 
GEOMETRIC_REPRESENTATION_ITEM() RATIONAL_B_SPLINE_CURVE((1.,0.5,1.,0.5,
1.,0.5,1.)) REPRESENTATION_ITEM('') );
#2304 = CARTESIAN_POINT('',(-25.5,0.));
#2305 = CARTESIAN_POINT('',(-25.5,6.928203230276));
#2306 = CARTESIAN_POINT('',(-19.5,3.464101615138));
#2307 = CARTESIAN_POINT('',(-13.5,9.797174393179E-16));
#2308 = CARTESIAN_POINT('',(-19.5,-3.464101615138));
#2309 = CARTESIAN_POINT('',(-25.5,-6.928203230276));
#2310 = CARTESIAN_POINT('',(-25.5,0.));
#2311 = ( GEOMETRIC_REPRESENTATION_CONTEXT(2) 
PARAMETRIC_REPRESENTATION_CONTEXT() REPRESENTATION_CONTEXT('2D SPACE',''
  ) );
#2312 = PCURVE('',#1459,#2313);
#2313 = DEFINITIONAL_REPRESENTATION('',(#2314),#2318);
#2314 = LINE('',#2315,#2316);
#2315 = CARTESIAN_POINT('',(0.,0.));
#2316 = VECTOR('',#2317,1.);
#2317 = DIRECTION('',(1.,0.));
#2318 = ( GEOMETRIC_REPRESENTATION_CONTEXT(2) 
PARAMETRIC_REPRESENTATION_CONTEXT() REPRESENTATION_CONTEXT('2D SPACE',''
  ) );
#2319 = ORIENTED_EDGE('',*,*,#1471,.F.);
#2320 = ADVANCED_FACE('',(#2321),#1874,.T.);
#2321 = FACE_BOUND('',#2322,.T.);
#2322 = EDGE_LOOP('',(#2323,#2324,#2346,#2347));
#2323 = ORIENTED_EDGE('',*,*,#1858,.F.);
#2324 = ORIENTED_EDGE('',*,*,#2325,.F.);
#2325 = EDGE_CURVE('',#1830,#1828,#2326,.T.);
#2326 = SURFACE_CURVE('',#2327,(#2332,#2339),.PCURVE_S1.);
#2327 = CIRCLE('',#2328,25.);
#2328 = AXIS2_PLACEMENT_3D('',#2329,#2330,#2331);
#2329 = CARTESIAN_POINT('',(-15.,-5.00000005843E-08,1.110223037599E-23)
  );
#2330 = DIRECTION('',(-1.,0.,-0.));
#2331 = DIRECTION('',(0.,1.,-2.22044604925E-16));
#2332 = PCURVE('',#1874,#2333);
#2333 = DEFINITIONAL_REPRESENTATION('',(#2334),#2338);
#2334 = LINE('',#2335,#2336);
#2335 = CARTESIAN_POINT('',(9.424777960769,0.));
#2336 = VECTOR('',#2337,1.);
#2337 = DIRECTION('',(-1.,0.));
#2338 = ( GEOMETRIC_REPRESENTATION_CONTEXT(2) 
PARAMETRIC_REPRESENTATION_CONTEXT() REPRESENTATION_CONTEXT('2D SPACE',''
  ) );
#2339 = PCURVE('',#73,#2340);
#2340 = DEFINITIONAL_REPRESENTATION('',(#2341),#2345);
#2341 = CIRCLE('',#2342,25.);
#2342 = AXIS2_PLACEMENT_2D('',#2343,#2344);
#2343 = CARTESIAN_POINT('',(0.,0.));
#2344 = DIRECTION('',(1.,0.));
#2345 = ( GEOMETRIC_REPRESENTATION_CONTEXT(2) 
PARAMETRIC_REPRESENTATION_CONTEXT() REPRESENTATION_CONTEXT('2D SPACE',''
  ) );
#2346 = ORIENTED_EDGE('',*,*,#1914,.T.);
#2347 = ORIENTED_EDGE('',*,*,#2123,.T.);
#2348 = ADVANCED_FACE('',(#2349,#2378,#2407,#2436,#2465,#2494),#73,.T.);
#2349 = FACE_BOUND('',#2350,.T.);
#2350 = EDGE_LOOP('',(#2351,#2352));
#2351 = ORIENTED_EDGE('',*,*,#56,.T.);
#2352 = ORIENTED_EDGE('',*,*,#2353,.T.);
#2353 = EDGE_CURVE('',#57,#24,#2354,.T.);
#2354 = SURFACE_CURVE('',#2355,(#2360,#2371),.PCURVE_S1.);
#2355 = CIRCLE('',#2356,16.);
#2356 = AXIS2_PLACEMENT_3D('',#2357,#2358,#2359);
#2357 = CARTESIAN_POINT('',(-15.,-5.00000005843E-08,1.110223037599E-23)
  );
#2358 = DIRECTION('',(1.,-0.,0.));
#2359 = DIRECTION('',(0.,1.,-2.22044604925E-16));
#2360 = PCURVE('',#73,#2361);
#2361 = DEFINITIONAL_REPRESENTATION('',(#2362),#2370);
#2362 = ( BOUNDED_CURVE() B_SPLINE_CURVE(2,(#2363,#2364,#2365,#2366,
#2367,#2368,#2369),.UNSPECIFIED.,.T.,.F.) B_SPLINE_CURVE_WITH_KNOTS((1,2
    ,2,2,2,1),(-2.094395102393,0.,2.094395102393,4.188790204786,
6.28318530718,8.377580409573),.UNSPECIFIED.) CURVE() 
GEOMETRIC_REPRESENTATION_ITEM() RATIONAL_B_SPLINE_CURVE((1.,0.5,1.,0.5,
1.,0.5,1.)) REPRESENTATION_ITEM('') );
#2363 = CARTESIAN_POINT('',(16.,0.));
#2364 = CARTESIAN_POINT('',(16.,-27.7128129211));
#2365 = CARTESIAN_POINT('',(-8.,-13.85640646055));
#2366 = CARTESIAN_POINT('',(-32.,-3.918869757272E-15));
#2367 = CARTESIAN_POINT('',(-8.,13.856406460551));
#2368 = CARTESIAN_POINT('',(16.,27.712812921102));
#2369 = CARTESIAN_POINT('',(16.,0.));
#2370 = ( GEOMETRIC_REPRESENTATION_CONTEXT(2) 
PARAMETRIC_REPRESENTATION_CONTEXT() REPRESENTATION_CONTEXT('2D SPACE',''
  ) );
#2371 = PCURVE('',#44,#2372);
#2372 = DEFINITIONAL_REPRESENTATION('',(#2373),#2377);
#2373 = LINE('',#2374,#2375);
#2374 = CARTESIAN_POINT('',(6.28318530718,0.));
#2375 = VECTOR('',#2376,1.);
#2376 = DIRECTION('',(-1.,0.));
#2377 = ( GEOMETRIC_REPRESENTATION_CONTEXT(2) 
PARAMETRIC_REPRESENTATION_CONTEXT() REPRESENTATION_CONTEXT('2D SPACE',''
  ) );
#2378 = FACE_BOUND('',#2379,.T.);
#2379 = EDGE_LOOP('',(#2380,#2406));
#2380 = ORIENTED_EDGE('',*,*,#2381,.T.);
#2381 = EDGE_CURVE('',#852,#915,#2382,.T.);
#2382 = SURFACE_CURVE('',#2383,(#2388,#2399),.PCURVE_S1.);
#2383 = CIRCLE('',#2384,2.25);
#2384 = AXIS2_PLACEMENT_3D('',#2385,#2386,#2387);
#2385 = CARTESIAN_POINT('',(-15.,-5.000000535826E-08,-21.5));
#2386 = DIRECTION('',(1.,0.,0.));
#2387 = DIRECTION('',(0.,-1.,2.22044604925E-16));
#2388 = PCURVE('',#73,#2389);
#2389 = DEFINITIONAL_REPRESENTATION('',(#2390),#2398);
#2390 = ( BOUNDED_CURVE() B_SPLINE_CURVE(2,(#2391,#2392,#2393,#2394,
#2395,#2396,#2397),.UNSPECIFIED.,.T.,.F.) B_SPLINE_CURVE_WITH_KNOTS((1,2
    ,2,2,2,1),(-2.094395102393,0.,2.094395102393,4.188790204786,
6.28318530718,8.377580409573),.UNSPECIFIED.) CURVE() 
GEOMETRIC_REPRESENTATION_ITEM() RATIONAL_B_SPLINE_CURVE((1.,0.5,1.,0.5,
1.,0.5,1.)) REPRESENTATION_ITEM('') );
#2391 = CARTESIAN_POINT('',(-2.25,21.5));
#2392 = CARTESIAN_POINT('',(-2.25,25.39711431703));
#2393 = CARTESIAN_POINT('',(1.125,23.448557158515));
#2394 = CARTESIAN_POINT('',(4.5,21.5));
#2395 = CARTESIAN_POINT('',(1.125,19.551442841485));
#2396 = CARTESIAN_POINT('',(-2.25,17.60288568297));
#2397 = CARTESIAN_POINT('',(-2.25,21.5));
#2398 = ( GEOMETRIC_REPRESENTATION_CONTEXT(2) 
PARAMETRIC_REPRESENTATION_CONTEXT() REPRESENTATION_CONTEXT('2D SPACE',''
  ) );
#2399 = PCURVE('',#874,#2400);
#2400 = DEFINITIONAL_REPRESENTATION('',(#2401),#2405);
#2401 = LINE('',#2402,#2403);
#2402 = CARTESIAN_POINT('',(0.,-30.));
#2403 = VECTOR('',#2404,1.);
#2404 = DIRECTION('',(1.,0.));
#2405 = ( GEOMETRIC_REPRESENTATION_CONTEXT(2) 
PARAMETRIC_REPRESENTATION_CONTEXT() REPRESENTATION_CONTEXT('2D SPACE',''
  ) );
#2406 = ORIENTED_EDGE('',*,*,#937,.T.);
#2407 = FACE_BOUND('',#2408,.T.);
#2408 = EDGE_LOOP('',(#2409,#2435));
#2409 = ORIENTED_EDGE('',*,*,#2410,.T.);
#2410 = EDGE_CURVE('',#1087,#1150,#2411,.T.);
#2411 = SURFACE_CURVE('',#2412,(#2417,#2428),.PCURVE_S1.);
#2412 = CIRCLE('',#2413,2.25);
#2413 = AXIS2_PLACEMENT_3D('',#2414,#2415,#2416);
#2414 = CARTESIAN_POINT('',(-15.,21.49999995,-4.773958994786E-15));
#2415 = DIRECTION('',(1.,0.,0.));
#2416 = DIRECTION('',(0.,-1.,2.22044604925E-16));
#2417 = PCURVE('',#73,#2418);
#2418 = DEFINITIONAL_REPRESENTATION('',(#2419),#2427);
#2419 = ( BOUNDED_CURVE() B_SPLINE_CURVE(2,(#2420,#2421,#2422,#2423,
#2424,#2425,#2426),.UNSPECIFIED.,.T.,.F.) B_SPLINE_CURVE_WITH_KNOTS((1,2
    ,2,2,2,1),(-2.094395102393,0.,2.094395102393,4.188790204786,
6.28318530718,8.377580409573),.UNSPECIFIED.) CURVE() 
GEOMETRIC_REPRESENTATION_ITEM() RATIONAL_B_SPLINE_CURVE((1.,0.5,1.,0.5,
1.,0.5,1.)) REPRESENTATION_ITEM('') );
#2420 = CARTESIAN_POINT('',(19.25,0.));
#2421 = CARTESIAN_POINT('',(19.25,3.89711431703));
#2422 = CARTESIAN_POINT('',(22.625,1.948557158515));
#2423 = CARTESIAN_POINT('',(26.,5.510910596163E-16));
#2424 = CARTESIAN_POINT('',(22.625,-1.948557158515));
#2425 = CARTESIAN_POINT('',(19.25,-3.89711431703));
#2426 = CARTESIAN_POINT('',(19.25,0.));
#2427 = ( GEOMETRIC_REPRESENTATION_CONTEXT(2) 
PARAMETRIC_REPRESENTATION_CONTEXT() REPRESENTATION_CONTEXT('2D SPACE',''
  ) );
#2428 = PCURVE('',#1109,#2429);
#2429 = DEFINITIONAL_REPRESENTATION('',(#2430),#2434);
#2430 = LINE('',#2431,#2432);
#2431 = CARTESIAN_POINT('',(0.,-30.));
#2432 = VECTOR('',#2433,1.);
#2433 = DIRECTION('',(1.,0.));
#2434 = ( GEOMETRIC_REPRESENTATION_CONTEXT(2) 
PARAMETRIC_REPRESENTATION_CONTEXT() REPRESENTATION_CONTEXT('2D SPACE',''
  ) );
#2435 = ORIENTED_EDGE('',*,*,#1172,.T.);
#2436 = FACE_BOUND('',#2437,.T.);
#2437 = EDGE_LOOP('',(#2438,#2464));
#2438 = ORIENTED_EDGE('',*,*,#2439,.T.);
#2439 = EDGE_CURVE('',#1322,#1385,#2440,.T.);
#2440 = SURFACE_CURVE('',#2441,(#2446,#2457),.PCURVE_S1.);
#2441 = CIRCLE('',#2442,2.25);
#2442 = AXIS2_PLACEMENT_3D('',#2443,#2444,#2445);
#2443 = CARTESIAN_POINT('',(-15.,-4.999999581035E-08,21.5));
#2444 = DIRECTION('',(1.,0.,0.));
#2445 = DIRECTION('',(0.,-1.,2.22044604925E-16));
#2446 = PCURVE('',#73,#2447);
#2447 = DEFINITIONAL_REPRESENTATION('',(#2448),#2456);
#2448 = ( BOUNDED_CURVE() B_SPLINE_CURVE(2,(#2449,#2450,#2451,#2452,
#2453,#2454,#2455),.UNSPECIFIED.,.T.,.F.) B_SPLINE_CURVE_WITH_KNOTS((1,2
    ,2,2,2,1),(-2.094395102393,0.,2.094395102393,4.188790204786,
6.28318530718,8.377580409573),.UNSPECIFIED.) CURVE() 
GEOMETRIC_REPRESENTATION_ITEM() RATIONAL_B_SPLINE_CURVE((1.,0.5,1.,0.5,
1.,0.5,1.)) REPRESENTATION_ITEM('') );
#2449 = CARTESIAN_POINT('',(-2.25,-21.5));
#2450 = CARTESIAN_POINT('',(-2.25,-17.60288568297));
#2451 = CARTESIAN_POINT('',(1.125,-19.55144284148));
#2452 = CARTESIAN_POINT('',(4.5,-21.5));
#2453 = CARTESIAN_POINT('',(1.125,-23.44855715851));
#2454 = CARTESIAN_POINT('',(-2.25,-25.39711431703));
#2455 = CARTESIAN_POINT('',(-2.25,-21.5));
#2456 = ( GEOMETRIC_REPRESENTATION_CONTEXT(2) 
PARAMETRIC_REPRESENTATION_CONTEXT() REPRESENTATION_CONTEXT('2D SPACE',''
  ) );
#2457 = PCURVE('',#1344,#2458);
#2458 = DEFINITIONAL_REPRESENTATION('',(#2459),#2463);
#2459 = LINE('',#2460,#2461);
#2460 = CARTESIAN_POINT('',(0.,-30.));
#2461 = VECTOR('',#2462,1.);
#2462 = DIRECTION('',(1.,0.));
#2463 = ( GEOMETRIC_REPRESENTATION_CONTEXT(2) 
PARAMETRIC_REPRESENTATION_CONTEXT() REPRESENTATION_CONTEXT('2D SPACE',''
  ) );
#2464 = ORIENTED_EDGE('',*,*,#1407,.T.);
#2465 = FACE_BOUND('',#2466,.T.);
#2466 = EDGE_LOOP('',(#2467,#2493));
#2467 = ORIENTED_EDGE('',*,*,#2468,.T.);
#2468 = EDGE_CURVE('',#1557,#1620,#2469,.T.);
#2469 = SURFACE_CURVE('',#2470,(#2475,#2486),.PCURVE_S1.);
#2470 = CIRCLE('',#2471,2.25);
#2471 = AXIS2_PLACEMENT_3D('',#2472,#2473,#2474);
#2472 = CARTESIAN_POINT('',(-15.,-21.50000005,4.77395901699E-15));
#2473 = DIRECTION('',(1.,0.,0.));
#2474 = DIRECTION('',(0.,-1.,2.22044604925E-16));
#2475 = PCURVE('',#73,#2476);
#2476 = DEFINITIONAL_REPRESENTATION('',(#2477),#2485);
#2477 = ( BOUNDED_CURVE() B_SPLINE_CURVE(2,(#2478,#2479,#2480,#2481,
#2482,#2483,#2484),.UNSPECIFIED.,.T.,.F.) B_SPLINE_CURVE_WITH_KNOTS((1,2
    ,2,2,2,1),(-2.094395102393,0.,2.094395102393,4.188790204786,
6.28318530718,8.377580409573),.UNSPECIFIED.) CURVE() 
GEOMETRIC_REPRESENTATION_ITEM() RATIONAL_B_SPLINE_CURVE((1.,0.5,1.,0.5,
1.,0.5,1.)) REPRESENTATION_ITEM('') );
#2478 = CARTESIAN_POINT('',(-23.75,0.));
#2479 = CARTESIAN_POINT('',(-23.75,3.89711431703));
#2480 = CARTESIAN_POINT('',(-20.375,1.948557158515));
#2481 = CARTESIAN_POINT('',(-17.,5.510910596163E-16));
#2482 = CARTESIAN_POINT('',(-20.375,-1.948557158515));
#2483 = CARTESIAN_POINT('',(-23.75,-3.89711431703));
#2484 = CARTESIAN_POINT('',(-23.75,0.));
#2485 = ( GEOMETRIC_REPRESENTATION_CONTEXT(2) 
PARAMETRIC_REPRESENTATION_CONTEXT() REPRESENTATION_CONTEXT('2D SPACE',''
  ) );
#2486 = PCURVE('',#1579,#2487);
#2487 = DEFINITIONAL_REPRESENTATION('',(#2488),#2492);
#2488 = LINE('',#2489,#2490);
#2489 = CARTESIAN_POINT('',(0.,-30.));
#2490 = VECTOR('',#2491,1.);
#2491 = DIRECTION('',(1.,0.));
#2492 = ( GEOMETRIC_REPRESENTATION_CONTEXT(2) 
PARAMETRIC_REPRESENTATION_CONTEXT() REPRESENTATION_CONTEXT('2D SPACE',''
  ) );
#2493 = ORIENTED_EDGE('',*,*,#1642,.T.);
#2494 = FACE_BOUND('',#2495,.T.);
#2495 = EDGE_LOOP('',(#2496,#2497));
#2496 = ORIENTED_EDGE('',*,*,#2325,.T.);
#2497 = ORIENTED_EDGE('',*,*,#1827,.T.);
#2498 = ADVANCED_FACE('',(#2499),#1789,.F.);
#2499 = FACE_BOUND('',#2500,.F.);
#2500 = EDGE_LOOP('',(#2501,#2523,#2524,#2546));
#2501 = ORIENTED_EDGE('',*,*,#2502,.F.);
#2502 = EDGE_CURVE('',#143,#207,#2503,.T.);
#2503 = SURFACE_CURVE('',#2504,(#2509,#2516),.PCURVE_S1.);
#2504 = CIRCLE('',#2505,15.);
#2505 = AXIS2_PLACEMENT_3D('',#2506,#2507,#2508);
#2506 = CARTESIAN_POINT('',(14.,-5.00000005843E-08,1.110223037599E-23));
#2507 = DIRECTION('',(1.,-0.,0.));
#2508 = DIRECTION('',(0.,1.,-2.22044604925E-16));
#2509 = PCURVE('',#1789,#2510);
#2510 = DEFINITIONAL_REPRESENTATION('',(#2511),#2515);
#2511 = LINE('',#2512,#2513);
#2512 = CARTESIAN_POINT('',(-3.14159265359,29.));
#2513 = VECTOR('',#2514,1.);
#2514 = DIRECTION('',(1.,0.));
#2515 = ( GEOMETRIC_REPRESENTATION_CONTEXT(2) 
PARAMETRIC_REPRESENTATION_CONTEXT() REPRESENTATION_CONTEXT('2D SPACE',''
  ) );
#2516 = PCURVE('',#165,#2517);
#2517 = DEFINITIONAL_REPRESENTATION('',(#2518),#2522);
#2518 = LINE('',#2519,#2520);
#2519 = CARTESIAN_POINT('',(-3.14159265359,0.));
#2520 = VECTOR('',#2521,1.);
#2521 = DIRECTION('',(1.,0.));
#2522 = ( GEOMETRIC_REPRESENTATION_CONTEXT(2) 
PARAMETRIC_REPRESENTATION_CONTEXT() REPRESENTATION_CONTEXT('2D SPACE',''
  ) );
#2523 = ORIENTED_EDGE('',*,*,#1775,.F.);
#2524 = ORIENTED_EDGE('',*,*,#2525,.F.);
#2525 = EDGE_CURVE('',#22,#90,#2526,.T.);
#2526 = SURFACE_CURVE('',#2527,(#2532,#2539),.PCURVE_S1.);
#2527 = CIRCLE('',#2528,15.);
#2528 = AXIS2_PLACEMENT_3D('',#2529,#2530,#2531);
#2529 = CARTESIAN_POINT('',(-14.,-5.00000005843E-08,1.110223037599E-23)
  );
#2530 = DIRECTION('',(-1.,0.,-0.));
#2531 = DIRECTION('',(0.,1.,-2.22044604925E-16));
#2532 = PCURVE('',#1789,#2533);
#2533 = DEFINITIONAL_REPRESENTATION('',(#2534),#2538);
#2534 = LINE('',#2535,#2536);
#2535 = CARTESIAN_POINT('',(3.14159265359,1.));
#2536 = VECTOR('',#2537,1.);
#2537 = DIRECTION('',(-1.,0.));
#2538 = ( GEOMETRIC_REPRESENTATION_CONTEXT(2) 
PARAMETRIC_REPRESENTATION_CONTEXT() REPRESENTATION_CONTEXT('2D SPACE',''
  ) );
#2539 = PCURVE('',#44,#2540);
#2540 = DEFINITIONAL_REPRESENTATION('',(#2541),#2545);
#2541 = LINE('',#2542,#2543);
#2542 = CARTESIAN_POINT('',(0.,-1.));
#2543 = VECTOR('',#2544,1.);
#2544 = DIRECTION('',(1.,0.));
#2545 = ( GEOMETRIC_REPRESENTATION_CONTEXT(2) 
PARAMETRIC_REPRESENTATION_CONTEXT() REPRESENTATION_CONTEXT('2D SPACE',''
  ) );
#2546 = ORIENTED_EDGE('',*,*,#1802,.T.);
#2547 = ADVANCED_FACE('',(#2548),#1738,.T.);
#2548 = FACE_BOUND('',#2549,.T.);
#2549 = EDGE_LOOP('',(#2550,#2551,#2573,#2574));
#2550 = ORIENTED_EDGE('',*,*,#1724,.F.);
#2551 = ORIENTED_EDGE('',*,*,#2552,.T.);
#2552 = EDGE_CURVE('',#295,#324,#2553,.T.);
#2553 = SURFACE_CURVE('',#2554,(#2559,#2566),.PCURVE_S1.);
#2554 = CIRCLE('',#2555,37.5);
#2555 = AXIS2_PLACEMENT_3D('',#2556,#2557,#2558);
#2556 = CARTESIAN_POINT('',(-8.,-5.00000005843E-08,1.110223037599E-23));
#2557 = DIRECTION('',(-1.,0.,-0.));
#2558 = DIRECTION('',(0.,1.,-2.22044604925E-16));
#2559 = PCURVE('',#1738,#2560);
#2560 = DEFINITIONAL_REPRESENTATION('',(#2561),#2565);
#2561 = LINE('',#2562,#2563);
#2562 = CARTESIAN_POINT('',(0.,1.));
#2563 = VECTOR('',#2564,1.);
#2564 = DIRECTION('',(1.,0.));
#2565 = ( GEOMETRIC_REPRESENTATION_CONTEXT(2) 
PARAMETRIC_REPRESENTATION_CONTEXT() REPRESENTATION_CONTEXT('2D SPACE',''
  ) );
#2566 = PCURVE('',#311,#2567);
#2567 = DEFINITIONAL_REPRESENTATION('',(#2568),#2572);
#2568 = LINE('',#2569,#2570);
#2569 = CARTESIAN_POINT('',(0.,6.28318530718));
#2570 = VECTOR('',#2571,1.);
#2571 = DIRECTION('',(1.,0.));
#2572 = ( GEOMETRIC_REPRESENTATION_CONTEXT(2) 
PARAMETRIC_REPRESENTATION_CONTEXT() REPRESENTATION_CONTEXT('2D SPACE',''
  ) );
#2573 = ORIENTED_EDGE('',*,*,#1751,.T.);
#2574 = ORIENTED_EDGE('',*,*,#2575,.T.);
#2575 = EDGE_CURVE('',#418,#447,#2576,.T.);
#2576 = SURFACE_CURVE('',#2577,(#2582,#2589),.PCURVE_S1.);
#2577 = CIRCLE('',#2578,37.5);
#2578 = AXIS2_PLACEMENT_3D('',#2579,#2580,#2581);
#2579 = CARTESIAN_POINT('',(-12.,-5.00000005843E-08,1.110223037599E-23)
  );
#2580 = DIRECTION('',(1.,0.,0.));
#2581 = DIRECTION('',(0.,-1.,2.22044604925E-16));
#2582 = PCURVE('',#1738,#2583);
#2583 = DEFINITIONAL_REPRESENTATION('',(#2584),#2588);
#2584 = LINE('',#2585,#2586);
#2585 = CARTESIAN_POINT('',(9.424777960769,5.));
#2586 = VECTOR('',#2587,1.);
#2587 = DIRECTION('',(-1.,0.));
#2588 = ( GEOMETRIC_REPRESENTATION_CONTEXT(2) 
PARAMETRIC_REPRESENTATION_CONTEXT() REPRESENTATION_CONTEXT('2D SPACE',''
  ) );
#2589 = PCURVE('',#434,#2590);
#2590 = DEFINITIONAL_REPRESENTATION('',(#2591),#2595);
#2591 = LINE('',#2592,#2593);
#2592 = CARTESIAN_POINT('',(0.,6.28318530718));
#2593 = VECTOR('',#2594,1.);
#2594 = DIRECTION('',(1.,0.));
#2595 = ( GEOMETRIC_REPRESENTATION_CONTEXT(2) 
PARAMETRIC_REPRESENTATION_CONTEXT() REPRESENTATION_CONTEXT('2D SPACE',''
  ) );
#2596 = ADVANCED_FACE('',(#2597,#2626),#278,.F.);
#2597 = FACE_BOUND('',#2598,.T.);
#2598 = EDGE_LOOP('',(#2599,#2625));
#2599 = ORIENTED_EDGE('',*,*,#2600,.T.);
#2600 = EDGE_CURVE('',#257,#255,#2601,.T.);
#2601 = SURFACE_CURVE('',#2602,(#2607,#2618),.PCURVE_S1.);
#2602 = CIRCLE('',#2603,36.5);
#2603 = AXIS2_PLACEMENT_3D('',#2604,#2605,#2606);
#2604 = CARTESIAN_POINT('',(-7.,-5.00000005843E-08,1.110223037599E-23));
#2605 = DIRECTION('',(1.,-0.,0.));
#2606 = DIRECTION('',(0.,1.,-2.22044604925E-16));
#2607 = PCURVE('',#278,#2608);
#2608 = DEFINITIONAL_REPRESENTATION('',(#2609),#2617);
#2609 = ( BOUNDED_CURVE() B_SPLINE_CURVE(2,(#2610,#2611,#2612,#2613,
#2614,#2615,#2616),.UNSPECIFIED.,.T.,.F.) B_SPLINE_CURVE_WITH_KNOTS((1,2
    ,2,2,2,1),(-2.094395102393,0.,2.094395102393,4.188790204786,
6.28318530718,8.377580409573),.UNSPECIFIED.) CURVE() 
GEOMETRIC_REPRESENTATION_ITEM() RATIONAL_B_SPLINE_CURVE((1.,0.5,1.,0.5,
1.,0.5,1.)) REPRESENTATION_ITEM('') );
#2610 = CARTESIAN_POINT('',(36.5,0.));
#2611 = CARTESIAN_POINT('',(36.5,-63.21985447626));
#2612 = CARTESIAN_POINT('',(-18.25,-31.60992723813));
#2613 = CARTESIAN_POINT('',(-73.,-8.939921633776E-15));
#2614 = CARTESIAN_POINT('',(-18.25,31.609927238132));
#2615 = CARTESIAN_POINT('',(36.5,63.219854476264));
#2616 = CARTESIAN_POINT('',(36.5,0.));
#2617 = ( GEOMETRIC_REPRESENTATION_CONTEXT(2) 
PARAMETRIC_REPRESENTATION_CONTEXT() REPRESENTATION_CONTEXT('2D SPACE',''
  ) );
#2618 = PCURVE('',#311,#2619);
#2619 = DEFINITIONAL_REPRESENTATION('',(#2620),#2624);
#2620 = LINE('',#2621,#2622);
#2621 = CARTESIAN_POINT('',(6.28318530718,4.712388980385));
#2622 = VECTOR('',#2623,1.);
#2623 = DIRECTION('',(-1.,0.));
#2624 = ( GEOMETRIC_REPRESENTATION_CONTEXT(2) 
PARAMETRIC_REPRESENTATION_CONTEXT() REPRESENTATION_CONTEXT('2D SPACE',''
  ) );
#2625 = ORIENTED_EDGE('',*,*,#254,.T.);
#2626 = FACE_BOUND('',#2627,.T.);
#2627 = EDGE_LOOP('',(#2628,#2629));
#2628 = ORIENTED_EDGE('',*,*,#1997,.T.);
#2629 = ORIENTED_EDGE('',*,*,#2069,.T.);
#2630 = ADVANCED_FACE('',(#2631,#2660),#519,.F.);
#2631 = FACE_BOUND('',#2632,.T.);
#2632 = EDGE_LOOP('',(#2633,#2659));
#2633 = ORIENTED_EDGE('',*,*,#2634,.T.);
#2634 = EDGE_CURVE('',#498,#496,#2635,.T.);
#2635 = SURFACE_CURVE('',#2636,(#2641,#2652),.PCURVE_S1.);
#2636 = CIRCLE('',#2637,36.5);
#2637 = AXIS2_PLACEMENT_3D('',#2638,#2639,#2640);
#2638 = CARTESIAN_POINT('',(9.,-5.00000005843E-08,1.110223037599E-23));
#2639 = DIRECTION('',(-1.,0.,0.));
#2640 = DIRECTION('',(0.,-1.,2.22044604925E-16));
#2641 = PCURVE('',#519,#2642);
#2642 = DEFINITIONAL_REPRESENTATION('',(#2643),#2651);
#2643 = ( BOUNDED_CURVE() B_SPLINE_CURVE(2,(#2644,#2645,#2646,#2647,
#2648,#2649,#2650),.UNSPECIFIED.,.T.,.F.) B_SPLINE_CURVE_WITH_KNOTS((1,2
    ,2,2,2,1),(-2.094395102393,0.,2.094395102393,4.188790204786,
6.28318530718,8.377580409573),.UNSPECIFIED.) CURVE() 
GEOMETRIC_REPRESENTATION_ITEM() RATIONAL_B_SPLINE_CURVE((1.,0.5,1.,0.5,
1.,0.5,1.)) REPRESENTATION_ITEM('') );
#2644 = CARTESIAN_POINT('',(-36.5,0.));
#2645 = CARTESIAN_POINT('',(-36.5,63.219854476264));
#2646 = CARTESIAN_POINT('',(18.25,31.609927238132));
#2647 = CARTESIAN_POINT('',(73.,8.939921633776E-15));
#2648 = CARTESIAN_POINT('',(18.25,-31.60992723813));
#2649 = CARTESIAN_POINT('',(-36.5,-63.21985447626));
#2650 = CARTESIAN_POINT('',(-36.5,0.));
#2651 = ( GEOMETRIC_REPRESENTATION_CONTEXT(2) 
PARAMETRIC_REPRESENTATION_CONTEXT() REPRESENTATION_CONTEXT('2D SPACE',''
  ) );
#2652 = PCURVE('',#552,#2653);
#2653 = DEFINITIONAL_REPRESENTATION('',(#2654),#2658);
#2654 = LINE('',#2655,#2656);
#2655 = CARTESIAN_POINT('',(6.28318530718,4.712388980385));
#2656 = VECTOR('',#2657,1.);
#2657 = DIRECTION('',(-1.,0.));
#2658 = ( GEOMETRIC_REPRESENTATION_CONTEXT(2) 
PARAMETRIC_REPRESENTATION_CONTEXT() REPRESENTATION_CONTEXT('2D SPACE',''
  ) );
#2659 = ORIENTED_EDGE('',*,*,#495,.T.);
#2660 = FACE_BOUND('',#2661,.T.);
#2661 = EDGE_LOOP('',(#2662,#2663));
#2662 = ORIENTED_EDGE('',*,*,#2046,.T.);
#2663 = ORIENTED_EDGE('',*,*,#1938,.T.);
#2664 = ADVANCED_FACE('',(#2665),#1686,.T.);
#2665 = FACE_BOUND('',#2666,.T.);
#2666 = EDGE_LOOP('',(#2667,#2668,#2690,#2691));
#2667 = ORIENTED_EDGE('',*,*,#1672,.F.);
#2668 = ORIENTED_EDGE('',*,*,#2669,.T.);
#2669 = EDGE_CURVE('',#536,#565,#2670,.T.);
#2670 = SURFACE_CURVE('',#2671,(#2676,#2683),.PCURVE_S1.);
#2671 = CIRCLE('',#2672,37.5);
#2672 = AXIS2_PLACEMENT_3D('',#2673,#2674,#2675);
#2673 = CARTESIAN_POINT('',(10.,-5.00000005843E-08,1.110223037599E-23));
#2674 = DIRECTION('',(1.,0.,0.));
#2675 = DIRECTION('',(0.,-1.,2.22044604925E-16));
#2676 = PCURVE('',#1686,#2677);
#2677 = DEFINITIONAL_REPRESENTATION('',(#2678),#2682);
#2678 = LINE('',#2679,#2680);
#2679 = CARTESIAN_POINT('',(0.,1.));
#2680 = VECTOR('',#2681,1.);
#2681 = DIRECTION('',(1.,0.));
#2682 = ( GEOMETRIC_REPRESENTATION_CONTEXT(2) 
PARAMETRIC_REPRESENTATION_CONTEXT() REPRESENTATION_CONTEXT('2D SPACE',''
  ) );
#2683 = PCURVE('',#552,#2684);
#2684 = DEFINITIONAL_REPRESENTATION('',(#2685),#2689);
#2685 = LINE('',#2686,#2687);
#2686 = CARTESIAN_POINT('',(0.,6.28318530718));
#2687 = VECTOR('',#2688,1.);
#2688 = DIRECTION('',(1.,0.));
#2689 = ( GEOMETRIC_REPRESENTATION_CONTEXT(2) 
PARAMETRIC_REPRESENTATION_CONTEXT() REPRESENTATION_CONTEXT('2D SPACE',''
  ) );
#2690 = ORIENTED_EDGE('',*,*,#1699,.T.);
#2691 = ORIENTED_EDGE('',*,*,#2692,.T.);
#2692 = EDGE_CURVE('',#654,#683,#2693,.T.);
#2693 = SURFACE_CURVE('',#2694,(#2699,#2706),.PCURVE_S1.);
#2694 = CIRCLE('',#2695,37.5);
#2695 = AXIS2_PLACEMENT_3D('',#2696,#2697,#2698);
#2696 = CARTESIAN_POINT('',(14.,-5.00000005843E-08,1.110223037599E-23));
#2697 = DIRECTION('',(-1.,0.,-0.));
#2698 = DIRECTION('',(0.,1.,-2.22044604925E-16));
#2699 = PCURVE('',#1686,#2700);
#2700 = DEFINITIONAL_REPRESENTATION('',(#2701),#2705);
#2701 = LINE('',#2702,#2703);
#2702 = CARTESIAN_POINT('',(9.424777960769,5.));
#2703 = VECTOR('',#2704,1.);
#2704 = DIRECTION('',(-1.,0.));
#2705 = ( GEOMETRIC_REPRESENTATION_CONTEXT(2) 
PARAMETRIC_REPRESENTATION_CONTEXT() REPRESENTATION_CONTEXT('2D SPACE',''
  ) );
#2706 = PCURVE('',#670,#2707);
#2707 = DEFINITIONAL_REPRESENTATION('',(#2708),#2712);
#2708 = LINE('',#2709,#2710);
#2709 = CARTESIAN_POINT('',(0.,6.28318530718));
#2710 = VECTOR('',#2711,1.);
#2711 = DIRECTION('',(1.,0.));
#2712 = ( GEOMETRIC_REPRESENTATION_CONTEXT(2) 
PARAMETRIC_REPRESENTATION_CONTEXT() REPRESENTATION_CONTEXT('2D SPACE',''
  ) );
#2713 = ADVANCED_FACE('',(#2714),#1579,.F.);
#2714 = FACE_BOUND('',#2715,.F.);
#2715 = EDGE_LOOP('',(#2716,#2742,#2743,#2744));
#2716 = ORIENTED_EDGE('',*,*,#2717,.F.);
#2717 = EDGE_CURVE('',#1559,#1592,#2718,.T.);
#2718 = SURFACE_CURVE('',#2719,(#2724,#2731),.PCURVE_S1.);
#2719 = CIRCLE('',#2720,2.25);
#2720 = AXIS2_PLACEMENT_3D('',#2721,#2722,#2723);
#2721 = CARTESIAN_POINT('',(0.,-21.50000005,4.77395901699E-15));
#2722 = DIRECTION('',(1.,0.,0.));
#2723 = DIRECTION('',(0.,-1.,2.22044604925E-16));
#2724 = PCURVE('',#1579,#2725);
#2725 = DEFINITIONAL_REPRESENTATION('',(#2726),#2730);
#2726 = LINE('',#2727,#2728);
#2727 = CARTESIAN_POINT('',(0.,-15.));
#2728 = VECTOR('',#2729,1.);
#2729 = DIRECTION('',(1.,0.));
#2730 = ( GEOMETRIC_REPRESENTATION_CONTEXT(2) 
PARAMETRIC_REPRESENTATION_CONTEXT() REPRESENTATION_CONTEXT('2D SPACE',''
  ) );
#2731 = PCURVE('',#1537,#2732);
#2732 = DEFINITIONAL_REPRESENTATION('',(#2733),#2741);
#2733 = ( BOUNDED_CURVE() B_SPLINE_CURVE(2,(#2734,#2735,#2736,#2737,
#2738,#2739,#2740),.UNSPECIFIED.,.T.,.F.) B_SPLINE_CURVE_WITH_KNOTS((1,2
    ,2,2,2,1),(-2.094395102393,0.,2.094395102393,4.188790204786,
6.28318530718,8.377580409573),.UNSPECIFIED.) CURVE() 
GEOMETRIC_REPRESENTATION_ITEM() RATIONAL_B_SPLINE_CURVE((1.,0.5,1.,0.5,
1.,0.5,1.)) REPRESENTATION_ITEM('') );
#2734 = CARTESIAN_POINT('',(-2.25,-2.25));
#2735 = CARTESIAN_POINT('',(-2.25,1.64711431703));
#2736 = CARTESIAN_POINT('',(1.125,-0.301442841485));
#2737 = CARTESIAN_POINT('',(4.5,-2.25));
#2738 = CARTESIAN_POINT('',(1.125,-4.198557158515));
#2739 = CARTESIAN_POINT('',(-2.25,-6.14711431703));
#2740 = CARTESIAN_POINT('',(-2.25,-2.25));
#2741 = ( GEOMETRIC_REPRESENTATION_CONTEXT(2) 
PARAMETRIC_REPRESENTATION_CONTEXT() REPRESENTATION_CONTEXT('2D SPACE',''
  ) );
#2742 = ORIENTED_EDGE('',*,*,#1556,.F.);
#2743 = ORIENTED_EDGE('',*,*,#2468,.T.);
#2744 = ORIENTED_EDGE('',*,*,#1619,.T.);
#2745 = ADVANCED_FACE('',(#2746,#2750),#1537,.F.);
#2746 = FACE_BOUND('',#2747,.T.);
#2747 = EDGE_LOOP('',(#2748,#2749));
#2748 = ORIENTED_EDGE('',*,*,#2717,.F.);
#2749 = ORIENTED_EDGE('',*,*,#1591,.F.);
#2750 = FACE_BOUND('',#2751,.T.);
#2751 = EDGE_LOOP('',(#2752,#2778));
#2752 = ORIENTED_EDGE('',*,*,#2753,.T.);
#2753 = EDGE_CURVE('',#1437,#1500,#2754,.T.);
#2754 = SURFACE_CURVE('',#2755,(#2760,#2771),.PCURVE_S1.);
#2755 = CIRCLE('',#2756,4.);
#2756 = AXIS2_PLACEMENT_3D('',#2757,#2758,#2759);
#2757 = CARTESIAN_POINT('',(0.,-21.50000005,4.77395901699E-15));
#2758 = DIRECTION('',(1.,0.,0.));
#2759 = DIRECTION('',(0.,-1.,2.22044604925E-16));
#2760 = PCURVE('',#1537,#2761);
#2761 = DEFINITIONAL_REPRESENTATION('',(#2762),#2770);
#2762 = ( BOUNDED_CURVE() B_SPLINE_CURVE(2,(#2763,#2764,#2765,#2766,
#2767,#2768,#2769),.UNSPECIFIED.,.T.,.F.) B_SPLINE_CURVE_WITH_KNOTS((1,2
    ,2,2,2,1),(-2.094395102393,0.,2.094395102393,4.188790204786,
6.28318530718,8.377580409573),.UNSPECIFIED.) CURVE() 
GEOMETRIC_REPRESENTATION_ITEM() RATIONAL_B_SPLINE_CURVE((1.,0.5,1.,0.5,
1.,0.5,1.)) REPRESENTATION_ITEM('') );
#2763 = CARTESIAN_POINT('',(-4.,-2.25));
#2764 = CARTESIAN_POINT('',(-4.,4.678203230276));
#2765 = CARTESIAN_POINT('',(2.,1.214101615138));
#2766 = CARTESIAN_POINT('',(8.,-2.25));
#2767 = CARTESIAN_POINT('',(2.,-5.714101615138));
#2768 = CARTESIAN_POINT('',(-4.,-9.178203230276));
#2769 = CARTESIAN_POINT('',(-4.,-2.25));
#2770 = ( GEOMETRIC_REPRESENTATION_CONTEXT(2) 
PARAMETRIC_REPRESENTATION_CONTEXT() REPRESENTATION_CONTEXT('2D SPACE',''
  ) );
#2771 = PCURVE('',#1459,#2772);
#2772 = DEFINITIONAL_REPRESENTATION('',(#2773),#2777);
#2773 = LINE('',#2774,#2775);
#2774 = CARTESIAN_POINT('',(0.,-15.));
#2775 = VECTOR('',#2776,1.);
#2776 = DIRECTION('',(1.,0.));
#2777 = ( GEOMETRIC_REPRESENTATION_CONTEXT(2) 
PARAMETRIC_REPRESENTATION_CONTEXT() REPRESENTATION_CONTEXT('2D SPACE',''
  ) );
#2778 = ORIENTED_EDGE('',*,*,#1522,.T.);
#2779 = ADVANCED_FACE('',(#2780),#1459,.F.);
#2780 = FACE_BOUND('',#2781,.F.);
#2781 = EDGE_LOOP('',(#2782,#2783,#2784,#2785));
#2782 = ORIENTED_EDGE('',*,*,#2294,.F.);
#2783 = ORIENTED_EDGE('',*,*,#1436,.F.);
#2784 = ORIENTED_EDGE('',*,*,#2753,.T.);
#2785 = ORIENTED_EDGE('',*,*,#1499,.T.);
#2786 = ADVANCED_FACE('',(#2787),#1344,.F.);
#2787 = FACE_BOUND('',#2788,.F.);
#2788 = EDGE_LOOP('',(#2789,#2815,#2816,#2817));
#2789 = ORIENTED_EDGE('',*,*,#2790,.F.);
#2790 = EDGE_CURVE('',#1324,#1357,#2791,.T.);
#2791 = SURFACE_CURVE('',#2792,(#2797,#2804),.PCURVE_S1.);
#2792 = CIRCLE('',#2793,2.25);
#2793 = AXIS2_PLACEMENT_3D('',#2794,#2795,#2796);
#2794 = CARTESIAN_POINT('',(0.,-4.999999581035E-08,21.5));
#2795 = DIRECTION('',(1.,0.,0.));
#2796 = DIRECTION('',(0.,-1.,2.22044604925E-16));
#2797 = PCURVE('',#1344,#2798);
#2798 = DEFINITIONAL_REPRESENTATION('',(#2799),#2803);
#2799 = LINE('',#2800,#2801);
#2800 = CARTESIAN_POINT('',(0.,-15.));
#2801 = VECTOR('',#2802,1.);
#2802 = DIRECTION('',(1.,0.));
#2803 = ( GEOMETRIC_REPRESENTATION_CONTEXT(2) 
PARAMETRIC_REPRESENTATION_CONTEXT() REPRESENTATION_CONTEXT('2D SPACE',''
  ) );
#2804 = PCURVE('',#1302,#2805);
#2805 = DEFINITIONAL_REPRESENTATION('',(#2806),#2814);
#2806 = ( BOUNDED_CURVE() B_SPLINE_CURVE(2,(#2807,#2808,#2809,#2810,
#2811,#2812,#2813),.UNSPECIFIED.,.T.,.F.) B_SPLINE_CURVE_WITH_KNOTS((1,2
    ,2,2,2,1),(-2.094395102393,0.,2.094395102393,4.188790204786,
6.28318530718,8.377580409573),.UNSPECIFIED.) CURVE() 
GEOMETRIC_REPRESENTATION_ITEM() RATIONAL_B_SPLINE_CURVE((1.,0.5,1.,0.5,
1.,0.5,1.)) REPRESENTATION_ITEM('') );
#2807 = CARTESIAN_POINT('',(-2.25,-2.25));
#2808 = CARTESIAN_POINT('',(-2.25,1.64711431703));
#2809 = CARTESIAN_POINT('',(1.125,-0.301442841485));
#2810 = CARTESIAN_POINT('',(4.5,-2.25));
#2811 = CARTESIAN_POINT('',(1.125,-4.198557158515));
#2812 = CARTESIAN_POINT('',(-2.25,-6.14711431703));
#2813 = CARTESIAN_POINT('',(-2.25,-2.25));
#2814 = ( GEOMETRIC_REPRESENTATION_CONTEXT(2) 
PARAMETRIC_REPRESENTATION_CONTEXT() REPRESENTATION_CONTEXT('2D SPACE',''
  ) );
#2815 = ORIENTED_EDGE('',*,*,#1321,.F.);
#2816 = ORIENTED_EDGE('',*,*,#2439,.T.);
#2817 = ORIENTED_EDGE('',*,*,#1384,.T.);
#2818 = ADVANCED_FACE('',(#2819,#2823),#1302,.F.);
#2819 = FACE_BOUND('',#2820,.T.);
#2820 = EDGE_LOOP('',(#2821,#2822));
#2821 = ORIENTED_EDGE('',*,*,#2790,.F.);
#2822 = ORIENTED_EDGE('',*,*,#1356,.F.);
#2823 = FACE_BOUND('',#2824,.T.);
#2824 = EDGE_LOOP('',(#2825,#2851));
#2825 = ORIENTED_EDGE('',*,*,#2826,.T.);
#2826 = EDGE_CURVE('',#1202,#1265,#2827,.T.);
#2827 = SURFACE_CURVE('',#2828,(#2833,#2844),.PCURVE_S1.);
#2828 = CIRCLE('',#2829,4.);
#2829 = AXIS2_PLACEMENT_3D('',#2830,#2831,#2832);
#2830 = CARTESIAN_POINT('',(0.,-4.999999581035E-08,21.5));
#2831 = DIRECTION('',(1.,0.,0.));
#2832 = DIRECTION('',(0.,-1.,2.22044604925E-16));
#2833 = PCURVE('',#1302,#2834);
#2834 = DEFINITIONAL_REPRESENTATION('',(#2835),#2843);
#2835 = ( BOUNDED_CURVE() B_SPLINE_CURVE(2,(#2836,#2837,#2838,#2839,
#2840,#2841,#2842),.UNSPECIFIED.,.T.,.F.) B_SPLINE_CURVE_WITH_KNOTS((1,2
    ,2,2,2,1),(-2.094395102393,0.,2.094395102393,4.188790204786,
6.28318530718,8.377580409573),.UNSPECIFIED.) CURVE() 
GEOMETRIC_REPRESENTATION_ITEM() RATIONAL_B_SPLINE_CURVE((1.,0.5,1.,0.5,
1.,0.5,1.)) REPRESENTATION_ITEM('') );
#2836 = CARTESIAN_POINT('',(-4.,-2.25));
#2837 = CARTESIAN_POINT('',(-4.,4.678203230276));
#2838 = CARTESIAN_POINT('',(2.,1.214101615138));
#2839 = CARTESIAN_POINT('',(8.,-2.25));
#2840 = CARTESIAN_POINT('',(2.,-5.714101615138));
#2841 = CARTESIAN_POINT('',(-4.,-9.178203230276));
#2842 = CARTESIAN_POINT('',(-4.,-2.25));
#2843 = ( GEOMETRIC_REPRESENTATION_CONTEXT(2) 
PARAMETRIC_REPRESENTATION_CONTEXT() REPRESENTATION_CONTEXT('2D SPACE',''
  ) );
#2844 = PCURVE('',#1224,#2845);
#2845 = DEFINITIONAL_REPRESENTATION('',(#2846),#2850);
#2846 = LINE('',#2847,#2848);
#2847 = CARTESIAN_POINT('',(0.,-15.));
#2848 = VECTOR('',#2849,1.);
#2849 = DIRECTION('',(1.,0.));
#2850 = ( GEOMETRIC_REPRESENTATION_CONTEXT(2) 
PARAMETRIC_REPRESENTATION_CONTEXT() REPRESENTATION_CONTEXT('2D SPACE',''
  ) );
#2851 = ORIENTED_EDGE('',*,*,#1287,.T.);
#2852 = ADVANCED_FACE('',(#2853),#1224,.F.);
#2853 = FACE_BOUND('',#2854,.F.);
#2854 = EDGE_LOOP('',(#2855,#2856,#2857,#2858));
#2855 = ORIENTED_EDGE('',*,*,#2265,.F.);
#2856 = ORIENTED_EDGE('',*,*,#1201,.F.);
#2857 = ORIENTED_EDGE('',*,*,#2826,.T.);
#2858 = ORIENTED_EDGE('',*,*,#1264,.T.);
#2859 = ADVANCED_FACE('',(#2860),#1109,.F.);
#2860 = FACE_BOUND('',#2861,.F.);
#2861 = EDGE_LOOP('',(#2862,#2888,#2889,#2890));
#2862 = ORIENTED_EDGE('',*,*,#2863,.F.);
#2863 = EDGE_CURVE('',#1089,#1122,#2864,.T.);
#2864 = SURFACE_CURVE('',#2865,(#2870,#2877),.PCURVE_S1.);
#2865 = CIRCLE('',#2866,2.25);
#2866 = AXIS2_PLACEMENT_3D('',#2867,#2868,#2869);
#2867 = CARTESIAN_POINT('',(0.,21.49999995,-4.773958994786E-15));
#2868 = DIRECTION('',(1.,0.,0.));
#2869 = DIRECTION('',(0.,-1.,2.22044604925E-16));
#2870 = PCURVE('',#1109,#2871);
#2871 = DEFINITIONAL_REPRESENTATION('',(#2872),#2876);
#2872 = LINE('',#2873,#2874);
#2873 = CARTESIAN_POINT('',(0.,-15.));
#2874 = VECTOR('',#2875,1.);
#2875 = DIRECTION('',(1.,0.));
#2876 = ( GEOMETRIC_REPRESENTATION_CONTEXT(2) 
PARAMETRIC_REPRESENTATION_CONTEXT() REPRESENTATION_CONTEXT('2D SPACE',''
  ) );
#2877 = PCURVE('',#1067,#2878);
#2878 = DEFINITIONAL_REPRESENTATION('',(#2879),#2887);
#2879 = ( BOUNDED_CURVE() B_SPLINE_CURVE(2,(#2880,#2881,#2882,#2883,
#2884,#2885,#2886),.UNSPECIFIED.,.T.,.F.) B_SPLINE_CURVE_WITH_KNOTS((1,2
    ,2,2,2,1),(-2.094395102393,0.,2.094395102393,4.188790204786,
6.28318530718,8.377580409573),.UNSPECIFIED.) CURVE() 
GEOMETRIC_REPRESENTATION_ITEM() RATIONAL_B_SPLINE_CURVE((1.,0.5,1.,0.5,
1.,0.5,1.)) REPRESENTATION_ITEM('') );
#2880 = CARTESIAN_POINT('',(-2.25,-2.25));
#2881 = CARTESIAN_POINT('',(-2.25,1.64711431703));
#2882 = CARTESIAN_POINT('',(1.125,-0.301442841485));
#2883 = CARTESIAN_POINT('',(4.5,-2.25));
#2884 = CARTESIAN_POINT('',(1.125,-4.198557158515));
#2885 = CARTESIAN_POINT('',(-2.25,-6.14711431703));
#2886 = CARTESIAN_POINT('',(-2.25,-2.25));
#2887 = ( GEOMETRIC_REPRESENTATION_CONTEXT(2) 
PARAMETRIC_REPRESENTATION_CONTEXT() REPRESENTATION_CONTEXT('2D SPACE',''
  ) );
#2888 = ORIENTED_EDGE('',*,*,#1086,.F.);
#2889 = ORIENTED_EDGE('',*,*,#2410,.T.);
#2890 = ORIENTED_EDGE('',*,*,#1149,.T.);
#2891 = ADVANCED_FACE('',(#2892,#2896),#1067,.F.);
#2892 = FACE_BOUND('',#2893,.T.);
#2893 = EDGE_LOOP('',(#2894,#2895));
#2894 = ORIENTED_EDGE('',*,*,#2863,.F.);
#2895 = ORIENTED_EDGE('',*,*,#1121,.F.);
#2896 = FACE_BOUND('',#2897,.T.);
#2897 = EDGE_LOOP('',(#2898,#2924));
#2898 = ORIENTED_EDGE('',*,*,#2899,.T.);
#2899 = EDGE_CURVE('',#967,#1030,#2900,.T.);
#2900 = SURFACE_CURVE('',#2901,(#2906,#2917),.PCURVE_S1.);
#2901 = CIRCLE('',#2902,4.);
#2902 = AXIS2_PLACEMENT_3D('',#2903,#2904,#2905);
#2903 = CARTESIAN_POINT('',(0.,21.49999995,-4.773958994786E-15));
#2904 = DIRECTION('',(1.,0.,0.));
#2905 = DIRECTION('',(0.,-1.,2.22044604925E-16));
#2906 = PCURVE('',#1067,#2907);
#2907 = DEFINITIONAL_REPRESENTATION('',(#2908),#2916);
#2908 = ( BOUNDED_CURVE() B_SPLINE_CURVE(2,(#2909,#2910,#2911,#2912,
#2913,#2914,#2915),.UNSPECIFIED.,.T.,.F.) B_SPLINE_CURVE_WITH_KNOTS((1,2
    ,2,2,2,1),(-2.094395102393,0.,2.094395102393,4.188790204786,
6.28318530718,8.377580409573),.UNSPECIFIED.) CURVE() 
GEOMETRIC_REPRESENTATION_ITEM() RATIONAL_B_SPLINE_CURVE((1.,0.5,1.,0.5,
1.,0.5,1.)) REPRESENTATION_ITEM('') );
#2909 = CARTESIAN_POINT('',(-4.,-2.25));
#2910 = CARTESIAN_POINT('',(-4.,4.678203230276));
#2911 = CARTESIAN_POINT('',(2.,1.214101615138));
#2912 = CARTESIAN_POINT('',(8.,-2.25));
#2913 = CARTESIAN_POINT('',(2.,-5.714101615138));
#2914 = CARTESIAN_POINT('',(-4.,-9.178203230276));
#2915 = CARTESIAN_POINT('',(-4.,-2.25));
#2916 = ( GEOMETRIC_REPRESENTATION_CONTEXT(2) 
PARAMETRIC_REPRESENTATION_CONTEXT() REPRESENTATION_CONTEXT('2D SPACE',''
  ) );
#2917 = PCURVE('',#989,#2918);
#2918 = DEFINITIONAL_REPRESENTATION('',(#2919),#2923);
#2919 = LINE('',#2920,#2921);
#2920 = CARTESIAN_POINT('',(0.,-15.));
#2921 = VECTOR('',#2922,1.);
#2922 = DIRECTION('',(1.,0.));
#2923 = ( GEOMETRIC_REPRESENTATION_CONTEXT(2) 
PARAMETRIC_REPRESENTATION_CONTEXT() REPRESENTATION_CONTEXT('2D SPACE',''
  ) );
#2924 = ORIENTED_EDGE('',*,*,#1052,.T.);
#2925 = ADVANCED_FACE('',(#2926),#989,.F.);
#2926 = FACE_BOUND('',#2927,.F.);
#2927 = EDGE_LOOP('',(#2928,#2929,#2930,#2931));
#2928 = ORIENTED_EDGE('',*,*,#2236,.F.);
#2929 = ORIENTED_EDGE('',*,*,#966,.F.);
#2930 = ORIENTED_EDGE('',*,*,#2899,.T.);
#2931 = ORIENTED_EDGE('',*,*,#1029,.T.);
#2932 = ADVANCED_FACE('',(#2933),#874,.F.);
#2933 = FACE_BOUND('',#2934,.F.);
#2934 = EDGE_LOOP('',(#2935,#2961,#2962,#2963));
#2935 = ORIENTED_EDGE('',*,*,#2936,.F.);
#2936 = EDGE_CURVE('',#854,#887,#2937,.T.);
#2937 = SURFACE_CURVE('',#2938,(#2943,#2950),.PCURVE_S1.);
#2938 = CIRCLE('',#2939,2.25);
#2939 = AXIS2_PLACEMENT_3D('',#2940,#2941,#2942);
#2940 = CARTESIAN_POINT('',(0.,-5.000000535826E-08,-21.5));
#2941 = DIRECTION('',(1.,0.,0.));
#2942 = DIRECTION('',(0.,-1.,2.22044604925E-16));
#2943 = PCURVE('',#874,#2944);
#2944 = DEFINITIONAL_REPRESENTATION('',(#2945),#2949);
#2945 = LINE('',#2946,#2947);
#2946 = CARTESIAN_POINT('',(0.,-15.));
#2947 = VECTOR('',#2948,1.);
#2948 = DIRECTION('',(1.,0.));
#2949 = ( GEOMETRIC_REPRESENTATION_CONTEXT(2) 
PARAMETRIC_REPRESENTATION_CONTEXT() REPRESENTATION_CONTEXT('2D SPACE',''
  ) );
#2950 = PCURVE('',#832,#2951);
#2951 = DEFINITIONAL_REPRESENTATION('',(#2952),#2960);
#2952 = ( BOUNDED_CURVE() B_SPLINE_CURVE(2,(#2953,#2954,#2955,#2956,
#2957,#2958,#2959),.UNSPECIFIED.,.T.,.F.) B_SPLINE_CURVE_WITH_KNOTS((1,2
    ,2,2,2,1),(-2.094395102393,0.,2.094395102393,4.188790204786,
6.28318530718,8.377580409573),.UNSPECIFIED.) CURVE() 
GEOMETRIC_REPRESENTATION_ITEM() RATIONAL_B_SPLINE_CURVE((1.,0.5,1.,0.5,
1.,0.5,1.)) REPRESENTATION_ITEM('') );
#2953 = CARTESIAN_POINT('',(-2.25,-2.25));
#2954 = CARTESIAN_POINT('',(-2.25,1.64711431703));
#2955 = CARTESIAN_POINT('',(1.125,-0.301442841485));
#2956 = CARTESIAN_POINT('',(4.5,-2.25));
#2957 = CARTESIAN_POINT('',(1.125,-4.198557158515));
#2958 = CARTESIAN_POINT('',(-2.25,-6.14711431703));
#2959 = CARTESIAN_POINT('',(-2.25,-2.25));
#2960 = ( GEOMETRIC_REPRESENTATION_CONTEXT(2) 
PARAMETRIC_REPRESENTATION_CONTEXT() REPRESENTATION_CONTEXT('2D SPACE',''
  ) );
#2961 = ORIENTED_EDGE('',*,*,#851,.F.);
#2962 = ORIENTED_EDGE('',*,*,#2381,.T.);
#2963 = ORIENTED_EDGE('',*,*,#914,.T.);
#2964 = ADVANCED_FACE('',(#2965,#2969),#832,.F.);
#2965 = FACE_BOUND('',#2966,.T.);
#2966 = EDGE_LOOP('',(#2967,#2968));
#2967 = ORIENTED_EDGE('',*,*,#2936,.F.);
#2968 = ORIENTED_EDGE('',*,*,#886,.F.);
#2969 = FACE_BOUND('',#2970,.T.);
#2970 = EDGE_LOOP('',(#2971,#2997));
#2971 = ORIENTED_EDGE('',*,*,#2972,.T.);
#2972 = EDGE_CURVE('',#732,#795,#2973,.T.);
#2973 = SURFACE_CURVE('',#2974,(#2979,#2990),.PCURVE_S1.);
#2974 = CIRCLE('',#2975,4.);
#2975 = AXIS2_PLACEMENT_3D('',#2976,#2977,#2978);
#2976 = CARTESIAN_POINT('',(0.,-5.000000535826E-08,-21.5));
#2977 = DIRECTION('',(1.,0.,0.));
#2978 = DIRECTION('',(0.,-1.,2.22044604925E-16));
#2979 = PCURVE('',#832,#2980);
#2980 = DEFINITIONAL_REPRESENTATION('',(#2981),#2989);
#2981 = ( BOUNDED_CURVE() B_SPLINE_CURVE(2,(#2982,#2983,#2984,#2985,
#2986,#2987,#2988),.UNSPECIFIED.,.T.,.F.) B_SPLINE_CURVE_WITH_KNOTS((1,2
    ,2,2,2,1),(-2.094395102393,0.,2.094395102393,4.188790204786,
6.28318530718,8.377580409573),.UNSPECIFIED.) CURVE() 
GEOMETRIC_REPRESENTATION_ITEM() RATIONAL_B_SPLINE_CURVE((1.,0.5,1.,0.5,
1.,0.5,1.)) REPRESENTATION_ITEM('') );
#2982 = CARTESIAN_POINT('',(-4.,-2.25));
#2983 = CARTESIAN_POINT('',(-4.,4.678203230276));
#2984 = CARTESIAN_POINT('',(2.,1.214101615138));
#2985 = CARTESIAN_POINT('',(8.,-2.25));
#2986 = CARTESIAN_POINT('',(2.,-5.714101615138));
#2987 = CARTESIAN_POINT('',(-4.,-9.178203230276));
#2988 = CARTESIAN_POINT('',(-4.,-2.25));
#2989 = ( GEOMETRIC_REPRESENTATION_CONTEXT(2) 
PARAMETRIC_REPRESENTATION_CONTEXT() REPRESENTATION_CONTEXT('2D SPACE',''
  ) );
#2990 = PCURVE('',#754,#2991);
#2991 = DEFINITIONAL_REPRESENTATION('',(#2992),#2996);
#2992 = LINE('',#2993,#2994);
#2993 = CARTESIAN_POINT('',(0.,-15.));
#2994 = VECTOR('',#2995,1.);
#2995 = DIRECTION('',(1.,0.));
#2996 = ( GEOMETRIC_REPRESENTATION_CONTEXT(2) 
PARAMETRIC_REPRESENTATION_CONTEXT() REPRESENTATION_CONTEXT('2D SPACE',''
  ) );
#2997 = ORIENTED_EDGE('',*,*,#817,.T.);
#2998 = ADVANCED_FACE('',(#2999),#754,.F.);
#2999 = FACE_BOUND('',#3000,.F.);
#3000 = EDGE_LOOP('',(#3001,#3002,#3003,#3004));
#3001 = ORIENTED_EDGE('',*,*,#2207,.F.);
#3002 = ORIENTED_EDGE('',*,*,#731,.F.);
#3003 = ORIENTED_EDGE('',*,*,#2972,.T.);
#3004 = ORIENTED_EDGE('',*,*,#794,.T.);
#3005 = ADVANCED_FACE('',(#3006),#670,.T.);
#3006 = FACE_BOUND('',#3007,.T.);
#3007 = EDGE_LOOP('',(#3008,#3009,#3010,#3011));
#3008 = ORIENTED_EDGE('',*,*,#653,.F.);
#3009 = ORIENTED_EDGE('',*,*,#2178,.F.);
#3010 = ORIENTED_EDGE('',*,*,#706,.T.);
#3011 = ORIENTED_EDGE('',*,*,#2692,.F.);
#3012 = ADVANCED_FACE('',(#3013),#552,.T.);
#3013 = FACE_BOUND('',#3014,.T.);
#3014 = EDGE_LOOP('',(#3015,#3016,#3017,#3018));
#3015 = ORIENTED_EDGE('',*,*,#535,.F.);
#3016 = ORIENTED_EDGE('',*,*,#2634,.F.);
#3017 = ORIENTED_EDGE('',*,*,#593,.T.);
#3018 = ORIENTED_EDGE('',*,*,#2669,.F.);
#3019 = ADVANCED_FACE('',(#3020),#434,.T.);
#3020 = FACE_BOUND('',#3021,.T.);
#3021 = EDGE_LOOP('',(#3022,#3023,#3024,#3025));
#3022 = ORIENTED_EDGE('',*,*,#417,.F.);
#3023 = ORIENTED_EDGE('',*,*,#2094,.F.);
#3024 = ORIENTED_EDGE('',*,*,#470,.T.);
#3025 = ORIENTED_EDGE('',*,*,#2575,.F.);
#3026 = ADVANCED_FACE('',(#3027),#311,.T.);
#3027 = FACE_BOUND('',#3028,.T.);
#3028 = EDGE_LOOP('',(#3029,#3030,#3031,#3032));
#3029 = ORIENTED_EDGE('',*,*,#294,.F.);
#3030 = ORIENTED_EDGE('',*,*,#2600,.F.);
#3031 = ORIENTED_EDGE('',*,*,#352,.T.);
#3032 = ORIENTED_EDGE('',*,*,#2552,.F.);
#3033 = ADVANCED_FACE('',(#3034),#165,.F.);
#3034 = FACE_BOUND('',#3035,.F.);
#3035 = EDGE_LOOP('',(#3036,#3037,#3038,#3039));
#3036 = ORIENTED_EDGE('',*,*,#2154,.T.);
#3037 = ORIENTED_EDGE('',*,*,#142,.F.);
#3038 = ORIENTED_EDGE('',*,*,#2502,.T.);
#3039 = ORIENTED_EDGE('',*,*,#206,.T.);
#3040 = ADVANCED_FACE('',(#3041),#44,.F.);
#3041 = FACE_BOUND('',#3042,.F.);
#3042 = EDGE_LOOP('',(#3043,#3044,#3045,#3046));
#3043 = ORIENTED_EDGE('',*,*,#2353,.T.);
#3044 = ORIENTED_EDGE('',*,*,#21,.F.);
#3045 = ORIENTED_EDGE('',*,*,#2525,.T.);
#3046 = ORIENTED_EDGE('',*,*,#89,.T.);
#3047 = ( GEOMETRIC_REPRESENTATION_CONTEXT(3) 
GLOBAL_UNCERTAINTY_ASSIGNED_CONTEXT((#3051)) 
GLOBAL_UNIT_ASSIGNED_CONTEXT((#3048,#3049,#3050)) REPRESENTATION_CONTEXT
('Context #1','3D Context with UNIT and UNCERTAINTY') );
#3048 = ( LENGTH_UNIT() NAMED_UNIT(*) SI_UNIT(.MILLI.,.METRE.) );
#3049 = ( NAMED_UNIT(*) PLANE_ANGLE_UNIT() SI_UNIT($,.RADIAN.) );
#3050 = ( NAMED_UNIT(*) SI_UNIT($,.STERADIAN.) SOLID_ANGLE_UNIT() );
#3051 = UNCERTAINTY_MEASURE_WITH_UNIT(LENGTH_MEASURE(1.E-07),#3048,
  'distance_accuracy_value','confusion accuracy');
#3052 = PRODUCT_RELATED_PRODUCT_CATEGORY('part',$,(#7));
ENDSEC;
END-ISO-10303-21;
