ISO-10303-21;
HEADER;
FILE_DESCRIPTION(('Open CASCADE Model'),'2;1');
FILE_NAME('Open CASCADE Shape Model','2026-09-11T12:02:22',('Author'),(
    'Open CASCADE'),'Open CASCADE STEP processor 7.9','Open CASCADE 7.9'
  ,'Unknown');
FILE_SCHEMA(('AUTOMOTIVE_DESIGN { 1 0 10303 214 1 1 1 1 }'));
ENDSEC;
DATA;
#1 = APPLICATION_PROTOCOL_DEFINITION('international standard',
  'automotive_design',2000,#2);
#2 = APPLICATION_CONTEXT(
  'core data for automotive mechanical design processes');
#3 = SHAPE_DEFINITION_REPRESENTATION(#4,#10);
#4 = PRODUCT_DEFINITION_SHAPE('','',#5);
#5 = PRODUCT_DEFINITION('design','',#6,#9);
#6 = PRODUCT_DEFINITION_FORMATION('','',#7);
#7 = PRODUCT('Open CASCADE STEP translator 7.9 4',
  'Open CASCADE STEP translator 7.9 4','',(#8));
#8 = PRODUCT_CONTEXT('',#2,'mechanical');
#9 = PRODUCT_DEFINITION_CONTEXT('part definition',#2,'design');
#10 = ADVANCED_BREP_SHAPE_REPRESENTATION('',(#11,#15),#5664);
#11 = AXIS2_PLACEMENT_3D('',#12,#13,#14);
#12 = CARTESIAN_POINT('',(0.,0.,0.));
#13 = DIRECTION('',(0.,0.,1.));
#14 = DIRECTION('',(1.,0.,-0.));
#15 = MANIFOLD_SOLID_BREP('',#16);
#16 = CLOSED_SHELL('',(#17,#134,#350,#492,#639,#746,#905,#1022,#1257,
    #1535,#1646,#1768,#1875,#1991,#2102,#2218,#2329,#2445,#2556,#2672,
    #2783,#2899,#3010,#3274,#3321,#3371,#3873,#4188,#4513,#4613,#4663,
    #4912,#4940,#4972,#5006,#5013,#5045,#5079,#5086,#5118,#5152,#5159,
    #5191,#5225,#5232,#5305,#5382,#5435,#5442,#5449,#5481,#5515,#5522,
    #5550,#5557,#5587,#5593,#5625,#5630,#5639,#5645,#5652,#5657));
#17 = ADVANCED_FACE('',(#18),#33,.T.);
#18 = FACE_BOUND('',#19,.T.);
#19 = EDGE_LOOP('',(#20,#56,#84,#113));
#20 = ORIENTED_EDGE('',*,*,#21,.F.);
#21 = EDGE_CURVE('',#22,#24,#26,.T.);
#22 = VERTEX_POINT('',#23);
#23 = CARTESIAN_POINT('',(25.,24.,-4.999999750351E-08));
#24 = VERTEX_POINT('',#25);
#25 = CARTESIAN_POINT('',(25.,-24.,-4.999999514421E-08));
#26 = SURFACE_CURVE('',#27,(#32,#44),.PCURVE_S1.);
#27 = CIRCLE('',#28,24.);
#28 = AXIS2_PLACEMENT_3D('',#29,#30,#31);
#29 = CARTESIAN_POINT('',(25.,-5.551115187997E-24,-4.999999780875E-08));
#30 = DIRECTION('',(1.,0.,1.110223024625E-16));
#31 = DIRECTION('',(1.232595164408E-32,1.,-1.110223024625E-16));
#32 = PCURVE('',#33,#38);
#33 = CONICAL_SURFACE('',#34,24.,0.785398163397);
#34 = AXIS2_PLACEMENT_3D('',#35,#36,#37);
#35 = CARTESIAN_POINT('',(25.,-5.551115187997E-24,-4.999999780875E-08));
#36 = DIRECTION('',(-1.,0.,-1.110223024625E-16));
#37 = DIRECTION('',(-1.232595164408E-32,-1.,1.110223024625E-16));
#38 = DEFINITIONAL_REPRESENTATION('',(#39),#43);
#39 = LINE('',#40,#41);
#40 = CARTESIAN_POINT('',(3.14159265359,0.));
#41 = VECTOR('',#42,1.);
#42 = DIRECTION('',(-1.,0.));
#43 = ( GEOMETRIC_REPRESENTATION_CONTEXT(2) 
PARAMETRIC_REPRESENTATION_CONTEXT() REPRESENTATION_CONTEXT('2D SPACE',''
  ) );
#44 = PCURVE('',#45,#50);
#45 = PLANE('',#46);
#46 = AXIS2_PLACEMENT_3D('',#47,#48,#49);
#47 = CARTESIAN_POINT('',(25.,-5.551115187997E-24,-4.999999780875E-08));
#48 = DIRECTION('',(1.,0.,1.110223024625E-16));
#49 = DIRECTION('',(1.232595164408E-32,1.,-1.110223024625E-16));
#50 = DEFINITIONAL_REPRESENTATION('',(#51),#55);
#51 = CIRCLE('',#52,24.);
#52 = AXIS2_PLACEMENT_2D('',#53,#54);
#53 = CARTESIAN_POINT('',(0.,0.));
#54 = DIRECTION('',(1.,0.));
#55 = ( GEOMETRIC_REPRESENTATION_CONTEXT(2) 
PARAMETRIC_REPRESENTATION_CONTEXT() REPRESENTATION_CONTEXT('2D SPACE',''
  ) );
#56 = ORIENTED_EDGE('',*,*,#57,.T.);
#57 = EDGE_CURVE('',#22,#58,#60,.T.);
#58 = VERTEX_POINT('',#59);
#59 = CARTESIAN_POINT('',(24.5,24.5,-5.00000005843E-08));
#60 = SURFACE_CURVE('',#61,(#65,#72),.PCURVE_S1.);
#61 = LINE('',#62,#63);
#62 = CARTESIAN_POINT('',(25.,24.,-4.999999753413E-08));
#63 = VECTOR('',#64,1.);
#64 = DIRECTION('',(-0.707106781187,0.707106781187,-7.041364024488E-17)
  );
#65 = PCURVE('',#33,#66);
#66 = DEFINITIONAL_REPRESENTATION('',(#67),#71);
#67 = LINE('',#68,#69);
#68 = CARTESIAN_POINT('',(3.14159265359,-1.874699728327E-33));
#69 = VECTOR('',#70,1.);
#70 = DIRECTION('',(0.,1.));
#71 = ( GEOMETRIC_REPRESENTATION_CONTEXT(2) 
PARAMETRIC_REPRESENTATION_CONTEXT() REPRESENTATION_CONTEXT('2D SPACE',''
  ) );
#72 = PCURVE('',#73,#78);
#73 = CONICAL_SURFACE('',#74,24.,0.785398163397);
#74 = AXIS2_PLACEMENT_3D('',#75,#76,#77);
#75 = CARTESIAN_POINT('',(25.,-5.551115187997E-24,-4.999999780875E-08));
#76 = DIRECTION('',(-1.,0.,-1.110223024625E-16));
#77 = DIRECTION('',(-1.232595164408E-32,-1.,1.110223024625E-16));
#78 = DEFINITIONAL_REPRESENTATION('',(#79),#83);
#79 = LINE('',#80,#81);
#80 = CARTESIAN_POINT('',(3.14159265359,-1.874699728327E-33));
#81 = VECTOR('',#82,1.);
#82 = DIRECTION('',(0.,1.));
#83 = ( GEOMETRIC_REPRESENTATION_CONTEXT(2) 
PARAMETRIC_REPRESENTATION_CONTEXT() REPRESENTATION_CONTEXT('2D SPACE',''
  ) );
#84 = ORIENTED_EDGE('',*,*,#85,.F.);
#85 = EDGE_CURVE('',#86,#58,#88,.T.);
#86 = VERTEX_POINT('',#87);
#87 = CARTESIAN_POINT('',(24.5,-24.5,-4.999999214383E-08));
#88 = SURFACE_CURVE('',#89,(#94,#101),.PCURVE_S1.);
#89 = CIRCLE('',#90,24.5);
#90 = AXIS2_PLACEMENT_3D('',#91,#92,#93);
#91 = CARTESIAN_POINT('',(24.5,-5.551115187997E-24,-4.999999786426E-08)
  );
#92 = DIRECTION('',(-1.,0.,-1.110223024625E-16));
#93 = DIRECTION('',(1.232595164408E-32,1.,-1.110223024625E-16));
#94 = PCURVE('',#33,#95);
#95 = DEFINITIONAL_REPRESENTATION('',(#96),#100);
#96 = LINE('',#97,#98);
#97 = CARTESIAN_POINT('',(-3.14159265359,0.5));
#98 = VECTOR('',#99,1.);
#99 = DIRECTION('',(1.,0.));
#100 = ( GEOMETRIC_REPRESENTATION_CONTEXT(2) 
PARAMETRIC_REPRESENTATION_CONTEXT() REPRESENTATION_CONTEXT('2D SPACE',''
  ) );
#101 = PCURVE('',#102,#107);
#102 = CYLINDRICAL_SURFACE('',#103,24.5);
#103 = AXIS2_PLACEMENT_3D('',#104,#105,#106);
#104 = CARTESIAN_POINT('',(15.,-5.551115187997E-24,-4.999999891897E-08)
  );
#105 = DIRECTION('',(1.,0.,1.110223024625E-16));
#106 = DIRECTION('',(1.232595164408E-32,1.,-1.110223024625E-16));
#107 = DEFINITIONAL_REPRESENTATION('',(#108),#112);
#108 = LINE('',#109,#110);
#109 = CARTESIAN_POINT('',(6.28318530718,9.5));
#110 = VECTOR('',#111,1.);
#111 = DIRECTION('',(-1.,0.));
#112 = ( GEOMETRIC_REPRESENTATION_CONTEXT(2) 
PARAMETRIC_REPRESENTATION_CONTEXT() REPRESENTATION_CONTEXT('2D SPACE',''
  ) );
#113 = ORIENTED_EDGE('',*,*,#114,.F.);
#114 = EDGE_CURVE('',#24,#86,#115,.T.);
#115 = SURFACE_CURVE('',#116,(#120,#127),.PCURVE_S1.);
#116 = LINE('',#117,#118);
#117 = CARTESIAN_POINT('',(25.,-24.,-4.999999514421E-08));
#118 = VECTOR('',#119,1.);
#119 = DIRECTION('',(-0.707106781187,-0.707106781187,0.));
#120 = PCURVE('',#33,#121);
#121 = DEFINITIONAL_REPRESENTATION('',(#122),#126);
#122 = LINE('',#123,#124);
#123 = CARTESIAN_POINT('',(0.,0.));
#124 = VECTOR('',#125,1.);
#125 = DIRECTION('',(0.,1.));
#126 = ( GEOMETRIC_REPRESENTATION_CONTEXT(2) 
PARAMETRIC_REPRESENTATION_CONTEXT() REPRESENTATION_CONTEXT('2D SPACE',''
  ) );
#127 = PCURVE('',#73,#128);
#128 = DEFINITIONAL_REPRESENTATION('',(#129),#133);
#129 = LINE('',#130,#131);
#130 = CARTESIAN_POINT('',(6.28318530718,0.));
#131 = VECTOR('',#132,1.);
#132 = DIRECTION('',(0.,1.));
#133 = ( GEOMETRIC_REPRESENTATION_CONTEXT(2) 
PARAMETRIC_REPRESENTATION_CONTEXT() REPRESENTATION_CONTEXT('2D SPACE',''
  ) );
#134 = ADVANCED_FACE('',(#135),#149,.F.);
#135 = FACE_BOUND('',#136,.F.);
#136 = EDGE_LOOP('',(#137,#172,#201,#224,#253,#281,#305,#328));
#137 = ORIENTED_EDGE('',*,*,#138,.T.);
#138 = EDGE_CURVE('',#139,#141,#143,.T.);
#139 = VERTEX_POINT('',#140);
#140 = CARTESIAN_POINT('',(15.,-6.892632411335,13.322597986502));
#141 = VERTEX_POINT('',#142);
#142 = CARTESIAN_POINT('',(14.9,-6.892632411335,13.322597986502));
#143 = SURFACE_CURVE('',#144,(#148,#160),.PCURVE_S1.);
#144 = LINE('',#145,#146);
#145 = CARTESIAN_POINT('',(19.95,-6.892632411335,13.322597986502));
#146 = VECTOR('',#147,1.);
#147 = DIRECTION('',(-1.,0.,-1.110223024625E-16));
#148 = PCURVE('',#149,#154);
#149 = CYLINDRICAL_SURFACE('',#150,1.65);
#150 = AXIS2_PLACEMENT_3D('',#151,#152,#153);
#151 = CARTESIAN_POINT('',(25.,-6.122934917841,14.782072470181));
#152 = DIRECTION('',(1.,0.,1.110223024625E-16));
#153 = DIRECTION('',(1.232595164408E-32,1.,-1.110223024625E-16));
#154 = DEFINITIONAL_REPRESENTATION('',(#155),#159);
#155 = LINE('',#156,#157);
#156 = CARTESIAN_POINT('',(4.227078140263,-5.05));
#157 = VECTOR('',#158,1.);
#158 = DIRECTION('',(0.,-1.));
#159 = ( GEOMETRIC_REPRESENTATION_CONTEXT(2) 
PARAMETRIC_REPRESENTATION_CONTEXT() REPRESENTATION_CONTEXT('2D SPACE',''
  ) );
#160 = PCURVE('',#161,#166);
#161 = CYLINDRICAL_SURFACE('',#162,15.);
#162 = AXIS2_PLACEMENT_3D('',#163,#164,#165);
#163 = CARTESIAN_POINT('',(25.,-5.551115187997E-24,-4.999999780875E-08)
  );
#164 = DIRECTION('',(-1.,0.,-1.110223024625E-16));
#165 = DIRECTION('',(-1.232595164408E-32,-1.,1.110223024625E-16));
#166 = DEFINITIONAL_REPRESENTATION('',(#167),#171);
#167 = LINE('',#168,#169);
#168 = CARTESIAN_POINT('',(1.093354221846,5.05));
#169 = VECTOR('',#170,1.);
#170 = DIRECTION('',(0.,1.));
#171 = ( GEOMETRIC_REPRESENTATION_CONTEXT(2) 
PARAMETRIC_REPRESENTATION_CONTEXT() REPRESENTATION_CONTEXT('2D SPACE',''
  ) );
#172 = ORIENTED_EDGE('',*,*,#173,.T.);
#173 = EDGE_CURVE('',#141,#174,#176,.T.);
#174 = VERTEX_POINT('',#175);
#175 = CARTESIAN_POINT('',(14.9,-4.546672296351,14.294326482915));
#176 = SURFACE_CURVE('',#177,(#182,#189),.PCURVE_S1.);
#177 = CIRCLE('',#178,1.65);
#178 = AXIS2_PLACEMENT_3D('',#179,#180,#181);
#179 = CARTESIAN_POINT('',(14.9,-6.122934917841,14.782072470181));
#180 = DIRECTION('',(1.,0.,1.110223024625E-16));
#181 = DIRECTION('',(1.232595164408E-32,1.,-1.110223024625E-16));
#182 = PCURVE('',#149,#183);
#183 = DEFINITIONAL_REPRESENTATION('',(#184),#188);
#184 = LINE('',#185,#186);
#185 = CARTESIAN_POINT('',(0.,-10.1));
#186 = VECTOR('',#187,1.);
#187 = DIRECTION('',(1.,0.));
#188 = ( GEOMETRIC_REPRESENTATION_CONTEXT(2) 
PARAMETRIC_REPRESENTATION_CONTEXT() REPRESENTATION_CONTEXT('2D SPACE',''
  ) );
#189 = PCURVE('',#190,#195);
#190 = CONICAL_SURFACE('',#191,1.65,1.029744258677);
#191 = AXIS2_PLACEMENT_3D('',#192,#193,#194);
#192 = CARTESIAN_POINT('',(14.9,-6.122934917841,14.782072470181));
#193 = DIRECTION('',(1.,0.,1.110223024625E-16));
#194 = DIRECTION('',(1.232595164408E-32,1.,-1.110223024625E-16));
#195 = DEFINITIONAL_REPRESENTATION('',(#196),#200);
#196 = LINE('',#197,#198);
#197 = CARTESIAN_POINT('',(0.,5.699660282001E-16));
#198 = VECTOR('',#199,1.);
#199 = DIRECTION('',(1.,-1.116466594246E-16));
#200 = ( GEOMETRIC_REPRESENTATION_CONTEXT(2) 
PARAMETRIC_REPRESENTATION_CONTEXT() REPRESENTATION_CONTEXT('2D SPACE',''
  ) );
#201 = ORIENTED_EDGE('',*,*,#202,.T.);
#202 = EDGE_CURVE('',#174,#203,#205,.T.);
#203 = VERTEX_POINT('',#204);
#204 = CARTESIAN_POINT('',(15.,-4.546672296351,14.294326482915));
#205 = SURFACE_CURVE('',#206,(#210,#217),.PCURVE_S1.);
#206 = LINE('',#207,#208);
#207 = CARTESIAN_POINT('',(19.95,-4.546672296351,14.294326482915));
#208 = VECTOR('',#209,1.);
#209 = DIRECTION('',(1.,0.,1.110223024625E-16));
#210 = PCURVE('',#149,#211);
#211 = DEFINITIONAL_REPRESENTATION('',(#212),#216);
#212 = LINE('',#213,#214);
#213 = CARTESIAN_POINT('',(5.983097983904,-5.05));
#214 = VECTOR('',#215,1.);
#215 = DIRECTION('',(0.,1.));
#216 = ( GEOMETRIC_REPRESENTATION_CONTEXT(2) 
PARAMETRIC_REPRESENTATION_CONTEXT() REPRESENTATION_CONTEXT('2D SPACE',''
  ) );
#217 = PCURVE('',#161,#218);
#218 = DEFINITIONAL_REPRESENTATION('',(#219),#223);
#219 = LINE('',#220,#221);
#220 = CARTESIAN_POINT('',(1.262840268346,5.05));
#221 = VECTOR('',#222,1.);
#222 = DIRECTION('',(0.,-1.));
#223 = ( GEOMETRIC_REPRESENTATION_CONTEXT(2) 
PARAMETRIC_REPRESENTATION_CONTEXT() REPRESENTATION_CONTEXT('2D SPACE',''
  ) );
#224 = ORIENTED_EDGE('',*,*,#225,.T.);
#225 = EDGE_CURVE('',#203,#226,#228,.T.);
#226 = VERTEX_POINT('',#227);
#227 = CARTESIAN_POINT('',(15.,-4.472934917841,14.782072470181));
#228 = SURFACE_CURVE('',#229,(#234,#241),.PCURVE_S1.);
#229 = CIRCLE('',#230,1.65);
#230 = AXIS2_PLACEMENT_3D('',#231,#232,#233);
#231 = CARTESIAN_POINT('',(15.,-6.122934917841,14.782072470181));
#232 = DIRECTION('',(1.,0.,1.110223024625E-16));
#233 = DIRECTION('',(1.232595164408E-32,1.,-1.110223024625E-16));
#234 = PCURVE('',#149,#235);
#235 = DEFINITIONAL_REPRESENTATION('',(#236),#240);
#236 = LINE('',#237,#238);
#237 = CARTESIAN_POINT('',(0.,-10.));
#238 = VECTOR('',#239,1.);
#239 = DIRECTION('',(1.,0.));
#240 = ( GEOMETRIC_REPRESENTATION_CONTEXT(2) 
PARAMETRIC_REPRESENTATION_CONTEXT() REPRESENTATION_CONTEXT('2D SPACE',''
  ) );
#241 = PCURVE('',#242,#247);
#242 = PLANE('',#243);
#243 = AXIS2_PLACEMENT_3D('',#244,#245,#246);
#244 = CARTESIAN_POINT('',(15.,-5.551115187997E-24,-4.999999891897E-08)
  );
#245 = DIRECTION('',(1.,0.,1.110223024625E-16));
#246 = DIRECTION('',(1.232595164408E-32,1.,-1.110223024625E-16));
#247 = DEFINITIONAL_REPRESENTATION('',(#248),#252);
#248 = CIRCLE('',#249,1.65);
#249 = AXIS2_PLACEMENT_2D('',#250,#251);
#250 = CARTESIAN_POINT('',(-6.122934917841,14.782072520181));
#251 = DIRECTION('',(1.,0.));
#252 = ( GEOMETRIC_REPRESENTATION_CONTEXT(2) 
PARAMETRIC_REPRESENTATION_CONTEXT() REPRESENTATION_CONTEXT('2D SPACE',''
  ) );
#253 = ORIENTED_EDGE('',*,*,#254,.T.);
#254 = EDGE_CURVE('',#226,#255,#257,.T.);
#255 = VERTEX_POINT('',#256);
#256 = CARTESIAN_POINT('',(25.,-4.472934917841,14.782072470181));
#257 = SURFACE_CURVE('',#258,(#262,#269),.PCURVE_S1.);
#258 = LINE('',#259,#260);
#259 = CARTESIAN_POINT('',(25.,-4.472934917841,14.782072470181));
#260 = VECTOR('',#261,1.);
#261 = DIRECTION('',(1.,0.,1.110223024625E-16));
#262 = PCURVE('',#149,#263);
#263 = DEFINITIONAL_REPRESENTATION('',(#264),#268);
#264 = LINE('',#265,#266);
#265 = CARTESIAN_POINT('',(6.28318530718,0.));
#266 = VECTOR('',#267,1.);
#267 = DIRECTION('',(0.,1.));
#268 = ( GEOMETRIC_REPRESENTATION_CONTEXT(2) 
PARAMETRIC_REPRESENTATION_CONTEXT() REPRESENTATION_CONTEXT('2D SPACE',''
  ) );
#269 = PCURVE('',#270,#275);
#270 = CYLINDRICAL_SURFACE('',#271,1.65);
#271 = AXIS2_PLACEMENT_3D('',#272,#273,#274);
#272 = CARTESIAN_POINT('',(25.,-6.122934917841,14.782072470181));
#273 = DIRECTION('',(1.,0.,1.110223024625E-16));
#274 = DIRECTION('',(1.232595164408E-32,1.,-1.110223024625E-16));
#275 = DEFINITIONAL_REPRESENTATION('',(#276),#280);
#276 = LINE('',#277,#278);
#277 = CARTESIAN_POINT('',(0.,0.));
#278 = VECTOR('',#279,1.);
#279 = DIRECTION('',(0.,1.));
#280 = ( GEOMETRIC_REPRESENTATION_CONTEXT(2) 
PARAMETRIC_REPRESENTATION_CONTEXT() REPRESENTATION_CONTEXT('2D SPACE',''
  ) );
#281 = ORIENTED_EDGE('',*,*,#282,.F.);
#282 = EDGE_CURVE('',#283,#255,#285,.T.);
#283 = VERTEX_POINT('',#284);
#284 = CARTESIAN_POINT('',(25.,-7.772934917841,14.782072470181));
#285 = SURFACE_CURVE('',#286,(#291,#298),.PCURVE_S1.);
#286 = CIRCLE('',#287,1.65);
#287 = AXIS2_PLACEMENT_3D('',#288,#289,#290);
#288 = CARTESIAN_POINT('',(25.,-6.122934917841,14.782072470181));
#289 = DIRECTION('',(1.,0.,1.110223024625E-16));
#290 = DIRECTION('',(1.232595164408E-32,1.,-1.110223024625E-16));
#291 = PCURVE('',#149,#292);
#292 = DEFINITIONAL_REPRESENTATION('',(#293),#297);
#293 = LINE('',#294,#295);
#294 = CARTESIAN_POINT('',(0.,0.));
#295 = VECTOR('',#296,1.);
#296 = DIRECTION('',(1.,0.));
#297 = ( GEOMETRIC_REPRESENTATION_CONTEXT(2) 
PARAMETRIC_REPRESENTATION_CONTEXT() REPRESENTATION_CONTEXT('2D SPACE',''
  ) );
#298 = PCURVE('',#45,#299);
#299 = DEFINITIONAL_REPRESENTATION('',(#300),#304);
#300 = CIRCLE('',#301,1.65);
#301 = AXIS2_PLACEMENT_2D('',#302,#303);
#302 = CARTESIAN_POINT('',(-6.122934917841,14.782072520181));
#303 = DIRECTION('',(1.,0.));
#304 = ( GEOMETRIC_REPRESENTATION_CONTEXT(2) 
PARAMETRIC_REPRESENTATION_CONTEXT() REPRESENTATION_CONTEXT('2D SPACE',''
  ) );
#305 = ORIENTED_EDGE('',*,*,#306,.F.);
#306 = EDGE_CURVE('',#307,#283,#309,.T.);
#307 = VERTEX_POINT('',#308);
#308 = CARTESIAN_POINT('',(15.,-7.772934917841,14.782072470181));
#309 = SURFACE_CURVE('',#310,(#314,#321),.PCURVE_S1.);
#310 = LINE('',#311,#312);
#311 = CARTESIAN_POINT('',(25.,-7.772934917841,14.782072470181));
#312 = VECTOR('',#313,1.);
#313 = DIRECTION('',(1.,0.,1.110223024625E-16));
#314 = PCURVE('',#149,#315);
#315 = DEFINITIONAL_REPRESENTATION('',(#316),#320);
#316 = LINE('',#317,#318);
#317 = CARTESIAN_POINT('',(3.14159265359,0.));
#318 = VECTOR('',#319,1.);
#319 = DIRECTION('',(0.,1.));
#320 = ( GEOMETRIC_REPRESENTATION_CONTEXT(2) 
PARAMETRIC_REPRESENTATION_CONTEXT() REPRESENTATION_CONTEXT('2D SPACE',''
  ) );
#321 = PCURVE('',#270,#322);
#322 = DEFINITIONAL_REPRESENTATION('',(#323),#327);
#323 = LINE('',#324,#325);
#324 = CARTESIAN_POINT('',(3.14159265359,0.));
#325 = VECTOR('',#326,1.);
#326 = DIRECTION('',(0.,1.));
#327 = ( GEOMETRIC_REPRESENTATION_CONTEXT(2) 
PARAMETRIC_REPRESENTATION_CONTEXT() REPRESENTATION_CONTEXT('2D SPACE',''
  ) );
#328 = ORIENTED_EDGE('',*,*,#329,.T.);
#329 = EDGE_CURVE('',#307,#139,#330,.T.);
#330 = SURFACE_CURVE('',#331,(#336,#343),.PCURVE_S1.);
#331 = CIRCLE('',#332,1.65);
#332 = AXIS2_PLACEMENT_3D('',#333,#334,#335);
#333 = CARTESIAN_POINT('',(15.,-6.122934917841,14.782072470181));
#334 = DIRECTION('',(1.,0.,1.110223024625E-16));
#335 = DIRECTION('',(1.232595164408E-32,1.,-1.110223024625E-16));
#336 = PCURVE('',#149,#337);
#337 = DEFINITIONAL_REPRESENTATION('',(#338),#342);
#338 = LINE('',#339,#340);
#339 = CARTESIAN_POINT('',(0.,-10.));
#340 = VECTOR('',#341,1.);
#341 = DIRECTION('',(1.,0.));
#342 = ( GEOMETRIC_REPRESENTATION_CONTEXT(2) 
PARAMETRIC_REPRESENTATION_CONTEXT() REPRESENTATION_CONTEXT('2D SPACE',''
  ) );
#343 = PCURVE('',#242,#344);
#344 = DEFINITIONAL_REPRESENTATION('',(#345),#349);
#345 = CIRCLE('',#346,1.65);
#346 = AXIS2_PLACEMENT_2D('',#347,#348);
#347 = CARTESIAN_POINT('',(-6.122934917841,14.782072520181));
#348 = DIRECTION('',(1.,0.));
#349 = ( GEOMETRIC_REPRESENTATION_CONTEXT(2) 
PARAMETRIC_REPRESENTATION_CONTEXT() REPRESENTATION_CONTEXT('2D SPACE',''
  ) );
#350 = ADVANCED_FACE('',(#351),#366,.F.);
#351 = FACE_BOUND('',#352,.F.);
#352 = EDGE_LOOP('',(#353,#389,#417));
#353 = ORIENTED_EDGE('',*,*,#354,.F.);
#354 = EDGE_CURVE('',#355,#357,#359,.T.);
#355 = VERTEX_POINT('',#356);
#356 = CARTESIAN_POINT('',(14.9,-13.13207252018,-6.122934967841));
#357 = VERTEX_POINT('',#358);
#358 = CARTESIAN_POINT('',(14.9,-14.29432653291,-4.546672346352));
#359 = SURFACE_CURVE('',#360,(#365,#377),.PCURVE_S1.);
#360 = CIRCLE('',#361,1.65);
#361 = AXIS2_PLACEMENT_3D('',#362,#363,#364);
#362 = CARTESIAN_POINT('',(14.9,-14.78207252018,-6.122934967841));
#363 = DIRECTION('',(1.,0.,1.110223024625E-16));
#364 = DIRECTION('',(1.232595164408E-32,1.,-1.110223024625E-16));
#365 = PCURVE('',#366,#371);
#366 = CONICAL_SURFACE('',#367,1.65,1.029744258677);
#367 = AXIS2_PLACEMENT_3D('',#368,#369,#370);
#368 = CARTESIAN_POINT('',(14.9,-14.78207252018,-6.122934967841));
#369 = DIRECTION('',(1.,0.,1.110223024625E-16));
#370 = DIRECTION('',(1.232595164408E-32,1.,-1.110223024625E-16));
#371 = DEFINITIONAL_REPRESENTATION('',(#372),#376);
#372 = LINE('',#373,#374);
#373 = CARTESIAN_POINT('',(0.,-9.802687471293E-17));
#374 = VECTOR('',#375,1.);
#375 = DIRECTION('',(1.,-1.542868972226E-16));
#376 = ( GEOMETRIC_REPRESENTATION_CONTEXT(2) 
PARAMETRIC_REPRESENTATION_CONTEXT() REPRESENTATION_CONTEXT('2D SPACE',''
  ) );
#377 = PCURVE('',#378,#383);
#378 = CYLINDRICAL_SURFACE('',#379,1.65);
#379 = AXIS2_PLACEMENT_3D('',#380,#381,#382);
#380 = CARTESIAN_POINT('',(25.,-14.78207252018,-6.122934967841));
#381 = DIRECTION('',(1.,0.,1.110223024625E-16));
#382 = DIRECTION('',(1.232595164408E-32,1.,-1.110223024625E-16));
#383 = DEFINITIONAL_REPRESENTATION('',(#384),#388);
#384 = LINE('',#385,#386);
#385 = CARTESIAN_POINT('',(0.,-10.1));
#386 = VECTOR('',#387,1.);
#387 = DIRECTION('',(1.,0.));
#388 = ( GEOMETRIC_REPRESENTATION_CONTEXT(2) 
PARAMETRIC_REPRESENTATION_CONTEXT() REPRESENTATION_CONTEXT('2D SPACE',''
  ) );
#389 = ORIENTED_EDGE('',*,*,#390,.F.);
#390 = EDGE_CURVE('',#391,#355,#393,.T.);
#391 = VERTEX_POINT('',#392);
#392 = CARTESIAN_POINT('',(14.562710233467,-13.69341695822,
    -6.122934967841));
#393 = SURFACE_CURVE('',#394,(#398,#405),.PCURVE_S1.);
#394 = LINE('',#395,#396);
#395 = CARTESIAN_POINT('',(14.9,-13.13207252018,-6.122934967841));
#396 = VECTOR('',#397,1.);
#397 = DIRECTION('',(0.51503807491,0.857167300702,-3.798397438715E-17));
#398 = PCURVE('',#366,#399);
#399 = DEFINITIONAL_REPRESENTATION('',(#400),#404);
#400 = LINE('',#401,#402);
#401 = CARTESIAN_POINT('',(0.,1.143614258648E-15));
#402 = VECTOR('',#403,1.);
#403 = DIRECTION('',(0.,1.));
#404 = ( GEOMETRIC_REPRESENTATION_CONTEXT(2) 
PARAMETRIC_REPRESENTATION_CONTEXT() REPRESENTATION_CONTEXT('2D SPACE',''
  ) );
#405 = PCURVE('',#406,#411);
#406 = CONICAL_SURFACE('',#407,1.65,1.029744258677);
#407 = AXIS2_PLACEMENT_3D('',#408,#409,#410);
#408 = CARTESIAN_POINT('',(14.9,-14.78207252018,-6.122934967841));
#409 = DIRECTION('',(1.,0.,1.110223024625E-16));
#410 = DIRECTION('',(1.232595164408E-32,1.,-1.110223024625E-16));
#411 = DEFINITIONAL_REPRESENTATION('',(#412),#416);
#412 = LINE('',#413,#414);
#413 = CARTESIAN_POINT('',(6.28318530718,1.143614258648E-15));
#414 = VECTOR('',#415,1.);
#415 = DIRECTION('',(0.,1.));
#416 = ( GEOMETRIC_REPRESENTATION_CONTEXT(2) 
PARAMETRIC_REPRESENTATION_CONTEXT() REPRESENTATION_CONTEXT('2D SPACE',''
  ) );
#417 = ORIENTED_EDGE('',*,*,#418,.T.);
#418 = EDGE_CURVE('',#391,#357,#419,.T.);
#419 = SURFACE_CURVE('',#420,(#429,#458),.PCURVE_S1.);
#420 = B_SPLINE_CURVE_WITH_KNOTS('',3,(#421,#422,#423,#424,#425,#426,
    #427,#428),.UNSPECIFIED.,.F.,.F.,(4,2,2,4),(9.189847372385E-04,
    1.359136884249E-03,1.79928903126E-03,2.679593325281E-03),
  .UNSPECIFIED.);
#421 = CARTESIAN_POINT('',(14.562710233467,-13.69341695822,
    -6.122934967841));
#422 = CARTESIAN_POINT('',(14.527426173977,-13.75213949449,
    -5.991607069587));
#423 = CARTESIAN_POINT('',(14.507803539375,-13.8094399084,
    -5.858396935824));
#424 = CARTESIAN_POINT('',(14.511300100245,-13.92118401855,
    -5.587672210859));
#425 = CARTESIAN_POINT('',(14.535071037698,-13.97563959998,
    -5.449910135026));
#426 = CARTESIAN_POINT('',(14.647029613979,-14.12612736404,
    -5.052980789065));
#427 = CARTESIAN_POINT('',(14.769714332174,-14.21425000484,
    -4.798425709094));
#428 = CARTESIAN_POINT('',(14.9,-14.29432653291,-4.546672346352));
#429 = PCURVE('',#366,#430);
#430 = DEFINITIONAL_REPRESENTATION('',(#431),#457);
#431 = B_SPLINE_CURVE_WITH_KNOTS('',3,(#432,#433,#434,#435,#436,#437,
    #438,#439,#440,#441,#442,#443,#444,#445,#446,#447,#448,#449,#450,
    #451,#452,#453,#454,#455,#456),.UNSPECIFIED.,.F.,.F.,(4,1,1,1,1,1,1,
    1,1,1,1,1,1,1,1,1,1,1,1,1,1,1,4),(9.189847372385E-04,
    9.990124003314E-04,1.079040063424E-03,1.159067726517E-03,
    1.23909538961E-03,1.319123052703E-03,1.399150715795E-03,
    1.479178378888E-03,1.559206041981E-03,1.639233705074E-03,
    1.719261368167E-03,1.79928903126E-03,1.879316694352E-03,
    1.959344357445E-03,2.039372020538E-03,2.119399683631E-03,
    2.199427346724E-03,2.279455009817E-03,2.359482672909E-03,
    2.439510336002E-03,2.519537999095E-03,2.599565662188E-03,
    2.679593325281E-03),.UNSPECIFIED.);
#432 = CARTESIAN_POINT('',(0.,-0.337289766533));
#433 = CARTESIAN_POINT('',(2.191585701529E-02,-0.343706534271));
#434 = CARTESIAN_POINT('',(6.721830170867E-02,-0.355524966973));
#435 = CARTESIAN_POINT('',(0.139017960885,-0.369958762942));
#436 = CARTESIAN_POINT('',(0.214179445383,-0.380840408547));
#437 = CARTESIAN_POINT('',(0.291931472758,-0.387945740334));
#438 = CARTESIAN_POINT('',(0.371330209823,-0.391093537095));
#439 = CARTESIAN_POINT('',(0.451332179533,-0.390142890644));
#440 = CARTESIAN_POINT('',(0.530717747659,-0.38504469533));
#441 = CARTESIAN_POINT('',(0.608087175799,-0.375988239803));
#442 = CARTESIAN_POINT('',(0.682263024,-0.363232641583));
#443 = CARTESIAN_POINT('',(0.752345551126,-0.347116444391));
#444 = CARTESIAN_POINT('',(0.817613082609,-0.328036126335));
#445 = CARTESIAN_POINT('',(0.878043936951,-0.306395671523));
#446 = CARTESIAN_POINT('',(0.933999207855,-0.282455239104));
#447 = CARTESIAN_POINT('',(0.985531952755,-0.256481835544));
#448 = CARTESIAN_POINT('',(1.03288872816,-0.228715466637));
#449 = CARTESIAN_POINT('',(1.07633287093,-0.199376130068));
#450 = CARTESIAN_POINT('',(1.116158699076,-0.168661926151));
#451 = CARTESIAN_POINT('',(1.152663374734,-0.136750841076));
#452 = CARTESIAN_POINT('',(1.186137931945,-0.103802422193));
#453 = CARTESIAN_POINT('',(1.216858331988,-6.995936987682E-02));
#454 = CARTESIAN_POINT('',(1.245084080858,-3.535092750282E-02));
#455 = CARTESIAN_POINT('',(1.26239227185,-1.184320280349E-02));
#456 = CARTESIAN_POINT('',(1.270709003519,-9.802687471293E-16));
#457 = ( GEOMETRIC_REPRESENTATION_CONTEXT(2) 
PARAMETRIC_REPRESENTATION_CONTEXT() REPRESENTATION_CONTEXT('2D SPACE',''
  ) );
#458 = PCURVE('',#459,#464);
#459 = CYLINDRICAL_SURFACE('',#460,15.);
#460 = AXIS2_PLACEMENT_3D('',#461,#462,#463);
#461 = CARTESIAN_POINT('',(25.,-5.551115187997E-24,-4.999999780875E-08)
  );
#462 = DIRECTION('',(-1.,0.,-1.110223024625E-16));
#463 = DIRECTION('',(-1.232595164408E-32,-1.,1.110223024625E-16));
#464 = DEFINITIONAL_REPRESENTATION('',(#465),#491);
#465 = B_SPLINE_CURVE_WITH_KNOTS('',3,(#466,#467,#468,#469,#470,#471,
    #472,#473,#474,#475,#476,#477,#478,#479,#480,#481,#482,#483,#484,
    #485,#486,#487,#488,#489,#490),.UNSPECIFIED.,.F.,.F.,(4,1,1,1,1,1,1,
    1,1,1,1,1,1,1,1,1,1,1,1,1,1,1,4),(9.189847372385E-04,
    9.990124003314E-04,1.079040063424E-03,1.159067726517E-03,
    1.23909538961E-03,1.319123052703E-03,1.399150715795E-03,
    1.479178378888E-03,1.559206041981E-03,1.639233705074E-03,
    1.719261368167E-03,1.79928903126E-03,1.879316694352E-03,
    1.959344357445E-03,2.039372020538E-03,2.119399683631E-03,
    2.199427346724E-03,2.279455009817E-03,2.359482672909E-03,
    2.439510336002E-03,2.519537999095E-03,2.599565662188E-03,
    2.679593325281E-03),.UNSPECIFIED.);
#466 = CARTESIAN_POINT('',(5.862708623634,10.437289766533));
#467 = CARTESIAN_POINT('',(5.864452366875,10.443705050076));
#468 = CARTESIAN_POINT('',(5.867944866103,10.455500177436));
#469 = CARTESIAN_POINT('',(5.873199398589,10.469880409893));
#470 = CARTESIAN_POINT('',(5.878470413737,10.480742994072));
#471 = CARTESIAN_POINT('',(5.883758772918,10.487879416306));
#472 = CARTESIAN_POINT('',(5.889064752448,10.491093509123));
#473 = CARTESIAN_POINT('',(5.89439082333,10.490143044232));
#474 = CARTESIAN_POINT('',(5.899731008776,10.484924674981));
#475 = CARTESIAN_POINT('',(5.905063073466,10.475811394097));
#476 = CARTESIAN_POINT('',(5.910367204372,10.463087293788));
#477 = CARTESIAN_POINT('',(5.91562518611,10.447076620226));
#478 = CARTESIAN_POINT('',(5.92080994972,10.428031904239));
#479 = CARTESIAN_POINT('',(5.925928235954,10.406452384069));
#480 = CARTESIAN_POINT('',(5.931009367461,10.382713583));
#481 = CARTESIAN_POINT('',(5.936048796305,10.356946052737));
#482 = CARTESIAN_POINT('',(5.941051047418,10.32934598492));
#483 = CARTESIAN_POINT('',(5.946018211021,10.300091983022));
#484 = CARTESIAN_POINT('',(5.950953025213,10.269367363253));
#485 = CARTESIAN_POINT('',(5.955858049157,10.237354179046));
#486 = CARTESIAN_POINT('',(5.960735883898,10.204234822195));
#487 = CARTESIAN_POINT('',(5.965589112218,10.17019159383));
#488 = CARTESIAN_POINT('',(5.970420314862,10.135406819383));
#489 = CARTESIAN_POINT('',(5.973628146521,10.111844151621));
#490 = CARTESIAN_POINT('',(5.975229248731,10.1));
#491 = ( GEOMETRIC_REPRESENTATION_CONTEXT(2) 
PARAMETRIC_REPRESENTATION_CONTEXT() REPRESENTATION_CONTEXT('2D SPACE',''
  ) );
#492 = ADVANCED_FACE('',(#493),#507,.F.);
#493 = FACE_BOUND('',#494,.F.);
#494 = EDGE_LOOP('',(#495,#525,#547,#570,#594,#617));
#495 = ORIENTED_EDGE('',*,*,#496,.T.);
#496 = EDGE_CURVE('',#497,#499,#501,.T.);
#497 = VERTEX_POINT('',#498);
#498 = CARTESIAN_POINT('',(15.,-13.3225980365,-6.892632461336));
#499 = VERTEX_POINT('',#500);
#500 = CARTESIAN_POINT('',(14.9,-13.3225980365,-6.892632461336));
#501 = SURFACE_CURVE('',#502,(#506,#518),.PCURVE_S1.);
#502 = LINE('',#503,#504);
#503 = CARTESIAN_POINT('',(19.95,-13.3225980365,-6.892632461336));
#504 = VECTOR('',#505,1.);
#505 = DIRECTION('',(-1.,0.,-1.110223024625E-16));
#506 = PCURVE('',#507,#512);
#507 = CYLINDRICAL_SURFACE('',#508,1.65);
#508 = AXIS2_PLACEMENT_3D('',#509,#510,#511);
#509 = CARTESIAN_POINT('',(25.,-14.78207252018,-6.122934967841));
#510 = DIRECTION('',(1.,0.,1.110223024625E-16));
#511 = DIRECTION('',(1.232595164408E-32,1.,-1.110223024625E-16));
#512 = DEFINITIONAL_REPRESENTATION('',(#513),#517);
#513 = LINE('',#514,#515);
#514 = CARTESIAN_POINT('',(5.797874467058,-5.05));
#515 = VECTOR('',#516,1.);
#516 = DIRECTION('',(0.,-1.));
#517 = ( GEOMETRIC_REPRESENTATION_CONTEXT(2) 
PARAMETRIC_REPRESENTATION_CONTEXT() REPRESENTATION_CONTEXT('2D SPACE',''
  ) );
#518 = PCURVE('',#459,#519);
#519 = DEFINITIONAL_REPRESENTATION('',(#520),#524);
#520 = LINE('',#521,#522);
#521 = CARTESIAN_POINT('',(5.805743202231,5.05));
#522 = VECTOR('',#523,1.);
#523 = DIRECTION('',(0.,1.));
#524 = ( GEOMETRIC_REPRESENTATION_CONTEXT(2) 
PARAMETRIC_REPRESENTATION_CONTEXT() REPRESENTATION_CONTEXT('2D SPACE',''
  ) );
#525 = ORIENTED_EDGE('',*,*,#526,.T.);
#526 = EDGE_CURVE('',#499,#355,#527,.T.);
#527 = SURFACE_CURVE('',#528,(#533,#540),.PCURVE_S1.);
#528 = CIRCLE('',#529,1.65);
#529 = AXIS2_PLACEMENT_3D('',#530,#531,#532);
#530 = CARTESIAN_POINT('',(14.9,-14.78207252018,-6.122934967841));
#531 = DIRECTION('',(1.,0.,1.110223024625E-16));
#532 = DIRECTION('',(1.232595164408E-32,1.,-1.110223024625E-16));
#533 = PCURVE('',#507,#534);
#534 = DEFINITIONAL_REPRESENTATION('',(#535),#539);
#535 = LINE('',#536,#537);
#536 = CARTESIAN_POINT('',(0.,-10.1));
#537 = VECTOR('',#538,1.);
#538 = DIRECTION('',(1.,0.));
#539 = ( GEOMETRIC_REPRESENTATION_CONTEXT(2) 
PARAMETRIC_REPRESENTATION_CONTEXT() REPRESENTATION_CONTEXT('2D SPACE',''
  ) );
#540 = PCURVE('',#406,#541);
#541 = DEFINITIONAL_REPRESENTATION('',(#542),#546);
#542 = LINE('',#543,#544);
#543 = CARTESIAN_POINT('',(0.,-2.342199955148E-15));
#544 = VECTOR('',#545,1.);
#545 = DIRECTION('',(1.,4.039756239043E-16));
#546 = ( GEOMETRIC_REPRESENTATION_CONTEXT(2) 
PARAMETRIC_REPRESENTATION_CONTEXT() REPRESENTATION_CONTEXT('2D SPACE',''
  ) );
#547 = ORIENTED_EDGE('',*,*,#548,.T.);
#548 = EDGE_CURVE('',#355,#549,#551,.T.);
#549 = VERTEX_POINT('',#550);
#550 = CARTESIAN_POINT('',(25.,-13.13207252018,-6.122934967841));
#551 = SURFACE_CURVE('',#552,(#556,#563),.PCURVE_S1.);
#552 = LINE('',#553,#554);
#553 = CARTESIAN_POINT('',(25.,-13.13207252018,-6.122934967841));
#554 = VECTOR('',#555,1.);
#555 = DIRECTION('',(1.,0.,1.110223024625E-16));
#556 = PCURVE('',#507,#557);
#557 = DEFINITIONAL_REPRESENTATION('',(#558),#562);
#558 = LINE('',#559,#560);
#559 = CARTESIAN_POINT('',(6.28318530718,0.));
#560 = VECTOR('',#561,1.);
#561 = DIRECTION('',(0.,1.));
#562 = ( GEOMETRIC_REPRESENTATION_CONTEXT(2) 
PARAMETRIC_REPRESENTATION_CONTEXT() REPRESENTATION_CONTEXT('2D SPACE',''
  ) );
#563 = PCURVE('',#378,#564);
#564 = DEFINITIONAL_REPRESENTATION('',(#565),#569);
#565 = LINE('',#566,#567);
#566 = CARTESIAN_POINT('',(0.,0.));
#567 = VECTOR('',#568,1.);
#568 = DIRECTION('',(0.,1.));
#569 = ( GEOMETRIC_REPRESENTATION_CONTEXT(2) 
PARAMETRIC_REPRESENTATION_CONTEXT() REPRESENTATION_CONTEXT('2D SPACE',''
  ) );
#570 = ORIENTED_EDGE('',*,*,#571,.F.);
#571 = EDGE_CURVE('',#572,#549,#574,.T.);
#572 = VERTEX_POINT('',#573);
#573 = CARTESIAN_POINT('',(25.,-16.43207252018,-6.122934967841));
#574 = SURFACE_CURVE('',#575,(#580,#587),.PCURVE_S1.);
#575 = CIRCLE('',#576,1.65);
#576 = AXIS2_PLACEMENT_3D('',#577,#578,#579);
#577 = CARTESIAN_POINT('',(25.,-14.78207252018,-6.122934967841));
#578 = DIRECTION('',(1.,0.,1.110223024625E-16));
#579 = DIRECTION('',(1.232595164408E-32,1.,-1.110223024625E-16));
#580 = PCURVE('',#507,#581);
#581 = DEFINITIONAL_REPRESENTATION('',(#582),#586);
#582 = LINE('',#583,#584);
#583 = CARTESIAN_POINT('',(0.,0.));
#584 = VECTOR('',#585,1.);
#585 = DIRECTION('',(1.,0.));
#586 = ( GEOMETRIC_REPRESENTATION_CONTEXT(2) 
PARAMETRIC_REPRESENTATION_CONTEXT() REPRESENTATION_CONTEXT('2D SPACE',''
  ) );
#587 = PCURVE('',#45,#588);
#588 = DEFINITIONAL_REPRESENTATION('',(#589),#593);
#589 = CIRCLE('',#590,1.65);
#590 = AXIS2_PLACEMENT_2D('',#591,#592);
#591 = CARTESIAN_POINT('',(-14.78207252018,-6.122934917841));
#592 = DIRECTION('',(1.,0.));
#593 = ( GEOMETRIC_REPRESENTATION_CONTEXT(2) 
PARAMETRIC_REPRESENTATION_CONTEXT() REPRESENTATION_CONTEXT('2D SPACE',''
  ) );
#594 = ORIENTED_EDGE('',*,*,#595,.F.);
#595 = EDGE_CURVE('',#596,#572,#598,.T.);
#596 = VERTEX_POINT('',#597);
#597 = CARTESIAN_POINT('',(15.,-16.43207252018,-6.122934967841));
#598 = SURFACE_CURVE('',#599,(#603,#610),.PCURVE_S1.);
#599 = LINE('',#600,#601);
#600 = CARTESIAN_POINT('',(25.,-16.43207252018,-6.122934967841));
#601 = VECTOR('',#602,1.);
#602 = DIRECTION('',(1.,0.,1.110223024625E-16));
#603 = PCURVE('',#507,#604);
#604 = DEFINITIONAL_REPRESENTATION('',(#605),#609);
#605 = LINE('',#606,#607);
#606 = CARTESIAN_POINT('',(3.14159265359,0.));
#607 = VECTOR('',#608,1.);
#608 = DIRECTION('',(0.,1.));
#609 = ( GEOMETRIC_REPRESENTATION_CONTEXT(2) 
PARAMETRIC_REPRESENTATION_CONTEXT() REPRESENTATION_CONTEXT('2D SPACE',''
  ) );
#610 = PCURVE('',#378,#611);
#611 = DEFINITIONAL_REPRESENTATION('',(#612),#616);
#612 = LINE('',#613,#614);
#613 = CARTESIAN_POINT('',(3.14159265359,0.));
#614 = VECTOR('',#615,1.);
#615 = DIRECTION('',(0.,1.));
#616 = ( GEOMETRIC_REPRESENTATION_CONTEXT(2) 
PARAMETRIC_REPRESENTATION_CONTEXT() REPRESENTATION_CONTEXT('2D SPACE',''
  ) );
#617 = ORIENTED_EDGE('',*,*,#618,.T.);
#618 = EDGE_CURVE('',#596,#497,#619,.T.);
#619 = SURFACE_CURVE('',#620,(#625,#632),.PCURVE_S1.);
#620 = CIRCLE('',#621,1.65);
#621 = AXIS2_PLACEMENT_3D('',#622,#623,#624);
#622 = CARTESIAN_POINT('',(15.,-14.78207252018,-6.122934967841));
#623 = DIRECTION('',(1.,0.,1.110223024625E-16));
#624 = DIRECTION('',(1.232595164408E-32,1.,-1.110223024625E-16));
#625 = PCURVE('',#507,#626);
#626 = DEFINITIONAL_REPRESENTATION('',(#627),#631);
#627 = LINE('',#628,#629);
#628 = CARTESIAN_POINT('',(0.,-10.));
#629 = VECTOR('',#630,1.);
#630 = DIRECTION('',(1.,0.));
#631 = ( GEOMETRIC_REPRESENTATION_CONTEXT(2) 
PARAMETRIC_REPRESENTATION_CONTEXT() REPRESENTATION_CONTEXT('2D SPACE',''
  ) );
#632 = PCURVE('',#242,#633);
#633 = DEFINITIONAL_REPRESENTATION('',(#634),#638);
#634 = CIRCLE('',#635,1.65);
#635 = AXIS2_PLACEMENT_2D('',#636,#637);
#636 = CARTESIAN_POINT('',(-14.78207252018,-6.122934917841));
#637 = DIRECTION('',(1.,0.));
#638 = ( GEOMETRIC_REPRESENTATION_CONTEXT(2) 
PARAMETRIC_REPRESENTATION_CONTEXT() REPRESENTATION_CONTEXT('2D SPACE',''
  ) );
#639 = ADVANCED_FACE('',(#640),#654,.F.);
#640 = FACE_BOUND('',#641,.F.);
#641 = EDGE_LOOP('',(#642,#677,#701,#724));
#642 = ORIENTED_EDGE('',*,*,#643,.T.);
#643 = EDGE_CURVE('',#644,#646,#648,.T.);
#644 = VERTEX_POINT('',#645);
#645 = CARTESIAN_POINT('',(15.,7.772934917841,-14.78207257018));
#646 = VERTEX_POINT('',#647);
#647 = CARTESIAN_POINT('',(25.,7.772934917841,-14.78207257018));
#648 = SURFACE_CURVE('',#649,(#653,#665),.PCURVE_S1.);
#649 = LINE('',#650,#651);
#650 = CARTESIAN_POINT('',(25.,7.772934917841,-14.78207257018));
#651 = VECTOR('',#652,1.);
#652 = DIRECTION('',(1.,0.,1.110223024625E-16));
#653 = PCURVE('',#654,#659);
#654 = CYLINDRICAL_SURFACE('',#655,1.65);
#655 = AXIS2_PLACEMENT_3D('',#656,#657,#658);
#656 = CARTESIAN_POINT('',(25.,6.122934917841,-14.78207257018));
#657 = DIRECTION('',(1.,0.,1.110223024625E-16));
#658 = DIRECTION('',(1.232595164408E-32,1.,-1.110223024625E-16));
#659 = DEFINITIONAL_REPRESENTATION('',(#660),#664);
#660 = LINE('',#661,#662);
#661 = CARTESIAN_POINT('',(6.28318530718,0.));
#662 = VECTOR('',#663,1.);
#663 = DIRECTION('',(0.,1.));
#664 = ( GEOMETRIC_REPRESENTATION_CONTEXT(2) 
PARAMETRIC_REPRESENTATION_CONTEXT() REPRESENTATION_CONTEXT('2D SPACE',''
  ) );
#665 = PCURVE('',#666,#671);
#666 = CYLINDRICAL_SURFACE('',#667,1.65);
#667 = AXIS2_PLACEMENT_3D('',#668,#669,#670);
#668 = CARTESIAN_POINT('',(25.,6.122934917841,-14.78207257018));
#669 = DIRECTION('',(1.,0.,1.110223024625E-16));
#670 = DIRECTION('',(1.232595164408E-32,1.,-1.110223024625E-16));
#671 = DEFINITIONAL_REPRESENTATION('',(#672),#676);
#672 = LINE('',#673,#674);
#673 = CARTESIAN_POINT('',(0.,0.));
#674 = VECTOR('',#675,1.);
#675 = DIRECTION('',(0.,1.));
#676 = ( GEOMETRIC_REPRESENTATION_CONTEXT(2) 
PARAMETRIC_REPRESENTATION_CONTEXT() REPRESENTATION_CONTEXT('2D SPACE',''
  ) );
#677 = ORIENTED_EDGE('',*,*,#678,.F.);
#678 = EDGE_CURVE('',#679,#646,#681,.T.);
#679 = VERTEX_POINT('',#680);
#680 = CARTESIAN_POINT('',(25.,4.472934917841,-14.78207257018));
#681 = SURFACE_CURVE('',#682,(#687,#694),.PCURVE_S1.);
#682 = CIRCLE('',#683,1.65);
#683 = AXIS2_PLACEMENT_3D('',#684,#685,#686);
#684 = CARTESIAN_POINT('',(25.,6.122934917841,-14.78207257018));
#685 = DIRECTION('',(1.,0.,1.110223024625E-16));
#686 = DIRECTION('',(1.232595164408E-32,1.,-1.110223024625E-16));
#687 = PCURVE('',#654,#688);
#688 = DEFINITIONAL_REPRESENTATION('',(#689),#693);
#689 = LINE('',#690,#691);
#690 = CARTESIAN_POINT('',(0.,0.));
#691 = VECTOR('',#692,1.);
#692 = DIRECTION('',(1.,0.));
#693 = ( GEOMETRIC_REPRESENTATION_CONTEXT(2) 
PARAMETRIC_REPRESENTATION_CONTEXT() REPRESENTATION_CONTEXT('2D SPACE',''
  ) );
#694 = PCURVE('',#45,#695);
#695 = DEFINITIONAL_REPRESENTATION('',(#696),#700);
#696 = CIRCLE('',#697,1.65);
#697 = AXIS2_PLACEMENT_2D('',#698,#699);
#698 = CARTESIAN_POINT('',(6.122934917841,-14.78207252018));
#699 = DIRECTION('',(1.,0.));
#700 = ( GEOMETRIC_REPRESENTATION_CONTEXT(2) 
PARAMETRIC_REPRESENTATION_CONTEXT() REPRESENTATION_CONTEXT('2D SPACE',''
  ) );
#701 = ORIENTED_EDGE('',*,*,#702,.F.);
#702 = EDGE_CURVE('',#703,#679,#705,.T.);
#703 = VERTEX_POINT('',#704);
#704 = CARTESIAN_POINT('',(15.,4.472934917841,-14.78207257018));
#705 = SURFACE_CURVE('',#706,(#710,#717),.PCURVE_S1.);
#706 = LINE('',#707,#708);
#707 = CARTESIAN_POINT('',(25.,4.472934917841,-14.78207257018));
#708 = VECTOR('',#709,1.);
#709 = DIRECTION('',(1.,0.,1.110223024625E-16));
#710 = PCURVE('',#654,#711);
#711 = DEFINITIONAL_REPRESENTATION('',(#712),#716);
#712 = LINE('',#713,#714);
#713 = CARTESIAN_POINT('',(3.14159265359,0.));
#714 = VECTOR('',#715,1.);
#715 = DIRECTION('',(0.,1.));
#716 = ( GEOMETRIC_REPRESENTATION_CONTEXT(2) 
PARAMETRIC_REPRESENTATION_CONTEXT() REPRESENTATION_CONTEXT('2D SPACE',''
  ) );
#717 = PCURVE('',#666,#718);
#718 = DEFINITIONAL_REPRESENTATION('',(#719),#723);
#719 = LINE('',#720,#721);
#720 = CARTESIAN_POINT('',(3.14159265359,0.));
#721 = VECTOR('',#722,1.);
#722 = DIRECTION('',(0.,1.));
#723 = ( GEOMETRIC_REPRESENTATION_CONTEXT(2) 
PARAMETRIC_REPRESENTATION_CONTEXT() REPRESENTATION_CONTEXT('2D SPACE',''
  ) );
#724 = ORIENTED_EDGE('',*,*,#725,.T.);
#725 = EDGE_CURVE('',#703,#644,#726,.T.);
#726 = SURFACE_CURVE('',#727,(#732,#739),.PCURVE_S1.);
#727 = CIRCLE('',#728,1.65);
#728 = AXIS2_PLACEMENT_3D('',#729,#730,#731);
#729 = CARTESIAN_POINT('',(15.,6.122934917841,-14.78207257018));
#730 = DIRECTION('',(1.,0.,1.110223024625E-16));
#731 = DIRECTION('',(1.232595164408E-32,1.,-1.110223024625E-16));
#732 = PCURVE('',#654,#733);
#733 = DEFINITIONAL_REPRESENTATION('',(#734),#738);
#734 = LINE('',#735,#736);
#735 = CARTESIAN_POINT('',(0.,-10.));
#736 = VECTOR('',#737,1.);
#737 = DIRECTION('',(1.,0.));
#738 = ( GEOMETRIC_REPRESENTATION_CONTEXT(2) 
PARAMETRIC_REPRESENTATION_CONTEXT() REPRESENTATION_CONTEXT('2D SPACE',''
  ) );
#739 = PCURVE('',#242,#740);
#740 = DEFINITIONAL_REPRESENTATION('',(#741),#745);
#741 = CIRCLE('',#742,1.65);
#742 = AXIS2_PLACEMENT_2D('',#743,#744);
#743 = CARTESIAN_POINT('',(6.122934917841,-14.78207252018));
#744 = DIRECTION('',(1.,0.));
#745 = ( GEOMETRIC_REPRESENTATION_CONTEXT(2) 
PARAMETRIC_REPRESENTATION_CONTEXT() REPRESENTATION_CONTEXT('2D SPACE',''
  ) );
#746 = ADVANCED_FACE('',(#747),#761,.F.);
#747 = FACE_BOUND('',#748,.F.);
#748 = EDGE_LOOP('',(#749,#779,#803,#831,#855,#878));
#749 = ORIENTED_EDGE('',*,*,#750,.T.);
#750 = EDGE_CURVE('',#751,#753,#755,.T.);
#751 = VERTEX_POINT('',#752);
#752 = CARTESIAN_POINT('',(14.9,14.294326532915,4.546672246352));
#753 = VERTEX_POINT('',#754);
#754 = CARTESIAN_POINT('',(15.,14.294326532915,4.546672246352));
#755 = SURFACE_CURVE('',#756,(#760,#772),.PCURVE_S1.);
#756 = LINE('',#757,#758);
#757 = CARTESIAN_POINT('',(19.95,14.294326532915,4.546672246352));
#758 = VECTOR('',#759,1.);
#759 = DIRECTION('',(1.,0.,1.110223024625E-16));
#760 = PCURVE('',#761,#766);
#761 = CYLINDRICAL_SURFACE('',#762,1.65);
#762 = AXIS2_PLACEMENT_3D('',#763,#764,#765);
#763 = CARTESIAN_POINT('',(25.,14.782072520181,6.122934867841));
#764 = DIRECTION('',(1.,0.,1.110223024625E-16));
#765 = DIRECTION('',(1.232595164408E-32,1.,-1.110223024625E-16));
#766 = DEFINITIONAL_REPRESENTATION('',(#767),#771);
#767 = LINE('',#768,#769);
#768 = CARTESIAN_POINT('',(4.412301657109,-5.05));
#769 = VECTOR('',#770,1.);
#770 = DIRECTION('',(0.,1.));
#771 = ( GEOMETRIC_REPRESENTATION_CONTEXT(2) 
PARAMETRIC_REPRESENTATION_CONTEXT() REPRESENTATION_CONTEXT('2D SPACE',''
  ) );
#772 = PCURVE('',#161,#773);
#773 = DEFINITIONAL_REPRESENTATION('',(#774),#778);
#774 = LINE('',#775,#776);
#775 = CARTESIAN_POINT('',(2.833636595141,5.05));
#776 = VECTOR('',#777,1.);
#777 = DIRECTION('',(0.,-1.));
#778 = ( GEOMETRIC_REPRESENTATION_CONTEXT(2) 
PARAMETRIC_REPRESENTATION_CONTEXT() REPRESENTATION_CONTEXT('2D SPACE',''
  ) );
#779 = ORIENTED_EDGE('',*,*,#780,.T.);
#780 = EDGE_CURVE('',#753,#781,#783,.T.);
#781 = VERTEX_POINT('',#782);
#782 = CARTESIAN_POINT('',(15.,16.432072520181,6.122934867841));
#783 = SURFACE_CURVE('',#784,(#789,#796),.PCURVE_S1.);
#784 = CIRCLE('',#785,1.65);
#785 = AXIS2_PLACEMENT_3D('',#786,#787,#788);
#786 = CARTESIAN_POINT('',(15.,14.782072520181,6.122934867841));
#787 = DIRECTION('',(1.,0.,1.110223024625E-16));
#788 = DIRECTION('',(1.232595164408E-32,1.,-1.110223024625E-16));
#789 = PCURVE('',#761,#790);
#790 = DEFINITIONAL_REPRESENTATION('',(#791),#795);
#791 = LINE('',#792,#793);
#792 = CARTESIAN_POINT('',(0.,-10.));
#793 = VECTOR('',#794,1.);
#794 = DIRECTION('',(1.,0.));
#795 = ( GEOMETRIC_REPRESENTATION_CONTEXT(2) 
PARAMETRIC_REPRESENTATION_CONTEXT() REPRESENTATION_CONTEXT('2D SPACE',''
  ) );
#796 = PCURVE('',#242,#797);
#797 = DEFINITIONAL_REPRESENTATION('',(#798),#802);
#798 = CIRCLE('',#799,1.65);
#799 = AXIS2_PLACEMENT_2D('',#800,#801);
#800 = CARTESIAN_POINT('',(14.782072520181,6.122934917841));
#801 = DIRECTION('',(1.,0.));
#802 = ( GEOMETRIC_REPRESENTATION_CONTEXT(2) 
PARAMETRIC_REPRESENTATION_CONTEXT() REPRESENTATION_CONTEXT('2D SPACE',''
  ) );
#803 = ORIENTED_EDGE('',*,*,#804,.T.);
#804 = EDGE_CURVE('',#781,#805,#807,.T.);
#805 = VERTEX_POINT('',#806);
#806 = CARTESIAN_POINT('',(25.,16.432072520181,6.122934867841));
#807 = SURFACE_CURVE('',#808,(#812,#819),.PCURVE_S1.);
#808 = LINE('',#809,#810);
#809 = CARTESIAN_POINT('',(25.,16.432072520181,6.122934867841));
#810 = VECTOR('',#811,1.);
#811 = DIRECTION('',(1.,0.,1.110223024625E-16));
#812 = PCURVE('',#761,#813);
#813 = DEFINITIONAL_REPRESENTATION('',(#814),#818);
#814 = LINE('',#815,#816);
#815 = CARTESIAN_POINT('',(6.28318530718,0.));
#816 = VECTOR('',#817,1.);
#817 = DIRECTION('',(0.,1.));
#818 = ( GEOMETRIC_REPRESENTATION_CONTEXT(2) 
PARAMETRIC_REPRESENTATION_CONTEXT() REPRESENTATION_CONTEXT('2D SPACE',''
  ) );
#819 = PCURVE('',#820,#825);
#820 = CYLINDRICAL_SURFACE('',#821,1.65);
#821 = AXIS2_PLACEMENT_3D('',#822,#823,#824);
#822 = CARTESIAN_POINT('',(25.,14.782072520181,6.122934867841));
#823 = DIRECTION('',(1.,0.,1.110223024625E-16));
#824 = DIRECTION('',(1.232595164408E-32,1.,-1.110223024625E-16));
#825 = DEFINITIONAL_REPRESENTATION('',(#826),#830);
#826 = LINE('',#827,#828);
#827 = CARTESIAN_POINT('',(0.,0.));
#828 = VECTOR('',#829,1.);
#829 = DIRECTION('',(0.,1.));
#830 = ( GEOMETRIC_REPRESENTATION_CONTEXT(2) 
PARAMETRIC_REPRESENTATION_CONTEXT() REPRESENTATION_CONTEXT('2D SPACE',''
  ) );
#831 = ORIENTED_EDGE('',*,*,#832,.F.);
#832 = EDGE_CURVE('',#833,#805,#835,.T.);
#833 = VERTEX_POINT('',#834);
#834 = CARTESIAN_POINT('',(25.,13.132072520181,6.122934867841));
#835 = SURFACE_CURVE('',#836,(#841,#848),.PCURVE_S1.);
#836 = CIRCLE('',#837,1.65);
#837 = AXIS2_PLACEMENT_3D('',#838,#839,#840);
#838 = CARTESIAN_POINT('',(25.,14.782072520181,6.122934867841));
#839 = DIRECTION('',(1.,0.,1.110223024625E-16));
#840 = DIRECTION('',(1.232595164408E-32,1.,-1.110223024625E-16));
#841 = PCURVE('',#761,#842);
#842 = DEFINITIONAL_REPRESENTATION('',(#843),#847);
#843 = LINE('',#844,#845);
#844 = CARTESIAN_POINT('',(0.,0.));
#845 = VECTOR('',#846,1.);
#846 = DIRECTION('',(1.,0.));
#847 = ( GEOMETRIC_REPRESENTATION_CONTEXT(2) 
PARAMETRIC_REPRESENTATION_CONTEXT() REPRESENTATION_CONTEXT('2D SPACE',''
  ) );
#848 = PCURVE('',#45,#849);
#849 = DEFINITIONAL_REPRESENTATION('',(#850),#854);
#850 = CIRCLE('',#851,1.65);
#851 = AXIS2_PLACEMENT_2D('',#852,#853);
#852 = CARTESIAN_POINT('',(14.782072520181,6.122934917841));
#853 = DIRECTION('',(1.,0.));
#854 = ( GEOMETRIC_REPRESENTATION_CONTEXT(2) 
PARAMETRIC_REPRESENTATION_CONTEXT() REPRESENTATION_CONTEXT('2D SPACE',''
  ) );
#855 = ORIENTED_EDGE('',*,*,#856,.F.);
#856 = EDGE_CURVE('',#857,#833,#859,.T.);
#857 = VERTEX_POINT('',#858);
#858 = CARTESIAN_POINT('',(14.9,13.132072520181,6.122934867841));
#859 = SURFACE_CURVE('',#860,(#864,#871),.PCURVE_S1.);
#860 = LINE('',#861,#862);
#861 = CARTESIAN_POINT('',(25.,13.132072520181,6.122934867841));
#862 = VECTOR('',#863,1.);
#863 = DIRECTION('',(1.,0.,1.110223024625E-16));
#864 = PCURVE('',#761,#865);
#865 = DEFINITIONAL_REPRESENTATION('',(#866),#870);
#866 = LINE('',#867,#868);
#867 = CARTESIAN_POINT('',(3.14159265359,0.));
#868 = VECTOR('',#869,1.);
#869 = DIRECTION('',(0.,1.));
#870 = ( GEOMETRIC_REPRESENTATION_CONTEXT(2) 
PARAMETRIC_REPRESENTATION_CONTEXT() REPRESENTATION_CONTEXT('2D SPACE',''
  ) );
#871 = PCURVE('',#820,#872);
#872 = DEFINITIONAL_REPRESENTATION('',(#873),#877);
#873 = LINE('',#874,#875);
#874 = CARTESIAN_POINT('',(3.14159265359,0.));
#875 = VECTOR('',#876,1.);
#876 = DIRECTION('',(0.,1.));
#877 = ( GEOMETRIC_REPRESENTATION_CONTEXT(2) 
PARAMETRIC_REPRESENTATION_CONTEXT() REPRESENTATION_CONTEXT('2D SPACE',''
  ) );
#878 = ORIENTED_EDGE('',*,*,#879,.T.);
#879 = EDGE_CURVE('',#857,#751,#880,.T.);
#880 = SURFACE_CURVE('',#881,(#886,#893),.PCURVE_S1.);
#881 = CIRCLE('',#882,1.65);
#882 = AXIS2_PLACEMENT_3D('',#883,#884,#885);
#883 = CARTESIAN_POINT('',(14.9,14.782072520181,6.122934867841));
#884 = DIRECTION('',(1.,0.,1.110223024625E-16));
#885 = DIRECTION('',(1.232595164408E-32,1.,-1.110223024625E-16));
#886 = PCURVE('',#761,#887);
#887 = DEFINITIONAL_REPRESENTATION('',(#888),#892);
#888 = LINE('',#889,#890);
#889 = CARTESIAN_POINT('',(0.,-10.1));
#890 = VECTOR('',#891,1.);
#891 = DIRECTION('',(1.,0.));
#892 = ( GEOMETRIC_REPRESENTATION_CONTEXT(2) 
PARAMETRIC_REPRESENTATION_CONTEXT() REPRESENTATION_CONTEXT('2D SPACE',''
  ) );
#893 = PCURVE('',#894,#899);
#894 = CONICAL_SURFACE('',#895,1.65,1.029744258677);
#895 = AXIS2_PLACEMENT_3D('',#896,#897,#898);
#896 = CARTESIAN_POINT('',(14.9,14.782072520181,6.122934867841));
#897 = DIRECTION('',(1.,0.,1.110223024625E-16));
#898 = DIRECTION('',(1.232595164408E-32,1.,-1.110223024625E-16));
#899 = DEFINITIONAL_REPRESENTATION('',(#900),#904);
#900 = LINE('',#901,#902);
#901 = CARTESIAN_POINT('',(0.,-3.403801661428E-16));
#902 = VECTOR('',#903,1.);
#903 = DIRECTION('',(1.,7.714344861132E-17));
#904 = ( GEOMETRIC_REPRESENTATION_CONTEXT(2) 
PARAMETRIC_REPRESENTATION_CONTEXT() REPRESENTATION_CONTEXT('2D SPACE',''
  ) );
#905 = ADVANCED_FACE('',(#906),#920,.F.);
#906 = FACE_BOUND('',#907,.F.);
#907 = EDGE_LOOP('',(#908,#943,#972,#995));
#908 = ORIENTED_EDGE('',*,*,#909,.T.);
#909 = EDGE_CURVE('',#910,#912,#914,.T.);
#910 = VERTEX_POINT('',#911);
#911 = CARTESIAN_POINT('',(-18.3,1.421085465969E-15,12.79999995));
#912 = VERTEX_POINT('',#913);
#913 = CARTESIAN_POINT('',(-18.3,1.454392156708E-15,13.09999995));
#914 = SURFACE_CURVE('',#915,(#919,#931),.PCURVE_S1.);
#915 = LINE('',#916,#917);
#916 = CARTESIAN_POINT('',(-18.3,1.665334531387E-15,14.99999995));
#917 = VECTOR('',#918,1.);
#918 = DIRECTION('',(-1.110223024625E-16,1.110223024625E-16,1.));
#919 = PCURVE('',#920,#925);
#920 = CYLINDRICAL_SURFACE('',#921,1.7);
#921 = AXIS2_PLACEMENT_3D('',#922,#923,#924);
#922 = CARTESIAN_POINT('',(-20.,1.665334531387E-15,14.99999995));
#923 = DIRECTION('',(-1.110223024625E-16,1.110223024625E-16,1.));
#924 = DIRECTION('',(1.,0.,1.110223024625E-16));
#925 = DEFINITIONAL_REPRESENTATION('',(#926),#930);
#926 = LINE('',#927,#928);
#927 = CARTESIAN_POINT('',(6.28318530718,0.));
#928 = VECTOR('',#929,1.);
#929 = DIRECTION('',(0.,1.));
#930 = ( GEOMETRIC_REPRESENTATION_CONTEXT(2) 
PARAMETRIC_REPRESENTATION_CONTEXT() REPRESENTATION_CONTEXT('2D SPACE',''
  ) );
#931 = PCURVE('',#932,#937);
#932 = CYLINDRICAL_SURFACE('',#933,1.7);
#933 = AXIS2_PLACEMENT_3D('',#934,#935,#936);
#934 = CARTESIAN_POINT('',(-20.,1.665334531387E-15,14.99999995));
#935 = DIRECTION('',(-1.110223024625E-16,1.110223024625E-16,1.));
#936 = DIRECTION('',(1.,0.,1.110223024625E-16));
#937 = DEFINITIONAL_REPRESENTATION('',(#938),#942);
#938 = LINE('',#939,#940);
#939 = CARTESIAN_POINT('',(0.,0.));
#940 = VECTOR('',#941,1.);
#941 = DIRECTION('',(0.,1.));
#942 = ( GEOMETRIC_REPRESENTATION_CONTEXT(2) 
PARAMETRIC_REPRESENTATION_CONTEXT() REPRESENTATION_CONTEXT('2D SPACE',''
  ) );
#943 = ORIENTED_EDGE('',*,*,#944,.F.);
#944 = EDGE_CURVE('',#945,#912,#947,.T.);
#945 = VERTEX_POINT('',#946);
#946 = CARTESIAN_POINT('',(-21.7,1.779838589152E-15,13.09999995));
#947 = SURFACE_CURVE('',#948,(#953,#960),.PCURVE_S1.);
#948 = CIRCLE('',#949,1.7);
#949 = AXIS2_PLACEMENT_3D('',#950,#951,#952);
#950 = CARTESIAN_POINT('',(-20.,1.454392156708E-15,13.09999995));
#951 = DIRECTION('',(-1.110223024625E-16,1.110223024625E-16,1.));
#952 = DIRECTION('',(1.,0.,1.110223024625E-16));
#953 = PCURVE('',#920,#954);
#954 = DEFINITIONAL_REPRESENTATION('',(#955),#959);
#955 = LINE('',#956,#957);
#956 = CARTESIAN_POINT('',(0.,-1.9));
#957 = VECTOR('',#958,1.);
#958 = DIRECTION('',(1.,0.));
#959 = ( GEOMETRIC_REPRESENTATION_CONTEXT(2) 
PARAMETRIC_REPRESENTATION_CONTEXT() REPRESENTATION_CONTEXT('2D SPACE',''
  ) );
#960 = PCURVE('',#961,#966);
#961 = CONICAL_SURFACE('',#962,3.6,0.785398163397);
#962 = AXIS2_PLACEMENT_3D('',#963,#964,#965);
#963 = CARTESIAN_POINT('',(-20.,1.665334531387E-15,14.99999995));
#964 = DIRECTION('',(-1.110223024625E-16,1.110223024625E-16,1.));
#965 = DIRECTION('',(1.,0.,1.110223024625E-16));
#966 = DEFINITIONAL_REPRESENTATION('',(#967),#971);
#967 = LINE('',#968,#969);
#968 = CARTESIAN_POINT('',(0.,-1.9));
#969 = VECTOR('',#970,1.);
#970 = DIRECTION('',(1.,0.));
#971 = ( GEOMETRIC_REPRESENTATION_CONTEXT(2) 
PARAMETRIC_REPRESENTATION_CONTEXT() REPRESENTATION_CONTEXT('2D SPACE',''
  ) );
#972 = ORIENTED_EDGE('',*,*,#973,.F.);
#973 = EDGE_CURVE('',#974,#945,#976,.T.);
#974 = VERTEX_POINT('',#975);
#975 = CARTESIAN_POINT('',(-21.7,1.629275421824E-15,12.79999995));
#976 = SURFACE_CURVE('',#977,(#981,#988),.PCURVE_S1.);
#977 = LINE('',#978,#979);
#978 = CARTESIAN_POINT('',(-21.7,1.873524487242E-15,14.99999995));
#979 = VECTOR('',#980,1.);
#980 = DIRECTION('',(-1.110223024625E-16,1.110223024625E-16,1.));
#981 = PCURVE('',#920,#982);
#982 = DEFINITIONAL_REPRESENTATION('',(#983),#987);
#983 = LINE('',#984,#985);
#984 = CARTESIAN_POINT('',(3.14159265359,0.));
#985 = VECTOR('',#986,1.);
#986 = DIRECTION('',(0.,1.));
#987 = ( GEOMETRIC_REPRESENTATION_CONTEXT(2) 
PARAMETRIC_REPRESENTATION_CONTEXT() REPRESENTATION_CONTEXT('2D SPACE',''
  ) );
#988 = PCURVE('',#932,#989);
#989 = DEFINITIONAL_REPRESENTATION('',(#990),#994);
#990 = LINE('',#991,#992);
#991 = CARTESIAN_POINT('',(3.14159265359,0.));
#992 = VECTOR('',#993,1.);
#993 = DIRECTION('',(0.,1.));
#994 = ( GEOMETRIC_REPRESENTATION_CONTEXT(2) 
PARAMETRIC_REPRESENTATION_CONTEXT() REPRESENTATION_CONTEXT('2D SPACE',''
  ) );
#995 = ORIENTED_EDGE('',*,*,#996,.T.);
#996 = EDGE_CURVE('',#974,#910,#997,.T.);
#997 = SURFACE_CURVE('',#998,(#1003,#1010),.PCURVE_S1.);
#998 = CIRCLE('',#999,1.7);
#999 = AXIS2_PLACEMENT_3D('',#1000,#1001,#1002);
#1000 = CARTESIAN_POINT('',(-20.,1.421085465969E-15,12.79999995));
#1001 = DIRECTION('',(-1.110223024625E-16,1.110223024625E-16,1.));
#1002 = DIRECTION('',(1.,0.,1.110223024625E-16));
#1003 = PCURVE('',#920,#1004);
#1004 = DEFINITIONAL_REPRESENTATION('',(#1005),#1009);
#1005 = LINE('',#1006,#1007);
#1006 = CARTESIAN_POINT('',(0.,-2.2));
#1007 = VECTOR('',#1008,1.);
#1008 = DIRECTION('',(1.,0.));
#1009 = ( GEOMETRIC_REPRESENTATION_CONTEXT(2) 
PARAMETRIC_REPRESENTATION_CONTEXT() REPRESENTATION_CONTEXT('2D SPACE',''
  ) );
#1010 = PCURVE('',#1011,#1016);
#1011 = PLANE('',#1012);
#1012 = AXIS2_PLACEMENT_3D('',#1013,#1014,#1015);
#1013 = CARTESIAN_POINT('',(25.,3.,12.79999995));
#1014 = DIRECTION('',(-1.110223024625E-16,1.110223024625E-16,1.));
#1015 = DIRECTION('',(1.,0.,1.110223024625E-16));
#1016 = DEFINITIONAL_REPRESENTATION('',(#1017),#1021);
#1017 = CIRCLE('',#1018,1.7);
#1018 = AXIS2_PLACEMENT_2D('',#1019,#1020);
#1019 = CARTESIAN_POINT('',(-45.,-3.));
#1020 = DIRECTION('',(1.,0.));
#1021 = ( GEOMETRIC_REPRESENTATION_CONTEXT(2) 
PARAMETRIC_REPRESENTATION_CONTEXT() REPRESENTATION_CONTEXT('2D SPACE',''
  ) );
#1022 = ADVANCED_FACE('',(#1023),#961,.F.);
#1023 = FACE_BOUND('',#1024,.F.);
#1024 = EDGE_LOOP('',(#1025,#1053,#1235,#1256));
#1025 = ORIENTED_EDGE('',*,*,#1026,.T.);
#1026 = EDGE_CURVE('',#912,#1027,#1029,.T.);
#1027 = VERTEX_POINT('',#1028);
#1028 = CARTESIAN_POINT('',(-16.4,1.664964983601E-15,14.99999995));
#1029 = SURFACE_CURVE('',#1030,(#1034,#1041),.PCURVE_S1.);
#1030 = LINE('',#1031,#1032);
#1031 = CARTESIAN_POINT('',(-16.4,1.665334531387E-15,14.99999995));
#1032 = VECTOR('',#1033,1.);
#1033 = DIRECTION('',(0.707106781187,7.850462293419E-17,0.707106781187)
  );
#1034 = PCURVE('',#961,#1035);
#1035 = DEFINITIONAL_REPRESENTATION('',(#1036),#1040);
#1036 = LINE('',#1037,#1038);
#1037 = CARTESIAN_POINT('',(6.28318530718,-3.140184917368E-16));
#1038 = VECTOR('',#1039,1.);
#1039 = DIRECTION('',(0.,1.));
#1040 = ( GEOMETRIC_REPRESENTATION_CONTEXT(2) 
PARAMETRIC_REPRESENTATION_CONTEXT() REPRESENTATION_CONTEXT('2D SPACE',''
  ) );
#1041 = PCURVE('',#1042,#1047);
#1042 = CONICAL_SURFACE('',#1043,3.6,0.785398163397);
#1043 = AXIS2_PLACEMENT_3D('',#1044,#1045,#1046);
#1044 = CARTESIAN_POINT('',(-20.,1.665334531387E-15,14.99999995));
#1045 = DIRECTION('',(-1.110223024625E-16,1.110223024625E-16,1.));
#1046 = DIRECTION('',(1.,0.,1.110223024625E-16));
#1047 = DEFINITIONAL_REPRESENTATION('',(#1048),#1052);
#1048 = LINE('',#1049,#1050);
#1049 = CARTESIAN_POINT('',(0.,-3.140184917368E-16));
#1050 = VECTOR('',#1051,1.);
#1051 = DIRECTION('',(0.,1.));
#1052 = ( GEOMETRIC_REPRESENTATION_CONTEXT(2) 
PARAMETRIC_REPRESENTATION_CONTEXT() REPRESENTATION_CONTEXT('2D SPACE',''
  ) );
#1053 = ORIENTED_EDGE('',*,*,#1054,.T.);
#1054 = EDGE_CURVE('',#1027,#1055,#1057,.T.);
#1055 = VERTEX_POINT('',#1056);
#1056 = CARTESIAN_POINT('',(-23.6,2.106194700051E-15,14.99999995));
#1057 = SURFACE_CURVE('',#1058,(#1089,#1162),.PCURVE_S1.);
#1058 = B_SPLINE_CURVE_WITH_KNOTS('',3,(#1059,#1060,#1061,#1062,#1063,
    #1064,#1065,#1066,#1067,#1068,#1069,#1070,#1071,#1072,#1073,#1074,
    #1075,#1076,#1077,#1078,#1079,#1080,#1081,#1082,#1083,#1084,#1085,
    #1086,#1087,#1088),.UNSPECIFIED.,.F.,.F.,(4,2,2,2,2,2,2,2,2,2,2,2,2,
    2,4),(1.351751707411E-02,1.41893447869E-02,1.48611724997E-02,
    1.62048279253E-02,1.68766556381E-02,1.75484833509E-02,
    1.822031106369E-02,1.889213877649E-02,1.956396648929E-02,
    2.023579420209E-02,2.157944962769E-02,2.225127734048E-02,
    2.292310505328E-02,2.359493276608E-02,2.426676047888E-02),
  .UNSPECIFIED.);
#1059 = CARTESIAN_POINT('',(-16.4,1.664964983601E-15,14.99999995));
#1060 = CARTESIAN_POINT('',(-16.4,-0.226068202593,14.99999995));
#1061 = CARTESIAN_POINT('',(-16.42655136705,-0.450718103898,
    14.994812948719));
#1062 = CARTESIAN_POINT('',(-16.52905527894,-0.886466559933,
    14.975371087766));
#1063 = CARTESIAN_POINT('',(-16.60642387285,-1.101467597963,
    14.96086652616));
#1064 = CARTESIAN_POINT('',(-16.90149631802,-1.704849610258,
    14.908270343392));
#1065 = CARTESIAN_POINT('',(-17.18682138718,-2.063229907482,
    14.860324440014));
#1066 = CARTESIAN_POINT('',(-17.69577302059,-2.498077751448,
    14.791252363086));
#1067 = CARTESIAN_POINT('',(-17.88170272529,-2.628354073109,
    14.768362082283));
#1068 = CARTESIAN_POINT('',(-18.26978181799,-2.850520145151,
    14.7270940322));
#1069 = CARTESIAN_POINT('',(-18.47260395445,-2.943440213953,
    14.708571208211));
#1070 = CARTESIAN_POINT('',(-18.89547544427,-3.094031576069,
    14.677631821569));
#1071 = CARTESIAN_POINT('',(-19.11536633139,-3.151141716125,
    14.66532584615));
#1072 = CARTESIAN_POINT('',(-19.5561539898,-3.226267611972,
    14.648981998297));
#1073 = CARTESIAN_POINT('',(-19.77905335388,-3.245084779159,
    14.644774610098));
#1074 = CARTESIAN_POINT('',(-20.2299634869,-3.244571911996,
    14.644888245131));
#1075 = CARTESIAN_POINT('',(-20.45557223629,-3.224912072757,
    14.649282058101));
#1076 = CARTESIAN_POINT('',(-20.89549563305,-3.148613547841,
    14.665870428294));
#1077 = CARTESIAN_POINT('',(-21.11159258789,-3.09201392692,
    14.678060900795));
#1078 = CARTESIAN_POINT('',(-21.74776401016,-2.863937191196,
    14.724875411715));
#1079 = CARTESIAN_POINT('',(-22.13949089412,-2.640240764094,
    14.768781006041));
#1080 = CARTESIAN_POINT('',(-22.65068342548,-2.201339248877,
    14.838330274021));
#1081 = CARTESIAN_POINT('',(-22.80502123451,-2.040591816526,
    14.861609524907));
#1082 = CARTESIAN_POINT('',(-23.08023898335,-1.688636833673,
    14.905702206606));
#1083 = CARTESIAN_POINT('',(-23.20113145034,-1.496143116536,
    14.926548384097));
#1084 = CARTESIAN_POINT('',(-23.39557695379,-1.096185502191,
    14.96123886011));
#1085 = CARTESIAN_POINT('',(-23.4709661614,-0.886844588432,
    14.975374325545));
#1086 = CARTESIAN_POINT('',(-23.5740726004,-0.447593476564,
    14.99493213029));
#1087 = CARTESIAN_POINT('',(-23.6,-0.223310436707,14.99999995));
#1088 = CARTESIAN_POINT('',(-23.6,2.106194700051E-15,14.99999995));
#1089 = PCURVE('',#961,#1090);
#1090 = DEFINITIONAL_REPRESENTATION('',(#1091),#1161);
#1091 = B_SPLINE_CURVE_WITH_KNOTS('',3,(#1092,#1093,#1094,#1095,#1096,
    #1097,#1098,#1099,#1100,#1101,#1102,#1103,#1104,#1105,#1106,#1107,
    #1108,#1109,#1110,#1111,#1112,#1113,#1114,#1115,#1116,#1117,#1118,
    #1119,#1120,#1121,#1122,#1123,#1124,#1125,#1126,#1127,#1128,#1129,
    #1130,#1131,#1132,#1133,#1134,#1135,#1136,#1137,#1138,#1139,#1140,
    #1141,#1142,#1143,#1144,#1145,#1146,#1147,#1148,#1149,#1150,#1151,
    #1152,#1153,#1154,#1155,#1156,#1157,#1158,#1159,#1160),
  .UNSPECIFIED.,.F.,.F.,(4,1,1,1,1,1,1,1,1,1,1,1,1,1,1,1,1,1,1,1,1,1,1,1
    ,1,1,1,1,1,1,1,1,1,1,1,1,1,1,1,1,1,1,1,1,1,1,1,1,1,1,1,1,1,1,1,1,1,1
    ,1,1,1,1,1,1,1,1,4),(1.351751707411E-02,1.368038439842E-02,
    1.384325172274E-02,1.400611904705E-02,1.416898637137E-02,
    1.433185369568E-02,1.449472102E-02,1.465758834431E-02,
    1.482045566863E-02,1.498332299294E-02,1.514619031726E-02,
    1.530905764157E-02,1.547192496589E-02,1.56347922902E-02,
    1.579765961452E-02,1.596052693883E-02,1.612339426315E-02,
    1.628626158746E-02,1.644912891177E-02,1.661199623609E-02,
    1.67748635604E-02,1.693773088472E-02,1.710059820903E-02,
    1.726346553335E-02,1.742633285766E-02,1.758920018198E-02,
    1.775206750629E-02,1.791493483061E-02,1.807780215492E-02,
    1.824066947924E-02,1.840353680355E-02,1.856640412787E-02,
    1.872927145218E-02,1.889213877649E-02,1.905500610081E-02,
    1.921787342512E-02,1.938074074944E-02,1.954360807375E-02,
    1.970647539807E-02,1.986934272238E-02,2.00322100467E-02,
    2.019507737101E-02,2.035794469533E-02,2.052081201964E-02,
    2.068367934396E-02,2.084654666827E-02,2.100941399259E-02,
    2.11722813169E-02,2.133514864122E-02,2.149801596553E-02,
    2.166088328984E-02,2.182375061416E-02,2.198661793847E-02,
    2.214948526279E-02,2.23123525871E-02,2.247521991142E-02,
    2.263808723573E-02,2.280095456005E-02,2.296382188436E-02,
    2.312668920868E-02,2.328955653299E-02,2.345242385731E-02,
    2.361529118162E-02,2.377815850594E-02,2.394102583025E-02,
    2.410389315457E-02,2.426676047888E-02),.QUASI_UNIFORM_KNOTS.);
#1092 = CARTESIAN_POINT('',(6.28318530718,0.));
#1093 = CARTESIAN_POINT('',(6.267962298641,-6.857396336326E-07));
#1094 = CARTESIAN_POINT('',(6.237560445579,-6.134690930228E-04));
#1095 = CARTESIAN_POINT('',(6.192064562053,-3.30482653044E-03));
#1096 = CARTESIAN_POINT('',(6.146632279518,-7.710068933053E-03));
#1097 = CARTESIAN_POINT('',(6.101282249731,-1.375775365359E-02));
#1098 = CARTESIAN_POINT('',(6.055828860977,-2.14798234669E-02));
#1099 = CARTESIAN_POINT('',(6.010027088617,-3.078464050758E-02));
#1100 = CARTESIAN_POINT('',(5.964100551763,-4.143971716693E-02));
#1101 = CARTESIAN_POINT('',(5.91817669193,-5.33178241981E-02));
#1102 = CARTESIAN_POINT('',(5.872374968926,-6.637315309387E-02));
#1103 = CARTESIAN_POINT('',(5.826372493188,-8.049147535088E-02));
#1104 = CARTESIAN_POINT('',(5.780205824417,-9.546748576897E-02));
#1105 = CARTESIAN_POINT('',(5.733842498556,-0.111126441445));
#1106 = CARTESIAN_POINT('',(5.687280381403,-0.127296675925));
#1107 = CARTESIAN_POINT('',(5.640519014,-0.143819173508));
#1108 = CARTESIAN_POINT('',(5.59357001162,-0.160547543904));
#1109 = CARTESIAN_POINT('',(5.546438570104,-0.177348231119));
#1110 = CARTESIAN_POINT('',(5.499180744284,-0.194108154484));
#1111 = CARTESIAN_POINT('',(5.451410208175,-0.210777751592));
#1112 = CARTESIAN_POINT('',(5.403304939248,-0.227090018107));
#1113 = CARTESIAN_POINT('',(5.354975873801,-0.242865875072));
#1114 = CARTESIAN_POINT('',(5.30661550121,-0.257976676181));
#1115 = CARTESIAN_POINT('',(5.258153474293,-0.272293789941));
#1116 = CARTESIAN_POINT('',(5.209478188523,-0.285769275935));
#1117 = CARTESIAN_POINT('',(5.160518119786,-0.298328149413));
#1118 = CARTESIAN_POINT('',(5.11117083369,-0.309860935655));
#1119 = CARTESIAN_POINT('',(5.061442847792,-0.320295283413));
#1120 = CARTESIAN_POINT('',(5.011496651685,-0.32948989998));
#1121 = CARTESIAN_POINT('',(4.961453378331,-0.33734365644));
#1122 = CARTESIAN_POINT('',(4.911519557126,-0.343813535364));
#1123 = CARTESIAN_POINT('',(4.861624999163,-0.348868950669));
#1124 = CARTESIAN_POINT('',(4.811607177286,-0.352501932505));
#1125 = CARTESIAN_POINT('',(4.761444318216,-0.354700571082));
#1126 = CARTESIAN_POINT('',(4.711024395135,-0.355420169));
#1127 = CARTESIAN_POINT('',(4.66045548556,-0.354629887232));
#1128 = CARTESIAN_POINT('',(4.609997171659,-0.352346682113));
#1129 = CARTESIAN_POINT('',(4.559696655818,-0.348582058375));
#1130 = CARTESIAN_POINT('',(4.50967740243,-0.343394976868));
#1131 = CARTESIAN_POINT('',(4.459965513637,-0.336841713231));
#1132 = CARTESIAN_POINT('',(4.410348384006,-0.328940582134));
#1133 = CARTESIAN_POINT('',(4.360802717198,-0.319762544094));
#1134 = CARTESIAN_POINT('',(4.311229234718,-0.309338133458));
#1135 = CARTESIAN_POINT('',(4.261634706919,-0.297682177998));
#1136 = CARTESIAN_POINT('',(4.212475121038,-0.284982414396));
#1137 = CARTESIAN_POINT('',(4.163626117897,-0.271351253662));
#1138 = CARTESIAN_POINT('',(4.115089077966,-0.256912601822));
#1139 = CARTESIAN_POINT('',(4.0668250057,-0.241781100108));
#1140 = CARTESIAN_POINT('',(4.018800781998,-0.226067555109));
#1141 = CARTESIAN_POINT('',(3.970972397941,-0.209873256823));
#1142 = CARTESIAN_POINT('',(3.923308023102,-0.193302544617));
#1143 = CARTESIAN_POINT('',(3.875714861654,-0.176413460694));
#1144 = CARTESIAN_POINT('',(3.828636618406,-0.159544484169));
#1145 = CARTESIAN_POINT('',(3.781897228036,-0.142826180039));
#1146 = CARTESIAN_POINT('',(3.735391301328,-0.126383362877));
#1147 = CARTESIAN_POINT('',(3.68899181039,-0.110278993325));
#1148 = CARTESIAN_POINT('',(3.642547667331,-9.470779830745E-02));
#1149 = CARTESIAN_POINT('',(3.596244783366,-7.980014415129E-02));
#1150 = CARTESIAN_POINT('',(3.550200387106,-6.572640783167E-02));
#1151 = CARTESIAN_POINT('',(3.504615706805,-5.279218368074E-02));
#1152 = CARTESIAN_POINT('',(3.45930188849,-4.102674009064E-02));
#1153 = CARTESIAN_POINT('',(3.414038264047,-3.051757106625E-02));
#1154 = CARTESIAN_POINT('',(3.368726267563,-2.139847448971E-02));
#1155 = CARTESIAN_POINT('',(3.323073834998,-1.370046076696E-02));
#1156 = CARTESIAN_POINT('',(3.27743859318,-7.624623392546E-03));
#1157 = CARTESIAN_POINT('',(3.232021623219,-3.255365680611E-03));
#1158 = CARTESIAN_POINT('',(3.186737089535,-5.995962141134E-04));
#1159 = CARTESIAN_POINT('',(3.15663033816,-8.474421446801E-07));
#1160 = CARTESIAN_POINT('',(3.14159265359,0.));
#1161 = ( GEOMETRIC_REPRESENTATION_CONTEXT(2) 
PARAMETRIC_REPRESENTATION_CONTEXT() REPRESENTATION_CONTEXT('2D SPACE',''
  ) );
#1162 = PCURVE('',#161,#1163);
#1163 = DEFINITIONAL_REPRESENTATION('',(#1164),#1234);
#1164 = B_SPLINE_CURVE_WITH_KNOTS('',3,(#1165,#1166,#1167,#1168,#1169,
    #1170,#1171,#1172,#1173,#1174,#1175,#1176,#1177,#1178,#1179,#1180,
    #1181,#1182,#1183,#1184,#1185,#1186,#1187,#1188,#1189,#1190,#1191,
    #1192,#1193,#1194,#1195,#1196,#1197,#1198,#1199,#1200,#1201,#1202,
    #1203,#1204,#1205,#1206,#1207,#1208,#1209,#1210,#1211,#1212,#1213,
    #1214,#1215,#1216,#1217,#1218,#1219,#1220,#1221,#1222,#1223,#1224,
    #1225,#1226,#1227,#1228,#1229,#1230,#1231,#1232,#1233),
  .UNSPECIFIED.,.F.,.F.,(4,1,1,1,1,1,1,1,1,1,1,1,1,1,1,1,1,1,1,1,1,1,1,1
    ,1,1,1,1,1,1,1,1,1,1,1,1,1,1,1,1,1,1,1,1,1,1,1,1,1,1,1,1,1,1,1,1,1,1
    ,1,1,1,1,1,1,1,1,4),(1.351751707411E-02,1.368038439842E-02,
    1.384325172274E-02,1.400611904705E-02,1.416898637137E-02,
    1.433185369568E-02,1.449472101999E-02,1.465758834431E-02,
    1.482045566862E-02,1.498332299294E-02,1.514619031725E-02,
    1.530905764157E-02,1.547192496588E-02,1.56347922902E-02,
    1.579765961451E-02,1.596052693883E-02,1.612339426314E-02,
    1.628626158746E-02,1.644912891177E-02,1.661199623609E-02,
    1.67748635604E-02,1.693773088472E-02,1.710059820903E-02,
    1.726346553335E-02,1.742633285766E-02,1.758920018197E-02,
    1.775206750629E-02,1.79149348306E-02,1.807780215492E-02,
    1.824066947923E-02,1.840353680355E-02,1.856640412786E-02,
    1.872927145218E-02,1.889213877649E-02,1.905500610081E-02,
    1.921787342512E-02,1.938074074944E-02,1.954360807375E-02,
    1.970647539807E-02,1.986934272238E-02,2.00322100467E-02,
    2.019507737101E-02,2.035794469533E-02,2.052081201964E-02,
    2.068367934395E-02,2.084654666827E-02,2.100941399258E-02,
    2.11722813169E-02,2.133514864121E-02,2.149801596553E-02,
    2.166088328984E-02,2.182375061416E-02,2.198661793847E-02,
    2.214948526279E-02,2.23123525871E-02,2.247521991142E-02,
    2.263808723573E-02,2.280095456005E-02,2.296382188436E-02,
    2.312668920868E-02,2.328955653299E-02,2.345242385731E-02,
    2.361529118162E-02,2.377815850594E-02,2.394102583025E-02,
    2.410389315456E-02,2.426676047888E-02),.UNSPECIFIED.);
#1165 = CARTESIAN_POINT('',(1.570796326795,41.4));
#1166 = CARTESIAN_POINT('',(1.567142707277,41.4));
#1167 = CARTESIAN_POINT('',(1.559846449984,41.403121386457));
#1168 = CARTESIAN_POINT('',(1.548965241205,41.417004334016));
#1169 = CARTESIAN_POINT('',(1.538173789791,41.439945184193));
#1170 = CARTESIAN_POINT('',(1.527511456976,41.47172982988));
#1171 = CARTESIAN_POINT('',(1.516970536418,41.512408405145));
#1172 = CARTESIAN_POINT('',(1.506529617814,41.562004441944));
#1173 = CARTESIAN_POINT('',(1.496271430275,41.61996652656));
#1174 = CARTESIAN_POINT('',(1.486254492291,41.6858707242));
#1175 = CARTESIAN_POINT('',(1.476535184532,41.759334177166));
#1176 = CARTESIAN_POINT('',(1.467068652856,41.840403449515));
#1177 = CARTESIAN_POINT('',(1.457885968018,41.928617125337));
#1178 = CARTESIAN_POINT('',(1.449001325441,42.023629705164));
#1179 = CARTESIAN_POINT('',(1.440433684687,42.125064135462));
#1180 = CARTESIAN_POINT('',(1.432200781193,42.232553662516));
#1181 = CARTESIAN_POINT('',(1.424321349033,42.345721887407));
#1182 = CARTESIAN_POINT('',(1.416812139055,42.464220692205));
#1183 = CARTESIAN_POINT('',(1.409697556329,42.587598480234));
#1184 = CARTESIAN_POINT('',(1.402931527706,42.716484826381));
#1185 = CARTESIAN_POINT('',(1.396549233595,42.850027202242));
#1186 = CARTESIAN_POINT('',(1.390573921152,42.987593725306));
#1187 = CARTESIAN_POINT('',(1.385040535006,43.128374430366));
#1188 = CARTESIAN_POINT('',(1.379937838379,43.272187180013));
#1189 = CARTESIAN_POINT('',(1.375260128003,43.41909538628));
#1190 = CARTESIAN_POINT('',(1.371007173061,43.569051897517));
#1191 = CARTESIAN_POINT('',(1.367173062398,43.722095237998));
#1192 = CARTESIAN_POINT('',(1.363772148124,43.878010919071));
#1193 = CARTESIAN_POINT('',(1.360816762632,44.036032914739));
#1194 = CARTESIAN_POINT('',(1.358313535561,44.19554754662));
#1195 = CARTESIAN_POINT('',(1.356275860678,44.355696890105));
#1196 = CARTESIAN_POINT('',(1.354694993045,44.516482094656));
#1197 = CARTESIAN_POINT('',(1.353565285978,44.678229662042));
#1198 = CARTESIAN_POINT('',(1.352891362015,44.840821830538));
#1199 = CARTESIAN_POINT('',(1.352673510623,45.004428876095));
#1200 = CARTESIAN_POINT('',(1.35291910272,45.168513187449));
#1201 = CARTESIAN_POINT('',(1.353627527716,45.332039532973));
#1202 = CARTESIAN_POINT('',(1.354791750831,45.494670440949));
#1203 = CARTESIAN_POINT('',(1.356406790218,45.655815847555));
#1204 = CARTESIAN_POINT('',(1.358465895773,45.815198297465));
#1205 = CARTESIAN_POINT('',(1.360972257314,45.973308179461));
#1206 = CARTESIAN_POINT('',(1.363930824243,46.12998755286));
#1207 = CARTESIAN_POINT('',(1.367347819691,46.285316518717));
#1208 = CARTESIAN_POINT('',(1.37122281062,46.439042820235));
#1209 = CARTESIAN_POINT('',(1.375516572328,46.589514203835));
#1210 = CARTESIAN_POINT('',(1.380233672649,46.736851075723));
#1211 = CARTESIAN_POINT('',(1.385368796578,46.880769766828));
#1212 = CARTESIAN_POINT('',(1.390919414089,47.021095620816));
#1213 = CARTESIAN_POINT('',(1.396882186515,47.15762200568));
#1214 = CARTESIAN_POINT('',(1.403254687579,47.29016117937));
#1215 = CARTESIAN_POINT('',(1.410032116688,47.418481815677));
#1216 = CARTESIAN_POINT('',(1.417218718553,47.542508035078));
#1217 = CARTESIAN_POINT('',(1.424736339877,47.660723575898));
#1218 = CARTESIAN_POINT('',(1.432596932658,47.773224489942));
#1219 = CARTESIAN_POINT('',(1.44080247674,47.879902167434));
#1220 = CARTESIAN_POINT('',(1.449356131535,47.980751747605));
#1221 = CARTESIAN_POINT('',(1.45827681284,48.075531570872));
#1222 = CARTESIAN_POINT('',(1.467505822474,48.163577874662));
#1223 = CARTESIAN_POINT('',(1.476996412328,48.244357358404));
#1224 = CARTESIAN_POINT('',(1.486683342467,48.317100652269));
#1225 = CARTESIAN_POINT('',(1.496573553071,48.381980213923));
#1226 = CARTESIAN_POINT('',(1.506688079369,48.438986794552));
#1227 = CARTESIAN_POINT('',(1.517021109799,48.487871937242));
#1228 = CARTESIAN_POINT('',(1.527609862008,48.528611669809));
#1229 = CARTESIAN_POINT('',(1.538340833968,48.560493989223));
#1230 = CARTESIAN_POINT('',(1.549130351939,48.583262444767));
#1231 = CARTESIAN_POINT('',(1.559961670905,48.596953143812));
#1232 = CARTESIAN_POINT('',(1.567187274238,48.6));
#1233 = CARTESIAN_POINT('',(1.570796326795,48.6));
#1234 = ( GEOMETRIC_REPRESENTATION_CONTEXT(2) 
PARAMETRIC_REPRESENTATION_CONTEXT() REPRESENTATION_CONTEXT('2D SPACE',''
  ) );
#1235 = ORIENTED_EDGE('',*,*,#1236,.F.);
#1236 = EDGE_CURVE('',#945,#1055,#1237,.T.);
#1237 = SURFACE_CURVE('',#1238,(#1242,#1249),.PCURVE_S1.);
#1238 = LINE('',#1239,#1240);
#1239 = CARTESIAN_POINT('',(-23.6,2.10620737908E-15,14.99999995));
#1240 = VECTOR('',#1241,1.);
#1241 = DIRECTION('',(-0.707106781187,1.651002285577E-16,0.707106781187)
  );
#1242 = PCURVE('',#961,#1243);
#1243 = DEFINITIONAL_REPRESENTATION('',(#1244),#1248);
#1244 = LINE('',#1245,#1246);
#1245 = CARTESIAN_POINT('',(3.14159265359,0.));
#1246 = VECTOR('',#1247,1.);
#1247 = DIRECTION('',(0.,1.));
#1248 = ( GEOMETRIC_REPRESENTATION_CONTEXT(2) 
PARAMETRIC_REPRESENTATION_CONTEXT() REPRESENTATION_CONTEXT('2D SPACE',''
  ) );
#1249 = PCURVE('',#1042,#1250);
#1250 = DEFINITIONAL_REPRESENTATION('',(#1251),#1255);
#1251 = LINE('',#1252,#1253);
#1252 = CARTESIAN_POINT('',(3.14159265359,0.));
#1253 = VECTOR('',#1254,1.);
#1254 = DIRECTION('',(0.,1.));
#1255 = ( GEOMETRIC_REPRESENTATION_CONTEXT(2) 
PARAMETRIC_REPRESENTATION_CONTEXT() REPRESENTATION_CONTEXT('2D SPACE',''
  ) );
#1256 = ORIENTED_EDGE('',*,*,#944,.T.);
#1257 = ADVANCED_FACE('',(#1258),#1272,.F.);
#1258 = FACE_BOUND('',#1259,.F.);
#1259 = EDGE_LOOP('',(#1260,#1295,#1481,#1504));
#1260 = ORIENTED_EDGE('',*,*,#1261,.T.);
#1261 = EDGE_CURVE('',#1262,#1264,#1266,.T.);
#1262 = VERTEX_POINT('',#1263);
#1263 = CARTESIAN_POINT('',(23.,2.053912590005E-15,18.49999995));
#1264 = VERTEX_POINT('',#1265);
#1265 = CARTESIAN_POINT('',(23.,4.408344548526E-15,24.49999995));
#1266 = SURFACE_CURVE('',#1267,(#1271,#1283),.PCURVE_S1.);
#1267 = LINE('',#1268,#1269);
#1268 = CARTESIAN_POINT('',(23.,2.720046404781E-15,24.49999995));
#1269 = VECTOR('',#1270,1.);
#1270 = DIRECTION('',(-1.110223024625E-16,1.110223024625E-16,1.));
#1271 = PCURVE('',#1272,#1277);
#1272 = CYLINDRICAL_SURFACE('',#1273,3.);
#1273 = AXIS2_PLACEMENT_3D('',#1274,#1275,#1276);
#1274 = CARTESIAN_POINT('',(20.,2.720046404781E-15,24.49999995));
#1275 = DIRECTION('',(-1.110223024625E-16,1.110223024625E-16,1.));
#1276 = DIRECTION('',(1.,0.,1.110223024625E-16));
#1277 = DEFINITIONAL_REPRESENTATION('',(#1278),#1282);
#1278 = LINE('',#1279,#1280);
#1279 = CARTESIAN_POINT('',(6.28318530718,0.));
#1280 = VECTOR('',#1281,1.);
#1281 = DIRECTION('',(0.,1.));
#1282 = ( GEOMETRIC_REPRESENTATION_CONTEXT(2) 
PARAMETRIC_REPRESENTATION_CONTEXT() REPRESENTATION_CONTEXT('2D SPACE',''
  ) );
#1283 = PCURVE('',#1284,#1289);
#1284 = CYLINDRICAL_SURFACE('',#1285,3.);
#1285 = AXIS2_PLACEMENT_3D('',#1286,#1287,#1288);
#1286 = CARTESIAN_POINT('',(20.,2.720046404781E-15,24.49999995));
#1287 = DIRECTION('',(-1.110223024625E-16,1.110223024625E-16,1.));
#1288 = DIRECTION('',(1.,0.,1.110223024625E-16));
#1289 = DEFINITIONAL_REPRESENTATION('',(#1290),#1294);
#1290 = LINE('',#1291,#1292);
#1291 = CARTESIAN_POINT('',(0.,0.));
#1292 = VECTOR('',#1293,1.);
#1293 = DIRECTION('',(0.,1.));
#1294 = ( GEOMETRIC_REPRESENTATION_CONTEXT(2) 
PARAMETRIC_REPRESENTATION_CONTEXT() REPRESENTATION_CONTEXT('2D SPACE',''
  ) );
#1295 = ORIENTED_EDGE('',*,*,#1296,.F.);
#1296 = EDGE_CURVE('',#1297,#1264,#1299,.T.);
#1297 = VERTEX_POINT('',#1298);
#1298 = CARTESIAN_POINT('',(17.,3.087440405947E-15,24.49999995));
#1299 = SURFACE_CURVE('',#1300,(#1335,#1408),.PCURVE_S1.);
#1300 = B_SPLINE_CURVE_WITH_KNOTS('',3,(#1301,#1302,#1303,#1304,#1305,
    #1306,#1307,#1308,#1309,#1310,#1311,#1312,#1313,#1314,#1315,#1316,
    #1317,#1318,#1319,#1320,#1321,#1322,#1323,#1324,#1325,#1326,#1327,
    #1328,#1329,#1330,#1331,#1332,#1333,#1334),.UNSPECIFIED.,.F.,.F.,(4,
    2,2,2,2,2,2,2,2,2,2,2,2,2,2,2,4),(9.388173736854E-03,
    9.974794426251E-03,1.056141511565E-02,1.114803580505E-02,
    1.173465649444E-02,1.232127718384E-02,1.290789787324E-02,
    1.349451856263E-02,1.408113925203E-02,1.466775994143E-02,
    1.525438063083E-02,1.584100132022E-02,1.642762200962E-02,
    1.701424269902E-02,1.760086338841E-02,1.818748407781E-02,
    1.877410476721E-02),.UNSPECIFIED.);
#1301 = CARTESIAN_POINT('',(17.,3.087440405947E-15,24.49999995));
#1302 = CARTESIAN_POINT('',(17.,-0.195840757564,24.49999995));
#1303 = CARTESIAN_POINT('',(17.018991515111,-0.390611939375,
    24.497651959406));
#1304 = CARTESIAN_POINT('',(17.095905991584,-0.777963536707,
    24.488411584826));
#1305 = CARTESIAN_POINT('',(17.153478429193,-0.967208543418,
    24.481567891095));
#1306 = CARTESIAN_POINT('',(17.302982624996,-1.328260026674,
    24.464635375905));
#1307 = CARTESIAN_POINT('',(17.396089377229,-1.502829565637,
    24.454416420096));
#1308 = CARTESIAN_POINT('',(17.615091730495,-1.830590008925,
    24.432067439582));
#1309 = CARTESIAN_POINT('',(17.739085454694,-1.981539359453,
    24.420130749417));
#1310 = CARTESIAN_POINT('',(18.015423759346,-2.258249312913,
    24.396097927637));
#1311 = CARTESIAN_POINT('',(18.169578196825,-2.384935889094,
    24.383889277298));
#1312 = CARTESIAN_POINT('',(18.495212058217,-2.602686385812,
    24.361609123003));
#1313 = CARTESIAN_POINT('',(18.667335704805,-2.694932756971,
    24.351449648327));
#1314 = CARTESIAN_POINT('',(19.030463374509,-2.845813665741,
    24.334278438475));
#1315 = CARTESIAN_POINT('',(19.220966260472,-2.903676832724,
    24.327353843624));
#1316 = CARTESIAN_POINT('',(19.604463522182,-2.980232140444,
    24.318094098259));
#1317 = CARTESIAN_POINT('',(19.799474122905,-2.999856109917,
    24.315650534358));
#1318 = CARTESIAN_POINT('',(20.196197135155,-3.000142328582,
    24.315615221447));
#1319 = CARTESIAN_POINT('',(20.391232708419,-2.980803331452,
    24.318023670059));
#1320 = CARTESIAN_POINT('',(20.774933297037,-2.904777085781,
    24.327222073212));
#1321 = CARTESIAN_POINT('',(20.965603116041,-2.847147706683,
    24.334121544064));
#1322 = CARTESIAN_POINT('',(21.328860017898,-2.696807463319,
    24.351241259719));
#1323 = CARTESIAN_POINT('',(21.501156239821,-2.604792454726,
    24.361383360874));
#1324 = CARTESIAN_POINT('',(21.827299480098,-2.387339606882,
    24.383653388835));
#1325 = CARTESIAN_POINT('',(21.981552790162,-2.260896292726,
    24.395851393457));
#1326 = CARTESIAN_POINT('',(22.25816150572,-1.984668768522,
    24.419875248145));
#1327 = CARTESIAN_POINT('',(22.382395200249,-1.833875119022,
    24.431820925942));
#1328 = CARTESIAN_POINT('',(22.601995024299,-1.506162918101,
    24.454211190946));
#1329 = CARTESIAN_POINT('',(22.695169920898,-1.331995959494,
    24.464431079541));
#1330 = CARTESIAN_POINT('',(22.845135895762,-0.971265089081,
    24.481406115801));
#1331 = CARTESIAN_POINT('',(22.902954948897,-0.782272839774,
    24.488276026291));
#1332 = CARTESIAN_POINT('',(22.980516318856,-0.394487901214,
    24.497591572041));
#1333 = CARTESIAN_POINT('',(23.,-0.198369928131,24.49999995));
#1334 = CARTESIAN_POINT('',(23.,4.408344548526E-15,24.49999995));
#1335 = PCURVE('',#1272,#1336);
#1336 = DEFINITIONAL_REPRESENTATION('',(#1337),#1407);
#1337 = B_SPLINE_CURVE_WITH_KNOTS('',3,(#1338,#1339,#1340,#1341,#1342,
    #1343,#1344,#1345,#1346,#1347,#1348,#1349,#1350,#1351,#1352,#1353,
    #1354,#1355,#1356,#1357,#1358,#1359,#1360,#1361,#1362,#1363,#1364,
    #1365,#1366,#1367,#1368,#1369,#1370,#1371,#1372,#1373,#1374,#1375,
    #1376,#1377,#1378,#1379,#1380,#1381,#1382,#1383,#1384,#1385,#1386,
    #1387,#1388,#1389,#1390,#1391,#1392,#1393,#1394,#1395,#1396,#1397,
    #1398,#1399,#1400,#1401,#1402,#1403,#1404,#1405,#1406),
  .UNSPECIFIED.,.F.,.F.,(4,1,1,1,1,1,1,1,1,1,1,1,1,1,1,1,1,1,1,1,1,1,1,1
    ,1,1,1,1,1,1,1,1,1,1,1,1,1,1,1,1,1,1,1,1,1,1,1,1,1,1,1,1,1,1,1,1,1,1
    ,1,1,1,1,1,1,1,1,4),(9.388173736854E-03,9.530384813072E-03,
    9.672595889289E-03,9.814806965507E-03,9.957018041724E-03,
    1.009922911794E-02,1.024144019416E-02,1.038365127038E-02,
    1.052586234659E-02,1.066807342281E-02,1.081028449903E-02,
    1.095249557525E-02,1.109470665146E-02,1.123691772768E-02,
    1.13791288039E-02,1.152133988012E-02,1.166355095633E-02,
    1.180576203255E-02,1.194797310877E-02,1.209018418499E-02,
    1.22323952612E-02,1.237460633742E-02,1.251681741364E-02,
    1.265902848986E-02,1.280123956607E-02,1.294345064229E-02,
    1.308566171851E-02,1.322787279473E-02,1.337008387094E-02,
    1.351229494716E-02,1.365450602338E-02,1.37967170996E-02,
    1.393892817581E-02,1.408113925203E-02,1.422335032825E-02,
    1.436556140447E-02,1.450777248068E-02,1.46499835569E-02,
    1.479219463312E-02,1.493440570934E-02,1.507661678555E-02,
    1.521882786177E-02,1.536103893799E-02,1.550325001421E-02,
    1.564546109042E-02,1.578767216664E-02,1.592988324286E-02,
    1.607209431908E-02,1.621430539529E-02,1.635651647151E-02,
    1.649872754773E-02,1.664093862395E-02,1.678314970016E-02,
    1.692536077638E-02,1.70675718526E-02,1.720978292882E-02,
    1.735199400503E-02,1.749420508125E-02,1.763641615747E-02,
    1.777862723369E-02,1.79208383099E-02,1.806304938612E-02,
    1.820526046234E-02,1.834747153856E-02,1.848968261477E-02,
    1.863189369099E-02,1.877410476721E-02),.UNSPECIFIED.);
#1338 = CARTESIAN_POINT('',(3.14159265359,0.));
#1339 = CARTESIAN_POINT('',(3.157418381459,9.935240396438E-16));
#1340 = CARTESIAN_POINT('',(3.189026704646,-2.759705875963E-04));
#1341 = CARTESIAN_POINT('',(3.236421189701,-1.511448619939E-03));
#1342 = CARTESIAN_POINT('',(3.283894632266,-3.561701301062E-03));
#1343 = CARTESIAN_POINT('',(3.331594532008,-6.421233744903E-03));
#1344 = CARTESIAN_POINT('',(3.379488972333,-1.007989849128E-02));
#1345 = CARTESIAN_POINT('',(3.427225217852,-1.447539705004E-02));
#1346 = CARTESIAN_POINT('',(3.474867325081,-1.955972902675E-02));
#1347 = CARTESIAN_POINT('',(3.522350148777,-2.527825538206E-02));
#1348 = CARTESIAN_POINT('',(3.569715056868,-3.158931067994E-02));
#1349 = CARTESIAN_POINT('',(3.617294569902,-3.847633268493E-02));
#1350 = CARTESIAN_POINT('',(3.664967203214,-4.58596333452E-02));
#1351 = CARTESIAN_POINT('',(3.712721281645,-5.367452975579E-02));
#1352 = CARTESIAN_POINT('',(3.760498290051,-6.185057822973E-02));
#1353 = CARTESIAN_POINT('',(3.807964867541,-7.024787620588E-02));
#1354 = CARTESIAN_POINT('',(3.855308837562,-7.882211364341E-02));
#1355 = CARTESIAN_POINT('',(3.902618890094,-8.751111385657E-02));
#1356 = CARTESIAN_POINT('',(3.950007709174,-9.625785171441E-02));
#1357 = CARTESIAN_POINT('',(3.997716472352,-0.105026139825));
#1358 = CARTESIAN_POINT('',(4.045524844678,-0.113697940165));
#1359 = CARTESIAN_POINT('',(4.093292618595,-0.122170861199));
#1360 = CARTESIAN_POINT('',(4.14080311714,-0.130325839358));
#1361 = CARTESIAN_POINT('',(4.188152321246,-0.138110948485));
#1362 = CARTESIAN_POINT('',(4.23547835875,-0.145482286566));
#1363 = CARTESIAN_POINT('',(4.28287352266,-0.152385522434));
#1364 = CARTESIAN_POINT('',(4.330480416943,-0.158777597423));
#1365 = CARTESIAN_POINT('',(4.378266953611,-0.164574976654));
#1366 = CARTESIAN_POINT('',(4.426076771444,-0.169717232841));
#1367 = CARTESIAN_POINT('',(4.47381607721,-0.174154187089));
#1368 = CARTESIAN_POINT('',(4.521301328801,-0.177821952865));
#1369 = CARTESIAN_POINT('',(4.568656715016,-0.180703083564));
#1370 = CARTESIAN_POINT('',(4.616106307972,-0.182793766704));
#1371 = CARTESIAN_POINT('',(4.663692840583,-0.184069045474));
#1372 = CARTESIAN_POINT('',(4.711667554791,-0.18450967003));
#1373 = CARTESIAN_POINT('',(4.759642080245,-0.18409470699));
#1374 = CARTESIAN_POINT('',(4.807229545706,-0.182844641281));
#1375 = CARTESIAN_POINT('',(4.854682767997,-0.180778368858));
#1376 = CARTESIAN_POINT('',(4.902046098933,-0.177920532497));
#1377 = CARTESIAN_POINT('',(4.949545219703,-0.174274376661));
#1378 = CARTESIAN_POINT('',(4.997298965375,-0.169857459265));
#1379 = CARTESIAN_POINT('',(5.045119094064,-0.16473426972));
#1380 = CARTESIAN_POINT('',(5.092905516539,-0.158955608818));
#1381 = CARTESIAN_POINT('',(5.140500775461,-0.152581978058));
#1382 = CARTESIAN_POINT('',(5.187899048168,-0.145693440368));
#1383 = CARTESIAN_POINT('',(5.235236984664,-0.138333409721));
#1384 = CARTESIAN_POINT('',(5.28260869696,-0.130555667519));
#1385 = CARTESIAN_POINT('',(5.330151225726,-0.122403940367));
#1386 = CARTESIAN_POINT('',(5.37792464602,-0.113936617474));
#1387 = CARTESIAN_POINT('',(5.425725609262,-0.10527049182));
#1388 = CARTESIAN_POINT('',(5.473418251489,-9.650724735694E-02));
#1389 = CARTESIAN_POINT('',(5.520787706653,-8.776399919709E-02));
#1390 = CARTESIAN_POINT('',(5.568092519521,-7.907352206452E-02));
#1391 = CARTESIAN_POINT('',(5.615444249656,-7.049327084414E-02));
#1392 = CARTESIAN_POINT('',(5.66292916283,-6.208596971853E-02));
#1393 = CARTESIAN_POINT('',(5.710747172012,-5.389424069993E-02));
#1394 = CARTESIAN_POINT('',(5.758493325051,-4.6069599737E-02));
#1395 = CARTESIAN_POINT('',(5.806132471314,-3.867865283729E-02));
#1396 = CARTESIAN_POINT('',(5.853670904208,-3.178311909229E-02));
#1397 = CARTESIAN_POINT('',(5.901018141944,-2.545784450188E-02));
#1398 = CARTESIAN_POINT('',(5.948480957696,-1.972224954813E-02));
#1399 = CARTESIAN_POINT('',(5.996106966872,-1.461871151743E-02));
#1400 = CARTESIAN_POINT('',(6.043853644329,-1.020080887695E-02));
#1401 = CARTESIAN_POINT('',(6.091783757986,-6.516783451669E-03));
#1402 = CARTESIAN_POINT('',(6.139627396186,-3.625565559402E-03));
#1403 = CARTESIAN_POINT('',(6.187380610717,-1.543365722486E-03));
#1404 = CARTESIAN_POINT('',(6.235184258193,-2.830713003012E-04));
#1405 = CARTESIAN_POINT('',(6.267155348053,-5.342694206362E-15));
#1406 = CARTESIAN_POINT('',(6.28318530718,0.));
#1407 = ( GEOMETRIC_REPRESENTATION_CONTEXT(2) 
PARAMETRIC_REPRESENTATION_CONTEXT() REPRESENTATION_CONTEXT('2D SPACE',''
  ) );
#1408 = PCURVE('',#102,#1409);
#1409 = DEFINITIONAL_REPRESENTATION('',(#1410),#1480);
#1410 = B_SPLINE_CURVE_WITH_KNOTS('',3,(#1411,#1412,#1413,#1414,#1415,
    #1416,#1417,#1418,#1419,#1420,#1421,#1422,#1423,#1424,#1425,#1426,
    #1427,#1428,#1429,#1430,#1431,#1432,#1433,#1434,#1435,#1436,#1437,
    #1438,#1439,#1440,#1441,#1442,#1443,#1444,#1445,#1446,#1447,#1448,
    #1449,#1450,#1451,#1452,#1453,#1454,#1455,#1456,#1457,#1458,#1459,
    #1460,#1461,#1462,#1463,#1464,#1465,#1466,#1467,#1468,#1469,#1470,
    #1471,#1472,#1473,#1474,#1475,#1476,#1477,#1478,#1479),
  .UNSPECIFIED.,.F.,.F.,(4,1,1,1,1,1,1,1,1,1,1,1,1,1,1,1,1,1,1,1,1,1,1,1
    ,1,1,1,1,1,1,1,1,1,1,1,1,1,1,1,1,1,1,1,1,1,1,1,1,1,1,1,1,1,1,1,1,1,1
    ,1,1,1,1,1,1,1,1,4),(9.388173736854E-03,9.530384813072E-03,
    9.672595889289E-03,9.814806965507E-03,9.957018041724E-03,
    1.009922911794E-02,1.024144019416E-02,1.038365127038E-02,
    1.052586234659E-02,1.066807342281E-02,1.081028449903E-02,
    1.095249557525E-02,1.109470665146E-02,1.123691772768E-02,
    1.13791288039E-02,1.152133988012E-02,1.166355095633E-02,
    1.180576203255E-02,1.194797310877E-02,1.209018418499E-02,
    1.22323952612E-02,1.237460633742E-02,1.251681741364E-02,
    1.265902848986E-02,1.280123956607E-02,1.294345064229E-02,
    1.308566171851E-02,1.322787279473E-02,1.337008387094E-02,
    1.351229494716E-02,1.365450602338E-02,1.37967170996E-02,
    1.393892817581E-02,1.408113925203E-02,1.422335032825E-02,
    1.436556140447E-02,1.450777248068E-02,1.46499835569E-02,
    1.479219463312E-02,1.493440570934E-02,1.507661678555E-02,
    1.521882786177E-02,1.536103893799E-02,1.550325001421E-02,
    1.564546109042E-02,1.578767216664E-02,1.592988324286E-02,
    1.607209431908E-02,1.621430539529E-02,1.635651647151E-02,
    1.649872754773E-02,1.664093862395E-02,1.678314970016E-02,
    1.692536077638E-02,1.70675718526E-02,1.720978292882E-02,
    1.735199400503E-02,1.749420508125E-02,1.763641615747E-02,
    1.777862723369E-02,1.79208383099E-02,1.806304938612E-02,
    1.820526046234E-02,1.834747153856E-02,1.848968261477E-02,
    1.863189369099E-02,1.877410476721E-02),.UNSPECIFIED.);
#1411 = CARTESIAN_POINT('',(1.570796326795,2.));
#1412 = CARTESIAN_POINT('',(1.572734144798,2.));
#1413 = CARTESIAN_POINT('',(1.576604603509,2.002232152664));
#1414 = CARTESIAN_POINT('',(1.582395283819,2.012318200168));
#1415 = CARTESIAN_POINT('',(1.588169791284,2.029180131397));
#1416 = CARTESIAN_POINT('',(1.593932873091,2.052867545098));
#1417 = CARTESIAN_POINT('',(1.599667298281,2.083387201211));
#1418 = CARTESIAN_POINT('',(1.605317560975,2.120483787388));
#1419 = CARTESIAN_POINT('',(1.610879589028,2.164019235423));
#1420 = CARTESIAN_POINT('',(1.616333895368,2.213803005746));
#1421 = CARTESIAN_POINT('',(1.621673330691,2.269742591547));
#1422 = CARTESIAN_POINT('',(1.626923240329,2.332104105927));
#1423 = CARTESIAN_POINT('',(1.632057788876,2.400623311776));
#1424 = CARTESIAN_POINT('',(1.637063484109,2.475163365796));
#1425 = CARTESIAN_POINT('',(1.641921032056,2.555530481125));
#1426 = CARTESIAN_POINT('',(1.646588279646,2.640879643294));
#1427 = CARTESIAN_POINT('',(1.651074057351,2.73132415028));
#1428 = CARTESIAN_POINT('',(1.655377196144,2.826802844067));
#1429 = CARTESIAN_POINT('',(1.659499999111,2.927284408952));
#1430 = CARTESIAN_POINT('',(1.663447972958,3.033196397672));
#1431 = CARTESIAN_POINT('',(1.66719527899,3.14377250824));
#1432 = CARTESIAN_POINT('',(1.670722571215,3.258448051716));
#1433 = CARTESIAN_POINT('',(1.674002863916,3.376492243656));
#1434 = CARTESIAN_POINT('',(1.677041441884,3.497766515371));
#1435 = CARTESIAN_POINT('',(1.679840053999,3.622357136473));
#1436 = CARTESIAN_POINT('',(1.682396483086,3.750236651415));
#1437 = CARTESIAN_POINT('',(1.684712967256,3.881497070429));
#1438 = CARTESIAN_POINT('',(1.686775629079,4.015822678752));
#1439 = CARTESIAN_POINT('',(1.688574513098,4.152448468182));
#1440 = CARTESIAN_POINT('',(1.690103916401,4.290788368888));
#1441 = CARTESIAN_POINT('',(1.691353343219,4.430005790321));
#1442 = CARTESIAN_POINT('',(1.692327829235,4.570121911783));
#1443 = CARTESIAN_POINT('',(1.693029811991,4.711485461123));
#1444 = CARTESIAN_POINT('',(1.693454875586,4.853913273332));
#1445 = CARTESIAN_POINT('',(1.693600452061,4.997834895417));
#1446 = CARTESIAN_POINT('',(1.693463430874,5.141760919177));
#1447 = CARTESIAN_POINT('',(1.693046832347,5.284206364635));
#1448 = CARTESIAN_POINT('',(1.692353156936,5.425605178271));
#1449 = CARTESIAN_POINT('',(1.691386771174,5.565778695189));
#1450 = CARTESIAN_POINT('',(1.69014509297,5.70507976954));
#1451 = CARTESIAN_POINT('',(1.688623165948,5.843513292292));
#1452 = CARTESIAN_POINT('',(1.686831751533,5.980229602593));
#1453 = CARTESIAN_POINT('',(1.684776817857,6.114625093257));
#1454 = CARTESIAN_POINT('',(1.682468408854,6.245932021073));
#1455 = CARTESIAN_POINT('',(1.679919187282,6.373907428611));
#1456 = CARTESIAN_POINT('',(1.677126996446,6.498624535161));
#1457 = CARTESIAN_POINT('',(1.674093829484,6.620058748941));
#1458 = CARTESIAN_POINT('',(1.670817838403,6.73829041953));
#1459 = CARTESIAN_POINT('',(1.667296399833,6.853094769633));
#1460 = CARTESIAN_POINT('',(1.66355565673,6.963775149317));
#1461 = CARTESIAN_POINT('',(1.659614722954,7.069778715938));
#1462 = CARTESIAN_POINT('',(1.655499177344,7.170356200937));
#1463 = CARTESIAN_POINT('',(1.651201872418,7.265969283184));
#1464 = CARTESIAN_POINT('',(1.646720409744,7.35657917531));
#1465 = CARTESIAN_POINT('',(1.642056099443,7.442117529074));
#1466 = CARTESIAN_POINT('',(1.637198686812,7.522710281827));
#1467 = CARTESIAN_POINT('',(1.632197921434,7.597404394402));
#1468 = CARTESIAN_POINT('',(1.627070677745,7.666044056899));
#1469 = CARTESIAN_POINT('',(1.621828620967,7.728521546536));
#1470 = CARTESIAN_POINT('',(1.616494294976,7.784619908353));
#1471 = CARTESIAN_POINT('',(1.611045238191,7.834578583486));
#1472 = CARTESIAN_POINT('',(1.60548763824,7.878298228303));
#1473 = CARTESIAN_POINT('',(1.599838241961,7.915598162005));
#1474 = CARTESIAN_POINT('',(1.594101285903,7.946339058849));
#1475 = CARTESIAN_POINT('',(1.588322155693,7.970293516846));
#1476 = CARTESIAN_POINT('',(1.582514395443,7.987420206022));
#1477 = CARTESIAN_POINT('',(1.576674018182,7.997709975843));
#1478 = CARTESIAN_POINT('',(1.572759170324,8.));
#1479 = CARTESIAN_POINT('',(1.570796326795,8.));
#1480 = ( GEOMETRIC_REPRESENTATION_CONTEXT(2) 
PARAMETRIC_REPRESENTATION_CONTEXT() REPRESENTATION_CONTEXT('2D SPACE',''
  ) );
#1481 = ORIENTED_EDGE('',*,*,#1482,.F.);
#1482 = EDGE_CURVE('',#1483,#1297,#1485,.T.);
#1483 = VERTEX_POINT('',#1484);
#1484 = CARTESIAN_POINT('',(17.,2.42130662975E-15,18.49999995));
#1485 = SURFACE_CURVE('',#1486,(#1490,#1497),.PCURVE_S1.);
#1486 = LINE('',#1487,#1488);
#1487 = CARTESIAN_POINT('',(17.,3.087440444525E-15,24.49999995));
#1488 = VECTOR('',#1489,1.);
#1489 = DIRECTION('',(-1.110223024625E-16,1.110223024625E-16,1.));
#1490 = PCURVE('',#1272,#1491);
#1491 = DEFINITIONAL_REPRESENTATION('',(#1492),#1496);
#1492 = LINE('',#1493,#1494);
#1493 = CARTESIAN_POINT('',(3.14159265359,0.));
#1494 = VECTOR('',#1495,1.);
#1495 = DIRECTION('',(0.,1.));
#1496 = ( GEOMETRIC_REPRESENTATION_CONTEXT(2) 
PARAMETRIC_REPRESENTATION_CONTEXT() REPRESENTATION_CONTEXT('2D SPACE',''
  ) );
#1497 = PCURVE('',#1284,#1498);
#1498 = DEFINITIONAL_REPRESENTATION('',(#1499),#1503);
#1499 = LINE('',#1500,#1501);
#1500 = CARTESIAN_POINT('',(3.14159265359,0.));
#1501 = VECTOR('',#1502,1.);
#1502 = DIRECTION('',(0.,1.));
#1503 = ( GEOMETRIC_REPRESENTATION_CONTEXT(2) 
PARAMETRIC_REPRESENTATION_CONTEXT() REPRESENTATION_CONTEXT('2D SPACE',''
  ) );
#1504 = ORIENTED_EDGE('',*,*,#1505,.T.);
#1505 = EDGE_CURVE('',#1483,#1262,#1506,.T.);
#1506 = SURFACE_CURVE('',#1507,(#1512,#1519),.PCURVE_S1.);
#1507 = CIRCLE('',#1508,3.);
#1508 = AXIS2_PLACEMENT_3D('',#1509,#1510,#1511);
#1509 = CARTESIAN_POINT('',(20.,2.053912590005E-15,18.49999995));
#1510 = DIRECTION('',(-1.110223024625E-16,1.110223024625E-16,1.));
#1511 = DIRECTION('',(1.,0.,1.110223024625E-16));
#1512 = PCURVE('',#1272,#1513);
#1513 = DEFINITIONAL_REPRESENTATION('',(#1514),#1518);
#1514 = LINE('',#1515,#1516);
#1515 = CARTESIAN_POINT('',(0.,-6.));
#1516 = VECTOR('',#1517,1.);
#1517 = DIRECTION('',(1.,0.));
#1518 = ( GEOMETRIC_REPRESENTATION_CONTEXT(2) 
PARAMETRIC_REPRESENTATION_CONTEXT() REPRESENTATION_CONTEXT('2D SPACE',''
  ) );
#1519 = PCURVE('',#1520,#1525);
#1520 = PLANE('',#1521);
#1521 = AXIS2_PLACEMENT_3D('',#1522,#1523,#1524);
#1522 = CARTESIAN_POINT('',(20.,1.7,18.49999995));
#1523 = DIRECTION('',(1.110223024625E-16,-1.110223024625E-16,-1.));
#1524 = DIRECTION('',(-1.,0.,-1.110223024625E-16));
#1525 = DEFINITIONAL_REPRESENTATION('',(#1526),#1534);
#1526 = ( BOUNDED_CURVE() B_SPLINE_CURVE(2,(#1527,#1528,#1529,#1530,
#1531,#1532,#1533),.UNSPECIFIED.,.T.,.F.) B_SPLINE_CURVE_WITH_KNOTS((1,2
    ,2,2,2,1),(-2.094395102393,0.,2.094395102393,4.188790204786,
6.28318530718,8.377580409573),.UNSPECIFIED.) CURVE() 
GEOMETRIC_REPRESENTATION_ITEM() RATIONAL_B_SPLINE_CURVE((1.,0.5,1.,0.5,
1.,0.5,1.)) REPRESENTATION_ITEM('') );
#1527 = CARTESIAN_POINT('',(-3.,-1.7));
#1528 = CARTESIAN_POINT('',(-3.,3.496152422707));
#1529 = CARTESIAN_POINT('',(1.5,0.898076211353));
#1530 = CARTESIAN_POINT('',(6.,-1.7));
#1531 = CARTESIAN_POINT('',(1.5,-4.298076211353));
#1532 = CARTESIAN_POINT('',(-3.,-6.896152422707));
#1533 = CARTESIAN_POINT('',(-3.,-1.7));
#1534 = ( GEOMETRIC_REPRESENTATION_CONTEXT(2) 
PARAMETRIC_REPRESENTATION_CONTEXT() REPRESENTATION_CONTEXT('2D SPACE',''
  ) );
#1535 = ADVANCED_FACE('',(#1536),#1550,.F.);
#1536 = FACE_BOUND('',#1537,.F.);
#1537 = EDGE_LOOP('',(#1538,#1573,#1601,#1624));
#1538 = ORIENTED_EDGE('',*,*,#1539,.T.);
#1539 = EDGE_CURVE('',#1540,#1542,#1544,.T.);
#1540 = VERTEX_POINT('',#1541);
#1541 = CARTESIAN_POINT('',(21.7,1.421085465969E-15,12.79999995));
#1542 = VERTEX_POINT('',#1543);
#1543 = CARTESIAN_POINT('',(21.7,2.053912590005E-15,18.49999995));
#1544 = SURFACE_CURVE('',#1545,(#1549,#1561),.PCURVE_S1.);
#1545 = LINE('',#1546,#1547);
#1546 = CARTESIAN_POINT('',(21.7,2.720046404781E-15,24.49999995));
#1547 = VECTOR('',#1548,1.);
#1548 = DIRECTION('',(-1.110223024625E-16,1.110223024625E-16,1.));
#1549 = PCURVE('',#1550,#1555);
#1550 = CYLINDRICAL_SURFACE('',#1551,1.7);
#1551 = AXIS2_PLACEMENT_3D('',#1552,#1553,#1554);
#1552 = CARTESIAN_POINT('',(20.,2.720046404781E-15,24.49999995));
#1553 = DIRECTION('',(-1.110223024625E-16,1.110223024625E-16,1.));
#1554 = DIRECTION('',(1.,0.,1.110223024625E-16));
#1555 = DEFINITIONAL_REPRESENTATION('',(#1556),#1560);
#1556 = LINE('',#1557,#1558);
#1557 = CARTESIAN_POINT('',(6.28318530718,0.));
#1558 = VECTOR('',#1559,1.);
#1559 = DIRECTION('',(0.,1.));
#1560 = ( GEOMETRIC_REPRESENTATION_CONTEXT(2) 
PARAMETRIC_REPRESENTATION_CONTEXT() REPRESENTATION_CONTEXT('2D SPACE',''
  ) );
#1561 = PCURVE('',#1562,#1567);
#1562 = CYLINDRICAL_SURFACE('',#1563,1.7);
#1563 = AXIS2_PLACEMENT_3D('',#1564,#1565,#1566);
#1564 = CARTESIAN_POINT('',(20.,2.720046404781E-15,24.49999995));
#1565 = DIRECTION('',(-1.110223024625E-16,1.110223024625E-16,1.));
#1566 = DIRECTION('',(1.,0.,1.110223024625E-16));
#1567 = DEFINITIONAL_REPRESENTATION('',(#1568),#1572);
#1568 = LINE('',#1569,#1570);
#1569 = CARTESIAN_POINT('',(0.,0.));
#1570 = VECTOR('',#1571,1.);
#1571 = DIRECTION('',(0.,1.));
#1572 = ( GEOMETRIC_REPRESENTATION_CONTEXT(2) 
PARAMETRIC_REPRESENTATION_CONTEXT() REPRESENTATION_CONTEXT('2D SPACE',''
  ) );
#1573 = ORIENTED_EDGE('',*,*,#1574,.F.);
#1574 = EDGE_CURVE('',#1575,#1542,#1577,.T.);
#1575 = VERTEX_POINT('',#1576);
#1576 = CARTESIAN_POINT('',(18.3,2.26210254586E-15,18.49999995));
#1577 = SURFACE_CURVE('',#1578,(#1583,#1590),.PCURVE_S1.);
#1578 = CIRCLE('',#1579,1.7);
#1579 = AXIS2_PLACEMENT_3D('',#1580,#1581,#1582);
#1580 = CARTESIAN_POINT('',(20.,2.053912590005E-15,18.49999995));
#1581 = DIRECTION('',(-1.110223024625E-16,1.110223024625E-16,1.));
#1582 = DIRECTION('',(1.,0.,1.110223024625E-16));
#1583 = PCURVE('',#1550,#1584);
#1584 = DEFINITIONAL_REPRESENTATION('',(#1585),#1589);
#1585 = LINE('',#1586,#1587);
#1586 = CARTESIAN_POINT('',(0.,-6.));
#1587 = VECTOR('',#1588,1.);
#1588 = DIRECTION('',(1.,0.));
#1589 = ( GEOMETRIC_REPRESENTATION_CONTEXT(2) 
PARAMETRIC_REPRESENTATION_CONTEXT() REPRESENTATION_CONTEXT('2D SPACE',''
  ) );
#1590 = PCURVE('',#1520,#1591);
#1591 = DEFINITIONAL_REPRESENTATION('',(#1592),#1600);
#1592 = ( BOUNDED_CURVE() B_SPLINE_CURVE(2,(#1593,#1594,#1595,#1596,
#1597,#1598,#1599),.UNSPECIFIED.,.T.,.F.) B_SPLINE_CURVE_WITH_KNOTS((1,2
    ,2,2,2,1),(-2.094395102393,0.,2.094395102393,4.188790204786,
6.28318530718,8.377580409573),.UNSPECIFIED.) CURVE() 
GEOMETRIC_REPRESENTATION_ITEM() RATIONAL_B_SPLINE_CURVE((1.,0.5,1.,0.5,
1.,0.5,1.)) REPRESENTATION_ITEM('') );
#1593 = CARTESIAN_POINT('',(-1.7,-1.7));
#1594 = CARTESIAN_POINT('',(-1.7,1.244486372867));
#1595 = CARTESIAN_POINT('',(0.85,-0.227756813566));
#1596 = CARTESIAN_POINT('',(3.4,-1.7));
#1597 = CARTESIAN_POINT('',(0.85,-3.172243186434));
#1598 = CARTESIAN_POINT('',(-1.7,-4.644486372867));
#1599 = CARTESIAN_POINT('',(-1.7,-1.7));
#1600 = ( GEOMETRIC_REPRESENTATION_CONTEXT(2) 
PARAMETRIC_REPRESENTATION_CONTEXT() REPRESENTATION_CONTEXT('2D SPACE',''
  ) );
#1601 = ORIENTED_EDGE('',*,*,#1602,.F.);
#1602 = EDGE_CURVE('',#1603,#1575,#1605,.T.);
#1603 = VERTEX_POINT('',#1604);
#1604 = CARTESIAN_POINT('',(18.3,1.629275421824E-15,12.79999995));
#1605 = SURFACE_CURVE('',#1606,(#1610,#1617),.PCURVE_S1.);
#1606 = LINE('',#1607,#1608);
#1607 = CARTESIAN_POINT('',(18.3,2.928236360636E-15,24.49999995));
#1608 = VECTOR('',#1609,1.);
#1609 = DIRECTION('',(-1.110223024625E-16,1.110223024625E-16,1.));
#1610 = PCURVE('',#1550,#1611);
#1611 = DEFINITIONAL_REPRESENTATION('',(#1612),#1616);
#1612 = LINE('',#1613,#1614);
#1613 = CARTESIAN_POINT('',(3.14159265359,0.));
#1614 = VECTOR('',#1615,1.);
#1615 = DIRECTION('',(0.,1.));
#1616 = ( GEOMETRIC_REPRESENTATION_CONTEXT(2) 
PARAMETRIC_REPRESENTATION_CONTEXT() REPRESENTATION_CONTEXT('2D SPACE',''
  ) );
#1617 = PCURVE('',#1562,#1618);
#1618 = DEFINITIONAL_REPRESENTATION('',(#1619),#1623);
#1619 = LINE('',#1620,#1621);
#1620 = CARTESIAN_POINT('',(3.14159265359,0.));
#1621 = VECTOR('',#1622,1.);
#1622 = DIRECTION('',(0.,1.));
#1623 = ( GEOMETRIC_REPRESENTATION_CONTEXT(2) 
PARAMETRIC_REPRESENTATION_CONTEXT() REPRESENTATION_CONTEXT('2D SPACE',''
  ) );
#1624 = ORIENTED_EDGE('',*,*,#1625,.T.);
#1625 = EDGE_CURVE('',#1603,#1540,#1626,.T.);
#1626 = SURFACE_CURVE('',#1627,(#1632,#1639),.PCURVE_S1.);
#1627 = CIRCLE('',#1628,1.7);
#1628 = AXIS2_PLACEMENT_3D('',#1629,#1630,#1631);
#1629 = CARTESIAN_POINT('',(20.,1.421085465969E-15,12.79999995));
#1630 = DIRECTION('',(-1.110223024625E-16,1.110223024625E-16,1.));
#1631 = DIRECTION('',(1.,0.,1.110223024625E-16));
#1632 = PCURVE('',#1550,#1633);
#1633 = DEFINITIONAL_REPRESENTATION('',(#1634),#1638);
#1634 = LINE('',#1635,#1636);
#1635 = CARTESIAN_POINT('',(0.,-11.7));
#1636 = VECTOR('',#1637,1.);
#1637 = DIRECTION('',(1.,0.));
#1638 = ( GEOMETRIC_REPRESENTATION_CONTEXT(2) 
PARAMETRIC_REPRESENTATION_CONTEXT() REPRESENTATION_CONTEXT('2D SPACE',''
  ) );
#1639 = PCURVE('',#1011,#1640);
#1640 = DEFINITIONAL_REPRESENTATION('',(#1641),#1645);
#1641 = CIRCLE('',#1642,1.7);
#1642 = AXIS2_PLACEMENT_2D('',#1643,#1644);
#1643 = CARTESIAN_POINT('',(-5.,-3.));
#1644 = DIRECTION('',(1.,0.));
#1645 = ( GEOMETRIC_REPRESENTATION_CONTEXT(2) 
PARAMETRIC_REPRESENTATION_CONTEXT() REPRESENTATION_CONTEXT('2D SPACE',''
  ) );
#1646 = ADVANCED_FACE('',(#1647),#1661,.F.);
#1647 = FACE_BOUND('',#1648,.F.);
#1648 = EDGE_LOOP('',(#1649,#1684,#1713,#1741));
#1649 = ORIENTED_EDGE('',*,*,#1650,.T.);
#1650 = EDGE_CURVE('',#1651,#1653,#1655,.T.);
#1651 = VERTEX_POINT('',#1652);
#1652 = CARTESIAN_POINT('',(-24.5,-10.,-5.000000219413E-08));
#1653 = VERTEX_POINT('',#1654);
#1654 = CARTESIAN_POINT('',(-25.,-10.5,-5.000000219413E-08));
#1655 = SURFACE_CURVE('',#1656,(#1660,#1672),.PCURVE_S1.);
#1656 = LINE('',#1657,#1658);
#1657 = CARTESIAN_POINT('',(-25.,-10.5,-5.000000219413E-08));
#1658 = VECTOR('',#1659,1.);
#1659 = DIRECTION('',(-0.707106781187,-0.707106781187,0.));
#1660 = PCURVE('',#1661,#1666);
#1661 = CONICAL_SURFACE('',#1662,10.5,0.785398163397);
#1662 = AXIS2_PLACEMENT_3D('',#1663,#1664,#1665);
#1663 = CARTESIAN_POINT('',(-25.,-5.551115187997E-24,-5.000000335986E-08
    ));
#1664 = DIRECTION('',(-1.,0.,-1.110223024625E-16));
#1665 = DIRECTION('',(-1.232595164408E-32,-1.,1.110223024625E-16));
#1666 = DEFINITIONAL_REPRESENTATION('',(#1667),#1671);
#1667 = LINE('',#1668,#1669);
#1668 = CARTESIAN_POINT('',(6.28318530718,7.850462293419E-17));
#1669 = VECTOR('',#1670,1.);
#1670 = DIRECTION('',(0.,1.));
#1671 = ( GEOMETRIC_REPRESENTATION_CONTEXT(2) 
PARAMETRIC_REPRESENTATION_CONTEXT() REPRESENTATION_CONTEXT('2D SPACE',''
  ) );
#1672 = PCURVE('',#1673,#1678);
#1673 = CONICAL_SURFACE('',#1674,10.5,0.785398163397);
#1674 = AXIS2_PLACEMENT_3D('',#1675,#1676,#1677);
#1675 = CARTESIAN_POINT('',(-25.,-5.551115187997E-24,-5.000000335986E-08
    ));
#1676 = DIRECTION('',(-1.,0.,-1.110223024625E-16));
#1677 = DIRECTION('',(-1.232595164408E-32,-1.,1.110223024625E-16));
#1678 = DEFINITIONAL_REPRESENTATION('',(#1679),#1683);
#1679 = LINE('',#1680,#1681);
#1680 = CARTESIAN_POINT('',(0.,7.850462293419E-17));
#1681 = VECTOR('',#1682,1.);
#1682 = DIRECTION('',(0.,1.));
#1683 = ( GEOMETRIC_REPRESENTATION_CONTEXT(2) 
PARAMETRIC_REPRESENTATION_CONTEXT() REPRESENTATION_CONTEXT('2D SPACE',''
  ) );
#1684 = ORIENTED_EDGE('',*,*,#1685,.T.);
#1685 = EDGE_CURVE('',#1653,#1686,#1688,.T.);
#1686 = VERTEX_POINT('',#1687);
#1687 = CARTESIAN_POINT('',(-25.,10.5,-5.000000323972E-08));
#1688 = SURFACE_CURVE('',#1689,(#1694,#1701),.PCURVE_S1.);
#1689 = CIRCLE('',#1690,10.5);
#1690 = AXIS2_PLACEMENT_3D('',#1691,#1692,#1693);
#1691 = CARTESIAN_POINT('',(-25.,-5.551115187997E-24,-5.000000335986E-08
    ));
#1692 = DIRECTION('',(1.,0.,1.110223024625E-16));
#1693 = DIRECTION('',(1.232595164408E-32,1.,-1.110223024625E-16));
#1694 = PCURVE('',#1661,#1695);
#1695 = DEFINITIONAL_REPRESENTATION('',(#1696),#1700);
#1696 = LINE('',#1697,#1698);
#1697 = CARTESIAN_POINT('',(9.424777960769,0.));
#1698 = VECTOR('',#1699,1.);
#1699 = DIRECTION('',(-1.,0.));
#1700 = ( GEOMETRIC_REPRESENTATION_CONTEXT(2) 
PARAMETRIC_REPRESENTATION_CONTEXT() REPRESENTATION_CONTEXT('2D SPACE',''
  ) );
#1701 = PCURVE('',#1702,#1707);
#1702 = PLANE('',#1703);
#1703 = AXIS2_PLACEMENT_3D('',#1704,#1705,#1706);
#1704 = CARTESIAN_POINT('',(-25.,-5.551115187997E-24,-5.000000335986E-08
    ));
#1705 = DIRECTION('',(1.,0.,1.110223024625E-16));
#1706 = DIRECTION('',(1.232595164408E-32,1.,-1.110223024625E-16));
#1707 = DEFINITIONAL_REPRESENTATION('',(#1708),#1712);
#1708 = CIRCLE('',#1709,10.5);
#1709 = AXIS2_PLACEMENT_2D('',#1710,#1711);
#1710 = CARTESIAN_POINT('',(0.,0.));
#1711 = DIRECTION('',(1.,0.));
#1712 = ( GEOMETRIC_REPRESENTATION_CONTEXT(2) 
PARAMETRIC_REPRESENTATION_CONTEXT() REPRESENTATION_CONTEXT('2D SPACE',''
  ) );
#1713 = ORIENTED_EDGE('',*,*,#1714,.F.);
#1714 = EDGE_CURVE('',#1715,#1686,#1717,.T.);
#1715 = VERTEX_POINT('',#1716);
#1716 = CARTESIAN_POINT('',(-24.5,10.,-5.000000318993E-08));
#1717 = SURFACE_CURVE('',#1718,(#1722,#1729),.PCURVE_S1.);
#1718 = LINE('',#1719,#1720);
#1719 = CARTESIAN_POINT('',(-25.,10.5,-5.000000323972E-08));
#1720 = VECTOR('',#1721,1.);
#1721 = DIRECTION('',(-0.707106781187,0.707106781187,-7.041364024488E-17
    ));
#1722 = PCURVE('',#1661,#1723);
#1723 = DEFINITIONAL_REPRESENTATION('',(#1724),#1728);
#1724 = LINE('',#1725,#1726);
#1725 = CARTESIAN_POINT('',(3.14159265359,7.850462293419E-17));
#1726 = VECTOR('',#1727,1.);
#1727 = DIRECTION('',(0.,1.));
#1728 = ( GEOMETRIC_REPRESENTATION_CONTEXT(2) 
PARAMETRIC_REPRESENTATION_CONTEXT() REPRESENTATION_CONTEXT('2D SPACE',''
  ) );
#1729 = PCURVE('',#1730,#1735);
#1730 = CONICAL_SURFACE('',#1731,10.5,0.785398163397);
#1731 = AXIS2_PLACEMENT_3D('',#1732,#1733,#1734);
#1732 = CARTESIAN_POINT('',(-25.,-5.551115187997E-24,-5.000000335986E-08
    ));
#1733 = DIRECTION('',(-1.,0.,-1.110223024625E-16));
#1734 = DIRECTION('',(-1.232595164408E-32,-1.,1.110223024625E-16));
#1735 = DEFINITIONAL_REPRESENTATION('',(#1736),#1740);
#1736 = LINE('',#1737,#1738);
#1737 = CARTESIAN_POINT('',(3.14159265359,7.850462293419E-17));
#1738 = VECTOR('',#1739,1.);
#1739 = DIRECTION('',(0.,1.));
#1740 = ( GEOMETRIC_REPRESENTATION_CONTEXT(2) 
PARAMETRIC_REPRESENTATION_CONTEXT() REPRESENTATION_CONTEXT('2D SPACE',''
  ) );
#1741 = ORIENTED_EDGE('',*,*,#1742,.T.);
#1742 = EDGE_CURVE('',#1715,#1651,#1743,.T.);
#1743 = SURFACE_CURVE('',#1744,(#1749,#1756),.PCURVE_S1.);
#1744 = CIRCLE('',#1745,10.);
#1745 = AXIS2_PLACEMENT_3D('',#1746,#1747,#1748);
#1746 = CARTESIAN_POINT('',(-24.5,-5.551115187997E-24,
    -5.000000330435E-08));
#1747 = DIRECTION('',(-1.,0.,-1.110223024625E-16));
#1748 = DIRECTION('',(1.232595164408E-32,1.,-1.110223024625E-16));
#1749 = PCURVE('',#1661,#1750);
#1750 = DEFINITIONAL_REPRESENTATION('',(#1751),#1755);
#1751 = LINE('',#1752,#1753);
#1752 = CARTESIAN_POINT('',(3.14159265359,-0.5));
#1753 = VECTOR('',#1754,1.);
#1754 = DIRECTION('',(1.,0.));
#1755 = ( GEOMETRIC_REPRESENTATION_CONTEXT(2) 
PARAMETRIC_REPRESENTATION_CONTEXT() REPRESENTATION_CONTEXT('2D SPACE',''
  ) );
#1756 = PCURVE('',#1757,#1762);
#1757 = CYLINDRICAL_SURFACE('',#1758,10.);
#1758 = AXIS2_PLACEMENT_3D('',#1759,#1760,#1761);
#1759 = CARTESIAN_POINT('',(25.,-5.551115187997E-24,-4.999999780875E-08)
  );
#1760 = DIRECTION('',(-1.,0.,-1.110223024625E-16));
#1761 = DIRECTION('',(-1.232595164408E-32,-1.,1.110223024625E-16));
#1762 = DEFINITIONAL_REPRESENTATION('',(#1763),#1767);
#1763 = LINE('',#1764,#1765);
#1764 = CARTESIAN_POINT('',(3.14159265359,49.5));
#1765 = VECTOR('',#1766,1.);
#1766 = DIRECTION('',(1.,0.));
#1767 = ( GEOMETRIC_REPRESENTATION_CONTEXT(2) 
PARAMETRIC_REPRESENTATION_CONTEXT() REPRESENTATION_CONTEXT('2D SPACE',''
  ) );
#1768 = ADVANCED_FACE('',(#1769),#1673,.F.);
#1769 = FACE_BOUND('',#1770,.F.);
#1770 = EDGE_LOOP('',(#1771,#1825,#1847,#1848));
#1771 = ORIENTED_EDGE('',*,*,#1772,.T.);
#1772 = EDGE_CURVE('',#1773,#1775,#1777,.T.);
#1773 = VERTEX_POINT('',#1774);
#1774 = CARTESIAN_POINT('',(-24.5,-3.,9.539391964169));
#1775 = VERTEX_POINT('',#1776);
#1776 = CARTESIAN_POINT('',(-25.,-3.,10.062305848749));
#1777 = SURFACE_CURVE('',#1778,(#1783,#1812),.PCURVE_S1.);
#1778 = B_SPLINE_CURVE_WITH_KNOTS('',3,(#1779,#1780,#1781,#1782),
  .UNSPECIFIED.,.F.,.F.,(4,4),(2.305045436801E-18,7.234907951634E-04),
  .PIECEWISE_BEZIER_KNOTS.);
#1779 = CARTESIAN_POINT('',(-24.5,-3.,9.539391964169));
#1780 = CARTESIAN_POINT('',(-24.66646225281,-3.,9.713891819684));
#1781 = CARTESIAN_POINT('',(-24.83313929068,-3.,9.888186967308));
#1782 = CARTESIAN_POINT('',(-25.,-3.,10.062305848749));
#1783 = PCURVE('',#1673,#1784);
#1784 = DEFINITIONAL_REPRESENTATION('',(#1785),#1811);
#1785 = B_SPLINE_CURVE_WITH_KNOTS('',3,(#1786,#1787,#1788,#1789,#1790,
    #1791,#1792,#1793,#1794,#1795,#1796,#1797,#1798,#1799,#1800,#1801,
    #1802,#1803,#1804,#1805,#1806,#1807,#1808,#1809,#1810),
  .UNSPECIFIED.,.F.,.F.,(4,1,1,1,1,1,1,1,1,1,1,1,1,1,1,1,1,1,1,1,1,1,4),
  (2.305045436801E-18,3.28859452347E-05,6.57718904694E-05,
    9.86578357041E-05,1.315437809388E-04,1.644297261735E-04,
    1.973156714082E-04,2.302016166429E-04,2.630875618776E-04,
    2.959735071123E-04,3.28859452347E-04,3.617453975817E-04,
    3.946313428164E-04,4.275172880511E-04,4.604032332858E-04,
    4.932891785205E-04,5.261751237552E-04,5.590610689899E-04,
    5.919470142246E-04,6.248329594593E-04,6.57718904694E-04,
    6.906048499287E-04,7.234907951634E-04),.UNSPECIFIED.);
#1786 = CARTESIAN_POINT('',(1.266103672779,-0.5));
#1787 = CARTESIAN_POINT('',(1.266341627111,-0.492433533949));
#1788 = CARTESIAN_POINT('',(1.266816430177,-0.477299712264));
#1789 = CARTESIAN_POINT('',(1.267525340521,-0.454596330006));
#1790 = CARTESIAN_POINT('',(1.268230979227,-0.431890317101));
#1791 = CARTESIAN_POINT('',(1.268933368638,-0.4091816924));
#1792 = CARTESIAN_POINT('',(1.26963253092,-0.386470474606));
#1793 = CARTESIAN_POINT('',(1.270328488039,-0.363756682253));
#1794 = CARTESIAN_POINT('',(1.271021261771,-0.341040333715));
#1795 = CARTESIAN_POINT('',(1.271710873699,-0.318321447202));
#1796 = CARTESIAN_POINT('',(1.272397345221,-0.29560004077));
#1797 = CARTESIAN_POINT('',(1.273080697544,-0.272876132314));
#1798 = CARTESIAN_POINT('',(1.273760951694,-0.250149739576));
#1799 = CARTESIAN_POINT('',(1.274438128513,-0.227420880143));
#1800 = CARTESIAN_POINT('',(1.275112248663,-0.204689571451));
#1801 = CARTESIAN_POINT('',(1.275783332626,-0.181955830787));
#1802 = CARTESIAN_POINT('',(1.276451400707,-0.159219675287));
#1803 = CARTESIAN_POINT('',(1.277116473038,-0.136481121942));
#1804 = CARTESIAN_POINT('',(1.277778569575,-0.113740187597));
#1805 = CARTESIAN_POINT('',(1.278437710105,-9.099688895336E-02));
#1806 = CARTESIAN_POINT('',(1.279093914243,-6.825124257128E-02));
#1807 = CARTESIAN_POINT('',(1.279747201435,-4.550326486652E-02));
#1808 = CARTESIAN_POINT('',(1.280397590976,-2.275297212954E-02));
#1809 = CARTESIAN_POINT('',(1.280829264948,-7.584577684772E-03));
#1810 = CARTESIAN_POINT('',(1.281044625359,8.881784197001E-16));
#1811 = ( GEOMETRIC_REPRESENTATION_CONTEXT(2) 
PARAMETRIC_REPRESENTATION_CONTEXT() REPRESENTATION_CONTEXT('2D SPACE',''
  ) );
#1812 = PCURVE('',#1813,#1818);
#1813 = PLANE('',#1814);
#1814 = AXIS2_PLACEMENT_3D('',#1815,#1816,#1817);
#1815 = CARTESIAN_POINT('',(25.,-3.,9.539391964169));
#1816 = DIRECTION('',(-1.232595164408E-32,-1.,1.110223024625E-16));
#1817 = DIRECTION('',(1.,0.,1.110223024625E-16));
#1818 = DEFINITIONAL_REPRESENTATION('',(#1819),#1824);
#1819 = B_SPLINE_CURVE_WITH_KNOTS('',3,(#1820,#1821,#1822,#1823),
  .UNSPECIFIED.,.F.,.F.,(4,4),(2.305045436801E-18,7.234907951634E-04),
  .PIECEWISE_BEZIER_KNOTS.);
#1820 = CARTESIAN_POINT('',(-49.5,-1.7763568394E-15));
#1821 = CARTESIAN_POINT('',(-49.66646225281,0.174499855515));
#1822 = CARTESIAN_POINT('',(-49.83313929068,0.348795003139));
#1823 = CARTESIAN_POINT('',(-50.,0.52291388458));
#1824 = ( GEOMETRIC_REPRESENTATION_CONTEXT(2) 
PARAMETRIC_REPRESENTATION_CONTEXT() REPRESENTATION_CONTEXT('2D SPACE',''
  ) );
#1825 = ORIENTED_EDGE('',*,*,#1826,.T.);
#1826 = EDGE_CURVE('',#1775,#1653,#1827,.T.);
#1827 = SURFACE_CURVE('',#1828,(#1833,#1840),.PCURVE_S1.);
#1828 = CIRCLE('',#1829,10.5);
#1829 = AXIS2_PLACEMENT_3D('',#1830,#1831,#1832);
#1830 = CARTESIAN_POINT('',(-25.,-5.551115187997E-24,-5.000000335986E-08
    ));
#1831 = DIRECTION('',(1.,0.,1.110223024625E-16));
#1832 = DIRECTION('',(1.232595164408E-32,1.,-1.110223024625E-16));
#1833 = PCURVE('',#1673,#1834);
#1834 = DEFINITIONAL_REPRESENTATION('',(#1835),#1839);
#1835 = LINE('',#1836,#1837);
#1836 = CARTESIAN_POINT('',(3.14159265359,0.));
#1837 = VECTOR('',#1838,1.);
#1838 = DIRECTION('',(-1.,0.));
#1839 = ( GEOMETRIC_REPRESENTATION_CONTEXT(2) 
PARAMETRIC_REPRESENTATION_CONTEXT() REPRESENTATION_CONTEXT('2D SPACE',''
  ) );
#1840 = PCURVE('',#1702,#1841);
#1841 = DEFINITIONAL_REPRESENTATION('',(#1842),#1846);
#1842 = CIRCLE('',#1843,10.5);
#1843 = AXIS2_PLACEMENT_2D('',#1844,#1845);
#1844 = CARTESIAN_POINT('',(0.,0.));
#1845 = DIRECTION('',(1.,0.));
#1846 = ( GEOMETRIC_REPRESENTATION_CONTEXT(2) 
PARAMETRIC_REPRESENTATION_CONTEXT() REPRESENTATION_CONTEXT('2D SPACE',''
  ) );
#1847 = ORIENTED_EDGE('',*,*,#1650,.F.);
#1848 = ORIENTED_EDGE('',*,*,#1849,.T.);
#1849 = EDGE_CURVE('',#1651,#1773,#1850,.T.);
#1850 = SURFACE_CURVE('',#1851,(#1856,#1863),.PCURVE_S1.);
#1851 = CIRCLE('',#1852,10.);
#1852 = AXIS2_PLACEMENT_3D('',#1853,#1854,#1855);
#1853 = CARTESIAN_POINT('',(-24.5,-5.551115187997E-24,
    -5.000000330435E-08));
#1854 = DIRECTION('',(-1.,0.,-1.110223024625E-16));
#1855 = DIRECTION('',(1.232595164408E-32,1.,-1.110223024625E-16));
#1856 = PCURVE('',#1673,#1857);
#1857 = DEFINITIONAL_REPRESENTATION('',(#1858),#1862);
#1858 = LINE('',#1859,#1860);
#1859 = CARTESIAN_POINT('',(-3.14159265359,-0.5));
#1860 = VECTOR('',#1861,1.);
#1861 = DIRECTION('',(1.,0.));
#1862 = ( GEOMETRIC_REPRESENTATION_CONTEXT(2) 
PARAMETRIC_REPRESENTATION_CONTEXT() REPRESENTATION_CONTEXT('2D SPACE',''
  ) );
#1863 = PCURVE('',#1864,#1869);
#1864 = CYLINDRICAL_SURFACE('',#1865,10.);
#1865 = AXIS2_PLACEMENT_3D('',#1866,#1867,#1868);
#1866 = CARTESIAN_POINT('',(25.,-5.551115187997E-24,-4.999999780875E-08)
  );
#1867 = DIRECTION('',(-1.,0.,-1.110223024625E-16));
#1868 = DIRECTION('',(-1.232595164408E-32,-1.,1.110223024625E-16));
#1869 = DEFINITIONAL_REPRESENTATION('',(#1870),#1874);
#1870 = LINE('',#1871,#1872);
#1871 = CARTESIAN_POINT('',(-3.14159265359,49.5));
#1872 = VECTOR('',#1873,1.);
#1873 = DIRECTION('',(1.,0.));
#1874 = ( GEOMETRIC_REPRESENTATION_CONTEXT(2) 
PARAMETRIC_REPRESENTATION_CONTEXT() REPRESENTATION_CONTEXT('2D SPACE',''
  ) );
#1875 = ADVANCED_FACE('',(#1876),#1890,.F.);
#1876 = FACE_BOUND('',#1877,.F.);
#1877 = EDGE_LOOP('',(#1878,#1913,#1941,#1969));
#1878 = ORIENTED_EDGE('',*,*,#1879,.T.);
#1879 = EDGE_CURVE('',#1880,#1882,#1884,.T.);
#1880 = VERTEX_POINT('',#1881);
#1881 = CARTESIAN_POINT('',(24.5,10.,-4.999999774983E-08));
#1882 = VERTEX_POINT('',#1883);
#1883 = CARTESIAN_POINT('',(25.,10.5,-4.999999897448E-08));
#1884 = SURFACE_CURVE('',#1885,(#1889,#1901),.PCURVE_S1.);
#1885 = LINE('',#1886,#1887);
#1886 = CARTESIAN_POINT('',(24.5,10.,-4.999999897448E-08));
#1887 = VECTOR('',#1888,1.);
#1888 = DIRECTION('',(0.707106781187,0.707106781187,0.));
#1889 = PCURVE('',#1890,#1895);
#1890 = CONICAL_SURFACE('',#1891,10.,0.785398163397);
#1891 = AXIS2_PLACEMENT_3D('',#1892,#1893,#1894);
#1892 = CARTESIAN_POINT('',(24.5,-5.551115187997E-24,-4.999999786426E-08
    ));
#1893 = DIRECTION('',(1.,0.,1.110223024625E-16));
#1894 = DIRECTION('',(1.232595164408E-32,1.,-1.110223024625E-16));
#1895 = DEFINITIONAL_REPRESENTATION('',(#1896),#1900);
#1896 = LINE('',#1897,#1898);
#1897 = CARTESIAN_POINT('',(6.28318530718,0.));
#1898 = VECTOR('',#1899,1.);
#1899 = DIRECTION('',(0.,1.));
#1900 = ( GEOMETRIC_REPRESENTATION_CONTEXT(2) 
PARAMETRIC_REPRESENTATION_CONTEXT() REPRESENTATION_CONTEXT('2D SPACE',''
  ) );
#1901 = PCURVE('',#1902,#1907);
#1902 = CONICAL_SURFACE('',#1903,10.,0.785398163397);
#1903 = AXIS2_PLACEMENT_3D('',#1904,#1905,#1906);
#1904 = CARTESIAN_POINT('',(24.5,-5.551115187997E-24,-4.999999786426E-08
    ));
#1905 = DIRECTION('',(1.,0.,1.110223024625E-16));
#1906 = DIRECTION('',(1.232595164408E-32,1.,-1.110223024625E-16));
#1907 = DEFINITIONAL_REPRESENTATION('',(#1908),#1912);
#1908 = LINE('',#1909,#1910);
#1909 = CARTESIAN_POINT('',(0.,0.));
#1910 = VECTOR('',#1911,1.);
#1911 = DIRECTION('',(0.,1.));
#1912 = ( GEOMETRIC_REPRESENTATION_CONTEXT(2) 
PARAMETRIC_REPRESENTATION_CONTEXT() REPRESENTATION_CONTEXT('2D SPACE',''
  ) );
#1913 = ORIENTED_EDGE('',*,*,#1914,.T.);
#1914 = EDGE_CURVE('',#1882,#1915,#1917,.T.);
#1915 = VERTEX_POINT('',#1916);
#1916 = CARTESIAN_POINT('',(25.,-10.5,-4.999999535713E-08));
#1917 = SURFACE_CURVE('',#1918,(#1923,#1930),.PCURVE_S1.);
#1918 = CIRCLE('',#1919,10.5);
#1919 = AXIS2_PLACEMENT_3D('',#1920,#1921,#1922);
#1920 = CARTESIAN_POINT('',(25.,-5.551115187997E-24,-4.999999780875E-08)
  );
#1921 = DIRECTION('',(-1.,0.,-1.110223024625E-16));
#1922 = DIRECTION('',(1.232595164408E-32,1.,-1.110223024625E-16));
#1923 = PCURVE('',#1890,#1924);
#1924 = DEFINITIONAL_REPRESENTATION('',(#1925),#1929);
#1925 = LINE('',#1926,#1927);
#1926 = CARTESIAN_POINT('',(6.28318530718,0.5));
#1927 = VECTOR('',#1928,1.);
#1928 = DIRECTION('',(-1.,0.));
#1929 = ( GEOMETRIC_REPRESENTATION_CONTEXT(2) 
PARAMETRIC_REPRESENTATION_CONTEXT() REPRESENTATION_CONTEXT('2D SPACE',''
  ) );
#1930 = PCURVE('',#45,#1931);
#1931 = DEFINITIONAL_REPRESENTATION('',(#1932),#1940);
#1932 = ( BOUNDED_CURVE() B_SPLINE_CURVE(2,(#1933,#1934,#1935,#1936,
#1937,#1938,#1939),.UNSPECIFIED.,.T.,.F.) B_SPLINE_CURVE_WITH_KNOTS((1,2
    ,2,2,2,1),(-2.094395102393,0.,2.094395102393,4.188790204786,
6.28318530718,8.377580409573),.UNSPECIFIED.) CURVE() 
GEOMETRIC_REPRESENTATION_ITEM() RATIONAL_B_SPLINE_CURVE((1.,0.5,1.,0.5,
1.,0.5,1.)) REPRESENTATION_ITEM('') );
#1933 = CARTESIAN_POINT('',(10.5,0.));
#1934 = CARTESIAN_POINT('',(10.5,-18.18653347947));
#1935 = CARTESIAN_POINT('',(-5.25,-9.093266739737));
#1936 = CARTESIAN_POINT('',(-21.,-2.571758278209E-15));
#1937 = CARTESIAN_POINT('',(-5.25,9.093266739737));
#1938 = CARTESIAN_POINT('',(10.5,18.186533479473));
#1939 = CARTESIAN_POINT('',(10.5,0.));
#1940 = ( GEOMETRIC_REPRESENTATION_CONTEXT(2) 
PARAMETRIC_REPRESENTATION_CONTEXT() REPRESENTATION_CONTEXT('2D SPACE',''
  ) );
#1941 = ORIENTED_EDGE('',*,*,#1942,.F.);
#1942 = EDGE_CURVE('',#1943,#1915,#1945,.T.);
#1943 = VERTEX_POINT('',#1944);
#1944 = CARTESIAN_POINT('',(24.5,-10.,-4.999999675404E-08));
#1945 = SURFACE_CURVE('',#1946,(#1950,#1957),.PCURVE_S1.);
#1946 = LINE('',#1947,#1948);
#1947 = CARTESIAN_POINT('',(24.5,-10.,-4.999999552939E-08));
#1948 = VECTOR('',#1949,1.);
#1949 = DIRECTION('',(0.707106781187,-0.707106781187,2.436048514919E-16)
  );
#1950 = PCURVE('',#1890,#1951);
#1951 = DEFINITIONAL_REPRESENTATION('',(#1952),#1956);
#1952 = LINE('',#1953,#1954);
#1953 = CARTESIAN_POINT('',(3.14159265359,7.498798913309E-32));
#1954 = VECTOR('',#1955,1.);
#1955 = DIRECTION('',(0.,1.));
#1956 = ( GEOMETRIC_REPRESENTATION_CONTEXT(2) 
PARAMETRIC_REPRESENTATION_CONTEXT() REPRESENTATION_CONTEXT('2D SPACE',''
  ) );
#1957 = PCURVE('',#1958,#1963);
#1958 = CONICAL_SURFACE('',#1959,10.,0.785398163397);
#1959 = AXIS2_PLACEMENT_3D('',#1960,#1961,#1962);
#1960 = CARTESIAN_POINT('',(24.5,-5.551115187997E-24,-4.999999786426E-08
    ));
#1961 = DIRECTION('',(1.,0.,1.110223024625E-16));
#1962 = DIRECTION('',(1.232595164408E-32,1.,-1.110223024625E-16));
#1963 = DEFINITIONAL_REPRESENTATION('',(#1964),#1968);
#1964 = LINE('',#1965,#1966);
#1965 = CARTESIAN_POINT('',(3.14159265359,7.498798913309E-32));
#1966 = VECTOR('',#1967,1.);
#1967 = DIRECTION('',(0.,1.));
#1968 = ( GEOMETRIC_REPRESENTATION_CONTEXT(2) 
PARAMETRIC_REPRESENTATION_CONTEXT() REPRESENTATION_CONTEXT('2D SPACE',''
  ) );
#1969 = ORIENTED_EDGE('',*,*,#1970,.T.);
#1970 = EDGE_CURVE('',#1943,#1880,#1971,.T.);
#1971 = SURFACE_CURVE('',#1972,(#1977,#1984),.PCURVE_S1.);
#1972 = CIRCLE('',#1973,10.);
#1973 = AXIS2_PLACEMENT_3D('',#1974,#1975,#1976);
#1974 = CARTESIAN_POINT('',(24.5,-5.551115187997E-24,-4.999999786426E-08
    ));
#1975 = DIRECTION('',(1.,0.,1.110223024625E-16));
#1976 = DIRECTION('',(1.232595164408E-32,1.,-1.110223024625E-16));
#1977 = PCURVE('',#1890,#1978);
#1978 = DEFINITIONAL_REPRESENTATION('',(#1979),#1983);
#1979 = LINE('',#1980,#1981);
#1980 = CARTESIAN_POINT('',(0.,0.));
#1981 = VECTOR('',#1982,1.);
#1982 = DIRECTION('',(1.,0.));
#1983 = ( GEOMETRIC_REPRESENTATION_CONTEXT(2) 
PARAMETRIC_REPRESENTATION_CONTEXT() REPRESENTATION_CONTEXT('2D SPACE',''
  ) );
#1984 = PCURVE('',#1757,#1985);
#1985 = DEFINITIONAL_REPRESENTATION('',(#1986),#1990);
#1986 = LINE('',#1987,#1988);
#1987 = CARTESIAN_POINT('',(9.424777960769,0.5));
#1988 = VECTOR('',#1989,1.);
#1989 = DIRECTION('',(-1.,0.));
#1990 = ( GEOMETRIC_REPRESENTATION_CONTEXT(2) 
PARAMETRIC_REPRESENTATION_CONTEXT() REPRESENTATION_CONTEXT('2D SPACE',''
  ) );
#1991 = ADVANCED_FACE('',(#1992),#1902,.F.);
#1992 = FACE_BOUND('',#1993,.F.);
#1993 = EDGE_LOOP('',(#1994,#2048,#2074,#2075));
#1994 = ORIENTED_EDGE('',*,*,#1995,.T.);
#1995 = EDGE_CURVE('',#1996,#1998,#2000,.T.);
#1996 = VERTEX_POINT('',#1997);
#1997 = CARTESIAN_POINT('',(24.5,3.,9.539391964169));
#1998 = VERTEX_POINT('',#1999);
#1999 = CARTESIAN_POINT('',(25.,3.,10.062305848749));
#2000 = SURFACE_CURVE('',#2001,(#2006,#2035),.PCURVE_S1.);
#2001 = B_SPLINE_CURVE_WITH_KNOTS('',3,(#2002,#2003,#2004,#2005),
  .UNSPECIFIED.,.F.,.F.,(4,4),(1.734723475977E-18,7.234907951634E-04),
  .PIECEWISE_BEZIER_KNOTS.);
#2002 = CARTESIAN_POINT('',(24.5,3.,9.539391964169));
#2003 = CARTESIAN_POINT('',(24.666462252817,3.,9.713891819684));
#2004 = CARTESIAN_POINT('',(24.833139290685,3.,9.888186967308));
#2005 = CARTESIAN_POINT('',(25.,3.,10.062305848749));
#2006 = PCURVE('',#1902,#2007);
#2007 = DEFINITIONAL_REPRESENTATION('',(#2008),#2034);
#2008 = B_SPLINE_CURVE_WITH_KNOTS('',3,(#2009,#2010,#2011,#2012,#2013,
    #2014,#2015,#2016,#2017,#2018,#2019,#2020,#2021,#2022,#2023,#2024,
    #2025,#2026,#2027,#2028,#2029,#2030,#2031,#2032,#2033),
  .UNSPECIFIED.,.F.,.F.,(4,1,1,1,1,1,1,1,1,1,1,1,1,1,1,1,1,1,1,1,1,1,4),
  (1.734723475977E-18,3.28859452347E-05,6.57718904694E-05,
    9.86578357041E-05,1.315437809388E-04,1.644297261735E-04,
    1.973156714082E-04,2.302016166429E-04,2.630875618776E-04,
    2.959735071123E-04,3.28859452347E-04,3.617453975817E-04,
    3.946313428164E-04,4.275172880511E-04,4.604032332858E-04,
    4.932891785205E-04,5.261751237552E-04,5.590610689899E-04,
    5.919470142246E-04,6.248329594593E-04,6.57718904694E-04,
    6.906048499287E-04,7.234907951634E-04),.UNSPECIFIED.);
#2009 = CARTESIAN_POINT('',(1.266103672779,8.881784197001E-16));
#2010 = CARTESIAN_POINT('',(1.266341627111,7.566466051235E-03));
#2011 = CARTESIAN_POINT('',(1.266816430177,2.270028773614E-02));
#2012 = CARTESIAN_POINT('',(1.267525340521,4.540366999392E-02));
#2013 = CARTESIAN_POINT('',(1.268230979227,6.81096828992E-02));
#2014 = CARTESIAN_POINT('',(1.268933368638,9.081830760016E-02));
#2015 = CARTESIAN_POINT('',(1.26963253092,0.113529525394));
#2016 = CARTESIAN_POINT('',(1.270328488039,0.136243317747));
#2017 = CARTESIAN_POINT('',(1.271021261771,0.158959666285));
#2018 = CARTESIAN_POINT('',(1.271710873699,0.181678552798));
#2019 = CARTESIAN_POINT('',(1.272397345221,0.20439995923));
#2020 = CARTESIAN_POINT('',(1.273080697544,0.227123867686));
#2021 = CARTESIAN_POINT('',(1.273760951694,0.249850260424));
#2022 = CARTESIAN_POINT('',(1.274438128513,0.272579119857));
#2023 = CARTESIAN_POINT('',(1.275112248663,0.295310428549));
#2024 = CARTESIAN_POINT('',(1.275783332626,0.318044169213));
#2025 = CARTESIAN_POINT('',(1.276451400707,0.340780324713));
#2026 = CARTESIAN_POINT('',(1.277116473038,0.363518878058));
#2027 = CARTESIAN_POINT('',(1.277778569575,0.386259812403));
#2028 = CARTESIAN_POINT('',(1.278437710105,0.409003111047));
#2029 = CARTESIAN_POINT('',(1.279093914243,0.431748757429));
#2030 = CARTESIAN_POINT('',(1.279747201435,0.454496735133));
#2031 = CARTESIAN_POINT('',(1.280397590976,0.47724702787));
#2032 = CARTESIAN_POINT('',(1.280829264948,0.492415422315));
#2033 = CARTESIAN_POINT('',(1.281044625359,0.5));
#2034 = ( GEOMETRIC_REPRESENTATION_CONTEXT(2) 
PARAMETRIC_REPRESENTATION_CONTEXT() REPRESENTATION_CONTEXT('2D SPACE',''
  ) );
#2035 = PCURVE('',#2036,#2041);
#2036 = PLANE('',#2037);
#2037 = AXIS2_PLACEMENT_3D('',#2038,#2039,#2040);
#2038 = CARTESIAN_POINT('',(25.,3.,9.539391964169));
#2039 = DIRECTION('',(1.232595164408E-32,1.,-1.110223024625E-16));
#2040 = DIRECTION('',(-1.,0.,-1.110223024625E-16));
#2041 = DEFINITIONAL_REPRESENTATION('',(#2042),#2047);
#2042 = B_SPLINE_CURVE_WITH_KNOTS('',3,(#2043,#2044,#2045,#2046),
  .UNSPECIFIED.,.F.,.F.,(4,4),(1.734723475977E-18,7.234907951634E-04),
  .PIECEWISE_BEZIER_KNOTS.);
#2043 = CARTESIAN_POINT('',(0.5,0.));
#2044 = CARTESIAN_POINT('',(0.333537747183,0.174499855515));
#2045 = CARTESIAN_POINT('',(0.166860709315,0.348795003139));
#2046 = CARTESIAN_POINT('',(0.,0.52291388458));
#2047 = ( GEOMETRIC_REPRESENTATION_CONTEXT(2) 
PARAMETRIC_REPRESENTATION_CONTEXT() REPRESENTATION_CONTEXT('2D SPACE',''
  ) );
#2048 = ORIENTED_EDGE('',*,*,#2049,.T.);
#2049 = EDGE_CURVE('',#1998,#1882,#2050,.T.);
#2050 = SURFACE_CURVE('',#2051,(#2056,#2063),.PCURVE_S1.);
#2051 = CIRCLE('',#2052,10.5);
#2052 = AXIS2_PLACEMENT_3D('',#2053,#2054,#2055);
#2053 = CARTESIAN_POINT('',(25.,-5.551115187997E-24,-4.999999780875E-08)
  );
#2054 = DIRECTION('',(-1.,0.,-1.110223024625E-16));
#2055 = DIRECTION('',(-1.848892746611E-31,1.,1.665334536937E-15));
#2056 = PCURVE('',#1902,#2057);
#2057 = DEFINITIONAL_REPRESENTATION('',(#2058),#2062);
#2058 = LINE('',#2059,#2060);
#2059 = CARTESIAN_POINT('',(6.28318530718,0.5));
#2060 = VECTOR('',#2061,1.);
#2061 = DIRECTION('',(-1.,0.));
#2062 = ( GEOMETRIC_REPRESENTATION_CONTEXT(2) 
PARAMETRIC_REPRESENTATION_CONTEXT() REPRESENTATION_CONTEXT('2D SPACE',''
  ) );
#2063 = PCURVE('',#45,#2064);
#2064 = DEFINITIONAL_REPRESENTATION('',(#2065),#2073);
#2065 = ( BOUNDED_CURVE() B_SPLINE_CURVE(2,(#2066,#2067,#2068,#2069,
#2070,#2071,#2072),.UNSPECIFIED.,.T.,.F.) B_SPLINE_CURVE_WITH_KNOTS((1,2
    ,2,2,2,1),(-2.094395102393,0.,2.094395102393,4.188790204786,
6.28318530718,8.377580409573),.UNSPECIFIED.) CURVE() 
GEOMETRIC_REPRESENTATION_ITEM() RATIONAL_B_SPLINE_CURVE((1.,0.5,1.,0.5,
1.,0.5,1.)) REPRESENTATION_ITEM('') );
#2066 = CARTESIAN_POINT('',(10.5,1.86517468137E-14));
#2067 = CARTESIAN_POINT('',(10.5,-18.18653347947));
#2068 = CARTESIAN_POINT('',(-5.25,-9.093266739737));
#2069 = CARTESIAN_POINT('',(-21.,-3.987525190561E-14));
#2070 = CARTESIAN_POINT('',(-5.25,9.093266739737));
#2071 = CARTESIAN_POINT('',(10.5,18.186533479473));
#2072 = CARTESIAN_POINT('',(10.5,1.86517468137E-14));
#2073 = ( GEOMETRIC_REPRESENTATION_CONTEXT(2) 
PARAMETRIC_REPRESENTATION_CONTEXT() REPRESENTATION_CONTEXT('2D SPACE',''
  ) );
#2074 = ORIENTED_EDGE('',*,*,#1879,.F.);
#2075 = ORIENTED_EDGE('',*,*,#2076,.T.);
#2076 = EDGE_CURVE('',#1880,#1996,#2077,.T.);
#2077 = SURFACE_CURVE('',#2078,(#2083,#2090),.PCURVE_S1.);
#2078 = CIRCLE('',#2079,10.);
#2079 = AXIS2_PLACEMENT_3D('',#2080,#2081,#2082);
#2080 = CARTESIAN_POINT('',(24.5,-5.551115187997E-24,-4.999999786426E-08
    ));
#2081 = DIRECTION('',(1.,0.,1.110223024625E-16));
#2082 = DIRECTION('',(1.232595164408E-32,1.,-1.110223024625E-16));
#2083 = PCURVE('',#1902,#2084);
#2084 = DEFINITIONAL_REPRESENTATION('',(#2085),#2089);
#2085 = LINE('',#2086,#2087);
#2086 = CARTESIAN_POINT('',(0.,0.));
#2087 = VECTOR('',#2088,1.);
#2088 = DIRECTION('',(1.,0.));
#2089 = ( GEOMETRIC_REPRESENTATION_CONTEXT(2) 
PARAMETRIC_REPRESENTATION_CONTEXT() REPRESENTATION_CONTEXT('2D SPACE',''
  ) );
#2090 = PCURVE('',#2091,#2096);
#2091 = CYLINDRICAL_SURFACE('',#2092,10.);
#2092 = AXIS2_PLACEMENT_3D('',#2093,#2094,#2095);
#2093 = CARTESIAN_POINT('',(25.,-5.551115187997E-24,-4.999999780875E-08)
  );
#2094 = DIRECTION('',(-1.,0.,-1.110223024625E-16));
#2095 = DIRECTION('',(-1.232595164408E-32,-1.,1.110223024625E-16));
#2096 = DEFINITIONAL_REPRESENTATION('',(#2097),#2101);
#2097 = LINE('',#2098,#2099);
#2098 = CARTESIAN_POINT('',(3.14159265359,0.5));
#2099 = VECTOR('',#2100,1.);
#2100 = DIRECTION('',(-1.,0.));
#2101 = ( GEOMETRIC_REPRESENTATION_CONTEXT(2) 
PARAMETRIC_REPRESENTATION_CONTEXT() REPRESENTATION_CONTEXT('2D SPACE',''
  ) );
#2102 = ADVANCED_FACE('',(#2103),#2117,.F.);
#2103 = FACE_BOUND('',#2104,.F.);
#2104 = EDGE_LOOP('',(#2105,#2140,#2164,#2187));
#2105 = ORIENTED_EDGE('',*,*,#2106,.T.);
#2106 = EDGE_CURVE('',#2107,#2109,#2111,.T.);
#2107 = VERTEX_POINT('',#2108);
#2108 = CARTESIAN_POINT('',(20.,-9.435028842544,-13.43502889254));
#2109 = VERTEX_POINT('',#2110);
#2110 = CARTESIAN_POINT('',(25.,-9.435028842544,-13.43502889254));
#2111 = SURFACE_CURVE('',#2112,(#2116,#2128),.PCURVE_S1.);
#2112 = LINE('',#2113,#2114);
#2113 = CARTESIAN_POINT('',(25.,-9.435028842544,-13.43502889254));
#2114 = VECTOR('',#2115,1.);
#2115 = DIRECTION('',(1.,0.,1.110223024625E-16));
#2116 = PCURVE('',#2117,#2122);
#2117 = CYLINDRICAL_SURFACE('',#2118,4.);
#2118 = AXIS2_PLACEMENT_3D('',#2119,#2120,#2121);
#2119 = CARTESIAN_POINT('',(25.,-13.43502884254,-13.43502889254));
#2120 = DIRECTION('',(1.,0.,1.110223024625E-16));
#2121 = DIRECTION('',(1.232595164408E-32,1.,-1.110223024625E-16));
#2122 = DEFINITIONAL_REPRESENTATION('',(#2123),#2127);
#2123 = LINE('',#2124,#2125);
#2124 = CARTESIAN_POINT('',(6.28318530718,0.));
#2125 = VECTOR('',#2126,1.);
#2126 = DIRECTION('',(0.,1.));
#2127 = ( GEOMETRIC_REPRESENTATION_CONTEXT(2) 
PARAMETRIC_REPRESENTATION_CONTEXT() REPRESENTATION_CONTEXT('2D SPACE',''
  ) );
#2128 = PCURVE('',#2129,#2134);
#2129 = CYLINDRICAL_SURFACE('',#2130,4.);
#2130 = AXIS2_PLACEMENT_3D('',#2131,#2132,#2133);
#2131 = CARTESIAN_POINT('',(25.,-13.43502884254,-13.43502889254));
#2132 = DIRECTION('',(1.,0.,1.110223024625E-16));
#2133 = DIRECTION('',(1.232595164408E-32,1.,-1.110223024625E-16));
#2134 = DEFINITIONAL_REPRESENTATION('',(#2135),#2139);
#2135 = LINE('',#2136,#2137);
#2136 = CARTESIAN_POINT('',(0.,0.));
#2137 = VECTOR('',#2138,1.);
#2138 = DIRECTION('',(0.,1.));
#2139 = ( GEOMETRIC_REPRESENTATION_CONTEXT(2) 
PARAMETRIC_REPRESENTATION_CONTEXT() REPRESENTATION_CONTEXT('2D SPACE',''
  ) );
#2140 = ORIENTED_EDGE('',*,*,#2141,.F.);
#2141 = EDGE_CURVE('',#2142,#2109,#2144,.T.);
#2142 = VERTEX_POINT('',#2143);
#2143 = CARTESIAN_POINT('',(25.,-17.43502884254,-13.43502889254));
#2144 = SURFACE_CURVE('',#2145,(#2150,#2157),.PCURVE_S1.);
#2145 = CIRCLE('',#2146,4.);
#2146 = AXIS2_PLACEMENT_3D('',#2147,#2148,#2149);
#2147 = CARTESIAN_POINT('',(25.,-13.43502884254,-13.43502889254));
#2148 = DIRECTION('',(1.,0.,1.110223024625E-16));
#2149 = DIRECTION('',(1.232595164408E-32,1.,-1.110223024625E-16));
#2150 = PCURVE('',#2117,#2151);
#2151 = DEFINITIONAL_REPRESENTATION('',(#2152),#2156);
#2152 = LINE('',#2153,#2154);
#2153 = CARTESIAN_POINT('',(0.,0.));
#2154 = VECTOR('',#2155,1.);
#2155 = DIRECTION('',(1.,0.));
#2156 = ( GEOMETRIC_REPRESENTATION_CONTEXT(2) 
PARAMETRIC_REPRESENTATION_CONTEXT() REPRESENTATION_CONTEXT('2D SPACE',''
  ) );
#2157 = PCURVE('',#45,#2158);
#2158 = DEFINITIONAL_REPRESENTATION('',(#2159),#2163);
#2159 = CIRCLE('',#2160,4.);
#2160 = AXIS2_PLACEMENT_2D('',#2161,#2162);
#2161 = CARTESIAN_POINT('',(-13.43502884254,-13.43502884254));
#2162 = DIRECTION('',(1.,0.));
#2163 = ( GEOMETRIC_REPRESENTATION_CONTEXT(2) 
PARAMETRIC_REPRESENTATION_CONTEXT() REPRESENTATION_CONTEXT('2D SPACE',''
  ) );
#2164 = ORIENTED_EDGE('',*,*,#2165,.F.);
#2165 = EDGE_CURVE('',#2166,#2142,#2168,.T.);
#2166 = VERTEX_POINT('',#2167);
#2167 = CARTESIAN_POINT('',(20.,-17.43502884254,-13.43502889254));
#2168 = SURFACE_CURVE('',#2169,(#2173,#2180),.PCURVE_S1.);
#2169 = LINE('',#2170,#2171);
#2170 = CARTESIAN_POINT('',(25.,-17.43502884254,-13.43502889254));
#2171 = VECTOR('',#2172,1.);
#2172 = DIRECTION('',(1.,0.,1.110223024625E-16));
#2173 = PCURVE('',#2117,#2174);
#2174 = DEFINITIONAL_REPRESENTATION('',(#2175),#2179);
#2175 = LINE('',#2176,#2177);
#2176 = CARTESIAN_POINT('',(3.14159265359,0.));
#2177 = VECTOR('',#2178,1.);
#2178 = DIRECTION('',(0.,1.));
#2179 = ( GEOMETRIC_REPRESENTATION_CONTEXT(2) 
PARAMETRIC_REPRESENTATION_CONTEXT() REPRESENTATION_CONTEXT('2D SPACE',''
  ) );
#2180 = PCURVE('',#2129,#2181);
#2181 = DEFINITIONAL_REPRESENTATION('',(#2182),#2186);
#2182 = LINE('',#2183,#2184);
#2183 = CARTESIAN_POINT('',(3.14159265359,0.));
#2184 = VECTOR('',#2185,1.);
#2185 = DIRECTION('',(0.,1.));
#2186 = ( GEOMETRIC_REPRESENTATION_CONTEXT(2) 
PARAMETRIC_REPRESENTATION_CONTEXT() REPRESENTATION_CONTEXT('2D SPACE',''
  ) );
#2187 = ORIENTED_EDGE('',*,*,#2188,.T.);
#2188 = EDGE_CURVE('',#2166,#2107,#2189,.T.);
#2189 = SURFACE_CURVE('',#2190,(#2195,#2202),.PCURVE_S1.);
#2190 = CIRCLE('',#2191,4.);
#2191 = AXIS2_PLACEMENT_3D('',#2192,#2193,#2194);
#2192 = CARTESIAN_POINT('',(20.,-13.43502884254,-13.43502889254));
#2193 = DIRECTION('',(1.,0.,1.110223024625E-16));
#2194 = DIRECTION('',(1.232595164408E-32,1.,-1.110223024625E-16));
#2195 = PCURVE('',#2117,#2196);
#2196 = DEFINITIONAL_REPRESENTATION('',(#2197),#2201);
#2197 = LINE('',#2198,#2199);
#2198 = CARTESIAN_POINT('',(0.,-5.));
#2199 = VECTOR('',#2200,1.);
#2200 = DIRECTION('',(1.,0.));
#2201 = ( GEOMETRIC_REPRESENTATION_CONTEXT(2) 
PARAMETRIC_REPRESENTATION_CONTEXT() REPRESENTATION_CONTEXT('2D SPACE',''
  ) );
#2202 = PCURVE('',#2203,#2208);
#2203 = PLANE('',#2204);
#2204 = AXIS2_PLACEMENT_3D('',#2205,#2206,#2207);
#2205 = CARTESIAN_POINT('',(20.,-11.18502884254,-13.43502889254));
#2206 = DIRECTION('',(-1.,0.,-1.110223024625E-16));
#2207 = DIRECTION('',(-1.232595164408E-32,-1.,1.110223024625E-16));
#2208 = DEFINITIONAL_REPRESENTATION('',(#2209),#2217);
#2209 = ( BOUNDED_CURVE() B_SPLINE_CURVE(2,(#2210,#2211,#2212,#2213,
#2214,#2215,#2216),.UNSPECIFIED.,.T.,.F.) B_SPLINE_CURVE_WITH_KNOTS((1,2
    ,2,2,2,1),(-2.094395102393,0.,2.094395102393,4.188790204786,
6.28318530718,8.377580409573),.UNSPECIFIED.) CURVE() 
GEOMETRIC_REPRESENTATION_ITEM() RATIONAL_B_SPLINE_CURVE((1.,0.5,1.,0.5,
1.,0.5,1.)) REPRESENTATION_ITEM('') );
#2210 = CARTESIAN_POINT('',(-1.75,-2.498001805407E-16));
#2211 = CARTESIAN_POINT('',(-1.75,6.928203230276));
#2212 = CARTESIAN_POINT('',(4.25,3.464101615138));
#2213 = CARTESIAN_POINT('',(10.25,7.299172587772E-16));
#2214 = CARTESIAN_POINT('',(4.25,-3.464101615138));
#2215 = CARTESIAN_POINT('',(-1.75,-6.928203230276));
#2216 = CARTESIAN_POINT('',(-1.75,-2.498001805407E-16));
#2217 = ( GEOMETRIC_REPRESENTATION_CONTEXT(2) 
PARAMETRIC_REPRESENTATION_CONTEXT() REPRESENTATION_CONTEXT('2D SPACE',''
  ) );
#2218 = ADVANCED_FACE('',(#2219),#2233,.F.);
#2219 = FACE_BOUND('',#2220,.F.);
#2220 = EDGE_LOOP('',(#2221,#2256,#2284,#2307));
#2221 = ORIENTED_EDGE('',*,*,#2222,.T.);
#2222 = EDGE_CURVE('',#2223,#2225,#2227,.T.);
#2223 = VERTEX_POINT('',#2224);
#2224 = CARTESIAN_POINT('',(15.,-11.18502884254,-13.43502889254));
#2225 = VERTEX_POINT('',#2226);
#2226 = CARTESIAN_POINT('',(20.,-11.18502884254,-13.43502889254));
#2227 = SURFACE_CURVE('',#2228,(#2232,#2244),.PCURVE_S1.);
#2228 = LINE('',#2229,#2230);
#2229 = CARTESIAN_POINT('',(25.,-11.18502884254,-13.43502889254));
#2230 = VECTOR('',#2231,1.);
#2231 = DIRECTION('',(1.,0.,1.110223024625E-16));
#2232 = PCURVE('',#2233,#2238);
#2233 = CYLINDRICAL_SURFACE('',#2234,2.25);
#2234 = AXIS2_PLACEMENT_3D('',#2235,#2236,#2237);
#2235 = CARTESIAN_POINT('',(25.,-13.43502884254,-13.43502889254));
#2236 = DIRECTION('',(1.,0.,1.110223024625E-16));
#2237 = DIRECTION('',(1.232595164408E-32,1.,-1.110223024625E-16));
#2238 = DEFINITIONAL_REPRESENTATION('',(#2239),#2243);
#2239 = LINE('',#2240,#2241);
#2240 = CARTESIAN_POINT('',(6.28318530718,0.));
#2241 = VECTOR('',#2242,1.);
#2242 = DIRECTION('',(0.,1.));
#2243 = ( GEOMETRIC_REPRESENTATION_CONTEXT(2) 
PARAMETRIC_REPRESENTATION_CONTEXT() REPRESENTATION_CONTEXT('2D SPACE',''
  ) );
#2244 = PCURVE('',#2245,#2250);
#2245 = CYLINDRICAL_SURFACE('',#2246,2.25);
#2246 = AXIS2_PLACEMENT_3D('',#2247,#2248,#2249);
#2247 = CARTESIAN_POINT('',(25.,-13.43502884254,-13.43502889254));
#2248 = DIRECTION('',(1.,0.,1.110223024625E-16));
#2249 = DIRECTION('',(1.232595164408E-32,1.,-1.110223024625E-16));
#2250 = DEFINITIONAL_REPRESENTATION('',(#2251),#2255);
#2251 = LINE('',#2252,#2253);
#2252 = CARTESIAN_POINT('',(0.,0.));
#2253 = VECTOR('',#2254,1.);
#2254 = DIRECTION('',(0.,1.));
#2255 = ( GEOMETRIC_REPRESENTATION_CONTEXT(2) 
PARAMETRIC_REPRESENTATION_CONTEXT() REPRESENTATION_CONTEXT('2D SPACE',''
  ) );
#2256 = ORIENTED_EDGE('',*,*,#2257,.F.);
#2257 = EDGE_CURVE('',#2258,#2225,#2260,.T.);
#2258 = VERTEX_POINT('',#2259);
#2259 = CARTESIAN_POINT('',(20.,-15.68502884254,-13.43502889254));
#2260 = SURFACE_CURVE('',#2261,(#2266,#2273),.PCURVE_S1.);
#2261 = CIRCLE('',#2262,2.25);
#2262 = AXIS2_PLACEMENT_3D('',#2263,#2264,#2265);
#2263 = CARTESIAN_POINT('',(20.,-13.43502884254,-13.43502889254));
#2264 = DIRECTION('',(1.,0.,1.110223024625E-16));
#2265 = DIRECTION('',(1.232595164408E-32,1.,-1.110223024625E-16));
#2266 = PCURVE('',#2233,#2267);
#2267 = DEFINITIONAL_REPRESENTATION('',(#2268),#2272);
#2268 = LINE('',#2269,#2270);
#2269 = CARTESIAN_POINT('',(0.,-5.));
#2270 = VECTOR('',#2271,1.);
#2271 = DIRECTION('',(1.,0.));
#2272 = ( GEOMETRIC_REPRESENTATION_CONTEXT(2) 
PARAMETRIC_REPRESENTATION_CONTEXT() REPRESENTATION_CONTEXT('2D SPACE',''
  ) );
#2273 = PCURVE('',#2203,#2274);
#2274 = DEFINITIONAL_REPRESENTATION('',(#2275),#2283);
#2275 = ( BOUNDED_CURVE() B_SPLINE_CURVE(2,(#2276,#2277,#2278,#2279,
#2280,#2281,#2282),.UNSPECIFIED.,.T.,.F.) B_SPLINE_CURVE_WITH_KNOTS((1,2
    ,2,2,2,1),(-2.094395102393,0.,2.094395102393,4.188790204786,
6.28318530718,8.377580409573),.UNSPECIFIED.) CURVE() 
GEOMETRIC_REPRESENTATION_ITEM() RATIONAL_B_SPLINE_CURVE((1.,0.5,1.,0.5,
1.,0.5,1.)) REPRESENTATION_ITEM('') );
#2276 = CARTESIAN_POINT('',(0.,-2.498001805407E-16));
#2277 = CARTESIAN_POINT('',(0.,3.89711431703));
#2278 = CARTESIAN_POINT('',(3.375,1.948557158515));
#2279 = CARTESIAN_POINT('',(6.75,3.012908790756E-16));
#2280 = CARTESIAN_POINT('',(3.375,-1.948557158515));
#2281 = CARTESIAN_POINT('',(3.552713678801E-15,-3.89711431703));
#2282 = CARTESIAN_POINT('',(0.,-2.498001805407E-16));
#2283 = ( GEOMETRIC_REPRESENTATION_CONTEXT(2) 
PARAMETRIC_REPRESENTATION_CONTEXT() REPRESENTATION_CONTEXT('2D SPACE',''
  ) );
#2284 = ORIENTED_EDGE('',*,*,#2285,.F.);
#2285 = EDGE_CURVE('',#2286,#2258,#2288,.T.);
#2286 = VERTEX_POINT('',#2287);
#2287 = CARTESIAN_POINT('',(15.,-15.68502884254,-13.43502889254));
#2288 = SURFACE_CURVE('',#2289,(#2293,#2300),.PCURVE_S1.);
#2289 = LINE('',#2290,#2291);
#2290 = CARTESIAN_POINT('',(25.,-15.68502884254,-13.43502889254));
#2291 = VECTOR('',#2292,1.);
#2292 = DIRECTION('',(1.,0.,1.110223024625E-16));
#2293 = PCURVE('',#2233,#2294);
#2294 = DEFINITIONAL_REPRESENTATION('',(#2295),#2299);
#2295 = LINE('',#2296,#2297);
#2296 = CARTESIAN_POINT('',(3.14159265359,0.));
#2297 = VECTOR('',#2298,1.);
#2298 = DIRECTION('',(0.,1.));
#2299 = ( GEOMETRIC_REPRESENTATION_CONTEXT(2) 
PARAMETRIC_REPRESENTATION_CONTEXT() REPRESENTATION_CONTEXT('2D SPACE',''
  ) );
#2300 = PCURVE('',#2245,#2301);
#2301 = DEFINITIONAL_REPRESENTATION('',(#2302),#2306);
#2302 = LINE('',#2303,#2304);
#2303 = CARTESIAN_POINT('',(3.14159265359,0.));
#2304 = VECTOR('',#2305,1.);
#2305 = DIRECTION('',(0.,1.));
#2306 = ( GEOMETRIC_REPRESENTATION_CONTEXT(2) 
PARAMETRIC_REPRESENTATION_CONTEXT() REPRESENTATION_CONTEXT('2D SPACE',''
  ) );
#2307 = ORIENTED_EDGE('',*,*,#2308,.T.);
#2308 = EDGE_CURVE('',#2286,#2223,#2309,.T.);
#2309 = SURFACE_CURVE('',#2310,(#2315,#2322),.PCURVE_S1.);
#2310 = CIRCLE('',#2311,2.25);
#2311 = AXIS2_PLACEMENT_3D('',#2312,#2313,#2314);
#2312 = CARTESIAN_POINT('',(15.,-13.43502884254,-13.43502889254));
#2313 = DIRECTION('',(1.,0.,1.110223024625E-16));
#2314 = DIRECTION('',(1.232595164408E-32,1.,-1.110223024625E-16));
#2315 = PCURVE('',#2233,#2316);
#2316 = DEFINITIONAL_REPRESENTATION('',(#2317),#2321);
#2317 = LINE('',#2318,#2319);
#2318 = CARTESIAN_POINT('',(0.,-10.));
#2319 = VECTOR('',#2320,1.);
#2320 = DIRECTION('',(1.,0.));
#2321 = ( GEOMETRIC_REPRESENTATION_CONTEXT(2) 
PARAMETRIC_REPRESENTATION_CONTEXT() REPRESENTATION_CONTEXT('2D SPACE',''
  ) );
#2322 = PCURVE('',#242,#2323);
#2323 = DEFINITIONAL_REPRESENTATION('',(#2324),#2328);
#2324 = CIRCLE('',#2325,2.25);
#2325 = AXIS2_PLACEMENT_2D('',#2326,#2327);
#2326 = CARTESIAN_POINT('',(-13.43502884254,-13.43502884254));
#2327 = DIRECTION('',(1.,0.));
#2328 = ( GEOMETRIC_REPRESENTATION_CONTEXT(2) 
PARAMETRIC_REPRESENTATION_CONTEXT() REPRESENTATION_CONTEXT('2D SPACE',''
  ) );
#2329 = ADVANCED_FACE('',(#2330),#2344,.F.);
#2330 = FACE_BOUND('',#2331,.F.);
#2331 = EDGE_LOOP('',(#2332,#2367,#2391,#2414));
#2332 = ORIENTED_EDGE('',*,*,#2333,.T.);
#2333 = EDGE_CURVE('',#2334,#2336,#2338,.T.);
#2334 = VERTEX_POINT('',#2335);
#2335 = CARTESIAN_POINT('',(20.,17.435028842544,-13.43502889254));
#2336 = VERTEX_POINT('',#2337);
#2337 = CARTESIAN_POINT('',(25.,17.435028842544,-13.43502889254));
#2338 = SURFACE_CURVE('',#2339,(#2343,#2355),.PCURVE_S1.);
#2339 = LINE('',#2340,#2341);
#2340 = CARTESIAN_POINT('',(25.,17.435028842544,-13.43502889254));
#2341 = VECTOR('',#2342,1.);
#2342 = DIRECTION('',(1.,0.,1.110223024625E-16));
#2343 = PCURVE('',#2344,#2349);
#2344 = CYLINDRICAL_SURFACE('',#2345,4.);
#2345 = AXIS2_PLACEMENT_3D('',#2346,#2347,#2348);
#2346 = CARTESIAN_POINT('',(25.,13.435028842544,-13.43502889254));
#2347 = DIRECTION('',(1.,0.,1.110223024625E-16));
#2348 = DIRECTION('',(1.232595164408E-32,1.,-1.110223024625E-16));
#2349 = DEFINITIONAL_REPRESENTATION('',(#2350),#2354);
#2350 = LINE('',#2351,#2352);
#2351 = CARTESIAN_POINT('',(6.28318530718,0.));
#2352 = VECTOR('',#2353,1.);
#2353 = DIRECTION('',(0.,1.));
#2354 = ( GEOMETRIC_REPRESENTATION_CONTEXT(2) 
PARAMETRIC_REPRESENTATION_CONTEXT() REPRESENTATION_CONTEXT('2D SPACE',''
  ) );
#2355 = PCURVE('',#2356,#2361);
#2356 = CYLINDRICAL_SURFACE('',#2357,4.);
#2357 = AXIS2_PLACEMENT_3D('',#2358,#2359,#2360);
#2358 = CARTESIAN_POINT('',(25.,13.435028842544,-13.43502889254));
#2359 = DIRECTION('',(1.,0.,1.110223024625E-16));
#2360 = DIRECTION('',(1.232595164408E-32,1.,-1.110223024625E-16));
#2361 = DEFINITIONAL_REPRESENTATION('',(#2362),#2366);
#2362 = LINE('',#2363,#2364);
#2363 = CARTESIAN_POINT('',(0.,0.));
#2364 = VECTOR('',#2365,1.);
#2365 = DIRECTION('',(0.,1.));
#2366 = ( GEOMETRIC_REPRESENTATION_CONTEXT(2) 
PARAMETRIC_REPRESENTATION_CONTEXT() REPRESENTATION_CONTEXT('2D SPACE',''
  ) );
#2367 = ORIENTED_EDGE('',*,*,#2368,.F.);
#2368 = EDGE_CURVE('',#2369,#2336,#2371,.T.);
#2369 = VERTEX_POINT('',#2370);
#2370 = CARTESIAN_POINT('',(25.,9.435028842544,-13.43502889254));
#2371 = SURFACE_CURVE('',#2372,(#2377,#2384),.PCURVE_S1.);
#2372 = CIRCLE('',#2373,4.);
#2373 = AXIS2_PLACEMENT_3D('',#2374,#2375,#2376);
#2374 = CARTESIAN_POINT('',(25.,13.435028842544,-13.43502889254));
#2375 = DIRECTION('',(1.,0.,1.110223024625E-16));
#2376 = DIRECTION('',(1.232595164408E-32,1.,-1.110223024625E-16));
#2377 = PCURVE('',#2344,#2378);
#2378 = DEFINITIONAL_REPRESENTATION('',(#2379),#2383);
#2379 = LINE('',#2380,#2381);
#2380 = CARTESIAN_POINT('',(0.,0.));
#2381 = VECTOR('',#2382,1.);
#2382 = DIRECTION('',(1.,0.));
#2383 = ( GEOMETRIC_REPRESENTATION_CONTEXT(2) 
PARAMETRIC_REPRESENTATION_CONTEXT() REPRESENTATION_CONTEXT('2D SPACE',''
  ) );
#2384 = PCURVE('',#45,#2385);
#2385 = DEFINITIONAL_REPRESENTATION('',(#2386),#2390);
#2386 = CIRCLE('',#2387,4.);
#2387 = AXIS2_PLACEMENT_2D('',#2388,#2389);
#2388 = CARTESIAN_POINT('',(13.435028842544,-13.43502884254));
#2389 = DIRECTION('',(1.,0.));
#2390 = ( GEOMETRIC_REPRESENTATION_CONTEXT(2) 
PARAMETRIC_REPRESENTATION_CONTEXT() REPRESENTATION_CONTEXT('2D SPACE',''
  ) );
#2391 = ORIENTED_EDGE('',*,*,#2392,.F.);
#2392 = EDGE_CURVE('',#2393,#2369,#2395,.T.);
#2393 = VERTEX_POINT('',#2394);
#2394 = CARTESIAN_POINT('',(20.,9.435028842544,-13.43502889254));
#2395 = SURFACE_CURVE('',#2396,(#2400,#2407),.PCURVE_S1.);
#2396 = LINE('',#2397,#2398);
#2397 = CARTESIAN_POINT('',(25.,9.435028842544,-13.43502889254));
#2398 = VECTOR('',#2399,1.);
#2399 = DIRECTION('',(1.,0.,1.110223024625E-16));
#2400 = PCURVE('',#2344,#2401);
#2401 = DEFINITIONAL_REPRESENTATION('',(#2402),#2406);
#2402 = LINE('',#2403,#2404);
#2403 = CARTESIAN_POINT('',(3.14159265359,0.));
#2404 = VECTOR('',#2405,1.);
#2405 = DIRECTION('',(0.,1.));
#2406 = ( GEOMETRIC_REPRESENTATION_CONTEXT(2) 
PARAMETRIC_REPRESENTATION_CONTEXT() REPRESENTATION_CONTEXT('2D SPACE',''
  ) );
#2407 = PCURVE('',#2356,#2408);
#2408 = DEFINITIONAL_REPRESENTATION('',(#2409),#2413);
#2409 = LINE('',#2410,#2411);
#2410 = CARTESIAN_POINT('',(3.14159265359,0.));
#2411 = VECTOR('',#2412,1.);
#2412 = DIRECTION('',(0.,1.));
#2413 = ( GEOMETRIC_REPRESENTATION_CONTEXT(2) 
PARAMETRIC_REPRESENTATION_CONTEXT() REPRESENTATION_CONTEXT('2D SPACE',''
  ) );
#2414 = ORIENTED_EDGE('',*,*,#2415,.T.);
#2415 = EDGE_CURVE('',#2393,#2334,#2416,.T.);
#2416 = SURFACE_CURVE('',#2417,(#2422,#2429),.PCURVE_S1.);
#2417 = CIRCLE('',#2418,4.);
#2418 = AXIS2_PLACEMENT_3D('',#2419,#2420,#2421);
#2419 = CARTESIAN_POINT('',(20.,13.435028842544,-13.43502889254));
#2420 = DIRECTION('',(1.,0.,1.110223024625E-16));
#2421 = DIRECTION('',(1.232595164408E-32,1.,-1.110223024625E-16));
#2422 = PCURVE('',#2344,#2423);
#2423 = DEFINITIONAL_REPRESENTATION('',(#2424),#2428);
#2424 = LINE('',#2425,#2426);
#2425 = CARTESIAN_POINT('',(0.,-5.));
#2426 = VECTOR('',#2427,1.);
#2427 = DIRECTION('',(1.,0.));
#2428 = ( GEOMETRIC_REPRESENTATION_CONTEXT(2) 
PARAMETRIC_REPRESENTATION_CONTEXT() REPRESENTATION_CONTEXT('2D SPACE',''
  ) );
#2429 = PCURVE('',#2430,#2435);
#2430 = PLANE('',#2431);
#2431 = AXIS2_PLACEMENT_3D('',#2432,#2433,#2434);
#2432 = CARTESIAN_POINT('',(20.,15.685028842544,-13.43502889254));
#2433 = DIRECTION('',(-1.,0.,-1.110223024625E-16));
#2434 = DIRECTION('',(-1.232595164408E-32,-1.,1.110223024625E-16));
#2435 = DEFINITIONAL_REPRESENTATION('',(#2436),#2444);
#2436 = ( BOUNDED_CURVE() B_SPLINE_CURVE(2,(#2437,#2438,#2439,#2440,
#2441,#2442,#2443),.UNSPECIFIED.,.T.,.F.) B_SPLINE_CURVE_WITH_KNOTS((1,2
    ,2,2,2,1),(-2.094395102393,0.,2.094395102393,4.188790204786,
6.28318530718,8.377580409573),.UNSPECIFIED.) CURVE() 
GEOMETRIC_REPRESENTATION_ITEM() RATIONAL_B_SPLINE_CURVE((1.,0.5,1.,0.5,
1.,0.5,1.)) REPRESENTATION_ITEM('') );
#2437 = CARTESIAN_POINT('',(-1.75,-2.498001805407E-16));
#2438 = CARTESIAN_POINT('',(-1.75,6.928203230276));
#2439 = CARTESIAN_POINT('',(4.25,3.464101615138));
#2440 = CARTESIAN_POINT('',(10.25,7.299172587772E-16));
#2441 = CARTESIAN_POINT('',(4.25,-3.464101615138));
#2442 = CARTESIAN_POINT('',(-1.75,-6.928203230276));
#2443 = CARTESIAN_POINT('',(-1.75,-2.498001805407E-16));
#2444 = ( GEOMETRIC_REPRESENTATION_CONTEXT(2) 
PARAMETRIC_REPRESENTATION_CONTEXT() REPRESENTATION_CONTEXT('2D SPACE',''
  ) );
#2445 = ADVANCED_FACE('',(#2446),#2460,.F.);
#2446 = FACE_BOUND('',#2447,.F.);
#2447 = EDGE_LOOP('',(#2448,#2483,#2511,#2534));
#2448 = ORIENTED_EDGE('',*,*,#2449,.T.);
#2449 = EDGE_CURVE('',#2450,#2452,#2454,.T.);
#2450 = VERTEX_POINT('',#2451);
#2451 = CARTESIAN_POINT('',(15.,15.685028842544,-13.43502889254));
#2452 = VERTEX_POINT('',#2453);
#2453 = CARTESIAN_POINT('',(20.,15.685028842544,-13.43502889254));
#2454 = SURFACE_CURVE('',#2455,(#2459,#2471),.PCURVE_S1.);
#2455 = LINE('',#2456,#2457);
#2456 = CARTESIAN_POINT('',(25.,15.685028842544,-13.43502889254));
#2457 = VECTOR('',#2458,1.);
#2458 = DIRECTION('',(1.,0.,1.110223024625E-16));
#2459 = PCURVE('',#2460,#2465);
#2460 = CYLINDRICAL_SURFACE('',#2461,2.25);
#2461 = AXIS2_PLACEMENT_3D('',#2462,#2463,#2464);
#2462 = CARTESIAN_POINT('',(25.,13.435028842544,-13.43502889254));
#2463 = DIRECTION('',(1.,0.,1.110223024625E-16));
#2464 = DIRECTION('',(1.232595164408E-32,1.,-1.110223024625E-16));
#2465 = DEFINITIONAL_REPRESENTATION('',(#2466),#2470);
#2466 = LINE('',#2467,#2468);
#2467 = CARTESIAN_POINT('',(6.28318530718,0.));
#2468 = VECTOR('',#2469,1.);
#2469 = DIRECTION('',(0.,1.));
#2470 = ( GEOMETRIC_REPRESENTATION_CONTEXT(2) 
PARAMETRIC_REPRESENTATION_CONTEXT() REPRESENTATION_CONTEXT('2D SPACE',''
  ) );
#2471 = PCURVE('',#2472,#2477);
#2472 = CYLINDRICAL_SURFACE('',#2473,2.25);
#2473 = AXIS2_PLACEMENT_3D('',#2474,#2475,#2476);
#2474 = CARTESIAN_POINT('',(25.,13.435028842544,-13.43502889254));
#2475 = DIRECTION('',(1.,0.,1.110223024625E-16));
#2476 = DIRECTION('',(1.232595164408E-32,1.,-1.110223024625E-16));
#2477 = DEFINITIONAL_REPRESENTATION('',(#2478),#2482);
#2478 = LINE('',#2479,#2480);
#2479 = CARTESIAN_POINT('',(0.,0.));
#2480 = VECTOR('',#2481,1.);
#2481 = DIRECTION('',(0.,1.));
#2482 = ( GEOMETRIC_REPRESENTATION_CONTEXT(2) 
PARAMETRIC_REPRESENTATION_CONTEXT() REPRESENTATION_CONTEXT('2D SPACE',''
  ) );
#2483 = ORIENTED_EDGE('',*,*,#2484,.F.);
#2484 = EDGE_CURVE('',#2485,#2452,#2487,.T.);
#2485 = VERTEX_POINT('',#2486);
#2486 = CARTESIAN_POINT('',(20.,11.185028842544,-13.43502889254));
#2487 = SURFACE_CURVE('',#2488,(#2493,#2500),.PCURVE_S1.);
#2488 = CIRCLE('',#2489,2.25);
#2489 = AXIS2_PLACEMENT_3D('',#2490,#2491,#2492);
#2490 = CARTESIAN_POINT('',(20.,13.435028842544,-13.43502889254));
#2491 = DIRECTION('',(1.,0.,1.110223024625E-16));
#2492 = DIRECTION('',(1.232595164408E-32,1.,-1.110223024625E-16));
#2493 = PCURVE('',#2460,#2494);
#2494 = DEFINITIONAL_REPRESENTATION('',(#2495),#2499);
#2495 = LINE('',#2496,#2497);
#2496 = CARTESIAN_POINT('',(0.,-5.));
#2497 = VECTOR('',#2498,1.);
#2498 = DIRECTION('',(1.,0.));
#2499 = ( GEOMETRIC_REPRESENTATION_CONTEXT(2) 
PARAMETRIC_REPRESENTATION_CONTEXT() REPRESENTATION_CONTEXT('2D SPACE',''
  ) );
#2500 = PCURVE('',#2430,#2501);
#2501 = DEFINITIONAL_REPRESENTATION('',(#2502),#2510);
#2502 = ( BOUNDED_CURVE() B_SPLINE_CURVE(2,(#2503,#2504,#2505,#2506,
#2507,#2508,#2509),.UNSPECIFIED.,.T.,.F.) B_SPLINE_CURVE_WITH_KNOTS((1,2
    ,2,2,2,1),(-2.094395102393,0.,2.094395102393,4.188790204786,
6.28318530718,8.377580409573),.UNSPECIFIED.) CURVE() 
GEOMETRIC_REPRESENTATION_ITEM() RATIONAL_B_SPLINE_CURVE((1.,0.5,1.,0.5,
1.,0.5,1.)) REPRESENTATION_ITEM('') );
#2503 = CARTESIAN_POINT('',(0.,-2.498001805407E-16));
#2504 = CARTESIAN_POINT('',(0.,3.89711431703));
#2505 = CARTESIAN_POINT('',(3.375,1.948557158515));
#2506 = CARTESIAN_POINT('',(6.75,3.012908790756E-16));
#2507 = CARTESIAN_POINT('',(3.375,-1.948557158515));
#2508 = CARTESIAN_POINT('',(3.552713678801E-15,-3.89711431703));
#2509 = CARTESIAN_POINT('',(0.,-2.498001805407E-16));
#2510 = ( GEOMETRIC_REPRESENTATION_CONTEXT(2) 
PARAMETRIC_REPRESENTATION_CONTEXT() REPRESENTATION_CONTEXT('2D SPACE',''
  ) );
#2511 = ORIENTED_EDGE('',*,*,#2512,.F.);
#2512 = EDGE_CURVE('',#2513,#2485,#2515,.T.);
#2513 = VERTEX_POINT('',#2514);
#2514 = CARTESIAN_POINT('',(15.,11.185028842544,-13.43502889254));
#2515 = SURFACE_CURVE('',#2516,(#2520,#2527),.PCURVE_S1.);
#2516 = LINE('',#2517,#2518);
#2517 = CARTESIAN_POINT('',(25.,11.185028842544,-13.43502889254));
#2518 = VECTOR('',#2519,1.);
#2519 = DIRECTION('',(1.,0.,1.110223024625E-16));
#2520 = PCURVE('',#2460,#2521);
#2521 = DEFINITIONAL_REPRESENTATION('',(#2522),#2526);
#2522 = LINE('',#2523,#2524);
#2523 = CARTESIAN_POINT('',(3.14159265359,0.));
#2524 = VECTOR('',#2525,1.);
#2525 = DIRECTION('',(0.,1.));
#2526 = ( GEOMETRIC_REPRESENTATION_CONTEXT(2) 
PARAMETRIC_REPRESENTATION_CONTEXT() REPRESENTATION_CONTEXT('2D SPACE',''
  ) );
#2527 = PCURVE('',#2472,#2528);
#2528 = DEFINITIONAL_REPRESENTATION('',(#2529),#2533);
#2529 = LINE('',#2530,#2531);
#2530 = CARTESIAN_POINT('',(3.14159265359,0.));
#2531 = VECTOR('',#2532,1.);
#2532 = DIRECTION('',(0.,1.));
#2533 = ( GEOMETRIC_REPRESENTATION_CONTEXT(2) 
PARAMETRIC_REPRESENTATION_CONTEXT() REPRESENTATION_CONTEXT('2D SPACE',''
  ) );
#2534 = ORIENTED_EDGE('',*,*,#2535,.T.);
#2535 = EDGE_CURVE('',#2513,#2450,#2536,.T.);
#2536 = SURFACE_CURVE('',#2537,(#2542,#2549),.PCURVE_S1.);
#2537 = CIRCLE('',#2538,2.25);
#2538 = AXIS2_PLACEMENT_3D('',#2539,#2540,#2541);
#2539 = CARTESIAN_POINT('',(15.,13.435028842544,-13.43502889254));
#2540 = DIRECTION('',(1.,0.,1.110223024625E-16));
#2541 = DIRECTION('',(1.232595164408E-32,1.,-1.110223024625E-16));
#2542 = PCURVE('',#2460,#2543);
#2543 = DEFINITIONAL_REPRESENTATION('',(#2544),#2548);
#2544 = LINE('',#2545,#2546);
#2545 = CARTESIAN_POINT('',(0.,-10.));
#2546 = VECTOR('',#2547,1.);
#2547 = DIRECTION('',(1.,0.));
#2548 = ( GEOMETRIC_REPRESENTATION_CONTEXT(2) 
PARAMETRIC_REPRESENTATION_CONTEXT() REPRESENTATION_CONTEXT('2D SPACE',''
  ) );
#2549 = PCURVE('',#242,#2550);
#2550 = DEFINITIONAL_REPRESENTATION('',(#2551),#2555);
#2551 = CIRCLE('',#2552,2.25);
#2552 = AXIS2_PLACEMENT_2D('',#2553,#2554);
#2553 = CARTESIAN_POINT('',(13.435028842544,-13.43502884254));
#2554 = DIRECTION('',(1.,0.));
#2555 = ( GEOMETRIC_REPRESENTATION_CONTEXT(2) 
PARAMETRIC_REPRESENTATION_CONTEXT() REPRESENTATION_CONTEXT('2D SPACE',''
  ) );
#2556 = ADVANCED_FACE('',(#2557),#2571,.F.);
#2557 = FACE_BOUND('',#2558,.F.);
#2558 = EDGE_LOOP('',(#2559,#2594,#2618,#2641));
#2559 = ORIENTED_EDGE('',*,*,#2560,.T.);
#2560 = EDGE_CURVE('',#2561,#2563,#2565,.T.);
#2561 = VERTEX_POINT('',#2562);
#2562 = CARTESIAN_POINT('',(20.,17.435028842544,13.435028792544));
#2563 = VERTEX_POINT('',#2564);
#2564 = CARTESIAN_POINT('',(25.,17.435028842544,13.435028792544));
#2565 = SURFACE_CURVE('',#2566,(#2570,#2582),.PCURVE_S1.);
#2566 = LINE('',#2567,#2568);
#2567 = CARTESIAN_POINT('',(25.,17.435028842544,13.435028792544));
#2568 = VECTOR('',#2569,1.);
#2569 = DIRECTION('',(1.,0.,1.110223024625E-16));
#2570 = PCURVE('',#2571,#2576);
#2571 = CYLINDRICAL_SURFACE('',#2572,4.);
#2572 = AXIS2_PLACEMENT_3D('',#2573,#2574,#2575);
#2573 = CARTESIAN_POINT('',(25.,13.435028842544,13.435028792544));
#2574 = DIRECTION('',(1.,0.,1.110223024625E-16));
#2575 = DIRECTION('',(1.232595164408E-32,1.,-1.110223024625E-16));
#2576 = DEFINITIONAL_REPRESENTATION('',(#2577),#2581);
#2577 = LINE('',#2578,#2579);
#2578 = CARTESIAN_POINT('',(6.28318530718,0.));
#2579 = VECTOR('',#2580,1.);
#2580 = DIRECTION('',(0.,1.));
#2581 = ( GEOMETRIC_REPRESENTATION_CONTEXT(2) 
PARAMETRIC_REPRESENTATION_CONTEXT() REPRESENTATION_CONTEXT('2D SPACE',''
  ) );
#2582 = PCURVE('',#2583,#2588);
#2583 = CYLINDRICAL_SURFACE('',#2584,4.);
#2584 = AXIS2_PLACEMENT_3D('',#2585,#2586,#2587);
#2585 = CARTESIAN_POINT('',(25.,13.435028842544,13.435028792544));
#2586 = DIRECTION('',(1.,0.,1.110223024625E-16));
#2587 = DIRECTION('',(1.232595164408E-32,1.,-1.110223024625E-16));
#2588 = DEFINITIONAL_REPRESENTATION('',(#2589),#2593);
#2589 = LINE('',#2590,#2591);
#2590 = CARTESIAN_POINT('',(0.,0.));
#2591 = VECTOR('',#2592,1.);
#2592 = DIRECTION('',(0.,1.));
#2593 = ( GEOMETRIC_REPRESENTATION_CONTEXT(2) 
PARAMETRIC_REPRESENTATION_CONTEXT() REPRESENTATION_CONTEXT('2D SPACE',''
  ) );
#2594 = ORIENTED_EDGE('',*,*,#2595,.F.);
#2595 = EDGE_CURVE('',#2596,#2563,#2598,.T.);
#2596 = VERTEX_POINT('',#2597);
#2597 = CARTESIAN_POINT('',(25.,9.435028842544,13.435028792544));
#2598 = SURFACE_CURVE('',#2599,(#2604,#2611),.PCURVE_S1.);
#2599 = CIRCLE('',#2600,4.);
#2600 = AXIS2_PLACEMENT_3D('',#2601,#2602,#2603);
#2601 = CARTESIAN_POINT('',(25.,13.435028842544,13.435028792544));
#2602 = DIRECTION('',(1.,0.,1.110223024625E-16));
#2603 = DIRECTION('',(1.232595164408E-32,1.,-1.110223024625E-16));
#2604 = PCURVE('',#2571,#2605);
#2605 = DEFINITIONAL_REPRESENTATION('',(#2606),#2610);
#2606 = LINE('',#2607,#2608);
#2607 = CARTESIAN_POINT('',(0.,0.));
#2608 = VECTOR('',#2609,1.);
#2609 = DIRECTION('',(1.,0.));
#2610 = ( GEOMETRIC_REPRESENTATION_CONTEXT(2) 
PARAMETRIC_REPRESENTATION_CONTEXT() REPRESENTATION_CONTEXT('2D SPACE',''
  ) );
#2611 = PCURVE('',#45,#2612);
#2612 = DEFINITIONAL_REPRESENTATION('',(#2613),#2617);
#2613 = CIRCLE('',#2614,4.);
#2614 = AXIS2_PLACEMENT_2D('',#2615,#2616);
#2615 = CARTESIAN_POINT('',(13.435028842544,13.435028842544));
#2616 = DIRECTION('',(1.,0.));
#2617 = ( GEOMETRIC_REPRESENTATION_CONTEXT(2) 
PARAMETRIC_REPRESENTATION_CONTEXT() REPRESENTATION_CONTEXT('2D SPACE',''
  ) );
#2618 = ORIENTED_EDGE('',*,*,#2619,.F.);
#2619 = EDGE_CURVE('',#2620,#2596,#2622,.T.);
#2620 = VERTEX_POINT('',#2621);
#2621 = CARTESIAN_POINT('',(20.,9.435028842544,13.435028792544));
#2622 = SURFACE_CURVE('',#2623,(#2627,#2634),.PCURVE_S1.);
#2623 = LINE('',#2624,#2625);
#2624 = CARTESIAN_POINT('',(25.,9.435028842544,13.435028792544));
#2625 = VECTOR('',#2626,1.);
#2626 = DIRECTION('',(1.,0.,1.110223024625E-16));
#2627 = PCURVE('',#2571,#2628);
#2628 = DEFINITIONAL_REPRESENTATION('',(#2629),#2633);
#2629 = LINE('',#2630,#2631);
#2630 = CARTESIAN_POINT('',(3.14159265359,0.));
#2631 = VECTOR('',#2632,1.);
#2632 = DIRECTION('',(0.,1.));
#2633 = ( GEOMETRIC_REPRESENTATION_CONTEXT(2) 
PARAMETRIC_REPRESENTATION_CONTEXT() REPRESENTATION_CONTEXT('2D SPACE',''
  ) );
#2634 = PCURVE('',#2583,#2635);
#2635 = DEFINITIONAL_REPRESENTATION('',(#2636),#2640);
#2636 = LINE('',#2637,#2638);
#2637 = CARTESIAN_POINT('',(3.14159265359,0.));
#2638 = VECTOR('',#2639,1.);
#2639 = DIRECTION('',(0.,1.));
#2640 = ( GEOMETRIC_REPRESENTATION_CONTEXT(2) 
PARAMETRIC_REPRESENTATION_CONTEXT() REPRESENTATION_CONTEXT('2D SPACE',''
  ) );
#2641 = ORIENTED_EDGE('',*,*,#2642,.T.);
#2642 = EDGE_CURVE('',#2620,#2561,#2643,.T.);
#2643 = SURFACE_CURVE('',#2644,(#2649,#2656),.PCURVE_S1.);
#2644 = CIRCLE('',#2645,4.);
#2645 = AXIS2_PLACEMENT_3D('',#2646,#2647,#2648);
#2646 = CARTESIAN_POINT('',(20.,13.435028842544,13.435028792544));
#2647 = DIRECTION('',(1.,0.,1.110223024625E-16));
#2648 = DIRECTION('',(1.232595164408E-32,1.,-1.110223024625E-16));
#2649 = PCURVE('',#2571,#2650);
#2650 = DEFINITIONAL_REPRESENTATION('',(#2651),#2655);
#2651 = LINE('',#2652,#2653);
#2652 = CARTESIAN_POINT('',(0.,-5.));
#2653 = VECTOR('',#2654,1.);
#2654 = DIRECTION('',(1.,0.));
#2655 = ( GEOMETRIC_REPRESENTATION_CONTEXT(2) 
PARAMETRIC_REPRESENTATION_CONTEXT() REPRESENTATION_CONTEXT('2D SPACE',''
  ) );
#2656 = PCURVE('',#2657,#2662);
#2657 = PLANE('',#2658);
#2658 = AXIS2_PLACEMENT_3D('',#2659,#2660,#2661);
#2659 = CARTESIAN_POINT('',(20.,15.685028842544,13.435028792544));
#2660 = DIRECTION('',(-1.,0.,-1.110223024625E-16));
#2661 = DIRECTION('',(-1.232595164408E-32,-1.,1.110223024625E-16));
#2662 = DEFINITIONAL_REPRESENTATION('',(#2663),#2671);
#2663 = ( BOUNDED_CURVE() B_SPLINE_CURVE(2,(#2664,#2665,#2666,#2667,
#2668,#2669,#2670),.UNSPECIFIED.,.T.,.F.) B_SPLINE_CURVE_WITH_KNOTS((1,2
    ,2,2,2,1),(-2.094395102393,0.,2.094395102393,4.188790204786,
6.28318530718,8.377580409573),.UNSPECIFIED.) CURVE() 
GEOMETRIC_REPRESENTATION_ITEM() RATIONAL_B_SPLINE_CURVE((1.,0.5,1.,0.5,
1.,0.5,1.)) REPRESENTATION_ITEM('') );
#2664 = CARTESIAN_POINT('',(-1.75,-2.498001805407E-16));
#2665 = CARTESIAN_POINT('',(-1.75,6.928203230276));
#2666 = CARTESIAN_POINT('',(4.25,3.464101615138));
#2667 = CARTESIAN_POINT('',(10.25,7.299172587772E-16));
#2668 = CARTESIAN_POINT('',(4.25,-3.464101615138));
#2669 = CARTESIAN_POINT('',(-1.75,-6.928203230276));
#2670 = CARTESIAN_POINT('',(-1.75,-2.498001805407E-16));
#2671 = ( GEOMETRIC_REPRESENTATION_CONTEXT(2) 
PARAMETRIC_REPRESENTATION_CONTEXT() REPRESENTATION_CONTEXT('2D SPACE',''
  ) );
#2672 = ADVANCED_FACE('',(#2673),#2687,.F.);
#2673 = FACE_BOUND('',#2674,.F.);
#2674 = EDGE_LOOP('',(#2675,#2710,#2738,#2761));
#2675 = ORIENTED_EDGE('',*,*,#2676,.T.);
#2676 = EDGE_CURVE('',#2677,#2679,#2681,.T.);
#2677 = VERTEX_POINT('',#2678);
#2678 = CARTESIAN_POINT('',(15.,15.685028842544,13.435028792544));
#2679 = VERTEX_POINT('',#2680);
#2680 = CARTESIAN_POINT('',(20.,15.685028842544,13.435028792544));
#2681 = SURFACE_CURVE('',#2682,(#2686,#2698),.PCURVE_S1.);
#2682 = LINE('',#2683,#2684);
#2683 = CARTESIAN_POINT('',(25.,15.685028842544,13.435028792544));
#2684 = VECTOR('',#2685,1.);
#2685 = DIRECTION('',(1.,0.,1.110223024625E-16));
#2686 = PCURVE('',#2687,#2692);
#2687 = CYLINDRICAL_SURFACE('',#2688,2.25);
#2688 = AXIS2_PLACEMENT_3D('',#2689,#2690,#2691);
#2689 = CARTESIAN_POINT('',(25.,13.435028842544,13.435028792544));
#2690 = DIRECTION('',(1.,0.,1.110223024625E-16));
#2691 = DIRECTION('',(1.232595164408E-32,1.,-1.110223024625E-16));
#2692 = DEFINITIONAL_REPRESENTATION('',(#2693),#2697);
#2693 = LINE('',#2694,#2695);
#2694 = CARTESIAN_POINT('',(6.28318530718,0.));
#2695 = VECTOR('',#2696,1.);
#2696 = DIRECTION('',(0.,1.));
#2697 = ( GEOMETRIC_REPRESENTATION_CONTEXT(2) 
PARAMETRIC_REPRESENTATION_CONTEXT() REPRESENTATION_CONTEXT('2D SPACE',''
  ) );
#2698 = PCURVE('',#2699,#2704);
#2699 = CYLINDRICAL_SURFACE('',#2700,2.25);
#2700 = AXIS2_PLACEMENT_3D('',#2701,#2702,#2703);
#2701 = CARTESIAN_POINT('',(25.,13.435028842544,13.435028792544));
#2702 = DIRECTION('',(1.,0.,1.110223024625E-16));
#2703 = DIRECTION('',(1.232595164408E-32,1.,-1.110223024625E-16));
#2704 = DEFINITIONAL_REPRESENTATION('',(#2705),#2709);
#2705 = LINE('',#2706,#2707);
#2706 = CARTESIAN_POINT('',(0.,0.));
#2707 = VECTOR('',#2708,1.);
#2708 = DIRECTION('',(0.,1.));
#2709 = ( GEOMETRIC_REPRESENTATION_CONTEXT(2) 
PARAMETRIC_REPRESENTATION_CONTEXT() REPRESENTATION_CONTEXT('2D SPACE',''
  ) );
#2710 = ORIENTED_EDGE('',*,*,#2711,.F.);
#2711 = EDGE_CURVE('',#2712,#2679,#2714,.T.);
#2712 = VERTEX_POINT('',#2713);
#2713 = CARTESIAN_POINT('',(20.,11.185028842544,13.435028792544));
#2714 = SURFACE_CURVE('',#2715,(#2720,#2727),.PCURVE_S1.);
#2715 = CIRCLE('',#2716,2.25);
#2716 = AXIS2_PLACEMENT_3D('',#2717,#2718,#2719);
#2717 = CARTESIAN_POINT('',(20.,13.435028842544,13.435028792544));
#2718 = DIRECTION('',(1.,0.,1.110223024625E-16));
#2719 = DIRECTION('',(1.232595164408E-32,1.,-1.110223024625E-16));
#2720 = PCURVE('',#2687,#2721);
#2721 = DEFINITIONAL_REPRESENTATION('',(#2722),#2726);
#2722 = LINE('',#2723,#2724);
#2723 = CARTESIAN_POINT('',(0.,-5.));
#2724 = VECTOR('',#2725,1.);
#2725 = DIRECTION('',(1.,0.));
#2726 = ( GEOMETRIC_REPRESENTATION_CONTEXT(2) 
PARAMETRIC_REPRESENTATION_CONTEXT() REPRESENTATION_CONTEXT('2D SPACE',''
  ) );
#2727 = PCURVE('',#2657,#2728);
#2728 = DEFINITIONAL_REPRESENTATION('',(#2729),#2737);
#2729 = ( BOUNDED_CURVE() B_SPLINE_CURVE(2,(#2730,#2731,#2732,#2733,
#2734,#2735,#2736),.UNSPECIFIED.,.T.,.F.) B_SPLINE_CURVE_WITH_KNOTS((1,2
    ,2,2,2,1),(-2.094395102393,0.,2.094395102393,4.188790204786,
6.28318530718,8.377580409573),.UNSPECIFIED.) CURVE() 
GEOMETRIC_REPRESENTATION_ITEM() RATIONAL_B_SPLINE_CURVE((1.,0.5,1.,0.5,
1.,0.5,1.)) REPRESENTATION_ITEM('') );
#2730 = CARTESIAN_POINT('',(0.,-2.498001805407E-16));
#2731 = CARTESIAN_POINT('',(0.,3.89711431703));
#2732 = CARTESIAN_POINT('',(3.375,1.948557158515));
#2733 = CARTESIAN_POINT('',(6.75,3.012908790756E-16));
#2734 = CARTESIAN_POINT('',(3.375,-1.948557158515));
#2735 = CARTESIAN_POINT('',(3.552713678801E-15,-3.89711431703));
#2736 = CARTESIAN_POINT('',(0.,-2.498001805407E-16));
#2737 = ( GEOMETRIC_REPRESENTATION_CONTEXT(2) 
PARAMETRIC_REPRESENTATION_CONTEXT() REPRESENTATION_CONTEXT('2D SPACE',''
  ) );
#2738 = ORIENTED_EDGE('',*,*,#2739,.F.);
#2739 = EDGE_CURVE('',#2740,#2712,#2742,.T.);
#2740 = VERTEX_POINT('',#2741);
#2741 = CARTESIAN_POINT('',(15.,11.185028842544,13.435028792544));
#2742 = SURFACE_CURVE('',#2743,(#2747,#2754),.PCURVE_S1.);
#2743 = LINE('',#2744,#2745);
#2744 = CARTESIAN_POINT('',(25.,11.185028842544,13.435028792544));
#2745 = VECTOR('',#2746,1.);
#2746 = DIRECTION('',(1.,0.,1.110223024625E-16));
#2747 = PCURVE('',#2687,#2748);
#2748 = DEFINITIONAL_REPRESENTATION('',(#2749),#2753);
#2749 = LINE('',#2750,#2751);
#2750 = CARTESIAN_POINT('',(3.14159265359,0.));
#2751 = VECTOR('',#2752,1.);
#2752 = DIRECTION('',(0.,1.));
#2753 = ( GEOMETRIC_REPRESENTATION_CONTEXT(2) 
PARAMETRIC_REPRESENTATION_CONTEXT() REPRESENTATION_CONTEXT('2D SPACE',''
  ) );
#2754 = PCURVE('',#2699,#2755);
#2755 = DEFINITIONAL_REPRESENTATION('',(#2756),#2760);
#2756 = LINE('',#2757,#2758);
#2757 = CARTESIAN_POINT('',(3.14159265359,0.));
#2758 = VECTOR('',#2759,1.);
#2759 = DIRECTION('',(0.,1.));
#2760 = ( GEOMETRIC_REPRESENTATION_CONTEXT(2) 
PARAMETRIC_REPRESENTATION_CONTEXT() REPRESENTATION_CONTEXT('2D SPACE',''
  ) );
#2761 = ORIENTED_EDGE('',*,*,#2762,.T.);
#2762 = EDGE_CURVE('',#2740,#2677,#2763,.T.);
#2763 = SURFACE_CURVE('',#2764,(#2769,#2776),.PCURVE_S1.);
#2764 = CIRCLE('',#2765,2.25);
#2765 = AXIS2_PLACEMENT_3D('',#2766,#2767,#2768);
#2766 = CARTESIAN_POINT('',(15.,13.435028842544,13.435028792544));
#2767 = DIRECTION('',(1.,0.,1.110223024625E-16));
#2768 = DIRECTION('',(1.232595164408E-32,1.,-1.110223024625E-16));
#2769 = PCURVE('',#2687,#2770);
#2770 = DEFINITIONAL_REPRESENTATION('',(#2771),#2775);
#2771 = LINE('',#2772,#2773);
#2772 = CARTESIAN_POINT('',(0.,-10.));
#2773 = VECTOR('',#2774,1.);
#2774 = DIRECTION('',(1.,0.));
#2775 = ( GEOMETRIC_REPRESENTATION_CONTEXT(2) 
PARAMETRIC_REPRESENTATION_CONTEXT() REPRESENTATION_CONTEXT('2D SPACE',''
  ) );
#2776 = PCURVE('',#242,#2777);
#2777 = DEFINITIONAL_REPRESENTATION('',(#2778),#2782);
#2778 = CIRCLE('',#2779,2.25);
#2779 = AXIS2_PLACEMENT_2D('',#2780,#2781);
#2780 = CARTESIAN_POINT('',(13.435028842544,13.435028842544));
#2781 = DIRECTION('',(1.,0.));
#2782 = ( GEOMETRIC_REPRESENTATION_CONTEXT(2) 
PARAMETRIC_REPRESENTATION_CONTEXT() REPRESENTATION_CONTEXT('2D SPACE',''
  ) );
#2783 = ADVANCED_FACE('',(#2784),#2798,.F.);
#2784 = FACE_BOUND('',#2785,.F.);
#2785 = EDGE_LOOP('',(#2786,#2821,#2845,#2868));
#2786 = ORIENTED_EDGE('',*,*,#2787,.T.);
#2787 = EDGE_CURVE('',#2788,#2790,#2792,.T.);
#2788 = VERTEX_POINT('',#2789);
#2789 = CARTESIAN_POINT('',(20.,-9.435028842544,13.435028792544));
#2790 = VERTEX_POINT('',#2791);
#2791 = CARTESIAN_POINT('',(25.,-9.435028842544,13.435028792544));
#2792 = SURFACE_CURVE('',#2793,(#2797,#2809),.PCURVE_S1.);
#2793 = LINE('',#2794,#2795);
#2794 = CARTESIAN_POINT('',(25.,-9.435028842544,13.435028792544));
#2795 = VECTOR('',#2796,1.);
#2796 = DIRECTION('',(1.,0.,1.110223024625E-16));
#2797 = PCURVE('',#2798,#2803);
#2798 = CYLINDRICAL_SURFACE('',#2799,4.);
#2799 = AXIS2_PLACEMENT_3D('',#2800,#2801,#2802);
#2800 = CARTESIAN_POINT('',(25.,-13.43502884254,13.435028792544));
#2801 = DIRECTION('',(1.,0.,1.110223024625E-16));
#2802 = DIRECTION('',(1.232595164408E-32,1.,-1.110223024625E-16));
#2803 = DEFINITIONAL_REPRESENTATION('',(#2804),#2808);
#2804 = LINE('',#2805,#2806);
#2805 = CARTESIAN_POINT('',(6.28318530718,0.));
#2806 = VECTOR('',#2807,1.);
#2807 = DIRECTION('',(0.,1.));
#2808 = ( GEOMETRIC_REPRESENTATION_CONTEXT(2) 
PARAMETRIC_REPRESENTATION_CONTEXT() REPRESENTATION_CONTEXT('2D SPACE',''
  ) );
#2809 = PCURVE('',#2810,#2815);
#2810 = CYLINDRICAL_SURFACE('',#2811,4.);
#2811 = AXIS2_PLACEMENT_3D('',#2812,#2813,#2814);
#2812 = CARTESIAN_POINT('',(25.,-13.43502884254,13.435028792544));
#2813 = DIRECTION('',(1.,0.,1.110223024625E-16));
#2814 = DIRECTION('',(1.232595164408E-32,1.,-1.110223024625E-16));
#2815 = DEFINITIONAL_REPRESENTATION('',(#2816),#2820);
#2816 = LINE('',#2817,#2818);
#2817 = CARTESIAN_POINT('',(0.,0.));
#2818 = VECTOR('',#2819,1.);
#2819 = DIRECTION('',(0.,1.));
#2820 = ( GEOMETRIC_REPRESENTATION_CONTEXT(2) 
PARAMETRIC_REPRESENTATION_CONTEXT() REPRESENTATION_CONTEXT('2D SPACE',''
  ) );
#2821 = ORIENTED_EDGE('',*,*,#2822,.F.);
#2822 = EDGE_CURVE('',#2823,#2790,#2825,.T.);
#2823 = VERTEX_POINT('',#2824);
#2824 = CARTESIAN_POINT('',(25.,-17.43502884254,13.435028792544));
#2825 = SURFACE_CURVE('',#2826,(#2831,#2838),.PCURVE_S1.);
#2826 = CIRCLE('',#2827,4.);
#2827 = AXIS2_PLACEMENT_3D('',#2828,#2829,#2830);
#2828 = CARTESIAN_POINT('',(25.,-13.43502884254,13.435028792544));
#2829 = DIRECTION('',(1.,0.,1.110223024625E-16));
#2830 = DIRECTION('',(1.232595164408E-32,1.,-1.110223024625E-16));
#2831 = PCURVE('',#2798,#2832);
#2832 = DEFINITIONAL_REPRESENTATION('',(#2833),#2837);
#2833 = LINE('',#2834,#2835);
#2834 = CARTESIAN_POINT('',(0.,0.));
#2835 = VECTOR('',#2836,1.);
#2836 = DIRECTION('',(1.,0.));
#2837 = ( GEOMETRIC_REPRESENTATION_CONTEXT(2) 
PARAMETRIC_REPRESENTATION_CONTEXT() REPRESENTATION_CONTEXT('2D SPACE',''
  ) );
#2838 = PCURVE('',#45,#2839);
#2839 = DEFINITIONAL_REPRESENTATION('',(#2840),#2844);
#2840 = CIRCLE('',#2841,4.);
#2841 = AXIS2_PLACEMENT_2D('',#2842,#2843);
#2842 = CARTESIAN_POINT('',(-13.43502884254,13.435028842544));
#2843 = DIRECTION('',(1.,0.));
#2844 = ( GEOMETRIC_REPRESENTATION_CONTEXT(2) 
PARAMETRIC_REPRESENTATION_CONTEXT() REPRESENTATION_CONTEXT('2D SPACE',''
  ) );
#2845 = ORIENTED_EDGE('',*,*,#2846,.F.);
#2846 = EDGE_CURVE('',#2847,#2823,#2849,.T.);
#2847 = VERTEX_POINT('',#2848);
#2848 = CARTESIAN_POINT('',(20.,-17.43502884254,13.435028792544));
#2849 = SURFACE_CURVE('',#2850,(#2854,#2861),.PCURVE_S1.);
#2850 = LINE('',#2851,#2852);
#2851 = CARTESIAN_POINT('',(25.,-17.43502884254,13.435028792544));
#2852 = VECTOR('',#2853,1.);
#2853 = DIRECTION('',(1.,0.,1.110223024625E-16));
#2854 = PCURVE('',#2798,#2855);
#2855 = DEFINITIONAL_REPRESENTATION('',(#2856),#2860);
#2856 = LINE('',#2857,#2858);
#2857 = CARTESIAN_POINT('',(3.14159265359,0.));
#2858 = VECTOR('',#2859,1.);
#2859 = DIRECTION('',(0.,1.));
#2860 = ( GEOMETRIC_REPRESENTATION_CONTEXT(2) 
PARAMETRIC_REPRESENTATION_CONTEXT() REPRESENTATION_CONTEXT('2D SPACE',''
  ) );
#2861 = PCURVE('',#2810,#2862);
#2862 = DEFINITIONAL_REPRESENTATION('',(#2863),#2867);
#2863 = LINE('',#2864,#2865);
#2864 = CARTESIAN_POINT('',(3.14159265359,0.));
#2865 = VECTOR('',#2866,1.);
#2866 = DIRECTION('',(0.,1.));
#2867 = ( GEOMETRIC_REPRESENTATION_CONTEXT(2) 
PARAMETRIC_REPRESENTATION_CONTEXT() REPRESENTATION_CONTEXT('2D SPACE',''
  ) );
#2868 = ORIENTED_EDGE('',*,*,#2869,.T.);
#2869 = EDGE_CURVE('',#2847,#2788,#2870,.T.);
#2870 = SURFACE_CURVE('',#2871,(#2876,#2883),.PCURVE_S1.);
#2871 = CIRCLE('',#2872,4.);
#2872 = AXIS2_PLACEMENT_3D('',#2873,#2874,#2875);
#2873 = CARTESIAN_POINT('',(20.,-13.43502884254,13.435028792544));
#2874 = DIRECTION('',(1.,0.,1.110223024625E-16));
#2875 = DIRECTION('',(1.232595164408E-32,1.,-1.110223024625E-16));
#2876 = PCURVE('',#2798,#2877);
#2877 = DEFINITIONAL_REPRESENTATION('',(#2878),#2882);
#2878 = LINE('',#2879,#2880);
#2879 = CARTESIAN_POINT('',(0.,-5.));
#2880 = VECTOR('',#2881,1.);
#2881 = DIRECTION('',(1.,0.));
#2882 = ( GEOMETRIC_REPRESENTATION_CONTEXT(2) 
PARAMETRIC_REPRESENTATION_CONTEXT() REPRESENTATION_CONTEXT('2D SPACE',''
  ) );
#2883 = PCURVE('',#2884,#2889);
#2884 = PLANE('',#2885);
#2885 = AXIS2_PLACEMENT_3D('',#2886,#2887,#2888);
#2886 = CARTESIAN_POINT('',(20.,-11.18502884254,13.435028792544));
#2887 = DIRECTION('',(-1.,0.,-1.110223024625E-16));
#2888 = DIRECTION('',(-1.232595164408E-32,-1.,1.110223024625E-16));
#2889 = DEFINITIONAL_REPRESENTATION('',(#2890),#2898);
#2890 = ( BOUNDED_CURVE() B_SPLINE_CURVE(2,(#2891,#2892,#2893,#2894,
#2895,#2896,#2897),.UNSPECIFIED.,.T.,.F.) B_SPLINE_CURVE_WITH_KNOTS((1,2
    ,2,2,2,1),(-2.094395102393,0.,2.094395102393,4.188790204786,
6.28318530718,8.377580409573),.UNSPECIFIED.) CURVE() 
GEOMETRIC_REPRESENTATION_ITEM() RATIONAL_B_SPLINE_CURVE((1.,0.5,1.,0.5,
1.,0.5,1.)) REPRESENTATION_ITEM('') );
#2891 = CARTESIAN_POINT('',(-1.75,-2.498001805407E-16));
#2892 = CARTESIAN_POINT('',(-1.75,6.928203230276));
#2893 = CARTESIAN_POINT('',(4.25,3.464101615138));
#2894 = CARTESIAN_POINT('',(10.25,7.299172587772E-16));
#2895 = CARTESIAN_POINT('',(4.25,-3.464101615138));
#2896 = CARTESIAN_POINT('',(-1.75,-6.928203230276));
#2897 = CARTESIAN_POINT('',(-1.75,-2.498001805407E-16));
#2898 = ( GEOMETRIC_REPRESENTATION_CONTEXT(2) 
PARAMETRIC_REPRESENTATION_CONTEXT() REPRESENTATION_CONTEXT('2D SPACE',''
  ) );
#2899 = ADVANCED_FACE('',(#2900),#2914,.F.);
#2900 = FACE_BOUND('',#2901,.F.);
#2901 = EDGE_LOOP('',(#2902,#2937,#2965,#2988));
#2902 = ORIENTED_EDGE('',*,*,#2903,.T.);
#2903 = EDGE_CURVE('',#2904,#2906,#2908,.T.);
#2904 = VERTEX_POINT('',#2905);
#2905 = CARTESIAN_POINT('',(15.,-11.18502884254,13.435028792544));
#2906 = VERTEX_POINT('',#2907);
#2907 = CARTESIAN_POINT('',(20.,-11.18502884254,13.435028792544));
#2908 = SURFACE_CURVE('',#2909,(#2913,#2925),.PCURVE_S1.);
#2909 = LINE('',#2910,#2911);
#2910 = CARTESIAN_POINT('',(25.,-11.18502884254,13.435028792544));
#2911 = VECTOR('',#2912,1.);
#2912 = DIRECTION('',(1.,0.,1.110223024625E-16));
#2913 = PCURVE('',#2914,#2919);
#2914 = CYLINDRICAL_SURFACE('',#2915,2.25);
#2915 = AXIS2_PLACEMENT_3D('',#2916,#2917,#2918);
#2916 = CARTESIAN_POINT('',(25.,-13.43502884254,13.435028792544));
#2917 = DIRECTION('',(1.,0.,1.110223024625E-16));
#2918 = DIRECTION('',(1.232595164408E-32,1.,-1.110223024625E-16));
#2919 = DEFINITIONAL_REPRESENTATION('',(#2920),#2924);
#2920 = LINE('',#2921,#2922);
#2921 = CARTESIAN_POINT('',(6.28318530718,0.));
#2922 = VECTOR('',#2923,1.);
#2923 = DIRECTION('',(0.,1.));
#2924 = ( GEOMETRIC_REPRESENTATION_CONTEXT(2) 
PARAMETRIC_REPRESENTATION_CONTEXT() REPRESENTATION_CONTEXT('2D SPACE',''
  ) );
#2925 = PCURVE('',#2926,#2931);
#2926 = CYLINDRICAL_SURFACE('',#2927,2.25);
#2927 = AXIS2_PLACEMENT_3D('',#2928,#2929,#2930);
#2928 = CARTESIAN_POINT('',(25.,-13.43502884254,13.435028792544));
#2929 = DIRECTION('',(1.,0.,1.110223024625E-16));
#2930 = DIRECTION('',(1.232595164408E-32,1.,-1.110223024625E-16));
#2931 = DEFINITIONAL_REPRESENTATION('',(#2932),#2936);
#2932 = LINE('',#2933,#2934);
#2933 = CARTESIAN_POINT('',(0.,0.));
#2934 = VECTOR('',#2935,1.);
#2935 = DIRECTION('',(0.,1.));
#2936 = ( GEOMETRIC_REPRESENTATION_CONTEXT(2) 
PARAMETRIC_REPRESENTATION_CONTEXT() REPRESENTATION_CONTEXT('2D SPACE',''
  ) );
#2937 = ORIENTED_EDGE('',*,*,#2938,.F.);
#2938 = EDGE_CURVE('',#2939,#2906,#2941,.T.);
#2939 = VERTEX_POINT('',#2940);
#2940 = CARTESIAN_POINT('',(20.,-15.68502884254,13.435028792544));
#2941 = SURFACE_CURVE('',#2942,(#2947,#2954),.PCURVE_S1.);
#2942 = CIRCLE('',#2943,2.25);
#2943 = AXIS2_PLACEMENT_3D('',#2944,#2945,#2946);
#2944 = CARTESIAN_POINT('',(20.,-13.43502884254,13.435028792544));
#2945 = DIRECTION('',(1.,0.,1.110223024625E-16));
#2946 = DIRECTION('',(1.232595164408E-32,1.,-1.110223024625E-16));
#2947 = PCURVE('',#2914,#2948);
#2948 = DEFINITIONAL_REPRESENTATION('',(#2949),#2953);
#2949 = LINE('',#2950,#2951);
#2950 = CARTESIAN_POINT('',(0.,-5.));
#2951 = VECTOR('',#2952,1.);
#2952 = DIRECTION('',(1.,0.));
#2953 = ( GEOMETRIC_REPRESENTATION_CONTEXT(2) 
PARAMETRIC_REPRESENTATION_CONTEXT() REPRESENTATION_CONTEXT('2D SPACE',''
  ) );
#2954 = PCURVE('',#2884,#2955);
#2955 = DEFINITIONAL_REPRESENTATION('',(#2956),#2964);
#2956 = ( BOUNDED_CURVE() B_SPLINE_CURVE(2,(#2957,#2958,#2959,#2960,
#2961,#2962,#2963),.UNSPECIFIED.,.T.,.F.) B_SPLINE_CURVE_WITH_KNOTS((1,2
    ,2,2,2,1),(-2.094395102393,0.,2.094395102393,4.188790204786,
6.28318530718,8.377580409573),.UNSPECIFIED.) CURVE() 
GEOMETRIC_REPRESENTATION_ITEM() RATIONAL_B_SPLINE_CURVE((1.,0.5,1.,0.5,
1.,0.5,1.)) REPRESENTATION_ITEM('') );
#2957 = CARTESIAN_POINT('',(0.,-2.498001805407E-16));
#2958 = CARTESIAN_POINT('',(0.,3.89711431703));
#2959 = CARTESIAN_POINT('',(3.375,1.948557158515));
#2960 = CARTESIAN_POINT('',(6.75,3.012908790756E-16));
#2961 = CARTESIAN_POINT('',(3.375,-1.948557158515));
#2962 = CARTESIAN_POINT('',(3.552713678801E-15,-3.89711431703));
#2963 = CARTESIAN_POINT('',(0.,-2.498001805407E-16));
#2964 = ( GEOMETRIC_REPRESENTATION_CONTEXT(2) 
PARAMETRIC_REPRESENTATION_CONTEXT() REPRESENTATION_CONTEXT('2D SPACE',''
  ) );
#2965 = ORIENTED_EDGE('',*,*,#2966,.F.);
#2966 = EDGE_CURVE('',#2967,#2939,#2969,.T.);
#2967 = VERTEX_POINT('',#2968);
#2968 = CARTESIAN_POINT('',(15.,-15.68502884254,13.435028792544));
#2969 = SURFACE_CURVE('',#2970,(#2974,#2981),.PCURVE_S1.);
#2970 = LINE('',#2971,#2972);
#2971 = CARTESIAN_POINT('',(25.,-15.68502884254,13.435028792544));
#2972 = VECTOR('',#2973,1.);
#2973 = DIRECTION('',(1.,0.,1.110223024625E-16));
#2974 = PCURVE('',#2914,#2975);
#2975 = DEFINITIONAL_REPRESENTATION('',(#2976),#2980);
#2976 = LINE('',#2977,#2978);
#2977 = CARTESIAN_POINT('',(3.14159265359,0.));
#2978 = VECTOR('',#2979,1.);
#2979 = DIRECTION('',(0.,1.));
#2980 = ( GEOMETRIC_REPRESENTATION_CONTEXT(2) 
PARAMETRIC_REPRESENTATION_CONTEXT() REPRESENTATION_CONTEXT('2D SPACE',''
  ) );
#2981 = PCURVE('',#2926,#2982);
#2982 = DEFINITIONAL_REPRESENTATION('',(#2983),#2987);
#2983 = LINE('',#2984,#2985);
#2984 = CARTESIAN_POINT('',(3.14159265359,0.));
#2985 = VECTOR('',#2986,1.);
#2986 = DIRECTION('',(0.,1.));
#2987 = ( GEOMETRIC_REPRESENTATION_CONTEXT(2) 
PARAMETRIC_REPRESENTATION_CONTEXT() REPRESENTATION_CONTEXT('2D SPACE',''
  ) );
#2988 = ORIENTED_EDGE('',*,*,#2989,.T.);
#2989 = EDGE_CURVE('',#2967,#2904,#2990,.T.);
#2990 = SURFACE_CURVE('',#2991,(#2996,#3003),.PCURVE_S1.);
#2991 = CIRCLE('',#2992,2.25);
#2992 = AXIS2_PLACEMENT_3D('',#2993,#2994,#2995);
#2993 = CARTESIAN_POINT('',(15.,-13.43502884254,13.435028792544));
#2994 = DIRECTION('',(1.,0.,1.110223024625E-16));
#2995 = DIRECTION('',(1.232595164408E-32,1.,-1.110223024625E-16));
#2996 = PCURVE('',#2914,#2997);
#2997 = DEFINITIONAL_REPRESENTATION('',(#2998),#3002);
#2998 = LINE('',#2999,#3000);
#2999 = CARTESIAN_POINT('',(0.,-10.));
#3000 = VECTOR('',#3001,1.);
#3001 = DIRECTION('',(1.,0.));
#3002 = ( GEOMETRIC_REPRESENTATION_CONTEXT(2) 
PARAMETRIC_REPRESENTATION_CONTEXT() REPRESENTATION_CONTEXT('2D SPACE',''
  ) );
#3003 = PCURVE('',#242,#3004);
#3004 = DEFINITIONAL_REPRESENTATION('',(#3005),#3009);
#3005 = CIRCLE('',#3006,2.25);
#3006 = AXIS2_PLACEMENT_2D('',#3007,#3008);
#3007 = CARTESIAN_POINT('',(-13.43502884254,13.435028842544));
#3008 = DIRECTION('',(1.,0.));
#3009 = ( GEOMETRIC_REPRESENTATION_CONTEXT(2) 
PARAMETRIC_REPRESENTATION_CONTEXT() REPRESENTATION_CONTEXT('2D SPACE',''
  ) );
#3010 = ADVANCED_FACE('',(#3011,#3198),#102,.T.);
#3011 = FACE_BOUND('',#3012,.T.);
#3012 = EDGE_LOOP('',(#3013,#3197));
#3013 = ORIENTED_EDGE('',*,*,#3014,.F.);
#3014 = EDGE_CURVE('',#1264,#1297,#3015,.T.);
#3015 = SURFACE_CURVE('',#3016,(#3051,#3124),.PCURVE_S1.);
#3016 = B_SPLINE_CURVE_WITH_KNOTS('',3,(#3017,#3018,#3019,#3020,#3021,
    #3022,#3023,#3024,#3025,#3026,#3027,#3028,#3029,#3030,#3031,#3032,
    #3033,#3034,#3035,#3036,#3037,#3038,#3039,#3040,#3041,#3042,#3043,
    #3044,#3045,#3046,#3047,#3048,#3049,#3050),.UNSPECIFIED.,.F.,.F.,(4,
    2,2,2,2,2,2,2,2,2,2,2,2,2,2,2,4),(1.640475366889E-18,
    5.867608585534E-04,1.173521717107E-03,1.76028257566E-03,
    2.347043434214E-03,2.933804292767E-03,3.52056515132E-03,
    4.107326009874E-03,4.694086868427E-03,5.28084772698E-03,
    5.867608585534E-03,6.454369444087E-03,7.041130302641E-03,
    7.627891161194E-03,8.214652019747E-03,8.801412878301E-03,
    9.388173736854E-03),.UNSPECIFIED.);
#3017 = CARTESIAN_POINT('',(23.,4.408344548526E-15,24.49999995));
#3018 = CARTESIAN_POINT('',(23.,0.198417327321,24.49999995));
#3019 = CARTESIAN_POINT('',(22.980509497396,0.393481593171,
    24.497591692936));
#3020 = CARTESIAN_POINT('',(22.904176484975,0.777189534381,
    24.488421814125));
#3021 = CARTESIAN_POINT('',(22.846393580917,0.967836225451,
    24.481551231542));
#3022 = CARTESIAN_POINT('',(22.695714610609,1.331084563402,
    24.464490012029));
#3023 = CARTESIAN_POINT('',(22.603535448497,1.503337742789,
    24.454379243871));
#3024 = CARTESIAN_POINT('',(22.385786494677,1.829328839298,
    24.432155954232));
#3025 = CARTESIAN_POINT('',(22.259169233502,1.983527448267,
    24.419968599935));
#3026 = CARTESIAN_POINT('',(21.982610847589,2.259973670345,
    24.395937501387));
#3027 = CARTESIAN_POINT('',(21.831674895734,2.384087921832,
    24.383975720632));
#3028 = CARTESIAN_POINT('',(21.50374555045,2.603393451284,
    24.361537096485));
#3029 = CARTESIAN_POINT('',(21.329385378015,2.696461725223,
    24.351278460907));
#3030 = CARTESIAN_POINT('',(20.968425958494,2.846106547863,
    24.334242253173));
#3031 = CARTESIAN_POINT('',(20.779149925649,2.903777891226,
    24.327342201746));
#3032 = CARTESIAN_POINT('',(20.391772542994,2.980858084977,
    24.31801779999));
#3033 = CARTESIAN_POINT('',(20.196977653651,2.999927814023,
    24.315641687694));
#3034 = CARTESIAN_POINT('',(19.805227323937,3.000071780816,
    24.315623925445));
#3035 = CARTESIAN_POINT('',(19.606243321983,2.980514448552,
    24.318059609377));
#3036 = CARTESIAN_POINT('',(19.221326496559,2.903821322766,
    24.327336707246));
#3037 = CARTESIAN_POINT('',(19.034222194911,2.84709630441,
    24.334127750009));
#3038 = CARTESIAN_POINT('',(18.67077004495,2.696633431148,
    24.351260724173));
#3039 = CARTESIAN_POINT('',(18.495354804731,2.602731712317,
    24.361602884557));
#3040 = CARTESIAN_POINT('',(18.170497578151,2.385600641011,
    24.383822855544));
#3041 = CARTESIAN_POINT('',(18.01888904314,2.261498746442,
    24.395806057846));
#3042 = CARTESIAN_POINT('',(17.738939514707,1.981611133749,
    24.420134051728));
#3043 = CARTESIAN_POINT('',(17.614967663032,1.830241877564,
    24.43208348747));
#3044 = CARTESIAN_POINT('',(17.397748550759,1.505474002996,
    24.454243739956));
#3045 = CARTESIAN_POINT('',(17.303744265542,1.329983422285,
    24.464549900591));
#3046 = CARTESIAN_POINT('',(17.153234030795,0.966733885683,
    24.481594787403));
#3047 = CARTESIAN_POINT('',(17.096457306679,0.77970414403,24.48834628172
    ));
#3048 = CARTESIAN_POINT('',(17.019635542828,0.394875203809,
    24.49757367043));
#3049 = CARTESIAN_POINT('',(17.,0.195887552425,24.49999995));
#3050 = CARTESIAN_POINT('',(17.,3.087440405947E-15,24.49999995));
#3051 = PCURVE('',#102,#3052);
#3052 = DEFINITIONAL_REPRESENTATION('',(#3053),#3123);
#3053 = B_SPLINE_CURVE_WITH_KNOTS('',3,(#3054,#3055,#3056,#3057,#3058,
    #3059,#3060,#3061,#3062,#3063,#3064,#3065,#3066,#3067,#3068,#3069,
    #3070,#3071,#3072,#3073,#3074,#3075,#3076,#3077,#3078,#3079,#3080,
    #3081,#3082,#3083,#3084,#3085,#3086,#3087,#3088,#3089,#3090,#3091,
    #3092,#3093,#3094,#3095,#3096,#3097,#3098,#3099,#3100,#3101,#3102,
    #3103,#3104,#3105,#3106,#3107,#3108,#3109,#3110,#3111,#3112,#3113,
    #3114,#3115,#3116,#3117,#3118,#3119,#3120,#3121,#3122),
  .UNSPECIFIED.,.F.,.F.,(4,1,1,1,1,1,1,1,1,1,1,1,1,1,1,1,1,1,1,1,1,1,1,1
    ,1,1,1,1,1,1,1,1,1,1,1,1,1,1,1,1,1,1,1,1,1,1,1,1,1,1,1,1,1,1,1,1,1,1
    ,1,1,1,1,1,1,1,1,4),(1.640475366889E-18,1.42245056619E-04,
    2.84490113238E-04,4.26735169857E-04,5.68980226476E-04,
    7.11225283095E-04,8.53470339714E-04,9.95715396333E-04,
    1.137960452952E-03,1.280205509571E-03,1.42245056619E-03,
    1.564695622809E-03,1.706940679428E-03,1.849185736047E-03,
    1.991430792666E-03,2.133675849285E-03,2.275920905904E-03,
    2.418165962523E-03,2.560411019142E-03,2.702656075761E-03,
    2.84490113238E-03,2.987146188999E-03,3.129391245618E-03,
    3.271636302237E-03,3.413881358856E-03,3.556126415475E-03,
    3.698371472094E-03,3.840616528713E-03,3.982861585332E-03,
    4.125106641951E-03,4.26735169857E-03,4.409596755189E-03,
    4.551841811808E-03,4.694086868427E-03,4.836331925046E-03,
    4.978576981665E-03,5.120822038284E-03,5.263067094903E-03,
    5.405312151522E-03,5.547557208141E-03,5.68980226476E-03,
    5.832047321379E-03,5.974292377998E-03,6.116537434617E-03,
    6.258782491236E-03,6.401027547855E-03,6.543272604474E-03,
    6.685517661093E-03,6.827762717712E-03,6.970007774331E-03,
    7.11225283095E-03,7.254497887569E-03,7.396742944188E-03,
    7.538988000807E-03,7.681233057426E-03,7.823478114045E-03,
    7.965723170664E-03,8.107968227283E-03,8.250213283902E-03,
    8.392458340521E-03,8.53470339714E-03,8.676948453759E-03,
    8.819193510378E-03,8.961438566997E-03,9.103683623616E-03,
    9.245928680235E-03,9.388173736854E-03),.UNSPECIFIED.);
#3054 = CARTESIAN_POINT('',(1.570796326795,8.));
#3055 = CARTESIAN_POINT('',(1.568833014494,8.));
#3056 = CARTESIAN_POINT('',(1.56492243881,7.997708745339));
#3057 = CARTESIAN_POINT('',(1.559104345394,7.98747096473));
#3058 = CARTESIAN_POINT('',(1.553332399366,7.970492192451));
#3059 = CARTESIAN_POINT('',(1.5476093393,7.946877689899));
#3060 = CARTESIAN_POINT('',(1.541921761171,7.916564259099));
#3061 = CARTESIAN_POINT('',(1.536268856055,7.879426858961));
#3062 = CARTESIAN_POINT('',(1.530685116274,7.835721970115));
#3063 = CARTESIAN_POINT('',(1.525194857666,7.785589434516));
#3064 = CARTESIAN_POINT('',(1.519829297909,7.729269878726));
#3065 = CARTESIAN_POINT('',(1.514599156329,7.667074939886));
#3066 = CARTESIAN_POINT('',(1.509501195392,7.598946382356));
#3067 = CARTESIAN_POINT('',(1.504536445948,7.524929511594));
#3068 = CARTESIAN_POINT('',(1.499701566425,7.444975384416));
#3069 = CARTESIAN_POINT('',(1.495004958459,7.358999566169));
#3070 = CARTESIAN_POINT('',(1.49047556053,7.267641182937));
#3071 = CARTESIAN_POINT('',(1.486136225448,7.171364436564));
#3072 = CARTESIAN_POINT('',(1.482017922858,7.070792248056));
#3073 = CARTESIAN_POINT('',(1.478102183173,6.965755540551));
#3074 = CARTESIAN_POINT('',(1.474390673886,6.856193169905));
#3075 = CARTESIAN_POINT('',(1.470886293394,6.742133867115));
#3076 = CARTESIAN_POINT('',(1.467584179007,6.623333073989));
#3077 = CARTESIAN_POINT('',(1.464522581875,6.500962185096));
#3078 = CARTESIAN_POINT('',(1.461708467995,6.375450702621));
#3079 = CARTESIAN_POINT('',(1.459146724819,6.247093460353));
#3080 = CARTESIAN_POINT('',(1.456847031454,6.116474751711));
#3081 = CARTESIAN_POINT('',(1.454799090827,5.982978866279));
#3082 = CARTESIAN_POINT('',(1.45300732113,5.846801526768));
#3083 = CARTESIAN_POINT('',(1.451479769205,5.708427241458));
#3084 = CARTESIAN_POINT('',(1.45022247603,5.567970625447));
#3085 = CARTESIAN_POINT('',(1.449246119127,5.426791005659));
#3086 = CARTESIAN_POINT('',(1.448550299646,5.28531949372));
#3087 = CARTESIAN_POINT('',(1.448133477746,5.143413125815));
#3088 = CARTESIAN_POINT('',(1.44799259344,5.001225941166));
#3089 = CARTESIAN_POINT('',(1.448131812662,4.858298042285));
#3090 = CARTESIAN_POINT('',(1.448553983023,4.715003722155));
#3091 = CARTESIAN_POINT('',(1.449254357714,4.572279900763));
#3092 = CARTESIAN_POINT('',(1.450231004449,4.430946079043));
#3093 = CARTESIAN_POINT('',(1.451478331554,4.29172880714));
#3094 = CARTESIAN_POINT('',(1.452991101111,4.154344704349));
#3095 = CARTESIAN_POINT('',(1.454771129279,4.018867662824));
#3096 = CARTESIAN_POINT('',(1.456817853566,3.885280104737));
#3097 = CARTESIAN_POINT('',(1.459133486161,3.753590818086));
#3098 = CARTESIAN_POINT('',(1.461709350956,3.624589418039));
#3099 = CARTESIAN_POINT('',(1.464529762301,3.49880527149));
#3100 = CARTESIAN_POINT('',(1.467581222562,3.376808068872));
#3101 = CARTESIAN_POINT('',(1.470847888245,3.259213679144));
#3102 = CARTESIAN_POINT('',(1.474339683868,3.145395324412));
#3103 = CARTESIAN_POINT('',(1.478056769919,3.035518792119));
#3104 = CARTESIAN_POINT('',(1.481998323229,2.929669180504));
#3105 = CARTESIAN_POINT('',(1.486172790797,2.827757650078));
#3106 = CARTESIAN_POINT('',(1.490504460727,2.731611737151));
#3107 = CARTESIAN_POINT('',(1.494998658814,2.640987373991));
#3108 = CARTESIAN_POINT('',(1.499653029666,2.555875739649));
#3109 = CARTESIAN_POINT('',(1.504462574965,2.476227614747));
#3110 = CARTESIAN_POINT('',(1.509452170778,2.401829079667));
#3111 = CARTESIAN_POINT('',(1.514595270473,2.33307877896));
#3112 = CARTESIAN_POINT('',(1.519867822248,2.2703087765));
#3113 = CARTESIAN_POINT('',(1.52524641626,2.213917566904));
#3114 = CARTESIAN_POINT('',(1.530701137901,2.164080914834));
#3115 = CARTESIAN_POINT('',(1.536232362669,2.120735211745));
#3116 = CARTESIAN_POINT('',(1.541840784271,2.083893778674));
#3117 = CARTESIAN_POINT('',(1.547523558846,2.053509212853));
#3118 = CARTESIAN_POINT('',(1.553292494789,2.029707008095));
#3119 = CARTESIAN_POINT('',(1.559118424879,2.012620720849));
#3120 = CARTESIAN_POINT('',(1.564966596969,2.002307779925));
#3121 = CARTESIAN_POINT('',(1.568858046748,2.));
#3122 = CARTESIAN_POINT('',(1.570796326795,2.));
#3123 = ( GEOMETRIC_REPRESENTATION_CONTEXT(2) 
PARAMETRIC_REPRESENTATION_CONTEXT() REPRESENTATION_CONTEXT('2D SPACE',''
  ) );
#3124 = PCURVE('',#1284,#3125);
#3125 = DEFINITIONAL_REPRESENTATION('',(#3126),#3196);
#3126 = B_SPLINE_CURVE_WITH_KNOTS('',3,(#3127,#3128,#3129,#3130,#3131,
    #3132,#3133,#3134,#3135,#3136,#3137,#3138,#3139,#3140,#3141,#3142,
    #3143,#3144,#3145,#3146,#3147,#3148,#3149,#3150,#3151,#3152,#3153,
    #3154,#3155,#3156,#3157,#3158,#3159,#3160,#3161,#3162,#3163,#3164,
    #3165,#3166,#3167,#3168,#3169,#3170,#3171,#3172,#3173,#3174,#3175,
    #3176,#3177,#3178,#3179,#3180,#3181,#3182,#3183,#3184,#3185,#3186,
    #3187,#3188,#3189,#3190,#3191,#3192,#3193,#3194,#3195),
  .UNSPECIFIED.,.F.,.F.,(4,1,1,1,1,1,1,1,1,1,1,1,1,1,1,1,1,1,1,1,1,1,1,1
    ,1,1,1,1,1,1,1,1,1,1,1,1,1,1,1,1,1,1,1,1,1,1,1,1,1,1,1,1,1,1,1,1,1,1
    ,1,1,1,1,1,1,1,1,4),(1.640475366889E-18,1.42245056619E-04,
    2.84490113238E-04,4.26735169857E-04,5.68980226476E-04,
    7.11225283095E-04,8.53470339714E-04,9.95715396333E-04,
    1.137960452952E-03,1.280205509571E-03,1.42245056619E-03,
    1.564695622809E-03,1.706940679428E-03,1.849185736047E-03,
    1.991430792666E-03,2.133675849285E-03,2.275920905904E-03,
    2.418165962523E-03,2.560411019142E-03,2.702656075761E-03,
    2.84490113238E-03,2.987146188999E-03,3.129391245618E-03,
    3.271636302237E-03,3.413881358856E-03,3.556126415475E-03,
    3.698371472094E-03,3.840616528713E-03,3.982861585332E-03,
    4.125106641951E-03,4.26735169857E-03,4.409596755189E-03,
    4.551841811808E-03,4.694086868427E-03,4.836331925046E-03,
    4.978576981665E-03,5.120822038284E-03,5.263067094903E-03,
    5.405312151522E-03,5.547557208141E-03,5.68980226476E-03,
    5.832047321379E-03,5.974292377998E-03,6.116537434617E-03,
    6.258782491236E-03,6.401027547855E-03,6.543272604474E-03,
    6.685517661093E-03,6.827762717712E-03,6.970007774331E-03,
    7.11225283095E-03,7.254497887569E-03,7.396742944188E-03,
    7.538988000807E-03,7.681233057426E-03,7.823478114045E-03,
    7.965723170664E-03,8.107968227283E-03,8.250213283902E-03,
    8.392458340521E-03,8.53470339714E-03,8.676948453759E-03,
    8.819193510378E-03,8.961438566997E-03,9.103683623616E-03,
    9.245928680235E-03,9.388173736854E-03),.QUASI_UNIFORM_KNOTS.);
#3127 = CARTESIAN_POINT('',(0.,0.));
#3128 = CARTESIAN_POINT('',(1.603364597585E-02,-1.184133236506E-15));
#3129 = CARTESIAN_POINT('',(4.797011456107E-02,-2.831095664449E-04));
#3130 = CARTESIAN_POINT('',(9.559104943226E-02,-1.536898552607E-03));
#3131 = CARTESIAN_POINT('',(0.143048375944,-3.601241622019E-03));
#3132 = CARTESIAN_POINT('',(0.190422152303,-6.451850937905E-03));
#3133 = CARTESIAN_POINT('',(0.23792842959,-1.008567428798E-02));
#3134 = CARTESIAN_POINT('',(0.285689701126,-1.448611800141E-02));
#3135 = CARTESIAN_POINT('',(0.333518481942,-1.958997305791E-02));
#3136 = CARTESIAN_POINT('',(0.381316616899,-2.534765907507E-02));
#3137 = CARTESIAN_POINT('',(0.428926955683,-3.169982967408E-02));
#3138 = CARTESIAN_POINT('',(0.476336501492,-3.856671956198E-02));
#3139 = CARTESIAN_POINT('',(0.523683600668,-4.590590107962E-02));
#3140 = CARTESIAN_POINT('',(0.571061931324,-5.366439549207E-02));
#3141 = CARTESIAN_POINT('',(0.618608890653,-6.179943320093E-02));
#3142 = CARTESIAN_POINT('',(0.66639279734,-7.025493586762E-02));
#3143 = CARTESIAN_POINT('',(0.714206967076,-7.891386766872E-02));
#3144 = CARTESIAN_POINT('',(0.761914342197,-8.767474755317E-02));
#3145 = CARTESIAN_POINT('',(0.809298452679,-9.64206883919E-02));
#3146 = CARTESIAN_POINT('',(0.856614575674,-0.105118059997));
#3147 = CARTESIAN_POINT('',(0.903974554683,-0.113709027944));
#3148 = CARTESIAN_POINT('',(0.951465308435,-0.122130572605));
#3149 = CARTESIAN_POINT('',(0.999284021925,-0.13033937428));
#3150 = CARTESIAN_POINT('',(1.047042429513,-0.138185627171));
#3151 = CARTESIAN_POINT('',(1.094699163356,-0.145600583975));
#3152 = CARTESIAN_POINT('',(1.142256896607,-0.152520787729));
#3153 = CARTESIAN_POINT('',(1.189613647786,-0.158868827745));
#3154 = CARTESIAN_POINT('',(1.237099431695,-0.164626129477));
#3155 = CARTESIAN_POINT('',(1.284748610962,-0.169748649215));
#3156 = CARTESIAN_POINT('',(1.332494403956,-0.174180351476));
#3157 = CARTESIAN_POINT('',(1.380396567121,-0.177871528954));
#3158 = CARTESIAN_POINT('',(1.428103815797,-0.180758446024));
#3159 = CARTESIAN_POINT('',(1.475582969492,-0.182830959943));
#3160 = CARTESIAN_POINT('',(1.522991790224,-0.184081843525));
#3161 = CARTESIAN_POINT('',(1.570387735801,-0.184508530419));
#3162 = CARTESIAN_POINT('',(1.618030249705,-0.184086895384));
#3163 = CARTESIAN_POINT('',(1.665905193465,-0.182820177681));
#3164 = CARTESIAN_POINT('',(1.713805308863,-0.180734107598));
#3165 = CARTESIAN_POINT('',(1.761563785056,-0.177846492092));
#3166 = CARTESIAN_POINT('',(1.809045079092,-0.17418434042));
#3167 = CARTESIAN_POINT('',(1.856440704462,-0.169794323495));
#3168 = CARTESIAN_POINT('',(1.90383734926,-0.164704671543));
#3169 = CARTESIAN_POINT('',(1.951348106346,-0.158949990502));
#3170 = CARTESIAN_POINT('',(1.999083651416,-0.152557014177));
#3171 = CARTESIAN_POINT('',(2.046884759787,-0.145600201492));
#3172 = CARTESIAN_POINT('',(2.094646657347,-0.138168782968));
#3173 = CARTESIAN_POINT('',(2.142256206395,-0.13034744281));
#3174 = CARTESIAN_POINT('',(2.189580589931,-0.122225136568));
#3175 = CARTESIAN_POINT('',(2.23694593831,-0.113828147538));
#3176 = CARTESIAN_POINT('',(2.284415513868,-0.105219608504));
#3177 = CARTESIAN_POINT('',(2.33207280687,-9.646159048964E-02));
#3178 = CARTESIAN_POINT('',(2.380095770576,-8.759781826222E-02));
#3179 = CARTESIAN_POINT('',(2.427726726925,-7.8850617733E-02));
#3180 = CARTESIAN_POINT('',(2.475161656206,-7.025978221589E-02));
#3181 = CARTESIAN_POINT('',(2.522497028327,-6.188459083153E-02));
#3182 = CARTESIAN_POINT('',(2.56981589286,-5.378395259611E-02));
#3183 = CARTESIAN_POINT('',(2.617433570078,-4.598618806342E-02));
#3184 = CARTESIAN_POINT('',(2.665204966089,-3.858087587935E-02));
#3185 = CARTESIAN_POINT('',(2.713009996466,-3.165247288978E-02));
#3186 = CARTESIAN_POINT('',(2.76072761542,-2.529147221897E-02));
#3187 = CARTESIAN_POINT('',(2.808219537297,-1.956764079904E-02));
#3188 = CARTESIAN_POINT('',(2.855601745587,-1.450598323582E-02));
#3189 = CARTESIAN_POINT('',(2.902985783429,-1.014045852531E-02));
#3190 = CARTESIAN_POINT('',(2.950458456364,-6.498382999144E-03));
#3191 = CARTESIAN_POINT('',(2.998211936541,-3.625487967744E-03));
#3192 = CARTESIAN_POINT('',(3.046113169448,-1.548141532228E-03));
#3193 = CARTESIAN_POINT('',(3.09398282632,-2.851664163879E-04));
#3194 = CARTESIAN_POINT('',(3.125763683174,1.973751921493E-15));
#3195 = CARTESIAN_POINT('',(3.14159265359,0.));
#3196 = ( GEOMETRIC_REPRESENTATION_CONTEXT(2) 
PARAMETRIC_REPRESENTATION_CONTEXT() REPRESENTATION_CONTEXT('2D SPACE',''
  ) );
#3197 = ORIENTED_EDGE('',*,*,#1296,.F.);
#3198 = FACE_BOUND('',#3199,.T.);
#3199 = EDGE_LOOP('',(#3200,#3226,#3252,#3253));
#3200 = ORIENTED_EDGE('',*,*,#3201,.T.);
#3201 = EDGE_CURVE('',#3202,#3204,#3206,.T.);
#3202 = VERTEX_POINT('',#3203);
#3203 = CARTESIAN_POINT('',(15.,24.5,-5.000000163902E-08));
#3204 = VERTEX_POINT('',#3205);
#3205 = CARTESIAN_POINT('',(15.,-24.5,-4.999999319854E-08));
#3206 = SURFACE_CURVE('',#3207,(#3212,#3219),.PCURVE_S1.);
#3207 = CIRCLE('',#3208,24.5);
#3208 = AXIS2_PLACEMENT_3D('',#3209,#3210,#3211);
#3209 = CARTESIAN_POINT('',(15.,-5.551115187997E-24,-4.999999891897E-08)
  );
#3210 = DIRECTION('',(1.,0.,1.110223024625E-16));
#3211 = DIRECTION('',(1.232595164408E-32,1.,-1.110223024625E-16));
#3212 = PCURVE('',#102,#3213);
#3213 = DEFINITIONAL_REPRESENTATION('',(#3214),#3218);
#3214 = LINE('',#3215,#3216);
#3215 = CARTESIAN_POINT('',(0.,0.));
#3216 = VECTOR('',#3217,1.);
#3217 = DIRECTION('',(1.,0.));
#3218 = ( GEOMETRIC_REPRESENTATION_CONTEXT(2) 
PARAMETRIC_REPRESENTATION_CONTEXT() REPRESENTATION_CONTEXT('2D SPACE',''
  ) );
#3219 = PCURVE('',#242,#3220);
#3220 = DEFINITIONAL_REPRESENTATION('',(#3221),#3225);
#3221 = CIRCLE('',#3222,24.5);
#3222 = AXIS2_PLACEMENT_2D('',#3223,#3224);
#3223 = CARTESIAN_POINT('',(0.,0.));
#3224 = DIRECTION('',(1.,0.));
#3225 = ( GEOMETRIC_REPRESENTATION_CONTEXT(2) 
PARAMETRIC_REPRESENTATION_CONTEXT() REPRESENTATION_CONTEXT('2D SPACE',''
  ) );
#3226 = ORIENTED_EDGE('',*,*,#3227,.T.);
#3227 = EDGE_CURVE('',#3204,#86,#3228,.T.);
#3228 = SURFACE_CURVE('',#3229,(#3233,#3240),.PCURVE_S1.);
#3229 = LINE('',#3230,#3231);
#3230 = CARTESIAN_POINT('',(15.,-24.5,-4.999999319854E-08));
#3231 = VECTOR('',#3232,1.);
#3232 = DIRECTION('',(1.,0.,1.110223024625E-16));
#3233 = PCURVE('',#102,#3234);
#3234 = DEFINITIONAL_REPRESENTATION('',(#3235),#3239);
#3235 = LINE('',#3236,#3237);
#3236 = CARTESIAN_POINT('',(3.14159265359,0.));
#3237 = VECTOR('',#3238,1.);
#3238 = DIRECTION('',(0.,1.));
#3239 = ( GEOMETRIC_REPRESENTATION_CONTEXT(2) 
PARAMETRIC_REPRESENTATION_CONTEXT() REPRESENTATION_CONTEXT('2D SPACE',''
  ) );
#3240 = PCURVE('',#3241,#3246);
#3241 = CYLINDRICAL_SURFACE('',#3242,24.5);
#3242 = AXIS2_PLACEMENT_3D('',#3243,#3244,#3245);
#3243 = CARTESIAN_POINT('',(15.,-5.551115187997E-24,-4.999999891897E-08)
  );
#3244 = DIRECTION('',(1.,0.,1.110223024625E-16));
#3245 = DIRECTION('',(1.232595164408E-32,1.,-1.110223024625E-16));
#3246 = DEFINITIONAL_REPRESENTATION('',(#3247),#3251);
#3247 = LINE('',#3248,#3249);
#3248 = CARTESIAN_POINT('',(3.14159265359,0.));
#3249 = VECTOR('',#3250,1.);
#3250 = DIRECTION('',(0.,1.));
#3251 = ( GEOMETRIC_REPRESENTATION_CONTEXT(2) 
PARAMETRIC_REPRESENTATION_CONTEXT() REPRESENTATION_CONTEXT('2D SPACE',''
  ) );
#3252 = ORIENTED_EDGE('',*,*,#85,.T.);
#3253 = ORIENTED_EDGE('',*,*,#3254,.F.);
#3254 = EDGE_CURVE('',#3202,#58,#3255,.T.);
#3255 = SURFACE_CURVE('',#3256,(#3260,#3267),.PCURVE_S1.);
#3256 = LINE('',#3257,#3258);
#3257 = CARTESIAN_POINT('',(15.,24.5,-5.000000163902E-08));
#3258 = VECTOR('',#3259,1.);
#3259 = DIRECTION('',(1.,0.,1.110223024625E-16));
#3260 = PCURVE('',#102,#3261);
#3261 = DEFINITIONAL_REPRESENTATION('',(#3262),#3266);
#3262 = LINE('',#3263,#3264);
#3263 = CARTESIAN_POINT('',(0.,0.));
#3264 = VECTOR('',#3265,1.);
#3265 = DIRECTION('',(0.,1.));
#3266 = ( GEOMETRIC_REPRESENTATION_CONTEXT(2) 
PARAMETRIC_REPRESENTATION_CONTEXT() REPRESENTATION_CONTEXT('2D SPACE',''
  ) );
#3267 = PCURVE('',#3241,#3268);
#3268 = DEFINITIONAL_REPRESENTATION('',(#3269),#3273);
#3269 = LINE('',#3270,#3271);
#3270 = CARTESIAN_POINT('',(6.28318530718,0.));
#3271 = VECTOR('',#3272,1.);
#3272 = DIRECTION('',(0.,1.));
#3273 = ( GEOMETRIC_REPRESENTATION_CONTEXT(2) 
PARAMETRIC_REPRESENTATION_CONTEXT() REPRESENTATION_CONTEXT('2D SPACE',''
  ) );
#3274 = ADVANCED_FACE('',(#3275),#1757,.F.);
#3275 = FACE_BOUND('',#3276,.F.);
#3276 = EDGE_LOOP('',(#3277,#3298,#3299,#3320));
#3277 = ORIENTED_EDGE('',*,*,#3278,.T.);
#3278 = EDGE_CURVE('',#1943,#1651,#3279,.T.);
#3279 = SURFACE_CURVE('',#3280,(#3284,#3291),.PCURVE_S1.);
#3280 = LINE('',#3281,#3282);
#3281 = CARTESIAN_POINT('',(25.,-10.,-4.999999669852E-08));
#3282 = VECTOR('',#3283,1.);
#3283 = DIRECTION('',(-1.,0.,-1.110223024625E-16));
#3284 = PCURVE('',#1757,#3285);
#3285 = DEFINITIONAL_REPRESENTATION('',(#3286),#3290);
#3286 = LINE('',#3287,#3288);
#3287 = CARTESIAN_POINT('',(6.28318530718,0.));
#3288 = VECTOR('',#3289,1.);
#3289 = DIRECTION('',(0.,1.));
#3290 = ( GEOMETRIC_REPRESENTATION_CONTEXT(2) 
PARAMETRIC_REPRESENTATION_CONTEXT() REPRESENTATION_CONTEXT('2D SPACE',''
  ) );
#3291 = PCURVE('',#1864,#3292);
#3292 = DEFINITIONAL_REPRESENTATION('',(#3293),#3297);
#3293 = LINE('',#3294,#3295);
#3294 = CARTESIAN_POINT('',(0.,0.));
#3295 = VECTOR('',#3296,1.);
#3296 = DIRECTION('',(0.,1.));
#3297 = ( GEOMETRIC_REPRESENTATION_CONTEXT(2) 
PARAMETRIC_REPRESENTATION_CONTEXT() REPRESENTATION_CONTEXT('2D SPACE',''
  ) );
#3298 = ORIENTED_EDGE('',*,*,#1742,.F.);
#3299 = ORIENTED_EDGE('',*,*,#3300,.F.);
#3300 = EDGE_CURVE('',#1880,#1715,#3301,.T.);
#3301 = SURFACE_CURVE('',#3302,(#3306,#3313),.PCURVE_S1.);
#3302 = LINE('',#3303,#3304);
#3303 = CARTESIAN_POINT('',(25.,10.,-4.999999769432E-08));
#3304 = VECTOR('',#3305,1.);
#3305 = DIRECTION('',(-1.,0.,-1.110223024625E-16));
#3306 = PCURVE('',#1757,#3307);
#3307 = DEFINITIONAL_REPRESENTATION('',(#3308),#3312);
#3308 = LINE('',#3309,#3310);
#3309 = CARTESIAN_POINT('',(3.14159265359,0.));
#3310 = VECTOR('',#3311,1.);
#3311 = DIRECTION('',(0.,1.));
#3312 = ( GEOMETRIC_REPRESENTATION_CONTEXT(2) 
PARAMETRIC_REPRESENTATION_CONTEXT() REPRESENTATION_CONTEXT('2D SPACE',''
  ) );
#3313 = PCURVE('',#2091,#3314);
#3314 = DEFINITIONAL_REPRESENTATION('',(#3315),#3319);
#3315 = LINE('',#3316,#3317);
#3316 = CARTESIAN_POINT('',(3.14159265359,0.));
#3317 = VECTOR('',#3318,1.);
#3318 = DIRECTION('',(0.,1.));
#3319 = ( GEOMETRIC_REPRESENTATION_CONTEXT(2) 
PARAMETRIC_REPRESENTATION_CONTEXT() REPRESENTATION_CONTEXT('2D SPACE',''
  ) );
#3320 = ORIENTED_EDGE('',*,*,#1970,.F.);
#3321 = ADVANCED_FACE('',(#3322),#1864,.F.);
#3322 = FACE_BOUND('',#3323,.F.);
#3323 = EDGE_LOOP('',(#3324,#3347,#3348,#3349));
#3324 = ORIENTED_EDGE('',*,*,#3325,.T.);
#3325 = EDGE_CURVE('',#3326,#1773,#3328,.T.);
#3326 = VERTEX_POINT('',#3327);
#3327 = CARTESIAN_POINT('',(24.5,-3.,9.539391964169));
#3328 = SURFACE_CURVE('',#3329,(#3333,#3340),.PCURVE_S1.);
#3329 = LINE('',#3330,#3331);
#3330 = CARTESIAN_POINT('',(25.,-3.,9.539391964169));
#3331 = VECTOR('',#3332,1.);
#3332 = DIRECTION('',(-1.,0.,-1.110223024625E-16));
#3333 = PCURVE('',#1864,#3334);
#3334 = DEFINITIONAL_REPRESENTATION('',(#3335),#3339);
#3335 = LINE('',#3336,#3337);
#3336 = CARTESIAN_POINT('',(1.266103672779,0.));
#3337 = VECTOR('',#3338,1.);
#3338 = DIRECTION('',(0.,1.));
#3339 = ( GEOMETRIC_REPRESENTATION_CONTEXT(2) 
PARAMETRIC_REPRESENTATION_CONTEXT() REPRESENTATION_CONTEXT('2D SPACE',''
  ) );
#3340 = PCURVE('',#1813,#3341);
#3341 = DEFINITIONAL_REPRESENTATION('',(#3342),#3346);
#3342 = LINE('',#3343,#3344);
#3343 = CARTESIAN_POINT('',(0.,0.));
#3344 = VECTOR('',#3345,1.);
#3345 = DIRECTION('',(-1.,0.));
#3346 = ( GEOMETRIC_REPRESENTATION_CONTEXT(2) 
PARAMETRIC_REPRESENTATION_CONTEXT() REPRESENTATION_CONTEXT('2D SPACE',''
  ) );
#3347 = ORIENTED_EDGE('',*,*,#1849,.F.);
#3348 = ORIENTED_EDGE('',*,*,#3278,.F.);
#3349 = ORIENTED_EDGE('',*,*,#3350,.F.);
#3350 = EDGE_CURVE('',#3326,#1943,#3351,.T.);
#3351 = SURFACE_CURVE('',#3352,(#3357,#3364),.PCURVE_S1.);
#3352 = CIRCLE('',#3353,10.);
#3353 = AXIS2_PLACEMENT_3D('',#3354,#3355,#3356);
#3354 = CARTESIAN_POINT('',(24.5,-5.551115187997E-24,-4.999999786426E-08
    ));
#3355 = DIRECTION('',(1.,0.,1.110223024625E-16));
#3356 = DIRECTION('',(1.232595164408E-32,1.,-1.110223024625E-16));
#3357 = PCURVE('',#1864,#3358);
#3358 = DEFINITIONAL_REPRESENTATION('',(#3359),#3363);
#3359 = LINE('',#3360,#3361);
#3360 = CARTESIAN_POINT('',(3.14159265359,0.5));
#3361 = VECTOR('',#3362,1.);
#3362 = DIRECTION('',(-1.,0.));
#3363 = ( GEOMETRIC_REPRESENTATION_CONTEXT(2) 
PARAMETRIC_REPRESENTATION_CONTEXT() REPRESENTATION_CONTEXT('2D SPACE',''
  ) );
#3364 = PCURVE('',#1958,#3365);
#3365 = DEFINITIONAL_REPRESENTATION('',(#3366),#3370);
#3366 = LINE('',#3367,#3368);
#3367 = CARTESIAN_POINT('',(0.,-2.203843854494E-15));
#3368 = VECTOR('',#3369,1.);
#3369 = DIRECTION('',(1.,7.015052864907E-16));
#3370 = ( GEOMETRIC_REPRESENTATION_CONTEXT(2) 
PARAMETRIC_REPRESENTATION_CONTEXT() REPRESENTATION_CONTEXT('2D SPACE',''
  ) );
#3371 = ADVANCED_FACE('',(#3372,#3557),#161,.T.);
#3372 = FACE_BOUND('',#3373,.T.);
#3373 = EDGE_LOOP('',(#3374,#3375));
#3374 = ORIENTED_EDGE('',*,*,#1054,.T.);
#3375 = ORIENTED_EDGE('',*,*,#3376,.T.);
#3376 = EDGE_CURVE('',#1055,#1027,#3377,.T.);
#3377 = SURFACE_CURVE('',#3378,(#3411,#3484),.PCURVE_S1.);
#3378 = B_SPLINE_CURVE_WITH_KNOTS('',3,(#3379,#3380,#3381,#3382,#3383,
    #3384,#3385,#3386,#3387,#3388,#3389,#3390,#3391,#3392,#3393,#3394,
    #3395,#3396,#3397,#3398,#3399,#3400,#3401,#3402,#3403,#3404,#3405,
    #3406,#3407,#3408,#3409,#3410),.UNSPECIFIED.,.F.,.F.,(4,2,2,2,2,2,2,
    2,2,2,2,2,2,2,2,4),(2.755447224223E-03,3.428076589841E-03,
    4.100705955458E-03,4.773335321076E-03,5.445964686694E-03,
    6.118594052312E-03,6.791223417929E-03,8.136482149165E-03,
    8.809111514782E-03,9.4817408804E-03,1.015437024602E-02,
    1.082699961164E-02,1.149962897725E-02,1.217225834287E-02,
    1.284488770849E-02,1.351751707411E-02),.UNSPECIFIED.);
#3379 = CARTESIAN_POINT('',(-23.6,2.106194700051E-15,14.99999995));
#3380 = CARTESIAN_POINT('',(-23.6,0.223576900024,14.99999995));
#3381 = CARTESIAN_POINT('',(-23.57347504155,0.450909059839,
    14.994817419242));
#3382 = CARTESIAN_POINT('',(-23.47049899643,0.888056896014,
    14.975287088001));
#3383 = CARTESIAN_POINT('',(-23.39485782786,1.098649433181,
    14.961097602865));
#3384 = CARTESIAN_POINT('',(-23.1966186414,1.504414431677,
    14.925756573145));
#3385 = CARTESIAN_POINT('',(-23.07647506899,1.694171458105,
    14.905070478808));
#3386 = CARTESIAN_POINT('',(-22.80060486831,2.045496589554,
    14.860931552706));
#3387 = CARTESIAN_POINT('',(-22.64277103097,2.208936406518,
    14.837188703232));
#3388 = CARTESIAN_POINT('',(-22.3029796482,2.499032411238,
    14.791092105573));
#3389 = CARTESIAN_POINT('',(-22.12035272722,2.627089753892,
    14.768592070317));
#3390 = CARTESIAN_POINT('',(-21.73032376852,2.850546836707,
    14.727093910555));
#3391 = CARTESIAN_POINT('',(-21.52505080841,2.94435682341,
    14.708385236712));
#3392 = CARTESIAN_POINT('',(-20.89403879376,3.168825361262,
    14.662260526512));
#3393 = CARTESIAN_POINT('',(-20.44141720051,3.245456201351,
    14.644692314829));
#3394 = CARTESIAN_POINT('',(-19.7709219305,3.244512372939,14.64490143706
    ));
#3395 = CARTESIAN_POINT('',(-19.54575367558,3.225199296663,
    14.64922007544));
#3396 = CARTESIAN_POINT('',(-19.10123643386,3.147989256961,
    14.666005692016));
#3397 = CARTESIAN_POINT('',(-18.88528009987,3.090947847536,
    14.678281331772));
#3398 = CARTESIAN_POINT('',(-18.46573510846,2.940424410396,
    14.70917420301));
#3399 = CARTESIAN_POINT('',(-18.26041636698,2.845926249193,
    14.727990253135));
#3400 = CARTESIAN_POINT('',(-17.87158900632,2.621757204461,
    14.769542385226));
#3401 = CARTESIAN_POINT('',(-17.68997553936,2.493641196295,
    14.791997312047));
#3402 = CARTESIAN_POINT('',(-17.35273861148,2.20445783317,
    14.837850132437));
#3403 = CARTESIAN_POINT('',(-17.19543844254,2.041142874588,
    14.861537338396));
#3404 = CARTESIAN_POINT('',(-16.91971066867,1.688609180783,
    14.905708816597));
#3405 = CARTESIAN_POINT('',(-16.80141108742,1.500620233441,
    14.926104667097));
#3406 = CARTESIAN_POINT('',(-16.60583415314,1.099825604771,
    14.96097741639));
#3407 = CARTESIAN_POINT('',(-16.52833154317,0.884177106932,
    14.97550697077));
#3408 = CARTESIAN_POINT('',(-16.42618200687,0.448352305877,
    14.994884407554));
#3409 = CARTESIAN_POINT('',(-16.4,0.226337956592,14.99999995));
#3410 = CARTESIAN_POINT('',(-16.4,1.664964983601E-15,14.99999995));
#3411 = PCURVE('',#161,#3412);
#3412 = DEFINITIONAL_REPRESENTATION('',(#3413),#3483);
#3413 = B_SPLINE_CURVE_WITH_KNOTS('',3,(#3414,#3415,#3416,#3417,#3418,
    #3419,#3420,#3421,#3422,#3423,#3424,#3425,#3426,#3427,#3428,#3429,
    #3430,#3431,#3432,#3433,#3434,#3435,#3436,#3437,#3438,#3439,#3440,
    #3441,#3442,#3443,#3444,#3445,#3446,#3447,#3448,#3449,#3450,#3451,
    #3452,#3453,#3454,#3455,#3456,#3457,#3458,#3459,#3460,#3461,#3462,
    #3463,#3464,#3465,#3466,#3467,#3468,#3469,#3470,#3471,#3472,#3473,
    #3474,#3475,#3476,#3477,#3478,#3479,#3480,#3481,#3482),
  .UNSPECIFIED.,.F.,.F.,(4,1,1,1,1,1,1,1,1,1,1,1,1,1,1,1,1,1,1,1,1,1,1,1
    ,1,1,1,1,1,1,1,1,1,1,1,1,1,1,1,1,1,1,1,1,1,1,1,1,1,1,1,1,1,1,1,1,1,1
    ,1,1,1,1,1,1,1,1,4),(2.755447224223E-03,2.918508888615E-03,
    3.081570553007E-03,3.2446322174E-03,3.407693881792E-03,
    3.570755546184E-03,3.733817210576E-03,3.896878874968E-03,
    4.05994053936E-03,4.223002203753E-03,4.386063868145E-03,
    4.549125532537E-03,4.712187196929E-03,4.875248861321E-03,
    5.038310525713E-03,5.201372190106E-03,5.364433854498E-03,
    5.52749551889E-03,5.690557183282E-03,5.853618847674E-03,
    6.016680512066E-03,6.179742176459E-03,6.342803840851E-03,
    6.505865505243E-03,6.668927169635E-03,6.831988834027E-03,
    6.99505049842E-03,7.158112162812E-03,7.321173827204E-03,
    7.484235491596E-03,7.647297155988E-03,7.81035882038E-03,
    7.973420484773E-03,8.136482149165E-03,8.299543813557E-03,
    8.462605477949E-03,8.625667142341E-03,8.788728806733E-03,
    8.951790471126E-03,9.114852135518E-03,9.27791379991E-03,
    9.440975464302E-03,9.604037128694E-03,9.767098793086E-03,
    9.930160457479E-03,1.009322212187E-02,1.025628378626E-02,
    1.041934545066E-02,1.058240711505E-02,1.074546877944E-02,
    1.090853044383E-02,1.107159210822E-02,1.123465377262E-02,
    1.139771543701E-02,1.15607771014E-02,1.172383876579E-02,
    1.188690043018E-02,1.204996209458E-02,1.221302375897E-02,
    1.237608542336E-02,1.253914708775E-02,1.270220875215E-02,
    1.286527041654E-02,1.302833208093E-02,1.319139374532E-02,
    1.335445540971E-02,1.351751707411E-02),.UNSPECIFIED.);
#3414 = CARTESIAN_POINT('',(1.570796326795,48.6));
#3415 = CARTESIAN_POINT('',(1.574409681545,48.6));
#3416 = CARTESIAN_POINT('',(1.581665860539,48.596882592001));
#3417 = CARTESIAN_POINT('',(1.592568366454,48.582984983123));
#3418 = CARTESIAN_POINT('',(1.603419179831,48.560007757218));
#3419 = CARTESIAN_POINT('',(1.614147526859,48.528053759574));
#3420 = CARTESIAN_POINT('',(1.624685503375,48.487370820993));
#3421 = CARTESIAN_POINT('',(1.635044889488,48.43827102588));
#3422 = CARTESIAN_POINT('',(1.645224299974,48.380755996802));
#3423 = CARTESIAN_POINT('',(1.655232243609,48.314866757229));
#3424 = CARTESIAN_POINT('',(1.665049442854,48.240783653669));
#3425 = CARTESIAN_POINT('',(1.674538454798,48.159643075749));
#3426 = CARTESIAN_POINT('',(1.683722946301,48.071530350568));
#3427 = CARTESIAN_POINT('',(1.692588506108,47.976784557601));
#3428 = CARTESIAN_POINT('',(1.701134798019,47.875621968238));
#3429 = CARTESIAN_POINT('',(1.709387180973,47.767721680118));
#3430 = CARTESIAN_POINT('',(1.71729807484,47.653935600489));
#3431 = CARTESIAN_POINT('',(1.724836250353,47.534862295569));
#3432 = CARTESIAN_POINT('',(1.731956808661,47.41127511147));
#3433 = CARTESIAN_POINT('',(1.73868219418,47.283244523105));
#3434 = CARTESIAN_POINT('',(1.745015968786,47.15075102827));
#3435 = CARTESIAN_POINT('',(1.750958737073,47.013881471772));
#3436 = CARTESIAN_POINT('',(1.756521386467,46.87248424471));
#3437 = CARTESIAN_POINT('',(1.761659524105,46.72759379351));
#3438 = CARTESIAN_POINT('',(1.766364336132,46.579720475903));
#3439 = CARTESIAN_POINT('',(1.770629991889,46.429231013514));
#3440 = CARTESIAN_POINT('',(1.774444929883,46.276812204741));
#3441 = CARTESIAN_POINT('',(1.777820453753,46.121820299009));
#3442 = CARTESIAN_POINT('',(1.780756265825,45.964475758224));
#3443 = CARTESIAN_POINT('',(1.783247887674,45.805228314152));
#3444 = CARTESIAN_POINT('',(1.785291942336,45.644467379681));
#3445 = CARTESIAN_POINT('',(1.786884774125,45.482594373362));
#3446 = CARTESIAN_POINT('',(1.788022666692,45.320023009961));
#3447 = CARTESIAN_POINT('',(1.788702345125,45.157105813727));
#3448 = CARTESIAN_POINT('',(1.788918759112,44.994427774759));
#3449 = CARTESIAN_POINT('',(1.788673474247,44.831705210272));
#3450 = CARTESIAN_POINT('',(1.787970107355,44.668632692632));
#3451 = CARTESIAN_POINT('',(1.786806398108,44.505820443107));
#3452 = CARTESIAN_POINT('',(1.785179256212,44.343481801059));
#3453 = CARTESIAN_POINT('',(1.783094768424,44.182501984568));
#3454 = CARTESIAN_POINT('',(1.780572799857,44.023954312245));
#3455 = CARTESIAN_POINT('',(1.777610536829,43.867542982395));
#3456 = CARTESIAN_POINT('',(1.774212544597,43.713373992463));
#3457 = CARTESIAN_POINT('',(1.770375463083,43.561258402374));
#3458 = CARTESIAN_POINT('',(1.766082767645,43.4109926773));
#3459 = CARTESIAN_POINT('',(1.761351329916,43.263301716665));
#3460 = CARTESIAN_POINT('',(1.756189779198,43.1186751565));
#3461 = CARTESIAN_POINT('',(1.750610682978,42.977738412911));
#3462 = CARTESIAN_POINT('',(1.744659361492,42.841461593232));
#3463 = CARTESIAN_POINT('',(1.738326338101,42.709689019292));
#3464 = CARTESIAN_POINT('',(1.731611531251,42.582483330744));
#3465 = CARTESIAN_POINT('',(1.724515226777,42.459849554295));
#3466 = CARTESIAN_POINT('',(1.71699086121,42.341446085961));
#3467 = CARTESIAN_POINT('',(1.709082110581,42.228105554948));
#3468 = CARTESIAN_POINT('',(1.700821036762,42.120474655053));
#3469 = CARTESIAN_POINT('',(1.692239602663,42.019297677688));
#3470 = CARTESIAN_POINT('',(1.683391149993,41.925101177194));
#3471 = CARTESIAN_POINT('',(1.674268965431,41.837900638822));
#3472 = CARTESIAN_POINT('',(1.664867181962,41.757795746784));
#3473 = CARTESIAN_POINT('',(1.65519273765,41.684857894715));
#3474 = CARTESIAN_POINT('',(1.645188383073,41.619179485634));
#3475 = CARTESIAN_POINT('',(1.634924653016,41.561324046593));
#3476 = CARTESIAN_POINT('',(1.624473097619,41.511773883973));
#3477 = CARTESIAN_POINT('',(1.61391839138,41.471186454208));
#3478 = CARTESIAN_POINT('',(1.603288678915,41.439573650753));
#3479 = CARTESIAN_POINT('',(1.592560266752,41.416813329443));
#3480 = CARTESIAN_POINT('',(1.581736470933,41.403078037286));
#3481 = CARTESIAN_POINT('',(1.574454308538,41.4));
#3482 = CARTESIAN_POINT('',(1.570796326795,41.4));
#3483 = ( GEOMETRIC_REPRESENTATION_CONTEXT(2) 
PARAMETRIC_REPRESENTATION_CONTEXT() REPRESENTATION_CONTEXT('2D SPACE',''
  ) );
#3484 = PCURVE('',#1042,#3485);
#3485 = DEFINITIONAL_REPRESENTATION('',(#3486),#3556);
#3486 = B_SPLINE_CURVE_WITH_KNOTS('',3,(#3487,#3488,#3489,#3490,#3491,
    #3492,#3493,#3494,#3495,#3496,#3497,#3498,#3499,#3500,#3501,#3502,
    #3503,#3504,#3505,#3506,#3507,#3508,#3509,#3510,#3511,#3512,#3513,
    #3514,#3515,#3516,#3517,#3518,#3519,#3520,#3521,#3522,#3523,#3524,
    #3525,#3526,#3527,#3528,#3529,#3530,#3531,#3532,#3533,#3534,#3535,
    #3536,#3537,#3538,#3539,#3540,#3541,#3542,#3543,#3544,#3545,#3546,
    #3547,#3548,#3549,#3550,#3551,#3552,#3553,#3554,#3555),
  .UNSPECIFIED.,.F.,.F.,(4,1,1,1,1,1,1,1,1,1,1,1,1,1,1,1,1,1,1,1,1,1,1,1
    ,1,1,1,1,1,1,1,1,1,1,1,1,1,1,1,1,1,1,1,1,1,1,1,1,1,1,1,1,1,1,1,1,1,1
    ,1,1,1,1,1,1,1,1,4),(2.755447224223E-03,2.918508888615E-03,
    3.081570553007E-03,3.2446322174E-03,3.407693881792E-03,
    3.570755546184E-03,3.733817210576E-03,3.896878874969E-03,
    4.059940539361E-03,4.223002203753E-03,4.386063868145E-03,
    4.549125532537E-03,4.71218719693E-03,4.875248861322E-03,
    5.038310525714E-03,5.201372190106E-03,5.364433854499E-03,
    5.527495518891E-03,5.690557183283E-03,5.853618847675E-03,
    6.016680512068E-03,6.17974217646E-03,6.342803840852E-03,
    6.505865505244E-03,6.668927169636E-03,6.831988834029E-03,
    6.995050498421E-03,7.158112162813E-03,7.321173827205E-03,
    7.484235491598E-03,7.64729715599E-03,7.810358820382E-03,
    7.973420484774E-03,8.136482149166E-03,8.299543813559E-03,
    8.462605477951E-03,8.625667142343E-03,8.788728806735E-03,
    8.951790471128E-03,9.11485213552E-03,9.277913799912E-03,
    9.440975464304E-03,9.604037128697E-03,9.767098793089E-03,
    9.930160457481E-03,1.009322212187E-02,1.025628378627E-02,
    1.041934545066E-02,1.058240711505E-02,1.074546877944E-02,
    1.090853044383E-02,1.107159210823E-02,1.123465377262E-02,
    1.139771543701E-02,1.15607771014E-02,1.17238387658E-02,
    1.188690043019E-02,1.204996209458E-02,1.221302375897E-02,
    1.237608542336E-02,1.253914708776E-02,1.270220875215E-02,
    1.286527041654E-02,1.302833208093E-02,1.319139374533E-02,
    1.335445540972E-02,1.351751707411E-02),.QUASI_UNIFORM_KNOTS.);
#3487 = CARTESIAN_POINT('',(3.14159265359,0.));
#3488 = CARTESIAN_POINT('',(3.126537438554,-5.305187917762E-06));
#3489 = CARTESIAN_POINT('',(3.096302509987,-6.350451037254E-04));
#3490 = CARTESIAN_POINT('',(3.050716900532,-3.35725490434E-03));
#3491 = CARTESIAN_POINT('',(3.00503660771,-7.745818207394E-03));
#3492 = CARTESIAN_POINT('',(2.959406274502,-1.37995906485E-02));
#3493 = CARTESIAN_POINT('',(2.913963014788,-2.149541918046E-02));
#3494 = CARTESIAN_POINT('',(2.868526939728,-3.065314000556E-02));
#3495 = CARTESIAN_POINT('',(2.822957820718,-4.125189561858E-02));
#3496 = CARTESIAN_POINT('',(2.777076004121,-5.319746256656E-02));
#3497 = CARTESIAN_POINT('',(2.730826820159,-6.63422397086E-02));
#3498 = CARTESIAN_POINT('',(2.684729475286,-8.041931490364E-02));
#3499 = CARTESIAN_POINT('',(2.638571009304,-9.533154965807E-02));
#3500 = CARTESIAN_POINT('',(2.592319746042,-0.110923682146));
#3501 = CARTESIAN_POINT('',(2.545882957351,-0.127061849567));
#3502 = CARTESIAN_POINT('',(2.498990617047,-0.143714479947));
#3503 = CARTESIAN_POINT('',(2.451825642082,-0.160583034559));
#3504 = CARTESIAN_POINT('',(2.40448796081,-0.177479070159));
#3505 = CARTESIAN_POINT('',(2.357164018866,-0.194255121966));
#3506 = CARTESIAN_POINT('',(2.309694797174,-0.210765897548));
#3507 = CARTESIAN_POINT('',(2.261965527984,-0.226948396629));
#3508 = CARTESIAN_POINT('',(2.213893039484,-0.242696345735));
#3509 = CARTESIAN_POINT('',(2.165312615623,-0.25789040252));
#3510 = CARTESIAN_POINT('',(2.116494996882,-0.272337321076));
#3511 = CARTESIAN_POINT('',(2.067504921182,-0.285900631968));
#3512 = CARTESIAN_POINT('',(2.018370716247,-0.298470379044));
#3513 = CARTESIAN_POINT('',(1.969227793332,-0.309933926519));
#3514 = CARTESIAN_POINT('',(1.919801313163,-0.320305075611));
#3515 = CARTESIAN_POINT('',(1.870077759378,-0.329481470642));
#3516 = CARTESIAN_POINT('',(1.820124788893,-0.337364597767));
#3517 = CARTESIAN_POINT('',(1.769997409151,-0.343878426616));
#3518 = CARTESIAN_POINT('',(1.719759248708,-0.348965709989));
#3519 = CARTESIAN_POINT('',(1.669480470142,-0.352590413897));
#3520 = CARTESIAN_POINT('',(1.619213066385,-0.354735844928));
#3521 = CARTESIAN_POINT('',(1.569079371387,-0.355411582911));
#3522 = CARTESIAN_POINT('',(1.518930111748,-0.35462714553));
#3523 = CARTESIAN_POINT('',(1.468612614545,-0.352351520214));
#3524 = CARTESIAN_POINT('',(1.418256835396,-0.34859360852));
#3525 = CARTESIAN_POINT('',(1.367866967559,-0.343375027745));
#3526 = CARTESIAN_POINT('',(1.317654231874,-0.336740367681));
#3527 = CARTESIAN_POINT('',(1.267893507944,-0.328793023758));
#3528 = CARTESIAN_POINT('',(1.218424859861,-0.319606785132));
#3529 = CARTESIAN_POINT('',(1.169215236845,-0.30923719595));
#3530 = CARTESIAN_POINT('',(1.120136069107,-0.297712588772));
#3531 = CARTESIAN_POINT('',(1.07103017569,-0.285091223155));
#3532 = CARTESIAN_POINT('',(1.022052705712,-0.271468901254));
#3533 = CARTESIAN_POINT('',(0.973271332957,-0.256971511368));
#3534 = CARTESIAN_POINT('',(0.92478680259,-0.241761611188));
#3535 = CARTESIAN_POINT('',(0.876854834655,-0.226022792893));
#3536 = CARTESIAN_POINT('',(0.829313001678,-0.209875888866));
#3537 = CARTESIAN_POINT('',(0.782073810355,-0.193425624519));
#3538 = CARTESIAN_POINT('',(0.735038701457,-0.176741770319));
#3539 = CARTESIAN_POINT('',(0.687891543766,-0.159909554043));
#3540 = CARTESIAN_POINT('',(0.640830024343,-0.143081254031));
#3541 = CARTESIAN_POINT('',(0.593967625117,-0.126449133381));
#3542 = CARTESIAN_POINT('',(0.547417777825,-0.110289203649));
#3543 = CARTESIAN_POINT('',(0.501323764513,-9.47572064056E-02));
#3544 = CARTESIAN_POINT('',(0.455532118792,-7.998273779459E-02));
#3545 = CARTESIAN_POINT('',(0.409900947909,-6.609110553627E-02));
#3546 = CARTESIAN_POINT('',(0.364334829558,-5.313737059924E-02));
#3547 = CARTESIAN_POINT('',(0.318485520745,-4.130483138915E-02));
#3548 = CARTESIAN_POINT('',(0.272548009239,-3.067328327809E-02));
#3549 = CARTESIAN_POINT('',(0.226708974999,-2.136398477634E-02));
#3550 = CARTESIAN_POINT('',(0.181206822075,-1.365838848543E-02));
#3551 = CARTESIAN_POINT('',(0.136000999423,-7.6168409131E-03));
#3552 = CARTESIAN_POINT('',(9.083756166315E-02,-3.229066827714E-03));
#3553 = CARTESIAN_POINT('',(4.558409442841E-02,-5.875463644298E-04));
#3554 = CARTESIAN_POINT('',(1.524139206483E-02,2.933697610538E-06));
#3555 = CARTESIAN_POINT('',(0.,0.));
#3556 = ( GEOMETRIC_REPRESENTATION_CONTEXT(2) 
PARAMETRIC_REPRESENTATION_CONTEXT() REPRESENTATION_CONTEXT('2D SPACE',''
  ) );
#3557 = FACE_BOUND('',#3558,.T.);
#3558 = EDGE_LOOP('',(#3559,#3583,#3606,#3630,#3653,#3675,#3676,#3750,
    #3751,#3775,#3798,#3872));
#3559 = ORIENTED_EDGE('',*,*,#3560,.F.);
#3560 = EDGE_CURVE('',#3561,#753,#3563,.T.);
#3561 = VERTEX_POINT('',#3562);
#3562 = CARTESIAN_POINT('',(15.,15.,-4.999999874733E-08));
#3563 = SURFACE_CURVE('',#3564,(#3569,#3576),.PCURVE_S1.);
#3564 = CIRCLE('',#3565,15.);
#3565 = AXIS2_PLACEMENT_3D('',#3566,#3567,#3568);
#3566 = CARTESIAN_POINT('',(15.,-5.551115187997E-24,-4.999999891897E-08)
  );
#3567 = DIRECTION('',(1.,0.,1.110223024625E-16));
#3568 = DIRECTION('',(1.232595164408E-32,1.,-1.110223024625E-16));
#3569 = PCURVE('',#161,#3570);
#3570 = DEFINITIONAL_REPRESENTATION('',(#3571),#3575);
#3571 = LINE('',#3572,#3573);
#3572 = CARTESIAN_POINT('',(3.14159265359,10.));
#3573 = VECTOR('',#3574,1.);
#3574 = DIRECTION('',(-1.,0.));
#3575 = ( GEOMETRIC_REPRESENTATION_CONTEXT(2) 
PARAMETRIC_REPRESENTATION_CONTEXT() REPRESENTATION_CONTEXT('2D SPACE',''
  ) );
#3576 = PCURVE('',#242,#3577);
#3577 = DEFINITIONAL_REPRESENTATION('',(#3578),#3582);
#3578 = CIRCLE('',#3579,15.);
#3579 = AXIS2_PLACEMENT_2D('',#3580,#3581);
#3580 = CARTESIAN_POINT('',(0.,0.));
#3581 = DIRECTION('',(1.,0.));
#3582 = ( GEOMETRIC_REPRESENTATION_CONTEXT(2) 
PARAMETRIC_REPRESENTATION_CONTEXT() REPRESENTATION_CONTEXT('2D SPACE',''
  ) );
#3583 = ORIENTED_EDGE('',*,*,#3584,.T.);
#3584 = EDGE_CURVE('',#3561,#3585,#3587,.T.);
#3585 = VERTEX_POINT('',#3586);
#3586 = CARTESIAN_POINT('',(-25.,15.,-5.000000318823E-08));
#3587 = SURFACE_CURVE('',#3588,(#3592,#3599),.PCURVE_S1.);
#3588 = LINE('',#3589,#3590);
#3589 = CARTESIAN_POINT('',(25.,15.,-4.999999763711E-08));
#3590 = VECTOR('',#3591,1.);
#3591 = DIRECTION('',(-1.,0.,-1.110223024625E-16));
#3592 = PCURVE('',#161,#3593);
#3593 = DEFINITIONAL_REPRESENTATION('',(#3594),#3598);
#3594 = LINE('',#3595,#3596);
#3595 = CARTESIAN_POINT('',(3.14159265359,0.));
#3596 = VECTOR('',#3597,1.);
#3597 = DIRECTION('',(0.,1.));
#3598 = ( GEOMETRIC_REPRESENTATION_CONTEXT(2) 
PARAMETRIC_REPRESENTATION_CONTEXT() REPRESENTATION_CONTEXT('2D SPACE',''
  ) );
#3599 = PCURVE('',#459,#3600);
#3600 = DEFINITIONAL_REPRESENTATION('',(#3601),#3605);
#3601 = LINE('',#3602,#3603);
#3602 = CARTESIAN_POINT('',(3.14159265359,0.));
#3603 = VECTOR('',#3604,1.);
#3604 = DIRECTION('',(0.,1.));
#3605 = ( GEOMETRIC_REPRESENTATION_CONTEXT(2) 
PARAMETRIC_REPRESENTATION_CONTEXT() REPRESENTATION_CONTEXT('2D SPACE',''
  ) );
#3606 = ORIENTED_EDGE('',*,*,#3607,.T.);
#3607 = EDGE_CURVE('',#3585,#3608,#3610,.T.);
#3608 = VERTEX_POINT('',#3609);
#3609 = CARTESIAN_POINT('',(-25.,-15.,-5.000000169453E-08));
#3610 = SURFACE_CURVE('',#3611,(#3616,#3623),.PCURVE_S1.);
#3611 = CIRCLE('',#3612,15.);
#3612 = AXIS2_PLACEMENT_3D('',#3613,#3614,#3615);
#3613 = CARTESIAN_POINT('',(-25.,-5.551115187997E-24,-5.000000335986E-08
    ));
#3614 = DIRECTION('',(1.,0.,1.110223024625E-16));
#3615 = DIRECTION('',(1.232595164408E-32,1.,-1.110223024625E-16));
#3616 = PCURVE('',#161,#3617);
#3617 = DEFINITIONAL_REPRESENTATION('',(#3618),#3622);
#3618 = LINE('',#3619,#3620);
#3619 = CARTESIAN_POINT('',(3.14159265359,50.));
#3620 = VECTOR('',#3621,1.);
#3621 = DIRECTION('',(-1.,0.));
#3622 = ( GEOMETRIC_REPRESENTATION_CONTEXT(2) 
PARAMETRIC_REPRESENTATION_CONTEXT() REPRESENTATION_CONTEXT('2D SPACE',''
  ) );
#3623 = PCURVE('',#1702,#3624);
#3624 = DEFINITIONAL_REPRESENTATION('',(#3625),#3629);
#3625 = CIRCLE('',#3626,15.);
#3626 = AXIS2_PLACEMENT_2D('',#3627,#3628);
#3627 = CARTESIAN_POINT('',(0.,0.));
#3628 = DIRECTION('',(1.,0.));
#3629 = ( GEOMETRIC_REPRESENTATION_CONTEXT(2) 
PARAMETRIC_REPRESENTATION_CONTEXT() REPRESENTATION_CONTEXT('2D SPACE',''
  ) );
#3630 = ORIENTED_EDGE('',*,*,#3631,.F.);
#3631 = EDGE_CURVE('',#3632,#3608,#3634,.T.);
#3632 = VERTEX_POINT('',#3633);
#3633 = CARTESIAN_POINT('',(15.,-15.,-4.999999725364E-08));
#3634 = SURFACE_CURVE('',#3635,(#3639,#3646),.PCURVE_S1.);
#3635 = LINE('',#3636,#3637);
#3636 = CARTESIAN_POINT('',(25.,-15.,-4.999999614341E-08));
#3637 = VECTOR('',#3638,1.);
#3638 = DIRECTION('',(-1.,0.,-1.110223024625E-16));
#3639 = PCURVE('',#161,#3640);
#3640 = DEFINITIONAL_REPRESENTATION('',(#3641),#3645);
#3641 = LINE('',#3642,#3643);
#3642 = CARTESIAN_POINT('',(0.,0.));
#3643 = VECTOR('',#3644,1.);
#3644 = DIRECTION('',(0.,1.));
#3645 = ( GEOMETRIC_REPRESENTATION_CONTEXT(2) 
PARAMETRIC_REPRESENTATION_CONTEXT() REPRESENTATION_CONTEXT('2D SPACE',''
  ) );
#3646 = PCURVE('',#459,#3647);
#3647 = DEFINITIONAL_REPRESENTATION('',(#3648),#3652);
#3648 = LINE('',#3649,#3650);
#3649 = CARTESIAN_POINT('',(6.28318530718,0.));
#3650 = VECTOR('',#3651,1.);
#3651 = DIRECTION('',(0.,1.));
#3652 = ( GEOMETRIC_REPRESENTATION_CONTEXT(2) 
PARAMETRIC_REPRESENTATION_CONTEXT() REPRESENTATION_CONTEXT('2D SPACE',''
  ) );
#3653 = ORIENTED_EDGE('',*,*,#3654,.F.);
#3654 = EDGE_CURVE('',#139,#3632,#3655,.T.);
#3655 = SURFACE_CURVE('',#3656,(#3661,#3668),.PCURVE_S1.);
#3656 = CIRCLE('',#3657,15.);
#3657 = AXIS2_PLACEMENT_3D('',#3658,#3659,#3660);
#3658 = CARTESIAN_POINT('',(15.,-5.551115187997E-24,-4.999999891897E-08)
  );
#3659 = DIRECTION('',(1.,0.,1.110223024625E-16));
#3660 = DIRECTION('',(1.232595164408E-32,1.,-1.110223024625E-16));
#3661 = PCURVE('',#161,#3662);
#3662 = DEFINITIONAL_REPRESENTATION('',(#3663),#3667);
#3663 = LINE('',#3664,#3665);
#3664 = CARTESIAN_POINT('',(3.14159265359,10.));
#3665 = VECTOR('',#3666,1.);
#3666 = DIRECTION('',(-1.,0.));
#3667 = ( GEOMETRIC_REPRESENTATION_CONTEXT(2) 
PARAMETRIC_REPRESENTATION_CONTEXT() REPRESENTATION_CONTEXT('2D SPACE',''
  ) );
#3668 = PCURVE('',#242,#3669);
#3669 = DEFINITIONAL_REPRESENTATION('',(#3670),#3674);
#3670 = CIRCLE('',#3671,15.);
#3671 = AXIS2_PLACEMENT_2D('',#3672,#3673);
#3672 = CARTESIAN_POINT('',(0.,0.));
#3673 = DIRECTION('',(1.,0.));
#3674 = ( GEOMETRIC_REPRESENTATION_CONTEXT(2) 
PARAMETRIC_REPRESENTATION_CONTEXT() REPRESENTATION_CONTEXT('2D SPACE',''
  ) );
#3675 = ORIENTED_EDGE('',*,*,#138,.T.);
#3676 = ORIENTED_EDGE('',*,*,#3677,.T.);
#3677 = EDGE_CURVE('',#141,#174,#3678,.T.);
#3678 = SURFACE_CURVE('',#3679,(#3692,#3721),.PCURVE_S1.);
#3679 = B_SPLINE_CURVE_WITH_KNOTS('',3,(#3680,#3681,#3682,#3683,#3684,
    #3685,#3686,#3687,#3688,#3689,#3690,#3691),.UNSPECIFIED.,.F.,.F.,(4,
    2,2,2,2,4),(4.504649776236E-07,6.702361800534E-04,1.340021895129E-03
    ,1.674914752667E-03,2.009807610205E-03,2.679593325281E-03),
  .UNSPECIFIED.);
#3680 = CARTESIAN_POINT('',(14.9,-6.892632411335,13.322597986502));
#3681 = CARTESIAN_POINT('',(14.800879776665,-6.714120937858,
    13.414953393797));
#3682 = CARTESIAN_POINT('',(14.707731769539,-6.531796250917,
    13.504820626886));
#3683 = CARTESIAN_POINT('',(14.560867625141,-6.149252951099,
    13.683246345564));
#3684 = CARTESIAN_POINT('',(14.509503444282,-5.946356774118,
    13.772814256077));
#3685 = CARTESIAN_POINT('',(14.509409267359,-5.637808564865,
    13.900629712159));
#3686 = CARTESIAN_POINT('',(14.52197512865,-5.532664887315,
    13.942798139433));
#3687 = CARTESIAN_POINT('',(14.56627776439,-5.32842005119,
    14.022123250865));
#3688 = CARTESIAN_POINT('',(14.597508801439,-5.22843628187,
    14.05967702754));
#3689 = CARTESIAN_POINT('',(14.707237007111,-4.931884731281,
    14.167595896754));
#3690 = CARTESIAN_POINT('',(14.80087123307,-4.738220613487,
    14.23339969319));
#3691 = CARTESIAN_POINT('',(14.9,-4.546672296351,14.294326482915));
#3692 = PCURVE('',#161,#3693);
#3693 = DEFINITIONAL_REPRESENTATION('',(#3694),#3720);
#3694 = B_SPLINE_CURVE_WITH_KNOTS('',3,(#3695,#3696,#3697,#3698,#3699,
    #3700,#3701,#3702,#3703,#3704,#3705,#3706,#3707,#3708,#3709,#3710,
    #3711,#3712,#3713,#3714,#3715,#3716,#3717,#3718,#3719),
  .UNSPECIFIED.,.F.,.F.,(4,1,1,1,1,1,1,1,1,1,1,1,1,1,1,1,1,1,1,1,1,1,4),
  (4.504649776236E-07,1.222296859005E-04,2.440089068234E-04,
    3.657881277462E-04,4.875673486691E-04,6.09346569592E-04,
    7.311257905148E-04,8.529050114377E-04,9.746842323606E-04,
    1.096463453283E-03,1.218242674206E-03,1.340021895129E-03,
    1.461801116052E-03,1.583580336975E-03,1.705359557898E-03,
    1.827138778821E-03,1.948917999744E-03,2.070697220666E-03,
    2.192476441589E-03,2.314255662512E-03,2.436034883435E-03,
    2.557814104358E-03,2.679593325281E-03),.UNSPECIFIED.);
#3695 = CARTESIAN_POINT('',(1.093354221846,10.1));
#3696 = CARTESIAN_POINT('',(1.095790433503,10.118021858788));
#3697 = CARTESIAN_POINT('',(1.100672735034,10.153670638996));
#3698 = CARTESIAN_POINT('',(1.108039230782,10.205464076845));
#3699 = CARTESIAN_POINT('',(1.115462183976,10.255079978311));
#3700 = CARTESIAN_POINT('',(1.122954990402,10.302030631957));
#3701 = CARTESIAN_POINT('',(1.130531280468,10.34579083998));
#3702 = CARTESIAN_POINT('',(1.138203887973,10.38597525755));
#3703 = CARTESIAN_POINT('',(1.146012348701,10.421256910268));
#3704 = CARTESIAN_POINT('',(1.153925338432,10.450580096591));
#3705 = CARTESIAN_POINT('',(1.16192043102,10.472889038815));
#3706 = CARTESIAN_POINT('',(1.169977609495,10.487137042604));
#3707 = CARTESIAN_POINT('',(1.178058470739,10.492241156309));
#3708 = CARTESIAN_POINT('',(1.186195987674,10.487254374164));
#3709 = CARTESIAN_POINT('',(1.194343816922,10.473188238353));
#3710 = CARTESIAN_POINT('',(1.202358467917,10.450776830437));
#3711 = CARTESIAN_POINT('',(1.210216770414,10.42136428325));
#3712 = CARTESIAN_POINT('',(1.217961118765,10.38610619607));
#3713 = CARTESIAN_POINT('',(1.225608995323,10.34609001052));
#3714 = CARTESIAN_POINT('',(1.233184082049,10.302341684666));
#3715 = CARTESIAN_POINT('',(1.240689345125,10.255325418161));
#3716 = CARTESIAN_POINT('',(1.248131332158,10.205602154452));
#3717 = CARTESIAN_POINT('',(1.255515608545,10.153706905662));
#3718 = CARTESIAN_POINT('',(1.260403847363,10.118023412169));
#3719 = CARTESIAN_POINT('',(1.262840268346,10.1));
#3720 = ( GEOMETRIC_REPRESENTATION_CONTEXT(2) 
PARAMETRIC_REPRESENTATION_CONTEXT() REPRESENTATION_CONTEXT('2D SPACE',''
  ) );
#3721 = PCURVE('',#190,#3722);
#3722 = DEFINITIONAL_REPRESENTATION('',(#3723),#3749);
#3723 = B_SPLINE_CURVE_WITH_KNOTS('',3,(#3724,#3725,#3726,#3727,#3728,
    #3729,#3730,#3731,#3732,#3733,#3734,#3735,#3736,#3737,#3738,#3739,
    #3740,#3741,#3742,#3743,#3744,#3745,#3746,#3747,#3748),
  .UNSPECIFIED.,.F.,.F.,(4,1,1,1,1,1,1,1,1,1,1,1,1,1,1,1,1,1,1,1,1,1,4),
  (4.504649776236E-07,1.222296859005E-04,2.440089068234E-04,
    3.657881277462E-04,4.875673486691E-04,6.09346569592E-04,
    7.311257905148E-04,8.529050114377E-04,9.746842323606E-04,
    1.096463453283E-03,1.218242674206E-03,1.340021895129E-03,
    1.461801116052E-03,1.583580336975E-03,1.705359557898E-03,
    1.827138778821E-03,1.948917999744E-03,2.070697220666E-03,
    2.192476441589E-03,2.314255662512E-03,2.436034883435E-03,
    2.557814104358E-03,2.679593325281E-03),.UNSPECIFIED.);
#3724 = CARTESIAN_POINT('',(4.227078140263,9.802687471293E-17));
#3725 = CARTESIAN_POINT('',(4.239739904193,-1.801612243284E-02));
#3726 = CARTESIAN_POINT('',(4.266587789752,-5.360286949694E-02));
#3727 = CARTESIAN_POINT('',(4.312351921818,-0.10525939615));
#3728 = CARTESIAN_POINT('',(4.364483806497,-0.154835045776));
#3729 = CARTESIAN_POINT('',(4.424012128797,-0.201868174197));
#3730 = CARTESIAN_POINT('',(4.49203463681,-0.245793235024));
#3731 = CARTESIAN_POINT('',(4.569616373888,-0.285968184781));
#3732 = CARTESIAN_POINT('',(4.658011150583,-0.321427884463));
#3733 = CARTESIAN_POINT('',(4.757216264859,-0.350924470068));
#3734 = CARTESIAN_POINT('',(4.866340048919,-0.373251839624));
#3735 = CARTESIAN_POINT('',(4.983305246813,-0.387295367643));
#3736 = CARTESIAN_POINT('',(5.104502165584,-0.392172515856));
#3737 = CARTESIAN_POINT('',(5.226574606751,-0.387370610935));
#3738 = CARTESIAN_POINT('',(5.344846478767,-0.373239344991));
#3739 = CARTESIAN_POINT('',(5.454132994019,-0.350766711287));
#3740 = CARTESIAN_POINT('',(5.552557927646,-0.321343822218));
#3741 = CARTESIAN_POINT('',(5.640225380992,-0.286101634409));
#3742 = CARTESIAN_POINT('',(5.717620982653,-0.246091870144));
#3743 = CARTESIAN_POINT('',(5.78569525295,-0.202196154844));
#3744 = CARTESIAN_POINT('',(5.845372073436,-0.155103921744));
#3745 = CARTESIAN_POINT('',(5.89766777313,-0.105415895758));
#3746 = CARTESIAN_POINT('',(5.943553808328,-5.364488715602E-02));
#3747 = CARTESIAN_POINT('',(5.970436481927,-1.801799953383E-02));
#3748 = CARTESIAN_POINT('',(5.983097983904,-4.901343735647E-16));
#3749 = ( GEOMETRIC_REPRESENTATION_CONTEXT(2) 
PARAMETRIC_REPRESENTATION_CONTEXT() REPRESENTATION_CONTEXT('2D SPACE',''
  ) );
#3750 = ORIENTED_EDGE('',*,*,#202,.T.);
#3751 = ORIENTED_EDGE('',*,*,#3752,.F.);
#3752 = EDGE_CURVE('',#3753,#203,#3755,.T.);
#3753 = VERTEX_POINT('',#3754);
#3754 = CARTESIAN_POINT('',(15.,13.322598036502,6.892632361336));
#3755 = SURFACE_CURVE('',#3756,(#3761,#3768),.PCURVE_S1.);
#3756 = CIRCLE('',#3757,15.);
#3757 = AXIS2_PLACEMENT_3D('',#3758,#3759,#3760);
#3758 = CARTESIAN_POINT('',(15.,-5.551115187997E-24,-4.999999891897E-08)
  );
#3759 = DIRECTION('',(1.,0.,1.110223024625E-16));
#3760 = DIRECTION('',(1.232595164408E-32,1.,-1.110223024625E-16));
#3761 = PCURVE('',#161,#3762);
#3762 = DEFINITIONAL_REPRESENTATION('',(#3763),#3767);
#3763 = LINE('',#3764,#3765);
#3764 = CARTESIAN_POINT('',(3.14159265359,10.));
#3765 = VECTOR('',#3766,1.);
#3766 = DIRECTION('',(-1.,0.));
#3767 = ( GEOMETRIC_REPRESENTATION_CONTEXT(2) 
PARAMETRIC_REPRESENTATION_CONTEXT() REPRESENTATION_CONTEXT('2D SPACE',''
  ) );
#3768 = PCURVE('',#242,#3769);
#3769 = DEFINITIONAL_REPRESENTATION('',(#3770),#3774);
#3770 = CIRCLE('',#3771,15.);
#3771 = AXIS2_PLACEMENT_2D('',#3772,#3773);
#3772 = CARTESIAN_POINT('',(0.,0.));
#3773 = DIRECTION('',(1.,0.));
#3774 = ( GEOMETRIC_REPRESENTATION_CONTEXT(2) 
PARAMETRIC_REPRESENTATION_CONTEXT() REPRESENTATION_CONTEXT('2D SPACE',''
  ) );
#3775 = ORIENTED_EDGE('',*,*,#3776,.T.);
#3776 = EDGE_CURVE('',#3753,#3777,#3779,.T.);
#3777 = VERTEX_POINT('',#3778);
#3778 = CARTESIAN_POINT('',(14.9,13.322598036502,6.892632361336));
#3779 = SURFACE_CURVE('',#3780,(#3784,#3791),.PCURVE_S1.);
#3780 = LINE('',#3781,#3782);
#3781 = CARTESIAN_POINT('',(19.95,13.322598036502,6.892632361336));
#3782 = VECTOR('',#3783,1.);
#3783 = DIRECTION('',(-1.,0.,-1.110223024625E-16));
#3784 = PCURVE('',#161,#3785);
#3785 = DEFINITIONAL_REPRESENTATION('',(#3786),#3790);
#3786 = LINE('',#3787,#3788);
#3787 = CARTESIAN_POINT('',(2.664150548641,5.05));
#3788 = VECTOR('',#3789,1.);
#3789 = DIRECTION('',(0.,1.));
#3790 = ( GEOMETRIC_REPRESENTATION_CONTEXT(2) 
PARAMETRIC_REPRESENTATION_CONTEXT() REPRESENTATION_CONTEXT('2D SPACE',''
  ) );
#3791 = PCURVE('',#820,#3792);
#3792 = DEFINITIONAL_REPRESENTATION('',(#3793),#3797);
#3793 = LINE('',#3794,#3795);
#3794 = CARTESIAN_POINT('',(2.656281813468,-5.05));
#3795 = VECTOR('',#3796,1.);
#3796 = DIRECTION('',(0.,-1.));
#3797 = ( GEOMETRIC_REPRESENTATION_CONTEXT(2) 
PARAMETRIC_REPRESENTATION_CONTEXT() REPRESENTATION_CONTEXT('2D SPACE',''
  ) );
#3798 = ORIENTED_EDGE('',*,*,#3799,.T.);
#3799 = EDGE_CURVE('',#3777,#751,#3800,.T.);
#3800 = SURFACE_CURVE('',#3801,(#3814,#3843),.PCURVE_S1.);
#3801 = B_SPLINE_CURVE_WITH_KNOTS('',3,(#3802,#3803,#3804,#3805,#3806,
    #3807,#3808,#3809,#3810,#3811,#3812,#3813),.UNSPECIFIED.,.F.,.F.,(4,
    2,2,2,2,4),(4.504649776236E-07,6.702361800534E-04,1.340021895129E-03
    ,1.674914752667E-03,2.009807610205E-03,2.679593325281E-03),
  .UNSPECIFIED.);
#3802 = CARTESIAN_POINT('',(14.9,13.322598036502,6.892632361336));
#3803 = CARTESIAN_POINT('',(14.800879776665,13.414953443797,
    6.714120887858));
#3804 = CARTESIAN_POINT('',(14.707731769539,13.504820676886,
    6.531796200917));
#3805 = CARTESIAN_POINT('',(14.560867625141,13.683246395564,
    6.149252901099));
#3806 = CARTESIAN_POINT('',(14.509503444282,13.772814306077,
    5.946356724118));
#3807 = CARTESIAN_POINT('',(14.509409267359,13.900629762159,
    5.637808514865));
#3808 = CARTESIAN_POINT('',(14.52197512865,13.942798189433,
    5.532664837315));
#3809 = CARTESIAN_POINT('',(14.56627776439,14.022123300865,
    5.328420001191));
#3810 = CARTESIAN_POINT('',(14.597508801439,14.05967707754,5.22843623187
    ));
#3811 = CARTESIAN_POINT('',(14.707237007111,14.167595946754,
    4.931884681281));
#3812 = CARTESIAN_POINT('',(14.80087123307,14.23339974319,4.738220563487
    ));
#3813 = CARTESIAN_POINT('',(14.9,14.294326532915,4.546672246352));
#3814 = PCURVE('',#161,#3815);
#3815 = DEFINITIONAL_REPRESENTATION('',(#3816),#3842);
#3816 = B_SPLINE_CURVE_WITH_KNOTS('',3,(#3817,#3818,#3819,#3820,#3821,
    #3822,#3823,#3824,#3825,#3826,#3827,#3828,#3829,#3830,#3831,#3832,
    #3833,#3834,#3835,#3836,#3837,#3838,#3839,#3840,#3841),
  .UNSPECIFIED.,.F.,.F.,(4,1,1,1,1,1,1,1,1,1,1,1,1,1,1,1,1,1,1,1,1,1,4),
  (4.504649776236E-07,1.222296859005E-04,2.440089068234E-04,
    3.657881277462E-04,4.875673486691E-04,6.09346569592E-04,
    7.311257905148E-04,8.529050114377E-04,9.746842323606E-04,
    1.096463453283E-03,1.218242674206E-03,1.340021895129E-03,
    1.461801116052E-03,1.583580336975E-03,1.705359557898E-03,
    1.827138778821E-03,1.948917999744E-03,2.070697220666E-03,
    2.192476441589E-03,2.314255662512E-03,2.436034883435E-03,
    2.557814104358E-03,2.679593325281E-03),.UNSPECIFIED.);
#3817 = CARTESIAN_POINT('',(2.664150548641,10.1));
#3818 = CARTESIAN_POINT('',(2.666586760297,10.118021858788));
#3819 = CARTESIAN_POINT('',(2.671469061829,10.153670638996));
#3820 = CARTESIAN_POINT('',(2.678835557577,10.205464076845));
#3821 = CARTESIAN_POINT('',(2.686258510771,10.255079978311));
#3822 = CARTESIAN_POINT('',(2.693751317197,10.302030631957));
#3823 = CARTESIAN_POINT('',(2.701327607263,10.34579083998));
#3824 = CARTESIAN_POINT('',(2.709000214768,10.38597525755));
#3825 = CARTESIAN_POINT('',(2.716808675495,10.421256910268));
#3826 = CARTESIAN_POINT('',(2.724721665227,10.450580096591));
#3827 = CARTESIAN_POINT('',(2.732716757815,10.472889038815));
#3828 = CARTESIAN_POINT('',(2.74077393629,10.487137042604));
#3829 = CARTESIAN_POINT('',(2.748854797534,10.492241156309));
#3830 = CARTESIAN_POINT('',(2.756992314469,10.487254374164));
#3831 = CARTESIAN_POINT('',(2.765140143717,10.473188238353));
#3832 = CARTESIAN_POINT('',(2.773154794712,10.450776830437));
#3833 = CARTESIAN_POINT('',(2.781013097209,10.42136428325));
#3834 = CARTESIAN_POINT('',(2.78875744556,10.38610619607));
#3835 = CARTESIAN_POINT('',(2.796405322118,10.34609001052));
#3836 = CARTESIAN_POINT('',(2.803980408844,10.302341684666));
#3837 = CARTESIAN_POINT('',(2.81148567192,10.255325418161));
#3838 = CARTESIAN_POINT('',(2.818927658953,10.205602154452));
#3839 = CARTESIAN_POINT('',(2.82631193534,10.153706905662));
#3840 = CARTESIAN_POINT('',(2.831200174158,10.118023412169));
#3841 = CARTESIAN_POINT('',(2.833636595141,10.1));
#3842 = ( GEOMETRIC_REPRESENTATION_CONTEXT(2) 
PARAMETRIC_REPRESENTATION_CONTEXT() REPRESENTATION_CONTEXT('2D SPACE',''
  ) );
#3843 = PCURVE('',#894,#3844);
#3844 = DEFINITIONAL_REPRESENTATION('',(#3845),#3871);
#3845 = B_SPLINE_CURVE_WITH_KNOTS('',3,(#3846,#3847,#3848,#3849,#3850,
    #3851,#3852,#3853,#3854,#3855,#3856,#3857,#3858,#3859,#3860,#3861,
    #3862,#3863,#3864,#3865,#3866,#3867,#3868,#3869,#3870),
  .UNSPECIFIED.,.F.,.F.,(4,1,1,1,1,1,1,1,1,1,1,1,1,1,1,1,1,1,1,1,1,1,4),
  (4.504649776236E-07,1.222296859005E-04,2.440089068234E-04,
    3.657881277462E-04,4.875673486691E-04,6.09346569592E-04,
    7.311257905148E-04,8.529050114377E-04,9.746842323606E-04,
    1.096463453283E-03,1.218242674206E-03,1.340021895129E-03,
    1.461801116052E-03,1.583580336975E-03,1.705359557898E-03,
    1.827138778821E-03,1.948917999744E-03,2.070697220666E-03,
    2.192476441589E-03,2.314255662512E-03,2.436034883435E-03,
    2.557814104358E-03,2.679593325281E-03),.UNSPECIFIED.);
#3846 = CARTESIAN_POINT('',(2.656281813468,1.960537494259E-16));
#3847 = CARTESIAN_POINT('',(2.668943577398,-1.801612243284E-02));
#3848 = CARTESIAN_POINT('',(2.695791462957,-5.360286949694E-02));
#3849 = CARTESIAN_POINT('',(2.741555595024,-0.10525939615));
#3850 = CARTESIAN_POINT('',(2.793687479703,-0.154835045776));
#3851 = CARTESIAN_POINT('',(2.853215802002,-0.201868174197));
#3852 = CARTESIAN_POINT('',(2.921238310015,-0.245793235024));
#3853 = CARTESIAN_POINT('',(2.998820047093,-0.285968184781));
#3854 = CARTESIAN_POINT('',(3.087214823788,-0.321427884463));
#3855 = CARTESIAN_POINT('',(3.186419938064,-0.350924470068));
#3856 = CARTESIAN_POINT('',(3.295543722124,-0.373251839624));
#3857 = CARTESIAN_POINT('',(3.412508920018,-0.387295367643));
#3858 = CARTESIAN_POINT('',(3.533705838789,-0.392172515856));
#3859 = CARTESIAN_POINT('',(3.655778279956,-0.387370610935));
#3860 = CARTESIAN_POINT('',(3.774050151972,-0.373239344991));
#3861 = CARTESIAN_POINT('',(3.883336667224,-0.350766711287));
#3862 = CARTESIAN_POINT('',(3.981761600851,-0.321343822218));
#3863 = CARTESIAN_POINT('',(4.069429054197,-0.286101634409));
#3864 = CARTESIAN_POINT('',(4.146824655858,-0.246091870144));
#3865 = CARTESIAN_POINT('',(4.214898926155,-0.202196154844));
#3866 = CARTESIAN_POINT('',(4.274575746641,-0.155103921744));
#3867 = CARTESIAN_POINT('',(4.326871446335,-0.105415895758));
#3868 = CARTESIAN_POINT('',(4.372757481533,-5.364488715602E-02));
#3869 = CARTESIAN_POINT('',(4.399640155132,-1.801799953383E-02));
#3870 = CARTESIAN_POINT('',(4.412301657109,-5.881612482776E-16));
#3871 = ( GEOMETRIC_REPRESENTATION_CONTEXT(2) 
PARAMETRIC_REPRESENTATION_CONTEXT() REPRESENTATION_CONTEXT('2D SPACE',''
  ) );
#3872 = ORIENTED_EDGE('',*,*,#750,.T.);
#3873 = ADVANCED_FACE('',(#3874),#459,.T.);
#3874 = FACE_BOUND('',#3875,.T.);
#3875 = EDGE_LOOP('',(#3876,#3877,#3901,#3924,#4005,#4028,#4050,#4051,
    #4119,#4120,#4143,#4165,#4166));
#3876 = ORIENTED_EDGE('',*,*,#3584,.F.);
#3877 = ORIENTED_EDGE('',*,*,#3878,.F.);
#3878 = EDGE_CURVE('',#3879,#3561,#3881,.T.);
#3879 = VERTEX_POINT('',#3880);
#3880 = CARTESIAN_POINT('',(15.,6.892632411335,-13.3225980865));
#3881 = SURFACE_CURVE('',#3882,(#3887,#3894),.PCURVE_S1.);
#3882 = CIRCLE('',#3883,15.);
#3883 = AXIS2_PLACEMENT_3D('',#3884,#3885,#3886);
#3884 = CARTESIAN_POINT('',(15.,-5.551115187997E-24,-4.999999891897E-08)
  );
#3885 = DIRECTION('',(1.,0.,1.110223024625E-16));
#3886 = DIRECTION('',(1.232595164408E-32,1.,-1.110223024625E-16));
#3887 = PCURVE('',#459,#3888);
#3888 = DEFINITIONAL_REPRESENTATION('',(#3889),#3893);
#3889 = LINE('',#3890,#3891);
#3890 = CARTESIAN_POINT('',(9.424777960769,10.));
#3891 = VECTOR('',#3892,1.);
#3892 = DIRECTION('',(-1.,0.));
#3893 = ( GEOMETRIC_REPRESENTATION_CONTEXT(2) 
PARAMETRIC_REPRESENTATION_CONTEXT() REPRESENTATION_CONTEXT('2D SPACE',''
  ) );
#3894 = PCURVE('',#242,#3895);
#3895 = DEFINITIONAL_REPRESENTATION('',(#3896),#3900);
#3896 = CIRCLE('',#3897,15.);
#3897 = AXIS2_PLACEMENT_2D('',#3898,#3899);
#3898 = CARTESIAN_POINT('',(0.,0.));
#3899 = DIRECTION('',(1.,0.));
#3900 = ( GEOMETRIC_REPRESENTATION_CONTEXT(2) 
PARAMETRIC_REPRESENTATION_CONTEXT() REPRESENTATION_CONTEXT('2D SPACE',''
  ) );
#3901 = ORIENTED_EDGE('',*,*,#3902,.T.);
#3902 = EDGE_CURVE('',#3879,#3903,#3905,.T.);
#3903 = VERTEX_POINT('',#3904);
#3904 = CARTESIAN_POINT('',(14.9,6.892632411335,-13.3225980865));
#3905 = SURFACE_CURVE('',#3906,(#3910,#3917),.PCURVE_S1.);
#3906 = LINE('',#3907,#3908);
#3907 = CARTESIAN_POINT('',(19.95,6.892632411335,-13.3225980865));
#3908 = VECTOR('',#3909,1.);
#3909 = DIRECTION('',(-1.,0.,-1.110223024625E-16));
#3910 = PCURVE('',#459,#3911);
#3911 = DEFINITIONAL_REPRESENTATION('',(#3912),#3916);
#3912 = LINE('',#3913,#3914);
#3913 = CARTESIAN_POINT('',(4.234946875436,5.05));
#3914 = VECTOR('',#3915,1.);
#3915 = DIRECTION('',(0.,1.));
#3916 = ( GEOMETRIC_REPRESENTATION_CONTEXT(2) 
PARAMETRIC_REPRESENTATION_CONTEXT() REPRESENTATION_CONTEXT('2D SPACE',''
  ) );
#3917 = PCURVE('',#666,#3918);
#3918 = DEFINITIONAL_REPRESENTATION('',(#3919),#3923);
#3919 = LINE('',#3920,#3921);
#3920 = CARTESIAN_POINT('',(1.085485486673,-5.05));
#3921 = VECTOR('',#3922,1.);
#3922 = DIRECTION('',(0.,-1.));
#3923 = ( GEOMETRIC_REPRESENTATION_CONTEXT(2) 
PARAMETRIC_REPRESENTATION_CONTEXT() REPRESENTATION_CONTEXT('2D SPACE',''
  ) );
#3924 = ORIENTED_EDGE('',*,*,#3925,.T.);
#3925 = EDGE_CURVE('',#3903,#3926,#3928,.T.);
#3926 = VERTEX_POINT('',#3927);
#3927 = CARTESIAN_POINT('',(14.9,4.546672296352,-14.29432658291));
#3928 = SURFACE_CURVE('',#3929,(#3942,#3971),.PCURVE_S1.);
#3929 = B_SPLINE_CURVE_WITH_KNOTS('',3,(#3930,#3931,#3932,#3933,#3934,
    #3935,#3936,#3937,#3938,#3939,#3940,#3941),.UNSPECIFIED.,.F.,.F.,(4,
    2,2,2,2,4),(4.50464977625E-07,6.702361800534E-04,1.340021895129E-03,
    1.674914752667E-03,2.009807610205E-03,2.679593325281E-03),
  .UNSPECIFIED.);
#3930 = CARTESIAN_POINT('',(14.9,6.892632411335,-13.3225980865));
#3931 = CARTESIAN_POINT('',(14.800879776665,6.714120937858,
    -13.41495349379));
#3932 = CARTESIAN_POINT('',(14.707731769539,6.531796250917,
    -13.50482072688));
#3933 = CARTESIAN_POINT('',(14.560867625141,6.149252951099,
    -13.68324644556));
#3934 = CARTESIAN_POINT('',(14.509503444282,5.946356774118,
    -13.77281435607));
#3935 = CARTESIAN_POINT('',(14.509409267359,5.637808564865,
    -13.90062981215));
#3936 = CARTESIAN_POINT('',(14.52197512865,5.532664887315,
    -13.94279823943));
#3937 = CARTESIAN_POINT('',(14.56627776439,5.32842005119,-14.02212335086
    ));
#3938 = CARTESIAN_POINT('',(14.597508801439,5.22843628187,
    -14.05967712754));
#3939 = CARTESIAN_POINT('',(14.707237007111,4.931884731281,
    -14.16759599675));
#3940 = CARTESIAN_POINT('',(14.80087123307,4.738220613487,
    -14.23339979319));
#3941 = CARTESIAN_POINT('',(14.9,4.546672296352,-14.29432658291));
#3942 = PCURVE('',#459,#3943);
#3943 = DEFINITIONAL_REPRESENTATION('',(#3944),#3970);
#3944 = B_SPLINE_CURVE_WITH_KNOTS('',3,(#3945,#3946,#3947,#3948,#3949,
    #3950,#3951,#3952,#3953,#3954,#3955,#3956,#3957,#3958,#3959,#3960,
    #3961,#3962,#3963,#3964,#3965,#3966,#3967,#3968,#3969),
  .UNSPECIFIED.,.F.,.F.,(4,1,1,1,1,1,1,1,1,1,1,1,1,1,1,1,1,1,1,1,1,1,4),
  (4.50464977625E-07,1.222296859005E-04,2.440089068234E-04,
    3.657881277462E-04,4.875673486691E-04,6.09346569592E-04,
    7.311257905148E-04,8.529050114377E-04,9.746842323606E-04,
    1.096463453283E-03,1.218242674206E-03,1.340021895129E-03,
    1.461801116052E-03,1.583580336975E-03,1.705359557898E-03,
    1.827138778821E-03,1.948917999744E-03,2.070697220666E-03,
    2.192476441589E-03,2.314255662512E-03,2.436034883435E-03,
    2.557814104358E-03,2.679593325281E-03),.UNSPECIFIED.);
#3945 = CARTESIAN_POINT('',(4.234946875436,10.1));
#3946 = CARTESIAN_POINT('',(4.237383087092,10.118021858788));
#3947 = CARTESIAN_POINT('',(4.242265388624,10.153670638996));
#3948 = CARTESIAN_POINT('',(4.249631884372,10.205464076845));
#3949 = CARTESIAN_POINT('',(4.257054837566,10.255079978311));
#3950 = CARTESIAN_POINT('',(4.264547643992,10.302030631957));
#3951 = CARTESIAN_POINT('',(4.272123934058,10.34579083998));
#3952 = CARTESIAN_POINT('',(4.279796541563,10.38597525755));
#3953 = CARTESIAN_POINT('',(4.28760500229,10.421256910268));
#3954 = CARTESIAN_POINT('',(4.295517992022,10.450580096591));
#3955 = CARTESIAN_POINT('',(4.30351308461,10.472889038815));
#3956 = CARTESIAN_POINT('',(4.311570263084,10.487137042604));
#3957 = CARTESIAN_POINT('',(4.319651124329,10.492241156309));
#3958 = CARTESIAN_POINT('',(4.327788641264,10.487254374164));
#3959 = CARTESIAN_POINT('',(4.335936470512,10.473188238353));
#3960 = CARTESIAN_POINT('',(4.343951121507,10.450776830437));
#3961 = CARTESIAN_POINT('',(4.351809424004,10.42136428325));
#3962 = CARTESIAN_POINT('',(4.359553772355,10.38610619607));
#3963 = CARTESIAN_POINT('',(4.367201648913,10.34609001052));
#3964 = CARTESIAN_POINT('',(4.374776735639,10.302341684666));
#3965 = CARTESIAN_POINT('',(4.382281998714,10.255325418161));
#3966 = CARTESIAN_POINT('',(4.389723985748,10.205602154452));
#3967 = CARTESIAN_POINT('',(4.397108262135,10.153706905662));
#3968 = CARTESIAN_POINT('',(4.401996500953,10.118023412169));
#3969 = CARTESIAN_POINT('',(4.404432921936,10.1));
#3970 = ( GEOMETRIC_REPRESENTATION_CONTEXT(2) 
PARAMETRIC_REPRESENTATION_CONTEXT() REPRESENTATION_CONTEXT('2D SPACE',''
  ) );
#3971 = PCURVE('',#3972,#3977);
#3972 = CONICAL_SURFACE('',#3973,1.65,1.029744258677);
#3973 = AXIS2_PLACEMENT_3D('',#3974,#3975,#3976);
#3974 = CARTESIAN_POINT('',(14.9,6.122934917841,-14.78207257018));
#3975 = DIRECTION('',(1.,0.,1.110223024625E-16));
#3976 = DIRECTION('',(1.232595164408E-32,1.,-1.110223024625E-16));
#3977 = DEFINITIONAL_REPRESENTATION('',(#3978),#4004);
#3978 = B_SPLINE_CURVE_WITH_KNOTS('',3,(#3979,#3980,#3981,#3982,#3983,
    #3984,#3985,#3986,#3987,#3988,#3989,#3990,#3991,#3992,#3993,#3994,
    #3995,#3996,#3997,#3998,#3999,#4000,#4001,#4002,#4003),
  .UNSPECIFIED.,.F.,.F.,(4,1,1,1,1,1,1,1,1,1,1,1,1,1,1,1,1,1,1,1,1,1,4),
  (4.50464977625E-07,1.222296859005E-04,2.440089068234E-04,
    3.657881277463E-04,4.875673486691E-04,6.09346569592E-04,
    7.311257905149E-04,8.529050114378E-04,9.746842323607E-04,
    1.096463453284E-03,1.218242674206E-03,1.340021895129E-03,
    1.461801116052E-03,1.583580336975E-03,1.705359557898E-03,
    1.827138778821E-03,1.948917999744E-03,2.070697220667E-03,
    2.192476441589E-03,2.314255662512E-03,2.436034883435E-03,
    2.557814104358E-03,2.679593325281E-03),.QUASI_UNIFORM_KNOTS.);
#3979 = CARTESIAN_POINT('',(1.085485486673,5.27874720329E-13));
#3980 = CARTESIAN_POINT('',(1.098147250604,-1.801612243193E-02));
#3981 = CARTESIAN_POINT('',(1.124995136163,-5.360286949544E-02));
#3982 = CARTESIAN_POINT('',(1.17075926823,-0.105259396148));
#3983 = CARTESIAN_POINT('',(1.222891152909,-0.154835045774));
#3984 = CARTESIAN_POINT('',(1.282419475208,-0.201868174195));
#3985 = CARTESIAN_POINT('',(1.350441983221,-0.245793235022));
#3986 = CARTESIAN_POINT('',(1.428023720299,-0.285968184779));
#3987 = CARTESIAN_POINT('',(1.516418496994,-0.321427884461));
#3988 = CARTESIAN_POINT('',(1.615623611269,-0.350924470065));
#3989 = CARTESIAN_POINT('',(1.724747395329,-0.373251839621));
#3990 = CARTESIAN_POINT('',(1.841712593221,-0.38729536764));
#3991 = CARTESIAN_POINT('',(1.962909511991,-0.392172515852));
#3992 = CARTESIAN_POINT('',(2.084981953158,-0.387370610932));
#3993 = CARTESIAN_POINT('',(2.203253825175,-0.37323934499));
#3994 = CARTESIAN_POINT('',(2.312540340427,-0.350766711286));
#3995 = CARTESIAN_POINT('',(2.410965274054,-0.321343822217));
#3996 = CARTESIAN_POINT('',(2.498632727402,-0.286101634409));
#3997 = CARTESIAN_POINT('',(2.576028329062,-0.246091870143));
#3998 = CARTESIAN_POINT('',(2.644102599359,-0.202196154843));
#3999 = CARTESIAN_POINT('',(2.703779419845,-0.155103921744));
#4000 = CARTESIAN_POINT('',(2.756075119539,-0.105415895758));
#4001 = CARTESIAN_POINT('',(2.801961154737,-5.3644887156E-02));
#4002 = CARTESIAN_POINT('',(2.828843828335,-1.801799953371E-02));
#4003 = CARTESIAN_POINT('',(2.841505330312,1.82329986966E-13));
#4004 = ( GEOMETRIC_REPRESENTATION_CONTEXT(2) 
PARAMETRIC_REPRESENTATION_CONTEXT() REPRESENTATION_CONTEXT('2D SPACE',''
  ) );
#4005 = ORIENTED_EDGE('',*,*,#4006,.T.);
#4006 = EDGE_CURVE('',#3926,#4007,#4009,.T.);
#4007 = VERTEX_POINT('',#4008);
#4008 = CARTESIAN_POINT('',(15.,4.546672296352,-14.29432658291));
#4009 = SURFACE_CURVE('',#4010,(#4014,#4021),.PCURVE_S1.);
#4010 = LINE('',#4011,#4012);
#4011 = CARTESIAN_POINT('',(19.95,4.546672296352,-14.29432658291));
#4012 = VECTOR('',#4013,1.);
#4013 = DIRECTION('',(1.,0.,1.110223024625E-16));
#4014 = PCURVE('',#459,#4015);
#4015 = DEFINITIONAL_REPRESENTATION('',(#4016),#4020);
#4016 = LINE('',#4017,#4018);
#4017 = CARTESIAN_POINT('',(4.404432921936,5.05));
#4018 = VECTOR('',#4019,1.);
#4019 = DIRECTION('',(0.,-1.));
#4020 = ( GEOMETRIC_REPRESENTATION_CONTEXT(2) 
PARAMETRIC_REPRESENTATION_CONTEXT() REPRESENTATION_CONTEXT('2D SPACE',''
  ) );
#4021 = PCURVE('',#666,#4022);
#4022 = DEFINITIONAL_REPRESENTATION('',(#4023),#4027);
#4023 = LINE('',#4024,#4025);
#4024 = CARTESIAN_POINT('',(2.841505330314,-5.05));
#4025 = VECTOR('',#4026,1.);
#4026 = DIRECTION('',(0.,1.));
#4027 = ( GEOMETRIC_REPRESENTATION_CONTEXT(2) 
PARAMETRIC_REPRESENTATION_CONTEXT() REPRESENTATION_CONTEXT('2D SPACE',''
  ) );
#4028 = ORIENTED_EDGE('',*,*,#4029,.F.);
#4029 = EDGE_CURVE('',#497,#4007,#4030,.T.);
#4030 = SURFACE_CURVE('',#4031,(#4036,#4043),.PCURVE_S1.);
#4031 = CIRCLE('',#4032,15.);
#4032 = AXIS2_PLACEMENT_3D('',#4033,#4034,#4035);
#4033 = CARTESIAN_POINT('',(15.,-5.551115187997E-24,-4.999999891897E-08)
  );
#4034 = DIRECTION('',(1.,0.,1.110223024625E-16));
#4035 = DIRECTION('',(1.232595164408E-32,1.,-1.110223024625E-16));
#4036 = PCURVE('',#459,#4037);
#4037 = DEFINITIONAL_REPRESENTATION('',(#4038),#4042);
#4038 = LINE('',#4039,#4040);
#4039 = CARTESIAN_POINT('',(9.424777960769,10.));
#4040 = VECTOR('',#4041,1.);
#4041 = DIRECTION('',(-1.,0.));
#4042 = ( GEOMETRIC_REPRESENTATION_CONTEXT(2) 
PARAMETRIC_REPRESENTATION_CONTEXT() REPRESENTATION_CONTEXT('2D SPACE',''
  ) );
#4043 = PCURVE('',#242,#4044);
#4044 = DEFINITIONAL_REPRESENTATION('',(#4045),#4049);
#4045 = CIRCLE('',#4046,15.);
#4046 = AXIS2_PLACEMENT_2D('',#4047,#4048);
#4047 = CARTESIAN_POINT('',(0.,0.));
#4048 = DIRECTION('',(1.,0.));
#4049 = ( GEOMETRIC_REPRESENTATION_CONTEXT(2) 
PARAMETRIC_REPRESENTATION_CONTEXT() REPRESENTATION_CONTEXT('2D SPACE',''
  ) );
#4050 = ORIENTED_EDGE('',*,*,#496,.T.);
#4051 = ORIENTED_EDGE('',*,*,#4052,.T.);
#4052 = EDGE_CURVE('',#499,#391,#4053,.T.);
#4053 = SURFACE_CURVE('',#4054,(#4061,#4090),.PCURVE_S1.);
#4054 = B_SPLINE_CURVE_WITH_KNOTS('',3,(#4055,#4056,#4057,#4058,#4059,
    #4060),.UNSPECIFIED.,.F.,.F.,(4,2,4),(4.50464977625E-07,
    4.597176011081E-04,9.189847372385E-04),.UNSPECIFIED.);
#4055 = CARTESIAN_POINT('',(14.9,-13.3225980365,-6.892632461336));
#4056 = CARTESIAN_POINT('',(14.832033992247,-13.38592545967,
    -6.77022845757));
#4057 = CARTESIAN_POINT('',(14.767236567471,-13.44812790151,
    -6.645895331153));
#4058 = CARTESIAN_POINT('',(14.651093689097,-13.57124750515,
    -6.390720611665));
#4059 = CARTESIAN_POINT('',(14.599526614038,-13.63214421143,
    -6.259966192464));
#4060 = CARTESIAN_POINT('',(14.562710233467,-13.69341695822,
    -6.122934967841));
#4061 = PCURVE('',#459,#4062);
#4062 = DEFINITIONAL_REPRESENTATION('',(#4063),#4089);
#4063 = B_SPLINE_CURVE_WITH_KNOTS('',3,(#4064,#4065,#4066,#4067,#4068,
    #4069,#4070,#4071,#4072,#4073,#4074,#4075,#4076,#4077,#4078,#4079,
    #4080,#4081,#4082,#4083,#4084,#4085,#4086,#4087,#4088),
  .UNSPECIFIED.,.F.,.F.,(4,1,1,1,1,1,1,1,1,1,1,1,1,1,1,1,1,1,1,1,1,1,4),
  (4.50464977625E-07,4.220202280767E-05,8.395358063771E-05,
    1.257051384677E-04,1.674566962978E-04,2.092082541278E-04,
    2.509598119579E-04,2.927113697879E-04,3.34462927618E-04,
    3.76214485448E-04,4.17966043278E-04,4.597176011081E-04,
    5.014691589381E-04,5.432207167682E-04,5.849722745982E-04,
    6.267238324282E-04,6.684753902583E-04,7.102269480883E-04,
    7.519785059184E-04,7.937300637484E-04,8.354816215784E-04,
    8.772331794085E-04,9.189847372385E-04),.UNSPECIFIED.);
#4064 = CARTESIAN_POINT('',(5.805743202231,10.1));
#4065 = CARTESIAN_POINT('',(5.806578447509,10.106178727978));
#4066 = CARTESIAN_POINT('',(5.80825025636,10.118483810658));
#4067 = CARTESIAN_POINT('',(5.810762360808,10.136768278499));
#4068 = CARTESIAN_POINT('',(5.813279292582,10.154863553732));
#4069 = CARTESIAN_POINT('',(5.815801488308,10.172753600167));
#4070 = CARTESIAN_POINT('',(5.818329384913,10.190422380739));
#4071 = CARTESIAN_POINT('',(5.820863419535,10.207853861651));
#4072 = CARTESIAN_POINT('',(5.823404029889,10.225031996904));
#4073 = CARTESIAN_POINT('',(5.82595165273,10.241940786035));
#4074 = CARTESIAN_POINT('',(5.828506729483,10.25856405864));
#4075 = CARTESIAN_POINT('',(5.831069685071,10.274886278553));
#4076 = CARTESIAN_POINT('',(5.833641006815,10.290889542583));
#4077 = CARTESIAN_POINT('',(5.836220949835,10.306564781413));
#4078 = CARTESIAN_POINT('',(5.838810325026,10.321881788562));
#4079 = CARTESIAN_POINT('',(5.841410176478,10.336801523674));
#4080 = CARTESIAN_POINT('',(5.844021486851,10.351287313419));
#4081 = CARTESIAN_POINT('',(5.846645256243,10.365301850227));
#4082 = CARTESIAN_POINT('',(5.849282480972,10.378807996469));
#4083 = CARTESIAN_POINT('',(5.851934159181,10.391768568983));
#4084 = CARTESIAN_POINT('',(5.854601289247,10.404146396808));
#4085 = CARTESIAN_POINT('',(5.857284870126,10.415904305711));
#4086 = CARTESIAN_POINT('',(5.859985901138,10.427005122338));
#4087 = CARTESIAN_POINT('',(5.86179888841,10.433942822845));
#4088 = CARTESIAN_POINT('',(5.862708623634,10.437289766533));
#4089 = ( GEOMETRIC_REPRESENTATION_CONTEXT(2) 
PARAMETRIC_REPRESENTATION_CONTEXT() REPRESENTATION_CONTEXT('2D SPACE',''
  ) );
#4090 = PCURVE('',#406,#4091);
#4091 = DEFINITIONAL_REPRESENTATION('',(#4092),#4118);
#4092 = B_SPLINE_CURVE_WITH_KNOTS('',3,(#4093,#4094,#4095,#4096,#4097,
    #4098,#4099,#4100,#4101,#4102,#4103,#4104,#4105,#4106,#4107,#4108,
    #4109,#4110,#4111,#4112,#4113,#4114,#4115,#4116,#4117),
  .UNSPECIFIED.,.F.,.F.,(4,1,1,1,1,1,1,1,1,1,1,1,1,1,1,1,1,1,1,1,1,1,4),
  (4.50464977625E-07,4.220202280767E-05,8.395358063771E-05,
    1.257051384677E-04,1.674566962978E-04,2.092082541278E-04,
    2.509598119579E-04,2.927113697879E-04,3.34462927618E-04,
    3.76214485448E-04,4.17966043278E-04,4.597176011081E-04,
    5.014691589381E-04,5.432207167682E-04,5.849722745982E-04,
    6.267238324282E-04,6.684753902583E-04,7.102269480883E-04,
    7.519785059184E-04,7.937300637484E-04,8.354816215784E-04,
    8.772331794085E-04,9.189847372385E-04),.UNSPECIFIED.);
#4093 = CARTESIAN_POINT('',(5.797874467058,2.940806241388E-16));
#4094 = CARTESIAN_POINT('',(5.802212273106,-6.178663575793E-03));
#4095 = CARTESIAN_POINT('',(5.811071943489,-1.848052915823E-02));
#4096 = CARTESIAN_POINT('',(5.824945221164,-3.675473647278E-02));
#4097 = CARTESIAN_POINT('',(5.839433253136,-5.483846362439E-02));
#4098 = CARTESIAN_POINT('',(5.854569174244,-7.271871114183E-02));
#4099 = CARTESIAN_POINT('',(5.870387534568,-9.038167008408E-02));
#4100 = CARTESIAN_POINT('',(5.886924470894,-0.107812555887));
#4101 = CARTESIAN_POINT('',(5.904217602724,-0.124995559715));
#4102 = CARTESIAN_POINT('',(5.922305938032,-0.141913776483));
#4103 = CARTESIAN_POINT('',(5.94122978744,-0.158549091301));
#4104 = CARTESIAN_POINT('',(5.961030354694,-0.174882242574));
#4105 = CARTESIAN_POINT('',(5.981750273303,-0.190892213288));
#4106 = CARTESIAN_POINT('',(6.003430274384,-0.206558134569));
#4107 = CARTESIAN_POINT('',(6.026116391228,-0.221854137165));
#4108 = CARTESIAN_POINT('',(6.049857240968,-0.236750954226));
#4109 = CARTESIAN_POINT('',(6.074700421906,-0.251217801259));
#4110 = CARTESIAN_POINT('',(6.100692545581,-0.265221757582));
#4111 = CARTESIAN_POINT('',(6.127878097181,-0.278727837284));
#4112 = CARTESIAN_POINT('',(6.15629835186,-0.291698896823));
#4113 = CARTESIAN_POINT('',(6.18599015394,-0.304095641668));
#4114 = CARTESIAN_POINT('',(6.216984044048,-0.315876580824));
#4115 = CARTESIAN_POINT('',(6.249303974725,-0.326998323189));
#4116 = CARTESIAN_POINT('',(6.271741473849,-0.333942672906));
#4117 = CARTESIAN_POINT('',(6.28318530718,-0.337289766533));
#4118 = ( GEOMETRIC_REPRESENTATION_CONTEXT(2) 
PARAMETRIC_REPRESENTATION_CONTEXT() REPRESENTATION_CONTEXT('2D SPACE',''
  ) );
#4119 = ORIENTED_EDGE('',*,*,#418,.T.);
#4120 = ORIENTED_EDGE('',*,*,#4121,.T.);
#4121 = EDGE_CURVE('',#357,#4122,#4124,.T.);
#4122 = VERTEX_POINT('',#4123);
#4123 = CARTESIAN_POINT('',(15.,-14.29432653291,-4.546672346352));
#4124 = SURFACE_CURVE('',#4125,(#4129,#4136),.PCURVE_S1.);
#4125 = LINE('',#4126,#4127);
#4126 = CARTESIAN_POINT('',(19.95,-14.29432653291,-4.546672346352));
#4127 = VECTOR('',#4128,1.);
#4128 = DIRECTION('',(1.,0.,1.110223024625E-16));
#4129 = PCURVE('',#459,#4130);
#4130 = DEFINITIONAL_REPRESENTATION('',(#4131),#4135);
#4131 = LINE('',#4132,#4133);
#4132 = CARTESIAN_POINT('',(5.975229248731,5.05));
#4133 = VECTOR('',#4134,1.);
#4134 = DIRECTION('',(0.,-1.));
#4135 = ( GEOMETRIC_REPRESENTATION_CONTEXT(2) 
PARAMETRIC_REPRESENTATION_CONTEXT() REPRESENTATION_CONTEXT('2D SPACE',''
  ) );
#4136 = PCURVE('',#378,#4137);
#4137 = DEFINITIONAL_REPRESENTATION('',(#4138),#4142);
#4138 = LINE('',#4139,#4140);
#4139 = CARTESIAN_POINT('',(1.270709003519,-5.05));
#4140 = VECTOR('',#4141,1.);
#4141 = DIRECTION('',(0.,1.));
#4142 = ( GEOMETRIC_REPRESENTATION_CONTEXT(2) 
PARAMETRIC_REPRESENTATION_CONTEXT() REPRESENTATION_CONTEXT('2D SPACE',''
  ) );
#4143 = ORIENTED_EDGE('',*,*,#4144,.F.);
#4144 = EDGE_CURVE('',#3632,#4122,#4145,.T.);
#4145 = SURFACE_CURVE('',#4146,(#4151,#4158),.PCURVE_S1.);
#4146 = CIRCLE('',#4147,15.);
#4147 = AXIS2_PLACEMENT_3D('',#4148,#4149,#4150);
#4148 = CARTESIAN_POINT('',(15.,-5.551115187997E-24,-4.999999891897E-08)
  );
#4149 = DIRECTION('',(1.,0.,1.110223024625E-16));
#4150 = DIRECTION('',(1.232595164408E-32,1.,-1.110223024625E-16));
#4151 = PCURVE('',#459,#4152);
#4152 = DEFINITIONAL_REPRESENTATION('',(#4153),#4157);
#4153 = LINE('',#4154,#4155);
#4154 = CARTESIAN_POINT('',(9.424777960769,10.));
#4155 = VECTOR('',#4156,1.);
#4156 = DIRECTION('',(-1.,0.));
#4157 = ( GEOMETRIC_REPRESENTATION_CONTEXT(2) 
PARAMETRIC_REPRESENTATION_CONTEXT() REPRESENTATION_CONTEXT('2D SPACE',''
  ) );
#4158 = PCURVE('',#242,#4159);
#4159 = DEFINITIONAL_REPRESENTATION('',(#4160),#4164);
#4160 = CIRCLE('',#4161,15.);
#4161 = AXIS2_PLACEMENT_2D('',#4162,#4163);
#4162 = CARTESIAN_POINT('',(0.,0.));
#4163 = DIRECTION('',(1.,0.));
#4164 = ( GEOMETRIC_REPRESENTATION_CONTEXT(2) 
PARAMETRIC_REPRESENTATION_CONTEXT() REPRESENTATION_CONTEXT('2D SPACE',''
  ) );
#4165 = ORIENTED_EDGE('',*,*,#3631,.T.);
#4166 = ORIENTED_EDGE('',*,*,#4167,.T.);
#4167 = EDGE_CURVE('',#3608,#3585,#4168,.T.);
#4168 = SURFACE_CURVE('',#4169,(#4174,#4181),.PCURVE_S1.);
#4169 = CIRCLE('',#4170,15.);
#4170 = AXIS2_PLACEMENT_3D('',#4171,#4172,#4173);
#4171 = CARTESIAN_POINT('',(-25.,-5.551115187997E-24,-5.000000335986E-08
    ));
#4172 = DIRECTION('',(1.,0.,1.110223024625E-16));
#4173 = DIRECTION('',(1.232595164408E-32,1.,-1.110223024625E-16));
#4174 = PCURVE('',#459,#4175);
#4175 = DEFINITIONAL_REPRESENTATION('',(#4176),#4180);
#4176 = LINE('',#4177,#4178);
#4177 = CARTESIAN_POINT('',(9.424777960769,50.));
#4178 = VECTOR('',#4179,1.);
#4179 = DIRECTION('',(-1.,0.));
#4180 = ( GEOMETRIC_REPRESENTATION_CONTEXT(2) 
PARAMETRIC_REPRESENTATION_CONTEXT() REPRESENTATION_CONTEXT('2D SPACE',''
  ) );
#4181 = PCURVE('',#1702,#4182);
#4182 = DEFINITIONAL_REPRESENTATION('',(#4183),#4187);
#4183 = CIRCLE('',#4184,15.);
#4184 = AXIS2_PLACEMENT_2D('',#4185,#4186);
#4185 = CARTESIAN_POINT('',(0.,0.));
#4186 = DIRECTION('',(1.,0.));
#4187 = ( GEOMETRIC_REPRESENTATION_CONTEXT(2) 
PARAMETRIC_REPRESENTATION_CONTEXT() REPRESENTATION_CONTEXT('2D SPACE',''
  ) );
#4188 = ADVANCED_FACE('',(#4189,#4214,#4239,#4264,#4289,#4314,#4413,
    #4438,#4463,#4488),#45,.T.);
#4189 = FACE_BOUND('',#4190,.T.);
#4190 = EDGE_LOOP('',(#4191,#4213));
#4191 = ORIENTED_EDGE('',*,*,#4192,.T.);
#4192 = EDGE_CURVE('',#24,#22,#4193,.T.);
#4193 = SURFACE_CURVE('',#4194,(#4199,#4206),.PCURVE_S1.);
#4194 = CIRCLE('',#4195,24.);
#4195 = AXIS2_PLACEMENT_3D('',#4196,#4197,#4198);
#4196 = CARTESIAN_POINT('',(25.,-5.551115187997E-24,-4.999999780875E-08)
  );
#4197 = DIRECTION('',(1.,0.,1.110223024625E-16));
#4198 = DIRECTION('',(1.232595164408E-32,1.,-1.110223024625E-16));
#4199 = PCURVE('',#45,#4200);
#4200 = DEFINITIONAL_REPRESENTATION('',(#4201),#4205);
#4201 = CIRCLE('',#4202,24.);
#4202 = AXIS2_PLACEMENT_2D('',#4203,#4204);
#4203 = CARTESIAN_POINT('',(0.,0.));
#4204 = DIRECTION('',(1.,0.));
#4205 = ( GEOMETRIC_REPRESENTATION_CONTEXT(2) 
PARAMETRIC_REPRESENTATION_CONTEXT() REPRESENTATION_CONTEXT('2D SPACE',''
  ) );
#4206 = PCURVE('',#73,#4207);
#4207 = DEFINITIONAL_REPRESENTATION('',(#4208),#4212);
#4208 = LINE('',#4209,#4210);
#4209 = CARTESIAN_POINT('',(9.424777960769,0.));
#4210 = VECTOR('',#4211,1.);
#4211 = DIRECTION('',(-1.,0.));
#4212 = ( GEOMETRIC_REPRESENTATION_CONTEXT(2) 
PARAMETRIC_REPRESENTATION_CONTEXT() REPRESENTATION_CONTEXT('2D SPACE',''
  ) );
#4213 = ORIENTED_EDGE('',*,*,#21,.T.);
#4214 = FACE_BOUND('',#4215,.T.);
#4215 = EDGE_LOOP('',(#4216,#4238));
#4216 = ORIENTED_EDGE('',*,*,#4217,.F.);
#4217 = EDGE_CURVE('',#255,#283,#4218,.T.);
#4218 = SURFACE_CURVE('',#4219,(#4224,#4231),.PCURVE_S1.);
#4219 = CIRCLE('',#4220,1.65);
#4220 = AXIS2_PLACEMENT_3D('',#4221,#4222,#4223);
#4221 = CARTESIAN_POINT('',(25.,-6.122934917841,14.782072470181));
#4222 = DIRECTION('',(1.,0.,1.110223024625E-16));
#4223 = DIRECTION('',(1.232595164408E-32,1.,-1.110223024625E-16));
#4224 = PCURVE('',#45,#4225);
#4225 = DEFINITIONAL_REPRESENTATION('',(#4226),#4230);
#4226 = CIRCLE('',#4227,1.65);
#4227 = AXIS2_PLACEMENT_2D('',#4228,#4229);
#4228 = CARTESIAN_POINT('',(-6.122934917841,14.782072520181));
#4229 = DIRECTION('',(1.,0.));
#4230 = ( GEOMETRIC_REPRESENTATION_CONTEXT(2) 
PARAMETRIC_REPRESENTATION_CONTEXT() REPRESENTATION_CONTEXT('2D SPACE',''
  ) );
#4231 = PCURVE('',#270,#4232);
#4232 = DEFINITIONAL_REPRESENTATION('',(#4233),#4237);
#4233 = LINE('',#4234,#4235);
#4234 = CARTESIAN_POINT('',(0.,0.));
#4235 = VECTOR('',#4236,1.);
#4236 = DIRECTION('',(1.,0.));
#4237 = ( GEOMETRIC_REPRESENTATION_CONTEXT(2) 
PARAMETRIC_REPRESENTATION_CONTEXT() REPRESENTATION_CONTEXT('2D SPACE',''
  ) );
#4238 = ORIENTED_EDGE('',*,*,#282,.F.);
#4239 = FACE_BOUND('',#4240,.T.);
#4240 = EDGE_LOOP('',(#4241,#4263));
#4241 = ORIENTED_EDGE('',*,*,#4242,.F.);
#4242 = EDGE_CURVE('',#549,#572,#4243,.T.);
#4243 = SURFACE_CURVE('',#4244,(#4249,#4256),.PCURVE_S1.);
#4244 = CIRCLE('',#4245,1.65);
#4245 = AXIS2_PLACEMENT_3D('',#4246,#4247,#4248);
#4246 = CARTESIAN_POINT('',(25.,-14.78207252018,-6.122934967841));
#4247 = DIRECTION('',(1.,0.,1.110223024625E-16));
#4248 = DIRECTION('',(1.232595164408E-32,1.,-1.110223024625E-16));
#4249 = PCURVE('',#45,#4250);
#4250 = DEFINITIONAL_REPRESENTATION('',(#4251),#4255);
#4251 = CIRCLE('',#4252,1.65);
#4252 = AXIS2_PLACEMENT_2D('',#4253,#4254);
#4253 = CARTESIAN_POINT('',(-14.78207252018,-6.122934917841));
#4254 = DIRECTION('',(1.,0.));
#4255 = ( GEOMETRIC_REPRESENTATION_CONTEXT(2) 
PARAMETRIC_REPRESENTATION_CONTEXT() REPRESENTATION_CONTEXT('2D SPACE',''
  ) );
#4256 = PCURVE('',#378,#4257);
#4257 = DEFINITIONAL_REPRESENTATION('',(#4258),#4262);
#4258 = LINE('',#4259,#4260);
#4259 = CARTESIAN_POINT('',(0.,0.));
#4260 = VECTOR('',#4261,1.);
#4261 = DIRECTION('',(1.,0.));
#4262 = ( GEOMETRIC_REPRESENTATION_CONTEXT(2) 
PARAMETRIC_REPRESENTATION_CONTEXT() REPRESENTATION_CONTEXT('2D SPACE',''
  ) );
#4263 = ORIENTED_EDGE('',*,*,#571,.F.);
#4264 = FACE_BOUND('',#4265,.T.);
#4265 = EDGE_LOOP('',(#4266,#4288));
#4266 = ORIENTED_EDGE('',*,*,#4267,.F.);
#4267 = EDGE_CURVE('',#646,#679,#4268,.T.);
#4268 = SURFACE_CURVE('',#4269,(#4274,#4281),.PCURVE_S1.);
#4269 = CIRCLE('',#4270,1.65);
#4270 = AXIS2_PLACEMENT_3D('',#4271,#4272,#4273);
#4271 = CARTESIAN_POINT('',(25.,6.122934917841,-14.78207257018));
#4272 = DIRECTION('',(1.,0.,1.110223024625E-16));
#4273 = DIRECTION('',(1.232595164408E-32,1.,-1.110223024625E-16));
#4274 = PCURVE('',#45,#4275);
#4275 = DEFINITIONAL_REPRESENTATION('',(#4276),#4280);
#4276 = CIRCLE('',#4277,1.65);
#4277 = AXIS2_PLACEMENT_2D('',#4278,#4279);
#4278 = CARTESIAN_POINT('',(6.122934917841,-14.78207252018));
#4279 = DIRECTION('',(1.,0.));
#4280 = ( GEOMETRIC_REPRESENTATION_CONTEXT(2) 
PARAMETRIC_REPRESENTATION_CONTEXT() REPRESENTATION_CONTEXT('2D SPACE',''
  ) );
#4281 = PCURVE('',#666,#4282);
#4282 = DEFINITIONAL_REPRESENTATION('',(#4283),#4287);
#4283 = LINE('',#4284,#4285);
#4284 = CARTESIAN_POINT('',(0.,0.));
#4285 = VECTOR('',#4286,1.);
#4286 = DIRECTION('',(1.,0.));
#4287 = ( GEOMETRIC_REPRESENTATION_CONTEXT(2) 
PARAMETRIC_REPRESENTATION_CONTEXT() REPRESENTATION_CONTEXT('2D SPACE',''
  ) );
#4288 = ORIENTED_EDGE('',*,*,#678,.F.);
#4289 = FACE_BOUND('',#4290,.T.);
#4290 = EDGE_LOOP('',(#4291,#4313));
#4291 = ORIENTED_EDGE('',*,*,#4292,.F.);
#4292 = EDGE_CURVE('',#805,#833,#4293,.T.);
#4293 = SURFACE_CURVE('',#4294,(#4299,#4306),.PCURVE_S1.);
#4294 = CIRCLE('',#4295,1.65);
#4295 = AXIS2_PLACEMENT_3D('',#4296,#4297,#4298);
#4296 = CARTESIAN_POINT('',(25.,14.782072520181,6.122934867841));
#4297 = DIRECTION('',(1.,0.,1.110223024625E-16));
#4298 = DIRECTION('',(1.232595164408E-32,1.,-1.110223024625E-16));
#4299 = PCURVE('',#45,#4300);
#4300 = DEFINITIONAL_REPRESENTATION('',(#4301),#4305);
#4301 = CIRCLE('',#4302,1.65);
#4302 = AXIS2_PLACEMENT_2D('',#4303,#4304);
#4303 = CARTESIAN_POINT('',(14.782072520181,6.122934917841));
#4304 = DIRECTION('',(1.,0.));
#4305 = ( GEOMETRIC_REPRESENTATION_CONTEXT(2) 
PARAMETRIC_REPRESENTATION_CONTEXT() REPRESENTATION_CONTEXT('2D SPACE',''
  ) );
#4306 = PCURVE('',#820,#4307);
#4307 = DEFINITIONAL_REPRESENTATION('',(#4308),#4312);
#4308 = LINE('',#4309,#4310);
#4309 = CARTESIAN_POINT('',(0.,0.));
#4310 = VECTOR('',#4311,1.);
#4311 = DIRECTION('',(1.,0.));
#4312 = ( GEOMETRIC_REPRESENTATION_CONTEXT(2) 
PARAMETRIC_REPRESENTATION_CONTEXT() REPRESENTATION_CONTEXT('2D SPACE',''
  ) );
#4313 = ORIENTED_EDGE('',*,*,#832,.F.);
#4314 = FACE_BOUND('',#4315,.T.);
#4315 = EDGE_LOOP('',(#4316,#4339,#4340,#4341,#4369,#4392));
#4316 = ORIENTED_EDGE('',*,*,#4317,.T.);
#4317 = EDGE_CURVE('',#4318,#1998,#4320,.T.);
#4318 = VERTEX_POINT('',#4319);
#4319 = CARTESIAN_POINT('',(25.,3.,12.79999995));
#4320 = SURFACE_CURVE('',#4321,(#4325,#4332),.PCURVE_S1.);
#4321 = LINE('',#4322,#4323);
#4322 = CARTESIAN_POINT('',(25.,3.,9.539391964169));
#4323 = VECTOR('',#4324,1.);
#4324 = DIRECTION('',(1.110223024625E-16,-1.110223024625E-16,-1.));
#4325 = PCURVE('',#45,#4326);
#4326 = DEFINITIONAL_REPRESENTATION('',(#4327),#4331);
#4327 = LINE('',#4328,#4329);
#4328 = CARTESIAN_POINT('',(3.,9.539392014169));
#4329 = VECTOR('',#4330,1.);
#4330 = DIRECTION('',(0.,-1.));
#4331 = ( GEOMETRIC_REPRESENTATION_CONTEXT(2) 
PARAMETRIC_REPRESENTATION_CONTEXT() REPRESENTATION_CONTEXT('2D SPACE',''
  ) );
#4332 = PCURVE('',#2036,#4333);
#4333 = DEFINITIONAL_REPRESENTATION('',(#4334),#4338);
#4334 = LINE('',#4335,#4336);
#4335 = CARTESIAN_POINT('',(0.,0.));
#4336 = VECTOR('',#4337,1.);
#4337 = DIRECTION('',(0.,-1.));
#4338 = ( GEOMETRIC_REPRESENTATION_CONTEXT(2) 
PARAMETRIC_REPRESENTATION_CONTEXT() REPRESENTATION_CONTEXT('2D SPACE',''
  ) );
#4339 = ORIENTED_EDGE('',*,*,#2049,.T.);
#4340 = ORIENTED_EDGE('',*,*,#1914,.T.);
#4341 = ORIENTED_EDGE('',*,*,#4342,.T.);
#4342 = EDGE_CURVE('',#1915,#4343,#4345,.T.);
#4343 = VERTEX_POINT('',#4344);
#4344 = CARTESIAN_POINT('',(25.,-3.,10.062305848749));
#4345 = SURFACE_CURVE('',#4346,(#4351,#4362),.PCURVE_S1.);
#4346 = CIRCLE('',#4347,10.5);
#4347 = AXIS2_PLACEMENT_3D('',#4348,#4349,#4350);
#4348 = CARTESIAN_POINT('',(25.,-5.551115187997E-24,-4.999999780875E-08)
  );
#4349 = DIRECTION('',(-1.,0.,-1.110223024625E-16));
#4350 = DIRECTION('',(-1.848892746611E-31,1.,1.665334536937E-15));
#4351 = PCURVE('',#45,#4352);
#4352 = DEFINITIONAL_REPRESENTATION('',(#4353),#4361);
#4353 = ( BOUNDED_CURVE() B_SPLINE_CURVE(2,(#4354,#4355,#4356,#4357,
#4358,#4359,#4360),.UNSPECIFIED.,.T.,.F.) B_SPLINE_CURVE_WITH_KNOTS((1,2
    ,2,2,2,1),(-2.094395102393,0.,2.094395102393,4.188790204786,
6.28318530718,8.377580409573),.UNSPECIFIED.) CURVE() 
GEOMETRIC_REPRESENTATION_ITEM() RATIONAL_B_SPLINE_CURVE((1.,0.5,1.,0.5,
1.,0.5,1.)) REPRESENTATION_ITEM('') );
#4354 = CARTESIAN_POINT('',(10.5,1.86517468137E-14));
#4355 = CARTESIAN_POINT('',(10.5,-18.18653347947));
#4356 = CARTESIAN_POINT('',(-5.25,-9.093266739737));
#4357 = CARTESIAN_POINT('',(-21.,-3.987525190561E-14));
#4358 = CARTESIAN_POINT('',(-5.25,9.093266739737));
#4359 = CARTESIAN_POINT('',(10.5,18.186533479473));
#4360 = CARTESIAN_POINT('',(10.5,1.86517468137E-14));
#4361 = ( GEOMETRIC_REPRESENTATION_CONTEXT(2) 
PARAMETRIC_REPRESENTATION_CONTEXT() REPRESENTATION_CONTEXT('2D SPACE',''
  ) );
#4362 = PCURVE('',#1958,#4363);
#4363 = DEFINITIONAL_REPRESENTATION('',(#4364),#4368);
#4364 = LINE('',#4365,#4366);
#4365 = CARTESIAN_POINT('',(6.28318530718,0.5));
#4366 = VECTOR('',#4367,1.);
#4367 = DIRECTION('',(-1.,0.));
#4368 = ( GEOMETRIC_REPRESENTATION_CONTEXT(2) 
PARAMETRIC_REPRESENTATION_CONTEXT() REPRESENTATION_CONTEXT('2D SPACE',''
  ) );
#4369 = ORIENTED_EDGE('',*,*,#4370,.T.);
#4370 = EDGE_CURVE('',#4343,#4371,#4373,.T.);
#4371 = VERTEX_POINT('',#4372);
#4372 = CARTESIAN_POINT('',(25.,-3.,12.79999995));
#4373 = SURFACE_CURVE('',#4374,(#4378,#4385),.PCURVE_S1.);
#4374 = LINE('',#4375,#4376);
#4375 = CARTESIAN_POINT('',(25.,-3.,9.539391964169));
#4376 = VECTOR('',#4377,1.);
#4377 = DIRECTION('',(-1.110223024625E-16,1.110223024625E-16,1.));
#4378 = PCURVE('',#45,#4379);
#4379 = DEFINITIONAL_REPRESENTATION('',(#4380),#4384);
#4380 = LINE('',#4381,#4382);
#4381 = CARTESIAN_POINT('',(-3.,9.539392014169));
#4382 = VECTOR('',#4383,1.);
#4383 = DIRECTION('',(0.,1.));
#4384 = ( GEOMETRIC_REPRESENTATION_CONTEXT(2) 
PARAMETRIC_REPRESENTATION_CONTEXT() REPRESENTATION_CONTEXT('2D SPACE',''
  ) );
#4385 = PCURVE('',#1813,#4386);
#4386 = DEFINITIONAL_REPRESENTATION('',(#4387),#4391);
#4387 = LINE('',#4388,#4389);
#4388 = CARTESIAN_POINT('',(0.,0.));
#4389 = VECTOR('',#4390,1.);
#4390 = DIRECTION('',(0.,1.));
#4391 = ( GEOMETRIC_REPRESENTATION_CONTEXT(2) 
PARAMETRIC_REPRESENTATION_CONTEXT() REPRESENTATION_CONTEXT('2D SPACE',''
  ) );
#4392 = ORIENTED_EDGE('',*,*,#4393,.T.);
#4393 = EDGE_CURVE('',#4371,#4318,#4394,.T.);
#4394 = SURFACE_CURVE('',#4395,(#4399,#4406),.PCURVE_S1.);
#4395 = LINE('',#4396,#4397);
#4396 = CARTESIAN_POINT('',(25.,3.,12.79999995));
#4397 = VECTOR('',#4398,1.);
#4398 = DIRECTION('',(1.232595164408E-32,1.,-1.110223024625E-16));
#4399 = PCURVE('',#45,#4400);
#4400 = DEFINITIONAL_REPRESENTATION('',(#4401),#4405);
#4401 = LINE('',#4402,#4403);
#4402 = CARTESIAN_POINT('',(3.,12.8));
#4403 = VECTOR('',#4404,1.);
#4404 = DIRECTION('',(1.,0.));
#4405 = ( GEOMETRIC_REPRESENTATION_CONTEXT(2) 
PARAMETRIC_REPRESENTATION_CONTEXT() REPRESENTATION_CONTEXT('2D SPACE',''
  ) );
#4406 = PCURVE('',#1011,#4407);
#4407 = DEFINITIONAL_REPRESENTATION('',(#4408),#4412);
#4408 = LINE('',#4409,#4410);
#4409 = CARTESIAN_POINT('',(0.,0.));
#4410 = VECTOR('',#4411,1.);
#4411 = DIRECTION('',(0.,1.));
#4412 = ( GEOMETRIC_REPRESENTATION_CONTEXT(2) 
PARAMETRIC_REPRESENTATION_CONTEXT() REPRESENTATION_CONTEXT('2D SPACE',''
  ) );
#4413 = FACE_BOUND('',#4414,.T.);
#4414 = EDGE_LOOP('',(#4415,#4437));
#4415 = ORIENTED_EDGE('',*,*,#4416,.F.);
#4416 = EDGE_CURVE('',#2109,#2142,#4417,.T.);
#4417 = SURFACE_CURVE('',#4418,(#4423,#4430),.PCURVE_S1.);
#4418 = CIRCLE('',#4419,4.);
#4419 = AXIS2_PLACEMENT_3D('',#4420,#4421,#4422);
#4420 = CARTESIAN_POINT('',(25.,-13.43502884254,-13.43502889254));
#4421 = DIRECTION('',(1.,0.,1.110223024625E-16));
#4422 = DIRECTION('',(1.232595164408E-32,1.,-1.110223024625E-16));
#4423 = PCURVE('',#45,#4424);
#4424 = DEFINITIONAL_REPRESENTATION('',(#4425),#4429);
#4425 = CIRCLE('',#4426,4.);
#4426 = AXIS2_PLACEMENT_2D('',#4427,#4428);
#4427 = CARTESIAN_POINT('',(-13.43502884254,-13.43502884254));
#4428 = DIRECTION('',(1.,0.));
#4429 = ( GEOMETRIC_REPRESENTATION_CONTEXT(2) 
PARAMETRIC_REPRESENTATION_CONTEXT() REPRESENTATION_CONTEXT('2D SPACE',''
  ) );
#4430 = PCURVE('',#2129,#4431);
#4431 = DEFINITIONAL_REPRESENTATION('',(#4432),#4436);
#4432 = LINE('',#4433,#4434);
#4433 = CARTESIAN_POINT('',(0.,0.));
#4434 = VECTOR('',#4435,1.);
#4435 = DIRECTION('',(1.,0.));
#4436 = ( GEOMETRIC_REPRESENTATION_CONTEXT(2) 
PARAMETRIC_REPRESENTATION_CONTEXT() REPRESENTATION_CONTEXT('2D SPACE',''
  ) );
#4437 = ORIENTED_EDGE('',*,*,#2141,.F.);
#4438 = FACE_BOUND('',#4439,.T.);
#4439 = EDGE_LOOP('',(#4440,#4462));
#4440 = ORIENTED_EDGE('',*,*,#4441,.F.);
#4441 = EDGE_CURVE('',#2336,#2369,#4442,.T.);
#4442 = SURFACE_CURVE('',#4443,(#4448,#4455),.PCURVE_S1.);
#4443 = CIRCLE('',#4444,4.);
#4444 = AXIS2_PLACEMENT_3D('',#4445,#4446,#4447);
#4445 = CARTESIAN_POINT('',(25.,13.435028842544,-13.43502889254));
#4446 = DIRECTION('',(1.,0.,1.110223024625E-16));
#4447 = DIRECTION('',(1.232595164408E-32,1.,-1.110223024625E-16));
#4448 = PCURVE('',#45,#4449);
#4449 = DEFINITIONAL_REPRESENTATION('',(#4450),#4454);
#4450 = CIRCLE('',#4451,4.);
#4451 = AXIS2_PLACEMENT_2D('',#4452,#4453);
#4452 = CARTESIAN_POINT('',(13.435028842544,-13.43502884254));
#4453 = DIRECTION('',(1.,0.));
#4454 = ( GEOMETRIC_REPRESENTATION_CONTEXT(2) 
PARAMETRIC_REPRESENTATION_CONTEXT() REPRESENTATION_CONTEXT('2D SPACE',''
  ) );
#4455 = PCURVE('',#2356,#4456);
#4456 = DEFINITIONAL_REPRESENTATION('',(#4457),#4461);
#4457 = LINE('',#4458,#4459);
#4458 = CARTESIAN_POINT('',(0.,0.));
#4459 = VECTOR('',#4460,1.);
#4460 = DIRECTION('',(1.,0.));
#4461 = ( GEOMETRIC_REPRESENTATION_CONTEXT(2) 
PARAMETRIC_REPRESENTATION_CONTEXT() REPRESENTATION_CONTEXT('2D SPACE',''
  ) );
#4462 = ORIENTED_EDGE('',*,*,#2368,.F.);
#4463 = FACE_BOUND('',#4464,.T.);
#4464 = EDGE_LOOP('',(#4465,#4487));
#4465 = ORIENTED_EDGE('',*,*,#4466,.F.);
#4466 = EDGE_CURVE('',#2563,#2596,#4467,.T.);
#4467 = SURFACE_CURVE('',#4468,(#4473,#4480),.PCURVE_S1.);
#4468 = CIRCLE('',#4469,4.);
#4469 = AXIS2_PLACEMENT_3D('',#4470,#4471,#4472);
#4470 = CARTESIAN_POINT('',(25.,13.435028842544,13.435028792544));
#4471 = DIRECTION('',(1.,0.,1.110223024625E-16));
#4472 = DIRECTION('',(1.232595164408E-32,1.,-1.110223024625E-16));
#4473 = PCURVE('',#45,#4474);
#4474 = DEFINITIONAL_REPRESENTATION('',(#4475),#4479);
#4475 = CIRCLE('',#4476,4.);
#4476 = AXIS2_PLACEMENT_2D('',#4477,#4478);
#4477 = CARTESIAN_POINT('',(13.435028842544,13.435028842544));
#4478 = DIRECTION('',(1.,0.));
#4479 = ( GEOMETRIC_REPRESENTATION_CONTEXT(2) 
PARAMETRIC_REPRESENTATION_CONTEXT() REPRESENTATION_CONTEXT('2D SPACE',''
  ) );
#4480 = PCURVE('',#2583,#4481);
#4481 = DEFINITIONAL_REPRESENTATION('',(#4482),#4486);
#4482 = LINE('',#4483,#4484);
#4483 = CARTESIAN_POINT('',(0.,0.));
#4484 = VECTOR('',#4485,1.);
#4485 = DIRECTION('',(1.,0.));
#4486 = ( GEOMETRIC_REPRESENTATION_CONTEXT(2) 
PARAMETRIC_REPRESENTATION_CONTEXT() REPRESENTATION_CONTEXT('2D SPACE',''
  ) );
#4487 = ORIENTED_EDGE('',*,*,#2595,.F.);
#4488 = FACE_BOUND('',#4489,.T.);
#4489 = EDGE_LOOP('',(#4490,#4512));
#4490 = ORIENTED_EDGE('',*,*,#4491,.F.);
#4491 = EDGE_CURVE('',#2790,#2823,#4492,.T.);
#4492 = SURFACE_CURVE('',#4493,(#4498,#4505),.PCURVE_S1.);
#4493 = CIRCLE('',#4494,4.);
#4494 = AXIS2_PLACEMENT_3D('',#4495,#4496,#4497);
#4495 = CARTESIAN_POINT('',(25.,-13.43502884254,13.435028792544));
#4496 = DIRECTION('',(1.,0.,1.110223024625E-16));
#4497 = DIRECTION('',(1.232595164408E-32,1.,-1.110223024625E-16));
#4498 = PCURVE('',#45,#4499);
#4499 = DEFINITIONAL_REPRESENTATION('',(#4500),#4504);
#4500 = CIRCLE('',#4501,4.);
#4501 = AXIS2_PLACEMENT_2D('',#4502,#4503);
#4502 = CARTESIAN_POINT('',(-13.43502884254,13.435028842544));
#4503 = DIRECTION('',(1.,0.));
#4504 = ( GEOMETRIC_REPRESENTATION_CONTEXT(2) 
PARAMETRIC_REPRESENTATION_CONTEXT() REPRESENTATION_CONTEXT('2D SPACE',''
  ) );
#4505 = PCURVE('',#2810,#4506);
#4506 = DEFINITIONAL_REPRESENTATION('',(#4507),#4511);
#4507 = LINE('',#4508,#4509);
#4508 = CARTESIAN_POINT('',(0.,0.));
#4509 = VECTOR('',#4510,1.);
#4510 = DIRECTION('',(1.,0.));
#4511 = ( GEOMETRIC_REPRESENTATION_CONTEXT(2) 
PARAMETRIC_REPRESENTATION_CONTEXT() REPRESENTATION_CONTEXT('2D SPACE',''
  ) );
#4512 = ORIENTED_EDGE('',*,*,#2822,.F.);
#4513 = ADVANCED_FACE('',(#4514,#4518),#1702,.F.);
#4514 = FACE_BOUND('',#4515,.T.);
#4515 = EDGE_LOOP('',(#4516,#4517));
#4516 = ORIENTED_EDGE('',*,*,#4167,.F.);
#4517 = ORIENTED_EDGE('',*,*,#3607,.F.);
#4518 = FACE_BOUND('',#4519,.T.);
#4519 = EDGE_LOOP('',(#4520,#4543,#4544,#4545,#4569,#4592));
#4520 = ORIENTED_EDGE('',*,*,#4521,.F.);
#4521 = EDGE_CURVE('',#1775,#4522,#4524,.T.);
#4522 = VERTEX_POINT('',#4523);
#4523 = CARTESIAN_POINT('',(-25.,-3.,12.79999995));
#4524 = SURFACE_CURVE('',#4525,(#4529,#4536),.PCURVE_S1.);
#4525 = LINE('',#4526,#4527);
#4526 = CARTESIAN_POINT('',(-25.,-3.,9.539391964169));
#4527 = VECTOR('',#4528,1.);
#4528 = DIRECTION('',(-1.110223024625E-16,1.110223024625E-16,1.));
#4529 = PCURVE('',#1702,#4530);
#4530 = DEFINITIONAL_REPRESENTATION('',(#4531),#4535);
#4531 = LINE('',#4532,#4533);
#4532 = CARTESIAN_POINT('',(-3.,9.539392014169));
#4533 = VECTOR('',#4534,1.);
#4534 = DIRECTION('',(0.,1.));
#4535 = ( GEOMETRIC_REPRESENTATION_CONTEXT(2) 
PARAMETRIC_REPRESENTATION_CONTEXT() REPRESENTATION_CONTEXT('2D SPACE',''
  ) );
#4536 = PCURVE('',#1813,#4537);
#4537 = DEFINITIONAL_REPRESENTATION('',(#4538),#4542);
#4538 = LINE('',#4539,#4540);
#4539 = CARTESIAN_POINT('',(-50.,-1.554312234475E-15));
#4540 = VECTOR('',#4541,1.);
#4541 = DIRECTION('',(0.,1.));
#4542 = ( GEOMETRIC_REPRESENTATION_CONTEXT(2) 
PARAMETRIC_REPRESENTATION_CONTEXT() REPRESENTATION_CONTEXT('2D SPACE',''
  ) );
#4543 = ORIENTED_EDGE('',*,*,#1826,.T.);
#4544 = ORIENTED_EDGE('',*,*,#1685,.T.);
#4545 = ORIENTED_EDGE('',*,*,#4546,.T.);
#4546 = EDGE_CURVE('',#1686,#4547,#4549,.T.);
#4547 = VERTEX_POINT('',#4548);
#4548 = CARTESIAN_POINT('',(-25.,3.,10.062305848749));
#4549 = SURFACE_CURVE('',#4550,(#4555,#4562),.PCURVE_S1.);
#4550 = CIRCLE('',#4551,10.5);
#4551 = AXIS2_PLACEMENT_3D('',#4552,#4553,#4554);
#4552 = CARTESIAN_POINT('',(-25.,-5.551115187997E-24,-5.000000335986E-08
    ));
#4553 = DIRECTION('',(1.,0.,1.110223024625E-16));
#4554 = DIRECTION('',(1.232595164408E-32,1.,-1.110223024625E-16));
#4555 = PCURVE('',#1702,#4556);
#4556 = DEFINITIONAL_REPRESENTATION('',(#4557),#4561);
#4557 = CIRCLE('',#4558,10.5);
#4558 = AXIS2_PLACEMENT_2D('',#4559,#4560);
#4559 = CARTESIAN_POINT('',(0.,0.));
#4560 = DIRECTION('',(1.,0.));
#4561 = ( GEOMETRIC_REPRESENTATION_CONTEXT(2) 
PARAMETRIC_REPRESENTATION_CONTEXT() REPRESENTATION_CONTEXT('2D SPACE',''
  ) );
#4562 = PCURVE('',#1730,#4563);
#4563 = DEFINITIONAL_REPRESENTATION('',(#4564),#4568);
#4564 = LINE('',#4565,#4566);
#4565 = CARTESIAN_POINT('',(3.14159265359,0.));
#4566 = VECTOR('',#4567,1.);
#4567 = DIRECTION('',(-1.,0.));
#4568 = ( GEOMETRIC_REPRESENTATION_CONTEXT(2) 
PARAMETRIC_REPRESENTATION_CONTEXT() REPRESENTATION_CONTEXT('2D SPACE',''
  ) );
#4569 = ORIENTED_EDGE('',*,*,#4570,.F.);
#4570 = EDGE_CURVE('',#4571,#4547,#4573,.T.);
#4571 = VERTEX_POINT('',#4572);
#4572 = CARTESIAN_POINT('',(-25.,3.,12.79999995));
#4573 = SURFACE_CURVE('',#4574,(#4578,#4585),.PCURVE_S1.);
#4574 = LINE('',#4575,#4576);
#4575 = CARTESIAN_POINT('',(-25.,3.,9.539391964169));
#4576 = VECTOR('',#4577,1.);
#4577 = DIRECTION('',(1.110223024625E-16,-1.110223024625E-16,-1.));
#4578 = PCURVE('',#1702,#4579);
#4579 = DEFINITIONAL_REPRESENTATION('',(#4580),#4584);
#4580 = LINE('',#4581,#4582);
#4581 = CARTESIAN_POINT('',(3.,9.539392014169));
#4582 = VECTOR('',#4583,1.);
#4583 = DIRECTION('',(0.,-1.));
#4584 = ( GEOMETRIC_REPRESENTATION_CONTEXT(2) 
PARAMETRIC_REPRESENTATION_CONTEXT() REPRESENTATION_CONTEXT('2D SPACE',''
  ) );
#4585 = PCURVE('',#2036,#4586);
#4586 = DEFINITIONAL_REPRESENTATION('',(#4587),#4591);
#4587 = LINE('',#4588,#4589);
#4588 = CARTESIAN_POINT('',(50.,-1.554312234475E-15));
#4589 = VECTOR('',#4590,1.);
#4590 = DIRECTION('',(0.,-1.));
#4591 = ( GEOMETRIC_REPRESENTATION_CONTEXT(2) 
PARAMETRIC_REPRESENTATION_CONTEXT() REPRESENTATION_CONTEXT('2D SPACE',''
  ) );
#4592 = ORIENTED_EDGE('',*,*,#4593,.F.);
#4593 = EDGE_CURVE('',#4522,#4571,#4594,.T.);
#4594 = SURFACE_CURVE('',#4595,(#4599,#4606),.PCURVE_S1.);
#4595 = LINE('',#4596,#4597);
#4596 = CARTESIAN_POINT('',(-25.,3.,12.79999995));
#4597 = VECTOR('',#4598,1.);
#4598 = DIRECTION('',(1.232595164408E-32,1.,-1.110223024625E-16));
#4599 = PCURVE('',#1702,#4600);
#4600 = DEFINITIONAL_REPRESENTATION('',(#4601),#4605);
#4601 = LINE('',#4602,#4603);
#4602 = CARTESIAN_POINT('',(3.,12.8));
#4603 = VECTOR('',#4604,1.);
#4604 = DIRECTION('',(1.,0.));
#4605 = ( GEOMETRIC_REPRESENTATION_CONTEXT(2) 
PARAMETRIC_REPRESENTATION_CONTEXT() REPRESENTATION_CONTEXT('2D SPACE',''
  ) );
#4606 = PCURVE('',#1011,#4607);
#4607 = DEFINITIONAL_REPRESENTATION('',(#4608),#4612);
#4608 = LINE('',#4609,#4610);
#4609 = CARTESIAN_POINT('',(-50.,-2.465190328816E-32));
#4610 = VECTOR('',#4611,1.);
#4611 = DIRECTION('',(0.,1.));
#4612 = ( GEOMETRIC_REPRESENTATION_CONTEXT(2) 
PARAMETRIC_REPRESENTATION_CONTEXT() REPRESENTATION_CONTEXT('2D SPACE',''
  ) );
#4613 = ADVANCED_FACE('',(#4614),#2091,.F.);
#4614 = FACE_BOUND('',#4615,.F.);
#4615 = EDGE_LOOP('',(#4616,#4640,#4661,#4662));
#4616 = ORIENTED_EDGE('',*,*,#4617,.F.);
#4617 = EDGE_CURVE('',#4618,#1715,#4620,.T.);
#4618 = VERTEX_POINT('',#4619);
#4619 = CARTESIAN_POINT('',(-24.5,3.,9.539391964169));
#4620 = SURFACE_CURVE('',#4621,(#4626,#4633),.PCURVE_S1.);
#4621 = CIRCLE('',#4622,10.);
#4622 = AXIS2_PLACEMENT_3D('',#4623,#4624,#4625);
#4623 = CARTESIAN_POINT('',(-24.5,-5.551115187997E-24,
    -5.000000330435E-08));
#4624 = DIRECTION('',(-1.,0.,-1.110223024625E-16));
#4625 = DIRECTION('',(1.232595164408E-32,1.,-1.110223024625E-16));
#4626 = PCURVE('',#2091,#4627);
#4627 = DEFINITIONAL_REPRESENTATION('',(#4628),#4632);
#4628 = LINE('',#4629,#4630);
#4629 = CARTESIAN_POINT('',(-3.14159265359,49.5));
#4630 = VECTOR('',#4631,1.);
#4631 = DIRECTION('',(1.,0.));
#4632 = ( GEOMETRIC_REPRESENTATION_CONTEXT(2) 
PARAMETRIC_REPRESENTATION_CONTEXT() REPRESENTATION_CONTEXT('2D SPACE',''
  ) );
#4633 = PCURVE('',#1730,#4634);
#4634 = DEFINITIONAL_REPRESENTATION('',(#4635),#4639);
#4635 = LINE('',#4636,#4637);
#4636 = CARTESIAN_POINT('',(-3.14159265359,-0.5));
#4637 = VECTOR('',#4638,1.);
#4638 = DIRECTION('',(1.,6.820538245342E-16));
#4639 = ( GEOMETRIC_REPRESENTATION_CONTEXT(2) 
PARAMETRIC_REPRESENTATION_CONTEXT() REPRESENTATION_CONTEXT('2D SPACE',''
  ) );
#4640 = ORIENTED_EDGE('',*,*,#4641,.F.);
#4641 = EDGE_CURVE('',#1996,#4618,#4642,.T.);
#4642 = SURFACE_CURVE('',#4643,(#4647,#4654),.PCURVE_S1.);
#4643 = LINE('',#4644,#4645);
#4644 = CARTESIAN_POINT('',(25.,3.,9.539391964169));
#4645 = VECTOR('',#4646,1.);
#4646 = DIRECTION('',(-1.,0.,-1.110223024625E-16));
#4647 = PCURVE('',#2091,#4648);
#4648 = DEFINITIONAL_REPRESENTATION('',(#4649),#4653);
#4649 = LINE('',#4650,#4651);
#4650 = CARTESIAN_POINT('',(1.87548898081,0.));
#4651 = VECTOR('',#4652,1.);
#4652 = DIRECTION('',(0.,1.));
#4653 = ( GEOMETRIC_REPRESENTATION_CONTEXT(2) 
PARAMETRIC_REPRESENTATION_CONTEXT() REPRESENTATION_CONTEXT('2D SPACE',''
  ) );
#4654 = PCURVE('',#2036,#4655);
#4655 = DEFINITIONAL_REPRESENTATION('',(#4656),#4660);
#4656 = LINE('',#4657,#4658);
#4657 = CARTESIAN_POINT('',(0.,0.));
#4658 = VECTOR('',#4659,1.);
#4659 = DIRECTION('',(1.,0.));
#4660 = ( GEOMETRIC_REPRESENTATION_CONTEXT(2) 
PARAMETRIC_REPRESENTATION_CONTEXT() REPRESENTATION_CONTEXT('2D SPACE',''
  ) );
#4661 = ORIENTED_EDGE('',*,*,#2076,.F.);
#4662 = ORIENTED_EDGE('',*,*,#3300,.T.);
#4663 = ADVANCED_FACE('',(#4664,#4689,#4714,#4739,#4764,#4789),#242,.F.
  );
#4664 = FACE_BOUND('',#4665,.T.);
#4665 = EDGE_LOOP('',(#4666,#4688));
#4666 = ORIENTED_EDGE('',*,*,#4667,.T.);
#4667 = EDGE_CURVE('',#2223,#2286,#4668,.T.);
#4668 = SURFACE_CURVE('',#4669,(#4674,#4681),.PCURVE_S1.);
#4669 = CIRCLE('',#4670,2.25);
#4670 = AXIS2_PLACEMENT_3D('',#4671,#4672,#4673);
#4671 = CARTESIAN_POINT('',(15.,-13.43502884254,-13.43502889254));
#4672 = DIRECTION('',(1.,0.,1.110223024625E-16));
#4673 = DIRECTION('',(1.232595164408E-32,1.,-1.110223024625E-16));
#4674 = PCURVE('',#242,#4675);
#4675 = DEFINITIONAL_REPRESENTATION('',(#4676),#4680);
#4676 = CIRCLE('',#4677,2.25);
#4677 = AXIS2_PLACEMENT_2D('',#4678,#4679);
#4678 = CARTESIAN_POINT('',(-13.43502884254,-13.43502884254));
#4679 = DIRECTION('',(1.,0.));
#4680 = ( GEOMETRIC_REPRESENTATION_CONTEXT(2) 
PARAMETRIC_REPRESENTATION_CONTEXT() REPRESENTATION_CONTEXT('2D SPACE',''
  ) );
#4681 = PCURVE('',#2245,#4682);
#4682 = DEFINITIONAL_REPRESENTATION('',(#4683),#4687);
#4683 = LINE('',#4684,#4685);
#4684 = CARTESIAN_POINT('',(0.,-10.));
#4685 = VECTOR('',#4686,1.);
#4686 = DIRECTION('',(1.,0.));
#4687 = ( GEOMETRIC_REPRESENTATION_CONTEXT(2) 
PARAMETRIC_REPRESENTATION_CONTEXT() REPRESENTATION_CONTEXT('2D SPACE',''
  ) );
#4688 = ORIENTED_EDGE('',*,*,#2308,.T.);
#4689 = FACE_BOUND('',#4690,.T.);
#4690 = EDGE_LOOP('',(#4691,#4713));
#4691 = ORIENTED_EDGE('',*,*,#4692,.T.);
#4692 = EDGE_CURVE('',#2450,#2513,#4693,.T.);
#4693 = SURFACE_CURVE('',#4694,(#4699,#4706),.PCURVE_S1.);
#4694 = CIRCLE('',#4695,2.25);
#4695 = AXIS2_PLACEMENT_3D('',#4696,#4697,#4698);
#4696 = CARTESIAN_POINT('',(15.,13.435028842544,-13.43502889254));
#4697 = DIRECTION('',(1.,0.,1.110223024625E-16));
#4698 = DIRECTION('',(1.232595164408E-32,1.,-1.110223024625E-16));
#4699 = PCURVE('',#242,#4700);
#4700 = DEFINITIONAL_REPRESENTATION('',(#4701),#4705);
#4701 = CIRCLE('',#4702,2.25);
#4702 = AXIS2_PLACEMENT_2D('',#4703,#4704);
#4703 = CARTESIAN_POINT('',(13.435028842544,-13.43502884254));
#4704 = DIRECTION('',(1.,0.));
#4705 = ( GEOMETRIC_REPRESENTATION_CONTEXT(2) 
PARAMETRIC_REPRESENTATION_CONTEXT() REPRESENTATION_CONTEXT('2D SPACE',''
  ) );
#4706 = PCURVE('',#2472,#4707);
#4707 = DEFINITIONAL_REPRESENTATION('',(#4708),#4712);
#4708 = LINE('',#4709,#4710);
#4709 = CARTESIAN_POINT('',(0.,-10.));
#4710 = VECTOR('',#4711,1.);
#4711 = DIRECTION('',(1.,0.));
#4712 = ( GEOMETRIC_REPRESENTATION_CONTEXT(2) 
PARAMETRIC_REPRESENTATION_CONTEXT() REPRESENTATION_CONTEXT('2D SPACE',''
  ) );
#4713 = ORIENTED_EDGE('',*,*,#2535,.T.);
#4714 = FACE_BOUND('',#4715,.T.);
#4715 = EDGE_LOOP('',(#4716,#4738));
#4716 = ORIENTED_EDGE('',*,*,#4717,.T.);
#4717 = EDGE_CURVE('',#2677,#2740,#4718,.T.);
#4718 = SURFACE_CURVE('',#4719,(#4724,#4731),.PCURVE_S1.);
#4719 = CIRCLE('',#4720,2.25);
#4720 = AXIS2_PLACEMENT_3D('',#4721,#4722,#4723);
#4721 = CARTESIAN_POINT('',(15.,13.435028842544,13.435028792544));
#4722 = DIRECTION('',(1.,0.,1.110223024625E-16));
#4723 = DIRECTION('',(1.232595164408E-32,1.,-1.110223024625E-16));
#4724 = PCURVE('',#242,#4725);
#4725 = DEFINITIONAL_REPRESENTATION('',(#4726),#4730);
#4726 = CIRCLE('',#4727,2.25);
#4727 = AXIS2_PLACEMENT_2D('',#4728,#4729);
#4728 = CARTESIAN_POINT('',(13.435028842544,13.435028842544));
#4729 = DIRECTION('',(1.,0.));
#4730 = ( GEOMETRIC_REPRESENTATION_CONTEXT(2) 
PARAMETRIC_REPRESENTATION_CONTEXT() REPRESENTATION_CONTEXT('2D SPACE',''
  ) );
#4731 = PCURVE('',#2699,#4732);
#4732 = DEFINITIONAL_REPRESENTATION('',(#4733),#4737);
#4733 = LINE('',#4734,#4735);
#4734 = CARTESIAN_POINT('',(0.,-10.));
#4735 = VECTOR('',#4736,1.);
#4736 = DIRECTION('',(1.,0.));
#4737 = ( GEOMETRIC_REPRESENTATION_CONTEXT(2) 
PARAMETRIC_REPRESENTATION_CONTEXT() REPRESENTATION_CONTEXT('2D SPACE',''
  ) );
#4738 = ORIENTED_EDGE('',*,*,#2762,.T.);
#4739 = FACE_BOUND('',#4740,.T.);
#4740 = EDGE_LOOP('',(#4741,#4763));
#4741 = ORIENTED_EDGE('',*,*,#4742,.T.);
#4742 = EDGE_CURVE('',#2904,#2967,#4743,.T.);
#4743 = SURFACE_CURVE('',#4744,(#4749,#4756),.PCURVE_S1.);
#4744 = CIRCLE('',#4745,2.25);
#4745 = AXIS2_PLACEMENT_3D('',#4746,#4747,#4748);
#4746 = CARTESIAN_POINT('',(15.,-13.43502884254,13.435028792544));
#4747 = DIRECTION('',(1.,0.,1.110223024625E-16));
#4748 = DIRECTION('',(1.232595164408E-32,1.,-1.110223024625E-16));
#4749 = PCURVE('',#242,#4750);
#4750 = DEFINITIONAL_REPRESENTATION('',(#4751),#4755);
#4751 = CIRCLE('',#4752,2.25);
#4752 = AXIS2_PLACEMENT_2D('',#4753,#4754);
#4753 = CARTESIAN_POINT('',(-13.43502884254,13.435028842544));
#4754 = DIRECTION('',(1.,0.));
#4755 = ( GEOMETRIC_REPRESENTATION_CONTEXT(2) 
PARAMETRIC_REPRESENTATION_CONTEXT() REPRESENTATION_CONTEXT('2D SPACE',''
  ) );
#4756 = PCURVE('',#2926,#4757);
#4757 = DEFINITIONAL_REPRESENTATION('',(#4758),#4762);
#4758 = LINE('',#4759,#4760);
#4759 = CARTESIAN_POINT('',(0.,-10.));
#4760 = VECTOR('',#4761,1.);
#4761 = DIRECTION('',(1.,0.));
#4762 = ( GEOMETRIC_REPRESENTATION_CONTEXT(2) 
PARAMETRIC_REPRESENTATION_CONTEXT() REPRESENTATION_CONTEXT('2D SPACE',''
  ) );
#4763 = ORIENTED_EDGE('',*,*,#2989,.T.);
#4764 = FACE_BOUND('',#4765,.T.);
#4765 = EDGE_LOOP('',(#4766,#4767));
#4766 = ORIENTED_EDGE('',*,*,#3201,.F.);
#4767 = ORIENTED_EDGE('',*,*,#4768,.F.);
#4768 = EDGE_CURVE('',#3204,#3202,#4769,.T.);
#4769 = SURFACE_CURVE('',#4770,(#4775,#4782),.PCURVE_S1.);
#4770 = CIRCLE('',#4771,24.5);
#4771 = AXIS2_PLACEMENT_3D('',#4772,#4773,#4774);
#4772 = CARTESIAN_POINT('',(15.,-5.551115187997E-24,-4.999999891897E-08)
  );
#4773 = DIRECTION('',(1.,0.,1.110223024625E-16));
#4774 = DIRECTION('',(1.232595164408E-32,1.,-1.110223024625E-16));
#4775 = PCURVE('',#242,#4776);
#4776 = DEFINITIONAL_REPRESENTATION('',(#4777),#4781);
#4777 = CIRCLE('',#4778,24.5);
#4778 = AXIS2_PLACEMENT_2D('',#4779,#4780);
#4779 = CARTESIAN_POINT('',(0.,0.));
#4780 = DIRECTION('',(1.,0.));
#4781 = ( GEOMETRIC_REPRESENTATION_CONTEXT(2) 
PARAMETRIC_REPRESENTATION_CONTEXT() REPRESENTATION_CONTEXT('2D SPACE',''
  ) );
#4782 = PCURVE('',#3241,#4783);
#4783 = DEFINITIONAL_REPRESENTATION('',(#4784),#4788);
#4784 = LINE('',#4785,#4786);
#4785 = CARTESIAN_POINT('',(0.,0.));
#4786 = VECTOR('',#4787,1.);
#4787 = DIRECTION('',(1.,0.));
#4788 = ( GEOMETRIC_REPRESENTATION_CONTEXT(2) 
PARAMETRIC_REPRESENTATION_CONTEXT() REPRESENTATION_CONTEXT('2D SPACE',''
  ) );
#4789 = FACE_BOUND('',#4790,.T.);
#4790 = EDGE_LOOP('',(#4791,#4792,#4793,#4815,#4816,#4817,#4818,#4840,
    #4841,#4842,#4864,#4865,#4887,#4888,#4889,#4890));
#4791 = ORIENTED_EDGE('',*,*,#3752,.T.);
#4792 = ORIENTED_EDGE('',*,*,#225,.T.);
#4793 = ORIENTED_EDGE('',*,*,#4794,.T.);
#4794 = EDGE_CURVE('',#226,#307,#4795,.T.);
#4795 = SURFACE_CURVE('',#4796,(#4801,#4808),.PCURVE_S1.);
#4796 = CIRCLE('',#4797,1.65);
#4797 = AXIS2_PLACEMENT_3D('',#4798,#4799,#4800);
#4798 = CARTESIAN_POINT('',(15.,-6.122934917841,14.782072470181));
#4799 = DIRECTION('',(1.,0.,1.110223024625E-16));
#4800 = DIRECTION('',(1.232595164408E-32,1.,-1.110223024625E-16));
#4801 = PCURVE('',#242,#4802);
#4802 = DEFINITIONAL_REPRESENTATION('',(#4803),#4807);
#4803 = CIRCLE('',#4804,1.65);
#4804 = AXIS2_PLACEMENT_2D('',#4805,#4806);
#4805 = CARTESIAN_POINT('',(-6.122934917841,14.782072520181));
#4806 = DIRECTION('',(1.,0.));
#4807 = ( GEOMETRIC_REPRESENTATION_CONTEXT(2) 
PARAMETRIC_REPRESENTATION_CONTEXT() REPRESENTATION_CONTEXT('2D SPACE',''
  ) );
#4808 = PCURVE('',#270,#4809);
#4809 = DEFINITIONAL_REPRESENTATION('',(#4810),#4814);
#4810 = LINE('',#4811,#4812);
#4811 = CARTESIAN_POINT('',(0.,-10.));
#4812 = VECTOR('',#4813,1.);
#4813 = DIRECTION('',(1.,0.));
#4814 = ( GEOMETRIC_REPRESENTATION_CONTEXT(2) 
PARAMETRIC_REPRESENTATION_CONTEXT() REPRESENTATION_CONTEXT('2D SPACE',''
  ) );
#4815 = ORIENTED_EDGE('',*,*,#329,.T.);
#4816 = ORIENTED_EDGE('',*,*,#3654,.T.);
#4817 = ORIENTED_EDGE('',*,*,#4144,.T.);
#4818 = ORIENTED_EDGE('',*,*,#4819,.T.);
#4819 = EDGE_CURVE('',#4122,#596,#4820,.T.);
#4820 = SURFACE_CURVE('',#4821,(#4826,#4833),.PCURVE_S1.);
#4821 = CIRCLE('',#4822,1.65);
#4822 = AXIS2_PLACEMENT_3D('',#4823,#4824,#4825);
#4823 = CARTESIAN_POINT('',(15.,-14.78207252018,-6.122934967841));
#4824 = DIRECTION('',(1.,0.,1.110223024625E-16));
#4825 = DIRECTION('',(1.232595164408E-32,1.,-1.110223024625E-16));
#4826 = PCURVE('',#242,#4827);
#4827 = DEFINITIONAL_REPRESENTATION('',(#4828),#4832);
#4828 = CIRCLE('',#4829,1.65);
#4829 = AXIS2_PLACEMENT_2D('',#4830,#4831);
#4830 = CARTESIAN_POINT('',(-14.78207252018,-6.122934917841));
#4831 = DIRECTION('',(1.,0.));
#4832 = ( GEOMETRIC_REPRESENTATION_CONTEXT(2) 
PARAMETRIC_REPRESENTATION_CONTEXT() REPRESENTATION_CONTEXT('2D SPACE',''
  ) );
#4833 = PCURVE('',#378,#4834);
#4834 = DEFINITIONAL_REPRESENTATION('',(#4835),#4839);
#4835 = LINE('',#4836,#4837);
#4836 = CARTESIAN_POINT('',(-4.440892098501E-16,-10.));
#4837 = VECTOR('',#4838,1.);
#4838 = DIRECTION('',(1.,0.));
#4839 = ( GEOMETRIC_REPRESENTATION_CONTEXT(2) 
PARAMETRIC_REPRESENTATION_CONTEXT() REPRESENTATION_CONTEXT('2D SPACE',''
  ) );
#4840 = ORIENTED_EDGE('',*,*,#618,.T.);
#4841 = ORIENTED_EDGE('',*,*,#4029,.T.);
#4842 = ORIENTED_EDGE('',*,*,#4843,.T.);
#4843 = EDGE_CURVE('',#4007,#703,#4844,.T.);
#4844 = SURFACE_CURVE('',#4845,(#4850,#4857),.PCURVE_S1.);
#4845 = CIRCLE('',#4846,1.65);
#4846 = AXIS2_PLACEMENT_3D('',#4847,#4848,#4849);
#4847 = CARTESIAN_POINT('',(15.,6.122934917841,-14.78207257018));
#4848 = DIRECTION('',(1.,0.,1.110223024625E-16));
#4849 = DIRECTION('',(1.232595164408E-32,1.,-1.110223024625E-16));
#4850 = PCURVE('',#242,#4851);
#4851 = DEFINITIONAL_REPRESENTATION('',(#4852),#4856);
#4852 = CIRCLE('',#4853,1.65);
#4853 = AXIS2_PLACEMENT_2D('',#4854,#4855);
#4854 = CARTESIAN_POINT('',(6.122934917841,-14.78207252018));
#4855 = DIRECTION('',(1.,0.));
#4856 = ( GEOMETRIC_REPRESENTATION_CONTEXT(2) 
PARAMETRIC_REPRESENTATION_CONTEXT() REPRESENTATION_CONTEXT('2D SPACE',''
  ) );
#4857 = PCURVE('',#666,#4858);
#4858 = DEFINITIONAL_REPRESENTATION('',(#4859),#4863);
#4859 = LINE('',#4860,#4861);
#4860 = CARTESIAN_POINT('',(-4.440892098501E-16,-10.));
#4861 = VECTOR('',#4862,1.);
#4862 = DIRECTION('',(1.,0.));
#4863 = ( GEOMETRIC_REPRESENTATION_CONTEXT(2) 
PARAMETRIC_REPRESENTATION_CONTEXT() REPRESENTATION_CONTEXT('2D SPACE',''
  ) );
#4864 = ORIENTED_EDGE('',*,*,#725,.T.);
#4865 = ORIENTED_EDGE('',*,*,#4866,.T.);
#4866 = EDGE_CURVE('',#644,#3879,#4867,.T.);
#4867 = SURFACE_CURVE('',#4868,(#4873,#4880),.PCURVE_S1.);
#4868 = CIRCLE('',#4869,1.65);
#4869 = AXIS2_PLACEMENT_3D('',#4870,#4871,#4872);
#4870 = CARTESIAN_POINT('',(15.,6.122934917841,-14.78207257018));
#4871 = DIRECTION('',(1.,0.,1.110223024625E-16));
#4872 = DIRECTION('',(1.232595164408E-32,1.,-1.110223024625E-16));
#4873 = PCURVE('',#242,#4874);
#4874 = DEFINITIONAL_REPRESENTATION('',(#4875),#4879);
#4875 = CIRCLE('',#4876,1.65);
#4876 = AXIS2_PLACEMENT_2D('',#4877,#4878);
#4877 = CARTESIAN_POINT('',(6.122934917841,-14.78207252018));
#4878 = DIRECTION('',(1.,0.));
#4879 = ( GEOMETRIC_REPRESENTATION_CONTEXT(2) 
PARAMETRIC_REPRESENTATION_CONTEXT() REPRESENTATION_CONTEXT('2D SPACE',''
  ) );
#4880 = PCURVE('',#666,#4881);
#4881 = DEFINITIONAL_REPRESENTATION('',(#4882),#4886);
#4882 = LINE('',#4883,#4884);
#4883 = CARTESIAN_POINT('',(0.,-10.));
#4884 = VECTOR('',#4885,1.);
#4885 = DIRECTION('',(1.,0.));
#4886 = ( GEOMETRIC_REPRESENTATION_CONTEXT(2) 
PARAMETRIC_REPRESENTATION_CONTEXT() REPRESENTATION_CONTEXT('2D SPACE',''
  ) );
#4887 = ORIENTED_EDGE('',*,*,#3878,.T.);
#4888 = ORIENTED_EDGE('',*,*,#3560,.T.);
#4889 = ORIENTED_EDGE('',*,*,#780,.T.);
#4890 = ORIENTED_EDGE('',*,*,#4891,.T.);
#4891 = EDGE_CURVE('',#781,#3753,#4892,.T.);
#4892 = SURFACE_CURVE('',#4893,(#4898,#4905),.PCURVE_S1.);
#4893 = CIRCLE('',#4894,1.65);
#4894 = AXIS2_PLACEMENT_3D('',#4895,#4896,#4897);
#4895 = CARTESIAN_POINT('',(15.,14.782072520181,6.122934867841));
#4896 = DIRECTION('',(1.,0.,1.110223024625E-16));
#4897 = DIRECTION('',(1.232595164408E-32,1.,-1.110223024625E-16));
#4898 = PCURVE('',#242,#4899);
#4899 = DEFINITIONAL_REPRESENTATION('',(#4900),#4904);
#4900 = CIRCLE('',#4901,1.65);
#4901 = AXIS2_PLACEMENT_2D('',#4902,#4903);
#4902 = CARTESIAN_POINT('',(14.782072520181,6.122934917841));
#4903 = DIRECTION('',(1.,0.));
#4904 = ( GEOMETRIC_REPRESENTATION_CONTEXT(2) 
PARAMETRIC_REPRESENTATION_CONTEXT() REPRESENTATION_CONTEXT('2D SPACE',''
  ) );
#4905 = PCURVE('',#820,#4906);
#4906 = DEFINITIONAL_REPRESENTATION('',(#4907),#4911);
#4907 = LINE('',#4908,#4909);
#4908 = CARTESIAN_POINT('',(0.,-10.));
#4909 = VECTOR('',#4910,1.);
#4910 = DIRECTION('',(1.,0.));
#4911 = ( GEOMETRIC_REPRESENTATION_CONTEXT(2) 
PARAMETRIC_REPRESENTATION_CONTEXT() REPRESENTATION_CONTEXT('2D SPACE',''
  ) );
#4912 = ADVANCED_FACE('',(#4913),#3241,.T.);
#4913 = FACE_BOUND('',#4914,.T.);
#4914 = EDGE_LOOP('',(#4915,#4916,#4917,#4918));
#4915 = ORIENTED_EDGE('',*,*,#3227,.F.);
#4916 = ORIENTED_EDGE('',*,*,#4768,.T.);
#4917 = ORIENTED_EDGE('',*,*,#3254,.T.);
#4918 = ORIENTED_EDGE('',*,*,#4919,.T.);
#4919 = EDGE_CURVE('',#58,#86,#4920,.T.);
#4920 = SURFACE_CURVE('',#4921,(#4926,#4933),.PCURVE_S1.);
#4921 = CIRCLE('',#4922,24.5);
#4922 = AXIS2_PLACEMENT_3D('',#4923,#4924,#4925);
#4923 = CARTESIAN_POINT('',(24.5,-5.551115187997E-24,-4.999999786426E-08
    ));
#4924 = DIRECTION('',(-1.,0.,-1.110223024625E-16));
#4925 = DIRECTION('',(1.232595164408E-32,1.,-1.110223024625E-16));
#4926 = PCURVE('',#3241,#4927);
#4927 = DEFINITIONAL_REPRESENTATION('',(#4928),#4932);
#4928 = LINE('',#4929,#4930);
#4929 = CARTESIAN_POINT('',(6.28318530718,9.5));
#4930 = VECTOR('',#4931,1.);
#4931 = DIRECTION('',(-1.,0.));
#4932 = ( GEOMETRIC_REPRESENTATION_CONTEXT(2) 
PARAMETRIC_REPRESENTATION_CONTEXT() REPRESENTATION_CONTEXT('2D SPACE',''
  ) );
#4933 = PCURVE('',#73,#4934);
#4934 = DEFINITIONAL_REPRESENTATION('',(#4935),#4939);
#4935 = LINE('',#4936,#4937);
#4936 = CARTESIAN_POINT('',(3.14159265359,0.5));
#4937 = VECTOR('',#4938,1.);
#4938 = DIRECTION('',(1.,0.));
#4939 = ( GEOMETRIC_REPRESENTATION_CONTEXT(2) 
PARAMETRIC_REPRESENTATION_CONTEXT() REPRESENTATION_CONTEXT('2D SPACE',''
  ) );
#4940 = ADVANCED_FACE('',(#4941),#2926,.F.);
#4941 = FACE_BOUND('',#4942,.F.);
#4942 = EDGE_LOOP('',(#4943,#4969,#4970,#4971));
#4943 = ORIENTED_EDGE('',*,*,#4944,.F.);
#4944 = EDGE_CURVE('',#2906,#2939,#4945,.T.);
#4945 = SURFACE_CURVE('',#4946,(#4951,#4958),.PCURVE_S1.);
#4946 = CIRCLE('',#4947,2.25);
#4947 = AXIS2_PLACEMENT_3D('',#4948,#4949,#4950);
#4948 = CARTESIAN_POINT('',(20.,-13.43502884254,13.435028792544));
#4949 = DIRECTION('',(1.,0.,1.110223024625E-16));
#4950 = DIRECTION('',(1.232595164408E-32,1.,-1.110223024625E-16));
#4951 = PCURVE('',#2926,#4952);
#4952 = DEFINITIONAL_REPRESENTATION('',(#4953),#4957);
#4953 = LINE('',#4954,#4955);
#4954 = CARTESIAN_POINT('',(0.,-5.));
#4955 = VECTOR('',#4956,1.);
#4956 = DIRECTION('',(1.,0.));
#4957 = ( GEOMETRIC_REPRESENTATION_CONTEXT(2) 
PARAMETRIC_REPRESENTATION_CONTEXT() REPRESENTATION_CONTEXT('2D SPACE',''
  ) );
#4958 = PCURVE('',#2884,#4959);
#4959 = DEFINITIONAL_REPRESENTATION('',(#4960),#4968);
#4960 = ( BOUNDED_CURVE() B_SPLINE_CURVE(2,(#4961,#4962,#4963,#4964,
#4965,#4966,#4967),.UNSPECIFIED.,.T.,.F.) B_SPLINE_CURVE_WITH_KNOTS((1,2
    ,2,2,2,1),(-2.094395102393,0.,2.094395102393,4.188790204786,
6.28318530718,8.377580409573),.UNSPECIFIED.) CURVE() 
GEOMETRIC_REPRESENTATION_ITEM() RATIONAL_B_SPLINE_CURVE((1.,0.5,1.,0.5,
1.,0.5,1.)) REPRESENTATION_ITEM('') );
#4961 = CARTESIAN_POINT('',(0.,-2.498001805407E-16));
#4962 = CARTESIAN_POINT('',(0.,3.89711431703));
#4963 = CARTESIAN_POINT('',(3.375,1.948557158515));
#4964 = CARTESIAN_POINT('',(6.75,3.012908790756E-16));
#4965 = CARTESIAN_POINT('',(3.375,-1.948557158515));
#4966 = CARTESIAN_POINT('',(3.552713678801E-15,-3.89711431703));
#4967 = CARTESIAN_POINT('',(0.,-2.498001805407E-16));
#4968 = ( GEOMETRIC_REPRESENTATION_CONTEXT(2) 
PARAMETRIC_REPRESENTATION_CONTEXT() REPRESENTATION_CONTEXT('2D SPACE',''
  ) );
#4969 = ORIENTED_EDGE('',*,*,#2903,.F.);
#4970 = ORIENTED_EDGE('',*,*,#4742,.T.);
#4971 = ORIENTED_EDGE('',*,*,#2966,.T.);
#4972 = ADVANCED_FACE('',(#4973,#4977),#2884,.F.);
#4973 = FACE_BOUND('',#4974,.T.);
#4974 = EDGE_LOOP('',(#4975,#4976));
#4975 = ORIENTED_EDGE('',*,*,#4944,.F.);
#4976 = ORIENTED_EDGE('',*,*,#2938,.F.);
#4977 = FACE_BOUND('',#4978,.T.);
#4978 = EDGE_LOOP('',(#4979,#5005));
#4979 = ORIENTED_EDGE('',*,*,#4980,.T.);
#4980 = EDGE_CURVE('',#2788,#2847,#4981,.T.);
#4981 = SURFACE_CURVE('',#4982,(#4987,#4998),.PCURVE_S1.);
#4982 = CIRCLE('',#4983,4.);
#4983 = AXIS2_PLACEMENT_3D('',#4984,#4985,#4986);
#4984 = CARTESIAN_POINT('',(20.,-13.43502884254,13.435028792544));
#4985 = DIRECTION('',(1.,0.,1.110223024625E-16));
#4986 = DIRECTION('',(1.232595164408E-32,1.,-1.110223024625E-16));
#4987 = PCURVE('',#2884,#4988);
#4988 = DEFINITIONAL_REPRESENTATION('',(#4989),#4997);
#4989 = ( BOUNDED_CURVE() B_SPLINE_CURVE(2,(#4990,#4991,#4992,#4993,
#4994,#4995,#4996),.UNSPECIFIED.,.T.,.F.) B_SPLINE_CURVE_WITH_KNOTS((1,2
    ,2,2,2,1),(-2.094395102393,0.,2.094395102393,4.188790204786,
6.28318530718,8.377580409573),.UNSPECIFIED.) CURVE() 
GEOMETRIC_REPRESENTATION_ITEM() RATIONAL_B_SPLINE_CURVE((1.,0.5,1.,0.5,
1.,0.5,1.)) REPRESENTATION_ITEM('') );
#4990 = CARTESIAN_POINT('',(-1.75,-2.498001805407E-16));
#4991 = CARTESIAN_POINT('',(-1.75,6.928203230276));
#4992 = CARTESIAN_POINT('',(4.25,3.464101615138));
#4993 = CARTESIAN_POINT('',(10.25,7.299172587772E-16));
#4994 = CARTESIAN_POINT('',(4.25,-3.464101615138));
#4995 = CARTESIAN_POINT('',(-1.75,-6.928203230276));
#4996 = CARTESIAN_POINT('',(-1.75,-2.498001805407E-16));
#4997 = ( GEOMETRIC_REPRESENTATION_CONTEXT(2) 
PARAMETRIC_REPRESENTATION_CONTEXT() REPRESENTATION_CONTEXT('2D SPACE',''
  ) );
#4998 = PCURVE('',#2810,#4999);
#4999 = DEFINITIONAL_REPRESENTATION('',(#5000),#5004);
#5000 = LINE('',#5001,#5002);
#5001 = CARTESIAN_POINT('',(0.,-5.));
#5002 = VECTOR('',#5003,1.);
#5003 = DIRECTION('',(1.,0.));
#5004 = ( GEOMETRIC_REPRESENTATION_CONTEXT(2) 
PARAMETRIC_REPRESENTATION_CONTEXT() REPRESENTATION_CONTEXT('2D SPACE',''
  ) );
#5005 = ORIENTED_EDGE('',*,*,#2869,.T.);
#5006 = ADVANCED_FACE('',(#5007),#2810,.F.);
#5007 = FACE_BOUND('',#5008,.F.);
#5008 = EDGE_LOOP('',(#5009,#5010,#5011,#5012));
#5009 = ORIENTED_EDGE('',*,*,#4491,.F.);
#5010 = ORIENTED_EDGE('',*,*,#2787,.F.);
#5011 = ORIENTED_EDGE('',*,*,#4980,.T.);
#5012 = ORIENTED_EDGE('',*,*,#2846,.T.);
#5013 = ADVANCED_FACE('',(#5014),#2699,.F.);
#5014 = FACE_BOUND('',#5015,.F.);
#5015 = EDGE_LOOP('',(#5016,#5042,#5043,#5044));
#5016 = ORIENTED_EDGE('',*,*,#5017,.F.);
#5017 = EDGE_CURVE('',#2679,#2712,#5018,.T.);
#5018 = SURFACE_CURVE('',#5019,(#5024,#5031),.PCURVE_S1.);
#5019 = CIRCLE('',#5020,2.25);
#5020 = AXIS2_PLACEMENT_3D('',#5021,#5022,#5023);
#5021 = CARTESIAN_POINT('',(20.,13.435028842544,13.435028792544));
#5022 = DIRECTION('',(1.,0.,1.110223024625E-16));
#5023 = DIRECTION('',(1.232595164408E-32,1.,-1.110223024625E-16));
#5024 = PCURVE('',#2699,#5025);
#5025 = DEFINITIONAL_REPRESENTATION('',(#5026),#5030);
#5026 = LINE('',#5027,#5028);
#5027 = CARTESIAN_POINT('',(0.,-5.));
#5028 = VECTOR('',#5029,1.);
#5029 = DIRECTION('',(1.,0.));
#5030 = ( GEOMETRIC_REPRESENTATION_CONTEXT(2) 
PARAMETRIC_REPRESENTATION_CONTEXT() REPRESENTATION_CONTEXT('2D SPACE',''
  ) );
#5031 = PCURVE('',#2657,#5032);
#5032 = DEFINITIONAL_REPRESENTATION('',(#5033),#5041);
#5033 = ( BOUNDED_CURVE() B_SPLINE_CURVE(2,(#5034,#5035,#5036,#5037,
#5038,#5039,#5040),.UNSPECIFIED.,.T.,.F.) B_SPLINE_CURVE_WITH_KNOTS((1,2
    ,2,2,2,1),(-2.094395102393,0.,2.094395102393,4.188790204786,
6.28318530718,8.377580409573),.UNSPECIFIED.) CURVE() 
GEOMETRIC_REPRESENTATION_ITEM() RATIONAL_B_SPLINE_CURVE((1.,0.5,1.,0.5,
1.,0.5,1.)) REPRESENTATION_ITEM('') );
#5034 = CARTESIAN_POINT('',(0.,-2.498001805407E-16));
#5035 = CARTESIAN_POINT('',(0.,3.89711431703));
#5036 = CARTESIAN_POINT('',(3.375,1.948557158515));
#5037 = CARTESIAN_POINT('',(6.75,3.012908790756E-16));
#5038 = CARTESIAN_POINT('',(3.375,-1.948557158515));
#5039 = CARTESIAN_POINT('',(3.552713678801E-15,-3.89711431703));
#5040 = CARTESIAN_POINT('',(0.,-2.498001805407E-16));
#5041 = ( GEOMETRIC_REPRESENTATION_CONTEXT(2) 
PARAMETRIC_REPRESENTATION_CONTEXT() REPRESENTATION_CONTEXT('2D SPACE',''
  ) );
#5042 = ORIENTED_EDGE('',*,*,#2676,.F.);
#5043 = ORIENTED_EDGE('',*,*,#4717,.T.);
#5044 = ORIENTED_EDGE('',*,*,#2739,.T.);
#5045 = ADVANCED_FACE('',(#5046,#5050),#2657,.F.);
#5046 = FACE_BOUND('',#5047,.T.);
#5047 = EDGE_LOOP('',(#5048,#5049));
#5048 = ORIENTED_EDGE('',*,*,#5017,.F.);
#5049 = ORIENTED_EDGE('',*,*,#2711,.F.);
#5050 = FACE_BOUND('',#5051,.T.);
#5051 = EDGE_LOOP('',(#5052,#5078));
#5052 = ORIENTED_EDGE('',*,*,#5053,.T.);
#5053 = EDGE_CURVE('',#2561,#2620,#5054,.T.);
#5054 = SURFACE_CURVE('',#5055,(#5060,#5071),.PCURVE_S1.);
#5055 = CIRCLE('',#5056,4.);
#5056 = AXIS2_PLACEMENT_3D('',#5057,#5058,#5059);
#5057 = CARTESIAN_POINT('',(20.,13.435028842544,13.435028792544));
#5058 = DIRECTION('',(1.,0.,1.110223024625E-16));
#5059 = DIRECTION('',(1.232595164408E-32,1.,-1.110223024625E-16));
#5060 = PCURVE('',#2657,#5061);
#5061 = DEFINITIONAL_REPRESENTATION('',(#5062),#5070);
#5062 = ( BOUNDED_CURVE() B_SPLINE_CURVE(2,(#5063,#5064,#5065,#5066,
#5067,#5068,#5069),.UNSPECIFIED.,.T.,.F.) B_SPLINE_CURVE_WITH_KNOTS((1,2
    ,2,2,2,1),(-2.094395102393,0.,2.094395102393,4.188790204786,
6.28318530718,8.377580409573),.UNSPECIFIED.) CURVE() 
GEOMETRIC_REPRESENTATION_ITEM() RATIONAL_B_SPLINE_CURVE((1.,0.5,1.,0.5,
1.,0.5,1.)) REPRESENTATION_ITEM('') );
#5063 = CARTESIAN_POINT('',(-1.75,-2.498001805407E-16));
#5064 = CARTESIAN_POINT('',(-1.75,6.928203230276));
#5065 = CARTESIAN_POINT('',(4.25,3.464101615138));
#5066 = CARTESIAN_POINT('',(10.25,7.299172587772E-16));
#5067 = CARTESIAN_POINT('',(4.25,-3.464101615138));
#5068 = CARTESIAN_POINT('',(-1.75,-6.928203230276));
#5069 = CARTESIAN_POINT('',(-1.75,-2.498001805407E-16));
#5070 = ( GEOMETRIC_REPRESENTATION_CONTEXT(2) 
PARAMETRIC_REPRESENTATION_CONTEXT() REPRESENTATION_CONTEXT('2D SPACE',''
  ) );
#5071 = PCURVE('',#2583,#5072);
#5072 = DEFINITIONAL_REPRESENTATION('',(#5073),#5077);
#5073 = LINE('',#5074,#5075);
#5074 = CARTESIAN_POINT('',(0.,-5.));
#5075 = VECTOR('',#5076,1.);
#5076 = DIRECTION('',(1.,0.));
#5077 = ( GEOMETRIC_REPRESENTATION_CONTEXT(2) 
PARAMETRIC_REPRESENTATION_CONTEXT() REPRESENTATION_CONTEXT('2D SPACE',''
  ) );
#5078 = ORIENTED_EDGE('',*,*,#2642,.T.);
#5079 = ADVANCED_FACE('',(#5080),#2583,.F.);
#5080 = FACE_BOUND('',#5081,.F.);
#5081 = EDGE_LOOP('',(#5082,#5083,#5084,#5085));
#5082 = ORIENTED_EDGE('',*,*,#4466,.F.);
#5083 = ORIENTED_EDGE('',*,*,#2560,.F.);
#5084 = ORIENTED_EDGE('',*,*,#5053,.T.);
#5085 = ORIENTED_EDGE('',*,*,#2619,.T.);
#5086 = ADVANCED_FACE('',(#5087),#2472,.F.);
#5087 = FACE_BOUND('',#5088,.F.);
#5088 = EDGE_LOOP('',(#5089,#5115,#5116,#5117));
#5089 = ORIENTED_EDGE('',*,*,#5090,.F.);
#5090 = EDGE_CURVE('',#2452,#2485,#5091,.T.);
#5091 = SURFACE_CURVE('',#5092,(#5097,#5104),.PCURVE_S1.);
#5092 = CIRCLE('',#5093,2.25);
#5093 = AXIS2_PLACEMENT_3D('',#5094,#5095,#5096);
#5094 = CARTESIAN_POINT('',(20.,13.435028842544,-13.43502889254));
#5095 = DIRECTION('',(1.,0.,1.110223024625E-16));
#5096 = DIRECTION('',(1.232595164408E-32,1.,-1.110223024625E-16));
#5097 = PCURVE('',#2472,#5098);
#5098 = DEFINITIONAL_REPRESENTATION('',(#5099),#5103);
#5099 = LINE('',#5100,#5101);
#5100 = CARTESIAN_POINT('',(0.,-5.));
#5101 = VECTOR('',#5102,1.);
#5102 = DIRECTION('',(1.,0.));
#5103 = ( GEOMETRIC_REPRESENTATION_CONTEXT(2) 
PARAMETRIC_REPRESENTATION_CONTEXT() REPRESENTATION_CONTEXT('2D SPACE',''
  ) );
#5104 = PCURVE('',#2430,#5105);
#5105 = DEFINITIONAL_REPRESENTATION('',(#5106),#5114);
#5106 = ( BOUNDED_CURVE() B_SPLINE_CURVE(2,(#5107,#5108,#5109,#5110,
#5111,#5112,#5113),.UNSPECIFIED.,.T.,.F.) B_SPLINE_CURVE_WITH_KNOTS((1,2
    ,2,2,2,1),(-2.094395102393,0.,2.094395102393,4.188790204786,
6.28318530718,8.377580409573),.UNSPECIFIED.) CURVE() 
GEOMETRIC_REPRESENTATION_ITEM() RATIONAL_B_SPLINE_CURVE((1.,0.5,1.,0.5,
1.,0.5,1.)) REPRESENTATION_ITEM('') );
#5107 = CARTESIAN_POINT('',(0.,-2.498001805407E-16));
#5108 = CARTESIAN_POINT('',(0.,3.89711431703));
#5109 = CARTESIAN_POINT('',(3.375,1.948557158515));
#5110 = CARTESIAN_POINT('',(6.75,3.012908790756E-16));
#5111 = CARTESIAN_POINT('',(3.375,-1.948557158515));
#5112 = CARTESIAN_POINT('',(3.552713678801E-15,-3.89711431703));
#5113 = CARTESIAN_POINT('',(0.,-2.498001805407E-16));
#5114 = ( GEOMETRIC_REPRESENTATION_CONTEXT(2) 
PARAMETRIC_REPRESENTATION_CONTEXT() REPRESENTATION_CONTEXT('2D SPACE',''
  ) );
#5115 = ORIENTED_EDGE('',*,*,#2449,.F.);
#5116 = ORIENTED_EDGE('',*,*,#4692,.T.);
#5117 = ORIENTED_EDGE('',*,*,#2512,.T.);
#5118 = ADVANCED_FACE('',(#5119,#5123),#2430,.F.);
#5119 = FACE_BOUND('',#5120,.T.);
#5120 = EDGE_LOOP('',(#5121,#5122));
#5121 = ORIENTED_EDGE('',*,*,#5090,.F.);
#5122 = ORIENTED_EDGE('',*,*,#2484,.F.);
#5123 = FACE_BOUND('',#5124,.T.);
#5124 = EDGE_LOOP('',(#5125,#5151));
#5125 = ORIENTED_EDGE('',*,*,#5126,.T.);
#5126 = EDGE_CURVE('',#2334,#2393,#5127,.T.);
#5127 = SURFACE_CURVE('',#5128,(#5133,#5144),.PCURVE_S1.);
#5128 = CIRCLE('',#5129,4.);
#5129 = AXIS2_PLACEMENT_3D('',#5130,#5131,#5132);
#5130 = CARTESIAN_POINT('',(20.,13.435028842544,-13.43502889254));
#5131 = DIRECTION('',(1.,0.,1.110223024625E-16));
#5132 = DIRECTION('',(1.232595164408E-32,1.,-1.110223024625E-16));
#5133 = PCURVE('',#2430,#5134);
#5134 = DEFINITIONAL_REPRESENTATION('',(#5135),#5143);
#5135 = ( BOUNDED_CURVE() B_SPLINE_CURVE(2,(#5136,#5137,#5138,#5139,
#5140,#5141,#5142),.UNSPECIFIED.,.T.,.F.) B_SPLINE_CURVE_WITH_KNOTS((1,2
    ,2,2,2,1),(-2.094395102393,0.,2.094395102393,4.188790204786,
6.28318530718,8.377580409573),.UNSPECIFIED.) CURVE() 
GEOMETRIC_REPRESENTATION_ITEM() RATIONAL_B_SPLINE_CURVE((1.,0.5,1.,0.5,
1.,0.5,1.)) REPRESENTATION_ITEM('') );
#5136 = CARTESIAN_POINT('',(-1.75,-2.498001805407E-16));
#5137 = CARTESIAN_POINT('',(-1.75,6.928203230276));
#5138 = CARTESIAN_POINT('',(4.25,3.464101615138));
#5139 = CARTESIAN_POINT('',(10.25,7.299172587772E-16));
#5140 = CARTESIAN_POINT('',(4.25,-3.464101615138));
#5141 = CARTESIAN_POINT('',(-1.75,-6.928203230276));
#5142 = CARTESIAN_POINT('',(-1.75,-2.498001805407E-16));
#5143 = ( GEOMETRIC_REPRESENTATION_CONTEXT(2) 
PARAMETRIC_REPRESENTATION_CONTEXT() REPRESENTATION_CONTEXT('2D SPACE',''
  ) );
#5144 = PCURVE('',#2356,#5145);
#5145 = DEFINITIONAL_REPRESENTATION('',(#5146),#5150);
#5146 = LINE('',#5147,#5148);
#5147 = CARTESIAN_POINT('',(0.,-5.));
#5148 = VECTOR('',#5149,1.);
#5149 = DIRECTION('',(1.,0.));
#5150 = ( GEOMETRIC_REPRESENTATION_CONTEXT(2) 
PARAMETRIC_REPRESENTATION_CONTEXT() REPRESENTATION_CONTEXT('2D SPACE',''
  ) );
#5151 = ORIENTED_EDGE('',*,*,#2415,.T.);
#5152 = ADVANCED_FACE('',(#5153),#2356,.F.);
#5153 = FACE_BOUND('',#5154,.F.);
#5154 = EDGE_LOOP('',(#5155,#5156,#5157,#5158));
#5155 = ORIENTED_EDGE('',*,*,#4441,.F.);
#5156 = ORIENTED_EDGE('',*,*,#2333,.F.);
#5157 = ORIENTED_EDGE('',*,*,#5126,.T.);
#5158 = ORIENTED_EDGE('',*,*,#2392,.T.);
#5159 = ADVANCED_FACE('',(#5160),#2245,.F.);
#5160 = FACE_BOUND('',#5161,.F.);
#5161 = EDGE_LOOP('',(#5162,#5188,#5189,#5190));
#5162 = ORIENTED_EDGE('',*,*,#5163,.F.);
#5163 = EDGE_CURVE('',#2225,#2258,#5164,.T.);
#5164 = SURFACE_CURVE('',#5165,(#5170,#5177),.PCURVE_S1.);
#5165 = CIRCLE('',#5166,2.25);
#5166 = AXIS2_PLACEMENT_3D('',#5167,#5168,#5169);
#5167 = CARTESIAN_POINT('',(20.,-13.43502884254,-13.43502889254));
#5168 = DIRECTION('',(1.,0.,1.110223024625E-16));
#5169 = DIRECTION('',(1.232595164408E-32,1.,-1.110223024625E-16));
#5170 = PCURVE('',#2245,#5171);
#5171 = DEFINITIONAL_REPRESENTATION('',(#5172),#5176);
#5172 = LINE('',#5173,#5174);
#5173 = CARTESIAN_POINT('',(0.,-5.));
#5174 = VECTOR('',#5175,1.);
#5175 = DIRECTION('',(1.,0.));
#5176 = ( GEOMETRIC_REPRESENTATION_CONTEXT(2) 
PARAMETRIC_REPRESENTATION_CONTEXT() REPRESENTATION_CONTEXT('2D SPACE',''
  ) );
#5177 = PCURVE('',#2203,#5178);
#5178 = DEFINITIONAL_REPRESENTATION('',(#5179),#5187);
#5179 = ( BOUNDED_CURVE() B_SPLINE_CURVE(2,(#5180,#5181,#5182,#5183,
#5184,#5185,#5186),.UNSPECIFIED.,.T.,.F.) B_SPLINE_CURVE_WITH_KNOTS((1,2
    ,2,2,2,1),(-2.094395102393,0.,2.094395102393,4.188790204786,
6.28318530718,8.377580409573),.UNSPECIFIED.) CURVE() 
GEOMETRIC_REPRESENTATION_ITEM() RATIONAL_B_SPLINE_CURVE((1.,0.5,1.,0.5,
1.,0.5,1.)) REPRESENTATION_ITEM('') );
#5180 = CARTESIAN_POINT('',(0.,-2.498001805407E-16));
#5181 = CARTESIAN_POINT('',(0.,3.89711431703));
#5182 = CARTESIAN_POINT('',(3.375,1.948557158515));
#5183 = CARTESIAN_POINT('',(6.75,3.012908790756E-16));
#5184 = CARTESIAN_POINT('',(3.375,-1.948557158515));
#5185 = CARTESIAN_POINT('',(3.552713678801E-15,-3.89711431703));
#5186 = CARTESIAN_POINT('',(0.,-2.498001805407E-16));
#5187 = ( GEOMETRIC_REPRESENTATION_CONTEXT(2) 
PARAMETRIC_REPRESENTATION_CONTEXT() REPRESENTATION_CONTEXT('2D SPACE',''
  ) );
#5188 = ORIENTED_EDGE('',*,*,#2222,.F.);
#5189 = ORIENTED_EDGE('',*,*,#4667,.T.);
#5190 = ORIENTED_EDGE('',*,*,#2285,.T.);
#5191 = ADVANCED_FACE('',(#5192,#5196),#2203,.F.);
#5192 = FACE_BOUND('',#5193,.T.);
#5193 = EDGE_LOOP('',(#5194,#5195));
#5194 = ORIENTED_EDGE('',*,*,#5163,.F.);
#5195 = ORIENTED_EDGE('',*,*,#2257,.F.);
#5196 = FACE_BOUND('',#5197,.T.);
#5197 = EDGE_LOOP('',(#5198,#5224));
#5198 = ORIENTED_EDGE('',*,*,#5199,.T.);
#5199 = EDGE_CURVE('',#2107,#2166,#5200,.T.);
#5200 = SURFACE_CURVE('',#5201,(#5206,#5217),.PCURVE_S1.);
#5201 = CIRCLE('',#5202,4.);
#5202 = AXIS2_PLACEMENT_3D('',#5203,#5204,#5205);
#5203 = CARTESIAN_POINT('',(20.,-13.43502884254,-13.43502889254));
#5204 = DIRECTION('',(1.,0.,1.110223024625E-16));
#5205 = DIRECTION('',(1.232595164408E-32,1.,-1.110223024625E-16));
#5206 = PCURVE('',#2203,#5207);
#5207 = DEFINITIONAL_REPRESENTATION('',(#5208),#5216);
#5208 = ( BOUNDED_CURVE() B_SPLINE_CURVE(2,(#5209,#5210,#5211,#5212,
#5213,#5214,#5215),.UNSPECIFIED.,.T.,.F.) B_SPLINE_CURVE_WITH_KNOTS((1,2
    ,2,2,2,1),(-2.094395102393,0.,2.094395102393,4.188790204786,
6.28318530718,8.377580409573),.UNSPECIFIED.) CURVE() 
GEOMETRIC_REPRESENTATION_ITEM() RATIONAL_B_SPLINE_CURVE((1.,0.5,1.,0.5,
1.,0.5,1.)) REPRESENTATION_ITEM('') );
#5209 = CARTESIAN_POINT('',(-1.75,-2.498001805407E-16));
#5210 = CARTESIAN_POINT('',(-1.75,6.928203230276));
#5211 = CARTESIAN_POINT('',(4.25,3.464101615138));
#5212 = CARTESIAN_POINT('',(10.25,7.299172587772E-16));
#5213 = CARTESIAN_POINT('',(4.25,-3.464101615138));
#5214 = CARTESIAN_POINT('',(-1.75,-6.928203230276));
#5215 = CARTESIAN_POINT('',(-1.75,-2.498001805407E-16));
#5216 = ( GEOMETRIC_REPRESENTATION_CONTEXT(2) 
PARAMETRIC_REPRESENTATION_CONTEXT() REPRESENTATION_CONTEXT('2D SPACE',''
  ) );
#5217 = PCURVE('',#2129,#5218);
#5218 = DEFINITIONAL_REPRESENTATION('',(#5219),#5223);
#5219 = LINE('',#5220,#5221);
#5220 = CARTESIAN_POINT('',(0.,-5.));
#5221 = VECTOR('',#5222,1.);
#5222 = DIRECTION('',(1.,0.));
#5223 = ( GEOMETRIC_REPRESENTATION_CONTEXT(2) 
PARAMETRIC_REPRESENTATION_CONTEXT() REPRESENTATION_CONTEXT('2D SPACE',''
  ) );
#5224 = ORIENTED_EDGE('',*,*,#2188,.T.);
#5225 = ADVANCED_FACE('',(#5226),#2129,.F.);
#5226 = FACE_BOUND('',#5227,.F.);
#5227 = EDGE_LOOP('',(#5228,#5229,#5230,#5231));
#5228 = ORIENTED_EDGE('',*,*,#4416,.F.);
#5229 = ORIENTED_EDGE('',*,*,#2106,.F.);
#5230 = ORIENTED_EDGE('',*,*,#5199,.T.);
#5231 = ORIENTED_EDGE('',*,*,#2165,.T.);
#5232 = ADVANCED_FACE('',(#5233),#2036,.F.);
#5233 = FACE_BOUND('',#5234,.T.);
#5234 = EDGE_LOOP('',(#5235,#5236,#5237,#5238,#5259,#5260));
#5235 = ORIENTED_EDGE('',*,*,#4641,.F.);
#5236 = ORIENTED_EDGE('',*,*,#1995,.T.);
#5237 = ORIENTED_EDGE('',*,*,#4317,.F.);
#5238 = ORIENTED_EDGE('',*,*,#5239,.T.);
#5239 = EDGE_CURVE('',#4318,#4571,#5240,.T.);
#5240 = SURFACE_CURVE('',#5241,(#5245,#5252),.PCURVE_S1.);
#5241 = LINE('',#5242,#5243);
#5242 = CARTESIAN_POINT('',(25.,3.,12.79999995));
#5243 = VECTOR('',#5244,1.);
#5244 = DIRECTION('',(-1.,0.,-1.110223024625E-16));
#5245 = PCURVE('',#2036,#5246);
#5246 = DEFINITIONAL_REPRESENTATION('',(#5247),#5251);
#5247 = LINE('',#5248,#5249);
#5248 = CARTESIAN_POINT('',(-3.620002060146E-16,3.260607985831));
#5249 = VECTOR('',#5250,1.);
#5250 = DIRECTION('',(1.,0.));
#5251 = ( GEOMETRIC_REPRESENTATION_CONTEXT(2) 
PARAMETRIC_REPRESENTATION_CONTEXT() REPRESENTATION_CONTEXT('2D SPACE',''
  ) );
#5252 = PCURVE('',#1011,#5253);
#5253 = DEFINITIONAL_REPRESENTATION('',(#5254),#5258);
#5254 = LINE('',#5255,#5256);
#5255 = CARTESIAN_POINT('',(0.,0.));
#5256 = VECTOR('',#5257,1.);
#5257 = DIRECTION('',(-1.,0.));
#5258 = ( GEOMETRIC_REPRESENTATION_CONTEXT(2) 
PARAMETRIC_REPRESENTATION_CONTEXT() REPRESENTATION_CONTEXT('2D SPACE',''
  ) );
#5259 = ORIENTED_EDGE('',*,*,#4570,.T.);
#5260 = ORIENTED_EDGE('',*,*,#5261,.T.);
#5261 = EDGE_CURVE('',#4547,#4618,#5262,.T.);
#5262 = SURFACE_CURVE('',#5263,(#5268,#5276),.PCURVE_S1.);
#5263 = B_SPLINE_CURVE_WITH_KNOTS('',3,(#5264,#5265,#5266,#5267),
  .UNSPECIFIED.,.F.,.F.,(4,4),(1.939090876405E-18,7.234907951634E-04),
  .PIECEWISE_BEZIER_KNOTS.);
#5264 = CARTESIAN_POINT('',(-25.,3.,10.062305848749));
#5265 = CARTESIAN_POINT('',(-24.83313929068,3.,9.888186967308));
#5266 = CARTESIAN_POINT('',(-24.66646225281,3.,9.713891819684));
#5267 = CARTESIAN_POINT('',(-24.5,3.,9.539391964169));
#5268 = PCURVE('',#2036,#5269);
#5269 = DEFINITIONAL_REPRESENTATION('',(#5270),#5275);
#5270 = B_SPLINE_CURVE_WITH_KNOTS('',3,(#5271,#5272,#5273,#5274),
  .UNSPECIFIED.,.F.,.F.,(4,4),(1.939090876405E-18,7.234907951634E-04),
  .PIECEWISE_BEZIER_KNOTS.);
#5271 = CARTESIAN_POINT('',(50.,0.52291388458));
#5272 = CARTESIAN_POINT('',(49.833139290685,0.348795003139));
#5273 = CARTESIAN_POINT('',(49.666462252817,0.174499855515));
#5274 = CARTESIAN_POINT('',(49.5,-1.7763568394E-15));
#5275 = ( GEOMETRIC_REPRESENTATION_CONTEXT(2) 
PARAMETRIC_REPRESENTATION_CONTEXT() REPRESENTATION_CONTEXT('2D SPACE',''
  ) );
#5276 = PCURVE('',#1730,#5277);
#5277 = DEFINITIONAL_REPRESENTATION('',(#5278),#5304);
#5278 = B_SPLINE_CURVE_WITH_KNOTS('',3,(#5279,#5280,#5281,#5282,#5283,
    #5284,#5285,#5286,#5287,#5288,#5289,#5290,#5291,#5292,#5293,#5294,
    #5295,#5296,#5297,#5298,#5299,#5300,#5301,#5302,#5303),
  .UNSPECIFIED.,.F.,.F.,(4,1,1,1,1,1,1,1,1,1,1,1,1,1,1,1,1,1,1,1,1,1,4),
  (1.939090876405E-18,3.28859452347E-05,6.57718904694E-05,
    9.86578357041E-05,1.315437809388E-04,1.644297261735E-04,
    1.973156714082E-04,2.302016166429E-04,2.630875618776E-04,
    2.959735071123E-04,3.28859452347E-04,3.617453975817E-04,
    3.946313428164E-04,4.275172880511E-04,4.604032332858E-04,
    4.932891785205E-04,5.261751237552E-04,5.590610689899E-04,
    5.919470142246E-04,6.248329594593E-04,6.57718904694E-04,
    6.906048499287E-04,7.234907951634E-04),.UNSPECIFIED.);
#5279 = CARTESIAN_POINT('',(1.860548028231,8.881784197001E-16));
#5280 = CARTESIAN_POINT('',(1.860763388642,-7.584577684771E-03));
#5281 = CARTESIAN_POINT('',(1.861195062614,-2.275297212954E-02));
#5282 = CARTESIAN_POINT('',(1.861845452154,-4.550326486652E-02));
#5283 = CARTESIAN_POINT('',(1.862498739347,-6.825124257128E-02));
#5284 = CARTESIAN_POINT('',(1.863154943485,-9.099688895336E-02));
#5285 = CARTESIAN_POINT('',(1.863814084015,-0.113740187597));
#5286 = CARTESIAN_POINT('',(1.864476180552,-0.136481121942));
#5287 = CARTESIAN_POINT('',(1.865141252883,-0.159219675287));
#5288 = CARTESIAN_POINT('',(1.865809320964,-0.181955830787));
#5289 = CARTESIAN_POINT('',(1.866480404927,-0.204689571451));
#5290 = CARTESIAN_POINT('',(1.867154525077,-0.227420880143));
#5291 = CARTESIAN_POINT('',(1.867831701896,-0.250149739576));
#5292 = CARTESIAN_POINT('',(1.868511956046,-0.272876132314));
#5293 = CARTESIAN_POINT('',(1.869195308369,-0.29560004077));
#5294 = CARTESIAN_POINT('',(1.86988177989,-0.318321447202));
#5295 = CARTESIAN_POINT('',(1.870571391819,-0.341040333715));
#5296 = CARTESIAN_POINT('',(1.87126416555,-0.363756682253));
#5297 = CARTESIAN_POINT('',(1.87196012267,-0.386470474606));
#5298 = CARTESIAN_POINT('',(1.872659284952,-0.4091816924));
#5299 = CARTESIAN_POINT('',(1.873361674362,-0.431890317101));
#5300 = CARTESIAN_POINT('',(1.874067313069,-0.454596330006));
#5301 = CARTESIAN_POINT('',(1.874776223413,-0.477299712264));
#5302 = CARTESIAN_POINT('',(1.875251026479,-0.492433533949));
#5303 = CARTESIAN_POINT('',(1.87548898081,-0.5));
#5304 = ( GEOMETRIC_REPRESENTATION_CONTEXT(2) 
PARAMETRIC_REPRESENTATION_CONTEXT() REPRESENTATION_CONTEXT('2D SPACE',''
  ) );
#5305 = ADVANCED_FACE('',(#5306,#5331,#5356),#1011,.F.);
#5306 = FACE_BOUND('',#5307,.T.);
#5307 = EDGE_LOOP('',(#5308,#5330));
#5308 = ORIENTED_EDGE('',*,*,#5309,.T.);
#5309 = EDGE_CURVE('',#910,#974,#5310,.T.);
#5310 = SURFACE_CURVE('',#5311,(#5316,#5323),.PCURVE_S1.);
#5311 = CIRCLE('',#5312,1.7);
#5312 = AXIS2_PLACEMENT_3D('',#5313,#5314,#5315);
#5313 = CARTESIAN_POINT('',(-20.,1.421085465969E-15,12.79999995));
#5314 = DIRECTION('',(-1.110223024625E-16,1.110223024625E-16,1.));
#5315 = DIRECTION('',(1.,0.,1.110223024625E-16));
#5316 = PCURVE('',#1011,#5317);
#5317 = DEFINITIONAL_REPRESENTATION('',(#5318),#5322);
#5318 = CIRCLE('',#5319,1.7);
#5319 = AXIS2_PLACEMENT_2D('',#5320,#5321);
#5320 = CARTESIAN_POINT('',(-45.,-3.));
#5321 = DIRECTION('',(1.,0.));
#5322 = ( GEOMETRIC_REPRESENTATION_CONTEXT(2) 
PARAMETRIC_REPRESENTATION_CONTEXT() REPRESENTATION_CONTEXT('2D SPACE',''
  ) );
#5323 = PCURVE('',#932,#5324);
#5324 = DEFINITIONAL_REPRESENTATION('',(#5325),#5329);
#5325 = LINE('',#5326,#5327);
#5326 = CARTESIAN_POINT('',(0.,-2.2));
#5327 = VECTOR('',#5328,1.);
#5328 = DIRECTION('',(1.,0.));
#5329 = ( GEOMETRIC_REPRESENTATION_CONTEXT(2) 
PARAMETRIC_REPRESENTATION_CONTEXT() REPRESENTATION_CONTEXT('2D SPACE',''
  ) );
#5330 = ORIENTED_EDGE('',*,*,#996,.T.);
#5331 = FACE_BOUND('',#5332,.T.);
#5332 = EDGE_LOOP('',(#5333,#5355));
#5333 = ORIENTED_EDGE('',*,*,#5334,.T.);
#5334 = EDGE_CURVE('',#1540,#1603,#5335,.T.);
#5335 = SURFACE_CURVE('',#5336,(#5341,#5348),.PCURVE_S1.);
#5336 = CIRCLE('',#5337,1.7);
#5337 = AXIS2_PLACEMENT_3D('',#5338,#5339,#5340);
#5338 = CARTESIAN_POINT('',(20.,1.421085465969E-15,12.79999995));
#5339 = DIRECTION('',(-1.110223024625E-16,1.110223024625E-16,1.));
#5340 = DIRECTION('',(1.,0.,1.110223024625E-16));
#5341 = PCURVE('',#1011,#5342);
#5342 = DEFINITIONAL_REPRESENTATION('',(#5343),#5347);
#5343 = CIRCLE('',#5344,1.7);
#5344 = AXIS2_PLACEMENT_2D('',#5345,#5346);
#5345 = CARTESIAN_POINT('',(-5.,-3.));
#5346 = DIRECTION('',(1.,0.));
#5347 = ( GEOMETRIC_REPRESENTATION_CONTEXT(2) 
PARAMETRIC_REPRESENTATION_CONTEXT() REPRESENTATION_CONTEXT('2D SPACE',''
  ) );
#5348 = PCURVE('',#1562,#5349);
#5349 = DEFINITIONAL_REPRESENTATION('',(#5350),#5354);
#5350 = LINE('',#5351,#5352);
#5351 = CARTESIAN_POINT('',(0.,-11.7));
#5352 = VECTOR('',#5353,1.);
#5353 = DIRECTION('',(1.,0.));
#5354 = ( GEOMETRIC_REPRESENTATION_CONTEXT(2) 
PARAMETRIC_REPRESENTATION_CONTEXT() REPRESENTATION_CONTEXT('2D SPACE',''
  ) );
#5355 = ORIENTED_EDGE('',*,*,#1625,.T.);
#5356 = FACE_BOUND('',#5357,.T.);
#5357 = EDGE_LOOP('',(#5358,#5359,#5360,#5361));
#5358 = ORIENTED_EDGE('',*,*,#4593,.T.);
#5359 = ORIENTED_EDGE('',*,*,#5239,.F.);
#5360 = ORIENTED_EDGE('',*,*,#4393,.F.);
#5361 = ORIENTED_EDGE('',*,*,#5362,.T.);
#5362 = EDGE_CURVE('',#4371,#4522,#5363,.T.);
#5363 = SURFACE_CURVE('',#5364,(#5368,#5375),.PCURVE_S1.);
#5364 = LINE('',#5365,#5366);
#5365 = CARTESIAN_POINT('',(25.,-3.,12.79999995));
#5366 = VECTOR('',#5367,1.);
#5367 = DIRECTION('',(-1.,0.,-1.110223024625E-16));
#5368 = PCURVE('',#1011,#5369);
#5369 = DEFINITIONAL_REPRESENTATION('',(#5370),#5374);
#5370 = LINE('',#5371,#5372);
#5371 = CARTESIAN_POINT('',(0.,-6.));
#5372 = VECTOR('',#5373,1.);
#5373 = DIRECTION('',(-1.,0.));
#5374 = ( GEOMETRIC_REPRESENTATION_CONTEXT(2) 
PARAMETRIC_REPRESENTATION_CONTEXT() REPRESENTATION_CONTEXT('2D SPACE',''
  ) );
#5375 = PCURVE('',#1813,#5376);
#5376 = DEFINITIONAL_REPRESENTATION('',(#5377),#5381);
#5377 = LINE('',#5378,#5379);
#5378 = CARTESIAN_POINT('',(3.620002060146E-16,3.260607985831));
#5379 = VECTOR('',#5380,1.);
#5380 = DIRECTION('',(-1.,0.));
#5381 = ( GEOMETRIC_REPRESENTATION_CONTEXT(2) 
PARAMETRIC_REPRESENTATION_CONTEXT() REPRESENTATION_CONTEXT('2D SPACE',''
  ) );
#5382 = ADVANCED_FACE('',(#5383),#1813,.F.);
#5383 = FACE_BOUND('',#5384,.T.);
#5384 = EDGE_LOOP('',(#5385,#5386,#5431,#5432,#5433,#5434));
#5385 = ORIENTED_EDGE('',*,*,#4370,.F.);
#5386 = ORIENTED_EDGE('',*,*,#5387,.T.);
#5387 = EDGE_CURVE('',#4343,#3326,#5388,.T.);
#5388 = SURFACE_CURVE('',#5389,(#5394,#5402),.PCURVE_S1.);
#5389 = B_SPLINE_CURVE_WITH_KNOTS('',3,(#5390,#5391,#5392,#5393),
  .UNSPECIFIED.,.F.,.F.,(4,4),(1.734723475977E-18,7.234907951634E-04),
  .PIECEWISE_BEZIER_KNOTS.);
#5390 = CARTESIAN_POINT('',(25.,-3.,10.062305848749));
#5391 = CARTESIAN_POINT('',(24.833139290685,-3.,9.888186967308));
#5392 = CARTESIAN_POINT('',(24.666462252817,-3.,9.713891819684));
#5393 = CARTESIAN_POINT('',(24.5,-3.,9.539391964169));
#5394 = PCURVE('',#1813,#5395);
#5395 = DEFINITIONAL_REPRESENTATION('',(#5396),#5401);
#5396 = B_SPLINE_CURVE_WITH_KNOTS('',3,(#5397,#5398,#5399,#5400),
  .UNSPECIFIED.,.F.,.F.,(4,4),(1.734723475977E-18,7.234907951634E-04),
  .PIECEWISE_BEZIER_KNOTS.);
#5397 = CARTESIAN_POINT('',(0.,0.52291388458));
#5398 = CARTESIAN_POINT('',(-0.166860709315,0.348795003139));
#5399 = CARTESIAN_POINT('',(-0.333537747183,0.174499855515));
#5400 = CARTESIAN_POINT('',(-0.5,0.));
#5401 = ( GEOMETRIC_REPRESENTATION_CONTEXT(2) 
PARAMETRIC_REPRESENTATION_CONTEXT() REPRESENTATION_CONTEXT('2D SPACE',''
  ) );
#5402 = PCURVE('',#1958,#5403);
#5403 = DEFINITIONAL_REPRESENTATION('',(#5404),#5430);
#5404 = B_SPLINE_CURVE_WITH_KNOTS('',3,(#5405,#5406,#5407,#5408,#5409,
    #5410,#5411,#5412,#5413,#5414,#5415,#5416,#5417,#5418,#5419,#5420,
    #5421,#5422,#5423,#5424,#5425,#5426,#5427,#5428,#5429),
  .UNSPECIFIED.,.F.,.F.,(4,1,1,1,1,1,1,1,1,1,1,1,1,1,1,1,1,1,1,1,1,1,4),
  (1.734723475977E-18,3.28859452347E-05,6.57718904694E-05,
    9.86578357041E-05,1.315437809388E-04,1.644297261735E-04,
    1.973156714082E-04,2.302016166429E-04,2.630875618776E-04,
    2.959735071123E-04,3.28859452347E-04,3.617453975817E-04,
    3.946313428164E-04,4.275172880511E-04,4.604032332858E-04,
    4.932891785205E-04,5.261751237552E-04,5.590610689899E-04,
    5.919470142246E-04,6.248329594593E-04,6.57718904694E-04,
    6.906048499287E-04,7.234907951634E-04),.UNSPECIFIED.);
#5405 = CARTESIAN_POINT('',(1.860548028231,0.5));
#5406 = CARTESIAN_POINT('',(1.860763388642,0.492415422315));
#5407 = CARTESIAN_POINT('',(1.861195062614,0.47724702787));
#5408 = CARTESIAN_POINT('',(1.861845452154,0.454496735133));
#5409 = CARTESIAN_POINT('',(1.862498739347,0.431748757429));
#5410 = CARTESIAN_POINT('',(1.863154943485,0.409003111047));
#5411 = CARTESIAN_POINT('',(1.863814084015,0.386259812403));
#5412 = CARTESIAN_POINT('',(1.864476180552,0.363518878058));
#5413 = CARTESIAN_POINT('',(1.865141252883,0.340780324713));
#5414 = CARTESIAN_POINT('',(1.865809320964,0.318044169213));
#5415 = CARTESIAN_POINT('',(1.866480404927,0.295310428549));
#5416 = CARTESIAN_POINT('',(1.867154525077,0.272579119857));
#5417 = CARTESIAN_POINT('',(1.867831701896,0.249850260424));
#5418 = CARTESIAN_POINT('',(1.868511956046,0.227123867686));
#5419 = CARTESIAN_POINT('',(1.869195308369,0.20439995923));
#5420 = CARTESIAN_POINT('',(1.86988177989,0.181678552798));
#5421 = CARTESIAN_POINT('',(1.870571391819,0.158959666285));
#5422 = CARTESIAN_POINT('',(1.87126416555,0.136243317747));
#5423 = CARTESIAN_POINT('',(1.87196012267,0.113529525394));
#5424 = CARTESIAN_POINT('',(1.872659284952,9.081830760015E-02));
#5425 = CARTESIAN_POINT('',(1.873361674362,6.810968289922E-02));
#5426 = CARTESIAN_POINT('',(1.874067313069,4.54036699939E-02));
#5427 = CARTESIAN_POINT('',(1.874776223413,2.270028773615E-02));
#5428 = CARTESIAN_POINT('',(1.875251026479,7.566466051244E-03));
#5429 = CARTESIAN_POINT('',(1.87548898081,8.881784197001E-16));
#5430 = ( GEOMETRIC_REPRESENTATION_CONTEXT(2) 
PARAMETRIC_REPRESENTATION_CONTEXT() REPRESENTATION_CONTEXT('2D SPACE',''
  ) );
#5431 = ORIENTED_EDGE('',*,*,#3325,.T.);
#5432 = ORIENTED_EDGE('',*,*,#1772,.T.);
#5433 = ORIENTED_EDGE('',*,*,#4521,.T.);
#5434 = ORIENTED_EDGE('',*,*,#5362,.F.);
#5435 = ADVANCED_FACE('',(#5436),#1958,.F.);
#5436 = FACE_BOUND('',#5437,.F.);
#5437 = EDGE_LOOP('',(#5438,#5439,#5440,#5441));
#5438 = ORIENTED_EDGE('',*,*,#4342,.T.);
#5439 = ORIENTED_EDGE('',*,*,#5387,.T.);
#5440 = ORIENTED_EDGE('',*,*,#3350,.T.);
#5441 = ORIENTED_EDGE('',*,*,#1942,.T.);
#5442 = ADVANCED_FACE('',(#5443),#1730,.F.);
#5443 = FACE_BOUND('',#5444,.F.);
#5444 = EDGE_LOOP('',(#5445,#5446,#5447,#5448));
#5445 = ORIENTED_EDGE('',*,*,#4546,.T.);
#5446 = ORIENTED_EDGE('',*,*,#5261,.T.);
#5447 = ORIENTED_EDGE('',*,*,#4617,.T.);
#5448 = ORIENTED_EDGE('',*,*,#1714,.T.);
#5449 = ADVANCED_FACE('',(#5450),#1562,.F.);
#5450 = FACE_BOUND('',#5451,.F.);
#5451 = EDGE_LOOP('',(#5452,#5478,#5479,#5480));
#5452 = ORIENTED_EDGE('',*,*,#5453,.F.);
#5453 = EDGE_CURVE('',#1542,#1575,#5454,.T.);
#5454 = SURFACE_CURVE('',#5455,(#5460,#5467),.PCURVE_S1.);
#5455 = CIRCLE('',#5456,1.7);
#5456 = AXIS2_PLACEMENT_3D('',#5457,#5458,#5459);
#5457 = CARTESIAN_POINT('',(20.,2.053912590005E-15,18.49999995));
#5458 = DIRECTION('',(-1.110223024625E-16,1.110223024625E-16,1.));
#5459 = DIRECTION('',(1.,0.,1.110223024625E-16));
#5460 = PCURVE('',#1562,#5461);
#5461 = DEFINITIONAL_REPRESENTATION('',(#5462),#5466);
#5462 = LINE('',#5463,#5464);
#5463 = CARTESIAN_POINT('',(0.,-6.));
#5464 = VECTOR('',#5465,1.);
#5465 = DIRECTION('',(1.,0.));
#5466 = ( GEOMETRIC_REPRESENTATION_CONTEXT(2) 
PARAMETRIC_REPRESENTATION_CONTEXT() REPRESENTATION_CONTEXT('2D SPACE',''
  ) );
#5467 = PCURVE('',#1520,#5468);
#5468 = DEFINITIONAL_REPRESENTATION('',(#5469),#5477);
#5469 = ( BOUNDED_CURVE() B_SPLINE_CURVE(2,(#5470,#5471,#5472,#5473,
#5474,#5475,#5476),.UNSPECIFIED.,.T.,.F.) B_SPLINE_CURVE_WITH_KNOTS((1,2
    ,2,2,2,1),(-2.094395102393,0.,2.094395102393,4.188790204786,
6.28318530718,8.377580409573),.UNSPECIFIED.) CURVE() 
GEOMETRIC_REPRESENTATION_ITEM() RATIONAL_B_SPLINE_CURVE((1.,0.5,1.,0.5,
1.,0.5,1.)) REPRESENTATION_ITEM('') );
#5470 = CARTESIAN_POINT('',(-1.7,-1.7));
#5471 = CARTESIAN_POINT('',(-1.7,1.244486372867));
#5472 = CARTESIAN_POINT('',(0.85,-0.227756813566));
#5473 = CARTESIAN_POINT('',(3.4,-1.7));
#5474 = CARTESIAN_POINT('',(0.85,-3.172243186434));
#5475 = CARTESIAN_POINT('',(-1.7,-4.644486372867));
#5476 = CARTESIAN_POINT('',(-1.7,-1.7));
#5477 = ( GEOMETRIC_REPRESENTATION_CONTEXT(2) 
PARAMETRIC_REPRESENTATION_CONTEXT() REPRESENTATION_CONTEXT('2D SPACE',''
  ) );
#5478 = ORIENTED_EDGE('',*,*,#1539,.F.);
#5479 = ORIENTED_EDGE('',*,*,#5334,.T.);
#5480 = ORIENTED_EDGE('',*,*,#1602,.T.);
#5481 = ADVANCED_FACE('',(#5482,#5486),#1520,.F.);
#5482 = FACE_BOUND('',#5483,.T.);
#5483 = EDGE_LOOP('',(#5484,#5485));
#5484 = ORIENTED_EDGE('',*,*,#5453,.F.);
#5485 = ORIENTED_EDGE('',*,*,#1574,.F.);
#5486 = FACE_BOUND('',#5487,.T.);
#5487 = EDGE_LOOP('',(#5488,#5514));
#5488 = ORIENTED_EDGE('',*,*,#5489,.T.);
#5489 = EDGE_CURVE('',#1262,#1483,#5490,.T.);
#5490 = SURFACE_CURVE('',#5491,(#5496,#5507),.PCURVE_S1.);
#5491 = CIRCLE('',#5492,3.);
#5492 = AXIS2_PLACEMENT_3D('',#5493,#5494,#5495);
#5493 = CARTESIAN_POINT('',(20.,2.053912590005E-15,18.49999995));
#5494 = DIRECTION('',(-1.110223024625E-16,1.110223024625E-16,1.));
#5495 = DIRECTION('',(1.,0.,1.110223024625E-16));
#5496 = PCURVE('',#1520,#5497);
#5497 = DEFINITIONAL_REPRESENTATION('',(#5498),#5506);
#5498 = ( BOUNDED_CURVE() B_SPLINE_CURVE(2,(#5499,#5500,#5501,#5502,
#5503,#5504,#5505),.UNSPECIFIED.,.T.,.F.) B_SPLINE_CURVE_WITH_KNOTS((1,2
    ,2,2,2,1),(-2.094395102393,0.,2.094395102393,4.188790204786,
6.28318530718,8.377580409573),.UNSPECIFIED.) CURVE() 
GEOMETRIC_REPRESENTATION_ITEM() RATIONAL_B_SPLINE_CURVE((1.,0.5,1.,0.5,
1.,0.5,1.)) REPRESENTATION_ITEM('') );
#5499 = CARTESIAN_POINT('',(-3.,-1.7));
#5500 = CARTESIAN_POINT('',(-3.,3.496152422707));
#5501 = CARTESIAN_POINT('',(1.5,0.898076211353));
#5502 = CARTESIAN_POINT('',(6.,-1.7));
#5503 = CARTESIAN_POINT('',(1.5,-4.298076211353));
#5504 = CARTESIAN_POINT('',(-3.,-6.896152422707));
#5505 = CARTESIAN_POINT('',(-3.,-1.7));
#5506 = ( GEOMETRIC_REPRESENTATION_CONTEXT(2) 
PARAMETRIC_REPRESENTATION_CONTEXT() REPRESENTATION_CONTEXT('2D SPACE',''
  ) );
#5507 = PCURVE('',#1284,#5508);
#5508 = DEFINITIONAL_REPRESENTATION('',(#5509),#5513);
#5509 = LINE('',#5510,#5511);
#5510 = CARTESIAN_POINT('',(0.,-6.));
#5511 = VECTOR('',#5512,1.);
#5512 = DIRECTION('',(1.,0.));
#5513 = ( GEOMETRIC_REPRESENTATION_CONTEXT(2) 
PARAMETRIC_REPRESENTATION_CONTEXT() REPRESENTATION_CONTEXT('2D SPACE',''
  ) );
#5514 = ORIENTED_EDGE('',*,*,#1505,.T.);
#5515 = ADVANCED_FACE('',(#5516),#1284,.F.);
#5516 = FACE_BOUND('',#5517,.F.);
#5517 = EDGE_LOOP('',(#5518,#5519,#5520,#5521));
#5518 = ORIENTED_EDGE('',*,*,#3014,.F.);
#5519 = ORIENTED_EDGE('',*,*,#1261,.F.);
#5520 = ORIENTED_EDGE('',*,*,#5489,.T.);
#5521 = ORIENTED_EDGE('',*,*,#1482,.T.);
#5522 = ADVANCED_FACE('',(#5523),#1042,.F.);
#5523 = FACE_BOUND('',#5524,.F.);
#5524 = EDGE_LOOP('',(#5525,#5526,#5527,#5549));
#5525 = ORIENTED_EDGE('',*,*,#3376,.T.);
#5526 = ORIENTED_EDGE('',*,*,#1026,.F.);
#5527 = ORIENTED_EDGE('',*,*,#5528,.T.);
#5528 = EDGE_CURVE('',#912,#945,#5529,.T.);
#5529 = SURFACE_CURVE('',#5530,(#5535,#5542),.PCURVE_S1.);
#5530 = CIRCLE('',#5531,1.7);
#5531 = AXIS2_PLACEMENT_3D('',#5532,#5533,#5534);
#5532 = CARTESIAN_POINT('',(-20.,1.454392156708E-15,13.09999995));
#5533 = DIRECTION('',(-1.110223024625E-16,1.110223024625E-16,1.));
#5534 = DIRECTION('',(1.,0.,1.110223024625E-16));
#5535 = PCURVE('',#1042,#5536);
#5536 = DEFINITIONAL_REPRESENTATION('',(#5537),#5541);
#5537 = LINE('',#5538,#5539);
#5538 = CARTESIAN_POINT('',(0.,-1.9));
#5539 = VECTOR('',#5540,1.);
#5540 = DIRECTION('',(1.,0.));
#5541 = ( GEOMETRIC_REPRESENTATION_CONTEXT(2) 
PARAMETRIC_REPRESENTATION_CONTEXT() REPRESENTATION_CONTEXT('2D SPACE',''
  ) );
#5542 = PCURVE('',#932,#5543);
#5543 = DEFINITIONAL_REPRESENTATION('',(#5544),#5548);
#5544 = LINE('',#5545,#5546);
#5545 = CARTESIAN_POINT('',(0.,-1.9));
#5546 = VECTOR('',#5547,1.);
#5547 = DIRECTION('',(1.,0.));
#5548 = ( GEOMETRIC_REPRESENTATION_CONTEXT(2) 
PARAMETRIC_REPRESENTATION_CONTEXT() REPRESENTATION_CONTEXT('2D SPACE',''
  ) );
#5549 = ORIENTED_EDGE('',*,*,#1236,.T.);
#5550 = ADVANCED_FACE('',(#5551),#932,.F.);
#5551 = FACE_BOUND('',#5552,.F.);
#5552 = EDGE_LOOP('',(#5553,#5554,#5555,#5556));
#5553 = ORIENTED_EDGE('',*,*,#5528,.F.);
#5554 = ORIENTED_EDGE('',*,*,#909,.F.);
#5555 = ORIENTED_EDGE('',*,*,#5309,.T.);
#5556 = ORIENTED_EDGE('',*,*,#973,.T.);
#5557 = ADVANCED_FACE('',(#5558),#820,.F.);
#5558 = FACE_BOUND('',#5559,.F.);
#5559 = EDGE_LOOP('',(#5560,#5561,#5562,#5563,#5564,#5586));
#5560 = ORIENTED_EDGE('',*,*,#4292,.F.);
#5561 = ORIENTED_EDGE('',*,*,#804,.F.);
#5562 = ORIENTED_EDGE('',*,*,#4891,.T.);
#5563 = ORIENTED_EDGE('',*,*,#3776,.T.);
#5564 = ORIENTED_EDGE('',*,*,#5565,.T.);
#5565 = EDGE_CURVE('',#3777,#857,#5566,.T.);
#5566 = SURFACE_CURVE('',#5567,(#5572,#5579),.PCURVE_S1.);
#5567 = CIRCLE('',#5568,1.65);
#5568 = AXIS2_PLACEMENT_3D('',#5569,#5570,#5571);
#5569 = CARTESIAN_POINT('',(14.9,14.782072520181,6.122934867841));
#5570 = DIRECTION('',(1.,0.,1.110223024625E-16));
#5571 = DIRECTION('',(1.232595164408E-32,1.,-1.110223024625E-16));
#5572 = PCURVE('',#820,#5573);
#5573 = DEFINITIONAL_REPRESENTATION('',(#5574),#5578);
#5574 = LINE('',#5575,#5576);
#5575 = CARTESIAN_POINT('',(0.,-10.1));
#5576 = VECTOR('',#5577,1.);
#5577 = DIRECTION('',(1.,0.));
#5578 = ( GEOMETRIC_REPRESENTATION_CONTEXT(2) 
PARAMETRIC_REPRESENTATION_CONTEXT() REPRESENTATION_CONTEXT('2D SPACE',''
  ) );
#5579 = PCURVE('',#894,#5580);
#5580 = DEFINITIONAL_REPRESENTATION('',(#5581),#5585);
#5581 = LINE('',#5582,#5583);
#5582 = CARTESIAN_POINT('',(0.,1.805663403719E-15));
#5583 = VECTOR('',#5584,1.);
#5584 = DIRECTION('',(1.,-6.059634358568E-16));
#5585 = ( GEOMETRIC_REPRESENTATION_CONTEXT(2) 
PARAMETRIC_REPRESENTATION_CONTEXT() REPRESENTATION_CONTEXT('2D SPACE',''
  ) );
#5586 = ORIENTED_EDGE('',*,*,#856,.T.);
#5587 = ADVANCED_FACE('',(#5588),#894,.F.);
#5588 = FACE_BOUND('',#5589,.F.);
#5589 = EDGE_LOOP('',(#5590,#5591,#5592));
#5590 = ORIENTED_EDGE('',*,*,#3799,.T.);
#5591 = ORIENTED_EDGE('',*,*,#879,.F.);
#5592 = ORIENTED_EDGE('',*,*,#5565,.F.);
#5593 = ADVANCED_FACE('',(#5594),#666,.F.);
#5594 = FACE_BOUND('',#5595,.F.);
#5595 = EDGE_LOOP('',(#5596,#5597,#5598,#5599,#5600,#5622,#5623,#5624));
#5596 = ORIENTED_EDGE('',*,*,#4267,.F.);
#5597 = ORIENTED_EDGE('',*,*,#643,.F.);
#5598 = ORIENTED_EDGE('',*,*,#4866,.T.);
#5599 = ORIENTED_EDGE('',*,*,#3902,.T.);
#5600 = ORIENTED_EDGE('',*,*,#5601,.T.);
#5601 = EDGE_CURVE('',#3903,#3926,#5602,.T.);
#5602 = SURFACE_CURVE('',#5603,(#5608,#5615),.PCURVE_S1.);
#5603 = CIRCLE('',#5604,1.65);
#5604 = AXIS2_PLACEMENT_3D('',#5605,#5606,#5607);
#5605 = CARTESIAN_POINT('',(14.9,6.122934917841,-14.78207257018));
#5606 = DIRECTION('',(1.,0.,1.110223024625E-16));
#5607 = DIRECTION('',(1.232595164408E-32,1.,-1.110223024625E-16));
#5608 = PCURVE('',#666,#5609);
#5609 = DEFINITIONAL_REPRESENTATION('',(#5610),#5614);
#5610 = LINE('',#5611,#5612);
#5611 = CARTESIAN_POINT('',(0.,-10.1));
#5612 = VECTOR('',#5613,1.);
#5613 = DIRECTION('',(1.,0.));
#5614 = ( GEOMETRIC_REPRESENTATION_CONTEXT(2) 
PARAMETRIC_REPRESENTATION_CONTEXT() REPRESENTATION_CONTEXT('2D SPACE',''
  ) );
#5615 = PCURVE('',#3972,#5616);
#5616 = DEFINITIONAL_REPRESENTATION('',(#5617),#5621);
#5617 = LINE('',#5618,#5619);
#5618 = CARTESIAN_POINT('',(0.,-4.152714525797E-16));
#5619 = VECTOR('',#5620,1.);
#5620 = DIRECTION('',(1.,1.116466594246E-16));
#5621 = ( GEOMETRIC_REPRESENTATION_CONTEXT(2) 
PARAMETRIC_REPRESENTATION_CONTEXT() REPRESENTATION_CONTEXT('2D SPACE',''
  ) );
#5622 = ORIENTED_EDGE('',*,*,#4006,.T.);
#5623 = ORIENTED_EDGE('',*,*,#4843,.T.);
#5624 = ORIENTED_EDGE('',*,*,#702,.T.);
#5625 = ADVANCED_FACE('',(#5626),#3972,.F.);
#5626 = FACE_BOUND('',#5627,.F.);
#5627 = EDGE_LOOP('',(#5628,#5629));
#5628 = ORIENTED_EDGE('',*,*,#3925,.T.);
#5629 = ORIENTED_EDGE('',*,*,#5601,.F.);
#5630 = ADVANCED_FACE('',(#5631),#378,.F.);
#5631 = FACE_BOUND('',#5632,.F.);
#5632 = EDGE_LOOP('',(#5633,#5634,#5635,#5636,#5637,#5638));
#5633 = ORIENTED_EDGE('',*,*,#4242,.F.);
#5634 = ORIENTED_EDGE('',*,*,#548,.F.);
#5635 = ORIENTED_EDGE('',*,*,#354,.T.);
#5636 = ORIENTED_EDGE('',*,*,#4121,.T.);
#5637 = ORIENTED_EDGE('',*,*,#4819,.T.);
#5638 = ORIENTED_EDGE('',*,*,#595,.T.);
#5639 = ADVANCED_FACE('',(#5640),#406,.F.);
#5640 = FACE_BOUND('',#5641,.F.);
#5641 = EDGE_LOOP('',(#5642,#5643,#5644));
#5642 = ORIENTED_EDGE('',*,*,#526,.F.);
#5643 = ORIENTED_EDGE('',*,*,#4052,.T.);
#5644 = ORIENTED_EDGE('',*,*,#390,.T.);
#5645 = ADVANCED_FACE('',(#5646),#270,.F.);
#5646 = FACE_BOUND('',#5647,.F.);
#5647 = EDGE_LOOP('',(#5648,#5649,#5650,#5651));
#5648 = ORIENTED_EDGE('',*,*,#4217,.F.);
#5649 = ORIENTED_EDGE('',*,*,#254,.F.);
#5650 = ORIENTED_EDGE('',*,*,#4794,.T.);
#5651 = ORIENTED_EDGE('',*,*,#306,.T.);
#5652 = ADVANCED_FACE('',(#5653),#190,.F.);
#5653 = FACE_BOUND('',#5654,.F.);
#5654 = EDGE_LOOP('',(#5655,#5656));
#5655 = ORIENTED_EDGE('',*,*,#3677,.T.);
#5656 = ORIENTED_EDGE('',*,*,#173,.F.);
#5657 = ADVANCED_FACE('',(#5658),#73,.T.);
#5658 = FACE_BOUND('',#5659,.T.);
#5659 = EDGE_LOOP('',(#5660,#5661,#5662,#5663));
#5660 = ORIENTED_EDGE('',*,*,#57,.F.);
#5661 = ORIENTED_EDGE('',*,*,#4192,.F.);
#5662 = ORIENTED_EDGE('',*,*,#114,.T.);
#5663 = ORIENTED_EDGE('',*,*,#4919,.F.);
#5664 = ( GEOMETRIC_REPRESENTATION_CONTEXT(3) 
GLOBAL_UNCERTAINTY_ASSIGNED_CONTEXT((#5668)) 
GLOBAL_UNIT_ASSIGNED_CONTEXT((#5665,#5666,#5667)) REPRESENTATION_CONTEXT
('Context #1','3D Context with UNIT and UNCERTAINTY') );
#5665 = ( LENGTH_UNIT() NAMED_UNIT(*) SI_UNIT(.MILLI.,.METRE.) );
#5666 = ( NAMED_UNIT(*) PLANE_ANGLE_UNIT() SI_UNIT($,.RADIAN.) );
#5667 = ( NAMED_UNIT(*) SI_UNIT($,.STERADIAN.) SOLID_ANGLE_UNIT() );
#5668 = UNCERTAINTY_MEASURE_WITH_UNIT(LENGTH_MEASURE(2.E-05),#5665,
  'distance_accuracy_value','confusion accuracy');
#5669 = PRODUCT_RELATED_PRODUCT_CATEGORY('part',$,(#7));
ENDSEC;
END-ISO-10303-21;
