ISO-10303-21;
HEADER;
FILE_DESCRIPTION(('Open CASCADE Model'),'2;1');
FILE_NAME('Open CASCADE Shape Model','2026-09-11T12:02:23',('Author'),(
    'Open CASCADE'),'Open CASCADE STEP processor 7.9','Open CASCADE 7.9'
  ,'Unknown');
FILE_SCHEMA(('AUTOMOTIVE_DESIGN { 1 0 10303 214 1 1 1 1 }'));
ENDSEC;
DATA;
#1 = APPLICATION_PROTOCOL_DEFINITION('international standard',
  'automotive_design',2000,#2);
#2 = APPLICATION_CONTEXT(
  'core data for automotive mechanical design processes');
#3 = SHAPE_DEFINITION_REPRESENTATION(#4,#10);
#4 = PRODUCT_DEFINITION_SHAPE('','',#5);
#5 = PRODUCT_DEFINITION('design','',#6,#9);
#6 = PRODUCT_DEFINITION_FORMATION('','',#7);
#7 = PRODUCT('Open CASCADE STEP translator 7.9 15',
  'Open CASCADE STEP translator 7.9 15','',(#8));
#8 = PRODUCT_CONTEXT('',#2,'mechanical');
#9 = PRODUCT_DEFINITION_CONTEXT('part definition',#2,'design');
#10 = ADVANCED_BREP_SHAPE_REPRESENTATION('',(#11,#15),#3393);
#11 = AXIS2_PLACEMENT_3D('',#12,#13,#14);
#12 = CARTESIAN_POINT('',(0.,0.,0.));
#13 = DIRECTION('',(0.,0.,1.));
#14 = DIRECTION('',(1.,0.,-0.));
#15 = MANIFOLD_SOLID_BREP('',#16);
#16 = CLOSED_SHELL('',(#17,#143,#254,#366,#483,#590,#1150,#1424,#1540,
    #1661,#1854,#1904,#2307,#2414,#2463,#2522,#2643,#2797,#2922,#3096,
    #3124,#3133,#3167,#3174,#3206,#3215,#3266,#3319,#3372,#3379,#3386));
#17 = ADVANCED_FACE('',(#18),#32,.F.);
#18 = FACE_BOUND('',#19,.F.);
#19 = EDGE_LOOP('',(#20,#55,#88,#116));
#20 = ORIENTED_EDGE('',*,*,#21,.T.);
#21 = EDGE_CURVE('',#22,#24,#26,.T.);
#22 = VERTEX_POINT('',#23);
#23 = CARTESIAN_POINT('',(4.076899530816E-15,14.5,7.));
#24 = VERTEX_POINT('',#25);
#25 = CARTESIAN_POINT('',(3.330669073875E-15,15.,7.5));
#26 = SURFACE_CURVE('',#27,(#31,#43),.PCURVE_S1.);
#27 = LINE('',#28,#29);
#28 = CARTESIAN_POINT('',(3.330669073875E-15,15.,7.5));
#29 = VECTOR('',#30,1.);
#30 = DIRECTION('',(1.570092458684E-16,0.707106781187,0.707106781187));
#31 = PCURVE('',#32,#37);
#32 = CONICAL_SURFACE('',#33,7.5,0.785398163397);
#33 = AXIS2_PLACEMENT_3D('',#34,#35,#36);
#34 = CARTESIAN_POINT('',(3.330669073875E-15,15.,0.));
#35 = DIRECTION('',(2.22044604925E-16,1.,-0.));
#36 = DIRECTION('',(0.,0.,1.));
#37 = DEFINITIONAL_REPRESENTATION('',(#38),#42);
#38 = LINE('',#39,#40);
#39 = CARTESIAN_POINT('',(6.28318530718,0.));
#40 = VECTOR('',#41,1.);
#41 = DIRECTION('',(0.,1.));
#42 = ( GEOMETRIC_REPRESENTATION_CONTEXT(2) 
PARAMETRIC_REPRESENTATION_CONTEXT() REPRESENTATION_CONTEXT('2D SPACE',''
  ) );
#43 = PCURVE('',#44,#49);
#44 = CONICAL_SURFACE('',#45,7.5,0.785398163397);
#45 = AXIS2_PLACEMENT_3D('',#46,#47,#48);
#46 = CARTESIAN_POINT('',(3.330669073875E-15,15.,0.));
#47 = DIRECTION('',(2.22044604925E-16,1.,-0.));
#48 = DIRECTION('',(0.,0.,1.));
#49 = DEFINITIONAL_REPRESENTATION('',(#50),#54);
#50 = LINE('',#51,#52);
#51 = CARTESIAN_POINT('',(0.,0.));
#52 = VECTOR('',#53,1.);
#53 = DIRECTION('',(0.,1.));
#54 = ( GEOMETRIC_REPRESENTATION_CONTEXT(2) 
PARAMETRIC_REPRESENTATION_CONTEXT() REPRESENTATION_CONTEXT('2D SPACE',''
  ) );
#55 = ORIENTED_EDGE('',*,*,#56,.T.);
#56 = EDGE_CURVE('',#24,#57,#59,.T.);
#57 = VERTEX_POINT('',#58);
#58 = CARTESIAN_POINT('',(4.249154173236E-15,15.,-7.5));
#59 = SURFACE_CURVE('',#60,(#65,#72),.PCURVE_S1.);
#60 = CIRCLE('',#61,7.5);
#61 = AXIS2_PLACEMENT_3D('',#62,#63,#64);
#62 = CARTESIAN_POINT('',(3.330669073875E-15,15.,0.));
#63 = DIRECTION('',(-2.22044604925E-16,-1.,0.));
#64 = DIRECTION('',(0.,0.,1.));
#65 = PCURVE('',#32,#66);
#66 = DEFINITIONAL_REPRESENTATION('',(#67),#71);
#67 = LINE('',#68,#69);
#68 = CARTESIAN_POINT('',(6.28318530718,0.));
#69 = VECTOR('',#70,1.);
#70 = DIRECTION('',(-1.,0.));
#71 = ( GEOMETRIC_REPRESENTATION_CONTEXT(2) 
PARAMETRIC_REPRESENTATION_CONTEXT() REPRESENTATION_CONTEXT('2D SPACE',''
  ) );
#72 = PCURVE('',#73,#78);
#73 = PLANE('',#74);
#74 = AXIS2_PLACEMENT_3D('',#75,#76,#77);
#75 = CARTESIAN_POINT('',(3.330669073875E-15,15.,0.));
#76 = DIRECTION('',(2.22044604925E-16,1.,0.));
#77 = DIRECTION('',(0.,0.,1.));
#78 = DEFINITIONAL_REPRESENTATION('',(#79),#87);
#79 = ( BOUNDED_CURVE() B_SPLINE_CURVE(2,(#80,#81,#82,#83,#84,#85,#86),
.UNSPECIFIED.,.T.,.F.) B_SPLINE_CURVE_WITH_KNOTS((1,2,2,2,2,1),(
    -2.094395102393,0.,2.094395102393,4.188790204786,6.28318530718,
8.377580409573),.UNSPECIFIED.) CURVE() GEOMETRIC_REPRESENTATION_ITEM() 
RATIONAL_B_SPLINE_CURVE((1.,0.5,1.,0.5,1.,0.5,1.)) REPRESENTATION_ITEM(
  '') );
#80 = CARTESIAN_POINT('',(7.5,0.));
#81 = CARTESIAN_POINT('',(7.5,-12.99038105676));
#82 = CARTESIAN_POINT('',(-3.75,-6.495190528383));
#83 = CARTESIAN_POINT('',(-15.,-1.836970198721E-15));
#84 = CARTESIAN_POINT('',(-3.75,6.495190528383));
#85 = CARTESIAN_POINT('',(7.5,12.990381056767));
#86 = CARTESIAN_POINT('',(7.5,0.));
#87 = ( GEOMETRIC_REPRESENTATION_CONTEXT(2) 
PARAMETRIC_REPRESENTATION_CONTEXT() REPRESENTATION_CONTEXT('2D SPACE',''
  ) );
#88 = ORIENTED_EDGE('',*,*,#89,.F.);
#89 = EDGE_CURVE('',#90,#57,#92,.T.);
#90 = VERTEX_POINT('',#91);
#91 = CARTESIAN_POINT('',(3.219646771413E-15,14.5,-7.));
#92 = SURFACE_CURVE('',#93,(#97,#104),.PCURVE_S1.);
#93 = LINE('',#94,#95);
#94 = CARTESIAN_POINT('',(4.249154173236E-15,15.,-7.5));
#95 = VECTOR('',#96,1.);
#96 = DIRECTION('',(2.436048514919E-16,0.707106781187,-0.707106781187));
#97 = PCURVE('',#32,#98);
#98 = DEFINITIONAL_REPRESENTATION('',(#99),#103);
#99 = LINE('',#100,#101);
#100 = CARTESIAN_POINT('',(3.14159265359,0.));
#101 = VECTOR('',#102,1.);
#102 = DIRECTION('',(0.,1.));
#103 = ( GEOMETRIC_REPRESENTATION_CONTEXT(2) 
PARAMETRIC_REPRESENTATION_CONTEXT() REPRESENTATION_CONTEXT('2D SPACE',''
  ) );
#104 = PCURVE('',#105,#110);
#105 = CONICAL_SURFACE('',#106,7.5,0.785398163397);
#106 = AXIS2_PLACEMENT_3D('',#107,#108,#109);
#107 = CARTESIAN_POINT('',(3.330669073875E-15,15.,0.));
#108 = DIRECTION('',(2.22044604925E-16,1.,-0.));
#109 = DIRECTION('',(0.,0.,1.));
#110 = DEFINITIONAL_REPRESENTATION('',(#111),#115);
#111 = LINE('',#112,#113);
#112 = CARTESIAN_POINT('',(3.14159265359,0.));
#113 = VECTOR('',#114,1.);
#114 = DIRECTION('',(0.,1.));
#115 = ( GEOMETRIC_REPRESENTATION_CONTEXT(2) 
PARAMETRIC_REPRESENTATION_CONTEXT() REPRESENTATION_CONTEXT('2D SPACE',''
  ) );
#116 = ORIENTED_EDGE('',*,*,#117,.T.);
#117 = EDGE_CURVE('',#90,#22,#118,.T.);
#118 = SURFACE_CURVE('',#119,(#124,#131),.PCURVE_S1.);
#119 = CIRCLE('',#120,7.);
#120 = AXIS2_PLACEMENT_3D('',#121,#122,#123);
#121 = CARTESIAN_POINT('',(3.219646771413E-15,14.5,0.));
#122 = DIRECTION('',(2.22044604925E-16,1.,-0.));
#123 = DIRECTION('',(0.,0.,1.));
#124 = PCURVE('',#32,#125);
#125 = DEFINITIONAL_REPRESENTATION('',(#126),#130);
#126 = LINE('',#127,#128);
#127 = CARTESIAN_POINT('',(0.,-0.5));
#128 = VECTOR('',#129,1.);
#129 = DIRECTION('',(1.,0.));
#130 = ( GEOMETRIC_REPRESENTATION_CONTEXT(2) 
PARAMETRIC_REPRESENTATION_CONTEXT() REPRESENTATION_CONTEXT('2D SPACE',''
  ) );
#131 = PCURVE('',#132,#137);
#132 = CYLINDRICAL_SURFACE('',#133,7.);
#133 = AXIS2_PLACEMENT_3D('',#134,#135,#136);
#134 = CARTESIAN_POINT('',(3.330669073875E-15,15.,0.));
#135 = DIRECTION('',(-2.22044604925E-16,-1.,0.));
#136 = DIRECTION('',(0.,-0.,-1.));
#137 = DEFINITIONAL_REPRESENTATION('',(#138),#142);
#138 = LINE('',#139,#140);
#139 = CARTESIAN_POINT('',(9.424777960769,0.5));
#140 = VECTOR('',#141,1.);
#141 = DIRECTION('',(-1.,0.));
#142 = ( GEOMETRIC_REPRESENTATION_CONTEXT(2) 
PARAMETRIC_REPRESENTATION_CONTEXT() REPRESENTATION_CONTEXT('2D SPACE',''
  ) );
#143 = ADVANCED_FACE('',(#144),#44,.F.);
#144 = FACE_BOUND('',#145,.F.);
#145 = EDGE_LOOP('',(#146,#200,#226,#227));
#146 = ORIENTED_EDGE('',*,*,#147,.T.);
#147 = EDGE_CURVE('',#148,#150,#152,.T.);
#148 = VERTEX_POINT('',#149);
#149 = CARTESIAN_POINT('',(6.538348415311,14.5,2.5));
#150 = VERTEX_POINT('',#151);
#151 = CARTESIAN_POINT('',(7.071067811865,15.,2.5));
#152 = SURFACE_CURVE('',#153,(#158,#187),.PCURVE_S1.);
#153 = B_SPLINE_CURVE_WITH_KNOTS('',3,(#154,#155,#156,#157),
  .UNSPECIFIED.,.F.,.F.,(4,4),(0.,7.306093042559E-04),
  .PIECEWISE_BEZIER_KNOTS.);
#154 = CARTESIAN_POINT('',(6.538348415311,14.5,2.5));
#155 = CARTESIAN_POINT('',(6.716323393117,14.666237487729,2.5));
#156 = CARTESIAN_POINT('',(6.8938690276,14.832935384038,2.5));
#157 = CARTESIAN_POINT('',(7.071067811865,15.,2.5));
#158 = PCURVE('',#44,#159);
#159 = DEFINITIONAL_REPRESENTATION('',(#160),#186);
#160 = B_SPLINE_CURVE_WITH_KNOTS('',3,(#161,#162,#163,#164,#165,#166,
    #167,#168,#169,#170,#171,#172,#173,#174,#175,#176,#177,#178,#179,
    #180,#181,#182,#183,#184,#185),.UNSPECIFIED.,.F.,.F.,(4,1,1,1,1,1,1,
    1,1,1,1,1,1,1,1,1,1,1,1,1,1,1,4),(0.,3.320951382982E-05,
    6.641902765963E-05,9.962854148945E-05,1.328380553193E-04,
    1.660475691491E-04,1.992570829789E-04,2.324665968087E-04,
    2.656761106385E-04,2.988856244683E-04,3.320951382982E-04,
    3.65304652128E-04,3.985141659578E-04,4.317236797876E-04,
    4.649331936174E-04,4.981427074472E-04,5.313522212771E-04,
    5.645617351069E-04,5.977712489367E-04,6.309807627665E-04,
    6.641902765963E-04,6.973997904261E-04,7.306093042559E-04),
  .QUASI_UNIFORM_KNOTS.);
#161 = CARTESIAN_POINT('',(1.205589105505,-0.5));
#162 = CARTESIAN_POINT('',(1.206001848876,-0.492443750496));
#163 = CARTESIAN_POINT('',(1.206824572168,-0.477329340286));
#164 = CARTESIAN_POINT('',(1.208050446909,-0.454652050522));
#165 = CARTESIAN_POINT('',(1.209268191994,-0.431969145752));
#166 = CARTESIAN_POINT('',(1.210477886601,-0.409280684403));
#167 = CARTESIAN_POINT('',(1.211679609028,-0.386586724251));
#168 = CARTESIAN_POINT('',(1.212873436584,-0.363887322339));
#169 = CARTESIAN_POINT('',(1.214059445634,-0.341182535011));
#170 = CARTESIAN_POINT('',(1.215237711607,-0.31847241792));
#171 = CARTESIAN_POINT('',(1.216408309009,-0.295757026037));
#172 = CARTESIAN_POINT('',(1.217571311437,-0.273036413663));
#173 = CARTESIAN_POINT('',(1.218726791592,-0.25031063444));
#174 = CARTESIAN_POINT('',(1.219874821292,-0.227579741358));
#175 = CARTESIAN_POINT('',(1.221015471484,-0.204843786772));
#176 = CARTESIAN_POINT('',(1.222148812258,-0.182102822402));
#177 = CARTESIAN_POINT('',(1.223274912858,-0.159356899354));
#178 = CARTESIAN_POINT('',(1.224393841693,-0.136606068119));
#179 = CARTESIAN_POINT('',(1.225505666354,-0.113850378591));
#180 = CARTESIAN_POINT('',(1.226610453616,-9.108988006741E-02));
#181 = CARTESIAN_POINT('',(1.227708269464,-6.832462127062E-02));
#182 = CARTESIAN_POINT('',(1.228799179075,-4.555465033286E-02));
#183 = CARTESIAN_POINT('',(1.229883246924,-2.278001487668E-02));
#184 = CARTESIAN_POINT('',(1.230601439936,-7.59384613431E-03));
#185 = CARTESIAN_POINT('',(1.230959417341,-4.440892098501E-16));
#186 = ( GEOMETRIC_REPRESENTATION_CONTEXT(2) 
PARAMETRIC_REPRESENTATION_CONTEXT() REPRESENTATION_CONTEXT('2D SPACE',''
  ) );
#187 = PCURVE('',#188,#193);
#188 = PLANE('',#189);
#189 = AXIS2_PLACEMENT_3D('',#190,#191,#192);
#190 = CARTESIAN_POINT('',(6.538348415311,-15.,2.5));
#191 = DIRECTION('',(0.,0.,1.));
#192 = DIRECTION('',(-2.22044604925E-16,-1.,0.));
#193 = DEFINITIONAL_REPRESENTATION('',(#194),#199);
#194 = B_SPLINE_CURVE_WITH_KNOTS('',3,(#195,#196,#197,#198),
  .UNSPECIFIED.,.F.,.F.,(4,4),(0.,7.306093042559E-04),
  .PIECEWISE_BEZIER_KNOTS.);
#195 = CARTESIAN_POINT('',(-29.5,0.));
#196 = CARTESIAN_POINT('',(-29.66623748772,0.177974977806));
#197 = CARTESIAN_POINT('',(-29.83293538403,0.355520612289));
#198 = CARTESIAN_POINT('',(-30.,0.532719396554));
#199 = ( GEOMETRIC_REPRESENTATION_CONTEXT(2) 
PARAMETRIC_REPRESENTATION_CONTEXT() REPRESENTATION_CONTEXT('2D SPACE',''
  ) );
#200 = ORIENTED_EDGE('',*,*,#201,.T.);
#201 = EDGE_CURVE('',#150,#24,#202,.T.);
#202 = SURFACE_CURVE('',#203,(#208,#215),.PCURVE_S1.);
#203 = CIRCLE('',#204,7.5);
#204 = AXIS2_PLACEMENT_3D('',#205,#206,#207);
#205 = CARTESIAN_POINT('',(3.330669073875E-15,15.,0.));
#206 = DIRECTION('',(-2.22044604925E-16,-1.,0.));
#207 = DIRECTION('',(0.,0.,1.));
#208 = PCURVE('',#44,#209);
#209 = DEFINITIONAL_REPRESENTATION('',(#210),#214);
#210 = LINE('',#211,#212);
#211 = CARTESIAN_POINT('',(6.28318530718,2.266764248357E-15));
#212 = VECTOR('',#213,1.);
#213 = DIRECTION('',(-1.,-3.607667349501E-16));
#214 = ( GEOMETRIC_REPRESENTATION_CONTEXT(2) 
PARAMETRIC_REPRESENTATION_CONTEXT() REPRESENTATION_CONTEXT('2D SPACE',''
  ) );
#215 = PCURVE('',#73,#216);
#216 = DEFINITIONAL_REPRESENTATION('',(#217),#225);
#217 = ( BOUNDED_CURVE() B_SPLINE_CURVE(2,(#218,#219,#220,#221,#222,#223
,#224),.UNSPECIFIED.,.T.,.F.) B_SPLINE_CURVE_WITH_KNOTS((1,2,2,2,2,1),(
    -2.094395102393,0.,2.094395102393,4.188790204786,6.28318530718,
8.377580409573),.UNSPECIFIED.) CURVE() GEOMETRIC_REPRESENTATION_ITEM() 
RATIONAL_B_SPLINE_CURVE((1.,0.5,1.,0.5,1.,0.5,1.)) REPRESENTATION_ITEM(
  '') );
#218 = CARTESIAN_POINT('',(7.5,0.));
#219 = CARTESIAN_POINT('',(7.5,-12.99038105676));
#220 = CARTESIAN_POINT('',(-3.75,-6.495190528383));
#221 = CARTESIAN_POINT('',(-15.,-1.836970198721E-15));
#222 = CARTESIAN_POINT('',(-3.75,6.495190528383));
#223 = CARTESIAN_POINT('',(7.5,12.990381056767));
#224 = CARTESIAN_POINT('',(7.5,0.));
#225 = ( GEOMETRIC_REPRESENTATION_CONTEXT(2) 
PARAMETRIC_REPRESENTATION_CONTEXT() REPRESENTATION_CONTEXT('2D SPACE',''
  ) );
#226 = ORIENTED_EDGE('',*,*,#21,.F.);
#227 = ORIENTED_EDGE('',*,*,#228,.T.);
#228 = EDGE_CURVE('',#22,#148,#229,.T.);
#229 = SURFACE_CURVE('',#230,(#235,#242),.PCURVE_S1.);
#230 = CIRCLE('',#231,7.);
#231 = AXIS2_PLACEMENT_3D('',#232,#233,#234);
#232 = CARTESIAN_POINT('',(3.219646771413E-15,14.5,0.));
#233 = DIRECTION('',(2.22044604925E-16,1.,-0.));
#234 = DIRECTION('',(0.,0.,1.));
#235 = PCURVE('',#44,#236);
#236 = DEFINITIONAL_REPRESENTATION('',(#237),#241);
#237 = LINE('',#238,#239);
#238 = CARTESIAN_POINT('',(0.,-0.5));
#239 = VECTOR('',#240,1.);
#240 = DIRECTION('',(1.,3.255861494424E-16));
#241 = ( GEOMETRIC_REPRESENTATION_CONTEXT(2) 
PARAMETRIC_REPRESENTATION_CONTEXT() REPRESENTATION_CONTEXT('2D SPACE',''
  ) );
#242 = PCURVE('',#243,#248);
#243 = CYLINDRICAL_SURFACE('',#244,7.);
#244 = AXIS2_PLACEMENT_3D('',#245,#246,#247);
#245 = CARTESIAN_POINT('',(3.330669073875E-15,15.,0.));
#246 = DIRECTION('',(-2.22044604925E-16,-1.,0.));
#247 = DIRECTION('',(0.,-0.,-1.));
#248 = DEFINITIONAL_REPRESENTATION('',(#249),#253);
#249 = LINE('',#250,#251);
#250 = CARTESIAN_POINT('',(3.14159265359,0.5));
#251 = VECTOR('',#252,1.);
#252 = DIRECTION('',(-1.,0.));
#253 = ( GEOMETRIC_REPRESENTATION_CONTEXT(2) 
PARAMETRIC_REPRESENTATION_CONTEXT() REPRESENTATION_CONTEXT('2D SPACE',''
  ) );
#254 = ADVANCED_FACE('',(#255),#270,.T.);
#255 = FACE_BOUND('',#256,.T.);
#256 = EDGE_LOOP('',(#257,#288,#316,#345));
#257 = ORIENTED_EDGE('',*,*,#258,.F.);
#258 = EDGE_CURVE('',#259,#261,#263,.T.);
#259 = VERTEX_POINT('',#260);
#260 = CARTESIAN_POINT('',(4.830861402831E-15,15.,12.));
#261 = VERTEX_POINT('',#262);
#262 = CARTESIAN_POINT('',(3.330669073875E-15,15.,-12.));
#263 = SURFACE_CURVE('',#264,(#269,#281),.PCURVE_S1.);
#264 = CIRCLE('',#265,12.);
#265 = AXIS2_PLACEMENT_3D('',#266,#267,#268);
#266 = CARTESIAN_POINT('',(3.330669073875E-15,15.,0.));
#267 = DIRECTION('',(2.22044604925E-16,1.,-0.));
#268 = DIRECTION('',(0.,0.,1.));
#269 = PCURVE('',#270,#275);
#270 = CONICAL_SURFACE('',#271,12.,0.785398163397);
#271 = AXIS2_PLACEMENT_3D('',#272,#273,#274);
#272 = CARTESIAN_POINT('',(3.330669073875E-15,15.,0.));
#273 = DIRECTION('',(-2.22044604925E-16,-1.,0.));
#274 = DIRECTION('',(0.,-0.,-1.));
#275 = DEFINITIONAL_REPRESENTATION('',(#276),#280);
#276 = LINE('',#277,#278);
#277 = CARTESIAN_POINT('',(3.14159265359,0.));
#278 = VECTOR('',#279,1.);
#279 = DIRECTION('',(-1.,0.));
#280 = ( GEOMETRIC_REPRESENTATION_CONTEXT(2) 
PARAMETRIC_REPRESENTATION_CONTEXT() REPRESENTATION_CONTEXT('2D SPACE',''
  ) );
#281 = PCURVE('',#73,#282);
#282 = DEFINITIONAL_REPRESENTATION('',(#283),#287);
#283 = CIRCLE('',#284,12.);
#284 = AXIS2_PLACEMENT_2D('',#285,#286);
#285 = CARTESIAN_POINT('',(0.,0.));
#286 = DIRECTION('',(1.,0.));
#287 = ( GEOMETRIC_REPRESENTATION_CONTEXT(2) 
PARAMETRIC_REPRESENTATION_CONTEXT() REPRESENTATION_CONTEXT('2D SPACE',''
  ) );
#288 = ORIENTED_EDGE('',*,*,#289,.T.);
#289 = EDGE_CURVE('',#259,#290,#292,.T.);
#290 = VERTEX_POINT('',#291);
#291 = CARTESIAN_POINT('',(4.750455270347E-15,14.5,12.5));
#292 = SURFACE_CURVE('',#293,(#297,#304),.PCURVE_S1.);
#293 = LINE('',#294,#295);
#294 = CARTESIAN_POINT('',(4.800245232852E-15,15.,12.));
#295 = VECTOR('',#296,1.);
#296 = DIRECTION('',(-7.041364024483E-17,-0.707106781187,0.707106781187)
  );
#297 = PCURVE('',#270,#298);
#298 = DEFINITIONAL_REPRESENTATION('',(#299),#303);
#299 = LINE('',#300,#301);
#300 = CARTESIAN_POINT('',(3.14159265359,-1.874699728327E-33));
#301 = VECTOR('',#302,1.);
#302 = DIRECTION('',(0.,1.));
#303 = ( GEOMETRIC_REPRESENTATION_CONTEXT(2) 
PARAMETRIC_REPRESENTATION_CONTEXT() REPRESENTATION_CONTEXT('2D SPACE',''
  ) );
#304 = PCURVE('',#305,#310);
#305 = CONICAL_SURFACE('',#306,12.,0.785398163397);
#306 = AXIS2_PLACEMENT_3D('',#307,#308,#309);
#307 = CARTESIAN_POINT('',(3.330669073875E-15,15.,0.));
#308 = DIRECTION('',(-2.22044604925E-16,-1.,0.));
#309 = DIRECTION('',(0.,-0.,-1.));
#310 = DEFINITIONAL_REPRESENTATION('',(#311),#315);
#311 = LINE('',#312,#313);
#312 = CARTESIAN_POINT('',(3.14159265359,-1.874699728327E-33));
#313 = VECTOR('',#314,1.);
#314 = DIRECTION('',(0.,1.));
#315 = ( GEOMETRIC_REPRESENTATION_CONTEXT(2) 
PARAMETRIC_REPRESENTATION_CONTEXT() REPRESENTATION_CONTEXT('2D SPACE',''
  ) );
#316 = ORIENTED_EDGE('',*,*,#317,.F.);
#317 = EDGE_CURVE('',#318,#290,#320,.T.);
#318 = VERTEX_POINT('',#319);
#319 = CARTESIAN_POINT('',(3.219646771413E-15,14.5,-12.5));
#320 = SURFACE_CURVE('',#321,(#326,#333),.PCURVE_S1.);
#321 = CIRCLE('',#322,12.5);
#322 = AXIS2_PLACEMENT_3D('',#323,#324,#325);
#323 = CARTESIAN_POINT('',(3.219646771413E-15,14.5,0.));
#324 = DIRECTION('',(-2.22044604925E-16,-1.,0.));
#325 = DIRECTION('',(0.,0.,1.));
#326 = PCURVE('',#270,#327);
#327 = DEFINITIONAL_REPRESENTATION('',(#328),#332);
#328 = LINE('',#329,#330);
#329 = CARTESIAN_POINT('',(-3.14159265359,0.5));
#330 = VECTOR('',#331,1.);
#331 = DIRECTION('',(1.,0.));
#332 = ( GEOMETRIC_REPRESENTATION_CONTEXT(2) 
PARAMETRIC_REPRESENTATION_CONTEXT() REPRESENTATION_CONTEXT('2D SPACE',''
  ) );
#333 = PCURVE('',#334,#339);
#334 = CYLINDRICAL_SURFACE('',#335,12.5);
#335 = AXIS2_PLACEMENT_3D('',#336,#337,#338);
#336 = CARTESIAN_POINT('',(3.330669073875E-15,15.,0.));
#337 = DIRECTION('',(-2.22044604925E-16,-1.,0.));
#338 = DIRECTION('',(0.,-0.,-1.));
#339 = DEFINITIONAL_REPRESENTATION('',(#340),#344);
#340 = LINE('',#341,#342);
#341 = CARTESIAN_POINT('',(-3.14159265359,0.5));
#342 = VECTOR('',#343,1.);
#343 = DIRECTION('',(1.,0.));
#344 = ( GEOMETRIC_REPRESENTATION_CONTEXT(2) 
PARAMETRIC_REPRESENTATION_CONTEXT() REPRESENTATION_CONTEXT('2D SPACE',''
  ) );
#345 = ORIENTED_EDGE('',*,*,#346,.F.);
#346 = EDGE_CURVE('',#261,#318,#347,.T.);
#347 = SURFACE_CURVE('',#348,(#352,#359),.PCURVE_S1.);
#348 = LINE('',#349,#350);
#349 = CARTESIAN_POINT('',(3.330669073875E-15,15.,-12.));
#350 = VECTOR('',#351,1.);
#351 = DIRECTION('',(-1.570092458684E-16,-0.707106781187,-0.707106781187
    ));
#352 = PCURVE('',#270,#353);
#353 = DEFINITIONAL_REPRESENTATION('',(#354),#358);
#354 = LINE('',#355,#356);
#355 = CARTESIAN_POINT('',(0.,0.));
#356 = VECTOR('',#357,1.);
#357 = DIRECTION('',(0.,1.));
#358 = ( GEOMETRIC_REPRESENTATION_CONTEXT(2) 
PARAMETRIC_REPRESENTATION_CONTEXT() REPRESENTATION_CONTEXT('2D SPACE',''
  ) );
#359 = PCURVE('',#305,#360);
#360 = DEFINITIONAL_REPRESENTATION('',(#361),#365);
#361 = LINE('',#362,#363);
#362 = CARTESIAN_POINT('',(6.28318530718,0.));
#363 = VECTOR('',#364,1.);
#364 = DIRECTION('',(0.,1.));
#365 = ( GEOMETRIC_REPRESENTATION_CONTEXT(2) 
PARAMETRIC_REPRESENTATION_CONTEXT() REPRESENTATION_CONTEXT('2D SPACE',''
  ) );
#366 = ADVANCED_FACE('',(#367),#381,.F.);
#367 = FACE_BOUND('',#368,.F.);
#368 = EDGE_LOOP('',(#369,#404,#433,#461));
#369 = ORIENTED_EDGE('',*,*,#370,.T.);
#370 = EDGE_CURVE('',#371,#373,#375,.T.);
#371 = VERTEX_POINT('',#372);
#372 = CARTESIAN_POINT('',(-3.219646771413E-15,-14.5,-7.));
#373 = VERTEX_POINT('',#374);
#374 = CARTESIAN_POINT('',(-3.330669073875E-15,-15.,-7.5));
#375 = SURFACE_CURVE('',#376,(#380,#392),.PCURVE_S1.);
#376 = LINE('',#377,#378);
#377 = CARTESIAN_POINT('',(-3.219646771413E-15,-14.5,-7.));
#378 = VECTOR('',#379,1.);
#379 = DIRECTION('',(-1.570092458684E-16,-0.707106781187,-0.707106781187
    ));
#380 = PCURVE('',#381,#386);
#381 = CONICAL_SURFACE('',#382,7.,0.785398163397);
#382 = AXIS2_PLACEMENT_3D('',#383,#384,#385);
#383 = CARTESIAN_POINT('',(-3.219646771413E-15,-14.5,0.));
#384 = DIRECTION('',(-2.22044604925E-16,-1.,0.));
#385 = DIRECTION('',(0.,-0.,-1.));
#386 = DEFINITIONAL_REPRESENTATION('',(#387),#391);
#387 = LINE('',#388,#389);
#388 = CARTESIAN_POINT('',(6.28318530718,0.));
#389 = VECTOR('',#390,1.);
#390 = DIRECTION('',(0.,1.));
#391 = ( GEOMETRIC_REPRESENTATION_CONTEXT(2) 
PARAMETRIC_REPRESENTATION_CONTEXT() REPRESENTATION_CONTEXT('2D SPACE',''
  ) );
#392 = PCURVE('',#393,#398);
#393 = CONICAL_SURFACE('',#394,7.,0.785398163397);
#394 = AXIS2_PLACEMENT_3D('',#395,#396,#397);
#395 = CARTESIAN_POINT('',(-3.219646771413E-15,-14.5,0.));
#396 = DIRECTION('',(-2.22044604925E-16,-1.,0.));
#397 = DIRECTION('',(0.,-0.,-1.));
#398 = DEFINITIONAL_REPRESENTATION('',(#399),#403);
#399 = LINE('',#400,#401);
#400 = CARTESIAN_POINT('',(0.,0.));
#401 = VECTOR('',#402,1.);
#402 = DIRECTION('',(0.,1.));
#403 = ( GEOMETRIC_REPRESENTATION_CONTEXT(2) 
PARAMETRIC_REPRESENTATION_CONTEXT() REPRESENTATION_CONTEXT('2D SPACE',''
  ) );
#404 = ORIENTED_EDGE('',*,*,#405,.T.);
#405 = EDGE_CURVE('',#373,#406,#408,.T.);
#406 = VERTEX_POINT('',#407);
#407 = CARTESIAN_POINT('',(-2.412183974515E-15,-15.,7.5));
#408 = SURFACE_CURVE('',#409,(#414,#421),.PCURVE_S1.);
#409 = CIRCLE('',#410,7.5);
#410 = AXIS2_PLACEMENT_3D('',#411,#412,#413);
#411 = CARTESIAN_POINT('',(-3.330669073875E-15,-15.,0.));
#412 = DIRECTION('',(2.22044604925E-16,1.,-0.));
#413 = DIRECTION('',(0.,0.,1.));
#414 = PCURVE('',#381,#415);
#415 = DEFINITIONAL_REPRESENTATION('',(#416),#420);
#416 = LINE('',#417,#418);
#417 = CARTESIAN_POINT('',(9.424777960769,0.5));
#418 = VECTOR('',#419,1.);
#419 = DIRECTION('',(-1.,0.));
#420 = ( GEOMETRIC_REPRESENTATION_CONTEXT(2) 
PARAMETRIC_REPRESENTATION_CONTEXT() REPRESENTATION_CONTEXT('2D SPACE',''
  ) );
#421 = PCURVE('',#422,#427);
#422 = PLANE('',#423);
#423 = AXIS2_PLACEMENT_3D('',#424,#425,#426);
#424 = CARTESIAN_POINT('',(-3.330669073875E-15,-15.,0.));
#425 = DIRECTION('',(2.22044604925E-16,1.,0.));
#426 = DIRECTION('',(0.,0.,1.));
#427 = DEFINITIONAL_REPRESENTATION('',(#428),#432);
#428 = CIRCLE('',#429,7.5);
#429 = AXIS2_PLACEMENT_2D('',#430,#431);
#430 = CARTESIAN_POINT('',(0.,0.));
#431 = DIRECTION('',(1.,0.));
#432 = ( GEOMETRIC_REPRESENTATION_CONTEXT(2) 
PARAMETRIC_REPRESENTATION_CONTEXT() REPRESENTATION_CONTEXT('2D SPACE',''
  ) );
#433 = ORIENTED_EDGE('',*,*,#434,.F.);
#434 = EDGE_CURVE('',#435,#406,#437,.T.);
#435 = VERTEX_POINT('',#436);
#436 = CARTESIAN_POINT('',(-2.36239401201E-15,-14.5,7.));
#437 = SURFACE_CURVE('',#438,(#442,#449),.PCURVE_S1.);
#438 = LINE('',#439,#440);
#439 = CARTESIAN_POINT('',(-2.36239401201E-15,-14.5,7.));
#440 = VECTOR('',#441,1.);
#441 = DIRECTION('',(-7.041364024483E-17,-0.707106781187,0.707106781187)
  );
#442 = PCURVE('',#381,#443);
#443 = DEFINITIONAL_REPRESENTATION('',(#444),#448);
#444 = LINE('',#445,#446);
#445 = CARTESIAN_POINT('',(3.14159265359,0.));
#446 = VECTOR('',#447,1.);
#447 = DIRECTION('',(0.,1.));
#448 = ( GEOMETRIC_REPRESENTATION_CONTEXT(2) 
PARAMETRIC_REPRESENTATION_CONTEXT() REPRESENTATION_CONTEXT('2D SPACE',''
  ) );
#449 = PCURVE('',#450,#455);
#450 = CONICAL_SURFACE('',#451,7.,0.785398163397);
#451 = AXIS2_PLACEMENT_3D('',#452,#453,#454);
#452 = CARTESIAN_POINT('',(-3.219646771413E-15,-14.5,0.));
#453 = DIRECTION('',(-2.22044604925E-16,-1.,0.));
#454 = DIRECTION('',(0.,-0.,-1.));
#455 = DEFINITIONAL_REPRESENTATION('',(#456),#460);
#456 = LINE('',#457,#458);
#457 = CARTESIAN_POINT('',(3.14159265359,0.));
#458 = VECTOR('',#459,1.);
#459 = DIRECTION('',(0.,1.));
#460 = ( GEOMETRIC_REPRESENTATION_CONTEXT(2) 
PARAMETRIC_REPRESENTATION_CONTEXT() REPRESENTATION_CONTEXT('2D SPACE',''
  ) );
#461 = ORIENTED_EDGE('',*,*,#462,.T.);
#462 = EDGE_CURVE('',#435,#371,#463,.T.);
#463 = SURFACE_CURVE('',#464,(#469,#476),.PCURVE_S1.);
#464 = CIRCLE('',#465,7.);
#465 = AXIS2_PLACEMENT_3D('',#466,#467,#468);
#466 = CARTESIAN_POINT('',(-3.219646771413E-15,-14.5,0.));
#467 = DIRECTION('',(-2.22044604925E-16,-1.,0.));
#468 = DIRECTION('',(0.,0.,1.));
#469 = PCURVE('',#381,#470);
#470 = DEFINITIONAL_REPRESENTATION('',(#471),#475);
#471 = LINE('',#472,#473);
#472 = CARTESIAN_POINT('',(3.14159265359,0.));
#473 = VECTOR('',#474,1.);
#474 = DIRECTION('',(1.,0.));
#475 = ( GEOMETRIC_REPRESENTATION_CONTEXT(2) 
PARAMETRIC_REPRESENTATION_CONTEXT() REPRESENTATION_CONTEXT('2D SPACE',''
  ) );
#476 = PCURVE('',#132,#477);
#477 = DEFINITIONAL_REPRESENTATION('',(#478),#482);
#478 = LINE('',#479,#480);
#479 = CARTESIAN_POINT('',(3.14159265359,29.5));
#480 = VECTOR('',#481,1.);
#481 = DIRECTION('',(1.,0.));
#482 = ( GEOMETRIC_REPRESENTATION_CONTEXT(2) 
PARAMETRIC_REPRESENTATION_CONTEXT() REPRESENTATION_CONTEXT('2D SPACE',''
  ) );
#483 = ADVANCED_FACE('',(#484),#393,.F.);
#484 = FACE_BOUND('',#485,.F.);
#485 = EDGE_LOOP('',(#486,#540,#562,#563));
#486 = ORIENTED_EDGE('',*,*,#487,.T.);
#487 = EDGE_CURVE('',#488,#490,#492,.T.);
#488 = VERTEX_POINT('',#489);
#489 = CARTESIAN_POINT('',(6.538348415311,-14.5,-2.5));
#490 = VERTEX_POINT('',#491);
#491 = CARTESIAN_POINT('',(7.071067811865,-15.,-2.5));
#492 = SURFACE_CURVE('',#493,(#498,#527),.PCURVE_S1.);
#493 = B_SPLINE_CURVE_WITH_KNOTS('',3,(#494,#495,#496,#497),
  .UNSPECIFIED.,.F.,.F.,(4,4),(0.,7.306093042559E-04),
  .PIECEWISE_BEZIER_KNOTS.);
#494 = CARTESIAN_POINT('',(6.538348415311,-14.5,-2.5));
#495 = CARTESIAN_POINT('',(6.716323393117,-14.66623748772,-2.5));
#496 = CARTESIAN_POINT('',(6.8938690276,-14.83293538403,-2.5));
#497 = CARTESIAN_POINT('',(7.071067811865,-15.,-2.5));
#498 = PCURVE('',#393,#499);
#499 = DEFINITIONAL_REPRESENTATION('',(#500),#526);
#500 = B_SPLINE_CURVE_WITH_KNOTS('',3,(#501,#502,#503,#504,#505,#506,
    #507,#508,#509,#510,#511,#512,#513,#514,#515,#516,#517,#518,#519,
    #520,#521,#522,#523,#524,#525),.UNSPECIFIED.,.F.,.F.,(4,1,1,1,1,1,1,
    1,1,1,1,1,1,1,1,1,1,1,1,1,1,1,4),(0.,3.320951382982E-05,
    6.641902765963E-05,9.962854148945E-05,1.328380553193E-04,
    1.660475691491E-04,1.992570829789E-04,2.324665968087E-04,
    2.656761106385E-04,2.988856244683E-04,3.320951382982E-04,
    3.65304652128E-04,3.985141659578E-04,4.317236797876E-04,
    4.649331936174E-04,4.981427074472E-04,5.31352221277E-04,
    5.645617351069E-04,5.977712489367E-04,6.309807627665E-04,
    6.641902765963E-04,6.973997904261E-04,7.306093042559E-04),
  .QUASI_UNIFORM_KNOTS.);
#501 = CARTESIAN_POINT('',(1.205589105505,4.440892098501E-16));
#502 = CARTESIAN_POINT('',(1.206001848876,7.556249504461E-03));
#503 = CARTESIAN_POINT('',(1.206824572168,2.267065971403E-02));
#504 = CARTESIAN_POINT('',(1.208050446909,4.534794947766E-02));
#505 = CARTESIAN_POINT('',(1.209268191994,6.803085424772E-02));
#506 = CARTESIAN_POINT('',(1.210477886601,9.071931559694E-02));
#507 = CARTESIAN_POINT('',(1.211679609028,0.113413275749));
#508 = CARTESIAN_POINT('',(1.212873436584,0.136112677661));
#509 = CARTESIAN_POINT('',(1.214059445634,0.158817464989));
#510 = CARTESIAN_POINT('',(1.215237711607,0.18152758208));
#511 = CARTESIAN_POINT('',(1.216408309009,0.204242973963));
#512 = CARTESIAN_POINT('',(1.217571311437,0.226963586337));
#513 = CARTESIAN_POINT('',(1.218726791592,0.24968936556));
#514 = CARTESIAN_POINT('',(1.219874821292,0.272420258642));
#515 = CARTESIAN_POINT('',(1.221015471484,0.295156213228));
#516 = CARTESIAN_POINT('',(1.222148812258,0.317897177598));
#517 = CARTESIAN_POINT('',(1.223274912858,0.340643100646));
#518 = CARTESIAN_POINT('',(1.224393841693,0.363393931881));
#519 = CARTESIAN_POINT('',(1.225505666354,0.386149621409));
#520 = CARTESIAN_POINT('',(1.226610453616,0.408910119933));
#521 = CARTESIAN_POINT('',(1.227708269464,0.431675378729));
#522 = CARTESIAN_POINT('',(1.228799179075,0.454445349667));
#523 = CARTESIAN_POINT('',(1.229883246924,0.477219985123));
#524 = CARTESIAN_POINT('',(1.230601439936,0.492406153866));
#525 = CARTESIAN_POINT('',(1.230959417341,0.5));
#526 = ( GEOMETRIC_REPRESENTATION_CONTEXT(2) 
PARAMETRIC_REPRESENTATION_CONTEXT() REPRESENTATION_CONTEXT('2D SPACE',''
  ) );
#527 = PCURVE('',#528,#533);
#528 = PLANE('',#529);
#529 = AXIS2_PLACEMENT_3D('',#530,#531,#532);
#530 = CARTESIAN_POINT('',(6.538348415311,-15.,-2.5));
#531 = DIRECTION('',(0.,-0.,-1.));
#532 = DIRECTION('',(2.22044604925E-16,1.,0.));
#533 = DEFINITIONAL_REPRESENTATION('',(#534),#539);
#534 = B_SPLINE_CURVE_WITH_KNOTS('',3,(#535,#536,#537,#538),
  .UNSPECIFIED.,.F.,.F.,(4,4),(0.,7.306093042559E-04),
  .PIECEWISE_BEZIER_KNOTS.);
#535 = CARTESIAN_POINT('',(0.5,0.));
#536 = CARTESIAN_POINT('',(0.333762512271,0.177974977806));
#537 = CARTESIAN_POINT('',(0.167064615962,0.355520612289));
#538 = CARTESIAN_POINT('',(0.,0.532719396554));
#539 = ( GEOMETRIC_REPRESENTATION_CONTEXT(2) 
PARAMETRIC_REPRESENTATION_CONTEXT() REPRESENTATION_CONTEXT('2D SPACE',''
  ) );
#540 = ORIENTED_EDGE('',*,*,#541,.T.);
#541 = EDGE_CURVE('',#490,#373,#542,.T.);
#542 = SURFACE_CURVE('',#543,(#548,#555),.PCURVE_S1.);
#543 = CIRCLE('',#544,7.5);
#544 = AXIS2_PLACEMENT_3D('',#545,#546,#547);
#545 = CARTESIAN_POINT('',(-3.330669073875E-15,-15.,0.));
#546 = DIRECTION('',(2.22044604925E-16,1.,-0.));
#547 = DIRECTION('',(0.,0.,1.));
#548 = PCURVE('',#393,#549);
#549 = DEFINITIONAL_REPRESENTATION('',(#550),#554);
#550 = LINE('',#551,#552);
#551 = CARTESIAN_POINT('',(3.14159265359,0.5));
#552 = VECTOR('',#553,1.);
#553 = DIRECTION('',(-1.,0.));
#554 = ( GEOMETRIC_REPRESENTATION_CONTEXT(2) 
PARAMETRIC_REPRESENTATION_CONTEXT() REPRESENTATION_CONTEXT('2D SPACE',''
  ) );
#555 = PCURVE('',#422,#556);
#556 = DEFINITIONAL_REPRESENTATION('',(#557),#561);
#557 = CIRCLE('',#558,7.5);
#558 = AXIS2_PLACEMENT_2D('',#559,#560);
#559 = CARTESIAN_POINT('',(0.,0.));
#560 = DIRECTION('',(1.,0.));
#561 = ( GEOMETRIC_REPRESENTATION_CONTEXT(2) 
PARAMETRIC_REPRESENTATION_CONTEXT() REPRESENTATION_CONTEXT('2D SPACE',''
  ) );
#562 = ORIENTED_EDGE('',*,*,#370,.F.);
#563 = ORIENTED_EDGE('',*,*,#564,.T.);
#564 = EDGE_CURVE('',#371,#488,#565,.T.);
#565 = SURFACE_CURVE('',#566,(#571,#578),.PCURVE_S1.);
#566 = CIRCLE('',#567,7.);
#567 = AXIS2_PLACEMENT_3D('',#568,#569,#570);
#568 = CARTESIAN_POINT('',(-3.219646771413E-15,-14.5,0.));
#569 = DIRECTION('',(-2.22044604925E-16,-1.,0.));
#570 = DIRECTION('',(1.7763568394E-15,-3.944304526105E-31,1.));
#571 = PCURVE('',#393,#572);
#572 = DEFINITIONAL_REPRESENTATION('',(#573),#577);
#573 = LINE('',#574,#575);
#574 = CARTESIAN_POINT('',(-3.14159265359,0.));
#575 = VECTOR('',#576,1.);
#576 = DIRECTION('',(1.,0.));
#577 = ( GEOMETRIC_REPRESENTATION_CONTEXT(2) 
PARAMETRIC_REPRESENTATION_CONTEXT() REPRESENTATION_CONTEXT('2D SPACE',''
  ) );
#578 = PCURVE('',#579,#584);
#579 = CYLINDRICAL_SURFACE('',#580,7.);
#580 = AXIS2_PLACEMENT_3D('',#581,#582,#583);
#581 = CARTESIAN_POINT('',(3.330669073875E-15,15.,0.));
#582 = DIRECTION('',(-2.22044604925E-16,-1.,0.));
#583 = DIRECTION('',(0.,-0.,-1.));
#584 = DEFINITIONAL_REPRESENTATION('',(#585),#589);
#585 = LINE('',#586,#587);
#586 = CARTESIAN_POINT('',(-3.14159265359,29.5));
#587 = VECTOR('',#588,1.);
#588 = DIRECTION('',(1.,0.));
#589 = ( GEOMETRIC_REPRESENTATION_CONTEXT(2) 
PARAMETRIC_REPRESENTATION_CONTEXT() REPRESENTATION_CONTEXT('2D SPACE',''
  ) );
#590 = ADVANCED_FACE('',(#591),#618,.F.);
#591 = FACE_BOUND('',#592,.F.);
#592 = EDGE_LOOP('',(#593,#724,#752,#876,#1000,#1023));
#593 = ORIENTED_EDGE('',*,*,#594,.T.);
#594 = EDGE_CURVE('',#595,#597,#599,.T.);
#595 = VERTEX_POINT('',#596);
#596 = CARTESIAN_POINT('',(4.439592792544E-15,13.1,12.5));
#597 = VERTEX_POINT('',#598);
#598 = CARTESIAN_POINT('',(2.1,11.,12.322337440599));
#599 = SURFACE_CURVE('',#600,(#617,#673),.PCURVE_S1.);
#600 = B_SPLINE_CURVE_WITH_KNOTS('',3,(#601,#602,#603,#604,#605,#606,
    #607,#608,#609,#610,#611,#612,#613,#614,#615,#616),.UNSPECIFIED.,.F.
  ,.F.,(4,2,2,2,2,2,2,4),(9.866244204969E-03,1.027706177083E-02,
    1.06878793367E-02,1.109869690256E-02,1.150951446843E-02,
    1.233114960016E-02,1.274196716602E-02,1.315278473189E-02),
  .UNSPECIFIED.);
#601 = CARTESIAN_POINT('',(4.439592792544E-15,13.1,12.5));
#602 = CARTESIAN_POINT('',(0.138668741553,13.1,12.5));
#603 = CARTESIAN_POINT('',(0.275146827612,13.086399511852,
    12.497694530916));
#604 = CARTESIAN_POINT('',(0.543884362259,13.032967904393,12.48888562544
    ));
#605 = CARTESIAN_POINT('',(0.677549991703,12.992435209005,
    12.482271255676));
#606 = CARTESIAN_POINT('',(0.931342995406,12.887186339037,
    12.465904295976));
#607 = CARTESIAN_POINT('',(1.051847321795,12.822761220067,
    12.456193809731));
#608 = CARTESIAN_POINT('',(1.280168307769,12.670332409292,
    12.434802616758));
#609 = CARTESIAN_POINT('',(1.387788985368,12.581990338731,
    12.423103788143));
#610 = CARTESIAN_POINT('',(1.677603738078,12.292382488651,12.38844258547
    ));
#611 = CARTESIAN_POINT('',(1.834114129275,12.05865438698,12.365165232513
    ));
#612 = CARTESIAN_POINT('',(1.991537581661,11.680043379794,12.34044567783
    ));
#613 = CARTESIAN_POINT('',(2.032139648766,11.547284037193,12.33374085843
    ));
#614 = CARTESIAN_POINT('',(2.086347465648,11.276162311032,
    12.324686988625));
#615 = CARTESIAN_POINT('',(2.1,11.138930444075,12.322337440599));
#616 = CARTESIAN_POINT('',(2.1,11.,12.322337440599));
#617 = PCURVE('',#618,#623);
#618 = CYLINDRICAL_SURFACE('',#619,2.1);
#619 = AXIS2_PLACEMENT_3D('',#620,#621,#622);
#620 = CARTESIAN_POINT('',(7.077671781985E-16,11.,-6.056758152499E-30));
#621 = DIRECTION('',(3.491483361109E-15,-7.752650435199E-31,-1.));
#622 = DIRECTION('',(1.,-2.22044604925E-16,3.491483361109E-15));
#623 = DEFINITIONAL_REPRESENTATION('',(#624),#672);
#624 = B_SPLINE_CURVE_WITH_KNOTS('',3,(#625,#626,#627,#628,#629,#630,
    #631,#632,#633,#634,#635,#636,#637,#638,#639,#640,#641,#642,#643,
    #644,#645,#646,#647,#648,#649,#650,#651,#652,#653,#654,#655,#656,
    #657,#658,#659,#660,#661,#662,#663,#664,#665,#666,#667,#668,#669,
    #670,#671),.UNSPECIFIED.,.F.,.F.,(4,1,1,1,1,1,1,1,1,1,1,1,1,1,1,1,1,
    1,1,1,1,1,1,1,1,1,1,1,1,1,1,1,1,1,1,1,1,1,1,1,1,1,1,1,4),(
    9.866244204969E-03,9.940938307854E-03,1.001563241074E-02,
    1.009032651362E-02,1.016502061651E-02,1.023971471939E-02,
    1.031440882228E-02,1.038910292516E-02,1.046379702805E-02,
    1.053849113093E-02,1.061318523381E-02,1.06878793367E-02,
    1.076257343958E-02,1.083726754247E-02,1.091196164535E-02,
    1.098665574824E-02,1.106134985112E-02,1.113604395401E-02,
    1.121073805689E-02,1.128543215977E-02,1.136012626266E-02,
    1.143482036554E-02,1.150951446843E-02,1.158420857131E-02,
    1.16589026742E-02,1.173359677708E-02,1.180829087997E-02,
    1.188298498285E-02,1.195767908574E-02,1.203237318862E-02,
    1.21070672915E-02,1.218176139439E-02,1.225645549727E-02,
    1.233114960016E-02,1.240584370304E-02,1.248053780593E-02,
    1.255523190881E-02,1.26299260117E-02,1.270462011458E-02,
    1.277931421747E-02,1.285400832035E-02,1.292870242323E-02,
    1.300339652612E-02,1.3078090629E-02,1.315278473189E-02),
  .QUASI_UNIFORM_KNOTS.);
#625 = CARTESIAN_POINT('',(4.712388980385,-12.5));
#626 = CARTESIAN_POINT('',(4.72439492839,-12.5));
#627 = CARTESIAN_POINT('',(4.748337862475,-12.49984757158));
#628 = CARTESIAN_POINT('',(4.784092207421,-12.4991690966));
#629 = CARTESIAN_POINT('',(4.819733590829,-12.49804821656));
#630 = CARTESIAN_POINT('',(4.855308179672,-12.49649244848));
#631 = CARTESIAN_POINT('',(4.890863551525,-12.49450897598));
#632 = CARTESIAN_POINT('',(4.926438397929,-12.49210622663));
#633 = CARTESIAN_POINT('',(4.962193730515,-12.48927344093));
#634 = CARTESIAN_POINT('',(4.998040359673,-12.48603788244));
#635 = CARTESIAN_POINT('',(5.033921825172,-12.48242145298));
#636 = CARTESIAN_POINT('',(5.069773662943,-12.47844793864));
#637 = CARTESIAN_POINT('',(5.105529937717,-12.47413895023));
#638 = CARTESIAN_POINT('',(5.141144116633,-12.46952291538));
#639 = CARTESIAN_POINT('',(5.176675786649,-12.46462465605));
#640 = CARTESIAN_POINT('',(5.212166738609,-12.45946233202));
#641 = CARTESIAN_POINT('',(5.247664721937,-12.45405573701));
#642 = CARTESIAN_POINT('',(5.283212771184,-12.44842479113));
#643 = CARTESIAN_POINT('',(5.318866058221,-12.44258727494));
#644 = CARTESIAN_POINT('',(5.354622541186,-12.43656943879));
#645 = CARTESIAN_POINT('',(5.390417023315,-12.43041518984));
#646 = CARTESIAN_POINT('',(5.426191727715,-12.42416569296));
#647 = CARTESIAN_POINT('',(5.461899664626,-12.41786085484));
#648 = CARTESIAN_POINT('',(5.497440339385,-12.41154835719));
#649 = CARTESIAN_POINT('',(5.53291933569,-12.4052460399));
#650 = CARTESIAN_POINT('',(5.56848953823,-12.3989617224));
#651 = CARTESIAN_POINT('',(5.604097257047,-12.39273313446));
#652 = CARTESIAN_POINT('',(5.639742396778,-12.38658999077));
#653 = CARTESIAN_POINT('',(5.675409193358,-12.38056415604));
#654 = CARTESIAN_POINT('',(5.711085323659,-12.37468690992));
#655 = CARTESIAN_POINT('',(5.746757009664,-12.36898972239));
#656 = CARTESIAN_POINT('',(5.782411804919,-12.36350388704));
#657 = CARTESIAN_POINT('',(5.818034668368,-12.35826121278));
#658 = CARTESIAN_POINT('',(5.85362319458,-12.35329162361));
#659 = CARTESIAN_POINT('',(5.889132896997,-12.34863206781));
#660 = CARTESIAN_POINT('',(5.924683068304,-12.34429328149));
#661 = CARTESIAN_POINT('',(5.960377017057,-12.34027778645));
#662 = CARTESIAN_POINT('',(5.996155451672,-12.33661427149));
#663 = CARTESIAN_POINT('',(6.032003162659,-12.3333245591));
#664 = CARTESIAN_POINT('',(6.06789215556,-12.33043177009));
#665 = CARTESIAN_POINT('',(6.103805704697,-12.32796069824));
#666 = CARTESIAN_POINT('',(6.139632588748,-12.3259259513));
#667 = CARTESIAN_POINT('',(6.175437327567,-12.3243320361));
#668 = CARTESIAN_POINT('',(6.211261395164,-12.32318561735));
#669 = CARTESIAN_POINT('',(6.247152999309,-12.32249278138));
#670 = CARTESIAN_POINT('',(6.2711566715,-12.32233744059));
#671 = CARTESIAN_POINT('',(6.28318530718,-12.32233744059));
#672 = ( GEOMETRIC_REPRESENTATION_CONTEXT(2) 
PARAMETRIC_REPRESENTATION_CONTEXT() REPRESENTATION_CONTEXT('2D SPACE',''
  ) );
#673 = PCURVE('',#334,#674);
#674 = DEFINITIONAL_REPRESENTATION('',(#675),#723);
#675 = B_SPLINE_CURVE_WITH_KNOTS('',3,(#676,#677,#678,#679,#680,#681,
    #682,#683,#684,#685,#686,#687,#688,#689,#690,#691,#692,#693,#694,
    #695,#696,#697,#698,#699,#700,#701,#702,#703,#704,#705,#706,#707,
    #708,#709,#710,#711,#712,#713,#714,#715,#716,#717,#718,#719,#720,
    #721,#722),.UNSPECIFIED.,.F.,.F.,(4,1,1,1,1,1,1,1,1,1,1,1,1,1,1,1,1,
    1,1,1,1,1,1,1,1,1,1,1,1,1,1,1,1,1,1,1,1,1,1,1,1,1,1,1,4),(
    9.866244204969E-03,9.940938307854E-03,1.001563241074E-02,
    1.009032651362E-02,1.016502061651E-02,1.023971471939E-02,
    1.031440882228E-02,1.038910292516E-02,1.046379702805E-02,
    1.053849113093E-02,1.061318523381E-02,1.06878793367E-02,
    1.076257343958E-02,1.083726754247E-02,1.091196164535E-02,
    1.098665574824E-02,1.106134985112E-02,1.113604395401E-02,
    1.121073805689E-02,1.128543215977E-02,1.136012626266E-02,
    1.143482036554E-02,1.150951446843E-02,1.158420857131E-02,
    1.16589026742E-02,1.173359677708E-02,1.180829087997E-02,
    1.188298498285E-02,1.195767908574E-02,1.203237318862E-02,
    1.21070672915E-02,1.218176139439E-02,1.225645549727E-02,
    1.233114960016E-02,1.240584370304E-02,1.248053780593E-02,
    1.255523190881E-02,1.26299260117E-02,1.270462011458E-02,
    1.277931421747E-02,1.285400832035E-02,1.292870242323E-02,
    1.300339652612E-02,1.3078090629E-02,1.315278473189E-02),
  .QUASI_UNIFORM_KNOTS.);
#676 = CARTESIAN_POINT('',(3.14159265359,1.9));
#677 = CARTESIAN_POINT('',(3.139575654291,1.9));
#678 = CARTESIAN_POINT('',(3.135553239851,1.9008992143));
#679 = CARTESIAN_POINT('',(3.129553931343,1.90492810557));
#680 = CARTESIAN_POINT('',(3.123588472761,1.911619798572));
#681 = CARTESIAN_POINT('',(3.117656484559,1.920955957746));
#682 = CARTESIAN_POINT('',(3.111757318689,1.932922212432));
#683 = CARTESIAN_POINT('',(3.105891360495,1.94748939984));
#684 = CARTESIAN_POINT('',(3.100040623971,1.964782337792));
#685 = CARTESIAN_POINT('',(3.094226824677,1.984717984383));
#686 = CARTESIAN_POINT('',(3.088466238265,2.007240359695));
#687 = CARTESIAN_POINT('',(3.08277629838,2.032283139211));
#688 = CARTESIAN_POINT('',(3.077175323045,2.059794314817));
#689 = CARTESIAN_POINT('',(3.07167697666,2.089674957394));
#690 = CARTESIAN_POINT('',(3.066277286741,2.121888118637));
#691 = CARTESIAN_POINT('',(3.060977110868,2.15644306126));
#692 = CARTESIAN_POINT('',(3.055775891038,2.193337216522));
#693 = CARTESIAN_POINT('',(3.050674000808,2.232569130482));
#694 = CARTESIAN_POINT('',(3.045669602614,2.274144721453));
#695 = CARTESIAN_POINT('',(3.040772817368,2.318071959581));
#696 = CARTESIAN_POINT('',(3.035997571432,2.364188243245));
#697 = CARTESIAN_POINT('',(3.031357044724,2.412352840514));
#698 = CARTESIAN_POINT('',(3.026863068569,2.462440093444));
#699 = CARTESIAN_POINT('',(3.022533725576,2.514242178451));
#700 = CARTESIAN_POINT('',(3.018363535727,2.567864860525));
#701 = CARTESIAN_POINT('',(3.014339437748,2.62345684395));
#702 = CARTESIAN_POINT('',(3.010471986443,2.6808526666));
#703 = CARTESIAN_POINT('',(3.006765426396,2.739971054401));
#704 = CARTESIAN_POINT('',(3.003225711209,2.800708147483));
#705 = CARTESIAN_POINT('',(2.999858348121,2.862966241108));
#706 = CARTESIAN_POINT('',(2.996668996095,2.92664559581));
#707 = CARTESIAN_POINT('',(2.993663225016,2.991648455898));
#708 = CARTESIAN_POINT('',(2.9908468773,3.057871165307));
#709 = CARTESIAN_POINT('',(2.98822485891,3.125231685702));
#710 = CARTESIAN_POINT('',(2.985805610358,3.193567408195));
#711 = CARTESIAN_POINT('',(2.98358442823,3.263016388381));
#712 = CARTESIAN_POINT('',(2.981555854892,3.333680445016));
#713 = CARTESIAN_POINT('',(2.97972757597,3.405360412848));
#714 = CARTESIAN_POINT('',(2.978103803942,3.477938815505));
#715 = CARTESIAN_POINT('',(2.9766895245,3.551272405114));
#716 = CARTESIAN_POINT('',(2.97549012687,3.62523933092));
#717 = CARTESIAN_POINT('',(2.97450754977,3.699506796776));
#718 = CARTESIAN_POINT('',(2.973742098434,3.774115605703));
#719 = CARTESIAN_POINT('',(2.97319452042,3.849056084401));
#720 = CARTESIAN_POINT('',(2.972865445518,3.924332089307));
#721 = CARTESIAN_POINT('',(2.972792172597,3.974739919259));
#722 = CARTESIAN_POINT('',(2.972792172572,4.));
#723 = ( GEOMETRIC_REPRESENTATION_CONTEXT(2) 
PARAMETRIC_REPRESENTATION_CONTEXT() REPRESENTATION_CONTEXT('2D SPACE',''
  ) );
#724 = ORIENTED_EDGE('',*,*,#725,.T.);
#725 = EDGE_CURVE('',#597,#726,#728,.T.);
#726 = VERTEX_POINT('',#727);
#727 = CARTESIAN_POINT('',(2.1,11.,6.677574409919));
#728 = SURFACE_CURVE('',#729,(#733,#740),.PCURVE_S1.);
#729 = LINE('',#730,#731);
#730 = CARTESIAN_POINT('',(2.1,11.,7.33211505833E-15));
#731 = VECTOR('',#732,1.);
#732 = DIRECTION('',(3.491483361109E-15,-7.752650435199E-31,-1.));
#733 = PCURVE('',#618,#734);
#734 = DEFINITIONAL_REPRESENTATION('',(#735),#739);
#735 = LINE('',#736,#737);
#736 = CARTESIAN_POINT('',(6.28318530718,0.));
#737 = VECTOR('',#738,1.);
#738 = DIRECTION('',(0.,1.));
#739 = ( GEOMETRIC_REPRESENTATION_CONTEXT(2) 
PARAMETRIC_REPRESENTATION_CONTEXT() REPRESENTATION_CONTEXT('2D SPACE',''
  ) );
#740 = PCURVE('',#741,#746);
#741 = CYLINDRICAL_SURFACE('',#742,2.1);
#742 = AXIS2_PLACEMENT_3D('',#743,#744,#745);
#743 = CARTESIAN_POINT('',(7.077671781985E-16,11.,-6.056758152499E-30));
#744 = DIRECTION('',(3.491483361109E-15,-7.752650435199E-31,-1.));
#745 = DIRECTION('',(1.,-2.22044604925E-16,3.491483361109E-15));
#746 = DEFINITIONAL_REPRESENTATION('',(#747),#751);
#747 = LINE('',#748,#749);
#748 = CARTESIAN_POINT('',(0.,0.));
#749 = VECTOR('',#750,1.);
#750 = DIRECTION('',(0.,1.));
#751 = ( GEOMETRIC_REPRESENTATION_CONTEXT(2) 
PARAMETRIC_REPRESENTATION_CONTEXT() REPRESENTATION_CONTEXT('2D SPACE',''
  ) );
#752 = ORIENTED_EDGE('',*,*,#753,.T.);
#753 = EDGE_CURVE('',#726,#754,#756,.T.);
#754 = VERTEX_POINT('',#755);
#755 = CARTESIAN_POINT('',(-5.433654148737E-13,13.100000000005,
    7.000000000002));
#756 = SURFACE_CURVE('',#757,(#774,#825),.PCURVE_S1.);
#757 = B_SPLINE_CURVE_WITH_KNOTS('',3,(#758,#759,#760,#761,#762,#763,
    #764,#765,#766,#767,#768,#769,#770,#771,#772,#773),.UNSPECIFIED.,.F.
  ,.F.,(4,2,2,2,2,2,2,4),(0.,4.12844875593E-04,8.25689751186E-04,
    1.238534626779E-03,1.651379502372E-03,2.477069253558E-03,
    2.889914129151E-03,3.302759004744E-03),.UNSPECIFIED.);
#758 = CARTESIAN_POINT('',(2.1,11.,6.677574409919));
#759 = CARTESIAN_POINT('',(2.1,11.139663825213,6.677574409919));
#760 = CARTESIAN_POINT('',(2.086207528753,11.276821311636,6.681955751777
    ));
#761 = CARTESIAN_POINT('',(2.032327594428,11.546384883142,6.698540070094
    ));
#762 = CARTESIAN_POINT('',(1.991535707727,11.680223527564,6.710947245384
    ));
#763 = CARTESIAN_POINT('',(1.885796487382,11.934178853743,6.741424108722
    ));
#764 = CARTESIAN_POINT('',(1.821211744413,12.054495186767,6.759392235652
    ));
#765 = CARTESIAN_POINT('',(1.668757108782,12.282194224286,6.798635548791
    ));
#766 = CARTESIAN_POINT('',(1.580620505518,12.389308882658,6.81992328452)
  );
#767 = CARTESIAN_POINT('',(1.291653500222,12.678032374823,6.882622348506
    ));
#768 = CARTESIAN_POINT('',(1.058530382076,12.834206461807,6.924171579595
    ));
#769 = CARTESIAN_POINT('',(0.679704780907,12.991657949897,6.968081591742
    ));
#770 = CARTESIAN_POINT('',(0.546391433414,13.032395006656,6.979968492758
    ));
#771 = CARTESIAN_POINT('',(0.274802817,13.086541749728,6.995926469751));
#772 = CARTESIAN_POINT('',(0.137934509805,13.1,7.));
#773 = CARTESIAN_POINT('',(-5.433654148737E-13,13.100000000005,
    7.000000000002));
#774 = PCURVE('',#618,#775);
#775 = DEFINITIONAL_REPRESENTATION('',(#776),#824);
#776 = B_SPLINE_CURVE_WITH_KNOTS('',3,(#777,#778,#779,#780,#781,#782,
    #783,#784,#785,#786,#787,#788,#789,#790,#791,#792,#793,#794,#795,
    #796,#797,#798,#799,#800,#801,#802,#803,#804,#805,#806,#807,#808,
    #809,#810,#811,#812,#813,#814,#815,#816,#817,#818,#819,#820,#821,
    #822,#823),.UNSPECIFIED.,.F.,.F.,(4,1,1,1,1,1,1,1,1,1,1,1,1,1,1,1,1,
    1,1,1,1,1,1,1,1,1,1,1,1,1,1,1,1,1,1,1,1,1,1,1,1,1,1,1,4),(0.,
    7.506270465328E-05,1.501254093066E-04,2.251881139598E-04,
    3.002508186131E-04,3.753135232664E-04,4.503762279197E-04,
    5.254389325729E-04,6.005016372262E-04,6.755643418795E-04,
    7.506270465328E-04,8.25689751186E-04,9.007524558393E-04,
    9.758151604926E-04,1.050877865146E-03,1.125940569799E-03,
    1.201003274452E-03,1.276065979106E-03,1.351128683759E-03,
    1.426191388412E-03,1.501254093066E-03,1.576316797719E-03,
    1.651379502372E-03,1.726442207025E-03,1.801504911679E-03,
    1.876567616332E-03,1.951630320985E-03,2.026693025638E-03,
    2.101755730292E-03,2.176818434945E-03,2.251881139598E-03,
    2.326943844252E-03,2.402006548905E-03,2.477069253558E-03,
    2.552131958211E-03,2.627194662865E-03,2.702257367518E-03,
    2.777320072171E-03,2.852382776824E-03,2.927445481478E-03,
    3.002508186131E-03,3.077570890784E-03,3.152633595438E-03,
    3.227696300091E-03,3.302759004744E-03),.QUASI_UNIFORM_KNOTS.);
#777 = CARTESIAN_POINT('',(6.28318530718,-6.677574409919));
#778 = CARTESIAN_POINT('',(6.271093219477,-6.677574409919));
#779 = CARTESIAN_POINT('',(6.246987889234,-6.677864086689));
#780 = CARTESIAN_POINT('',(6.211018083206,-6.679150652095));
#781 = CARTESIAN_POINT('',(6.175187767671,-6.681272333623));
#782 = CARTESIAN_POINT('',(6.13944947823,-6.684212036365));
#783 = CARTESIAN_POINT('',(6.103754362959,-6.687953262611));
#784 = CARTESIAN_POINT('',(6.068063323559,-6.692477286636));
#785 = CARTESIAN_POINT('',(6.032210638429,-6.697800408287));
#786 = CARTESIAN_POINT('',(5.996283008573,-6.703868619165));
#787 = CARTESIAN_POINT('',(5.960334073369,-6.710637917461));
#788 = CARTESIAN_POINT('',(5.924426647502,-6.718060540593));
#789 = CARTESIAN_POINT('',(5.888621225907,-6.726093762479));
#790 = CARTESIAN_POINT('',(5.852973617707,-6.73467847181));
#791 = CARTESIAN_POINT('',(5.817433753307,-6.743763115115));
#792 = CARTESIAN_POINT('',(5.781954918518,-6.753312238756));
#793 = CARTESIAN_POINT('',(5.746488427413,-6.763286351479));
#794 = CARTESIAN_POINT('',(5.710989613643,-6.773646012658));
#795 = CARTESIAN_POINT('',(5.675401408397,-6.784355616774));
#796 = CARTESIAN_POINT('',(5.639733151483,-6.795361625582));
#797 = CARTESIAN_POINT('',(5.604042027809,-6.80658633455));
#798 = CARTESIAN_POINT('',(5.568379679011,-6.817955906234));
#799 = CARTESIAN_POINT('',(5.532786764272,-6.829398925712));
#800 = CARTESIAN_POINT('',(5.497356546062,-6.840830420883));
#801 = CARTESIAN_POINT('',(5.461980742053,-6.852217225846));
#802 = CARTESIAN_POINT('',(5.426509100957,-6.86354606736));
#803 = CARTESIAN_POINT('',(5.390993412079,-6.874751765277));
#804 = CARTESIAN_POINT('',(5.355432885118,-6.885783049115));
#805 = CARTESIAN_POINT('',(5.319841951948,-6.896584916625));
#806 = CARTESIAN_POINT('',(5.284231563407,-6.907103382967));
#807 = CARTESIAN_POINT('',(5.248614037148,-6.917284125429));
#808 = CARTESIAN_POINT('',(5.213000177942,-6.927073155375));
#809 = CARTESIAN_POINT('',(5.177403749123,-6.936415485742));
#810 = CARTESIAN_POINT('',(5.141824279596,-6.945259789096));
#811 = CARTESIAN_POINT('',(5.106309209985,-6.953541097918));
#812 = CARTESIAN_POINT('',(5.070720397403,-6.961245345392));
#813 = CARTESIAN_POINT('',(5.03495155174,-6.968370885274));
#814 = CARTESIAN_POINT('',(4.999081108697,-6.974865266284));
#815 = CARTESIAN_POINT('',(4.963137524048,-6.980689342387));
#816 = CARTESIAN_POINT('',(4.927164017119,-6.985801551612));
#817 = CARTESIAN_POINT('',(4.891189896326,-6.99015669048));
#818 = CARTESIAN_POINT('',(4.855363175735,-6.993731365715));
#819 = CARTESIAN_POINT('',(4.819614487319,-6.996523062193));
#820 = CARTESIAN_POINT('',(4.783903609742,-6.998524768459));
#821 = CARTESIAN_POINT('',(4.748182482281,-6.999730678262));
#822 = CARTESIAN_POINT('',(4.724331423797,-7.000000000001));
#823 = CARTESIAN_POINT('',(4.712388980384,-7.000000000002));
#824 = ( GEOMETRIC_REPRESENTATION_CONTEXT(2) 
PARAMETRIC_REPRESENTATION_CONTEXT() REPRESENTATION_CONTEXT('2D SPACE',''
  ) );
#825 = PCURVE('',#243,#826);
#826 = DEFINITIONAL_REPRESENTATION('',(#827),#875);
#827 = B_SPLINE_CURVE_WITH_KNOTS('',3,(#828,#829,#830,#831,#832,#833,
    #834,#835,#836,#837,#838,#839,#840,#841,#842,#843,#844,#845,#846,
    #847,#848,#849,#850,#851,#852,#853,#854,#855,#856,#857,#858,#859,
    #860,#861,#862,#863,#864,#865,#866,#867,#868,#869,#870,#871,#872,
    #873,#874),.UNSPECIFIED.,.F.,.F.,(4,1,1,1,1,1,1,1,1,1,1,1,1,1,1,1,1,
    1,1,1,1,1,1,1,1,1,1,1,1,1,1,1,1,1,1,1,1,1,1,1,1,1,1,1,4),(0.,
    7.506270465328E-05,1.501254093066E-04,2.251881139598E-04,
    3.002508186131E-04,3.753135232664E-04,4.503762279197E-04,
    5.254389325729E-04,6.005016372262E-04,6.755643418795E-04,
    7.506270465328E-04,8.25689751186E-04,9.007524558393E-04,
    9.758151604926E-04,1.050877865146E-03,1.125940569799E-03,
    1.201003274452E-03,1.276065979106E-03,1.351128683759E-03,
    1.426191388412E-03,1.501254093066E-03,1.576316797719E-03,
    1.651379502372E-03,1.726442207025E-03,1.801504911679E-03,
    1.876567616332E-03,1.951630320985E-03,2.026693025638E-03,
    2.101755730292E-03,2.176818434945E-03,2.251881139598E-03,
    2.326943844252E-03,2.402006548905E-03,2.477069253558E-03,
    2.552131958211E-03,2.627194662865E-03,2.702257367518E-03,
    2.777320072171E-03,2.852382776824E-03,2.927445481478E-03,
    3.002508186131E-03,3.077570890784E-03,3.152633595438E-03,
    3.227696300091E-03,3.302759004744E-03),.QUASI_UNIFORM_KNOTS.);
#828 = CARTESIAN_POINT('',(2.836899999574,4.));
#829 = CARTESIAN_POINT('',(2.83689999973,3.974606577234));
#830 = CARTESIAN_POINT('',(2.837036686344,3.923985432033));
#831 = CARTESIAN_POINT('',(2.837647868032,3.848546176174));
#832 = CARTESIAN_POINT('',(2.838661338307,3.773594454548));
#833 = CARTESIAN_POINT('',(2.840073080118,3.699126349742));
#834 = CARTESIAN_POINT('',(2.841879668873,3.62513419181));
#835 = CARTESIAN_POINT('',(2.844075487722,3.551624310653));
#836 = CARTESIAN_POINT('',(2.846677847957,3.478364947173));
#837 = CARTESIAN_POINT('',(2.849672964841,3.40562427336));
#838 = CARTESIAN_POINT('',(2.85305116412,3.333601480792));
#839 = CARTESIAN_POINT('',(2.856801129259,3.262512125469));
#840 = CARTESIAN_POINT('',(2.860914149912,3.192575286117));
#841 = CARTESIAN_POINT('',(2.86537288584,3.123979586143));
#842 = CARTESIAN_POINT('',(2.870168781472,3.056692716175));
#843 = CARTESIAN_POINT('',(2.875301880054,2.990714831041));
#844 = CARTESIAN_POINT('',(2.880770083473,2.926035531726));
#845 = CARTESIAN_POINT('',(2.88657158849,2.862654170396));
#846 = CARTESIAN_POINT('',(2.892705886185,2.800541648331));
#847 = CARTESIAN_POINT('',(2.899170451679,2.739832327165));
#848 = CARTESIAN_POINT('',(2.905941741951,2.680683818363));
#849 = CARTESIAN_POINT('',(2.912998994816,2.623247167782));
#850 = CARTESIAN_POINT('',(2.920323773163,2.567656092603));
#851 = CARTESIAN_POINT('',(2.927886027918,2.514120190316));
#852 = CARTESIAN_POINT('',(2.935700365527,2.462562865856));
#853 = CARTESIAN_POINT('',(2.943787653145,2.412825368945));
#854 = CARTESIAN_POINT('',(2.95212418471,2.36503539214));
#855 = CARTESIAN_POINT('',(2.960698274376,2.319243871721));
#856 = CARTESIAN_POINT('',(2.969495095351,2.275522326234));
#857 = CARTESIAN_POINT('',(2.978500775027,2.233936701443));
#858 = CARTESIAN_POINT('',(2.987701228802,2.194554651973));
#859 = CARTESIAN_POINT('',(2.997082791512,2.157442569783));
#860 = CARTESIAN_POINT('',(3.006630927649,2.122670188636));
#861 = CARTESIAN_POINT('',(3.016334835875,2.090295137753));
#862 = CARTESIAN_POINT('',(3.02617040365,2.060420122707));
#863 = CARTESIAN_POINT('',(3.036163872087,2.032979648216));
#864 = CARTESIAN_POINT('',(3.046331886054,2.007910246427));
#865 = CARTESIAN_POINT('',(3.056640872561,1.98531642247));
#866 = CARTESIAN_POINT('',(3.067070975376,1.965258402667));
#867 = CARTESIAN_POINT('',(3.077598056695,1.94780555559));
#868 = CARTESIAN_POINT('',(3.088201902892,1.93303495962));
#869 = CARTESIAN_POINT('',(3.098824660883,1.92096713887));
#870 = CARTESIAN_POINT('',(3.109474454611,1.911589989887));
#871 = CARTESIAN_POINT('',(3.120150543244,1.904899582829));
#872 = CARTESIAN_POINT('',(3.130854584323,1.900889796987));
#873 = CARTESIAN_POINT('',(3.138009940487,1.899999999996));
#874 = CARTESIAN_POINT('',(3.14159265359,1.899999999995));
#875 = ( GEOMETRIC_REPRESENTATION_CONTEXT(2) 
PARAMETRIC_REPRESENTATION_CONTEXT() REPRESENTATION_CONTEXT('2D SPACE',''
  ) );
#876 = ORIENTED_EDGE('',*,*,#877,.T.);
#877 = EDGE_CURVE('',#754,#878,#880,.T.);
#878 = VERTEX_POINT('',#879);
#879 = CARTESIAN_POINT('',(-2.1,11.,6.677574409919));
#880 = SURFACE_CURVE('',#881,(#898,#949),.PCURVE_S1.);
#881 = B_SPLINE_CURVE_WITH_KNOTS('',3,(#882,#883,#884,#885,#886,#887,
    #888,#889,#890,#891,#892,#893,#894,#895,#896,#897),.UNSPECIFIED.,.F.
  ,.F.,(4,2,2,2,2,2,2,4),(3.302759004744E-03,3.715375715275E-03,
    4.127992425806E-03,4.953225846867E-03,5.365842557398E-03,
    5.778459267929E-03,6.191075978459E-03,6.60369268899E-03),
  .UNSPECIFIED.);
#882 = CARTESIAN_POINT('',(-5.433654148737E-13,13.100000000005,
    7.000000000002));
#883 = CARTESIAN_POINT('',(-0.137858278182,13.1,7.));
#884 = CARTESIAN_POINT('',(-0.27788708708,13.086079310482,6.99578859925)
  );
#885 = CARTESIAN_POINT('',(-0.547818733513,13.031955402562,
    6.979840542146));
#886 = CARTESIAN_POINT('',(-0.679115463739,12.991961371365,
    6.968163991006));
#887 = CARTESIAN_POINT('',(-1.061988411755,12.832651708783,
    6.923742448118));
#888 = CARTESIAN_POINT('',(-1.292348672696,12.677778493943,
    6.882521577209));
#889 = CARTESIAN_POINT('',(-1.582817498732,12.386890481381,
    6.819421225723));
#890 = CARTESIAN_POINT('',(-1.669083281541,12.281714913918,
    6.798552034987));
#891 = CARTESIAN_POINT('',(-1.820960312482,12.054862863906,
    6.759456510217));
#892 = CARTESIAN_POINT('',(-1.88686595432,11.93193366701,6.74112204964)
  );
#893 = CARTESIAN_POINT('',(-1.991939871197,11.678924913975,
    6.710824477459));
#894 = CARTESIAN_POINT('',(-2.031950832667,11.547987246346,6.69865530452
    ));
#895 = CARTESIAN_POINT('',(-2.086255160499,11.276863890434,
    6.681941819594));
#896 = CARTESIAN_POINT('',(-2.1,11.137528788755,6.677574409919));
#897 = CARTESIAN_POINT('',(-2.1,11.,6.677574409919));
#898 = PCURVE('',#618,#899);
#899 = DEFINITIONAL_REPRESENTATION('',(#900),#948);
#900 = B_SPLINE_CURVE_WITH_KNOTS('',3,(#901,#902,#903,#904,#905,#906,
    #907,#908,#909,#910,#911,#912,#913,#914,#915,#916,#917,#918,#919,
    #920,#921,#922,#923,#924,#925,#926,#927,#928,#929,#930,#931,#932,
    #933,#934,#935,#936,#937,#938,#939,#940,#941,#942,#943,#944,#945,
    #946,#947),.UNSPECIFIED.,.F.,.F.,(4,1,1,1,1,1,1,1,1,1,1,1,1,1,1,1,1,
    1,1,1,1,1,1,1,1,1,1,1,1,1,1,1,1,1,1,1,1,1,1,1,1,1,1,1,4),(
    3.302759004744E-03,3.377780224841E-03,3.452801444937E-03,
    3.527822665034E-03,3.60284388513E-03,3.677865105227E-03,
    3.752886325323E-03,3.82790754542E-03,3.902928765516E-03,
    3.977949985613E-03,4.052971205709E-03,4.127992425806E-03,
    4.203013645902E-03,4.278034865999E-03,4.353056086095E-03,
    4.428077306192E-03,4.503098526288E-03,4.578119746385E-03,
    4.653140966481E-03,4.728162186578E-03,4.803183406674E-03,
    4.878204626771E-03,4.953225846867E-03,5.028247066964E-03,
    5.10326828706E-03,5.178289507157E-03,5.253310727253E-03,
    5.32833194735E-03,5.403353167446E-03,5.478374387543E-03,
    5.553395607639E-03,5.628416827736E-03,5.703438047832E-03,
    5.778459267929E-03,5.853480488025E-03,5.928501708122E-03,
    6.003522928218E-03,6.078544148315E-03,6.153565368411E-03,
    6.228586588508E-03,6.303607808604E-03,6.378629028701E-03,
    6.453650248797E-03,6.528671468894E-03,6.60369268899E-03),
  .QUASI_UNIFORM_KNOTS.);
#901 = CARTESIAN_POINT('',(4.712388980384,-7.000000000002));
#902 = CARTESIAN_POINT('',(4.70045336762,-7.000000000001));
#903 = CARTESIAN_POINT('',(4.676513112615,-6.999721561603));
#904 = CARTESIAN_POINT('',(4.640474448179,-6.998484761072));
#905 = CARTESIAN_POINT('',(4.604385103641,-6.996445037417));
#906 = CARTESIAN_POINT('',(4.568326897181,-6.993618444029));
#907 = CARTESIAN_POINT('',(4.532372147484,-6.990021652426));
#908 = CARTESIAN_POINT('',(4.496625494024,-6.985669028037));
#909 = CARTESIAN_POINT('',(4.460953900115,-6.980593038799));
#910 = CARTESIAN_POINT('',(4.425314699519,-6.974813520306));
#911 = CARTESIAN_POINT('',(4.389657529588,-6.968350793897));
#912 = CARTESIAN_POINT('',(4.353947357892,-6.961227484011));
#913 = CARTESIAN_POINT('',(4.31809372614,-6.953456516945));
#914 = CARTESIAN_POINT('',(4.282212900809,-6.945087308469));
#915 = CARTESIAN_POINT('',(4.246453135734,-6.936197163402));
#916 = CARTESIAN_POINT('',(4.210756963224,-6.926826872134));
#917 = CARTESIAN_POINT('',(4.175122625571,-6.917027010543));
#918 = CARTESIAN_POINT('',(4.139533931138,-6.90684552698));
#919 = CARTESIAN_POINT('',(4.103979036991,-6.89633109442));
#920 = CARTESIAN_POINT('',(4.068445075065,-6.885532114864));
#921 = CARTESIAN_POINT('',(4.032920457413,-6.874497349588));
#922 = CARTESIAN_POINT('',(3.997390606467,-6.863274393744));
#923 = CARTESIAN_POINT('',(3.961852296084,-6.8519151477));
#924 = CARTESIAN_POINT('',(3.926260119257,-6.840455457085));
#925 = CARTESIAN_POINT('',(3.890725838059,-6.828991081271));
#926 = CARTESIAN_POINT('',(3.855326176634,-6.81761100051));
#927 = CARTESIAN_POINT('',(3.819980061037,-6.806344294016));
#928 = CARTESIAN_POINT('',(3.784648623583,-6.795236051276));
#929 = CARTESIAN_POINT('',(3.749281431829,-6.784327221715));
#930 = CARTESIAN_POINT('',(3.713833793356,-6.773659304744));
#931 = CARTESIAN_POINT('',(3.678182535687,-6.763263329795));
#932 = CARTESIAN_POINT('',(3.642423210676,-6.753215753065));
#933 = CARTESIAN_POINT('',(3.606622878913,-6.743586739904));
#934 = CARTESIAN_POINT('',(3.570851041391,-6.734445952077));
#935 = CARTESIAN_POINT('',(3.535196631649,-6.725871356538));
#936 = CARTESIAN_POINT('',(3.499662195899,-6.71790820307));
#937 = CARTESIAN_POINT('',(3.464135500705,-6.710560594025));
#938 = CARTESIAN_POINT('',(3.428588558633,-6.703865555017));
#939 = CARTESIAN_POINT('',(3.392968118196,-6.697851085135));
#940 = CARTESIAN_POINT('',(3.357233352675,-6.692548366309));
#941 = CARTESIAN_POINT('',(3.321316771449,-6.687984875628));
#942 = CARTESIAN_POINT('',(3.285323524749,-6.684223992831));
#943 = CARTESIAN_POINT('',(3.249301312468,-6.681273623985));
#944 = CARTESIAN_POINT('',(3.213300416692,-6.679148938824));
#945 = CARTESIAN_POINT('',(3.177371381576,-6.677863160117));
#946 = CARTESIAN_POINT('',(3.153499816368,-6.677574409919));
#947 = CARTESIAN_POINT('',(3.14159265359,-6.677574409919));
#948 = ( GEOMETRIC_REPRESENTATION_CONTEXT(2) 
PARAMETRIC_REPRESENTATION_CONTEXT() REPRESENTATION_CONTEXT('2D SPACE',''
  ) );
#949 = PCURVE('',#132,#950);
#950 = DEFINITIONAL_REPRESENTATION('',(#951),#999);
#951 = B_SPLINE_CURVE_WITH_KNOTS('',3,(#952,#953,#954,#955,#956,#957,
    #958,#959,#960,#961,#962,#963,#964,#965,#966,#967,#968,#969,#970,
    #971,#972,#973,#974,#975,#976,#977,#978,#979,#980,#981,#982,#983,
    #984,#985,#986,#987,#988,#989,#990,#991,#992,#993,#994,#995,#996,
    #997,#998),.UNSPECIFIED.,.F.,.F.,(4,1,1,1,1,1,1,1,1,1,1,1,1,1,1,1,1,
    1,1,1,1,1,1,1,1,1,1,1,1,1,1,1,1,1,1,1,1,1,1,1,1,1,1,1,4),(
    3.302759004744E-03,3.377780224841E-03,3.452801444937E-03,
    3.527822665034E-03,3.60284388513E-03,3.677865105227E-03,
    3.752886325323E-03,3.82790754542E-03,3.902928765516E-03,
    3.977949985613E-03,4.052971205709E-03,4.127992425806E-03,
    4.203013645902E-03,4.278034865999E-03,4.353056086095E-03,
    4.428077306192E-03,4.503098526288E-03,4.578119746385E-03,
    4.653140966481E-03,4.728162186578E-03,4.803183406674E-03,
    4.878204626771E-03,4.953225846867E-03,5.028247066964E-03,
    5.10326828706E-03,5.178289507157E-03,5.253310727253E-03,
    5.32833194735E-03,5.403353167446E-03,5.478374387543E-03,
    5.553395607639E-03,5.628416827736E-03,5.703438047832E-03,
    5.778459267929E-03,5.853480488025E-03,5.928501708122E-03,
    6.003522928218E-03,6.078544148315E-03,6.153565368411E-03,
    6.228586588508E-03,6.303607808604E-03,6.378629028701E-03,
    6.453650248797E-03,6.528671468894E-03,6.60369268899E-03),
  .QUASI_UNIFORM_KNOTS.);
#952 = CARTESIAN_POINT('',(3.14159265359,1.899999999995));
#953 = CARTESIAN_POINT('',(3.145173380434,1.899999999996));
#954 = CARTESIAN_POINT('',(3.152355371204,1.900920375217));
#955 = CARTESIAN_POINT('',(3.163153847679,1.905033963736));
#956 = CARTESIAN_POINT('',(3.173941936722,1.911852443882));
#957 = CARTESIAN_POINT('',(3.18468290948,1.921347800917));
#958 = CARTESIAN_POINT('',(3.195342851932,1.933491576893));
#959 = CARTESIAN_POINT('',(3.205877352985,1.948256967391));
#960 = CARTESIAN_POINT('',(3.216315456118,1.965584190288));
#961 = CARTESIAN_POINT('',(3.226656998317,1.985487302139));
#962 = CARTESIAN_POINT('',(3.236903944799,2.00797275148));
#963 = CARTESIAN_POINT('',(3.247053730145,2.033039010962));
#964 = CARTESIAN_POINT('',(3.257119421947,2.06072406479));
#965 = CARTESIAN_POINT('',(3.267055722872,2.090915826851));
#966 = CARTESIAN_POINT('',(3.276809289608,2.123452427462));
#967 = CARTESIAN_POINT('',(3.286384927372,2.158322285617));
#968 = CARTESIAN_POINT('',(3.295771699194,2.195473544485));
#969 = CARTESIAN_POINT('',(3.304962739259,2.234865161859));
#970 = CARTESIAN_POINT('',(3.313949939741,2.276453112862));
#971 = CARTESIAN_POINT('',(3.322725436575,2.320194488671));
#972 = CARTESIAN_POINT('',(3.331281022729,2.36604489892));
#973 = CARTESIAN_POINT('',(3.339609049113,2.413964763358));
#974 = CARTESIAN_POINT('',(3.347699443848,2.463896742815));
#975 = CARTESIAN_POINT('',(3.355550766784,2.515849723688));
#976 = CARTESIAN_POINT('',(3.363129000915,2.56958544902));
#977 = CARTESIAN_POINT('',(3.370408814272,2.624910311583));
#978 = CARTESIAN_POINT('',(3.37739727077,2.681878033865));
#979 = CARTESIAN_POINT('',(3.384092720724,2.740475460525));
#980 = CARTESIAN_POINT('',(3.390495467436,2.800709617821));
#981 = CARTESIAN_POINT('',(3.39660620926,2.862573683452));
#982 = CARTESIAN_POINT('',(3.402425887519,2.926255509898));
#983 = CARTESIAN_POINT('',(3.407932643014,2.991491352912));
#984 = CARTESIAN_POINT('',(3.413107885904,3.058078892216));
#985 = CARTESIAN_POINT('',(3.417933393267,3.125808462129));
#986 = CARTESIAN_POINT('',(3.42238586873,3.194438354613));
#987 = CARTESIAN_POINT('',(3.426461636233,3.263862376466));
#988 = CARTESIAN_POINT('',(3.43017349753,3.334195589053));
#989 = CARTESIAN_POINT('',(3.433514440225,3.405415159712));
#990 = CARTESIAN_POINT('',(3.436482885035,3.477538625297));
#991 = CARTESIAN_POINT('',(3.439075189621,3.550559938621));
#992 = CARTESIAN_POINT('',(3.441290385663,3.624527019149));
#993 = CARTESIAN_POINT('',(3.443106570776,3.699142957661));
#994 = CARTESIAN_POINT('',(3.444523480522,3.774205236112));
#995 = CARTESIAN_POINT('',(3.445538353374,3.849512978974));
#996 = CARTESIAN_POINT('',(3.446149092163,3.924864870454));
#997 = CARTESIAN_POINT('',(3.446285307448,3.974994765681));
#998 = CARTESIAN_POINT('',(3.446285307605,4.));
#999 = ( GEOMETRIC_REPRESENTATION_CONTEXT(2) 
PARAMETRIC_REPRESENTATION_CONTEXT() REPRESENTATION_CONTEXT('2D SPACE',''
  ) );
#1000 = ORIENTED_EDGE('',*,*,#1001,.F.);
#1001 = EDGE_CURVE('',#1002,#878,#1004,.T.);
#1002 = VERTEX_POINT('',#1003);
#1003 = CARTESIAN_POINT('',(-2.1,11.,12.322337440599));
#1004 = SURFACE_CURVE('',#1005,(#1009,#1016),.PCURVE_S1.);
#1005 = LINE('',#1006,#1007);
#1006 = CARTESIAN_POINT('',(-2.1,11.,-7.33211505833E-15));
#1007 = VECTOR('',#1008,1.);
#1008 = DIRECTION('',(3.491483361109E-15,-7.752650435199E-31,-1.));
#1009 = PCURVE('',#618,#1010);
#1010 = DEFINITIONAL_REPRESENTATION('',(#1011),#1015);
#1011 = LINE('',#1012,#1013);
#1012 = CARTESIAN_POINT('',(3.14159265359,0.));
#1013 = VECTOR('',#1014,1.);
#1014 = DIRECTION('',(0.,1.));
#1015 = ( GEOMETRIC_REPRESENTATION_CONTEXT(2) 
PARAMETRIC_REPRESENTATION_CONTEXT() REPRESENTATION_CONTEXT('2D SPACE',''
  ) );
#1016 = PCURVE('',#741,#1017);
#1017 = DEFINITIONAL_REPRESENTATION('',(#1018),#1022);
#1018 = LINE('',#1019,#1020);
#1019 = CARTESIAN_POINT('',(3.14159265359,0.));
#1020 = VECTOR('',#1021,1.);
#1021 = DIRECTION('',(0.,1.));
#1022 = ( GEOMETRIC_REPRESENTATION_CONTEXT(2) 
PARAMETRIC_REPRESENTATION_CONTEXT() REPRESENTATION_CONTEXT('2D SPACE',''
  ) );
#1023 = ORIENTED_EDGE('',*,*,#1024,.T.);
#1024 = EDGE_CURVE('',#1002,#595,#1025,.T.);
#1025 = SURFACE_CURVE('',#1026,(#1043,#1094),.PCURVE_S1.);
#1026 = B_SPLINE_CURVE_WITH_KNOTS('',3,(#1027,#1028,#1029,#1030,#1031,
    #1032,#1033,#1034,#1035,#1036,#1037,#1038,#1039,#1040,#1041,#1042),
  .UNSPECIFIED.,.F.,.F.,(4,2,2,2,2,2,2,4),(6.577215611807E-03,
    7.399472760098E-03,7.810601334243E-03,8.221729908388E-03,
    8.632858482533E-03,9.043987056679E-03,9.455115630824E-03,
    9.866244204969E-03),.UNSPECIFIED.);
#1027 = CARTESIAN_POINT('',(-2.1,11.,12.322337440599));
#1028 = CARTESIAN_POINT('',(-2.1,11.274403765232,12.322337440599));
#1029 = CARTESIAN_POINT('',(-2.044755827843,11.551256895926,
    12.332081237524));
#1030 = CARTESIAN_POINT('',(-1.887556256936,11.930515457746,
    12.356777285684));
#1031 = CARTESIAN_POINT('',(-1.822134472338,12.052995882542,
    12.366721764227));
#1032 = CARTESIAN_POINT('',(-1.668973224796,12.281991707792,
    12.388321500672));
#1033 = CARTESIAN_POINT('',(-1.582216924788,12.387564966383,
    12.399842370465));
#1034 = CARTESIAN_POINT('',(-1.388650022466,12.581264698943,
    12.423008988348));
#1035 = CARTESIAN_POINT('',(-1.280729957387,12.66987627072,
    12.434742051015));
#1036 = CARTESIAN_POINT('',(-1.053000936727,12.822071626065,
    12.456093614223));
#1037 = CARTESIAN_POINT('',(-0.93248931477,12.886655684507,
    12.465823007786));
#1038 = CARTESIAN_POINT('',(-0.677836303719,12.992371436104,
    12.482260113015));
#1039 = CARTESIAN_POINT('',(-0.544663547588,13.032756399321,
    12.488851102196));
#1040 = CARTESIAN_POINT('',(-0.27603168037,13.086279815961,
    12.497674453447));
#1041 = CARTESIAN_POINT('',(-0.138773720333,13.1,12.5));
#1042 = CARTESIAN_POINT('',(4.439592792544E-15,13.1,12.5));
#1043 = PCURVE('',#618,#1044);
#1044 = DEFINITIONAL_REPRESENTATION('',(#1045),#1093);
#1045 = B_SPLINE_CURVE_WITH_KNOTS('',3,(#1046,#1047,#1048,#1049,#1050,
    #1051,#1052,#1053,#1054,#1055,#1056,#1057,#1058,#1059,#1060,#1061,
    #1062,#1063,#1064,#1065,#1066,#1067,#1068,#1069,#1070,#1071,#1072,
    #1073,#1074,#1075,#1076,#1077,#1078,#1079,#1080,#1081,#1082,#1083,
    #1084,#1085,#1086,#1087,#1088,#1089,#1090,#1091,#1092),
  .UNSPECIFIED.,.F.,.F.,(4,1,1,1,1,1,1,1,1,1,1,1,1,1,1,1,1,1,1,1,1,1,1,1
    ,1,1,1,1,1,1,1,1,1,1,1,1,1,1,1,1,1,1,1,1,4),(6.577215611807E-03,
    6.651966261652E-03,6.726716911496E-03,6.801467561341E-03,
    6.876218211186E-03,6.95096886103E-03,7.025719510875E-03,
    7.100470160719E-03,7.175220810564E-03,7.249971460409E-03,
    7.324722110253E-03,7.399472760098E-03,7.474223409942E-03,
    7.548974059787E-03,7.623724709632E-03,7.698475359476E-03,
    7.773226009321E-03,7.847976659165E-03,7.92272730901E-03,
    7.997477958854E-03,8.072228608699E-03,8.146979258544E-03,
    8.221729908388E-03,8.296480558233E-03,8.371231208077E-03,
    8.445981857922E-03,8.520732507767E-03,8.595483157611E-03,
    8.670233807456E-03,8.7449844573E-03,8.819735107145E-03,
    8.89448575699E-03,8.969236406834E-03,9.043987056679E-03,
    9.118737706523E-03,9.193488356368E-03,9.268239006212E-03,
    9.342989656057E-03,9.417740305902E-03,9.492490955746E-03,
    9.567241605591E-03,9.641992255435E-03,9.71674290528E-03,
    9.791493555125E-03,9.866244204969E-03),.QUASI_UNIFORM_KNOTS.);
#1046 = CARTESIAN_POINT('',(3.14159265359,-12.32233744059));
#1047 = CARTESIAN_POINT('',(3.153471459559,-12.32233744059));
#1048 = CARTESIAN_POINT('',(3.177248910233,-12.32249849509));
#1049 = CARTESIAN_POINT('',(3.212963783993,-12.32320961044));
#1050 = CARTESIAN_POINT('',(3.248717132477,-12.32437662949));
#1051 = CARTESIAN_POINT('',(3.28449664865,-12.32598592247));
#1052 = CARTESIAN_POINT('',(3.32028912376,-12.3280238591));
#1053 = CARTESIAN_POINT('',(3.356080698432,-12.33047681099));
#1054 = CARTESIAN_POINT('',(3.391857035324,-12.33333114266));
#1055 = CARTESIAN_POINT('',(3.427604773727,-12.3365732452));
#1056 = CARTESIAN_POINT('',(3.463307948212,-12.34018941041));
#1057 = CARTESIAN_POINT('',(3.498963258186,-12.34416630072));
#1058 = CARTESIAN_POINT('',(3.534524934993,-12.34848919533));
#1059 = CARTESIAN_POINT('',(3.570112311279,-12.35314853574));
#1060 = CARTESIAN_POINT('',(3.605823814504,-12.35811750016));
#1061 = CARTESIAN_POINT('',(3.641593495041,-12.36336404235));
#1062 = CARTESIAN_POINT('',(3.677399698735,-12.36885771683));
#1063 = CARTESIAN_POINT('',(3.713207081991,-12.37456689946));
#1064 = CARTESIAN_POINT('',(3.74899365003,-12.38046307999));
#1065 = CARTESIAN_POINT('',(3.7846193808,-12.38648737457));
#1066 = CARTESIAN_POINT('',(3.820153137031,-12.39261990358));
#1067 = CARTESIAN_POINT('',(3.855634287125,-12.398835684));
#1068 = CARTESIAN_POINT('',(3.891115642992,-12.40511202863));
#1069 = CARTESIAN_POINT('',(3.926624472626,-12.4114221705));
#1070 = CARTESIAN_POINT('',(3.962273402862,-12.41775336578));
#1071 = CARTESIAN_POINT('',(3.998061613065,-12.42407303411));
#1072 = CARTESIAN_POINT('',(4.033901201781,-12.43033479953));
#1073 = CARTESIAN_POINT('',(4.069724231932,-12.43649556973));
#1074 = CARTESIAN_POINT('',(4.105464945101,-12.44251291333));
#1075 = CARTESIAN_POINT('',(4.141030684504,-12.44833847154));
#1076 = CARTESIAN_POINT('',(4.17653734666,-12.45396632752));
#1077 = CARTESIAN_POINT('',(4.212028453694,-12.45937583025));
#1078 = CARTESIAN_POINT('',(4.247551662086,-12.46454696488));
#1079 = CARTESIAN_POINT('',(4.283148176161,-12.46945830626));
#1080 = CARTESIAN_POINT('',(4.318883372279,-12.47409343429));
#1081 = CARTESIAN_POINT('',(4.354732773709,-12.47841731894));
#1082 = CARTESIAN_POINT('',(4.390590186268,-12.48239536828));
#1083 = CARTESIAN_POINT('',(4.426438010701,-12.48601168027));
#1084 = CARTESIAN_POINT('',(4.462231419723,-12.48924506808));
#1085 = CARTESIAN_POINT('',(4.497940719204,-12.49207679411));
#1086 = CARTESIAN_POINT('',(4.53350202322,-12.49448360862));
#1087 = CARTESIAN_POINT('',(4.569116290849,-12.49647313136));
#1088 = CARTESIAN_POINT('',(4.604787496619,-12.49803571007));
#1089 = CARTESIAN_POINT('',(4.640539474169,-12.49916298343));
#1090 = CARTESIAN_POINT('',(4.676391529272,-12.49984624411));
#1091 = CARTESIAN_POINT('',(4.700373990805,-12.5));
#1092 = CARTESIAN_POINT('',(4.712388980385,-12.5));
#1093 = ( GEOMETRIC_REPRESENTATION_CONTEXT(2) 
PARAMETRIC_REPRESENTATION_CONTEXT() REPRESENTATION_CONTEXT('2D SPACE',''
  ) );
#1094 = PCURVE('',#1095,#1100);
#1095 = CYLINDRICAL_SURFACE('',#1096,12.5);
#1096 = AXIS2_PLACEMENT_3D('',#1097,#1098,#1099);
#1097 = CARTESIAN_POINT('',(3.330669073875E-15,15.,0.));
#1098 = DIRECTION('',(-2.22044604925E-16,-1.,0.));
#1099 = DIRECTION('',(0.,-0.,-1.));
#1100 = DEFINITIONAL_REPRESENTATION('',(#1101),#1149);
#1101 = B_SPLINE_CURVE_WITH_KNOTS('',3,(#1102,#1103,#1104,#1105,#1106,
    #1107,#1108,#1109,#1110,#1111,#1112,#1113,#1114,#1115,#1116,#1117,
    #1118,#1119,#1120,#1121,#1122,#1123,#1124,#1125,#1126,#1127,#1128,
    #1129,#1130,#1131,#1132,#1133,#1134,#1135,#1136,#1137,#1138,#1139,
    #1140,#1141,#1142,#1143,#1144,#1145,#1146,#1147,#1148),
  .UNSPECIFIED.,.F.,.F.,(4,1,1,1,1,1,1,1,1,1,1,1,1,1,1,1,1,1,1,1,1,1,1,1
    ,1,1,1,1,1,1,1,1,1,1,1,1,1,1,1,1,1,1,1,1,4),(6.577215611807E-03,
    6.651966261652E-03,6.726716911496E-03,6.801467561341E-03,
    6.876218211186E-03,6.95096886103E-03,7.025719510875E-03,
    7.100470160719E-03,7.175220810564E-03,7.249971460409E-03,
    7.324722110253E-03,7.399472760098E-03,7.474223409942E-03,
    7.548974059787E-03,7.623724709632E-03,7.698475359476E-03,
    7.773226009321E-03,7.847976659165E-03,7.92272730901E-03,
    7.997477958854E-03,8.072228608699E-03,8.146979258544E-03,
    8.221729908388E-03,8.296480558233E-03,8.371231208077E-03,
    8.445981857922E-03,8.520732507767E-03,8.595483157611E-03,
    8.670233807456E-03,8.7449844573E-03,8.819735107145E-03,
    8.89448575699E-03,8.969236406834E-03,9.043987056679E-03,
    9.118737706523E-03,9.193488356368E-03,9.268239006212E-03,
    9.342989656057E-03,9.417740305902E-03,9.492490955746E-03,
    9.567241605591E-03,9.641992255435E-03,9.71674290528E-03,
    9.791493555125E-03,9.866244204969E-03),.QUASI_UNIFORM_KNOTS.);
#1102 = CARTESIAN_POINT('',(3.310393134607,4.));
#1103 = CARTESIAN_POINT('',(3.310393134609,3.975054203161));
#1104 = CARTESIAN_POINT('',(3.310318958116,3.925122124172));
#1105 = CARTESIAN_POINT('',(3.3099873701,3.850221843445));
#1106 = CARTESIAN_POINT('',(3.309437665346,3.775438696668));
#1107 = CARTESIAN_POINT('',(3.308672049279,3.700891971248));
#1108 = CARTESIAN_POINT('',(3.307692726409,3.626700987242));
#1109 = CARTESIAN_POINT('',(3.306501896041,3.552984942888));
#1110 = CARTESIAN_POINT('',(3.305101766108,3.479863491046));
#1111 = CARTESIAN_POINT('',(3.303494500638,3.407454587916));
#1112 = CARTESIAN_POINT('',(3.30168241608,3.335882521711));
#1113 = CARTESIAN_POINT('',(3.299667250024,3.265247949252));
#1114 = CARTESIAN_POINT('',(3.297452892741,3.195739720916));
#1115 = CARTESIAN_POINT('',(3.295035196269,3.127217544247));
#1116 = CARTESIAN_POINT('',(3.292413490689,3.059567609317));
#1117 = CARTESIAN_POINT('',(3.289595170294,2.993005414347));
#1118 = CARTESIAN_POINT('',(3.286585344684,2.927657685407));
#1119 = CARTESIAN_POINT('',(3.283390143297,2.863676929019));
#1120 = CARTESIAN_POINT('',(3.280013843419,2.801201302054));
#1121 = CARTESIAN_POINT('',(3.2764782379,2.740521598323));
#1122 = CARTESIAN_POINT('',(3.272781579085,2.681593085869));
#1123 = CARTESIAN_POINT('',(3.268925331919,2.624419637833));
#1124 = CARTESIAN_POINT('',(3.26490913725,2.568986944866));
#1125 = CARTESIAN_POINT('',(3.26073663579,2.515304822483));
#1126 = CARTESIAN_POINT('',(3.25639720856,2.463304769228));
#1127 = CARTESIAN_POINT('',(3.251894885365,2.413080222972));
#1128 = CARTESIAN_POINT('',(3.247247793618,2.364800979423));
#1129 = CARTESIAN_POINT('',(3.242470508186,2.318619566407));
#1130 = CARTESIAN_POINT('',(3.237577627651,2.274681225432));
#1131 = CARTESIAN_POINT('',(3.232587100174,2.233177611162));
#1132 = CARTESIAN_POINT('',(3.227492928065,2.193954895026));
#1133 = CARTESIAN_POINT('',(3.222294430938,2.157029500671));
#1134 = CARTESIAN_POINT('',(3.216991002221,2.122405070759));
#1135 = CARTESIAN_POINT('',(3.211582820699,2.090096605188));
#1136 = CARTESIAN_POINT('',(3.206066744329,2.060086455888));
#1137 = CARTESIAN_POINT('',(3.200452024246,2.032476209426));
#1138 = CARTESIAN_POINT('',(3.19476193931,2.007401316187));
#1139 = CARTESIAN_POINT('',(3.189007236609,1.984877813543));
#1140 = CARTESIAN_POINT('',(3.18320237365,1.964955011147));
#1141 = CARTESIAN_POINT('',(3.177359454591,1.947668542554));
#1142 = CARTESIAN_POINT('',(3.171496216433,1.93307547342));
#1143 = CARTESIAN_POINT('',(3.165587504134,1.921072152365));
#1144 = CARTESIAN_POINT('',(3.159639610711,1.911694767131));
#1145 = CARTESIAN_POINT('',(3.153655821211,1.904964653479));
#1146 = CARTESIAN_POINT('',(3.147640219271,1.900907128112));
#1147 = CARTESIAN_POINT('',(3.143611179625,1.9));
#1148 = CARTESIAN_POINT('',(3.14159265359,1.9));
#1149 = ( GEOMETRIC_REPRESENTATION_CONTEXT(2) 
PARAMETRIC_REPRESENTATION_CONTEXT() REPRESENTATION_CONTEXT('2D SPACE',''
  ) );
#1150 = ADVANCED_FACE('',(#1151),#1165,.F.);
#1151 = FACE_BOUND('',#1152,.F.);
#1152 = EDGE_LOOP('',(#1153,#1188,#1221,#1244));
#1153 = ORIENTED_EDGE('',*,*,#1154,.T.);
#1154 = EDGE_CURVE('',#1155,#1157,#1159,.T.);
#1155 = VERTEX_POINT('',#1156);
#1156 = CARTESIAN_POINT('',(12.322337440599,11.,-2.1));
#1157 = VERTEX_POINT('',#1158);
#1158 = CARTESIAN_POINT('',(9.3,11.,-2.1));
#1159 = SURFACE_CURVE('',#1160,(#1164,#1176),.PCURVE_S1.);
#1160 = LINE('',#1161,#1162);
#1161 = CARTESIAN_POINT('',(2.442490654175E-15,11.,-2.1));
#1162 = VECTOR('',#1163,1.);
#1163 = DIRECTION('',(-1.,2.22044604925E-16,-0.));
#1164 = PCURVE('',#1165,#1170);
#1165 = CYLINDRICAL_SURFACE('',#1166,2.1);
#1166 = AXIS2_PLACEMENT_3D('',#1167,#1168,#1169);
#1167 = CARTESIAN_POINT('',(2.442490654175E-15,11.,1.734723475977E-15));
#1168 = DIRECTION('',(-1.,2.22044604925E-16,-0.));
#1169 = DIRECTION('',(0.,-0.,-1.));
#1170 = DEFINITIONAL_REPRESENTATION('',(#1171),#1175);
#1171 = LINE('',#1172,#1173);
#1172 = CARTESIAN_POINT('',(6.28318530718,0.));
#1173 = VECTOR('',#1174,1.);
#1174 = DIRECTION('',(0.,1.));
#1175 = ( GEOMETRIC_REPRESENTATION_CONTEXT(2) 
PARAMETRIC_REPRESENTATION_CONTEXT() REPRESENTATION_CONTEXT('2D SPACE',''
  ) );
#1176 = PCURVE('',#1177,#1182);
#1177 = CYLINDRICAL_SURFACE('',#1178,2.1);
#1178 = AXIS2_PLACEMENT_3D('',#1179,#1180,#1181);
#1179 = CARTESIAN_POINT('',(2.442490654175E-15,11.,1.734723475977E-15));
#1180 = DIRECTION('',(-1.,2.22044604925E-16,-0.));
#1181 = DIRECTION('',(0.,-0.,-1.));
#1182 = DEFINITIONAL_REPRESENTATION('',(#1183),#1187);
#1183 = LINE('',#1184,#1185);
#1184 = CARTESIAN_POINT('',(0.,0.));
#1185 = VECTOR('',#1186,1.);
#1186 = DIRECTION('',(0.,1.));
#1187 = ( GEOMETRIC_REPRESENTATION_CONTEXT(2) 
PARAMETRIC_REPRESENTATION_CONTEXT() REPRESENTATION_CONTEXT('2D SPACE',''
  ) );
#1188 = ORIENTED_EDGE('',*,*,#1189,.F.);
#1189 = EDGE_CURVE('',#1190,#1157,#1192,.T.);
#1190 = VERTEX_POINT('',#1191);
#1191 = CARTESIAN_POINT('',(9.3,11.,2.1));
#1192 = SURFACE_CURVE('',#1193,(#1198,#1205),.PCURVE_S1.);
#1193 = CIRCLE('',#1194,2.1);
#1194 = AXIS2_PLACEMENT_3D('',#1195,#1196,#1197);
#1195 = CARTESIAN_POINT('',(9.3,11.,1.734723475977E-15));
#1196 = DIRECTION('',(-1.,2.22044604925E-16,0.));
#1197 = DIRECTION('',(0.,0.,1.));
#1198 = PCURVE('',#1165,#1199);
#1199 = DEFINITIONAL_REPRESENTATION('',(#1200),#1204);
#1200 = LINE('',#1201,#1202);
#1201 = CARTESIAN_POINT('',(3.14159265359,-9.3));
#1202 = VECTOR('',#1203,1.);
#1203 = DIRECTION('',(1.,0.));
#1204 = ( GEOMETRIC_REPRESENTATION_CONTEXT(2) 
PARAMETRIC_REPRESENTATION_CONTEXT() REPRESENTATION_CONTEXT('2D SPACE',''
  ) );
#1205 = PCURVE('',#1206,#1211);
#1206 = PLANE('',#1207);
#1207 = AXIS2_PLACEMENT_3D('',#1208,#1209,#1210);
#1208 = CARTESIAN_POINT('',(9.3,-15.,-2.5));
#1209 = DIRECTION('',(1.,-2.22044604925E-16,0.));
#1210 = DIRECTION('',(0.,0.,1.));
#1211 = DEFINITIONAL_REPRESENTATION('',(#1212),#1220);
#1212 = ( BOUNDED_CURVE() B_SPLINE_CURVE(2,(#1213,#1214,#1215,#1216,
#1217,#1218,#1219),.UNSPECIFIED.,.T.,.F.) B_SPLINE_CURVE_WITH_KNOTS((1,2
    ,2,2,2,1),(-2.094395102393,0.,2.094395102393,4.188790204786,
6.28318530718,8.377580409573),.UNSPECIFIED.) CURVE() 
GEOMETRIC_REPRESENTATION_ITEM() RATIONAL_B_SPLINE_CURVE((1.,0.5,1.,0.5,
1.,0.5,1.)) REPRESENTATION_ITEM('') );
#1213 = CARTESIAN_POINT('',(4.6,-26.));
#1214 = CARTESIAN_POINT('',(4.6,-29.63730669589));
#1215 = CARTESIAN_POINT('',(1.45,-27.81865334794));
#1216 = CARTESIAN_POINT('',(-1.7,-26.));
#1217 = CARTESIAN_POINT('',(1.45,-24.18134665205));
#1218 = CARTESIAN_POINT('',(4.6,-22.3626933041));
#1219 = CARTESIAN_POINT('',(4.6,-26.));
#1220 = ( GEOMETRIC_REPRESENTATION_CONTEXT(2) 
PARAMETRIC_REPRESENTATION_CONTEXT() REPRESENTATION_CONTEXT('2D SPACE',''
  ) );
#1221 = ORIENTED_EDGE('',*,*,#1222,.F.);
#1222 = EDGE_CURVE('',#1223,#1190,#1225,.T.);
#1223 = VERTEX_POINT('',#1224);
#1224 = CARTESIAN_POINT('',(12.322337440599,11.,2.1));
#1225 = SURFACE_CURVE('',#1226,(#1230,#1237),.PCURVE_S1.);
#1226 = LINE('',#1227,#1228);
#1227 = CARTESIAN_POINT('',(2.442490654175E-15,11.,2.1));
#1228 = VECTOR('',#1229,1.);
#1229 = DIRECTION('',(-1.,2.22044604925E-16,-0.));
#1230 = PCURVE('',#1165,#1231);
#1231 = DEFINITIONAL_REPRESENTATION('',(#1232),#1236);
#1232 = LINE('',#1233,#1234);
#1233 = CARTESIAN_POINT('',(3.14159265359,0.));
#1234 = VECTOR('',#1235,1.);
#1235 = DIRECTION('',(0.,1.));
#1236 = ( GEOMETRIC_REPRESENTATION_CONTEXT(2) 
PARAMETRIC_REPRESENTATION_CONTEXT() REPRESENTATION_CONTEXT('2D SPACE',''
  ) );
#1237 = PCURVE('',#1177,#1238);
#1238 = DEFINITIONAL_REPRESENTATION('',(#1239),#1243);
#1239 = LINE('',#1240,#1241);
#1240 = CARTESIAN_POINT('',(3.14159265359,0.));
#1241 = VECTOR('',#1242,1.);
#1242 = DIRECTION('',(0.,1.));
#1243 = ( GEOMETRIC_REPRESENTATION_CONTEXT(2) 
PARAMETRIC_REPRESENTATION_CONTEXT() REPRESENTATION_CONTEXT('2D SPACE',''
  ) );
#1244 = ORIENTED_EDGE('',*,*,#1245,.T.);
#1245 = EDGE_CURVE('',#1223,#1155,#1246,.T.);
#1246 = SURFACE_CURVE('',#1247,(#1278,#1351),.PCURVE_S1.);
#1247 = B_SPLINE_CURVE_WITH_KNOTS('',3,(#1248,#1249,#1250,#1251,#1252,
    #1253,#1254,#1255,#1256,#1257,#1258,#1259,#1260,#1261,#1262,#1263,
    #1264,#1265,#1266,#1267,#1268,#1269,#1270,#1271,#1272,#1273,#1274,
    #1275,#1276,#1277),.UNSPECIFIED.,.F.,.F.,(4,2,2,2,2,2,2,2,2,2,2,2,2,
    2,4),(6.577215611807E-03,7.399161751817E-03,7.810134821822E-03,
    8.221107891827E-03,8.632080961832E-03,9.043054031837E-03,
    9.454027101842E-03,9.865000171847E-03,1.027597324185E-02,
    1.068694631186E-02,1.109791938186E-02,1.150889245187E-02,
    1.233083859188E-02,1.274181166188E-02,1.315278473189E-02),
  .UNSPECIFIED.);
#1248 = CARTESIAN_POINT('',(12.322337440599,11.,2.1));
#1249 = CARTESIAN_POINT('',(12.322337440599,11.274299975508,2.1));
#1250 = CARTESIAN_POINT('',(12.332073634065,11.551050273993,
    2.044797646295));
#1251 = CARTESIAN_POINT('',(12.356753068645,11.930188406503,
    1.887713692035));
#1252 = CARTESIAN_POINT('',(12.3666907321,12.052628941123,1.822342842982
    ));
#1253 = CARTESIAN_POINT('',(12.388279009974,12.281579046824,
    1.669286156355));
#1254 = CARTESIAN_POINT('',(12.399794371495,12.387135303771,
    1.582588903604));
#1255 = CARTESIAN_POINT('',(12.422951838464,12.580815067114,
    1.389156475119));
#1256 = CARTESIAN_POINT('',(12.434681930472,12.669429218914,
    1.281307455092));
#1257 = CARTESIAN_POINT('',(12.456032575103,12.821654939055,
    1.053715328946));
#1258 = CARTESIAN_POINT('',(12.465763275171,12.886261898177,
    0.933276703399));
#1259 = CARTESIAN_POINT('',(12.482207890618,12.99204511508,
    0.678782449028));
#1260 = CARTESIAN_POINT('',(12.488806636819,13.032483960182,
    0.545666527488));
#1261 = CARTESIAN_POINT('',(12.497648747309,13.086126565588,
    0.27716233504));
#1262 = CARTESIAN_POINT('',(12.499985954215,13.099916394124,
    0.139994439605));
#1263 = CARTESIAN_POINT('',(12.500013918816,13.100082850109,
    -0.137474827182));
#1264 = CARTESIAN_POINT('',(12.497720029142,13.086551494055,
    -0.274016534286));
#1265 = CARTESIAN_POINT('',(12.488930060683,13.033240091857,
    -0.542878372446));
#1266 = CARTESIAN_POINT('',(12.482323140262,12.992759343429,
    -0.676607929764));
#1267 = CARTESIAN_POINT('',(12.465963879128,12.887578941035,
    -0.930555658091));
#1268 = CARTESIAN_POINT('',(12.456254846026,12.823177596533,
    -1.051131599843));
#1269 = CARTESIAN_POINT('',(12.434863015365,12.67078124548,
    -1.279587518867));
#1270 = CARTESIAN_POINT('',(12.423160715882,12.58243784152,
    -1.387283936007));
#1271 = CARTESIAN_POINT('',(12.388486171492,12.292802776823,
    -1.677297214495));
#1272 = CARTESIAN_POINT('',(12.365194952133,12.059020154576,
    -1.833918244463));
#1273 = CARTESIAN_POINT('',(12.340458892881,11.680290421635,
    -1.991456727128));
#1274 = CARTESIAN_POINT('',(12.333749362209,11.547488010824,
    -2.032088317441));
#1275 = CARTESIAN_POINT('',(12.324688768027,11.276266213858,
    -2.086337228483));
#1276 = CARTESIAN_POINT('',(12.322337440599,11.138983032525,-2.1));
#1277 = CARTESIAN_POINT('',(12.322337440599,11.,-2.1));
#1278 = PCURVE('',#1165,#1279);
#1279 = DEFINITIONAL_REPRESENTATION('',(#1280),#1350);
#1280 = B_SPLINE_CURVE_WITH_KNOTS('',3,(#1281,#1282,#1283,#1284,#1285,
    #1286,#1287,#1288,#1289,#1290,#1291,#1292,#1293,#1294,#1295,#1296,
    #1297,#1298,#1299,#1300,#1301,#1302,#1303,#1304,#1305,#1306,#1307,
    #1308,#1309,#1310,#1311,#1312,#1313,#1314,#1315,#1316,#1317,#1318,
    #1319,#1320,#1321,#1322,#1323,#1324,#1325,#1326,#1327,#1328,#1329,
    #1330,#1331,#1332,#1333,#1334,#1335,#1336,#1337,#1338,#1339,#1340,
    #1341,#1342,#1343,#1344,#1345,#1346,#1347,#1348,#1349),
  .UNSPECIFIED.,.F.,.F.,(4,1,1,1,1,1,1,1,1,1,1,1,1,1,1,1,1,1,1,1,1,1,1,1
    ,1,1,1,1,1,1,1,1,1,1,1,1,1,1,1,1,1,1,1,1,1,1,1,1,1,1,1,1,1,1,1,1,1,1
    ,1,1,1,1,1,1,1,1,4),(6.577215611807E-03,6.67684544696E-03,
    6.776475282113E-03,6.876105117265E-03,6.975734952418E-03,
    7.075364787571E-03,7.174994622724E-03,7.274624457876E-03,
    7.374254293029E-03,7.473884128182E-03,7.573513963335E-03,
    7.673143798487E-03,7.77277363364E-03,7.872403468793E-03,
    7.972033303946E-03,8.071663139098E-03,8.171292974251E-03,
    8.270922809404E-03,8.370552644556E-03,8.470182479709E-03,
    8.569812314862E-03,8.669442150015E-03,8.769071985167E-03,
    8.86870182032E-03,8.968331655473E-03,9.067961490626E-03,
    9.167591325778E-03,9.267221160931E-03,9.366850996084E-03,
    9.466480831237E-03,9.566110666389E-03,9.665740501542E-03,
    9.765370336695E-03,9.865000171847E-03,9.964630007E-03,
    1.006425984215E-02,1.016388967731E-02,1.026351951246E-02,
    1.036314934761E-02,1.046277918276E-02,1.056240901792E-02,
    1.066203885307E-02,1.076166868822E-02,1.086129852337E-02,
    1.096092835853E-02,1.106055819368E-02,1.116018802883E-02,
    1.125981786399E-02,1.135944769914E-02,1.145907753429E-02,
    1.155870736944E-02,1.16583372046E-02,1.175796703975E-02,
    1.18575968749E-02,1.195722671005E-02,1.205685654521E-02,
    1.215648638036E-02,1.225611621551E-02,1.235574605067E-02,
    1.245537588582E-02,1.255500572097E-02,1.265463555612E-02,
    1.275426539128E-02,1.285389522643E-02,1.295352506158E-02,
    1.305315489673E-02,1.315278473189E-02),.QUASI_UNIFORM_KNOTS.);
#1281 = CARTESIAN_POINT('',(3.14159265359,-12.32233744059));
#1282 = CARTESIAN_POINT('',(3.157424845818,-12.32233744059));
#1283 = CARTESIAN_POINT('',(3.189125147507,-12.32262353635));
#1284 = CARTESIAN_POINT('',(3.236755908709,-12.3238787028));
#1285 = CARTESIAN_POINT('',(3.284441171896,-12.32592763057));
#1286 = CARTESIAN_POINT('',(3.332149403182,-12.32873804778));
#1287 = CARTESIAN_POINT('',(3.379847907167,-12.33227772108));
#1288 = CARTESIAN_POINT('',(3.427501807395,-12.33651427343));
#1289 = CARTESIAN_POINT('',(3.475083643727,-12.34141586407));
#1290 = CARTESIAN_POINT('',(3.52254611659,-12.3469486507));
#1291 = CARTESIAN_POINT('',(3.569931477046,-12.35308626097));
#1292 = CARTESIAN_POINT('',(3.617556277129,-12.35977627009));
#1293 = CARTESIAN_POINT('',(3.665259902298,-12.36694068231));
#1294 = CARTESIAN_POINT('',(3.712997206991,-12.37450827971));
#1295 = CARTESIAN_POINT('',(3.760671330752,-12.3824035511));
#1296 = CARTESIAN_POINT('',(3.808072179979,-12.39050959942));
#1297 = CARTESIAN_POINT('',(3.85536787546,-12.39878088488));
#1298 = CARTESIAN_POINT('',(3.902651851634,-12.40715804604));
#1299 = CARTESIAN_POINT('',(3.9500405897,-12.41558665845));
#1300 = CARTESIAN_POINT('',(3.997732233536,-12.42402378201));
#1301 = CARTESIAN_POINT('',(4.045508471911,-12.43235720151));
#1302 = CARTESIAN_POINT('',(4.093229157105,-12.44048922532));
#1303 = CARTESIAN_POINT('',(4.140666466813,-12.44830421498));
#1304 = CARTESIAN_POINT('',(4.187971875379,-12.45576307699));
#1305 = CARTESIAN_POINT('',(4.23528605546,-12.46282440092));
#1306 = CARTESIAN_POINT('',(4.282695983134,-12.46943587526));
#1307 = CARTESIAN_POINT('',(4.330368055298,-12.4755590002));
#1308 = CARTESIAN_POINT('',(4.37816881013,-12.4811033285));
#1309 = CARTESIAN_POINT('',(4.425954018077,-12.48601404478));
#1310 = CARTESIAN_POINT('',(4.473665682778,-12.49024776811));
#1311 = CARTESIAN_POINT('',(4.521136509573,-12.49374862593));
#1312 = CARTESIAN_POINT('',(4.568562351743,-12.49650088146));
#1313 = CARTESIAN_POINT('',(4.616126137415,-12.49849828179));
#1314 = CARTESIAN_POINT('',(4.663815225692,-12.49971677967));
#1315 = CARTESIAN_POINT('',(4.711798092298,-12.50013604149));
#1316 = CARTESIAN_POINT('',(4.75972684089,-12.49973867344));
#1317 = CARTESIAN_POINT('',(4.807311269202,-12.49854618821));
#1318 = CARTESIAN_POINT('',(4.854777739371,-12.49657408673));
#1319 = CARTESIAN_POINT('',(4.902176723975,-12.49384490824));
#1320 = CARTESIAN_POINT('',(4.949734636238,-12.49035905052));
#1321 = CARTESIAN_POINT('',(4.997551507799,-12.48613343124));
#1322 = CARTESIAN_POINT('',(5.045414504244,-12.4812325181));
#1323 = CARTESIAN_POINT('',(5.093195081341,-12.47570747587));
#1324 = CARTESIAN_POINT('',(5.140725673362,-12.46961703526));
#1325 = CARTESIAN_POINT('',(5.188099030244,-12.46302524847));
#1326 = CARTESIAN_POINT('',(5.235430346102,-12.45597418455));
#1327 = CARTESIAN_POINT('',(5.282820914296,-12.44851276494));
#1328 = CARTESIAN_POINT('',(5.33040414125,-12.44068149221));
#1329 = CARTESIAN_POINT('',(5.378142824236,-12.43255232178));
#1330 = CARTESIAN_POINT('',(5.425876917174,-12.42422983378));
#1331 = CARTESIAN_POINT('',(5.47349098377,-12.41580820019));
#1332 = CARTESIAN_POINT('',(5.520783479405,-12.40739624271));
#1333 = CARTESIAN_POINT('',(5.568215421609,-12.39900194102));
#1334 = CARTESIAN_POINT('',(5.61572157429,-12.39070515504));
#1335 = CARTESIAN_POINT('',(5.663284928447,-12.38257897375));
#1336 = CARTESIAN_POINT('',(5.710871373626,-12.37469838761));
#1337 = CARTESIAN_POINT('',(5.75845153925,-12.36713755207));
#1338 = CARTESIAN_POINT('',(5.805988439162,-12.35997206111));
#1339 = CARTESIAN_POINT('',(5.853474837003,-12.35327258968));
#1340 = CARTESIAN_POINT('',(5.900805859329,-12.34712805023));
#1341 = CARTESIAN_POINT('',(5.948327094791,-12.34154815589));
#1342 = CARTESIAN_POINT('',(5.996040656296,-12.33657612141));
#1343 = CARTESIAN_POINT('',(6.043862348237,-12.33226985072));
#1344 = CARTESIAN_POINT('',(6.091777091049,-12.32868451731));
#1345 = CARTESIAN_POINT('',(6.139584576381,-12.32587144437));
#1346 = CARTESIAN_POINT('',(6.187332612035,-12.32384273202));
#1347 = CARTESIAN_POINT('',(6.235148038328,-12.32261382047));
#1348 = CARTESIAN_POINT('',(6.267141046721,-12.32233744059));
#1349 = CARTESIAN_POINT('',(6.28318530718,-12.32233744059));
#1350 = ( GEOMETRIC_REPRESENTATION_CONTEXT(2) 
PARAMETRIC_REPRESENTATION_CONTEXT() REPRESENTATION_CONTEXT('2D SPACE',''
  ) );
#1351 = PCURVE('',#334,#1352);
#1352 = DEFINITIONAL_REPRESENTATION('',(#1353),#1423);
#1353 = B_SPLINE_CURVE_WITH_KNOTS('',3,(#1354,#1355,#1356,#1357,#1358,
    #1359,#1360,#1361,#1362,#1363,#1364,#1365,#1366,#1367,#1368,#1369,
    #1370,#1371,#1372,#1373,#1374,#1375,#1376,#1377,#1378,#1379,#1380,
    #1381,#1382,#1383,#1384,#1385,#1386,#1387,#1388,#1389,#1390,#1391,
    #1392,#1393,#1394,#1395,#1396,#1397,#1398,#1399,#1400,#1401,#1402,
    #1403,#1404,#1405,#1406,#1407,#1408,#1409,#1410,#1411,#1412,#1413,
    #1414,#1415,#1416,#1417,#1418,#1419,#1420,#1421,#1422),
  .UNSPECIFIED.,.F.,.F.,(4,1,1,1,1,1,1,1,1,1,1,1,1,1,1,1,1,1,1,1,1,1,1,1
    ,1,1,1,1,1,1,1,1,1,1,1,1,1,1,1,1,1,1,1,1,1,1,1,1,1,1,1,1,1,1,1,1,1,1
    ,1,1,1,1,1,1,1,1,4),(6.577215611807E-03,6.67684544696E-03,
    6.776475282113E-03,6.876105117265E-03,6.975734952418E-03,
    7.075364787571E-03,7.174994622724E-03,7.274624457876E-03,
    7.374254293029E-03,7.473884128182E-03,7.573513963335E-03,
    7.673143798487E-03,7.77277363364E-03,7.872403468793E-03,
    7.972033303946E-03,8.071663139098E-03,8.171292974251E-03,
    8.270922809404E-03,8.370552644556E-03,8.470182479709E-03,
    8.569812314862E-03,8.669442150015E-03,8.769071985167E-03,
    8.86870182032E-03,8.968331655473E-03,9.067961490626E-03,
    9.167591325778E-03,9.267221160931E-03,9.366850996084E-03,
    9.466480831237E-03,9.566110666389E-03,9.665740501542E-03,
    9.765370336695E-03,9.865000171847E-03,9.964630007E-03,
    1.006425984215E-02,1.016388967731E-02,1.026351951246E-02,
    1.036314934761E-02,1.046277918276E-02,1.056240901792E-02,
    1.066203885307E-02,1.076166868822E-02,1.086129852337E-02,
    1.096092835853E-02,1.106055819368E-02,1.116018802883E-02,
    1.125981786399E-02,1.135944769914E-02,1.145907753429E-02,
    1.155870736944E-02,1.16583372046E-02,1.175796703975E-02,
    1.18575968749E-02,1.195722671005E-02,1.205685654521E-02,
    1.215648638036E-02,1.225611621551E-02,1.235574605067E-02,
    1.245537588582E-02,1.255500572097E-02,1.265463555612E-02,
    1.275426539128E-02,1.285389522643E-02,1.295352506158E-02,
    1.305315489673E-02,1.315278473189E-02),.QUASI_UNIFORM_KNOTS.);
#1354 = CARTESIAN_POINT('',(1.739596807812,4.));
#1355 = CARTESIAN_POINT('',(1.739596807704,3.96675151812));
#1356 = CARTESIAN_POINT('',(1.739465038363,3.900182550391));
#1357 = CARTESIAN_POINT('',(1.738877299781,3.800395644337));
#1358 = CARTESIAN_POINT('',(1.737904698985,3.700957775569));
#1359 = CARTESIAN_POINT('',(1.736552459885,3.602151665784));
#1360 = CARTESIAN_POINT('',(1.734825774465,3.504259182585));
#1361 = CARTESIAN_POINT('',(1.732729920177,3.407565379994));
#1362 = CARTESIAN_POINT('',(1.730269818614,3.312343420454));
#1363 = CARTESIAN_POINT('',(1.727451686584,3.218910846307));
#1364 = CARTESIAN_POINT('',(1.724276883815,3.127419571876));
#1365 = CARTESIAN_POINT('',(1.720738509082,3.037440444126));
#1366 = CARTESIAN_POINT('',(1.716854529898,2.949490888201));
#1367 = CARTESIAN_POINT('',(1.712636682627,2.86385851123));
#1368 = CARTESIAN_POINT('',(1.708100027459,2.780940712854));
#1369 = CARTESIAN_POINT('',(1.70328249845,2.701231212286));
#1370 = CARTESIAN_POINT('',(1.698179216747,2.624617692883));
#1371 = CARTESIAN_POINT('',(1.692793306032,2.551112760414));
#1372 = CARTESIAN_POINT('',(1.687125937085,2.480674487399));
#1373 = CARTESIAN_POINT('',(1.681158531627,2.413272248357));
#1374 = CARTESIAN_POINT('',(1.674934634945,2.349336480043));
#1375 = CARTESIAN_POINT('',(1.668486437872,2.289191379864));
#1376 = CARTESIAN_POINT('',(1.661857090439,2.233302646727));
#1377 = CARTESIAN_POINT('',(1.655046590575,2.181509808646));
#1378 = CARTESIAN_POINT('',(1.648049208057,2.133786830638));
#1379 = CARTESIAN_POINT('',(1.640866971701,2.090179291545));
#1380 = CARTESIAN_POINT('',(1.633490508989,2.050638337237));
#1381 = CARTESIAN_POINT('',(1.625953483453,2.015471262204));
#1382 = CARTESIAN_POINT('',(1.618296635952,1.984833441795));
#1383 = CARTESIAN_POINT('',(1.610546842938,1.958797831338));
#1384 = CARTESIAN_POINT('',(1.602748338726,1.937514646522));
#1385 = CARTESIAN_POINT('',(1.594887166756,1.920897712774));
#1386 = CARTESIAN_POINT('',(1.586950232189,1.9089239811));
#1387 = CARTESIAN_POINT('',(1.578956632356,1.901671466783));
#1388 = CARTESIAN_POINT('',(1.570895636206,1.899197428361));
#1389 = CARTESIAN_POINT('',(1.562843490572,1.901541087076));
#1390 = CARTESIAN_POINT('',(1.55486659159,1.908637611488));
#1391 = CARTESIAN_POINT('',(1.546944618861,1.920457942805));
#1392 = CARTESIAN_POINT('',(1.53908613701,1.93693170524));
#1393 = CARTESIAN_POINT('',(1.531271022678,1.958118018342));
#1394 = CARTESIAN_POINT('',(1.523501793756,1.984096675956));
#1395 = CARTESIAN_POINT('',(1.515829503828,2.01466137158));
#1396 = CARTESIAN_POINT('',(1.50829205359,2.049689399535));
#1397 = CARTESIAN_POINT('',(1.500933611132,2.088997964757));
#1398 = CARTESIAN_POINT('',(1.493752093697,2.132444875966));
#1399 = CARTESIAN_POINT('',(1.486746940199,2.180063220877));
#1400 = CARTESIAN_POINT('',(1.479918617545,2.231833503886));
#1401 = CARTESIAN_POINT('',(1.47326349638,2.287793278954));
#1402 = CARTESIAN_POINT('',(1.466807245057,2.347866447089));
#1403 = CARTESIAN_POINT('',(1.460583062333,2.411658532493));
#1404 = CARTESIAN_POINT('',(1.4546195886,2.478870409488));
#1405 = CARTESIAN_POINT('',(1.448956034569,2.549070388176));
#1406 = CARTESIAN_POINT('',(1.443552692839,2.622795850273));
#1407 = CARTESIAN_POINT('',(1.438427025539,2.699741125966));
#1408 = CARTESIAN_POINT('',(1.433591128232,2.779690394494));
#1409 = CARTESIAN_POINT('',(1.429058628672,2.862402864047));
#1410 = CARTESIAN_POINT('',(1.424842639758,2.947647777956));
#1411 = CARTESIAN_POINT('',(1.42095703197,3.035179210041));
#1412 = CARTESIAN_POINT('',(1.417413375559,3.124801877023));
#1413 = CARTESIAN_POINT('',(1.414231885153,3.21613309353));
#1414 = CARTESIAN_POINT('',(1.411395204311,3.309612310282));
#1415 = CARTESIAN_POINT('',(1.408909845256,3.405030572599));
#1416 = CARTESIAN_POINT('',(1.406788714849,3.502017254662));
#1417 = CARTESIAN_POINT('',(1.405043649848,3.600340100366));
#1418 = CARTESIAN_POINT('',(1.40368436687,3.69935689646));
#1419 = CARTESIAN_POINT('',(1.40271126747,3.798938148236));
#1420 = CARTESIAN_POINT('',(1.402126210026,3.899121587066));
#1421 = CARTESIAN_POINT('',(1.401995845893,3.96630714363));
#1422 = CARTESIAN_POINT('',(1.401995845777,4.));
#1423 = ( GEOMETRIC_REPRESENTATION_CONTEXT(2) 
PARAMETRIC_REPRESENTATION_CONTEXT() REPRESENTATION_CONTEXT('2D SPACE',''
  ) );
#1424 = ADVANCED_FACE('',(#1425),#1440,.T.);
#1425 = FACE_BOUND('',#1426,.T.);
#1426 = EDGE_LOOP('',(#1427,#1467,#1495,#1519));
#1427 = ORIENTED_EDGE('',*,*,#1428,.F.);
#1428 = EDGE_CURVE('',#1429,#1431,#1433,.T.);
#1429 = VERTEX_POINT('',#1430);
#1430 = CARTESIAN_POINT('',(-2.010226348135E-17,-12.5,22.5));
#1431 = VERTEX_POINT('',#1432);
#1432 = CARTESIAN_POINT('',(-2.775557561563E-15,-12.5,-22.5));
#1433 = SURFACE_CURVE('',#1434,(#1439,#1451),.PCURVE_S1.);
#1434 = CIRCLE('',#1435,22.5);
#1435 = AXIS2_PLACEMENT_3D('',#1436,#1437,#1438);
#1436 = CARTESIAN_POINT('',(-2.775557561563E-15,-12.5,0.));
#1437 = DIRECTION('',(2.22044604925E-16,1.,-0.));
#1438 = DIRECTION('',(0.,0.,1.));
#1439 = PCURVE('',#1440,#1445);
#1440 = CYLINDRICAL_SURFACE('',#1441,22.5);
#1441 = AXIS2_PLACEMENT_3D('',#1442,#1443,#1444);
#1442 = CARTESIAN_POINT('',(-2.775557561563E-15,-12.5,0.));
#1443 = DIRECTION('',(-2.22044604925E-16,-1.,0.));
#1444 = DIRECTION('',(0.,-0.,-1.));
#1445 = DEFINITIONAL_REPRESENTATION('',(#1446),#1450);
#1446 = LINE('',#1447,#1448);
#1447 = CARTESIAN_POINT('',(3.14159265359,0.));
#1448 = VECTOR('',#1449,1.);
#1449 = DIRECTION('',(-1.,0.));
#1450 = ( GEOMETRIC_REPRESENTATION_CONTEXT(2) 
PARAMETRIC_REPRESENTATION_CONTEXT() REPRESENTATION_CONTEXT('2D SPACE',''
  ) );
#1451 = PCURVE('',#1452,#1457);
#1452 = PLANE('',#1453);
#1453 = AXIS2_PLACEMENT_3D('',#1454,#1455,#1456);
#1454 = CARTESIAN_POINT('',(-2.775557561563E-15,-12.5,0.));
#1455 = DIRECTION('',(-2.22044604925E-16,-1.,0.));
#1456 = DIRECTION('',(0.,0.,1.));
#1457 = DEFINITIONAL_REPRESENTATION('',(#1458),#1466);
#1458 = ( BOUNDED_CURVE() B_SPLINE_CURVE(2,(#1459,#1460,#1461,#1462,
#1463,#1464,#1465),.UNSPECIFIED.,.T.,.F.) B_SPLINE_CURVE_WITH_KNOTS((1,2
    ,2,2,2,1),(-2.094395102393,0.,2.094395102393,4.188790204786,
6.28318530718,8.377580409573),.UNSPECIFIED.) CURVE() 
GEOMETRIC_REPRESENTATION_ITEM() RATIONAL_B_SPLINE_CURVE((1.,0.5,1.,0.5,
1.,0.5,1.)) REPRESENTATION_ITEM('') );
#1459 = CARTESIAN_POINT('',(22.5,0.));
#1460 = CARTESIAN_POINT('',(22.5,-38.9711431703));
#1461 = CARTESIAN_POINT('',(-11.25,-19.48557158515));
#1462 = CARTESIAN_POINT('',(-45.,-5.510910596163E-15));
#1463 = CARTESIAN_POINT('',(-11.25,19.48557158515));
#1464 = CARTESIAN_POINT('',(22.5,38.9711431703));
#1465 = CARTESIAN_POINT('',(22.5,0.));
#1466 = ( GEOMETRIC_REPRESENTATION_CONTEXT(2) 
PARAMETRIC_REPRESENTATION_CONTEXT() REPRESENTATION_CONTEXT('2D SPACE',''
  ) );
#1467 = ORIENTED_EDGE('',*,*,#1468,.T.);
#1468 = EDGE_CURVE('',#1429,#1469,#1471,.T.);
#1469 = VERTEX_POINT('',#1470);
#1470 = CARTESIAN_POINT('',(-5.752137757939E-16,-15.,22.5));
#1471 = SURFACE_CURVE('',#1472,(#1476,#1483),.PCURVE_S1.);
#1472 = LINE('',#1473,#1474);
#1473 = CARTESIAN_POINT('',(-2.010226348135E-17,-12.5,22.5));
#1474 = VECTOR('',#1475,1.);
#1475 = DIRECTION('',(-2.22044604925E-16,-1.,0.));
#1476 = PCURVE('',#1440,#1477);
#1477 = DEFINITIONAL_REPRESENTATION('',(#1478),#1482);
#1478 = LINE('',#1479,#1480);
#1479 = CARTESIAN_POINT('',(3.14159265359,0.));
#1480 = VECTOR('',#1481,1.);
#1481 = DIRECTION('',(0.,1.));
#1482 = ( GEOMETRIC_REPRESENTATION_CONTEXT(2) 
PARAMETRIC_REPRESENTATION_CONTEXT() REPRESENTATION_CONTEXT('2D SPACE',''
  ) );
#1483 = PCURVE('',#1484,#1489);
#1484 = CYLINDRICAL_SURFACE('',#1485,22.5);
#1485 = AXIS2_PLACEMENT_3D('',#1486,#1487,#1488);
#1486 = CARTESIAN_POINT('',(-2.775557561563E-15,-12.5,0.));
#1487 = DIRECTION('',(-2.22044604925E-16,-1.,0.));
#1488 = DIRECTION('',(0.,-0.,-1.));
#1489 = DEFINITIONAL_REPRESENTATION('',(#1490),#1494);
#1490 = LINE('',#1491,#1492);
#1491 = CARTESIAN_POINT('',(3.14159265359,0.));
#1492 = VECTOR('',#1493,1.);
#1493 = DIRECTION('',(0.,1.));
#1494 = ( GEOMETRIC_REPRESENTATION_CONTEXT(2) 
PARAMETRIC_REPRESENTATION_CONTEXT() REPRESENTATION_CONTEXT('2D SPACE',''
  ) );
#1495 = ORIENTED_EDGE('',*,*,#1496,.T.);
#1496 = EDGE_CURVE('',#1469,#1497,#1499,.T.);
#1497 = VERTEX_POINT('',#1498);
#1498 = CARTESIAN_POINT('',(-3.330669073875E-15,-15.,-22.5));
#1499 = SURFACE_CURVE('',#1500,(#1505,#1512),.PCURVE_S1.);
#1500 = CIRCLE('',#1501,22.5);
#1501 = AXIS2_PLACEMENT_3D('',#1502,#1503,#1504);
#1502 = CARTESIAN_POINT('',(-3.330669073875E-15,-15.,0.));
#1503 = DIRECTION('',(2.22044604925E-16,1.,-0.));
#1504 = DIRECTION('',(0.,0.,1.));
#1505 = PCURVE('',#1440,#1506);
#1506 = DEFINITIONAL_REPRESENTATION('',(#1507),#1511);
#1507 = LINE('',#1508,#1509);
#1508 = CARTESIAN_POINT('',(3.14159265359,2.5));
#1509 = VECTOR('',#1510,1.);
#1510 = DIRECTION('',(-1.,0.));
#1511 = ( GEOMETRIC_REPRESENTATION_CONTEXT(2) 
PARAMETRIC_REPRESENTATION_CONTEXT() REPRESENTATION_CONTEXT('2D SPACE',''
  ) );
#1512 = PCURVE('',#422,#1513);
#1513 = DEFINITIONAL_REPRESENTATION('',(#1514),#1518);
#1514 = CIRCLE('',#1515,22.5);
#1515 = AXIS2_PLACEMENT_2D('',#1516,#1517);
#1516 = CARTESIAN_POINT('',(0.,0.));
#1517 = DIRECTION('',(1.,0.));
#1518 = ( GEOMETRIC_REPRESENTATION_CONTEXT(2) 
PARAMETRIC_REPRESENTATION_CONTEXT() REPRESENTATION_CONTEXT('2D SPACE',''
  ) );
#1519 = ORIENTED_EDGE('',*,*,#1520,.F.);
#1520 = EDGE_CURVE('',#1431,#1497,#1521,.T.);
#1521 = SURFACE_CURVE('',#1522,(#1526,#1533),.PCURVE_S1.);
#1522 = LINE('',#1523,#1524);
#1523 = CARTESIAN_POINT('',(-2.775557561563E-15,-12.5,-22.5));
#1524 = VECTOR('',#1525,1.);
#1525 = DIRECTION('',(-2.22044604925E-16,-1.,0.));
#1526 = PCURVE('',#1440,#1527);
#1527 = DEFINITIONAL_REPRESENTATION('',(#1528),#1532);
#1528 = LINE('',#1529,#1530);
#1529 = CARTESIAN_POINT('',(0.,0.));
#1530 = VECTOR('',#1531,1.);
#1531 = DIRECTION('',(0.,1.));
#1532 = ( GEOMETRIC_REPRESENTATION_CONTEXT(2) 
PARAMETRIC_REPRESENTATION_CONTEXT() REPRESENTATION_CONTEXT('2D SPACE',''
  ) );
#1533 = PCURVE('',#1484,#1534);
#1534 = DEFINITIONAL_REPRESENTATION('',(#1535),#1539);
#1535 = LINE('',#1536,#1537);
#1536 = CARTESIAN_POINT('',(6.28318530718,0.));
#1537 = VECTOR('',#1538,1.);
#1538 = DIRECTION('',(0.,1.));
#1539 = ( GEOMETRIC_REPRESENTATION_CONTEXT(2) 
PARAMETRIC_REPRESENTATION_CONTEXT() REPRESENTATION_CONTEXT('2D SPACE',''
  ) );
#1540 = ADVANCED_FACE('',(#1541),#1556,.T.);
#1541 = FACE_BOUND('',#1542,.T.);
#1542 = EDGE_LOOP('',(#1543,#1579,#1607,#1640));
#1543 = ORIENTED_EDGE('',*,*,#1544,.T.);
#1544 = EDGE_CURVE('',#1545,#1547,#1549,.T.);
#1545 = VERTEX_POINT('',#1546);
#1546 = CARTESIAN_POINT('',(9.992007221626E-16,4.5,22.5));
#1547 = VERTEX_POINT('',#1548);
#1548 = CARTESIAN_POINT('',(3.754656020244E-15,4.5,-22.5));
#1549 = SURFACE_CURVE('',#1550,(#1555,#1567),.PCURVE_S1.);
#1550 = CIRCLE('',#1551,22.5);
#1551 = AXIS2_PLACEMENT_3D('',#1552,#1553,#1554);
#1552 = CARTESIAN_POINT('',(9.992007221626E-16,4.5,0.));
#1553 = DIRECTION('',(2.22044604925E-16,1.,-0.));
#1554 = DIRECTION('',(0.,0.,1.));
#1555 = PCURVE('',#1556,#1561);
#1556 = CYLINDRICAL_SURFACE('',#1557,22.5);
#1557 = AXIS2_PLACEMENT_3D('',#1558,#1559,#1560);
#1558 = CARTESIAN_POINT('',(9.992007221626E-16,4.5,0.));
#1559 = DIRECTION('',(2.22044604925E-16,1.,0.));
#1560 = DIRECTION('',(0.,0.,1.));
#1561 = DEFINITIONAL_REPRESENTATION('',(#1562),#1566);
#1562 = LINE('',#1563,#1564);
#1563 = CARTESIAN_POINT('',(0.,0.));
#1564 = VECTOR('',#1565,1.);
#1565 = DIRECTION('',(1.,0.));
#1566 = ( GEOMETRIC_REPRESENTATION_CONTEXT(2) 
PARAMETRIC_REPRESENTATION_CONTEXT() REPRESENTATION_CONTEXT('2D SPACE',''
  ) );
#1567 = PCURVE('',#1568,#1573);
#1568 = PLANE('',#1569);
#1569 = AXIS2_PLACEMENT_3D('',#1570,#1571,#1572);
#1570 = CARTESIAN_POINT('',(9.992007221626E-16,4.5,0.));
#1571 = DIRECTION('',(2.22044604925E-16,1.,0.));
#1572 = DIRECTION('',(0.,0.,1.));
#1573 = DEFINITIONAL_REPRESENTATION('',(#1574),#1578);
#1574 = CIRCLE('',#1575,22.5);
#1575 = AXIS2_PLACEMENT_2D('',#1576,#1577);
#1576 = CARTESIAN_POINT('',(0.,0.));
#1577 = DIRECTION('',(1.,0.));
#1578 = ( GEOMETRIC_REPRESENTATION_CONTEXT(2) 
PARAMETRIC_REPRESENTATION_CONTEXT() REPRESENTATION_CONTEXT('2D SPACE',''
  ) );
#1579 = ORIENTED_EDGE('',*,*,#1580,.T.);
#1580 = EDGE_CURVE('',#1547,#1581,#1583,.T.);
#1581 = VERTEX_POINT('',#1582);
#1582 = CARTESIAN_POINT('',(4.309767532557E-15,7.,-22.5));
#1583 = SURFACE_CURVE('',#1584,(#1588,#1595),.PCURVE_S1.);
#1584 = LINE('',#1585,#1586);
#1585 = CARTESIAN_POINT('',(3.754656020244E-15,4.5,-22.5));
#1586 = VECTOR('',#1587,1.);
#1587 = DIRECTION('',(2.22044604925E-16,1.,0.));
#1588 = PCURVE('',#1556,#1589);
#1589 = DEFINITIONAL_REPRESENTATION('',(#1590),#1594);
#1590 = LINE('',#1591,#1592);
#1591 = CARTESIAN_POINT('',(3.14159265359,0.));
#1592 = VECTOR('',#1593,1.);
#1593 = DIRECTION('',(0.,1.));
#1594 = ( GEOMETRIC_REPRESENTATION_CONTEXT(2) 
PARAMETRIC_REPRESENTATION_CONTEXT() REPRESENTATION_CONTEXT('2D SPACE',''
  ) );
#1595 = PCURVE('',#1596,#1601);
#1596 = CYLINDRICAL_SURFACE('',#1597,22.5);
#1597 = AXIS2_PLACEMENT_3D('',#1598,#1599,#1600);
#1598 = CARTESIAN_POINT('',(9.992007221626E-16,4.5,0.));
#1599 = DIRECTION('',(2.22044604925E-16,1.,0.));
#1600 = DIRECTION('',(0.,0.,1.));
#1601 = DEFINITIONAL_REPRESENTATION('',(#1602),#1606);
#1602 = LINE('',#1603,#1604);
#1603 = CARTESIAN_POINT('',(3.14159265359,0.));
#1604 = VECTOR('',#1605,1.);
#1605 = DIRECTION('',(0.,1.));
#1606 = ( GEOMETRIC_REPRESENTATION_CONTEXT(2) 
PARAMETRIC_REPRESENTATION_CONTEXT() REPRESENTATION_CONTEXT('2D SPACE',''
  ) );
#1607 = ORIENTED_EDGE('',*,*,#1608,.F.);
#1608 = EDGE_CURVE('',#1609,#1581,#1611,.T.);
#1609 = VERTEX_POINT('',#1610);
#1610 = CARTESIAN_POINT('',(1.554312234475E-15,7.,22.5));
#1611 = SURFACE_CURVE('',#1612,(#1617,#1624),.PCURVE_S1.);
#1612 = CIRCLE('',#1613,22.5);
#1613 = AXIS2_PLACEMENT_3D('',#1614,#1615,#1616);
#1614 = CARTESIAN_POINT('',(1.554312234475E-15,7.,0.));
#1615 = DIRECTION('',(2.22044604925E-16,1.,-0.));
#1616 = DIRECTION('',(0.,0.,1.));
#1617 = PCURVE('',#1556,#1618);
#1618 = DEFINITIONAL_REPRESENTATION('',(#1619),#1623);
#1619 = LINE('',#1620,#1621);
#1620 = CARTESIAN_POINT('',(0.,2.5));
#1621 = VECTOR('',#1622,1.);
#1622 = DIRECTION('',(1.,0.));
#1623 = ( GEOMETRIC_REPRESENTATION_CONTEXT(2) 
PARAMETRIC_REPRESENTATION_CONTEXT() REPRESENTATION_CONTEXT('2D SPACE',''
  ) );
#1624 = PCURVE('',#1625,#1630);
#1625 = PLANE('',#1626);
#1626 = AXIS2_PLACEMENT_3D('',#1627,#1628,#1629);
#1627 = CARTESIAN_POINT('',(1.554312234475E-15,7.,0.));
#1628 = DIRECTION('',(-2.22044604925E-16,-1.,0.));
#1629 = DIRECTION('',(0.,-0.,-1.));
#1630 = DEFINITIONAL_REPRESENTATION('',(#1631),#1639);
#1631 = ( BOUNDED_CURVE() B_SPLINE_CURVE(2,(#1632,#1633,#1634,#1635,
#1636,#1637,#1638),.UNSPECIFIED.,.T.,.F.) B_SPLINE_CURVE_WITH_KNOTS((1,2
    ,2,2,2,1),(-2.094395102393,0.,2.094395102393,4.188790204786,
6.28318530718,8.377580409573),.UNSPECIFIED.) CURVE() 
GEOMETRIC_REPRESENTATION_ITEM() RATIONAL_B_SPLINE_CURVE((1.,0.5,1.,0.5,
1.,0.5,1.)) REPRESENTATION_ITEM('') );
#1632 = CARTESIAN_POINT('',(-22.5,0.));
#1633 = CARTESIAN_POINT('',(-22.5,38.9711431703));
#1634 = CARTESIAN_POINT('',(11.25,19.48557158515));
#1635 = CARTESIAN_POINT('',(45.,5.510910596163E-15));
#1636 = CARTESIAN_POINT('',(11.25,-19.48557158515));
#1637 = CARTESIAN_POINT('',(-22.5,-38.9711431703));
#1638 = CARTESIAN_POINT('',(-22.5,0.));
#1639 = ( GEOMETRIC_REPRESENTATION_CONTEXT(2) 
PARAMETRIC_REPRESENTATION_CONTEXT() REPRESENTATION_CONTEXT('2D SPACE',''
  ) );
#1640 = ORIENTED_EDGE('',*,*,#1641,.F.);
#1641 = EDGE_CURVE('',#1545,#1609,#1642,.T.);
#1642 = SURFACE_CURVE('',#1643,(#1647,#1654),.PCURVE_S1.);
#1643 = LINE('',#1644,#1645);
#1644 = CARTESIAN_POINT('',(9.992007221626E-16,4.5,22.5));
#1645 = VECTOR('',#1646,1.);
#1646 = DIRECTION('',(2.22044604925E-16,1.,0.));
#1647 = PCURVE('',#1556,#1648);
#1648 = DEFINITIONAL_REPRESENTATION('',(#1649),#1653);
#1649 = LINE('',#1650,#1651);
#1650 = CARTESIAN_POINT('',(0.,0.));
#1651 = VECTOR('',#1652,1.);
#1652 = DIRECTION('',(0.,1.));
#1653 = ( GEOMETRIC_REPRESENTATION_CONTEXT(2) 
PARAMETRIC_REPRESENTATION_CONTEXT() REPRESENTATION_CONTEXT('2D SPACE',''
  ) );
#1654 = PCURVE('',#1596,#1655);
#1655 = DEFINITIONAL_REPRESENTATION('',(#1656),#1660);
#1656 = LINE('',#1657,#1658);
#1657 = CARTESIAN_POINT('',(6.28318530718,0.));
#1658 = VECTOR('',#1659,1.);
#1659 = DIRECTION('',(0.,1.));
#1660 = ( GEOMETRIC_REPRESENTATION_CONTEXT(2) 
PARAMETRIC_REPRESENTATION_CONTEXT() REPRESENTATION_CONTEXT('2D SPACE',''
  ) );
#1661 = ADVANCED_FACE('',(#1662),#132,.F.);
#1662 = FACE_BOUND('',#1663,.F.);
#1663 = EDGE_LOOP('',(#1664,#1685,#1686,#1709,#1831,#1832,#1853));
#1664 = ORIENTED_EDGE('',*,*,#1665,.T.);
#1665 = EDGE_CURVE('',#90,#371,#1666,.T.);
#1666 = SURFACE_CURVE('',#1667,(#1671,#1678),.PCURVE_S1.);
#1667 = LINE('',#1668,#1669);
#1668 = CARTESIAN_POINT('',(3.330669073875E-15,15.,-7.));
#1669 = VECTOR('',#1670,1.);
#1670 = DIRECTION('',(-2.22044604925E-16,-1.,0.));
#1671 = PCURVE('',#132,#1672);
#1672 = DEFINITIONAL_REPRESENTATION('',(#1673),#1677);
#1673 = LINE('',#1674,#1675);
#1674 = CARTESIAN_POINT('',(6.28318530718,0.));
#1675 = VECTOR('',#1676,1.);
#1676 = DIRECTION('',(0.,1.));
#1677 = ( GEOMETRIC_REPRESENTATION_CONTEXT(2) 
PARAMETRIC_REPRESENTATION_CONTEXT() REPRESENTATION_CONTEXT('2D SPACE',''
  ) );
#1678 = PCURVE('',#579,#1679);
#1679 = DEFINITIONAL_REPRESENTATION('',(#1680),#1684);
#1680 = LINE('',#1681,#1682);
#1681 = CARTESIAN_POINT('',(0.,0.));
#1682 = VECTOR('',#1683,1.);
#1683 = DIRECTION('',(0.,1.));
#1684 = ( GEOMETRIC_REPRESENTATION_CONTEXT(2) 
PARAMETRIC_REPRESENTATION_CONTEXT() REPRESENTATION_CONTEXT('2D SPACE',''
  ) );
#1685 = ORIENTED_EDGE('',*,*,#462,.F.);
#1686 = ORIENTED_EDGE('',*,*,#1687,.F.);
#1687 = EDGE_CURVE('',#1688,#435,#1690,.T.);
#1688 = VERTEX_POINT('',#1689);
#1689 = CARTESIAN_POINT('',(-1.925515716706E-16,8.9,7.));
#1690 = SURFACE_CURVE('',#1691,(#1695,#1702),.PCURVE_S1.);
#1691 = LINE('',#1692,#1693);
#1692 = CARTESIAN_POINT('',(4.187921833279E-15,15.,7.));
#1693 = VECTOR('',#1694,1.);
#1694 = DIRECTION('',(-2.22044604925E-16,-1.,0.));
#1695 = PCURVE('',#132,#1696);
#1696 = DEFINITIONAL_REPRESENTATION('',(#1697),#1701);
#1697 = LINE('',#1698,#1699);
#1698 = CARTESIAN_POINT('',(3.14159265359,0.));
#1699 = VECTOR('',#1700,1.);
#1700 = DIRECTION('',(0.,1.));
#1701 = ( GEOMETRIC_REPRESENTATION_CONTEXT(2) 
PARAMETRIC_REPRESENTATION_CONTEXT() REPRESENTATION_CONTEXT('2D SPACE',''
  ) );
#1702 = PCURVE('',#243,#1703);
#1703 = DEFINITIONAL_REPRESENTATION('',(#1704),#1708);
#1704 = LINE('',#1705,#1706);
#1705 = CARTESIAN_POINT('',(3.14159265359,0.));
#1706 = VECTOR('',#1707,1.);
#1707 = DIRECTION('',(0.,1.));
#1708 = ( GEOMETRIC_REPRESENTATION_CONTEXT(2) 
PARAMETRIC_REPRESENTATION_CONTEXT() REPRESENTATION_CONTEXT('2D SPACE',''
  ) );
#1709 = ORIENTED_EDGE('',*,*,#1710,.F.);
#1710 = EDGE_CURVE('',#878,#1688,#1711,.T.);
#1711 = SURFACE_CURVE('',#1712,(#1729,#1780),.PCURVE_S1.);
#1712 = B_SPLINE_CURVE_WITH_KNOTS('',3,(#1713,#1714,#1715,#1716,#1717,
    #1718,#1719,#1720,#1721,#1722,#1723,#1724,#1725,#1726,#1727,#1728),
  .UNSPECIFIED.,.F.,.F.,(4,2,2,2,2,2,2,4),(6.60369268899E-03,
    7.428957673162E-03,7.841590165248E-03,8.254222657334E-03,
    8.66685514942E-03,9.079487641506E-03,9.492120133592E-03,
    9.904752625678E-03),.UNSPECIFIED.);
#1713 = CARTESIAN_POINT('',(-2.1,11.,6.677574409919));
#1714 = CARTESIAN_POINT('',(-2.1,10.724931902227,6.677574409919));
#1715 = CARTESIAN_POINT('',(-2.044392565597,10.447202424561,
    6.695703313909));
#1716 = CARTESIAN_POINT('',(-1.886613333964,10.06754535846,
    6.741193224174));
#1717 = CARTESIAN_POINT('',(-1.820720259094,9.944697545386,
    6.759522915696));
#1718 = CARTESIAN_POINT('',(-1.668550592599,9.717570878166,
    6.798684521997));
#1719 = CARTESIAN_POINT('',(-1.582166537003,9.612366893835,
    6.819572934652));
#1720 = CARTESIAN_POINT('',(-1.388428867778,9.418531736879,
    6.861639107456));
#1721 = CARTESIAN_POINT('',(-1.281568815667,9.330828129686,
    6.882641832916));
#1722 = CARTESIAN_POINT('',(-1.055205258224,9.179259704143,
    6.920962295267));
#1723 = CARTESIAN_POINT('',(-0.934549306567,9.1143063548,6.938531942024)
  );
#1724 = CARTESIAN_POINT('',(-0.678522446356,9.007807685051,
    6.968228986384));
#1725 = CARTESIAN_POINT('',(-0.547182808419,8.967898282306,
    6.979883459728));
#1726 = CARTESIAN_POINT('',(-0.277969323876,8.913956023505,
    6.995778383583));
#1727 = CARTESIAN_POINT('',(-0.138404095556,8.9,7.));
#1728 = CARTESIAN_POINT('',(-1.925515716706E-16,8.9,7.));
#1729 = PCURVE('',#132,#1730);
#1730 = DEFINITIONAL_REPRESENTATION('',(#1731),#1779);
#1731 = B_SPLINE_CURVE_WITH_KNOTS('',3,(#1732,#1733,#1734,#1735,#1736,
    #1737,#1738,#1739,#1740,#1741,#1742,#1743,#1744,#1745,#1746,#1747,
    #1748,#1749,#1750,#1751,#1752,#1753,#1754,#1755,#1756,#1757,#1758,
    #1759,#1760,#1761,#1762,#1763,#1764,#1765,#1766,#1767,#1768,#1769,
    #1770,#1771,#1772,#1773,#1774,#1775,#1776,#1777,#1778),
  .UNSPECIFIED.,.F.,.F.,(4,1,1,1,1,1,1,1,1,1,1,1,1,1,1,1,1,1,1,1,1,1,1,1
    ,1,1,1,1,1,1,1,1,1,1,1,1,1,1,1,1,1,1,1,1,4),(6.60369268899E-03,
    6.67871677846E-03,6.753740867931E-03,6.828764957401E-03,
    6.903789046871E-03,6.978813136341E-03,7.053837225811E-03,
    7.128861315281E-03,7.203885404752E-03,7.278909494222E-03,
    7.353933583692E-03,7.428957673162E-03,7.503981762632E-03,
    7.579005852103E-03,7.654029941573E-03,7.729054031043E-03,
    7.804078120513E-03,7.879102209983E-03,7.954126299453E-03,
    8.029150388924E-03,8.104174478394E-03,8.179198567864E-03,
    8.254222657334E-03,8.329246746804E-03,8.404270836275E-03,
    8.479294925745E-03,8.554319015215E-03,8.629343104685E-03,
    8.704367194155E-03,8.779391283625E-03,8.854415373096E-03,
    8.929439462566E-03,9.004463552036E-03,9.079487641506E-03,
    9.154511730976E-03,9.229535820446E-03,9.304559909917E-03,
    9.379583999387E-03,9.454608088857E-03,9.529632178327E-03,
    9.604656267797E-03,9.679680357268E-03,9.754704446738E-03,
    9.829728536208E-03,9.904752625678E-03),.QUASI_UNIFORM_KNOTS.);
#1732 = CARTESIAN_POINT('',(3.446285307605,4.));
#1733 = CARTESIAN_POINT('',(3.446285307613,4.025006190707));
#1734 = CARTESIAN_POINT('',(3.446147208715,4.075062561787));
#1735 = CARTESIAN_POINT('',(3.4455306174,4.150156085241));
#1736 = CARTESIAN_POINT('',(3.444509438684,4.225135570373));
#1737 = CARTESIAN_POINT('',(3.443088521863,4.299878022473));
#1738 = CARTESIAN_POINT('',(3.441272707528,4.374260408044));
#1739 = CARTESIAN_POINT('',(3.439066814692,4.448159838289));
#1740 = CARTESIAN_POINT('',(3.4364756753,4.521452884399));
#1741 = CARTESIAN_POINT('',(3.433503999967,4.59401813291));
#1742 = CARTESIAN_POINT('',(3.430156880809,4.665726648992));
#1743 = CARTESIAN_POINT('',(3.426437923274,4.736477567933));
#1744 = CARTESIAN_POINT('',(3.422356232557,4.80606526592));
#1745 = CARTESIAN_POINT('',(3.417900359629,4.874675085424));
#1746 = CARTESIAN_POINT('',(3.413072129568,4.942413868624));
#1747 = CARTESIAN_POINT('',(3.407893816324,5.00899858469));
#1748 = CARTESIAN_POINT('',(3.402382330985,5.074247135422));
#1749 = CARTESIAN_POINT('',(3.396555277017,5.137963565105));
#1750 = CARTESIAN_POINT('',(3.390432512923,5.199906415458));
#1751 = CARTESIAN_POINT('',(3.384019129271,5.260193201208));
#1752 = CARTESIAN_POINT('',(3.37731407717,5.318825259788));
#1753 = CARTESIAN_POINT('',(3.370317726657,5.375807650253));
#1754 = CARTESIAN_POINT('',(3.363030748633,5.431134582354));
#1755 = CARTESIAN_POINT('',(3.355450686671,5.484839941433));
#1756 = CARTESIAN_POINT('',(3.347586788249,5.53680975977));
#1757 = CARTESIAN_POINT('',(3.339468349537,5.586829670004));
#1758 = CARTESIAN_POINT('',(3.331112622785,5.634833970239));
#1759 = CARTESIAN_POINT('',(3.322540473867,5.680714439576));
#1760 = CARTESIAN_POINT('',(3.313769863455,5.724384267671));
#1761 = CARTESIAN_POINT('',(3.304826182791,5.765713520956));
#1762 = CARTESIAN_POINT('',(3.295679972331,5.804893538115));
#1763 = CARTESIAN_POINT('',(3.286334366429,5.84187331582));
#1764 = CARTESIAN_POINT('',(3.276788067028,5.876630267991));
#1765 = CARTESIAN_POINT('',(3.267046987855,5.909116811024));
#1766 = CARTESIAN_POINT('',(3.257091981157,5.93935693416));
#1767 = CARTESIAN_POINT('',(3.246996281992,5.967113332784));
#1768 = CARTESIAN_POINT('',(3.236832380775,5.992194839861));
#1769 = CARTESIAN_POINT('',(3.2265802114,6.014670926323));
#1770 = CARTESIAN_POINT('',(3.216244645069,6.034541785866));
#1771 = CARTESIAN_POINT('',(3.205823038341,6.051824083163));
#1772 = CARTESIAN_POINT('',(3.195317547736,6.066537876216));
#1773 = CARTESIAN_POINT('',(3.184686349948,6.078655696915));
#1774 = CARTESIAN_POINT('',(3.173968543025,6.088140439835));
#1775 = CARTESIAN_POINT('',(3.163192209003,6.094959022842));
#1776 = CARTESIAN_POINT('',(3.1523883686,6.099077285398));
#1777 = CARTESIAN_POINT('',(3.14518755763,6.1));
#1778 = CARTESIAN_POINT('',(3.14159265359,6.1));
#1779 = ( GEOMETRIC_REPRESENTATION_CONTEXT(2) 
PARAMETRIC_REPRESENTATION_CONTEXT() REPRESENTATION_CONTEXT('2D SPACE',''
  ) );
#1780 = PCURVE('',#741,#1781);
#1781 = DEFINITIONAL_REPRESENTATION('',(#1782),#1830);
#1782 = B_SPLINE_CURVE_WITH_KNOTS('',3,(#1783,#1784,#1785,#1786,#1787,
    #1788,#1789,#1790,#1791,#1792,#1793,#1794,#1795,#1796,#1797,#1798,
    #1799,#1800,#1801,#1802,#1803,#1804,#1805,#1806,#1807,#1808,#1809,
    #1810,#1811,#1812,#1813,#1814,#1815,#1816,#1817,#1818,#1819,#1820,
    #1821,#1822,#1823,#1824,#1825,#1826,#1827,#1828,#1829),
  .UNSPECIFIED.,.F.,.F.,(4,1,1,1,1,1,1,1,1,1,1,1,1,1,1,1,1,1,1,1,1,1,1,1
    ,1,1,1,1,1,1,1,1,1,1,1,1,1,1,1,1,1,1,1,1,4),(6.60369268899E-03,
    6.67871677846E-03,6.753740867931E-03,6.828764957401E-03,
    6.903789046871E-03,6.978813136341E-03,7.053837225811E-03,
    7.128861315281E-03,7.203885404752E-03,7.278909494222E-03,
    7.353933583692E-03,7.428957673162E-03,7.503981762632E-03,
    7.579005852103E-03,7.654029941573E-03,7.729054031043E-03,
    7.804078120513E-03,7.879102209983E-03,7.954126299453E-03,
    8.029150388924E-03,8.104174478394E-03,8.179198567864E-03,
    8.254222657334E-03,8.329246746804E-03,8.404270836275E-03,
    8.479294925745E-03,8.554319015215E-03,8.629343104685E-03,
    8.704367194155E-03,8.779391283625E-03,8.854415373096E-03,
    8.929439462566E-03,9.004463552036E-03,9.079487641506E-03,
    9.154511730976E-03,9.229535820446E-03,9.304559909917E-03,
    9.379583999387E-03,9.454608088857E-03,9.529632178327E-03,
    9.604656267797E-03,9.679680357268E-03,9.754704446738E-03,
    9.829728536208E-03,9.904752625678E-03),.QUASI_UNIFORM_KNOTS.);
#1783 = CARTESIAN_POINT('',(3.14159265359,-6.677574409919));
#1784 = CARTESIAN_POINT('',(3.129685098941,-6.677574409919));
#1785 = CARTESIAN_POINT('',(3.105848442501,-6.67787406122));
#1786 = CARTESIAN_POINT('',(3.07004101027,-6.679195754918));
#1787 = CARTESIAN_POINT('',(3.03419268544,-6.68136292806));
#1788 = CARTESIAN_POINT('',(2.998317259061,-6.684348843841));
#1789 = CARTESIAN_POINT('',(2.962429499767,-6.688126763607));
#1790 = CARTESIAN_POINT('',(2.926544878276,-6.692669955609));
#1791 = CARTESIAN_POINT('',(2.890679428,-6.697951662329));
#1792 = CARTESIAN_POINT('',(2.854848036812,-6.703945222415));
#1793 = CARTESIAN_POINT('',(2.819068862938,-6.71062361562));
#1794 = CARTESIAN_POINT('',(2.783344835356,-6.717961161113));
#1795 = CARTESIAN_POINT('',(2.747730730771,-6.725927179296));
#1796 = CARTESIAN_POINT('',(2.712080923005,-6.734509646219));
#1797 = CARTESIAN_POINT('',(2.676301235578,-6.743654177931));
#1798 = CARTESIAN_POINT('',(2.640497592427,-6.753287840312));
#1799 = CARTESIAN_POINT('',(2.604725436586,-6.763342328829));
#1800 = CARTESIAN_POINT('',(2.569047559642,-6.77374937077));
#1801 = CARTESIAN_POINT('',(2.533546999205,-6.784435936556));
#1802 = CARTESIAN_POINT('',(2.498139170116,-6.795359788368));
#1803 = CARTESIAN_POINT('',(2.462775374827,-6.806480305191));
#1804 = CARTESIAN_POINT('',(2.427407205871,-6.817755587594));
#1805 = CARTESIAN_POINT('',(2.391990888309,-6.829142219837));
#1806 = CARTESIAN_POINT('',(2.356462555799,-6.840604129821));
#1807 = CARTESIAN_POINT('',(2.320835033423,-6.852077387201));
#1808 = CARTESIAN_POINT('',(2.285200151841,-6.863474586014));
#1809 = CARTESIAN_POINT('',(2.249574375332,-6.874736432679));
#1810 = CARTESIAN_POINT('',(2.213997539306,-6.885795400499));
#1811 = CARTESIAN_POINT('',(2.178496042273,-6.896588782846));
#1812 = CARTESIAN_POINT('',(2.143127429571,-6.907042825942));
#1813 = CARTESIAN_POINT('',(2.107716045864,-6.917163691282));
#1814 = CARTESIAN_POINT('',(2.072239083457,-6.926906965954));
#1815 = CARTESIAN_POINT('',(2.036652830003,-6.93623391699));
#1816 = CARTESIAN_POINT('',(2.000939936167,-6.945099264407));
#1817 = CARTESIAN_POINT('',(1.96499287833,-6.953478236339));
#1818 = CARTESIAN_POINT('',(1.929034244032,-6.961270575465));
#1819 = CARTESIAN_POINT('',(1.893277314406,-6.968398320459));
#1820 = CARTESIAN_POINT('',(1.857604724204,-6.974858898542));
#1821 = CARTESIAN_POINT('',(1.821988541135,-6.980629567998));
#1822 = CARTESIAN_POINT('',(1.786375091363,-6.985692874319));
#1823 = CARTESIAN_POINT('',(1.75072775656,-6.990030383093));
#1824 = CARTESIAN_POINT('',(1.714869500657,-6.993619568051));
#1825 = CARTESIAN_POINT('',(1.678888728581,-6.996443023881));
#1826 = CARTESIAN_POINT('',(1.642838651397,-6.998482744594));
#1827 = CARTESIAN_POINT('',(1.606782178293,-6.999720885209));
#1828 = CARTESIAN_POINT('',(1.582779200044,-7.));
#1829 = CARTESIAN_POINT('',(1.570796326795,-7.));
#1830 = ( GEOMETRIC_REPRESENTATION_CONTEXT(2) 
PARAMETRIC_REPRESENTATION_CONTEXT() REPRESENTATION_CONTEXT('2D SPACE',''
  ) );
#1831 = ORIENTED_EDGE('',*,*,#877,.F.);
#1832 = ORIENTED_EDGE('',*,*,#1833,.F.);
#1833 = EDGE_CURVE('',#22,#754,#1834,.T.);
#1834 = SURFACE_CURVE('',#1835,(#1839,#1846),.PCURVE_S1.);
#1835 = LINE('',#1836,#1837);
#1836 = CARTESIAN_POINT('',(4.187921833279E-15,15.,7.));
#1837 = VECTOR('',#1838,1.);
#1838 = DIRECTION('',(-2.22044604925E-16,-1.,0.));
#1839 = PCURVE('',#132,#1840);
#1840 = DEFINITIONAL_REPRESENTATION('',(#1841),#1845);
#1841 = LINE('',#1842,#1843);
#1842 = CARTESIAN_POINT('',(3.14159265359,0.));
#1843 = VECTOR('',#1844,1.);
#1844 = DIRECTION('',(0.,1.));
#1845 = ( GEOMETRIC_REPRESENTATION_CONTEXT(2) 
PARAMETRIC_REPRESENTATION_CONTEXT() REPRESENTATION_CONTEXT('2D SPACE',''
  ) );
#1846 = PCURVE('',#243,#1847);
#1847 = DEFINITIONAL_REPRESENTATION('',(#1848),#1852);
#1848 = LINE('',#1849,#1850);
#1849 = CARTESIAN_POINT('',(3.14159265359,0.));
#1850 = VECTOR('',#1851,1.);
#1851 = DIRECTION('',(0.,1.));
#1852 = ( GEOMETRIC_REPRESENTATION_CONTEXT(2) 
PARAMETRIC_REPRESENTATION_CONTEXT() REPRESENTATION_CONTEXT('2D SPACE',''
  ) );
#1853 = ORIENTED_EDGE('',*,*,#117,.F.);
#1854 = ADVANCED_FACE('',(#1855),#579,.F.);
#1855 = FACE_BOUND('',#1856,.F.);
#1856 = EDGE_LOOP('',(#1857,#1880,#1881,#1882));
#1857 = ORIENTED_EDGE('',*,*,#1858,.F.);
#1858 = EDGE_CURVE('',#488,#1859,#1861,.T.);
#1859 = VERTEX_POINT('',#1860);
#1860 = CARTESIAN_POINT('',(6.538348415311,14.5,-2.5));
#1861 = SURFACE_CURVE('',#1862,(#1866,#1873),.PCURVE_S1.);
#1862 = LINE('',#1863,#1864);
#1863 = CARTESIAN_POINT('',(6.538348415311,-15.,-2.5));
#1864 = VECTOR('',#1865,1.);
#1865 = DIRECTION('',(2.22044604925E-16,1.,-0.));
#1866 = PCURVE('',#579,#1867);
#1867 = DEFINITIONAL_REPRESENTATION('',(#1868),#1872);
#1868 = LINE('',#1869,#1870);
#1869 = CARTESIAN_POINT('',(1.205589105505,30.));
#1870 = VECTOR('',#1871,1.);
#1871 = DIRECTION('',(0.,-1.));
#1872 = ( GEOMETRIC_REPRESENTATION_CONTEXT(2) 
PARAMETRIC_REPRESENTATION_CONTEXT() REPRESENTATION_CONTEXT('2D SPACE',''
  ) );
#1873 = PCURVE('',#528,#1874);
#1874 = DEFINITIONAL_REPRESENTATION('',(#1875),#1879);
#1875 = LINE('',#1876,#1877);
#1876 = CARTESIAN_POINT('',(0.,0.));
#1877 = VECTOR('',#1878,1.);
#1878 = DIRECTION('',(1.,0.));
#1879 = ( GEOMETRIC_REPRESENTATION_CONTEXT(2) 
PARAMETRIC_REPRESENTATION_CONTEXT() REPRESENTATION_CONTEXT('2D SPACE',''
  ) );
#1880 = ORIENTED_EDGE('',*,*,#564,.F.);
#1881 = ORIENTED_EDGE('',*,*,#1665,.F.);
#1882 = ORIENTED_EDGE('',*,*,#1883,.F.);
#1883 = EDGE_CURVE('',#1859,#90,#1884,.T.);
#1884 = SURFACE_CURVE('',#1885,(#1890,#1897),.PCURVE_S1.);
#1885 = CIRCLE('',#1886,7.);
#1886 = AXIS2_PLACEMENT_3D('',#1887,#1888,#1889);
#1887 = CARTESIAN_POINT('',(3.219646771413E-15,14.5,0.));
#1888 = DIRECTION('',(2.22044604925E-16,1.,-0.));
#1889 = DIRECTION('',(0.,0.,1.));
#1890 = PCURVE('',#579,#1891);
#1891 = DEFINITIONAL_REPRESENTATION('',(#1892),#1896);
#1892 = LINE('',#1893,#1894);
#1893 = CARTESIAN_POINT('',(3.14159265359,0.5));
#1894 = VECTOR('',#1895,1.);
#1895 = DIRECTION('',(-1.,0.));
#1896 = ( GEOMETRIC_REPRESENTATION_CONTEXT(2) 
PARAMETRIC_REPRESENTATION_CONTEXT() REPRESENTATION_CONTEXT('2D SPACE',''
  ) );
#1897 = PCURVE('',#105,#1898);
#1898 = DEFINITIONAL_REPRESENTATION('',(#1899),#1903);
#1899 = LINE('',#1900,#1901);
#1900 = CARTESIAN_POINT('',(0.,-0.5));
#1901 = VECTOR('',#1902,1.);
#1902 = DIRECTION('',(1.,0.));
#1903 = ( GEOMETRIC_REPRESENTATION_CONTEXT(2) 
PARAMETRIC_REPRESENTATION_CONTEXT() REPRESENTATION_CONTEXT('2D SPACE',''
  ) );
#1904 = ADVANCED_FACE('',(#1905,#2088),#334,.T.);
#1905 = FACE_BOUND('',#1906,.T.);
#1906 = EDGE_LOOP('',(#1907,#2087));
#1907 = ORIENTED_EDGE('',*,*,#1908,.T.);
#1908 = EDGE_CURVE('',#1155,#1223,#1909,.T.);
#1909 = SURFACE_CURVE('',#1910,(#1941,#2014),.PCURVE_S1.);
#1910 = B_SPLINE_CURVE_WITH_KNOTS('',3,(#1911,#1912,#1913,#1914,#1915,
    #1916,#1917,#1918,#1919,#1920,#1921,#1922,#1923,#1924,#1925,#1926,
    #1927,#1928,#1929,#1930,#1931,#1932,#1933,#1934,#1935,#1936,#1937,
    #1938,#1939,#1940),.UNSPECIFIED.,.F.,.F.,(4,2,2,2,2,2,2,2,2,2,2,2,2,
    2,4),(0.,4.11075975738E-04,8.221519514759E-04,1.233227927214E-03,
    1.644303902952E-03,2.466455854428E-03,3.288607805904E-03,
    3.699683781642E-03,4.11075975738E-03,4.521835733118E-03,
    4.932911708855E-03,5.343987684593E-03,5.755063660331E-03,
    6.166139636069E-03,6.577215611807E-03),.UNSPECIFIED.);
#1911 = CARTESIAN_POINT('',(12.322337440599,11.,-2.1));
#1912 = CARTESIAN_POINT('',(12.322337440599,10.860982166774,-2.1));
#1913 = CARTESIAN_POINT('',(12.324688749032,10.724337917529,
    -2.086332406704));
#1914 = CARTESIAN_POINT('',(12.333626755528,10.45558676737,
    -2.032827274294));
#1915 = CARTESIAN_POINT('',(12.340320241134,10.32206878205,
    -1.992322322937));
#1916 = CARTESIAN_POINT('',(12.356892858341,10.067858275238,
    -1.886809682957));
#1917 = CARTESIAN_POINT('',(12.366698150582,9.947329451094,
    -1.822278859258));
#1918 = CARTESIAN_POINT('',(12.388199549105,9.719226715863,
    -1.669860868478));
#1919 = CARTESIAN_POINT('',(12.399956992988,9.611424045062,
    -1.58131332349));
#1920 = CARTESIAN_POINT('',(12.434658492769,9.321437862174,
    -1.291204549317));
#1921 = CARTESIAN_POINT('',(12.457780254945,9.16505996307,
    -1.057258788294));
#1922 = CARTESIAN_POINT('',(12.49037116071,8.955473700116,
    -0.552008418085));
#1923 = CARTESIAN_POINT('',(12.499982530906,8.900103982708,
    -0.275280206313));
#1924 = CARTESIAN_POINT('',(12.500008696684,8.899948234022,
    0.136448521674));
#1925 = CARTESIAN_POINT('',(12.497682559306,8.913670248196,
    0.275884280342));
#1926 = CARTESIAN_POINT('',(12.488823108464,8.967414180266,0.54541622163
    ));
#1927 = CARTESIAN_POINT('',(12.48233498196,9.007162880672,0.676447864558
    ));
#1928 = CARTESIAN_POINT('',(12.465932781251,9.112622642668,
    0.931014612489));
#1929 = CARTESIAN_POINT('',(12.456039440209,9.178303920314,
    1.053615289125));
#1930 = CARTESIAN_POINT('',(12.434726328147,9.330246447343,
    1.280860982936));
#1931 = CARTESIAN_POINT('',(12.423181575897,9.417324086403,
    1.387175274418));
#1932 = CARTESIAN_POINT('',(12.399786735136,9.612868551068,1.58271432445
    ));
#1933 = CARTESIAN_POINT('',(12.388260222728,9.718678394296,
    1.669401441924));
#1934 = CARTESIAN_POINT('',(12.366822999615,9.945910433109,
    1.821422909847));
#1935 = CARTESIAN_POINT('',(12.356820120551,10.068834188153,
    1.88728305005));
#1936 = CARTESIAN_POINT('',(12.340276596836,10.322879062559,
    1.992589851484));
#1937 = CARTESIAN_POINT('',(12.333700931659,10.453797208293,
    2.032379639965));
#1938 = CARTESIAN_POINT('',(12.324703541885,10.723456669919,
    2.086247415145));
#1939 = CARTESIAN_POINT('',(12.322337440599,10.862815670531,2.1));
#1940 = CARTESIAN_POINT('',(12.322337440599,11.,2.1));
#1941 = PCURVE('',#334,#1942);
#1942 = DEFINITIONAL_REPRESENTATION('',(#1943),#2013);
#1943 = B_SPLINE_CURVE_WITH_KNOTS('',3,(#1944,#1945,#1946,#1947,#1948,
    #1949,#1950,#1951,#1952,#1953,#1954,#1955,#1956,#1957,#1958,#1959,
    #1960,#1961,#1962,#1963,#1964,#1965,#1966,#1967,#1968,#1969,#1970,
    #1971,#1972,#1973,#1974,#1975,#1976,#1977,#1978,#1979,#1980,#1981,
    #1982,#1983,#1984,#1985,#1986,#1987,#1988,#1989,#1990,#1991,#1992,
    #1993,#1994,#1995,#1996,#1997,#1998,#1999,#2000,#2001,#2002,#2003,
    #2004,#2005,#2006,#2007,#2008,#2009,#2010,#2011,#2012),
  .UNSPECIFIED.,.F.,.F.,(4,1,1,1,1,1,1,1,1,1,1,1,1,1,1,1,1,1,1,1,1,1,1,1
    ,1,1,1,1,1,1,1,1,1,1,1,1,1,1,1,1,1,1,1,1,1,1,1,1,1,1,1,1,1,1,1,1,1,1
    ,1,1,1,1,1,1,1,1,4),(0.,9.965478199708E-05,1.993095639942E-04,
    2.989643459912E-04,3.986191279883E-04,4.982739099854E-04,
    5.979286919825E-04,6.975834739796E-04,7.972382559766E-04,
    8.968930379737E-04,9.965478199708E-04,1.096202601968E-03,
    1.195857383965E-03,1.295512165962E-03,1.395166947959E-03,
    1.494821729956E-03,1.594476511953E-03,1.69413129395E-03,
    1.793786075947E-03,1.893440857945E-03,1.993095639942E-03,
    2.092750421939E-03,2.192405203936E-03,2.292059985933E-03,
    2.39171476793E-03,2.491369549927E-03,2.591024331924E-03,
    2.690679113921E-03,2.790333895918E-03,2.889988677915E-03,
    2.989643459912E-03,3.089298241909E-03,3.188953023907E-03,
    3.288607805904E-03,3.388262587901E-03,3.487917369898E-03,
    3.587572151895E-03,3.687226933892E-03,3.786881715889E-03,
    3.886536497886E-03,3.986191279883E-03,4.08584606188E-03,
    4.185500843877E-03,4.285155625874E-03,4.384810407872E-03,
    4.484465189869E-03,4.584119971866E-03,4.683774753863E-03,
    4.78342953586E-03,4.883084317857E-03,4.982739099854E-03,
    5.082393881851E-03,5.182048663848E-03,5.281703445845E-03,
    5.381358227842E-03,5.481013009839E-03,5.580667791836E-03,
    5.680322573834E-03,5.779977355831E-03,5.879632137828E-03,
    5.979286919825E-03,6.078941701822E-03,6.178596483819E-03,
    6.278251265816E-03,6.377906047813E-03,6.47756082981E-03,
    6.577215611807E-03),.QUASI_UNIFORM_KNOTS.);
#1944 = CARTESIAN_POINT('',(1.401995845777,4.));
#1945 = CARTESIAN_POINT('',(1.401995845889,4.033701292903));
#1946 = CARTESIAN_POINT('',(1.402126272368,4.100825485865));
#1947 = CARTESIAN_POINT('',(1.402708808818,4.200680201617));
#1948 = CARTESIAN_POINT('',(1.403674607512,4.299728401145));
#1949 = CARTESIAN_POINT('',(1.405017417536,4.397920057725));
#1950 = CARTESIAN_POINT('',(1.406740717305,4.495484028774));
#1951 = CARTESIAN_POINT('',(1.408851036014,4.592427447552));
#1952 = CARTESIAN_POINT('',(1.411332928548,4.688149020905));
#1953 = CARTESIAN_POINT('',(1.414177636312,4.782221837984));
#1954 = CARTESIAN_POINT('',(1.417370797169,4.874105616418));
#1955 = CARTESIAN_POINT('',(1.420894913052,4.963645675909));
#1956 = CARTESIAN_POINT('',(1.424752629133,5.050892329281));
#1957 = CARTESIAN_POINT('',(1.428940968691,5.135831393406));
#1958 = CARTESIAN_POINT('',(1.433462174037,5.218520050848));
#1959 = CARTESIAN_POINT('',(1.438318407499,5.298784887099));
#1960 = CARTESIAN_POINT('',(1.443473895011,5.37615034628));
#1961 = CARTESIAN_POINT('',(1.448902939854,5.450239544843));
#1962 = CARTESIAN_POINT('',(1.454568347403,5.520526522554));
#1963 = CARTESIAN_POINT('',(1.460512458256,5.587519224694));
#1964 = CARTESIAN_POINT('',(1.466710752418,5.651009359636));
#1965 = CARTESIAN_POINT('',(1.473145753169,5.710854471245));
#1966 = CARTESIAN_POINT('',(1.47979809355,5.76689416643));
#1967 = CARTESIAN_POINT('',(1.486649165452,5.818973964433));
#1968 = CARTESIAN_POINT('',(1.493679498382,5.866933672119));
#1969 = CARTESIAN_POINT('',(1.500872645272,5.910630033527));
#1970 = CARTESIAN_POINT('',(1.508201317804,5.949857756371));
#1971 = CARTESIAN_POINT('',(1.515686135685,5.98467994994));
#1972 = CARTESIAN_POINT('',(1.523311160062,6.015076073894));
#1973 = CARTESIAN_POINT('',(1.531052564707,6.040972478614));
#1974 = CARTESIAN_POINT('',(1.5388885556,6.062309729272));
#1975 = CARTESIAN_POINT('',(1.546797107681,6.07902464116));
#1976 = CARTESIAN_POINT('',(1.554755173571,6.091054814297));
#1977 = CARTESIAN_POINT('',(1.562744194535,6.098338459676));
#1978 = CARTESIAN_POINT('',(1.570728934746,6.100810559665));
#1979 = CARTESIAN_POINT('',(1.578736721175,6.098418400161));
#1980 = CARTESIAN_POINT('',(1.586770263107,6.091224051895));
#1981 = CARTESIAN_POINT('',(1.594770421883,6.079281216543));
#1982 = CARTESIAN_POINT('',(1.602692368627,6.062633053748));
#1983 = CARTESIAN_POINT('',(1.610495795403,6.041373260344));
#1984 = CARTESIAN_POINT('',(1.618199867902,6.015583495401));
#1985 = CARTESIAN_POINT('',(1.625799983737,5.985230396842));
#1986 = CARTESIAN_POINT('',(1.633298086361,5.950316821304));
#1987 = CARTESIAN_POINT('',(1.640692345169,5.9108111341));
#1988 = CARTESIAN_POINT('',(1.647932383033,5.866900915209));
#1989 = CARTESIAN_POINT('',(1.654993127864,5.818825131167));
#1990 = CARTESIAN_POINT('',(1.661844453087,5.766803641881));
#1991 = CARTESIAN_POINT('',(1.668455258098,5.711083072315));
#1992 = CARTESIAN_POINT('',(1.674863550314,5.651437793302));
#1993 = CARTESIAN_POINT('',(1.681053709902,5.587935952729));
#1994 = CARTESIAN_POINT('',(1.687017094955,5.520630485021));
#1995 = CARTESIAN_POINT('',(1.692751651612,5.449452706721));
#1996 = CARTESIAN_POINT('',(1.698168982975,5.375536365304));
#1997 = CARTESIAN_POINT('',(1.703280850508,5.298796144694));
#1998 = CARTESIAN_POINT('',(1.708087321026,5.219262864129));
#1999 = CARTESIAN_POINT('',(1.712590321607,5.137017265039));
#2000 = CARTESIAN_POINT('',(1.716800838551,5.051623330839));
#2001 = CARTESIAN_POINT('',(1.720694601019,4.963568909114));
#2002 = CARTESIAN_POINT('',(1.7242515246,4.873285975688));
#2003 = CARTESIAN_POINT('',(1.727446402737,4.781230490557));
#2004 = CARTESIAN_POINT('',(1.730272319759,4.687824789743));
#2005 = CARTESIAN_POINT('',(1.732732827805,4.59303910248));
#2006 = CARTESIAN_POINT('',(1.734826000823,4.496871237694));
#2007 = CARTESIAN_POINT('',(1.736553904006,4.399351587405));
#2008 = CARTESIAN_POINT('',(1.737907597248,4.300343543835));
#2009 = CARTESIAN_POINT('',(1.738879198156,4.200373172506));
#2010 = CARTESIAN_POINT('',(1.739465601022,4.100026157551));
#2011 = CARTESIAN_POINT('',(1.739596807698,4.033256807144));
#2012 = CARTESIAN_POINT('',(1.739596807812,4.));
#2013 = ( GEOMETRIC_REPRESENTATION_CONTEXT(2) 
PARAMETRIC_REPRESENTATION_CONTEXT() REPRESENTATION_CONTEXT('2D SPACE',''
  ) );
#2014 = PCURVE('',#1177,#2015);
#2015 = DEFINITIONAL_REPRESENTATION('',(#2016),#2086);
#2016 = B_SPLINE_CURVE_WITH_KNOTS('',3,(#2017,#2018,#2019,#2020,#2021,
    #2022,#2023,#2024,#2025,#2026,#2027,#2028,#2029,#2030,#2031,#2032,
    #2033,#2034,#2035,#2036,#2037,#2038,#2039,#2040,#2041,#2042,#2043,
    #2044,#2045,#2046,#2047,#2048,#2049,#2050,#2051,#2052,#2053,#2054,
    #2055,#2056,#2057,#2058,#2059,#2060,#2061,#2062,#2063,#2064,#2065,
    #2066,#2067,#2068,#2069,#2070,#2071,#2072,#2073,#2074,#2075,#2076,
    #2077,#2078,#2079,#2080,#2081,#2082,#2083,#2084,#2085),
  .UNSPECIFIED.,.F.,.F.,(4,1,1,1,1,1,1,1,1,1,1,1,1,1,1,1,1,1,1,1,1,1,1,1
    ,1,1,1,1,1,1,1,1,1,1,1,1,1,1,1,1,1,1,1,1,1,1,1,1,1,1,1,1,1,1,1,1,1,1
    ,1,1,1,1,1,1,1,1,4),(0.,9.965478199708E-05,1.993095639942E-04,
    2.989643459912E-04,3.986191279883E-04,4.982739099854E-04,
    5.979286919825E-04,6.975834739796E-04,7.972382559766E-04,
    8.968930379737E-04,9.965478199708E-04,1.096202601968E-03,
    1.195857383965E-03,1.295512165962E-03,1.395166947959E-03,
    1.494821729956E-03,1.594476511953E-03,1.69413129395E-03,
    1.793786075947E-03,1.893440857945E-03,1.993095639942E-03,
    2.092750421939E-03,2.192405203936E-03,2.292059985933E-03,
    2.39171476793E-03,2.491369549927E-03,2.591024331924E-03,
    2.690679113921E-03,2.790333895918E-03,2.889988677915E-03,
    2.989643459912E-03,3.089298241909E-03,3.188953023907E-03,
    3.288607805904E-03,3.388262587901E-03,3.487917369898E-03,
    3.587572151895E-03,3.687226933892E-03,3.786881715889E-03,
    3.886536497886E-03,3.986191279883E-03,4.08584606188E-03,
    4.185500843877E-03,4.285155625874E-03,4.384810407872E-03,
    4.484465189869E-03,4.584119971866E-03,4.683774753863E-03,
    4.78342953586E-03,4.883084317857E-03,4.982739099854E-03,
    5.082393881851E-03,5.182048663848E-03,5.281703445845E-03,
    5.381358227842E-03,5.481013009839E-03,5.580667791836E-03,
    5.680322573834E-03,5.779977355831E-03,5.879632137828E-03,
    5.979286919825E-03,6.078941701822E-03,6.178596483819E-03,
    6.278251265816E-03,6.377906047813E-03,6.47756082981E-03,
    6.577215611807E-03),.QUASI_UNIFORM_KNOTS.);
#2017 = CARTESIAN_POINT('',(0.,-12.32233744059));
#2018 = CARTESIAN_POINT('',(1.60481536224E-02,-12.32233744059));
#2019 = CARTESIAN_POINT('',(4.801217366945E-02,-12.32261385575));
#2020 = CARTESIAN_POINT('',(9.567044174433E-02,-12.32383735213));
#2021 = CARTESIAN_POINT('',(0.143161616181,-12.32585095764));
#2022 = CARTESIAN_POINT('',(0.190565874677,-12.32863028238));
#2023 = CARTESIAN_POINT('',(0.238100524017,-12.3321718306));
#2024 = CARTESIAN_POINT('',(0.285886345762,-12.33645784953));
#2025 = CARTESIAN_POINT('',(0.333731665197,-12.34142479397));
#2026 = CARTESIAN_POINT('',(0.381533962077,-12.34702245248));
#2027 = CARTESIAN_POINT('',(0.429133985876,-12.35319123943));
#2028 = CARTESIAN_POINT('',(0.476533157818,-12.35985388945));
#2029 = CARTESIAN_POINT('',(0.523867529331,-12.36696799616));
#2030 = CARTESIAN_POINT('',(0.571232501049,-12.37448130488));
#2031 = CARTESIAN_POINT('',(0.618765189755,-12.38235105471));
#2032 = CARTESIAN_POINT('',(0.666515432969,-12.39051869273));
#2033 = CARTESIAN_POINT('',(0.714285800992,-12.39887265542));
#2034 = CARTESIAN_POINT('',(0.761947635718,-12.40731573518));
#2035 = CARTESIAN_POINT('',(0.809276956512,-12.41573437629));
#2036 = CARTESIAN_POINT('',(0.856736476974,-12.42411923946));
#2037 = CARTESIAN_POINT('',(0.904263237147,-12.43239278163));
#2038 = CARTESIAN_POINT('',(0.951841377184,-12.44048347102));
#2039 = CARTESIAN_POINT('',(0.999438386822,-12.44831813408));
#2040 = CARTESIAN_POINT('',(1.047025806453,-12.45582415307));
#2041 = CARTESIAN_POINT('',(1.094569683773,-12.46292832875));
#2042 = CARTESIAN_POINT('',(1.142057658013,-12.46955923214));
#2043 = CARTESIAN_POINT('',(1.189409716487,-12.47563893464));
#2044 = CARTESIAN_POINT('',(1.236863298153,-12.48111673855));
#2045 = CARTESIAN_POINT('',(1.284435952208,-12.48596775667));
#2046 = CARTESIAN_POINT('',(1.332087286949,-12.49015923838));
#2047 = CARTESIAN_POINT('',(1.379787913815,-12.49366051689));
#2048 = CARTESIAN_POINT('',(1.427505325498,-12.4964404535));
#2049 = CARTESIAN_POINT('',(1.475201362864,-12.49846771332));
#2050 = CARTESIAN_POINT('',(1.522866538184,-12.49971221819));
#2051 = CARTESIAN_POINT('',(1.570395312389,-12.50013905916));
#2052 = CARTESIAN_POINT('',(1.61806049396,-12.4997313937));
#2053 = CARTESIAN_POINT('',(1.665986594179,-12.49852310982));
#2054 = CARTESIAN_POINT('',(1.713923778401,-12.49653055689));
#2055 = CARTESIAN_POINT('',(1.761708837745,-12.49377306792));
#2056 = CARTESIAN_POINT('',(1.809205751889,-12.49027557993));
#2057 = CARTESIAN_POINT('',(1.856623879047,-12.48608076536));
#2058 = CARTESIAN_POINT('',(1.904045183996,-12.48121458674));
#2059 = CARTESIAN_POINT('',(1.951587255872,-12.47570841807));
#2060 = CARTESIAN_POINT('',(1.999350378714,-12.46958796966));
#2061 = CARTESIAN_POINT('',(2.04713273515,-12.46292957851));
#2062 = CARTESIAN_POINT('',(2.094859413023,-12.45581374021));
#2063 = CARTESIAN_POINT('',(2.14242866323,-12.44831922174));
#2064 = CARTESIAN_POINT('',(2.189730188718,-12.44052695459));
#2065 = CARTESIAN_POINT('',(2.237118909864,-12.43245525744));
#2066 = CARTESIAN_POINT('',(2.284607798491,-12.42417337164));
#2067 = CARTESIAN_POINT('',(2.332250252762,-12.41574554366));
#2068 = CARTESIAN_POINT('',(2.380169040916,-12.40722279684));
#2069 = CARTESIAN_POINT('',(2.427722449501,-12.39879856291));
#2070 = CARTESIAN_POINT('',(2.475096890398,-12.39051351598));
#2071 = CARTESIAN_POINT('',(2.522391602149,-12.38242486674));
#2072 = CARTESIAN_POINT('',(2.569689677912,-12.37458981041));
#2073 = CARTESIAN_POINT('',(2.617307864022,-12.36703706228));
#2074 = CARTESIAN_POINT('',(2.665083724064,-12.35985704415));
#2075 = CARTESIAN_POINT('',(2.712886311245,-12.35313415883));
#2076 = CARTESIAN_POINT('',(2.760565496053,-12.34696116164));
#2077 = CARTESIAN_POINT('',(2.808031532664,-12.34140025389));
#2078 = CARTESIAN_POINT('',(2.855412236698,-12.33647632972));
#2079 = CARTESIAN_POINT('',(2.90281424401,-12.33222500416));
#2080 = CARTESIAN_POINT('',(2.950333787081,-12.32867427211));
#2081 = CARTESIAN_POINT('',(2.998131939775,-12.32587278292));
#2082 = CARTESIAN_POINT('',(3.046065100712,-12.32384714354));
#2083 = CARTESIAN_POINT('',(3.093960784521,-12.32261553183));
#2084 = CARTESIAN_POINT('',(3.125756393061,-12.32233744059));
#2085 = CARTESIAN_POINT('',(3.14159265359,-12.32233744059));
#2086 = ( GEOMETRIC_REPRESENTATION_CONTEXT(2) 
PARAMETRIC_REPRESENTATION_CONTEXT() REPRESENTATION_CONTEXT('2D SPACE',''
  ) );
#2087 = ORIENTED_EDGE('',*,*,#1245,.T.);
#2088 = FACE_BOUND('',#2089,.T.);
#2089 = EDGE_LOOP('',(#2090,#2091,#2112,#2113,#2235,#2258,#2286));
#2090 = ORIENTED_EDGE('',*,*,#317,.T.);
#2091 = ORIENTED_EDGE('',*,*,#2092,.T.);
#2092 = EDGE_CURVE('',#290,#595,#2093,.T.);
#2093 = SURFACE_CURVE('',#2094,(#2098,#2105),.PCURVE_S1.);
#2094 = LINE('',#2095,#2096);
#2095 = CARTESIAN_POINT('',(4.86147757281E-15,15.,12.5));
#2096 = VECTOR('',#2097,1.);
#2097 = DIRECTION('',(-2.22044604925E-16,-1.,0.));
#2098 = PCURVE('',#334,#2099);
#2099 = DEFINITIONAL_REPRESENTATION('',(#2100),#2104);
#2100 = LINE('',#2101,#2102);
#2101 = CARTESIAN_POINT('',(3.14159265359,0.));
#2102 = VECTOR('',#2103,1.);
#2103 = DIRECTION('',(0.,1.));
#2104 = ( GEOMETRIC_REPRESENTATION_CONTEXT(2) 
PARAMETRIC_REPRESENTATION_CONTEXT() REPRESENTATION_CONTEXT('2D SPACE',''
  ) );
#2105 = PCURVE('',#1095,#2106);
#2106 = DEFINITIONAL_REPRESENTATION('',(#2107),#2111);
#2107 = LINE('',#2108,#2109);
#2108 = CARTESIAN_POINT('',(3.14159265359,0.));
#2109 = VECTOR('',#2110,1.);
#2110 = DIRECTION('',(0.,1.));
#2111 = ( GEOMETRIC_REPRESENTATION_CONTEXT(2) 
PARAMETRIC_REPRESENTATION_CONTEXT() REPRESENTATION_CONTEXT('2D SPACE',''
  ) );
#2112 = ORIENTED_EDGE('',*,*,#594,.T.);
#2113 = ORIENTED_EDGE('',*,*,#2114,.T.);
#2114 = EDGE_CURVE('',#597,#2115,#2117,.T.);
#2115 = VERTEX_POINT('',#2116);
#2116 = CARTESIAN_POINT('',(3.507005499207E-15,8.9,12.5));
#2117 = SURFACE_CURVE('',#2118,(#2133,#2184),.PCURVE_S1.);
#2118 = B_SPLINE_CURVE_WITH_KNOTS('',3,(#2119,#2120,#2121,#2122,#2123,
    #2124,#2125,#2126,#2127,#2128,#2129,#2130,#2131,#2132),
  .UNSPECIFIED.,.F.,.F.,(4,2,2,2,2,2,4),(0.,4.111751156309E-04,
    8.223502312619E-04,1.233525346893E-03,1.644700462524E-03,
    2.467050693786E-03,3.289400925047E-03),.UNSPECIFIED.);
#2119 = CARTESIAN_POINT('',(2.1,11.,12.322337440599));
#2120 = CARTESIAN_POINT('',(2.1,10.860948639607,12.322337440599));
#2121 = CARTESIAN_POINT('',(2.086325876677,10.724271997528,
    12.324689883052));
#2122 = CARTESIAN_POINT('',(2.032795087937,10.455458242652,
    12.33363208903));
#2123 = CARTESIAN_POINT('',(1.992270171352,10.321909108494,
    12.340328766595));
#2124 = CARTESIAN_POINT('',(1.886709137964,10.067650107778,
    12.356908316081));
#2125 = CARTESIAN_POINT('',(1.822148874987,9.947099946691,
    12.366717525498));
#2126 = CARTESIAN_POINT('',(1.669659985551,9.718961133484,
    12.388226846919));
#2127 = CARTESIAN_POINT('',(1.581074054857,9.611148493823,
    12.399987822863));
#2128 = CARTESIAN_POINT('',(1.290843419181,9.321149810206,
    12.434697260633));
#2129 = CARTESIAN_POINT('',(1.056801721674,9.164786732715,
    12.457820881417));
#2130 = CARTESIAN_POINT('',(0.551368749963,8.955292168325,
    12.490401254322));
#2131 = CARTESIAN_POINT('',(0.274558312995,8.9,12.5));
#2132 = CARTESIAN_POINT('',(3.507005499207E-15,8.9,12.5));
#2133 = PCURVE('',#334,#2134);
#2134 = DEFINITIONAL_REPRESENTATION('',(#2135),#2183);
#2135 = B_SPLINE_CURVE_WITH_KNOTS('',3,(#2136,#2137,#2138,#2139,#2140,
    #2141,#2142,#2143,#2144,#2145,#2146,#2147,#2148,#2149,#2150,#2151,
    #2152,#2153,#2154,#2155,#2156,#2157,#2158,#2159,#2160,#2161,#2162,
    #2163,#2164,#2165,#2166,#2167,#2168,#2169,#2170,#2171,#2172,#2173,
    #2174,#2175,#2176,#2177,#2178,#2179,#2180,#2181,#2182),
  .UNSPECIFIED.,.F.,.F.,(4,1,1,1,1,1,1,1,1,1,1,1,1,1,1,1,1,1,1,1,1,1,1,1
    ,1,1,1,1,1,1,1,1,1,1,1,1,1,1,1,1,1,1,1,1,4),(0.,7.47591119329E-05,
    1.495182238658E-04,2.242773357987E-04,2.990364477316E-04,
    3.737955596645E-04,4.485546715974E-04,5.233137835303E-04,
    5.980728954632E-04,6.728320073961E-04,7.47591119329E-04,
    8.223502312619E-04,8.971093431948E-04,9.718684551277E-04,
    1.046627567061E-03,1.121386678993E-03,1.196145790926E-03,
    1.270904902859E-03,1.345664014792E-03,1.420423126725E-03,
    1.495182238658E-03,1.569941350591E-03,1.644700462524E-03,
    1.719459574457E-03,1.79421868639E-03,1.868977798322E-03,
    1.943736910255E-03,2.018496022188E-03,2.093255134121E-03,
    2.168014246054E-03,2.242773357987E-03,2.31753246992E-03,
    2.392291581853E-03,2.467050693786E-03,2.541809805718E-03,
    2.616568917651E-03,2.691328029584E-03,2.766087141517E-03,
    2.84084625345E-03,2.915605365383E-03,2.990364477316E-03,
    3.065123589249E-03,3.139882701182E-03,3.214641813115E-03,
    3.289400925047E-03),.QUASI_UNIFORM_KNOTS.);
#2136 = CARTESIAN_POINT('',(2.972792172572,4.));
#2137 = CARTESIAN_POINT('',(2.972792172597,4.025282065526));
#2138 = CARTESIAN_POINT('',(2.97286556161,4.0756891991));
#2139 = CARTESIAN_POINT('',(2.973194034932,4.15083261376));
#2140 = CARTESIAN_POINT('',(2.973739145993,4.225512762342));
#2141 = CARTESIAN_POINT('',(2.974499055112,4.299732569352));
#2142 = CARTESIAN_POINT('',(2.975472251338,4.373499026886));
#2143 = CARTESIAN_POINT('',(2.976656000132,4.446803951789));
#2144 = CARTESIAN_POINT('',(2.978059837505,4.519880301575));
#2145 = CARTESIAN_POINT('',(2.979677633881,4.592474363586));
#2146 = CARTESIAN_POINT('',(2.981505319446,4.664400154777));
#2147 = CARTESIAN_POINT('',(2.98353786816,4.735451845548));
#2148 = CARTESIAN_POINT('',(2.985772043011,4.805435262912));
#2149 = CARTESIAN_POINT('',(2.988198431518,4.874129453984));
#2150 = CARTESIAN_POINT('',(2.990811677403,4.941518031856));
#2151 = CARTESIAN_POINT('',(2.993612573009,5.007609662986));
#2152 = CARTESIAN_POINT('',(2.996600273999,5.072407400093));
#2153 = CARTESIAN_POINT('',(2.999774388867,5.135911697489));
#2154 = CARTESIAN_POINT('',(3.003134406684,5.19813901685));
#2155 = CARTESIAN_POINT('',(3.006686252332,5.25905522288));
#2156 = CARTESIAN_POINT('',(3.010415231283,5.318461976266));
#2157 = CARTESIAN_POINT('',(3.014309233789,5.376184561593));
#2158 = CARTESIAN_POINT('',(3.018357165343,5.432062165019));
#2159 = CARTESIAN_POINT('',(3.022541367758,5.48585474251));
#2160 = CARTESIAN_POINT('',(3.02686951585,5.537625269237));
#2161 = CARTESIAN_POINT('',(3.031353593666,5.587547183799));
#2162 = CARTESIAN_POINT('',(3.035980216807,5.635490297406));
#2163 = CARTESIAN_POINT('',(3.040742812354,5.681405780105));
#2164 = CARTESIAN_POINT('',(3.045632995763,5.725222993981));
#2165 = CARTESIAN_POINT('',(3.050642890797,5.76687717413));
#2166 = CARTESIAN_POINT('',(3.055764482013,5.806301871565));
#2167 = CARTESIAN_POINT('',(3.060989895574,5.843431500626));
#2168 = CARTESIAN_POINT('',(3.066310935631,5.878198706418));
#2169 = CARTESIAN_POINT('',(3.071720671438,5.910542347667));
#2170 = CARTESIAN_POINT('',(3.077207567123,5.940378197849));
#2171 = CARTESIAN_POINT('',(3.08277739105,5.967708157817));
#2172 = CARTESIAN_POINT('',(3.08843442037,5.992573839474));
#2173 = CARTESIAN_POINT('',(3.094165651263,6.01493072966));
#2174 = CARTESIAN_POINT('',(3.099962706927,6.034757392355));
#2175 = CARTESIAN_POINT('',(3.105815970619,6.052026208041));
#2176 = CARTESIAN_POINT('',(3.111716161355,6.066711214062));
#2177 = CARTESIAN_POINT('',(3.117653915747,6.078786003805));
#2178 = CARTESIAN_POINT('',(3.123619904082,6.088224289618));
#2179 = CARTESIAN_POINT('',(3.129604804314,6.094999751972));
#2180 = CARTESIAN_POINT('',(3.135599310764,6.099086079881));
#2181 = CARTESIAN_POINT('',(3.139595867783,6.1));
#2182 = CARTESIAN_POINT('',(3.14159265359,6.1));
#2183 = ( GEOMETRIC_REPRESENTATION_CONTEXT(2) 
PARAMETRIC_REPRESENTATION_CONTEXT() REPRESENTATION_CONTEXT('2D SPACE',''
  ) );
#2184 = PCURVE('',#741,#2185);
#2185 = DEFINITIONAL_REPRESENTATION('',(#2186),#2234);
#2186 = B_SPLINE_CURVE_WITH_KNOTS('',3,(#2187,#2188,#2189,#2190,#2191,
    #2192,#2193,#2194,#2195,#2196,#2197,#2198,#2199,#2200,#2201,#2202,
    #2203,#2204,#2205,#2206,#2207,#2208,#2209,#2210,#2211,#2212,#2213,
    #2214,#2215,#2216,#2217,#2218,#2219,#2220,#2221,#2222,#2223,#2224,
    #2225,#2226,#2227,#2228,#2229,#2230,#2231,#2232,#2233),
  .UNSPECIFIED.,.F.,.F.,(4,1,1,1,1,1,1,1,1,1,1,1,1,1,1,1,1,1,1,1,1,1,1,1
    ,1,1,1,1,1,1,1,1,1,1,1,1,1,1,1,1,1,1,1,1,4),(0.,7.47591119329E-05,
    1.495182238658E-04,2.242773357987E-04,2.990364477316E-04,
    3.737955596645E-04,4.485546715974E-04,5.233137835303E-04,
    5.980728954632E-04,6.728320073961E-04,7.47591119329E-04,
    8.223502312619E-04,8.971093431948E-04,9.718684551277E-04,
    1.046627567061E-03,1.121386678993E-03,1.196145790926E-03,
    1.270904902859E-03,1.345664014792E-03,1.420423126725E-03,
    1.495182238658E-03,1.569941350591E-03,1.644700462524E-03,
    1.719459574457E-03,1.79421868639E-03,1.868977798322E-03,
    1.943736910255E-03,2.018496022188E-03,2.093255134121E-03,
    2.168014246054E-03,2.242773357987E-03,2.31753246992E-03,
    2.392291581853E-03,2.467050693786E-03,2.541809805718E-03,
    2.616568917651E-03,2.691328029584E-03,2.766087141517E-03,
    2.84084625345E-03,2.915605365383E-03,2.990364477316E-03,
    3.065123589249E-03,3.139882701182E-03,3.214641813115E-03,
    3.289400925047E-03),.QUASI_UNIFORM_KNOTS.);
#2187 = CARTESIAN_POINT('',(0.,-12.32233744059));
#2188 = CARTESIAN_POINT('',(1.203906579153E-02,-12.32233744059));
#2189 = CARTESIAN_POINT('',(3.60424764846E-02,-12.32249297472));
#2190 = CARTESIAN_POINT('',(7.187084535318E-02,-12.32318444072));
#2191 = CARTESIAN_POINT('',(0.107570217365,-12.32432566061));
#2192 = CARTESIAN_POINT('',(0.143187170981,-12.32590813022));
#2193 = CARTESIAN_POINT('',(0.178769885827,-12.32792369175));
#2194 = CARTESIAN_POINT('',(0.214356383314,-12.33036289515));
#2195 = CARTESIAN_POINT('',(0.250112189606,-12.33323522029));
#2196 = CARTESIAN_POINT('',(0.285958095554,-12.33651390513));
#2197 = CARTESIAN_POINT('',(0.321847559189,-12.34017736518));
#2198 = CARTESIAN_POINT('',(0.357723360483,-12.34420184583));
#2199 = CARTESIAN_POINT('',(0.393538246123,-12.34856709539));
#2200 = CARTESIAN_POINT('',(0.429221234682,-12.35324102061));
#2201 = CARTESIAN_POINT('',(0.464798397947,-12.35819366886));
#2202 = CARTESIAN_POINT('',(0.500321051443,-12.36340680438));
#2203 = CARTESIAN_POINT('',(0.535834367067,-12.36885912514));
#2204 = CARTESIAN_POINT('',(0.571383459889,-12.37452987722));
#2205 = CARTESIAN_POINT('',(0.607018324087,-12.38039918061));
#2206 = CARTESIAN_POINT('',(0.642791698344,-12.38644935495));
#2207 = CARTESIAN_POINT('',(0.678623634325,-12.39263367331));
#2208 = CARTESIAN_POINT('',(0.714449819719,-12.39890947972));
#2209 = CARTESIAN_POINT('',(0.750214844284,-12.40523501612));
#2210 = CARTESIAN_POINT('',(0.785809489383,-12.41156086197));
#2211 = CARTESIAN_POINT('',(0.821334734167,-12.41786734868));
#2212 = CARTESIAN_POINT('',(0.856947214027,-12.42414728418));
#2213 = CARTESIAN_POINT('',(0.892592987704,-12.43036362868));
#2214 = CARTESIAN_POINT('',(0.928272787486,-12.43648734018));
#2215 = CARTESIAN_POINT('',(0.963971393408,-12.44248723316));
#2216 = CARTESIAN_POINT('',(0.999677078364,-12.4483326984));
#2217 = CARTESIAN_POINT('',(1.035376697828,-12.453992965));
#2218 = CARTESIAN_POINT('',(1.071058162705,-12.45943733247));
#2219 = CARTESIAN_POINT('',(1.106707746053,-12.46463498038));
#2220 = CARTESIAN_POINT('',(1.142320660059,-12.46955549764));
#2221 = CARTESIAN_POINT('',(1.177863685453,-12.47416695578));
#2222 = CARTESIAN_POINT('',(1.213416268581,-12.47844308644));
#2223 = CARTESIAN_POINT('',(1.249056439353,-12.48237524763));
#2224 = CARTESIAN_POINT('',(1.284749577809,-12.48594913747));
#2225 = CARTESIAN_POINT('',(1.320489521003,-12.48915197063));
#2226 = CARTESIAN_POINT('',(1.35626123616,-12.49197055543));
#2227 = CARTESIAN_POINT('',(1.392051316363,-12.49439180908));
#2228 = CARTESIAN_POINT('',(1.427845675438,-12.49640261961));
#2229 = CARTESIAN_POINT('',(1.463630657354,-12.49798988285));
#2230 = CARTESIAN_POINT('',(1.499393298665,-12.49914049256));
#2231 = CARTESIAN_POINT('',(1.535121550527,-12.49984134304));
#2232 = CARTESIAN_POINT('',(1.558910831713,-12.5));
#2233 = CARTESIAN_POINT('',(1.570796326795,-12.5));
#2234 = ( GEOMETRIC_REPRESENTATION_CONTEXT(2) 
PARAMETRIC_REPRESENTATION_CONTEXT() REPRESENTATION_CONTEXT('2D SPACE',''
  ) );
#2235 = ORIENTED_EDGE('',*,*,#2236,.T.);
#2236 = EDGE_CURVE('',#2115,#2237,#2239,.T.);
#2237 = VERTEX_POINT('',#2238);
#2238 = CARTESIAN_POINT('',(3.085120733409E-15,7.,12.5));
#2239 = SURFACE_CURVE('',#2240,(#2244,#2251),.PCURVE_S1.);
#2240 = LINE('',#2241,#2242);
#2241 = CARTESIAN_POINT('',(4.86147757281E-15,15.,12.5));
#2242 = VECTOR('',#2243,1.);
#2243 = DIRECTION('',(-2.22044604925E-16,-1.,0.));
#2244 = PCURVE('',#334,#2245);
#2245 = DEFINITIONAL_REPRESENTATION('',(#2246),#2250);
#2246 = LINE('',#2247,#2248);
#2247 = CARTESIAN_POINT('',(3.14159265359,0.));
#2248 = VECTOR('',#2249,1.);
#2249 = DIRECTION('',(0.,1.));
#2250 = ( GEOMETRIC_REPRESENTATION_CONTEXT(2) 
PARAMETRIC_REPRESENTATION_CONTEXT() REPRESENTATION_CONTEXT('2D SPACE',''
  ) );
#2251 = PCURVE('',#1095,#2252);
#2252 = DEFINITIONAL_REPRESENTATION('',(#2253),#2257);
#2253 = LINE('',#2254,#2255);
#2254 = CARTESIAN_POINT('',(3.14159265359,0.));
#2255 = VECTOR('',#2256,1.);
#2256 = DIRECTION('',(0.,1.));
#2257 = ( GEOMETRIC_REPRESENTATION_CONTEXT(2) 
PARAMETRIC_REPRESENTATION_CONTEXT() REPRESENTATION_CONTEXT('2D SPACE',''
  ) );
#2258 = ORIENTED_EDGE('',*,*,#2259,.T.);
#2259 = EDGE_CURVE('',#2237,#2260,#2262,.T.);
#2260 = VERTEX_POINT('',#2261);
#2261 = CARTESIAN_POINT('',(1.554312234475E-15,7.,-12.5));
#2262 = SURFACE_CURVE('',#2263,(#2268,#2275),.PCURVE_S1.);
#2263 = CIRCLE('',#2264,12.5);
#2264 = AXIS2_PLACEMENT_3D('',#2265,#2266,#2267);
#2265 = CARTESIAN_POINT('',(1.554312234475E-15,7.,0.));
#2266 = DIRECTION('',(2.22044604925E-16,1.,0.));
#2267 = DIRECTION('',(0.,-0.,-1.));
#2268 = PCURVE('',#334,#2269);
#2269 = DEFINITIONAL_REPRESENTATION('',(#2270),#2274);
#2270 = LINE('',#2271,#2272);
#2271 = CARTESIAN_POINT('',(6.28318530718,8.));
#2272 = VECTOR('',#2273,1.);
#2273 = DIRECTION('',(-1.,0.));
#2274 = ( GEOMETRIC_REPRESENTATION_CONTEXT(2) 
PARAMETRIC_REPRESENTATION_CONTEXT() REPRESENTATION_CONTEXT('2D SPACE',''
  ) );
#2275 = PCURVE('',#1625,#2276);
#2276 = DEFINITIONAL_REPRESENTATION('',(#2277),#2285);
#2277 = ( BOUNDED_CURVE() B_SPLINE_CURVE(2,(#2278,#2279,#2280,#2281,
#2282,#2283,#2284),.UNSPECIFIED.,.T.,.F.) B_SPLINE_CURVE_WITH_KNOTS((1,2
    ,2,2,2,1),(-2.094395102393,0.,2.094395102393,4.188790204786,
6.28318530718,8.377580409573),.UNSPECIFIED.) CURVE() 
GEOMETRIC_REPRESENTATION_ITEM() RATIONAL_B_SPLINE_CURVE((1.,0.5,1.,0.5,
1.,0.5,1.)) REPRESENTATION_ITEM('') );
#2278 = CARTESIAN_POINT('',(12.5,0.));
#2279 = CARTESIAN_POINT('',(12.5,-21.65063509461));
#2280 = CARTESIAN_POINT('',(-6.25,-10.8253175473));
#2281 = CARTESIAN_POINT('',(-25.,-3.061616997868E-15));
#2282 = CARTESIAN_POINT('',(-6.25,10.825317547305));
#2283 = CARTESIAN_POINT('',(12.5,21.650635094611));
#2284 = CARTESIAN_POINT('',(12.5,0.));
#2285 = ( GEOMETRIC_REPRESENTATION_CONTEXT(2) 
PARAMETRIC_REPRESENTATION_CONTEXT() REPRESENTATION_CONTEXT('2D SPACE',''
  ) );
#2286 = ORIENTED_EDGE('',*,*,#2287,.F.);
#2287 = EDGE_CURVE('',#318,#2260,#2288,.T.);
#2288 = SURFACE_CURVE('',#2289,(#2293,#2300),.PCURVE_S1.);
#2289 = LINE('',#2290,#2291);
#2290 = CARTESIAN_POINT('',(3.330669073875E-15,15.,-12.5));
#2291 = VECTOR('',#2292,1.);
#2292 = DIRECTION('',(-2.22044604925E-16,-1.,0.));
#2293 = PCURVE('',#334,#2294);
#2294 = DEFINITIONAL_REPRESENTATION('',(#2295),#2299);
#2295 = LINE('',#2296,#2297);
#2296 = CARTESIAN_POINT('',(0.,0.));
#2297 = VECTOR('',#2298,1.);
#2298 = DIRECTION('',(0.,1.));
#2299 = ( GEOMETRIC_REPRESENTATION_CONTEXT(2) 
PARAMETRIC_REPRESENTATION_CONTEXT() REPRESENTATION_CONTEXT('2D SPACE',''
  ) );
#2300 = PCURVE('',#1095,#2301);
#2301 = DEFINITIONAL_REPRESENTATION('',(#2302),#2306);
#2302 = LINE('',#2303,#2304);
#2303 = CARTESIAN_POINT('',(6.28318530718,0.));
#2304 = VECTOR('',#2305,1.);
#2305 = DIRECTION('',(0.,1.));
#2306 = ( GEOMETRIC_REPRESENTATION_CONTEXT(2) 
PARAMETRIC_REPRESENTATION_CONTEXT() REPRESENTATION_CONTEXT('2D SPACE',''
  ) );
#2307 = ADVANCED_FACE('',(#2308),#2323,.T.);
#2308 = FACE_BOUND('',#2309,.T.);
#2309 = EDGE_LOOP('',(#2310,#2341,#2369,#2393));
#2310 = ORIENTED_EDGE('',*,*,#2311,.F.);
#2311 = EDGE_CURVE('',#2312,#2314,#2316,.T.);
#2312 = VERTEX_POINT('',#2313);
#2313 = CARTESIAN_POINT('',(-3.391227546592E-16,-12.5,-19.895));
#2314 = VERTEX_POINT('',#2315);
#2315 = CARTESIAN_POINT('',(-2.775557561563E-15,-12.5,19.895));
#2316 = SURFACE_CURVE('',#2317,(#2322,#2334),.PCURVE_S1.);
#2317 = CIRCLE('',#2318,19.895);
#2318 = AXIS2_PLACEMENT_3D('',#2319,#2320,#2321);
#2319 = CARTESIAN_POINT('',(-2.775557561563E-15,-12.5,0.));
#2320 = DIRECTION('',(-2.22044604925E-16,-1.,0.));
#2321 = DIRECTION('',(0.,-0.,-1.));
#2322 = PCURVE('',#2323,#2328);
#2323 = CYLINDRICAL_SURFACE('',#2324,19.895);
#2324 = AXIS2_PLACEMENT_3D('',#2325,#2326,#2327);
#2325 = CARTESIAN_POINT('',(1.554312234475E-15,7.,0.));
#2326 = DIRECTION('',(2.22044604925E-16,1.,-0.));
#2327 = DIRECTION('',(0.,0.,1.));
#2328 = DEFINITIONAL_REPRESENTATION('',(#2329),#2333);
#2329 = LINE('',#2330,#2331);
#2330 = CARTESIAN_POINT('',(3.14159265359,-19.5));
#2331 = VECTOR('',#2332,1.);
#2332 = DIRECTION('',(-1.,0.));
#2333 = ( GEOMETRIC_REPRESENTATION_CONTEXT(2) 
PARAMETRIC_REPRESENTATION_CONTEXT() REPRESENTATION_CONTEXT('2D SPACE',''
  ) );
#2334 = PCURVE('',#1452,#2335);
#2335 = DEFINITIONAL_REPRESENTATION('',(#2336),#2340);
#2336 = CIRCLE('',#2337,19.895);
#2337 = AXIS2_PLACEMENT_2D('',#2338,#2339);
#2338 = CARTESIAN_POINT('',(0.,0.));
#2339 = DIRECTION('',(-1.,0.));
#2340 = ( GEOMETRIC_REPRESENTATION_CONTEXT(2) 
PARAMETRIC_REPRESENTATION_CONTEXT() REPRESENTATION_CONTEXT('2D SPACE',''
  ) );
#2341 = ORIENTED_EDGE('',*,*,#2342,.T.);
#2342 = EDGE_CURVE('',#2312,#2343,#2345,.T.);
#2343 = VERTEX_POINT('',#2344);
#2344 = CARTESIAN_POINT('',(3.435635529066E-15,4.5,-19.895));
#2345 = SURFACE_CURVE('',#2346,(#2350,#2357),.PCURVE_S1.);
#2346 = LINE('',#2347,#2348);
#2347 = CARTESIAN_POINT('',(3.990747041379E-15,7.,-19.895));
#2348 = VECTOR('',#2349,1.);
#2349 = DIRECTION('',(2.22044604925E-16,1.,-0.));
#2350 = PCURVE('',#2323,#2351);
#2351 = DEFINITIONAL_REPRESENTATION('',(#2352),#2356);
#2352 = LINE('',#2353,#2354);
#2353 = CARTESIAN_POINT('',(3.14159265359,0.));
#2354 = VECTOR('',#2355,1.);
#2355 = DIRECTION('',(0.,1.));
#2356 = ( GEOMETRIC_REPRESENTATION_CONTEXT(2) 
PARAMETRIC_REPRESENTATION_CONTEXT() REPRESENTATION_CONTEXT('2D SPACE',''
  ) );
#2357 = PCURVE('',#2358,#2363);
#2358 = CYLINDRICAL_SURFACE('',#2359,19.895);
#2359 = AXIS2_PLACEMENT_3D('',#2360,#2361,#2362);
#2360 = CARTESIAN_POINT('',(1.554312234475E-15,7.,0.));
#2361 = DIRECTION('',(2.22044604925E-16,1.,-0.));
#2362 = DIRECTION('',(0.,0.,1.));
#2363 = DEFINITIONAL_REPRESENTATION('',(#2364),#2368);
#2364 = LINE('',#2365,#2366);
#2365 = CARTESIAN_POINT('',(3.14159265359,0.));
#2366 = VECTOR('',#2367,1.);
#2367 = DIRECTION('',(0.,1.));
#2368 = ( GEOMETRIC_REPRESENTATION_CONTEXT(2) 
PARAMETRIC_REPRESENTATION_CONTEXT() REPRESENTATION_CONTEXT('2D SPACE',''
  ) );
#2369 = ORIENTED_EDGE('',*,*,#2370,.F.);
#2370 = EDGE_CURVE('',#2371,#2343,#2373,.T.);
#2371 = VERTEX_POINT('',#2372);
#2372 = CARTESIAN_POINT('',(9.992007221626E-16,4.5,19.895));
#2373 = SURFACE_CURVE('',#2374,(#2379,#2386),.PCURVE_S1.);
#2374 = CIRCLE('',#2375,19.895);
#2375 = AXIS2_PLACEMENT_3D('',#2376,#2377,#2378);
#2376 = CARTESIAN_POINT('',(9.992007221626E-16,4.5,0.));
#2377 = DIRECTION('',(2.22044604925E-16,1.,-0.));
#2378 = DIRECTION('',(0.,0.,1.));
#2379 = PCURVE('',#2323,#2380);
#2380 = DEFINITIONAL_REPRESENTATION('',(#2381),#2385);
#2381 = LINE('',#2382,#2383);
#2382 = CARTESIAN_POINT('',(0.,-2.5));
#2383 = VECTOR('',#2384,1.);
#2384 = DIRECTION('',(1.,0.));
#2385 = ( GEOMETRIC_REPRESENTATION_CONTEXT(2) 
PARAMETRIC_REPRESENTATION_CONTEXT() REPRESENTATION_CONTEXT('2D SPACE',''
  ) );
#2386 = PCURVE('',#1568,#2387);
#2387 = DEFINITIONAL_REPRESENTATION('',(#2388),#2392);
#2388 = CIRCLE('',#2389,19.895);
#2389 = AXIS2_PLACEMENT_2D('',#2390,#2391);
#2390 = CARTESIAN_POINT('',(0.,0.));
#2391 = DIRECTION('',(1.,0.));
#2392 = ( GEOMETRIC_REPRESENTATION_CONTEXT(2) 
PARAMETRIC_REPRESENTATION_CONTEXT() REPRESENTATION_CONTEXT('2D SPACE',''
  ) );
#2393 = ORIENTED_EDGE('',*,*,#2394,.F.);
#2394 = EDGE_CURVE('',#2314,#2371,#2395,.T.);
#2395 = SURFACE_CURVE('',#2396,(#2400,#2407),.PCURVE_S1.);
#2396 = LINE('',#2397,#2398);
#2397 = CARTESIAN_POINT('',(1.554312234475E-15,7.,19.895));
#2398 = VECTOR('',#2399,1.);
#2399 = DIRECTION('',(2.22044604925E-16,1.,-0.));
#2400 = PCURVE('',#2323,#2401);
#2401 = DEFINITIONAL_REPRESENTATION('',(#2402),#2406);
#2402 = LINE('',#2403,#2404);
#2403 = CARTESIAN_POINT('',(0.,0.));
#2404 = VECTOR('',#2405,1.);
#2405 = DIRECTION('',(0.,1.));
#2406 = ( GEOMETRIC_REPRESENTATION_CONTEXT(2) 
PARAMETRIC_REPRESENTATION_CONTEXT() REPRESENTATION_CONTEXT('2D SPACE',''
  ) );
#2407 = PCURVE('',#2358,#2408);
#2408 = DEFINITIONAL_REPRESENTATION('',(#2409),#2413);
#2409 = LINE('',#2410,#2411);
#2410 = CARTESIAN_POINT('',(6.28318530718,0.));
#2411 = VECTOR('',#2412,1.);
#2412 = DIRECTION('',(0.,1.));
#2413 = ( GEOMETRIC_REPRESENTATION_CONTEXT(2) 
PARAMETRIC_REPRESENTATION_CONTEXT() REPRESENTATION_CONTEXT('2D SPACE',''
  ) );
#2414 = ADVANCED_FACE('',(#2415),#2358,.T.);
#2415 = FACE_BOUND('',#2416,.T.);
#2416 = EDGE_LOOP('',(#2417,#2418,#2440,#2441));
#2417 = ORIENTED_EDGE('',*,*,#2342,.F.);
#2418 = ORIENTED_EDGE('',*,*,#2419,.F.);
#2419 = EDGE_CURVE('',#2314,#2312,#2420,.T.);
#2420 = SURFACE_CURVE('',#2421,(#2426,#2433),.PCURVE_S1.);
#2421 = CIRCLE('',#2422,19.895);
#2422 = AXIS2_PLACEMENT_3D('',#2423,#2424,#2425);
#2423 = CARTESIAN_POINT('',(-2.775557561563E-15,-12.5,0.));
#2424 = DIRECTION('',(-2.22044604925E-16,-1.,0.));
#2425 = DIRECTION('',(0.,-0.,-1.));
#2426 = PCURVE('',#2358,#2427);
#2427 = DEFINITIONAL_REPRESENTATION('',(#2428),#2432);
#2428 = LINE('',#2429,#2430);
#2429 = CARTESIAN_POINT('',(9.424777960769,-19.5));
#2430 = VECTOR('',#2431,1.);
#2431 = DIRECTION('',(-1.,0.));
#2432 = ( GEOMETRIC_REPRESENTATION_CONTEXT(2) 
PARAMETRIC_REPRESENTATION_CONTEXT() REPRESENTATION_CONTEXT('2D SPACE',''
  ) );
#2433 = PCURVE('',#1452,#2434);
#2434 = DEFINITIONAL_REPRESENTATION('',(#2435),#2439);
#2435 = CIRCLE('',#2436,19.895);
#2436 = AXIS2_PLACEMENT_2D('',#2437,#2438);
#2437 = CARTESIAN_POINT('',(0.,0.));
#2438 = DIRECTION('',(-1.,0.));
#2439 = ( GEOMETRIC_REPRESENTATION_CONTEXT(2) 
PARAMETRIC_REPRESENTATION_CONTEXT() REPRESENTATION_CONTEXT('2D SPACE',''
  ) );
#2440 = ORIENTED_EDGE('',*,*,#2394,.T.);
#2441 = ORIENTED_EDGE('',*,*,#2442,.F.);
#2442 = EDGE_CURVE('',#2343,#2371,#2443,.T.);
#2443 = SURFACE_CURVE('',#2444,(#2449,#2456),.PCURVE_S1.);
#2444 = CIRCLE('',#2445,19.895);
#2445 = AXIS2_PLACEMENT_3D('',#2446,#2447,#2448);
#2446 = CARTESIAN_POINT('',(9.992007221626E-16,4.5,0.));
#2447 = DIRECTION('',(2.22044604925E-16,1.,-0.));
#2448 = DIRECTION('',(0.,0.,1.));
#2449 = PCURVE('',#2358,#2450);
#2450 = DEFINITIONAL_REPRESENTATION('',(#2451),#2455);
#2451 = LINE('',#2452,#2453);
#2452 = CARTESIAN_POINT('',(0.,-2.5));
#2453 = VECTOR('',#2454,1.);
#2454 = DIRECTION('',(1.,0.));
#2455 = ( GEOMETRIC_REPRESENTATION_CONTEXT(2) 
PARAMETRIC_REPRESENTATION_CONTEXT() REPRESENTATION_CONTEXT('2D SPACE',''
  ) );
#2456 = PCURVE('',#1568,#2457);
#2457 = DEFINITIONAL_REPRESENTATION('',(#2458),#2462);
#2458 = CIRCLE('',#2459,19.895);
#2459 = AXIS2_PLACEMENT_2D('',#2460,#2461);
#2460 = CARTESIAN_POINT('',(0.,0.));
#2461 = DIRECTION('',(1.,0.));
#2462 = ( GEOMETRIC_REPRESENTATION_CONTEXT(2) 
PARAMETRIC_REPRESENTATION_CONTEXT() REPRESENTATION_CONTEXT('2D SPACE',''
  ) );
#2463 = ADVANCED_FACE('',(#2464,#2493),#1625,.F.);
#2464 = FACE_BOUND('',#2465,.T.);
#2465 = EDGE_LOOP('',(#2466,#2492));
#2466 = ORIENTED_EDGE('',*,*,#2467,.F.);
#2467 = EDGE_CURVE('',#2260,#2237,#2468,.T.);
#2468 = SURFACE_CURVE('',#2469,(#2474,#2485),.PCURVE_S1.);
#2469 = CIRCLE('',#2470,12.5);
#2470 = AXIS2_PLACEMENT_3D('',#2471,#2472,#2473);
#2471 = CARTESIAN_POINT('',(1.554312234475E-15,7.,0.));
#2472 = DIRECTION('',(2.22044604925E-16,1.,0.));
#2473 = DIRECTION('',(0.,-0.,-1.));
#2474 = PCURVE('',#1625,#2475);
#2475 = DEFINITIONAL_REPRESENTATION('',(#2476),#2484);
#2476 = ( BOUNDED_CURVE() B_SPLINE_CURVE(2,(#2477,#2478,#2479,#2480,
#2481,#2482,#2483),.UNSPECIFIED.,.T.,.F.) B_SPLINE_CURVE_WITH_KNOTS((1,2
    ,2,2,2,1),(-2.094395102393,0.,2.094395102393,4.188790204786,
6.28318530718,8.377580409573),.UNSPECIFIED.) CURVE() 
GEOMETRIC_REPRESENTATION_ITEM() RATIONAL_B_SPLINE_CURVE((1.,0.5,1.,0.5,
1.,0.5,1.)) REPRESENTATION_ITEM('') );
#2477 = CARTESIAN_POINT('',(12.5,0.));
#2478 = CARTESIAN_POINT('',(12.5,-21.65063509461));
#2479 = CARTESIAN_POINT('',(-6.25,-10.8253175473));
#2480 = CARTESIAN_POINT('',(-25.,-3.061616997868E-15));
#2481 = CARTESIAN_POINT('',(-6.25,10.825317547305));
#2482 = CARTESIAN_POINT('',(12.5,21.650635094611));
#2483 = CARTESIAN_POINT('',(12.5,0.));
#2484 = ( GEOMETRIC_REPRESENTATION_CONTEXT(2) 
PARAMETRIC_REPRESENTATION_CONTEXT() REPRESENTATION_CONTEXT('2D SPACE',''
  ) );
#2485 = PCURVE('',#1095,#2486);
#2486 = DEFINITIONAL_REPRESENTATION('',(#2487),#2491);
#2487 = LINE('',#2488,#2489);
#2488 = CARTESIAN_POINT('',(6.28318530718,8.));
#2489 = VECTOR('',#2490,1.);
#2490 = DIRECTION('',(-1.,0.));
#2491 = ( GEOMETRIC_REPRESENTATION_CONTEXT(2) 
PARAMETRIC_REPRESENTATION_CONTEXT() REPRESENTATION_CONTEXT('2D SPACE',''
  ) );
#2492 = ORIENTED_EDGE('',*,*,#2259,.F.);
#2493 = FACE_BOUND('',#2494,.T.);
#2494 = EDGE_LOOP('',(#2495,#2496));
#2495 = ORIENTED_EDGE('',*,*,#1608,.T.);
#2496 = ORIENTED_EDGE('',*,*,#2497,.T.);
#2497 = EDGE_CURVE('',#1581,#1609,#2498,.T.);
#2498 = SURFACE_CURVE('',#2499,(#2504,#2515),.PCURVE_S1.);
#2499 = CIRCLE('',#2500,22.5);
#2500 = AXIS2_PLACEMENT_3D('',#2501,#2502,#2503);
#2501 = CARTESIAN_POINT('',(1.554312234475E-15,7.,0.));
#2502 = DIRECTION('',(2.22044604925E-16,1.,-0.));
#2503 = DIRECTION('',(0.,0.,1.));
#2504 = PCURVE('',#1625,#2505);
#2505 = DEFINITIONAL_REPRESENTATION('',(#2506),#2514);
#2506 = ( BOUNDED_CURVE() B_SPLINE_CURVE(2,(#2507,#2508,#2509,#2510,
#2511,#2512,#2513),.UNSPECIFIED.,.T.,.F.) B_SPLINE_CURVE_WITH_KNOTS((1,2
    ,2,2,2,1),(-2.094395102393,0.,2.094395102393,4.188790204786,
6.28318530718,8.377580409573),.UNSPECIFIED.) CURVE() 
GEOMETRIC_REPRESENTATION_ITEM() RATIONAL_B_SPLINE_CURVE((1.,0.5,1.,0.5,
1.,0.5,1.)) REPRESENTATION_ITEM('') );
#2507 = CARTESIAN_POINT('',(-22.5,0.));
#2508 = CARTESIAN_POINT('',(-22.5,38.9711431703));
#2509 = CARTESIAN_POINT('',(11.25,19.48557158515));
#2510 = CARTESIAN_POINT('',(45.,5.510910596163E-15));
#2511 = CARTESIAN_POINT('',(11.25,-19.48557158515));
#2512 = CARTESIAN_POINT('',(-22.5,-38.9711431703));
#2513 = CARTESIAN_POINT('',(-22.5,0.));
#2514 = ( GEOMETRIC_REPRESENTATION_CONTEXT(2) 
PARAMETRIC_REPRESENTATION_CONTEXT() REPRESENTATION_CONTEXT('2D SPACE',''
  ) );
#2515 = PCURVE('',#1596,#2516);
#2516 = DEFINITIONAL_REPRESENTATION('',(#2517),#2521);
#2517 = LINE('',#2518,#2519);
#2518 = CARTESIAN_POINT('',(0.,2.5));
#2519 = VECTOR('',#2520,1.);
#2520 = DIRECTION('',(1.,0.));
#2521 = ( GEOMETRIC_REPRESENTATION_CONTEXT(2) 
PARAMETRIC_REPRESENTATION_CONTEXT() REPRESENTATION_CONTEXT('2D SPACE',''
  ) );
#2522 = ADVANCED_FACE('',(#2523,#2618),#422,.F.);
#2523 = FACE_BOUND('',#2524,.T.);
#2524 = EDGE_LOOP('',(#2525,#2548,#2549,#2550,#2574,#2597));
#2525 = ORIENTED_EDGE('',*,*,#2526,.T.);
#2526 = EDGE_CURVE('',#2527,#490,#2529,.T.);
#2527 = VERTEX_POINT('',#2528);
#2528 = CARTESIAN_POINT('',(9.3,-15.,-2.5));
#2529 = SURFACE_CURVE('',#2530,(#2534,#2541),.PCURVE_S1.);
#2530 = LINE('',#2531,#2532);
#2531 = CARTESIAN_POINT('',(6.538348415311,-15.,-2.5));
#2532 = VECTOR('',#2533,1.);
#2533 = DIRECTION('',(-1.,2.22044604925E-16,-0.));
#2534 = PCURVE('',#422,#2535);
#2535 = DEFINITIONAL_REPRESENTATION('',(#2536),#2540);
#2536 = LINE('',#2537,#2538);
#2537 = CARTESIAN_POINT('',(-2.5,6.538348415311));
#2538 = VECTOR('',#2539,1.);
#2539 = DIRECTION('',(0.,-1.));
#2540 = ( GEOMETRIC_REPRESENTATION_CONTEXT(2) 
PARAMETRIC_REPRESENTATION_CONTEXT() REPRESENTATION_CONTEXT('2D SPACE',''
  ) );
#2541 = PCURVE('',#528,#2542);
#2542 = DEFINITIONAL_REPRESENTATION('',(#2543),#2547);
#2543 = LINE('',#2544,#2545);
#2544 = CARTESIAN_POINT('',(0.,0.));
#2545 = VECTOR('',#2546,1.);
#2546 = DIRECTION('',(0.,-1.));
#2547 = ( GEOMETRIC_REPRESENTATION_CONTEXT(2) 
PARAMETRIC_REPRESENTATION_CONTEXT() REPRESENTATION_CONTEXT('2D SPACE',''
  ) );
#2548 = ORIENTED_EDGE('',*,*,#541,.T.);
#2549 = ORIENTED_EDGE('',*,*,#405,.T.);
#2550 = ORIENTED_EDGE('',*,*,#2551,.T.);
#2551 = EDGE_CURVE('',#406,#2552,#2554,.T.);
#2552 = VERTEX_POINT('',#2553);
#2553 = CARTESIAN_POINT('',(7.071067811865,-15.,2.5));
#2554 = SURFACE_CURVE('',#2555,(#2560,#2567),.PCURVE_S1.);
#2555 = CIRCLE('',#2556,7.5);
#2556 = AXIS2_PLACEMENT_3D('',#2557,#2558,#2559);
#2557 = CARTESIAN_POINT('',(-3.330669073875E-15,-15.,0.));
#2558 = DIRECTION('',(2.22044604925E-16,1.,-0.));
#2559 = DIRECTION('',(0.,0.,1.));
#2560 = PCURVE('',#422,#2561);
#2561 = DEFINITIONAL_REPRESENTATION('',(#2562),#2566);
#2562 = CIRCLE('',#2563,7.5);
#2563 = AXIS2_PLACEMENT_2D('',#2564,#2565);
#2564 = CARTESIAN_POINT('',(0.,0.));
#2565 = DIRECTION('',(1.,0.));
#2566 = ( GEOMETRIC_REPRESENTATION_CONTEXT(2) 
PARAMETRIC_REPRESENTATION_CONTEXT() REPRESENTATION_CONTEXT('2D SPACE',''
  ) );
#2567 = PCURVE('',#450,#2568);
#2568 = DEFINITIONAL_REPRESENTATION('',(#2569),#2573);
#2569 = LINE('',#2570,#2571);
#2570 = CARTESIAN_POINT('',(3.14159265359,0.5));
#2571 = VECTOR('',#2572,1.);
#2572 = DIRECTION('',(-1.,0.));
#2573 = ( GEOMETRIC_REPRESENTATION_CONTEXT(2) 
PARAMETRIC_REPRESENTATION_CONTEXT() REPRESENTATION_CONTEXT('2D SPACE',''
  ) );
#2574 = ORIENTED_EDGE('',*,*,#2575,.T.);
#2575 = EDGE_CURVE('',#2552,#2576,#2578,.T.);
#2576 = VERTEX_POINT('',#2577);
#2577 = CARTESIAN_POINT('',(9.3,-15.,2.5));
#2578 = SURFACE_CURVE('',#2579,(#2583,#2590),.PCURVE_S1.);
#2579 = LINE('',#2580,#2581);
#2580 = CARTESIAN_POINT('',(6.538348415311,-15.,2.5));
#2581 = VECTOR('',#2582,1.);
#2582 = DIRECTION('',(1.,-2.22044604925E-16,0.));
#2583 = PCURVE('',#422,#2584);
#2584 = DEFINITIONAL_REPRESENTATION('',(#2585),#2589);
#2585 = LINE('',#2586,#2587);
#2586 = CARTESIAN_POINT('',(2.5,6.538348415311));
#2587 = VECTOR('',#2588,1.);
#2588 = DIRECTION('',(0.,1.));
#2589 = ( GEOMETRIC_REPRESENTATION_CONTEXT(2) 
PARAMETRIC_REPRESENTATION_CONTEXT() REPRESENTATION_CONTEXT('2D SPACE',''
  ) );
#2590 = PCURVE('',#188,#2591);
#2591 = DEFINITIONAL_REPRESENTATION('',(#2592),#2596);
#2592 = LINE('',#2593,#2594);
#2593 = CARTESIAN_POINT('',(0.,0.));
#2594 = VECTOR('',#2595,1.);
#2595 = DIRECTION('',(0.,1.));
#2596 = ( GEOMETRIC_REPRESENTATION_CONTEXT(2) 
PARAMETRIC_REPRESENTATION_CONTEXT() REPRESENTATION_CONTEXT('2D SPACE',''
  ) );
#2597 = ORIENTED_EDGE('',*,*,#2598,.T.);
#2598 = EDGE_CURVE('',#2576,#2527,#2599,.T.);
#2599 = SURFACE_CURVE('',#2600,(#2604,#2611),.PCURVE_S1.);
#2600 = LINE('',#2601,#2602);
#2601 = CARTESIAN_POINT('',(9.3,-15.,-2.5));
#2602 = VECTOR('',#2603,1.);
#2603 = DIRECTION('',(0.,0.,-1.));
#2604 = PCURVE('',#422,#2605);
#2605 = DEFINITIONAL_REPRESENTATION('',(#2606),#2610);
#2606 = LINE('',#2607,#2608);
#2607 = CARTESIAN_POINT('',(-2.5,9.3));
#2608 = VECTOR('',#2609,1.);
#2609 = DIRECTION('',(-1.,0.));
#2610 = ( GEOMETRIC_REPRESENTATION_CONTEXT(2) 
PARAMETRIC_REPRESENTATION_CONTEXT() REPRESENTATION_CONTEXT('2D SPACE',''
  ) );
#2611 = PCURVE('',#1206,#2612);
#2612 = DEFINITIONAL_REPRESENTATION('',(#2613),#2617);
#2613 = LINE('',#2614,#2615);
#2614 = CARTESIAN_POINT('',(0.,0.));
#2615 = VECTOR('',#2616,1.);
#2616 = DIRECTION('',(-1.,-0.));
#2617 = ( GEOMETRIC_REPRESENTATION_CONTEXT(2) 
PARAMETRIC_REPRESENTATION_CONTEXT() REPRESENTATION_CONTEXT('2D SPACE',''
  ) );
#2618 = FACE_BOUND('',#2619,.T.);
#2619 = EDGE_LOOP('',(#2620,#2642));
#2620 = ORIENTED_EDGE('',*,*,#2621,.F.);
#2621 = EDGE_CURVE('',#1497,#1469,#2622,.T.);
#2622 = SURFACE_CURVE('',#2623,(#2628,#2635),.PCURVE_S1.);
#2623 = CIRCLE('',#2624,22.5);
#2624 = AXIS2_PLACEMENT_3D('',#2625,#2626,#2627);
#2625 = CARTESIAN_POINT('',(-3.330669073875E-15,-15.,0.));
#2626 = DIRECTION('',(2.22044604925E-16,1.,-0.));
#2627 = DIRECTION('',(0.,0.,1.));
#2628 = PCURVE('',#422,#2629);
#2629 = DEFINITIONAL_REPRESENTATION('',(#2630),#2634);
#2630 = CIRCLE('',#2631,22.5);
#2631 = AXIS2_PLACEMENT_2D('',#2632,#2633);
#2632 = CARTESIAN_POINT('',(0.,0.));
#2633 = DIRECTION('',(1.,0.));
#2634 = ( GEOMETRIC_REPRESENTATION_CONTEXT(2) 
PARAMETRIC_REPRESENTATION_CONTEXT() REPRESENTATION_CONTEXT('2D SPACE',''
  ) );
#2635 = PCURVE('',#1484,#2636);
#2636 = DEFINITIONAL_REPRESENTATION('',(#2637),#2641);
#2637 = LINE('',#2638,#2639);
#2638 = CARTESIAN_POINT('',(9.424777960769,2.5));
#2639 = VECTOR('',#2640,1.);
#2640 = DIRECTION('',(-1.,0.));
#2641 = ( GEOMETRIC_REPRESENTATION_CONTEXT(2) 
PARAMETRIC_REPRESENTATION_CONTEXT() REPRESENTATION_CONTEXT('2D SPACE',''
  ) );
#2642 = ORIENTED_EDGE('',*,*,#1496,.F.);
#2643 = ADVANCED_FACE('',(#2644),#1095,.T.);
#2644 = FACE_BOUND('',#2645,.T.);
#2645 = EDGE_LOOP('',(#2646,#2647,#2669,#2670,#2671,#2672,#2796));
#2646 = ORIENTED_EDGE('',*,*,#2092,.F.);
#2647 = ORIENTED_EDGE('',*,*,#2648,.T.);
#2648 = EDGE_CURVE('',#290,#318,#2649,.T.);
#2649 = SURFACE_CURVE('',#2650,(#2655,#2662),.PCURVE_S1.);
#2650 = CIRCLE('',#2651,12.5);
#2651 = AXIS2_PLACEMENT_3D('',#2652,#2653,#2654);
#2652 = CARTESIAN_POINT('',(3.219646771413E-15,14.5,0.));
#2653 = DIRECTION('',(-2.22044604925E-16,-1.,0.));
#2654 = DIRECTION('',(0.,0.,1.));
#2655 = PCURVE('',#1095,#2656);
#2656 = DEFINITIONAL_REPRESENTATION('',(#2657),#2661);
#2657 = LINE('',#2658,#2659);
#2658 = CARTESIAN_POINT('',(3.14159265359,0.5));
#2659 = VECTOR('',#2660,1.);
#2660 = DIRECTION('',(1.,0.));
#2661 = ( GEOMETRIC_REPRESENTATION_CONTEXT(2) 
PARAMETRIC_REPRESENTATION_CONTEXT() REPRESENTATION_CONTEXT('2D SPACE',''
  ) );
#2662 = PCURVE('',#305,#2663);
#2663 = DEFINITIONAL_REPRESENTATION('',(#2664),#2668);
#2664 = LINE('',#2665,#2666);
#2665 = CARTESIAN_POINT('',(3.14159265359,0.5));
#2666 = VECTOR('',#2667,1.);
#2667 = DIRECTION('',(1.,0.));
#2668 = ( GEOMETRIC_REPRESENTATION_CONTEXT(2) 
PARAMETRIC_REPRESENTATION_CONTEXT() REPRESENTATION_CONTEXT('2D SPACE',''
  ) );
#2669 = ORIENTED_EDGE('',*,*,#2287,.T.);
#2670 = ORIENTED_EDGE('',*,*,#2467,.T.);
#2671 = ORIENTED_EDGE('',*,*,#2236,.F.);
#2672 = ORIENTED_EDGE('',*,*,#2673,.T.);
#2673 = EDGE_CURVE('',#2115,#1002,#2674,.T.);
#2674 = SURFACE_CURVE('',#2675,(#2694,#2745),.PCURVE_S1.);
#2675 = B_SPLINE_CURVE_WITH_KNOTS('',3,(#2676,#2677,#2678,#2679,#2680,
    #2681,#2682,#2683,#2684,#2685,#2686,#2687,#2688,#2689,#2690,#2691,
    #2692,#2693),.UNSPECIFIED.,.F.,.F.,(4,2,2,2,2,2,2,2,4),(
    3.289400925047E-03,3.700377760892E-03,4.111354596737E-03,
    4.522331432582E-03,4.933308268427E-03,5.344285104272E-03,
    5.755261940117E-03,6.166238775962E-03,6.577215611807E-03),
  .UNSPECIFIED.);
#2676 = CARTESIAN_POINT('',(3.507005499207E-15,8.9,12.5));
#2677 = CARTESIAN_POINT('',(-0.137212956767,8.9,12.5));
#2678 = CARTESIAN_POINT('',(-0.27661201138,8.913769047203,
    12.497665988039));
#2679 = CARTESIAN_POINT('',(-0.546053499149,8.967587795423,
    12.488794774897));
#2680 = CARTESIAN_POINT('',(-0.677042035848,9.007366657245,
    12.482302345553));
#2681 = CARTESIAN_POINT('',(-0.931525490986,9.112876841166,
    12.465894192706));
#2682 = CARTESIAN_POINT('',(-1.054072231047,9.178570810254,
    12.456000361167));
#2683 = CARTESIAN_POINT('',(-1.281226052414,9.330529316179,
    12.434688297994));
#2684 = CARTESIAN_POINT('',(-1.387503364843,9.417614989182,
    12.423144578489));
#2685 = CARTESIAN_POINT('',(-1.58295207335,9.613143611115,
    12.399756027397));
#2686 = CARTESIAN_POINT('',(-1.669600342896,9.718941010412,
    12.388233206453));
#2687 = CARTESIAN_POINT('',(-1.82155394449,9.946141059195,
    12.366803487958));
#2688 = CARTESIAN_POINT('',(-1.887384457761,10.069044837376,
    12.35680452202));
#2689 = CARTESIAN_POINT('',(-1.992640807766,10.323036029436,
    12.340268258755));
#2690 = CARTESIAN_POINT('',(-2.032411880386,10.453925373231,
    12.333695590345));
#2691 = CARTESIAN_POINT('',(-2.086254144343,10.723523609054,
    12.324702374177));
#2692 = CARTESIAN_POINT('',(-2.1,10.86284875551,12.322337440599));
#2693 = CARTESIAN_POINT('',(-2.1,11.,12.322337440599));
#2694 = PCURVE('',#1095,#2695);
#2695 = DEFINITIONAL_REPRESENTATION('',(#2696),#2744);
#2696 = B_SPLINE_CURVE_WITH_KNOTS('',3,(#2697,#2698,#2699,#2700,#2701,
    #2702,#2703,#2704,#2705,#2706,#2707,#2708,#2709,#2710,#2711,#2712,
    #2713,#2714,#2715,#2716,#2717,#2718,#2719,#2720,#2721,#2722,#2723,
    #2724,#2725,#2726,#2727,#2728,#2729,#2730,#2731,#2732,#2733,#2734,
    #2735,#2736,#2737,#2738,#2739,#2740,#2741,#2742,#2743),
  .UNSPECIFIED.,.F.,.F.,(4,1,1,1,1,1,1,1,1,1,1,1,1,1,1,1,1,1,1,1,1,1,1,1
    ,1,1,1,1,1,1,1,1,1,1,1,1,1,1,1,1,1,1,1,1,4),(3.289400925047E-03,
    3.36412398611E-03,3.438847047173E-03,3.513570108236E-03,
    3.588293169298E-03,3.663016230361E-03,3.737739291424E-03,
    3.812462352487E-03,3.887185413549E-03,3.961908474612E-03,
    4.036631535675E-03,4.111354596737E-03,4.1860776578E-03,
    4.260800718863E-03,4.335523779926E-03,4.410246840988E-03,
    4.484969902051E-03,4.559692963114E-03,4.634416024176E-03,
    4.709139085239E-03,4.783862146302E-03,4.858585207365E-03,
    4.933308268427E-03,5.00803132949E-03,5.082754390553E-03,
    5.157477451616E-03,5.232200512678E-03,5.306923573741E-03,
    5.381646634804E-03,5.456369695866E-03,5.531092756929E-03,
    5.605815817992E-03,5.680538879055E-03,5.755261940117E-03,
    5.82998500118E-03,5.904708062243E-03,5.979431123306E-03,
    6.054154184368E-03,6.128877245431E-03,6.203600306494E-03,
    6.278323367556E-03,6.353046428619E-03,6.427769489682E-03,
    6.502492550745E-03,6.577215611807E-03),.QUASI_UNIFORM_KNOTS.);
#2697 = CARTESIAN_POINT('',(3.14159265359,6.1));
#2698 = CARTESIAN_POINT('',(3.143588477154,6.1));
#2699 = CARTESIAN_POINT('',(3.147591694794,6.099089652361));
#2700 = CARTESIAN_POINT('',(3.153611612677,6.09501573829));
#2701 = CARTESIAN_POINT('',(3.159627103503,6.088256175137));
#2702 = CARTESIAN_POINT('',(3.165618293086,6.078833380125));
#2703 = CARTESIAN_POINT('',(3.171566571809,6.066770982495));
#2704 = CARTESIAN_POINT('',(3.17744861394,6.052088089714));
#2705 = CARTESIAN_POINT('',(3.183272422185,6.034857659071));
#2706 = CARTESIAN_POINT('',(3.189038307807,6.015066967152));
#2707 = CARTESIAN_POINT('',(3.19474649425,5.992714459055));
#2708 = CARTESIAN_POINT('',(3.200396409102,5.967795981015));
#2709 = CARTESIAN_POINT('',(3.205990683006,5.940306606208));
#2710 = CARTESIAN_POINT('',(3.211519862039,5.910247098919));
#2711 = CARTESIAN_POINT('',(3.216962081989,5.877718004917));
#2712 = CARTESIAN_POINT('',(3.222307637461,5.842813238098));
#2713 = CARTESIAN_POINT('',(3.22754320277,5.805630778071));
#2714 = CARTESIAN_POINT('',(3.232657651635,5.766258973462));
#2715 = CARTESIAN_POINT('',(3.237634579182,5.724820631114));
#2716 = CARTESIAN_POINT('',(3.242497433444,5.681178169794));
#2717 = CARTESIAN_POINT('',(3.247240179854,5.635359564601));
#2718 = CARTESIAN_POINT('',(3.251860193131,5.587370940506));
#2719 = CARTESIAN_POINT('',(3.25635175158,5.537252385446));
#2720 = CARTESIAN_POINT('',(3.260718012394,5.484929985613));
#2721 = CARTESIAN_POINT('',(3.264929620919,5.430751871211));
#2722 = CARTESIAN_POINT('',(3.268962002795,5.375059093572));
#2723 = CARTESIAN_POINT('',(3.272823007641,5.317770511769));
#2724 = CARTESIAN_POINT('',(3.276511780531,5.258919505512));
#2725 = CARTESIAN_POINT('',(3.280029770634,5.198503564208));
#2726 = CARTESIAN_POINT('',(3.283377824075,5.13654921785));
#2727 = CARTESIAN_POINT('',(3.286561891289,5.072801871905));
#2728 = CARTESIAN_POINT('',(3.289570878568,5.00750233364));
#2729 = CARTESIAN_POINT('',(3.292396131814,4.940823955922));
#2730 = CARTESIAN_POINT('',(3.29502862577,4.872960271741));
#2731 = CARTESIAN_POINT('',(3.297458324656,4.804091547999));
#2732 = CARTESIAN_POINT('',(3.299679554666,4.734430935828));
#2733 = CARTESIAN_POINT('',(3.301695667154,4.664002638831));
#2734 = CARTESIAN_POINT('',(3.303505567729,4.592799620169));
#2735 = CARTESIAN_POINT('',(3.305109413017,4.520822355835));
#2736 = CARTESIAN_POINT('',(3.306506777881,4.448072510937));
#2737 = CARTESIAN_POINT('',(3.30769828942,4.374539481284));
#2738 = CARTESIAN_POINT('',(3.30867680034,4.300199151347));
#2739 = CARTESIAN_POINT('',(3.309441027398,4.225331669287));
#2740 = CARTESIAN_POINT('',(3.309989115345,4.150168330987));
#2741 = CARTESIAN_POINT('',(3.31031936148,4.074953526757));
#2742 = CARTESIAN_POINT('',(3.310393134583,4.024936589907));
#2743 = CARTESIAN_POINT('',(3.310393134607,4.));
#2744 = ( GEOMETRIC_REPRESENTATION_CONTEXT(2) 
PARAMETRIC_REPRESENTATION_CONTEXT() REPRESENTATION_CONTEXT('2D SPACE',''
  ) );
#2745 = PCURVE('',#741,#2746);
#2746 = DEFINITIONAL_REPRESENTATION('',(#2747),#2795);
#2747 = B_SPLINE_CURVE_WITH_KNOTS('',3,(#2748,#2749,#2750,#2751,#2752,
    #2753,#2754,#2755,#2756,#2757,#2758,#2759,#2760,#2761,#2762,#2763,
    #2764,#2765,#2766,#2767,#2768,#2769,#2770,#2771,#2772,#2773,#2774,
    #2775,#2776,#2777,#2778,#2779,#2780,#2781,#2782,#2783,#2784,#2785,
    #2786,#2787,#2788,#2789,#2790,#2791,#2792,#2793,#2794),
  .UNSPECIFIED.,.F.,.F.,(4,1,1,1,1,1,1,1,1,1,1,1,1,1,1,1,1,1,1,1,1,1,1,1
    ,1,1,1,1,1,1,1,1,1,1,1,1,1,1,1,1,1,1,1,1,4),(3.289400925047E-03,
    3.36412398611E-03,3.438847047173E-03,3.513570108236E-03,
    3.588293169298E-03,3.663016230361E-03,3.737739291424E-03,
    3.812462352487E-03,3.887185413549E-03,3.961908474612E-03,
    4.036631535675E-03,4.111354596737E-03,4.1860776578E-03,
    4.260800718863E-03,4.335523779926E-03,4.410246840988E-03,
    4.484969902051E-03,4.559692963114E-03,4.634416024176E-03,
    4.709139085239E-03,4.783862146302E-03,4.858585207365E-03,
    4.933308268427E-03,5.00803132949E-03,5.082754390553E-03,
    5.157477451616E-03,5.232200512678E-03,5.306923573741E-03,
    5.381646634804E-03,5.456369695866E-03,5.531092756929E-03,
    5.605815817992E-03,5.680538879055E-03,5.755261940117E-03,
    5.82998500118E-03,5.904708062243E-03,5.979431123306E-03,
    6.054154184368E-03,6.128877245431E-03,6.203600306494E-03,
    6.278323367556E-03,6.353046428619E-03,6.427769489682E-03,
    6.502492550745E-03,6.577215611807E-03),.QUASI_UNIFORM_KNOTS.);
#2748 = CARTESIAN_POINT('',(1.570796326795,-12.5));
#2749 = CARTESIAN_POINT('',(1.58267609068,-12.5));
#2750 = CARTESIAN_POINT('',(1.60650504385,-12.4998456862));
#2751 = CARTESIAN_POINT('',(1.642383895383,-12.49915964641));
#2752 = CARTESIAN_POINT('',(1.678326282782,-12.49802744742));
#2753 = CARTESIAN_POINT('',(1.714256930367,-12.49645736753));
#2754 = CARTESIAN_POINT('',(1.750108219414,-12.49445817376));
#2755 = CARTESIAN_POINT('',(1.785787429481,-12.49203680988));
#2756 = CARTESIAN_POINT('',(1.821379833655,-12.48921419257));
#2757 = CARTESIAN_POINT('',(1.856932150504,-12.48600216236));
#2758 = CARTESIAN_POINT('',(1.892490640242,-12.48241328109));
#2759 = CARTESIAN_POINT('',(1.928097559626,-12.47846014951));
#2760 = CARTESIAN_POINT('',(1.963812944264,-12.47415449141));
#2761 = CARTESIAN_POINT('',(1.999628942797,-12.46951149958));
#2762 = CARTESIAN_POINT('',(2.035453584579,-12.46456739676));
#2763 = CARTESIAN_POINT('',(2.071261297092,-12.4593548265));
#2764 = CARTESIAN_POINT('',(2.107005052763,-12.453907695));
#2765 = CARTESIAN_POINT('',(2.142651470899,-12.44825843707));
#2766 = CARTESIAN_POINT('',(2.178132807269,-12.44244411034));
#2767 = CARTESIAN_POINT('',(2.213646810685,-12.4364652266));
#2768 = CARTESIAN_POINT('',(2.249201338626,-12.43035077673));
#2769 = CARTESIAN_POINT('',(2.284828000017,-12.42412597584));
#2770 = CARTESIAN_POINT('',(2.320534316712,-12.41782047218));
#2771 = CARTESIAN_POINT('',(2.356403952445,-12.41144995724));
#2772 = CARTESIAN_POINT('',(2.39224317874,-12.40508151647));
#2773 = CARTESIAN_POINT('',(2.427880339926,-12.39877859698));
#2774 = CARTESIAN_POINT('',(2.463421503689,-12.3925532899));
#2775 = CARTESIAN_POINT('',(2.498897471329,-12.38643151016));
#2776 = CARTESIAN_POINT('',(2.534360617785,-12.38043523344));
#2777 = CARTESIAN_POINT('',(2.569848356951,-12.37458836869));
#2778 = CARTESIAN_POINT('',(2.605526874347,-12.36889904074));
#2779 = CARTESIAN_POINT('',(2.641311041067,-12.36340733368));
#2780 = CARTESIAN_POINT('',(2.677149114158,-12.35814899581));
#2781 = CARTESIAN_POINT('',(2.712979946254,-12.35316056145));
#2782 = CARTESIAN_POINT('',(2.748746873775,-12.34847975659));
#2783 = CARTESIAN_POINT('',(2.784390860256,-12.34413875447));
#2784 = CARTESIAN_POINT('',(2.819953976467,-12.34014682411));
#2785 = CARTESIAN_POINT('',(2.855482468598,-12.33651889845));
#2786 = CARTESIAN_POINT('',(2.8910223228,-12.33326832976));
#2787 = CARTESIAN_POINT('',(2.926617927766,-12.3304091291));
#2788 = CARTESIAN_POINT('',(2.962319788685,-12.32795425307));
#2789 = CARTESIAN_POINT('',(2.998177367258,-12.32592782631));
#2790 = CARTESIAN_POINT('',(3.034104858255,-12.32433644545));
#2791 = CARTESIAN_POINT('',(3.070036543625,-12.32318900901));
#2792 = CARTESIAN_POINT('',(3.105900360797,-12.32249379852));
#2793 = CARTESIAN_POINT('',(3.129718223606,-12.32233744059));
#2794 = CARTESIAN_POINT('',(3.14159265359,-12.32233744059));
#2795 = ( GEOMETRIC_REPRESENTATION_CONTEXT(2) 
PARAMETRIC_REPRESENTATION_CONTEXT() REPRESENTATION_CONTEXT('2D SPACE',''
  ) );
#2796 = ORIENTED_EDGE('',*,*,#1024,.T.);
#2797 = ADVANCED_FACE('',(#2798,#2823),#73,.T.);
#2798 = FACE_BOUND('',#2799,.T.);
#2799 = EDGE_LOOP('',(#2800,#2822));
#2800 = ORIENTED_EDGE('',*,*,#2801,.T.);
#2801 = EDGE_CURVE('',#261,#259,#2802,.T.);
#2802 = SURFACE_CURVE('',#2803,(#2808,#2815),.PCURVE_S1.);
#2803 = CIRCLE('',#2804,12.);
#2804 = AXIS2_PLACEMENT_3D('',#2805,#2806,#2807);
#2805 = CARTESIAN_POINT('',(3.330669073875E-15,15.,0.));
#2806 = DIRECTION('',(2.22044604925E-16,1.,-0.));
#2807 = DIRECTION('',(0.,0.,1.));
#2808 = PCURVE('',#73,#2809);
#2809 = DEFINITIONAL_REPRESENTATION('',(#2810),#2814);
#2810 = CIRCLE('',#2811,12.);
#2811 = AXIS2_PLACEMENT_2D('',#2812,#2813);
#2812 = CARTESIAN_POINT('',(0.,0.));
#2813 = DIRECTION('',(1.,0.));
#2814 = ( GEOMETRIC_REPRESENTATION_CONTEXT(2) 
PARAMETRIC_REPRESENTATION_CONTEXT() REPRESENTATION_CONTEXT('2D SPACE',''
  ) );
#2815 = PCURVE('',#305,#2816);
#2816 = DEFINITIONAL_REPRESENTATION('',(#2817),#2821);
#2817 = LINE('',#2818,#2819);
#2818 = CARTESIAN_POINT('',(9.424777960769,0.));
#2819 = VECTOR('',#2820,1.);
#2820 = DIRECTION('',(-1.,0.));
#2821 = ( GEOMETRIC_REPRESENTATION_CONTEXT(2) 
PARAMETRIC_REPRESENTATION_CONTEXT() REPRESENTATION_CONTEXT('2D SPACE',''
  ) );
#2822 = ORIENTED_EDGE('',*,*,#258,.T.);
#2823 = FACE_BOUND('',#2824,.T.);
#2824 = EDGE_LOOP('',(#2825,#2848,#2849,#2850,#2878,#2901));
#2825 = ORIENTED_EDGE('',*,*,#2826,.F.);
#2826 = EDGE_CURVE('',#150,#2827,#2829,.T.);
#2827 = VERTEX_POINT('',#2828);
#2828 = CARTESIAN_POINT('',(9.3,15.,2.5));
#2829 = SURFACE_CURVE('',#2830,(#2834,#2841),.PCURVE_S1.);
#2830 = LINE('',#2831,#2832);
#2831 = CARTESIAN_POINT('',(6.538348415311,15.,2.5));
#2832 = VECTOR('',#2833,1.);
#2833 = DIRECTION('',(1.,-2.22044604925E-16,0.));
#2834 = PCURVE('',#73,#2835);
#2835 = DEFINITIONAL_REPRESENTATION('',(#2836),#2840);
#2836 = LINE('',#2837,#2838);
#2837 = CARTESIAN_POINT('',(2.5,6.538348415311));
#2838 = VECTOR('',#2839,1.);
#2839 = DIRECTION('',(0.,1.));
#2840 = ( GEOMETRIC_REPRESENTATION_CONTEXT(2) 
PARAMETRIC_REPRESENTATION_CONTEXT() REPRESENTATION_CONTEXT('2D SPACE',''
  ) );
#2841 = PCURVE('',#188,#2842);
#2842 = DEFINITIONAL_REPRESENTATION('',(#2843),#2847);
#2843 = LINE('',#2844,#2845);
#2844 = CARTESIAN_POINT('',(-30.,4.440892098501E-16));
#2845 = VECTOR('',#2846,1.);
#2846 = DIRECTION('',(0.,1.));
#2847 = ( GEOMETRIC_REPRESENTATION_CONTEXT(2) 
PARAMETRIC_REPRESENTATION_CONTEXT() REPRESENTATION_CONTEXT('2D SPACE',''
  ) );
#2848 = ORIENTED_EDGE('',*,*,#201,.T.);
#2849 = ORIENTED_EDGE('',*,*,#56,.T.);
#2850 = ORIENTED_EDGE('',*,*,#2851,.T.);
#2851 = EDGE_CURVE('',#57,#2852,#2854,.T.);
#2852 = VERTEX_POINT('',#2853);
#2853 = CARTESIAN_POINT('',(7.071067811865,15.,-2.5));
#2854 = SURFACE_CURVE('',#2855,(#2860,#2871),.PCURVE_S1.);
#2855 = CIRCLE('',#2856,7.5);
#2856 = AXIS2_PLACEMENT_3D('',#2857,#2858,#2859);
#2857 = CARTESIAN_POINT('',(3.330669073875E-15,15.,0.));
#2858 = DIRECTION('',(-2.22044604925E-16,-1.,0.));
#2859 = DIRECTION('',(0.,0.,1.));
#2860 = PCURVE('',#73,#2861);
#2861 = DEFINITIONAL_REPRESENTATION('',(#2862),#2870);
#2862 = ( BOUNDED_CURVE() B_SPLINE_CURVE(2,(#2863,#2864,#2865,#2866,
#2867,#2868,#2869),.UNSPECIFIED.,.T.,.F.) B_SPLINE_CURVE_WITH_KNOTS((1,2
    ,2,2,2,1),(-2.094395102393,0.,2.094395102393,4.188790204786,
6.28318530718,8.377580409573),.UNSPECIFIED.) CURVE() 
GEOMETRIC_REPRESENTATION_ITEM() RATIONAL_B_SPLINE_CURVE((1.,0.5,1.,0.5,
1.,0.5,1.)) REPRESENTATION_ITEM('') );
#2863 = CARTESIAN_POINT('',(7.5,0.));
#2864 = CARTESIAN_POINT('',(7.5,-12.99038105676));
#2865 = CARTESIAN_POINT('',(-3.75,-6.495190528383));
#2866 = CARTESIAN_POINT('',(-15.,-1.836970198721E-15));
#2867 = CARTESIAN_POINT('',(-3.75,6.495190528383));
#2868 = CARTESIAN_POINT('',(7.5,12.990381056767));
#2869 = CARTESIAN_POINT('',(7.5,0.));
#2870 = ( GEOMETRIC_REPRESENTATION_CONTEXT(2) 
PARAMETRIC_REPRESENTATION_CONTEXT() REPRESENTATION_CONTEXT('2D SPACE',''
  ) );
#2871 = PCURVE('',#105,#2872);
#2872 = DEFINITIONAL_REPRESENTATION('',(#2873),#2877);
#2873 = LINE('',#2874,#2875);
#2874 = CARTESIAN_POINT('',(6.28318530718,-1.133382124179E-15));
#2875 = VECTOR('',#2876,1.);
#2876 = DIRECTION('',(-1.,3.607667349501E-16));
#2877 = ( GEOMETRIC_REPRESENTATION_CONTEXT(2) 
PARAMETRIC_REPRESENTATION_CONTEXT() REPRESENTATION_CONTEXT('2D SPACE',''
  ) );
#2878 = ORIENTED_EDGE('',*,*,#2879,.F.);
#2879 = EDGE_CURVE('',#2880,#2852,#2882,.T.);
#2880 = VERTEX_POINT('',#2881);
#2881 = CARTESIAN_POINT('',(9.3,15.,-2.5));
#2882 = SURFACE_CURVE('',#2883,(#2887,#2894),.PCURVE_S1.);
#2883 = LINE('',#2884,#2885);
#2884 = CARTESIAN_POINT('',(6.538348415311,15.,-2.5));
#2885 = VECTOR('',#2886,1.);
#2886 = DIRECTION('',(-1.,2.22044604925E-16,-0.));
#2887 = PCURVE('',#73,#2888);
#2888 = DEFINITIONAL_REPRESENTATION('',(#2889),#2893);
#2889 = LINE('',#2890,#2891);
#2890 = CARTESIAN_POINT('',(-2.5,6.538348415311));
#2891 = VECTOR('',#2892,1.);
#2892 = DIRECTION('',(0.,-1.));
#2893 = ( GEOMETRIC_REPRESENTATION_CONTEXT(2) 
PARAMETRIC_REPRESENTATION_CONTEXT() REPRESENTATION_CONTEXT('2D SPACE',''
  ) );
#2894 = PCURVE('',#528,#2895);
#2895 = DEFINITIONAL_REPRESENTATION('',(#2896),#2900);
#2896 = LINE('',#2897,#2898);
#2897 = CARTESIAN_POINT('',(30.,4.440892098501E-16));
#2898 = VECTOR('',#2899,1.);
#2899 = DIRECTION('',(0.,-1.));
#2900 = ( GEOMETRIC_REPRESENTATION_CONTEXT(2) 
PARAMETRIC_REPRESENTATION_CONTEXT() REPRESENTATION_CONTEXT('2D SPACE',''
  ) );
#2901 = ORIENTED_EDGE('',*,*,#2902,.F.);
#2902 = EDGE_CURVE('',#2827,#2880,#2903,.T.);
#2903 = SURFACE_CURVE('',#2904,(#2908,#2915),.PCURVE_S1.);
#2904 = LINE('',#2905,#2906);
#2905 = CARTESIAN_POINT('',(9.3,15.,-2.5));
#2906 = VECTOR('',#2907,1.);
#2907 = DIRECTION('',(0.,0.,-1.));
#2908 = PCURVE('',#73,#2909);
#2909 = DEFINITIONAL_REPRESENTATION('',(#2910),#2914);
#2910 = LINE('',#2911,#2912);
#2911 = CARTESIAN_POINT('',(-2.5,9.3));
#2912 = VECTOR('',#2913,1.);
#2913 = DIRECTION('',(-1.,0.));
#2914 = ( GEOMETRIC_REPRESENTATION_CONTEXT(2) 
PARAMETRIC_REPRESENTATION_CONTEXT() REPRESENTATION_CONTEXT('2D SPACE',''
  ) );
#2915 = PCURVE('',#1206,#2916);
#2916 = DEFINITIONAL_REPRESENTATION('',(#2917),#2921);
#2917 = LINE('',#2918,#2919);
#2918 = CARTESIAN_POINT('',(0.,-30.));
#2919 = VECTOR('',#2920,1.);
#2920 = DIRECTION('',(-1.,-0.));
#2921 = ( GEOMETRIC_REPRESENTATION_CONTEXT(2) 
PARAMETRIC_REPRESENTATION_CONTEXT() REPRESENTATION_CONTEXT('2D SPACE',''
  ) );
#2922 = ADVANCED_FACE('',(#2923),#243,.F.);
#2923 = FACE_BOUND('',#2924,.F.);
#2924 = EDGE_LOOP('',(#2925,#2926,#3048,#3049,#3073,#3094,#3095));
#2925 = ORIENTED_EDGE('',*,*,#753,.F.);
#2926 = ORIENTED_EDGE('',*,*,#2927,.F.);
#2927 = EDGE_CURVE('',#1688,#726,#2928,.T.);
#2928 = SURFACE_CURVE('',#2929,(#2946,#2997),.PCURVE_S1.);
#2929 = B_SPLINE_CURVE_WITH_KNOTS('',3,(#2930,#2931,#2932,#2933,#2934,
    #2935,#2936,#2937,#2938,#2939,#2940,#2941,#2942,#2943,#2944,#2945),
  .UNSPECIFIED.,.F.,.F.,(4,2,2,2,2,2,2,4),(9.904752625678E-03,
    1.031735543089E-02,1.07299582361E-02,1.155516384652E-02,
    1.196776665173E-02,1.238036945694E-02,1.279297226216E-02,
    1.320557506737E-02),.UNSPECIFIED.);
#2930 = CARTESIAN_POINT('',(-1.925515716706E-16,8.9,7.));
#2931 = CARTESIAN_POINT('',(0.138394138063,8.9,7.));
#2932 = CARTESIAN_POINT('',(0.275236501098,8.913548088984,6.995900027452
    ));
#2933 = CARTESIAN_POINT('',(0.545858959927,8.96749546018,6.980000739363)
  );
#2934 = CARTESIAN_POINT('',(0.679796231015,9.008355625097,6.968076879701
    ));
#2935 = CARTESIAN_POINT('',(1.059306745257,9.166165180121,6.924069792252
    ));
#2936 = CARTESIAN_POINT('',(1.292111851336,9.322335484415,6.882533146517
    ));
#2937 = CARTESIAN_POINT('',(1.580913483481,9.611029023502,6.819854576534
    ));
#2938 = CARTESIAN_POINT('',(1.668958119721,9.71807313627,6.798585675186)
  );
#2939 = CARTESIAN_POINT('',(1.821322931965,9.945703804979,6.759361742482
    ));
#2940 = CARTESIAN_POINT('',(1.885772625844,10.065833977614,
    6.741429638333));
#2941 = CARTESIAN_POINT('',(1.991242570043,10.319002510275,
    6.711033079357));
#2942 = CARTESIAN_POINT('',(2.032191741163,10.453043339528,
    6.698581606409));
#2943 = CARTESIAN_POINT('',(2.086217058958,10.723118718222,
    6.681953097223));
#2944 = CARTESIAN_POINT('',(2.1,10.860418066261,6.677574409919));
#2945 = CARTESIAN_POINT('',(2.1,11.,6.677574409919));
#2946 = PCURVE('',#243,#2947);
#2947 = DEFINITIONAL_REPRESENTATION('',(#2948),#2996);
#2948 = B_SPLINE_CURVE_WITH_KNOTS('',3,(#2949,#2950,#2951,#2952,#2953,
    #2954,#2955,#2956,#2957,#2958,#2959,#2960,#2961,#2962,#2963,#2964,
    #2965,#2966,#2967,#2968,#2969,#2970,#2971,#2972,#2973,#2974,#2975,
    #2976,#2977,#2978,#2979,#2980,#2981,#2982,#2983,#2984,#2985,#2986,
    #2987,#2988,#2989,#2990,#2991,#2992,#2993,#2994,#2995),
  .UNSPECIFIED.,.F.,.F.,(4,1,1,1,1,1,1,1,1,1,1,1,1,1,1,1,1,1,1,1,1,1,1,1
    ,1,1,1,1,1,1,1,1,1,1,1,1,1,1,1,1,1,1,1,1,4),(9.904752625678E-03,
    9.979771317535E-03,1.005479000939E-02,1.012980870125E-02,
    1.02048273931E-02,1.027984608496E-02,1.035486477682E-02,
    1.042988346867E-02,1.050490216053E-02,1.057992085239E-02,
    1.065493954424E-02,1.07299582361E-02,1.080497692796E-02,
    1.087999561981E-02,1.095501431167E-02,1.103003300353E-02,
    1.110505169538E-02,1.118007038724E-02,1.12550890791E-02,
    1.133010777095E-02,1.140512646281E-02,1.148014515467E-02,
    1.155516384652E-02,1.163018253838E-02,1.170520123024E-02,
    1.178021992209E-02,1.185523861395E-02,1.19302573058E-02,
    1.200527599766E-02,1.208029468952E-02,1.215531338137E-02,
    1.223033207323E-02,1.230535076509E-02,1.238036945694E-02,
    1.24553881488E-02,1.253040684066E-02,1.260542553251E-02,
    1.268044422437E-02,1.275546291623E-02,1.283048160808E-02,
    1.290550029994E-02,1.29805189918E-02,1.305553768365E-02,
    1.313055637551E-02,1.320557506737E-02),.QUASI_UNIFORM_KNOTS.);
#2949 = CARTESIAN_POINT('',(3.14159265359,6.1));
#2950 = CARTESIAN_POINT('',(3.137998002831,6.1));
#2951 = CARTESIAN_POINT('',(3.130823351658,6.099104256229));
#2952 = CARTESIAN_POINT('',(3.120103993374,6.095077847871));
#2953 = CARTESIAN_POINT('',(3.109425979539,6.088373000801));
#2954 = CARTESIAN_POINT('',(3.098787831264,6.078994365181));
#2955 = CARTESIAN_POINT('',(3.088188991992,6.06694549111));
#2956 = CARTESIAN_POINT('',(3.077625587647,6.052234032768));
#2957 = CARTESIAN_POINT('',(3.067106709498,6.034792877298));
#2958 = CARTESIAN_POINT('',(3.056666246761,6.014716607354));
#2959 = CARTESIAN_POINT('',(3.046334566215,5.992080132666));
#2960 = CARTESIAN_POINT('',(3.036139442974,5.966953030501));
#2961 = CARTESIAN_POINT('',(3.026123029305,5.939445880901));
#2962 = CARTESIAN_POINT('',(3.016272851374,5.909510585268));
#2963 = CARTESIAN_POINT('',(3.006558452573,5.877087766679));
#2964 = CARTESIAN_POINT('',(2.997004271269,5.842277197725));
#2965 = CARTESIAN_POINT('',(2.987620216417,5.805136000168));
#2966 = CARTESIAN_POINT('',(2.978420256768,5.765732749563));
#2967 = CARTESIAN_POINT('',(2.969417404375,5.724132857129));
#2968 = CARTESIAN_POINT('',(2.960625112228,5.680402937635));
#2969 = CARTESIAN_POINT('',(2.952056626964,5.634607955985));
#2970 = CARTESIAN_POINT('',(2.943726113855,5.586818272997));
#2971 = CARTESIAN_POINT('',(2.935644745097,5.537084315689));
#2972 = CARTESIAN_POINT('',(2.927835170746,5.485530850374));
#2973 = CARTESIAN_POINT('',(2.920277504395,5.432005219978));
#2974 = CARTESIAN_POINT('',(2.912958296723,5.376434415291));
#2975 = CARTESIAN_POINT('',(2.905906731373,5.319022728991));
#2976 = CARTESIAN_POINT('',(2.899140882254,5.259900539702));
#2977 = CARTESIAN_POINT('',(2.892681160093,5.199216580375));
#2978 = CARTESIAN_POINT('',(2.886550206832,5.137120080703));
#2979 = CARTESIAN_POINT('',(2.880754840891,5.07378897349));
#2980 = CARTESIAN_POINT('',(2.875294594718,5.009191852333));
#2981 = CARTESIAN_POINT('',(2.870171022789,4.943333017198));
#2982 = CARTESIAN_POINT('',(2.865385317036,4.876196542727));
#2983 = CARTESIAN_POINT('',(2.860938430268,4.807811698485));
#2984 = CARTESIAN_POINT('',(2.856832963523,4.738047199669));
#2985 = CARTESIAN_POINT('',(2.853082802234,4.66701025237));
#2986 = CARTESIAN_POINT('',(2.849700134159,4.594966569316));
#2987 = CARTESIAN_POINT('',(2.846697917487,4.52214383536));
#2988 = CARTESIAN_POINT('',(2.844087878595,4.448763340222));
#2989 = CARTESIAN_POINT('',(2.841886046339,4.375109982029));
#2990 = CARTESIAN_POINT('',(2.840075826996,4.301003254594));
#2991 = CARTESIAN_POINT('',(2.838662094983,4.226447980246));
#2992 = CARTESIAN_POINT('',(2.837647848296,4.151441909796));
#2993 = CARTESIAN_POINT('',(2.837036592774,4.075984689514));
#2994 = CARTESIAN_POINT('',(2.836899999731,4.025378533407));
#2995 = CARTESIAN_POINT('',(2.836899999574,4.));
#2996 = ( GEOMETRIC_REPRESENTATION_CONTEXT(2) 
PARAMETRIC_REPRESENTATION_CONTEXT() REPRESENTATION_CONTEXT('2D SPACE',''
  ) );
#2997 = PCURVE('',#741,#2998);
#2998 = DEFINITIONAL_REPRESENTATION('',(#2999),#3047);
#2999 = B_SPLINE_CURVE_WITH_KNOTS('',3,(#3000,#3001,#3002,#3003,#3004,
    #3005,#3006,#3007,#3008,#3009,#3010,#3011,#3012,#3013,#3014,#3015,
    #3016,#3017,#3018,#3019,#3020,#3021,#3022,#3023,#3024,#3025,#3026,
    #3027,#3028,#3029,#3030,#3031,#3032,#3033,#3034,#3035,#3036,#3037,
    #3038,#3039,#3040,#3041,#3042,#3043,#3044,#3045,#3046),
  .UNSPECIFIED.,.F.,.F.,(4,1,1,1,1,1,1,1,1,1,1,1,1,1,1,1,1,1,1,1,1,1,1,1
    ,1,1,1,1,1,1,1,1,1,1,1,1,1,1,1,1,1,1,1,1,4),(9.904752625678E-03,
    9.979771317535E-03,1.005479000939E-02,1.012980870125E-02,
    1.02048273931E-02,1.027984608496E-02,1.035486477682E-02,
    1.042988346867E-02,1.050490216053E-02,1.057992085239E-02,
    1.065493954424E-02,1.07299582361E-02,1.080497692796E-02,
    1.087999561981E-02,1.095501431167E-02,1.103003300353E-02,
    1.110505169538E-02,1.118007038724E-02,1.12550890791E-02,
    1.133010777095E-02,1.140512646281E-02,1.148014515467E-02,
    1.155516384652E-02,1.163018253838E-02,1.170520123024E-02,
    1.178021992209E-02,1.185523861395E-02,1.19302573058E-02,
    1.200527599766E-02,1.208029468952E-02,1.215531338137E-02,
    1.223033207323E-02,1.230535076509E-02,1.238036945694E-02,
    1.24553881488E-02,1.253040684066E-02,1.260542553251E-02,
    1.268044422437E-02,1.275546291623E-02,1.283048160808E-02,
    1.290550029994E-02,1.29805189918E-02,1.305553768365E-02,
    1.313055637551E-02,1.320557506737E-02),.QUASI_UNIFORM_KNOTS.);
#3000 = CARTESIAN_POINT('',(1.570796326795,-7.));
#3001 = CARTESIAN_POINT('',(1.558814117132,-7.));
#3002 = CARTESIAN_POINT('',(1.534898695173,-6.999728927939));
#3003 = CARTESIAN_POINT('',(1.499126231253,-6.998518125761));
#3004 = CARTESIAN_POINT('',(1.463408394269,-6.996512169749));
#3005 = CARTESIAN_POINT('',(1.427698158642,-6.993720036598));
#3006 = CARTESIAN_POINT('',(1.391951483619,-6.990150939086));
#3007 = CARTESIAN_POINT('',(1.356114822337,-6.98581320921));
#3008 = CARTESIAN_POINT('',(1.320169070712,-6.980704350861));
#3009 = CARTESIAN_POINT('',(1.284189691508,-6.974874902711));
#3010 = CARTESIAN_POINT('',(1.248240882735,-6.968368206243));
#3011 = CARTESIAN_POINT('',(1.212377839932,-6.961226296212));
#3012 = CARTESIAN_POINT('',(1.176706745851,-6.953503631473));
#3013 = CARTESIAN_POINT('',(1.141136116382,-6.945206281205));
#3014 = CARTESIAN_POINT('',(1.105515757758,-6.936349816459));
#3015 = CARTESIAN_POINT('',(1.0698936023,-6.926998365998));
#3016 = CARTESIAN_POINT('',(1.034266255685,-6.917203046355));
#3017 = CARTESIAN_POINT('',(0.99864545005,-6.907018465281));
#3018 = CARTESIAN_POINT('',(0.963039733589,-6.896498277873));
#3019 = CARTESIAN_POINT('',(0.927459262553,-6.885696458636));
#3020 = CARTESIAN_POINT('',(0.89191291704,-6.874666657093));
#3021 = CARTESIAN_POINT('',(0.856413006295,-6.86346350329));
#3022 = CARTESIAN_POINT('',(0.820957297138,-6.852138030158));
#3023 = CARTESIAN_POINT('',(0.785594182846,-6.840754678565));
#3024 = CARTESIAN_POINT('',(0.750178005988,-6.82932785475));
#3025 = CARTESIAN_POINT('',(0.714604537493,-6.817891433248));
#3026 = CARTESIAN_POINT('',(0.67896329436,-6.806529243885));
#3027 = CARTESIAN_POINT('',(0.643293014277,-6.795311986245));
#3028 = CARTESIAN_POINT('',(0.60764380849,-6.784312925595));
#3029 = CARTESIAN_POINT('',(0.572068003238,-6.773608194706));
#3030 = CARTESIAN_POINT('',(0.5365999819,-6.763258888009));
#3031 = CARTESIAN_POINT('',(0.501180164443,-6.753298933172));
#3032 = CARTESIAN_POINT('',(0.465765730544,-6.74376740404));
#3033 = CARTESIAN_POINT('',(0.430304524549,-6.734702132545));
#3034 = CARTESIAN_POINT('',(0.394764058092,-6.726140772108));
#3035 = CARTESIAN_POINT('',(0.359043781709,-6.718122932095));
#3036 = CARTESIAN_POINT('',(0.32315954139,-6.710700434777));
#3037 = CARTESIAN_POINT('',(0.287196655273,-6.703922828493));
#3038 = CARTESIAN_POINT('',(0.251225181412,-6.697840953066));
#3039 = CARTESIAN_POINT('',(0.215310695619,-6.692502756318));
#3040 = CARTESIAN_POINT('',(0.17954895698,-6.687966462585));
#3041 = CARTESIAN_POINT('',(0.143798150923,-6.684217814185));
#3042 = CARTESIAN_POINT('',(0.108017884279,-6.681274000016));
#3043 = CARTESIAN_POINT('',(7.216156095798E-02,-6.679150676489));
#3044 = CARTESIAN_POINT('',(3.618318470833E-02,-6.677863910783));
#3045 = CARTESIAN_POINT('',(1.208500514183E-02,-6.677574409919));
#3046 = CARTESIAN_POINT('',(0.,-6.677574409919));
#3047 = ( GEOMETRIC_REPRESENTATION_CONTEXT(2) 
PARAMETRIC_REPRESENTATION_CONTEXT() REPRESENTATION_CONTEXT('2D SPACE',''
  ) );
#3048 = ORIENTED_EDGE('',*,*,#1687,.T.);
#3049 = ORIENTED_EDGE('',*,*,#3050,.F.);
#3050 = EDGE_CURVE('',#3051,#435,#3053,.T.);
#3051 = VERTEX_POINT('',#3052);
#3052 = CARTESIAN_POINT('',(6.538348415311,-14.5,2.5));
#3053 = SURFACE_CURVE('',#3054,(#3059,#3066),.PCURVE_S1.);
#3054 = CIRCLE('',#3055,7.);
#3055 = AXIS2_PLACEMENT_3D('',#3056,#3057,#3058);
#3056 = CARTESIAN_POINT('',(-3.219646771413E-15,-14.5,0.));
#3057 = DIRECTION('',(-2.22044604925E-16,-1.,0.));
#3058 = DIRECTION('',(1.7763568394E-15,-3.944304526105E-31,1.));
#3059 = PCURVE('',#243,#3060);
#3060 = DEFINITIONAL_REPRESENTATION('',(#3061),#3065);
#3061 = LINE('',#3062,#3063);
#3062 = CARTESIAN_POINT('',(-3.14159265359,29.5));
#3063 = VECTOR('',#3064,1.);
#3064 = DIRECTION('',(1.,0.));
#3065 = ( GEOMETRIC_REPRESENTATION_CONTEXT(2) 
PARAMETRIC_REPRESENTATION_CONTEXT() REPRESENTATION_CONTEXT('2D SPACE',''
  ) );
#3066 = PCURVE('',#450,#3067);
#3067 = DEFINITIONAL_REPRESENTATION('',(#3068),#3072);
#3068 = LINE('',#3069,#3070);
#3069 = CARTESIAN_POINT('',(-3.14159265359,0.));
#3070 = VECTOR('',#3071,1.);
#3071 = DIRECTION('',(1.,0.));
#3072 = ( GEOMETRIC_REPRESENTATION_CONTEXT(2) 
PARAMETRIC_REPRESENTATION_CONTEXT() REPRESENTATION_CONTEXT('2D SPACE',''
  ) );
#3073 = ORIENTED_EDGE('',*,*,#3074,.T.);
#3074 = EDGE_CURVE('',#3051,#148,#3075,.T.);
#3075 = SURFACE_CURVE('',#3076,(#3080,#3087),.PCURVE_S1.);
#3076 = LINE('',#3077,#3078);
#3077 = CARTESIAN_POINT('',(6.538348415311,-15.,2.5));
#3078 = VECTOR('',#3079,1.);
#3079 = DIRECTION('',(2.22044604925E-16,1.,-0.));
#3080 = PCURVE('',#243,#3081);
#3081 = DEFINITIONAL_REPRESENTATION('',(#3082),#3086);
#3082 = LINE('',#3083,#3084);
#3083 = CARTESIAN_POINT('',(1.936003548085,30.));
#3084 = VECTOR('',#3085,1.);
#3085 = DIRECTION('',(0.,-1.));
#3086 = ( GEOMETRIC_REPRESENTATION_CONTEXT(2) 
PARAMETRIC_REPRESENTATION_CONTEXT() REPRESENTATION_CONTEXT('2D SPACE',''
  ) );
#3087 = PCURVE('',#188,#3088);
#3088 = DEFINITIONAL_REPRESENTATION('',(#3089),#3093);
#3089 = LINE('',#3090,#3091);
#3090 = CARTESIAN_POINT('',(0.,0.));
#3091 = VECTOR('',#3092,1.);
#3092 = DIRECTION('',(-1.,0.));
#3093 = ( GEOMETRIC_REPRESENTATION_CONTEXT(2) 
PARAMETRIC_REPRESENTATION_CONTEXT() REPRESENTATION_CONTEXT('2D SPACE',''
  ) );
#3094 = ORIENTED_EDGE('',*,*,#228,.F.);
#3095 = ORIENTED_EDGE('',*,*,#1833,.T.);
#3096 = ADVANCED_FACE('',(#3097),#1596,.T.);
#3097 = FACE_BOUND('',#3098,.T.);
#3098 = EDGE_LOOP('',(#3099,#3100,#3122,#3123));
#3099 = ORIENTED_EDGE('',*,*,#1580,.F.);
#3100 = ORIENTED_EDGE('',*,*,#3101,.T.);
#3101 = EDGE_CURVE('',#1547,#1545,#3102,.T.);
#3102 = SURFACE_CURVE('',#3103,(#3108,#3115),.PCURVE_S1.);
#3103 = CIRCLE('',#3104,22.5);
#3104 = AXIS2_PLACEMENT_3D('',#3105,#3106,#3107);
#3105 = CARTESIAN_POINT('',(9.992007221626E-16,4.5,0.));
#3106 = DIRECTION('',(2.22044604925E-16,1.,-0.));
#3107 = DIRECTION('',(0.,0.,1.));
#3108 = PCURVE('',#1596,#3109);
#3109 = DEFINITIONAL_REPRESENTATION('',(#3110),#3114);
#3110 = LINE('',#3111,#3112);
#3111 = CARTESIAN_POINT('',(0.,0.));
#3112 = VECTOR('',#3113,1.);
#3113 = DIRECTION('',(1.,0.));
#3114 = ( GEOMETRIC_REPRESENTATION_CONTEXT(2) 
PARAMETRIC_REPRESENTATION_CONTEXT() REPRESENTATION_CONTEXT('2D SPACE',''
  ) );
#3115 = PCURVE('',#1568,#3116);
#3116 = DEFINITIONAL_REPRESENTATION('',(#3117),#3121);
#3117 = CIRCLE('',#3118,22.5);
#3118 = AXIS2_PLACEMENT_2D('',#3119,#3120);
#3119 = CARTESIAN_POINT('',(0.,0.));
#3120 = DIRECTION('',(1.,0.));
#3121 = ( GEOMETRIC_REPRESENTATION_CONTEXT(2) 
PARAMETRIC_REPRESENTATION_CONTEXT() REPRESENTATION_CONTEXT('2D SPACE',''
  ) );
#3122 = ORIENTED_EDGE('',*,*,#1641,.T.);
#3123 = ORIENTED_EDGE('',*,*,#2497,.F.);
#3124 = ADVANCED_FACE('',(#3125,#3129),#1568,.F.);
#3125 = FACE_BOUND('',#3126,.T.);
#3126 = EDGE_LOOP('',(#3127,#3128));
#3127 = ORIENTED_EDGE('',*,*,#2370,.T.);
#3128 = ORIENTED_EDGE('',*,*,#2442,.T.);
#3129 = FACE_BOUND('',#3130,.T.);
#3130 = EDGE_LOOP('',(#3131,#3132));
#3131 = ORIENTED_EDGE('',*,*,#1544,.F.);
#3132 = ORIENTED_EDGE('',*,*,#3101,.F.);
#3133 = ADVANCED_FACE('',(#3134,#3163),#1452,.F.);
#3134 = FACE_BOUND('',#3135,.T.);
#3135 = EDGE_LOOP('',(#3136,#3162));
#3136 = ORIENTED_EDGE('',*,*,#3137,.T.);
#3137 = EDGE_CURVE('',#1431,#1429,#3138,.T.);
#3138 = SURFACE_CURVE('',#3139,(#3144,#3155),.PCURVE_S1.);
#3139 = CIRCLE('',#3140,22.5);
#3140 = AXIS2_PLACEMENT_3D('',#3141,#3142,#3143);
#3141 = CARTESIAN_POINT('',(-2.775557561563E-15,-12.5,0.));
#3142 = DIRECTION('',(2.22044604925E-16,1.,-0.));
#3143 = DIRECTION('',(0.,0.,1.));
#3144 = PCURVE('',#1452,#3145);
#3145 = DEFINITIONAL_REPRESENTATION('',(#3146),#3154);
#3146 = ( BOUNDED_CURVE() B_SPLINE_CURVE(2,(#3147,#3148,#3149,#3150,
#3151,#3152,#3153),.UNSPECIFIED.,.T.,.F.) B_SPLINE_CURVE_WITH_KNOTS((1,2
    ,2,2,2,1),(-2.094395102393,0.,2.094395102393,4.188790204786,
6.28318530718,8.377580409573),.UNSPECIFIED.) CURVE() 
GEOMETRIC_REPRESENTATION_ITEM() RATIONAL_B_SPLINE_CURVE((1.,0.5,1.,0.5,
1.,0.5,1.)) REPRESENTATION_ITEM('') );
#3147 = CARTESIAN_POINT('',(22.5,0.));
#3148 = CARTESIAN_POINT('',(22.5,-38.9711431703));
#3149 = CARTESIAN_POINT('',(-11.25,-19.48557158515));
#3150 = CARTESIAN_POINT('',(-45.,-5.510910596163E-15));
#3151 = CARTESIAN_POINT('',(-11.25,19.48557158515));
#3152 = CARTESIAN_POINT('',(22.5,38.9711431703));
#3153 = CARTESIAN_POINT('',(22.5,0.));
#3154 = ( GEOMETRIC_REPRESENTATION_CONTEXT(2) 
PARAMETRIC_REPRESENTATION_CONTEXT() REPRESENTATION_CONTEXT('2D SPACE',''
  ) );
#3155 = PCURVE('',#1484,#3156);
#3156 = DEFINITIONAL_REPRESENTATION('',(#3157),#3161);
#3157 = LINE('',#3158,#3159);
#3158 = CARTESIAN_POINT('',(9.424777960769,0.));
#3159 = VECTOR('',#3160,1.);
#3160 = DIRECTION('',(-1.,0.));
#3161 = ( GEOMETRIC_REPRESENTATION_CONTEXT(2) 
PARAMETRIC_REPRESENTATION_CONTEXT() REPRESENTATION_CONTEXT('2D SPACE',''
  ) );
#3162 = ORIENTED_EDGE('',*,*,#1428,.T.);
#3163 = FACE_BOUND('',#3164,.T.);
#3164 = EDGE_LOOP('',(#3165,#3166));
#3165 = ORIENTED_EDGE('',*,*,#2419,.T.);
#3166 = ORIENTED_EDGE('',*,*,#2311,.T.);
#3167 = ADVANCED_FACE('',(#3168),#1484,.T.);
#3168 = FACE_BOUND('',#3169,.T.);
#3169 = EDGE_LOOP('',(#3170,#3171,#3172,#3173));
#3170 = ORIENTED_EDGE('',*,*,#1468,.F.);
#3171 = ORIENTED_EDGE('',*,*,#3137,.F.);
#3172 = ORIENTED_EDGE('',*,*,#1520,.T.);
#3173 = ORIENTED_EDGE('',*,*,#2621,.T.);
#3174 = ADVANCED_FACE('',(#3175),#1177,.F.);
#3175 = FACE_BOUND('',#3176,.F.);
#3176 = EDGE_LOOP('',(#3177,#3203,#3204,#3205));
#3177 = ORIENTED_EDGE('',*,*,#3178,.F.);
#3178 = EDGE_CURVE('',#1157,#1190,#3179,.T.);
#3179 = SURFACE_CURVE('',#3180,(#3185,#3192),.PCURVE_S1.);
#3180 = CIRCLE('',#3181,2.1);
#3181 = AXIS2_PLACEMENT_3D('',#3182,#3183,#3184);
#3182 = CARTESIAN_POINT('',(9.3,11.,1.734723475977E-15));
#3183 = DIRECTION('',(-1.,2.22044604925E-16,0.));
#3184 = DIRECTION('',(0.,0.,1.));
#3185 = PCURVE('',#1177,#3186);
#3186 = DEFINITIONAL_REPRESENTATION('',(#3187),#3191);
#3187 = LINE('',#3188,#3189);
#3188 = CARTESIAN_POINT('',(-3.14159265359,-9.3));
#3189 = VECTOR('',#3190,1.);
#3190 = DIRECTION('',(1.,0.));
#3191 = ( GEOMETRIC_REPRESENTATION_CONTEXT(2) 
PARAMETRIC_REPRESENTATION_CONTEXT() REPRESENTATION_CONTEXT('2D SPACE',''
  ) );
#3192 = PCURVE('',#1206,#3193);
#3193 = DEFINITIONAL_REPRESENTATION('',(#3194),#3202);
#3194 = ( BOUNDED_CURVE() B_SPLINE_CURVE(2,(#3195,#3196,#3197,#3198,
#3199,#3200,#3201),.UNSPECIFIED.,.T.,.F.) B_SPLINE_CURVE_WITH_KNOTS((1,2
    ,2,2,2,1),(-2.094395102393,0.,2.094395102393,4.188790204786,
6.28318530718,8.377580409573),.UNSPECIFIED.) CURVE() 
GEOMETRIC_REPRESENTATION_ITEM() RATIONAL_B_SPLINE_CURVE((1.,0.5,1.,0.5,
1.,0.5,1.)) REPRESENTATION_ITEM('') );
#3195 = CARTESIAN_POINT('',(4.6,-26.));
#3196 = CARTESIAN_POINT('',(4.6,-29.63730669589));
#3197 = CARTESIAN_POINT('',(1.45,-27.81865334794));
#3198 = CARTESIAN_POINT('',(-1.7,-26.));
#3199 = CARTESIAN_POINT('',(1.45,-24.18134665205));
#3200 = CARTESIAN_POINT('',(4.6,-22.3626933041));
#3201 = CARTESIAN_POINT('',(4.6,-26.));
#3202 = ( GEOMETRIC_REPRESENTATION_CONTEXT(2) 
PARAMETRIC_REPRESENTATION_CONTEXT() REPRESENTATION_CONTEXT('2D SPACE',''
  ) );
#3203 = ORIENTED_EDGE('',*,*,#1154,.F.);
#3204 = ORIENTED_EDGE('',*,*,#1908,.T.);
#3205 = ORIENTED_EDGE('',*,*,#1222,.T.);
#3206 = ADVANCED_FACE('',(#3207),#741,.F.);
#3207 = FACE_BOUND('',#3208,.F.);
#3208 = EDGE_LOOP('',(#3209,#3210,#3211,#3212,#3213,#3214));
#3209 = ORIENTED_EDGE('',*,*,#1710,.T.);
#3210 = ORIENTED_EDGE('',*,*,#2927,.T.);
#3211 = ORIENTED_EDGE('',*,*,#725,.F.);
#3212 = ORIENTED_EDGE('',*,*,#2114,.T.);
#3213 = ORIENTED_EDGE('',*,*,#2673,.T.);
#3214 = ORIENTED_EDGE('',*,*,#1001,.T.);
#3215 = ADVANCED_FACE('',(#3216,#3262),#1206,.F.);
#3216 = FACE_BOUND('',#3217,.T.);
#3217 = EDGE_LOOP('',(#3218,#3219,#3240,#3241));
#3218 = ORIENTED_EDGE('',*,*,#2902,.T.);
#3219 = ORIENTED_EDGE('',*,*,#3220,.F.);
#3220 = EDGE_CURVE('',#2527,#2880,#3221,.T.);
#3221 = SURFACE_CURVE('',#3222,(#3226,#3233),.PCURVE_S1.);
#3222 = LINE('',#3223,#3224);
#3223 = CARTESIAN_POINT('',(9.3,-15.,-2.5));
#3224 = VECTOR('',#3225,1.);
#3225 = DIRECTION('',(2.22044604925E-16,1.,-0.));
#3226 = PCURVE('',#1206,#3227);
#3227 = DEFINITIONAL_REPRESENTATION('',(#3228),#3232);
#3228 = LINE('',#3229,#3230);
#3229 = CARTESIAN_POINT('',(0.,0.));
#3230 = VECTOR('',#3231,1.);
#3231 = DIRECTION('',(0.,-1.));
#3232 = ( GEOMETRIC_REPRESENTATION_CONTEXT(2) 
PARAMETRIC_REPRESENTATION_CONTEXT() REPRESENTATION_CONTEXT('2D SPACE',''
  ) );
#3233 = PCURVE('',#528,#3234);
#3234 = DEFINITIONAL_REPRESENTATION('',(#3235),#3239);
#3235 = LINE('',#3236,#3237);
#3236 = CARTESIAN_POINT('',(6.132098350629E-16,2.761651584689));
#3237 = VECTOR('',#3238,1.);
#3238 = DIRECTION('',(1.,0.));
#3239 = ( GEOMETRIC_REPRESENTATION_CONTEXT(2) 
PARAMETRIC_REPRESENTATION_CONTEXT() REPRESENTATION_CONTEXT('2D SPACE',''
  ) );
#3240 = ORIENTED_EDGE('',*,*,#2598,.F.);
#3241 = ORIENTED_EDGE('',*,*,#3242,.T.);
#3242 = EDGE_CURVE('',#2576,#2827,#3243,.T.);
#3243 = SURFACE_CURVE('',#3244,(#3248,#3255),.PCURVE_S1.);
#3244 = LINE('',#3245,#3246);
#3245 = CARTESIAN_POINT('',(9.3,-15.,2.5));
#3246 = VECTOR('',#3247,1.);
#3247 = DIRECTION('',(2.22044604925E-16,1.,-0.));
#3248 = PCURVE('',#1206,#3249);
#3249 = DEFINITIONAL_REPRESENTATION('',(#3250),#3254);
#3250 = LINE('',#3251,#3252);
#3251 = CARTESIAN_POINT('',(5.,0.));
#3252 = VECTOR('',#3253,1.);
#3253 = DIRECTION('',(0.,-1.));
#3254 = ( GEOMETRIC_REPRESENTATION_CONTEXT(2) 
PARAMETRIC_REPRESENTATION_CONTEXT() REPRESENTATION_CONTEXT('2D SPACE',''
  ) );
#3255 = PCURVE('',#188,#3256);
#3256 = DEFINITIONAL_REPRESENTATION('',(#3257),#3261);
#3257 = LINE('',#3258,#3259);
#3258 = CARTESIAN_POINT('',(-6.132098350629E-16,2.761651584689));
#3259 = VECTOR('',#3260,1.);
#3260 = DIRECTION('',(-1.,0.));
#3261 = ( GEOMETRIC_REPRESENTATION_CONTEXT(2) 
PARAMETRIC_REPRESENTATION_CONTEXT() REPRESENTATION_CONTEXT('2D SPACE',''
  ) );
#3262 = FACE_BOUND('',#3263,.T.);
#3263 = EDGE_LOOP('',(#3264,#3265));
#3264 = ORIENTED_EDGE('',*,*,#3178,.F.);
#3265 = ORIENTED_EDGE('',*,*,#1189,.F.);
#3266 = ADVANCED_FACE('',(#3267),#528,.F.);
#3267 = FACE_BOUND('',#3268,.T.);
#3268 = EDGE_LOOP('',(#3269,#3270,#3271,#3272,#3273,#3274));
#3269 = ORIENTED_EDGE('',*,*,#1858,.F.);
#3270 = ORIENTED_EDGE('',*,*,#487,.T.);
#3271 = ORIENTED_EDGE('',*,*,#2526,.F.);
#3272 = ORIENTED_EDGE('',*,*,#3220,.T.);
#3273 = ORIENTED_EDGE('',*,*,#2879,.T.);
#3274 = ORIENTED_EDGE('',*,*,#3275,.T.);
#3275 = EDGE_CURVE('',#2852,#1859,#3276,.T.);
#3276 = SURFACE_CURVE('',#3277,(#3282,#3290),.PCURVE_S1.);
#3277 = B_SPLINE_CURVE_WITH_KNOTS('',3,(#3278,#3279,#3280,#3281),
  .UNSPECIFIED.,.F.,.F.,(4,4),(0.,7.306093042559E-04),
  .PIECEWISE_BEZIER_KNOTS.);
#3278 = CARTESIAN_POINT('',(7.071067811865,15.,-2.5));
#3279 = CARTESIAN_POINT('',(6.8938690276,14.832935384038,-2.5));
#3280 = CARTESIAN_POINT('',(6.716323393117,14.666237487729,-2.5));
#3281 = CARTESIAN_POINT('',(6.538348415311,14.5,-2.5));
#3282 = PCURVE('',#528,#3283);
#3283 = DEFINITIONAL_REPRESENTATION('',(#3284),#3289);
#3284 = B_SPLINE_CURVE_WITH_KNOTS('',3,(#3285,#3286,#3287,#3288),
  .UNSPECIFIED.,.F.,.F.,(4,4),(0.,7.306093042559E-04),
  .PIECEWISE_BEZIER_KNOTS.);
#3285 = CARTESIAN_POINT('',(30.,0.532719396554));
#3286 = CARTESIAN_POINT('',(29.832935384038,0.355520612289));
#3287 = CARTESIAN_POINT('',(29.666237487729,0.177974977806));
#3288 = CARTESIAN_POINT('',(29.5,0.));
#3289 = ( GEOMETRIC_REPRESENTATION_CONTEXT(2) 
PARAMETRIC_REPRESENTATION_CONTEXT() REPRESENTATION_CONTEXT('2D SPACE',''
  ) );
#3290 = PCURVE('',#105,#3291);
#3291 = DEFINITIONAL_REPRESENTATION('',(#3292),#3318);
#3292 = B_SPLINE_CURVE_WITH_KNOTS('',3,(#3293,#3294,#3295,#3296,#3297,
    #3298,#3299,#3300,#3301,#3302,#3303,#3304,#3305,#3306,#3307,#3308,
    #3309,#3310,#3311,#3312,#3313,#3314,#3315,#3316,#3317),
  .UNSPECIFIED.,.F.,.F.,(4,1,1,1,1,1,1,1,1,1,1,1,1,1,1,1,1,1,1,1,1,1,4),
  (0.,3.320951382982E-05,6.641902765963E-05,9.962854148945E-05,
    1.328380553193E-04,1.660475691491E-04,1.992570829789E-04,
    2.324665968087E-04,2.656761106385E-04,2.988856244683E-04,
    3.320951382982E-04,3.65304652128E-04,3.985141659578E-04,
    4.317236797876E-04,4.649331936174E-04,4.981427074472E-04,
    5.313522212771E-04,5.645617351069E-04,5.977712489367E-04,
    6.309807627665E-04,6.641902765963E-04,6.973997904261E-04,
    7.306093042559E-04),.QUASI_UNIFORM_KNOTS.);
#3293 = CARTESIAN_POINT('',(1.910633236249,0.));
#3294 = CARTESIAN_POINT('',(1.910991213654,-7.593846134311E-03));
#3295 = CARTESIAN_POINT('',(1.911709406665,-2.278001487668E-02));
#3296 = CARTESIAN_POINT('',(1.912793474515,-4.555465033286E-02));
#3297 = CARTESIAN_POINT('',(1.913884384126,-6.832462127062E-02));
#3298 = CARTESIAN_POINT('',(1.914982199974,-9.10898800674E-02));
#3299 = CARTESIAN_POINT('',(1.916086987236,-0.113850378591));
#3300 = CARTESIAN_POINT('',(1.917198811896,-0.136606068119));
#3301 = CARTESIAN_POINT('',(1.918317740732,-0.159356899354));
#3302 = CARTESIAN_POINT('',(1.919443841332,-0.182102822402));
#3303 = CARTESIAN_POINT('',(1.920577182106,-0.204843786772));
#3304 = CARTESIAN_POINT('',(1.921717832298,-0.227579741358));
#3305 = CARTESIAN_POINT('',(1.922865861998,-0.25031063444));
#3306 = CARTESIAN_POINT('',(1.924021342153,-0.273036413663));
#3307 = CARTESIAN_POINT('',(1.925184344581,-0.295757026037));
#3308 = CARTESIAN_POINT('',(1.926354941983,-0.31847241792));
#3309 = CARTESIAN_POINT('',(1.927533207956,-0.341182535011));
#3310 = CARTESIAN_POINT('',(1.928719217006,-0.363887322339));
#3311 = CARTESIAN_POINT('',(1.929913044562,-0.386586724251));
#3312 = CARTESIAN_POINT('',(1.931114766989,-0.409280684403));
#3313 = CARTESIAN_POINT('',(1.932324461595,-0.431969145752));
#3314 = CARTESIAN_POINT('',(1.933542206681,-0.454652050522));
#3315 = CARTESIAN_POINT('',(1.934768081421,-0.477329340286));
#3316 = CARTESIAN_POINT('',(1.935590804714,-0.492443750496));
#3317 = CARTESIAN_POINT('',(1.936003548085,-0.5));
#3318 = ( GEOMETRIC_REPRESENTATION_CONTEXT(2) 
PARAMETRIC_REPRESENTATION_CONTEXT() REPRESENTATION_CONTEXT('2D SPACE',''
  ) );
#3319 = ADVANCED_FACE('',(#3320),#188,.F.);
#3320 = FACE_BOUND('',#3321,.T.);
#3321 = EDGE_LOOP('',(#3322,#3323,#3368,#3369,#3370,#3371));
#3322 = ORIENTED_EDGE('',*,*,#2575,.F.);
#3323 = ORIENTED_EDGE('',*,*,#3324,.T.);
#3324 = EDGE_CURVE('',#2552,#3051,#3325,.T.);
#3325 = SURFACE_CURVE('',#3326,(#3331,#3339),.PCURVE_S1.);
#3326 = B_SPLINE_CURVE_WITH_KNOTS('',3,(#3327,#3328,#3329,#3330),
  .UNSPECIFIED.,.F.,.F.,(4,4),(8.673617379884E-19,7.306093042559E-04),
  .PIECEWISE_BEZIER_KNOTS.);
#3327 = CARTESIAN_POINT('',(7.071067811865,-15.,2.5));
#3328 = CARTESIAN_POINT('',(6.8938690276,-14.83293538403,2.5));
#3329 = CARTESIAN_POINT('',(6.716323393117,-14.66623748772,2.5));
#3330 = CARTESIAN_POINT('',(6.538348415311,-14.5,2.5));
#3331 = PCURVE('',#188,#3332);
#3332 = DEFINITIONAL_REPRESENTATION('',(#3333),#3338);
#3333 = B_SPLINE_CURVE_WITH_KNOTS('',3,(#3334,#3335,#3336,#3337),
  .UNSPECIFIED.,.F.,.F.,(4,4),(8.673617379884E-19,7.306093042559E-04),
  .PIECEWISE_BEZIER_KNOTS.);
#3334 = CARTESIAN_POINT('',(0.,0.532719396554));
#3335 = CARTESIAN_POINT('',(-0.167064615962,0.355520612289));
#3336 = CARTESIAN_POINT('',(-0.333762512271,0.177974977806));
#3337 = CARTESIAN_POINT('',(-0.5,0.));
#3338 = ( GEOMETRIC_REPRESENTATION_CONTEXT(2) 
PARAMETRIC_REPRESENTATION_CONTEXT() REPRESENTATION_CONTEXT('2D SPACE',''
  ) );
#3339 = PCURVE('',#450,#3340);
#3340 = DEFINITIONAL_REPRESENTATION('',(#3341),#3367);
#3341 = B_SPLINE_CURVE_WITH_KNOTS('',3,(#3342,#3343,#3344,#3345,#3346,
    #3347,#3348,#3349,#3350,#3351,#3352,#3353,#3354,#3355,#3356,#3357,
    #3358,#3359,#3360,#3361,#3362,#3363,#3364,#3365,#3366),
  .UNSPECIFIED.,.F.,.F.,(4,1,1,1,1,1,1,1,1,1,1,1,1,1,1,1,1,1,1,1,1,1,4),
  (8.673617379884E-19,3.320951382982E-05,6.641902765963E-05,
    9.962854148945E-05,1.328380553193E-04,1.660475691491E-04,
    1.992570829789E-04,2.324665968087E-04,2.656761106385E-04,
    2.988856244683E-04,3.320951382982E-04,3.65304652128E-04,
    3.985141659578E-04,4.317236797876E-04,4.649331936174E-04,
    4.981427074472E-04,5.31352221277E-04,5.645617351069E-04,
    5.977712489367E-04,6.309807627665E-04,6.641902765963E-04,
    6.973997904261E-04,7.306093042559E-04),.QUASI_UNIFORM_KNOTS.);
#3342 = CARTESIAN_POINT('',(1.910633236249,0.5));
#3343 = CARTESIAN_POINT('',(1.910991213654,0.492406153866));
#3344 = CARTESIAN_POINT('',(1.911709406665,0.477219985123));
#3345 = CARTESIAN_POINT('',(1.912793474515,0.454445349667));
#3346 = CARTESIAN_POINT('',(1.913884384126,0.431675378729));
#3347 = CARTESIAN_POINT('',(1.914982199974,0.408910119933));
#3348 = CARTESIAN_POINT('',(1.916086987236,0.386149621409));
#3349 = CARTESIAN_POINT('',(1.917198811896,0.363393931881));
#3350 = CARTESIAN_POINT('',(1.918317740732,0.340643100646));
#3351 = CARTESIAN_POINT('',(1.919443841332,0.317897177598));
#3352 = CARTESIAN_POINT('',(1.920577182106,0.295156213228));
#3353 = CARTESIAN_POINT('',(1.921717832298,0.272420258642));
#3354 = CARTESIAN_POINT('',(1.922865861998,0.24968936556));
#3355 = CARTESIAN_POINT('',(1.924021342153,0.226963586337));
#3356 = CARTESIAN_POINT('',(1.925184344581,0.204242973963));
#3357 = CARTESIAN_POINT('',(1.926354941983,0.18152758208));
#3358 = CARTESIAN_POINT('',(1.927533207956,0.158817464989));
#3359 = CARTESIAN_POINT('',(1.928719217006,0.136112677661));
#3360 = CARTESIAN_POINT('',(1.929913044562,0.113413275749));
#3361 = CARTESIAN_POINT('',(1.931114766989,9.071931559694E-02));
#3362 = CARTESIAN_POINT('',(1.932324461595,6.803085424772E-02));
#3363 = CARTESIAN_POINT('',(1.933542206681,4.534794947766E-02));
#3364 = CARTESIAN_POINT('',(1.934768081421,2.267065971403E-02));
#3365 = CARTESIAN_POINT('',(1.935590804714,7.55624950446E-03));
#3366 = CARTESIAN_POINT('',(1.936003548085,0.));
#3367 = ( GEOMETRIC_REPRESENTATION_CONTEXT(2) 
PARAMETRIC_REPRESENTATION_CONTEXT() REPRESENTATION_CONTEXT('2D SPACE',''
  ) );
#3368 = ORIENTED_EDGE('',*,*,#3074,.T.);
#3369 = ORIENTED_EDGE('',*,*,#147,.T.);
#3370 = ORIENTED_EDGE('',*,*,#2826,.T.);
#3371 = ORIENTED_EDGE('',*,*,#3242,.F.);
#3372 = ADVANCED_FACE('',(#3373),#450,.F.);
#3373 = FACE_BOUND('',#3374,.F.);
#3374 = EDGE_LOOP('',(#3375,#3376,#3377,#3378));
#3375 = ORIENTED_EDGE('',*,*,#2551,.T.);
#3376 = ORIENTED_EDGE('',*,*,#3324,.T.);
#3377 = ORIENTED_EDGE('',*,*,#3050,.T.);
#3378 = ORIENTED_EDGE('',*,*,#434,.T.);
#3379 = ADVANCED_FACE('',(#3380),#305,.T.);
#3380 = FACE_BOUND('',#3381,.T.);
#3381 = EDGE_LOOP('',(#3382,#3383,#3384,#3385));
#3382 = ORIENTED_EDGE('',*,*,#289,.F.);
#3383 = ORIENTED_EDGE('',*,*,#2801,.F.);
#3384 = ORIENTED_EDGE('',*,*,#346,.T.);
#3385 = ORIENTED_EDGE('',*,*,#2648,.F.);
#3386 = ADVANCED_FACE('',(#3387),#105,.F.);
#3387 = FACE_BOUND('',#3388,.F.);
#3388 = EDGE_LOOP('',(#3389,#3390,#3391,#3392));
#3389 = ORIENTED_EDGE('',*,*,#2851,.T.);
#3390 = ORIENTED_EDGE('',*,*,#3275,.T.);
#3391 = ORIENTED_EDGE('',*,*,#1883,.T.);
#3392 = ORIENTED_EDGE('',*,*,#89,.T.);
#3393 = ( GEOMETRIC_REPRESENTATION_CONTEXT(3) 
GLOBAL_UNCERTAINTY_ASSIGNED_CONTEXT((#3397)) 
GLOBAL_UNIT_ASSIGNED_CONTEXT((#3394,#3395,#3396)) REPRESENTATION_CONTEXT
('Context #1','3D Context with UNIT and UNCERTAINTY') );
#3394 = ( LENGTH_UNIT() NAMED_UNIT(*) SI_UNIT(.MILLI.,.METRE.) );
#3395 = ( NAMED_UNIT(*) PLANE_ANGLE_UNIT() SI_UNIT($,.RADIAN.) );
#3396 = ( NAMED_UNIT(*) SI_UNIT($,.STERADIAN.) SOLID_ANGLE_UNIT() );
#3397 = UNCERTAINTY_MEASURE_WITH_UNIT(LENGTH_MEASURE(5.E-05),#3394,
  'distance_accuracy_value','confusion accuracy');
#3398 = PRODUCT_RELATED_PRODUCT_CATEGORY('part',$,(#7));
ENDSEC;
END-ISO-10303-21;
