ISO-10303-21;
HEADER;
FILE_DESCRIPTION(('Open CASCADE Model'),'2;1');
FILE_NAME('Open CASCADE Shape Model','2026-09-10T20:35:59',('Author'),(
    'Open CASCADE'),'Open CASCADE STEP processor 7.9','Open CASCADE 7.9'
  ,'Unknown');
FILE_SCHEMA(('AUTOMOTIVE_DESIGN { 1 0 10303 214 1 1 1 1 }'));
ENDSEC;
DATA;
#1 = APPLICATION_PROTOCOL_DEFINITION('international standard',
  'automotive_design',2000,#2);
#2 = APPLICATION_CONTEXT(
  'core data for automotive mechanical design processes');
#3 = SHAPE_DEFINITION_REPRESENTATION(#4,#10);
#4 = PRODUCT_DEFINITION_SHAPE('','',#5);
#5 = PRODUCT_DEFINITION('design','',#6,#9);
#6 = PRODUCT_DEFINITION_FORMATION('','',#7);
#7 = PRODUCT('Open CASCADE STEP translator 7.9 6',
  'Open CASCADE STEP translator 7.9 6','',(#8));
#8 = PRODUCT_CONTEXT('',#2,'mechanical');
#9 = PRODUCT_DEFINITION_CONTEXT('part definition',#2,'design');
#10 = ADVANCED_BREP_SHAPE_REPRESENTATION('',(#11,#15),#8565);
#11 = AXIS2_PLACEMENT_3D('',#12,#13,#14);
#12 = CARTESIAN_POINT('',(0.,0.,0.));
#13 = DIRECTION('',(0.,0.,1.));
#14 = DIRECTION('',(1.,0.,-0.));
#15 = MANIFOLD_SOLID_BREP('',#16);
#16 = CLOSED_SHELL('',(#17,#196,#331,#1541,#1625,#2811,#2895,#2927,#3098
    ,#3135,#3306,#3343,#3514,#3551,#3722,#3759,#3930,#3967,#4150,#4187,
    #4382,#4419,#4614,#4651,#4834,#4871,#5042,#5079,#5250,#5282,#5329,
    #5377,#5429,#5436,#5473,#5510,#5547,#5584,#5621,#5658,#5695,#5732,
    #5769,#5806,#5838,#5893,#5942,#5989,#6015,#6022,#6096,#6143,#6191,
    #6265,#6312,#6360,#6434,#6481,#6529,#6603,#6650,#6698,#6772,#6819,
    #6867,#6941,#6988,#7036,#7110,#7157,#7205,#7279,#7326,#7374,#7448,
    #7495,#7543,#7617,#7664,#7712,#7719,#7746,#7773,#7800,#7827,#7854,
    #7881,#7908,#7935,#7962,#7989,#8024,#8031,#8038,#8045,#8052,#8059,
    #8066,#8073,#8080,#8087,#8094,#8149,#8184,#8239,#8357,#8433,#8482,
    #8531,#8558));
#17 = ADVANCED_FACE('',(#18),#32,.T.);
#18 = FACE_BOUND('',#19,.T.);
#19 = EDGE_LOOP('',(#20,#55,#84,#169));
#20 = ORIENTED_EDGE('',*,*,#21,.T.);
#21 = EDGE_CURVE('',#22,#24,#26,.T.);
#22 = VERTEX_POINT('',#23);
#23 = CARTESIAN_POINT('',(-8.66666666667,-2.307141170102E-12,
    -22.49999995));
#24 = VERTEX_POINT('',#25);
#25 = CARTESIAN_POINT('',(-13.33333333334,-2.305998166423E-12,5.50000005
    ));
#26 = SURFACE_CURVE('',#27,(#31,#43),.PCURVE_S1.);
#27 = LINE('',#28,#29);
#28 = CARTESIAN_POINT('',(-8.66666666667,-2.307141170102E-12,
    -22.49999995));
#29 = VECTOR('',#30,1.);
#30 = DIRECTION('',(-0.164398987305,4.026613871732E-17,0.986393923832));
#31 = PCURVE('',#32,#37);
#32 = CONICAL_SURFACE('',#33,8.666666666667,0.165148677415);
#33 = AXIS2_PLACEMENT_3D('',#34,#35,#36);
#34 = CARTESIAN_POINT('',(2.415845301584E-13,-2.30926389122E-12,
    -22.49999995));
#35 = DIRECTION('',(0.,0.,1.));
#36 = DIRECTION('',(-1.,0.,0.));
#37 = DEFINITIONAL_REPRESENTATION('',(#38),#42);
#38 = LINE('',#39,#40);
#39 = CARTESIAN_POINT('',(6.28318530718,-0.));
#40 = VECTOR('',#41,1.);
#41 = DIRECTION('',(0.,1.));
#42 = ( GEOMETRIC_REPRESENTATION_CONTEXT(2) 
PARAMETRIC_REPRESENTATION_CONTEXT() REPRESENTATION_CONTEXT('2D SPACE',''
  ) );
#43 = PCURVE('',#44,#49);
#44 = CONICAL_SURFACE('',#45,8.666666666667,0.165148677415);
#45 = AXIS2_PLACEMENT_3D('',#46,#47,#48);
#46 = CARTESIAN_POINT('',(2.415845301584E-13,-2.30926389122E-12,
    -22.49999995));
#47 = DIRECTION('',(0.,0.,1.));
#48 = DIRECTION('',(-1.,0.,0.));
#49 = DEFINITIONAL_REPRESENTATION('',(#50),#54);
#50 = LINE('',#51,#52);
#51 = CARTESIAN_POINT('',(0.,-0.));
#52 = VECTOR('',#53,1.);
#53 = DIRECTION('',(0.,1.));
#54 = ( GEOMETRIC_REPRESENTATION_CONTEXT(2) 
PARAMETRIC_REPRESENTATION_CONTEXT() REPRESENTATION_CONTEXT('2D SPACE',''
  ) );
#55 = ORIENTED_EDGE('',*,*,#56,.F.);
#56 = EDGE_CURVE('',#57,#24,#59,.T.);
#57 = VERTEX_POINT('',#58);
#58 = CARTESIAN_POINT('',(-13.29482743186,1.012591395895,5.50000005));
#59 = SURFACE_CURVE('',#60,(#65,#72),.PCURVE_S1.);
#60 = CIRCLE('',#61,13.333333333333);
#61 = AXIS2_PLACEMENT_3D('',#62,#63,#64);
#62 = CARTESIAN_POINT('',(2.415845301584E-13,-2.30926389122E-12,
    5.50000005));
#63 = DIRECTION('',(0.,0.,1.));
#64 = DIRECTION('',(-1.,0.,0.));
#65 = PCURVE('',#32,#66);
#66 = DEFINITIONAL_REPRESENTATION('',(#67),#71);
#67 = LINE('',#68,#69);
#68 = CARTESIAN_POINT('',(0.,28.));
#69 = VECTOR('',#70,1.);
#70 = DIRECTION('',(1.,0.));
#71 = ( GEOMETRIC_REPRESENTATION_CONTEXT(2) 
PARAMETRIC_REPRESENTATION_CONTEXT() REPRESENTATION_CONTEXT('2D SPACE',''
  ) );
#72 = PCURVE('',#73,#78);
#73 = PLANE('',#74);
#74 = AXIS2_PLACEMENT_3D('',#75,#76,#77);
#75 = CARTESIAN_POINT('',(2.415845301584E-13,-2.30926389122E-12,
    5.50000005));
#76 = DIRECTION('',(0.,0.,1.));
#77 = DIRECTION('',(-1.,0.,0.));
#78 = DEFINITIONAL_REPRESENTATION('',(#79),#83);
#79 = CIRCLE('',#80,13.333333333333);
#80 = AXIS2_PLACEMENT_2D('',#81,#82);
#81 = CARTESIAN_POINT('',(0.,0.));
#82 = DIRECTION('',(1.,0.));
#83 = ( GEOMETRIC_REPRESENTATION_CONTEXT(2) 
PARAMETRIC_REPRESENTATION_CONTEXT() REPRESENTATION_CONTEXT('2D SPACE',''
  ) );
#84 = ORIENTED_EDGE('',*,*,#85,.F.);
#85 = EDGE_CURVE('',#86,#57,#88,.T.);
#86 = VERTEX_POINT('',#87);
#87 = CARTESIAN_POINT('',(-8.63783471968,0.706344439137,-22.49999995));
#88 = SURFACE_CURVE('',#89,(#112,#138),.PCURVE_S1.);
#89 = B_SPLINE_CURVE_WITH_KNOTS('',5,(#90,#91,#92,#93,#94,#95,#96,#97,
    #98,#99,#100,#101,#102,#103,#104,#105,#106,#107,#108,#109,#110,#111)
  ,.UNSPECIFIED.,.F.,.F.,(6,4,4,4,4,6),(0.,0.231011658054,0.462017731493
    ,0.693020452554,0.923021079772,1.),.UNSPECIFIED.);
#90 = CARTESIAN_POINT('',(-8.63783471968,0.706344439137,-22.49999995));
#91 = CARTESIAN_POINT('',(-8.85299344411,0.720625241239,-21.206358874));
#92 = CARTESIAN_POINT('',(-9.06815328201,0.73488361384,-19.91271266995)
  );
#93 = CARTESIAN_POINT('',(-9.28331403194,0.749122024922,-18.61906225201)
  );
#94 = CARTESIAN_POINT('',(-9.49847554728,0.763342413698,-17.32540829409)
  );
#95 = CARTESIAN_POINT('',(-9.92879469312,0.791750063961,-14.73812553193)
  );
#96 = CARTESIAN_POINT('',(-10.14395232127,0.805937331929,-13.44449674075
    ));
#97 = CARTESIAN_POINT('',(-10.35911049813,0.820109815422,-12.15086538908
    ));
#98 = CARTESIAN_POINT('',(-10.5742691402,0.834268860813,-10.85723185506)
  );
#99 = CARTESIAN_POINT('',(-11.0045841129,0.862562053579,-8.26997973524)
  );
#100 = CARTESIAN_POINT('',(-11.21974044202,0.8766962107,-6.976361156864)
  );
#101 = CARTESIAN_POINT('',(-11.43489711391,0.890819130478,
    -5.682740950378));
#102 = CARTESIAN_POINT('',(-11.65005408005,0.904931750223,
    -4.389119335511));
#103 = CARTESIAN_POINT('',(-12.07943517328,0.933076760879,
    -1.807485372464));
#104 = CARTESIAN_POINT('',(-12.2936592974,0.947109239733,-0.519473038641
    ));
#105 = CARTESIAN_POINT('',(-12.50788364087,0.961133051297,0.768540363178
    ));
#106 = CARTESIAN_POINT('',(-12.72210817461,0.975148859811,2.05655470087)
  );
#107 = CARTESIAN_POINT('',(-13.00803175163,0.993845684441,3.77565572972)
  );
#108 = CARTESIAN_POINT('',(-13.07973064553,0.998533310951,4.206741679066
    ));
#109 = CARTESIAN_POINT('',(-13.15142955738,1.003220125059,4.637827717934
    ));
#110 = CARTESIAN_POINT('',(-13.2231284864,1.007906146976,5.068913842698)
  );
#111 = CARTESIAN_POINT('',(-13.29482743186,1.012591395894,5.50000005));
#112 = PCURVE('',#32,#113);
#113 = DEFINITIONAL_REPRESENTATION('',(#114),#137);
#114 = B_SPLINE_CURVE_WITH_KNOTS('',5,(#115,#116,#117,#118,#119,#120,
    #121,#122,#123,#124,#125,#126,#127,#128,#129,#130,#131,#132,#133,
    #134,#135,#136),.UNSPECIFIED.,.F.,.F.,(6,4,4,4,4,6),(0.,
    0.231011658054,0.462017731493,0.693020452554,0.923021079772,1.),
  .UNSPECIFIED.);
#115 = CARTESIAN_POINT('',(6.201593526816,0.));
#116 = CARTESIAN_POINT('',(6.201974575104,1.293641075993));
#117 = CARTESIAN_POINT('',(6.202334514835,2.587287280049));
#118 = CARTESIAN_POINT('',(6.202675682117,3.880937697982));
#119 = CARTESIAN_POINT('',(6.202999910031,5.174591655907));
#120 = CARTESIAN_POINT('',(6.203617558452,7.761874418064));
#121 = CARTESIAN_POINT('',(6.203910985222,9.055503209246));
#122 = CARTESIAN_POINT('',(6.204190529913,10.349134560912));
#123 = CARTESIAN_POINT('',(6.20445746268,11.64276809494));
#124 = CARTESIAN_POINT('',(6.204968158022,14.23002021476));
#125 = CARTESIAN_POINT('',(6.205211929895,15.523638793136));
#126 = CARTESIAN_POINT('',(6.205445163728,16.817258999622));
#127 = CARTESIAN_POINT('',(6.205668742198,18.110880614489));
#128 = CARTESIAN_POINT('',(6.20609711615,20.692514577536));
#129 = CARTESIAN_POINT('',(6.206301994126,21.980526911359));
#130 = CARTESIAN_POINT('',(6.206498752646,23.268540313178));
#131 = CARTESIAN_POINT('',(6.206688016324,24.55655465087));
#132 = CARTESIAN_POINT('',(6.206931322451,26.27565567972));
#133 = CARTESIAN_POINT('',(6.20699155398,26.706741629066));
#134 = CARTESIAN_POINT('',(6.207051024962,27.137827667934));
#135 = CARTESIAN_POINT('',(6.207109754388,27.568913792698));
#136 = CARTESIAN_POINT('',(6.207167760284,28.));
#137 = ( GEOMETRIC_REPRESENTATION_CONTEXT(2) 
PARAMETRIC_REPRESENTATION_CONTEXT() REPRESENTATION_CONTEXT('2D SPACE',''
  ) );
#138 = PCURVE('',#139,#144);
#139 = B_SPLINE_SURFACE_WITH_KNOTS('',1,1,(
    (#140,#141)
    ,(#142,#143
    )),.UNSPECIFIED.,.F.,.F.,.F.,(2,2),(2,2),(0.,6.351681919032),(0.,1.)
  ,.PIECEWISE_BEZIER_KNOTS.);
#140 = CARTESIAN_POINT('',(-11.9764659018,2.88777725446,-22.49999995));
#141 = CARTESIAN_POINT('',(-18.42533215661,4.442734237632,5.50000005));
#142 = CARTESIAN_POINT('',(-8.40906983892,0.556871439381,-22.49999995));
#143 = CARTESIAN_POINT('',(-13.145076084,0.91247093184,5.50000005));
#144 = DEFINITIONAL_REPRESENTATION('',(#145),#168);
#145 = B_SPLINE_CURVE_WITH_KNOTS('',5,(#146,#147,#148,#149,#150,#151,
    #152,#153,#154,#155,#156,#157,#158,#159,#160,#161,#162,#163,#164,
    #165,#166,#167),.UNSPECIFIED.,.F.,.F.,(6,4,4,4,4,6),(0.,
    0.231011658054,0.462017731493,0.693020452554,0.923021079772,1.),
  .UNSPECIFIED.);
#146 = CARTESIAN_POINT('',(5.944370330672,1.000048650363E-10));
#147 = CARTESIAN_POINT('',(5.959907653565,4.620146709975E-02));
#148 = CARTESIAN_POINT('',(5.974582922425,9.240311688959E-02));
#149 = CARTESIAN_POINT('',(5.988491686021,0.13860491793));
#150 = CARTESIAN_POINT('',(6.001708889499,0.184806844854));
#151 = CARTESIAN_POINT('',(6.026885724952,0.277209800645));
#152 = CARTESIAN_POINT('',(6.038845613304,0.323410828902));
#153 = CARTESIAN_POINT('',(6.050238912675,0.369611948604));
#154 = CARTESIAN_POINT('',(6.061117530306,0.415813146248));
#155 = CARTESIAN_POINT('',(6.081929303586,0.50821500767));
#156 = CARTESIAN_POINT('',(6.091862840079,0.554415671183));
#157 = CARTESIAN_POINT('',(6.101366424428,0.600616392844));
#158 = CARTESIAN_POINT('',(6.110476112639,0.646817164803));
#159 = CARTESIAN_POINT('',(6.127929337322,0.739018377769));
#160 = CARTESIAN_POINT('',(6.136276239657,0.785018818263));
#161 = CARTESIAN_POINT('',(6.144291967026,0.831019296899));
#162 = CARTESIAN_POINT('',(6.152002024193,0.87701980896));
#163 = CARTESIAN_POINT('',(6.161913206499,0.938416274276));
#164 = CARTESIAN_POINT('',(6.164366728791,0.953812201112));
#165 = CARTESIAN_POINT('',(6.16678923613,0.969208131032));
#166 = CARTESIAN_POINT('',(6.169181503693,0.984604063927));
#167 = CARTESIAN_POINT('',(6.171544267466,0.999999999902));
#168 = ( GEOMETRIC_REPRESENTATION_CONTEXT(2) 
PARAMETRIC_REPRESENTATION_CONTEXT() REPRESENTATION_CONTEXT('2D SPACE',''
  ) );
#169 = ORIENTED_EDGE('',*,*,#170,.T.);
#170 = EDGE_CURVE('',#86,#22,#171,.T.);
#171 = SURFACE_CURVE('',#172,(#177,#184),.PCURVE_S1.);
#172 = CIRCLE('',#173,8.666666666667);
#173 = AXIS2_PLACEMENT_3D('',#174,#175,#176);
#174 = CARTESIAN_POINT('',(2.415845301584E-13,-2.30926389122E-12,
    -22.49999995));
#175 = DIRECTION('',(0.,0.,1.));
#176 = DIRECTION('',(-1.,0.,0.));
#177 = PCURVE('',#32,#178);
#178 = DEFINITIONAL_REPRESENTATION('',(#179),#183);
#179 = LINE('',#180,#181);
#180 = CARTESIAN_POINT('',(0.,0.));
#181 = VECTOR('',#182,1.);
#182 = DIRECTION('',(1.,0.));
#183 = ( GEOMETRIC_REPRESENTATION_CONTEXT(2) 
PARAMETRIC_REPRESENTATION_CONTEXT() REPRESENTATION_CONTEXT('2D SPACE',''
  ) );
#184 = PCURVE('',#185,#190);
#185 = PLANE('',#186);
#186 = AXIS2_PLACEMENT_3D('',#187,#188,#189);
#187 = CARTESIAN_POINT('',(2.415845301584E-13,-2.30926389122E-12,
    -22.49999995));
#188 = DIRECTION('',(0.,0.,1.));
#189 = DIRECTION('',(-1.,0.,0.));
#190 = DEFINITIONAL_REPRESENTATION('',(#191),#195);
#191 = CIRCLE('',#192,8.666666666667);
#192 = AXIS2_PLACEMENT_2D('',#193,#194);
#193 = CARTESIAN_POINT('',(0.,0.));
#194 = DIRECTION('',(1.,0.));
#195 = ( GEOMETRIC_REPRESENTATION_CONTEXT(2) 
PARAMETRIC_REPRESENTATION_CONTEXT() REPRESENTATION_CONTEXT('2D SPACE',''
  ) );
#196 = ADVANCED_FACE('',(#197),#44,.T.);
#197 = FACE_BOUND('',#198,.T.);
#198 = EDGE_LOOP('',(#199,#223,#224,#248));
#199 = ORIENTED_EDGE('',*,*,#200,.F.);
#200 = EDGE_CURVE('',#24,#201,#203,.T.);
#201 = VERTEX_POINT('',#202);
#202 = CARTESIAN_POINT('',(-13.29482743186,-1.012591395899,5.50000005));
#203 = SURFACE_CURVE('',#204,(#209,#216),.PCURVE_S1.);
#204 = CIRCLE('',#205,13.333333333333);
#205 = AXIS2_PLACEMENT_3D('',#206,#207,#208);
#206 = CARTESIAN_POINT('',(2.415845301584E-13,-2.30926389122E-12,
    5.50000005));
#207 = DIRECTION('',(0.,0.,1.));
#208 = DIRECTION('',(-1.,0.,0.));
#209 = PCURVE('',#44,#210);
#210 = DEFINITIONAL_REPRESENTATION('',(#211),#215);
#211 = LINE('',#212,#213);
#212 = CARTESIAN_POINT('',(0.,28.));
#213 = VECTOR('',#214,1.);
#214 = DIRECTION('',(1.,0.));
#215 = ( GEOMETRIC_REPRESENTATION_CONTEXT(2) 
PARAMETRIC_REPRESENTATION_CONTEXT() REPRESENTATION_CONTEXT('2D SPACE',''
  ) );
#216 = PCURVE('',#73,#217);
#217 = DEFINITIONAL_REPRESENTATION('',(#218),#222);
#218 = CIRCLE('',#219,13.333333333333);
#219 = AXIS2_PLACEMENT_2D('',#220,#221);
#220 = CARTESIAN_POINT('',(0.,0.));
#221 = DIRECTION('',(1.,0.));
#222 = ( GEOMETRIC_REPRESENTATION_CONTEXT(2) 
PARAMETRIC_REPRESENTATION_CONTEXT() REPRESENTATION_CONTEXT('2D SPACE',''
  ) );
#223 = ORIENTED_EDGE('',*,*,#21,.F.);
#224 = ORIENTED_EDGE('',*,*,#225,.T.);
#225 = EDGE_CURVE('',#22,#226,#228,.T.);
#226 = VERTEX_POINT('',#227);
#227 = CARTESIAN_POINT('',(-8.63783471968,-0.706344439141,-22.49999995)
  );
#228 = SURFACE_CURVE('',#229,(#234,#241),.PCURVE_S1.);
#229 = CIRCLE('',#230,8.666666666667);
#230 = AXIS2_PLACEMENT_3D('',#231,#232,#233);
#231 = CARTESIAN_POINT('',(2.415845301584E-13,-2.30926389122E-12,
    -22.49999995));
#232 = DIRECTION('',(0.,0.,1.));
#233 = DIRECTION('',(-1.,0.,0.));
#234 = PCURVE('',#44,#235);
#235 = DEFINITIONAL_REPRESENTATION('',(#236),#240);
#236 = LINE('',#237,#238);
#237 = CARTESIAN_POINT('',(0.,0.));
#238 = VECTOR('',#239,1.);
#239 = DIRECTION('',(1.,0.));
#240 = ( GEOMETRIC_REPRESENTATION_CONTEXT(2) 
PARAMETRIC_REPRESENTATION_CONTEXT() REPRESENTATION_CONTEXT('2D SPACE',''
  ) );
#241 = PCURVE('',#185,#242);
#242 = DEFINITIONAL_REPRESENTATION('',(#243),#247);
#243 = CIRCLE('',#244,8.666666666667);
#244 = AXIS2_PLACEMENT_2D('',#245,#246);
#245 = CARTESIAN_POINT('',(0.,0.));
#246 = DIRECTION('',(1.,0.));
#247 = ( GEOMETRIC_REPRESENTATION_CONTEXT(2) 
PARAMETRIC_REPRESENTATION_CONTEXT() REPRESENTATION_CONTEXT('2D SPACE',''
  ) );
#248 = ORIENTED_EDGE('',*,*,#249,.T.);
#249 = EDGE_CURVE('',#226,#201,#250,.T.);
#250 = SURFACE_CURVE('',#251,(#274,#300),.PCURVE_S1.);
#251 = B_SPLINE_CURVE_WITH_KNOTS('',5,(#252,#253,#254,#255,#256,#257,
    #258,#259,#260,#261,#262,#263,#264,#265,#266,#267,#268,#269,#270,
    #271,#272,#273),.UNSPECIFIED.,.F.,.F.,(6,4,4,4,4,6),(0.,
    0.231011658054,0.462017731493,0.693020452554,0.923021079772,1.),
  .UNSPECIFIED.);
#252 = CARTESIAN_POINT('',(-8.63783471968,-0.706344439141,-22.49999995)
  );
#253 = CARTESIAN_POINT('',(-8.85299344411,-0.720625241243,-21.206358874)
  );
#254 = CARTESIAN_POINT('',(-9.06815328201,-0.734883613844,
    -19.91271266995));
#255 = CARTESIAN_POINT('',(-9.28331403194,-0.749122024926,
    -18.61906225201));
#256 = CARTESIAN_POINT('',(-9.49847554728,-0.763342413702,
    -17.32540829409));
#257 = CARTESIAN_POINT('',(-9.92879469312,-0.791750063965,
    -14.73812553193));
#258 = CARTESIAN_POINT('',(-10.14395232127,-0.805937331933,
    -13.44449674075));
#259 = CARTESIAN_POINT('',(-10.35911049813,-0.820109815426,
    -12.15086538908));
#260 = CARTESIAN_POINT('',(-10.5742691402,-0.834268860817,
    -10.85723185506));
#261 = CARTESIAN_POINT('',(-11.0045841129,-0.862562053583,-8.26997973524
    ));
#262 = CARTESIAN_POINT('',(-11.21974044202,-0.876696210704,
    -6.976361156864));
#263 = CARTESIAN_POINT('',(-11.43489711391,-0.890819130482,
    -5.682740950378));
#264 = CARTESIAN_POINT('',(-11.65005408005,-0.904931750227,
    -4.389119335511));
#265 = CARTESIAN_POINT('',(-12.07943517328,-0.933076760883,
    -1.807485372464));
#266 = CARTESIAN_POINT('',(-12.2936592974,-0.947109239737,
    -0.519473038641));
#267 = CARTESIAN_POINT('',(-12.50788364087,-0.961133051301,
    0.768540363178));
#268 = CARTESIAN_POINT('',(-12.72210817461,-0.975148859815,2.05655470087
    ));
#269 = CARTESIAN_POINT('',(-13.00803175163,-0.993845684445,
    3.775655729721));
#270 = CARTESIAN_POINT('',(-13.07973064553,-0.998533310955,
    4.206741679068));
#271 = CARTESIAN_POINT('',(-13.15142955738,-1.003220125063,
    4.637827717936));
#272 = CARTESIAN_POINT('',(-13.2231284864,-1.00790614698,5.068913842697)
  );
#273 = CARTESIAN_POINT('',(-13.29482743186,-1.012591395898,5.50000005));
#274 = PCURVE('',#44,#275);
#275 = DEFINITIONAL_REPRESENTATION('',(#276),#299);
#276 = B_SPLINE_CURVE_WITH_KNOTS('',5,(#277,#278,#279,#280,#281,#282,
    #283,#284,#285,#286,#287,#288,#289,#290,#291,#292,#293,#294,#295,
    #296,#297,#298),.UNSPECIFIED.,.F.,.F.,(6,4,4,4,4,6),(0.,
    0.231011658054,0.462017731493,0.693020452554,0.923021079772,1.),
  .UNSPECIFIED.);
#277 = CARTESIAN_POINT('',(8.159178036361E-02,0.));
#278 = CARTESIAN_POINT('',(8.121073207538E-02,1.293641075993));
#279 = CARTESIAN_POINT('',(8.085079234448E-02,2.587287280049));
#280 = CARTESIAN_POINT('',(8.050962506224E-02,3.880937697982));
#281 = CARTESIAN_POINT('',(8.018539714903E-02,5.174591655907));
#282 = CARTESIAN_POINT('',(7.956774872801E-02,7.761874418065));
#283 = CARTESIAN_POINT('',(7.927432195805E-02,9.055503209246));
#284 = CARTESIAN_POINT('',(7.899477726661E-02,10.349134560912));
#285 = CARTESIAN_POINT('',(7.872784449913E-02,11.64276809494));
#286 = CARTESIAN_POINT('',(7.821714915771E-02,14.23002021476));
#287 = CARTESIAN_POINT('',(7.797337728452E-02,15.523638793136));
#288 = CARTESIAN_POINT('',(7.774014345175E-02,16.817258999622));
#289 = CARTESIAN_POINT('',(7.751656498149E-02,18.110880614489));
#290 = CARTESIAN_POINT('',(7.708819102934E-02,20.692514577536));
#291 = CARTESIAN_POINT('',(7.688331305312E-02,21.980526911359));
#292 = CARTESIAN_POINT('',(7.668655453346E-02,23.268540313178));
#293 = CARTESIAN_POINT('',(7.649729085567E-02,24.55655465087));
#294 = CARTESIAN_POINT('',(7.625398472816E-02,26.275655679721));
#295 = CARTESIAN_POINT('',(7.61937531998E-02,26.706741629068));
#296 = CARTESIAN_POINT('',(7.613428221718E-02,27.137827667936));
#297 = CARTESIAN_POINT('',(7.607555279188E-02,27.568913792697));
#298 = CARTESIAN_POINT('',(7.601754689516E-02,28.));
#299 = ( GEOMETRIC_REPRESENTATION_CONTEXT(2) 
PARAMETRIC_REPRESENTATION_CONTEXT() REPRESENTATION_CONTEXT('2D SPACE',''
  ) );
#300 = PCURVE('',#301,#306);
#301 = B_SPLINE_SURFACE_WITH_KNOTS('',1,1,(
    (#302,#303)
    ,(#304,#305
    )),.UNSPECIFIED.,.F.,.F.,.F.,(2,2),(2,2),(0.,6.351681919032),(0.,1.)
  ,.PIECEWISE_BEZIER_KNOTS.);
#302 = CARTESIAN_POINT('',(-8.40906983892,-0.556871439385,-22.49999995)
  );
#303 = CARTESIAN_POINT('',(-13.145076084,-0.912470931844,5.50000005));
#304 = CARTESIAN_POINT('',(-11.9764659018,-2.887777254464,-22.49999995)
  );
#305 = CARTESIAN_POINT('',(-18.42533215661,-4.442734237636,5.50000005));
#306 = DEFINITIONAL_REPRESENTATION('',(#307),#330);
#307 = B_SPLINE_CURVE_WITH_KNOTS('',5,(#308,#309,#310,#311,#312,#313,
    #314,#315,#316,#317,#318,#319,#320,#321,#322,#323,#324,#325,#326,
    #327,#328,#329),.UNSPECIFIED.,.F.,.F.,(6,4,4,4,4,6),(0.,
    0.231011658054,0.462017731493,0.693020452554,0.923021079772,1.),
  .UNSPECIFIED.);
#308 = CARTESIAN_POINT('',(0.40731158836,1.000048650363E-10));
#309 = CARTESIAN_POINT('',(0.391774265467,4.620146709974E-02));
#310 = CARTESIAN_POINT('',(0.377098996607,9.240311688961E-02));
#311 = CARTESIAN_POINT('',(0.363190233011,0.13860491793));
#312 = CARTESIAN_POINT('',(0.349973029533,0.184806844854));
#313 = CARTESIAN_POINT('',(0.32479619408,0.277209800645));
#314 = CARTESIAN_POINT('',(0.312836305728,0.323410828902));
#315 = CARTESIAN_POINT('',(0.301443006357,0.369611948604));
#316 = CARTESIAN_POINT('',(0.290564388727,0.415813146248));
#317 = CARTESIAN_POINT('',(0.269752615446,0.50821500767));
#318 = CARTESIAN_POINT('',(0.259819078953,0.554415671183));
#319 = CARTESIAN_POINT('',(0.250315494604,0.600616392844));
#320 = CARTESIAN_POINT('',(0.241205806393,0.646817164803));
#321 = CARTESIAN_POINT('',(0.22375258171,0.739018377769));
#322 = CARTESIAN_POINT('',(0.215405679375,0.785018818263));
#323 = CARTESIAN_POINT('',(0.207389952006,0.831019296899));
#324 = CARTESIAN_POINT('',(0.199679894839,0.87701980896));
#325 = CARTESIAN_POINT('',(0.189768712533,0.938416274276));
#326 = CARTESIAN_POINT('',(0.187315190253,0.953812201038));
#327 = CARTESIAN_POINT('',(0.184892682907,0.969208130998));
#328 = CARTESIAN_POINT('',(0.182500415324,0.984604064025));
#329 = CARTESIAN_POINT('',(0.180137651551,1.));
#330 = ( GEOMETRIC_REPRESENTATION_CONTEXT(2) 
PARAMETRIC_REPRESENTATION_CONTEXT() REPRESENTATION_CONTEXT('2D SPACE',''
  ) );
#331 = ADVANCED_FACE('',(#332),#185,.F.);
#332 = FACE_BOUND('',#333,.F.);
#333 = EDGE_LOOP('',(#334,#335,#336,#364,#387,#410,#439,#467,#490,#513,
    #542,#570,#593,#616,#645,#673,#696,#719,#748,#776,#799,#822,#851,
    #879,#902,#925,#954,#982,#1005,#1028,#1057,#1085,#1108,#1131,#1160,
    #1188,#1211,#1234,#1263,#1291,#1314,#1337,#1366,#1394,#1417,#1440,
    #1469,#1497,#1520));
#334 = ORIENTED_EDGE('',*,*,#170,.T.);
#335 = ORIENTED_EDGE('',*,*,#225,.T.);
#336 = ORIENTED_EDGE('',*,*,#337,.F.);
#337 = EDGE_CURVE('',#338,#226,#340,.T.);
#338 = VERTEX_POINT('',#339);
#339 = CARTESIAN_POINT('',(-8.40906983892,-0.556871439385,-22.49999995)
  );
#340 = SURFACE_CURVE('',#341,(#345,#352),.PCURVE_S1.);
#341 = LINE('',#342,#343);
#342 = CARTESIAN_POINT('',(-8.40906983892,-0.556871439385,-22.49999995)
  );
#343 = VECTOR('',#344,1.);
#344 = DIRECTION('',(-0.837143951341,-0.546982636592,0.));
#345 = PCURVE('',#185,#346);
#346 = DEFINITIONAL_REPRESENTATION('',(#347),#351);
#347 = LINE('',#348,#349);
#348 = CARTESIAN_POINT('',(8.40906983892,0.556871439383));
#349 = VECTOR('',#350,1.);
#350 = DIRECTION('',(0.837143951341,0.546982636592));
#351 = ( GEOMETRIC_REPRESENTATION_CONTEXT(2) 
PARAMETRIC_REPRESENTATION_CONTEXT() REPRESENTATION_CONTEXT('2D SPACE',''
  ) );
#352 = PCURVE('',#353,#358);
#353 = PLANE('',#354);
#354 = AXIS2_PLACEMENT_3D('',#355,#356,#357);
#355 = CARTESIAN_POINT('',(2.415845301584E-13,-2.30926389122E-12,
    -22.49999995));
#356 = DIRECTION('',(0.,0.,1.));
#357 = DIRECTION('',(-1.,0.,0.));
#358 = DEFINITIONAL_REPRESENTATION('',(#359),#363);
#359 = LINE('',#360,#361);
#360 = CARTESIAN_POINT('',(8.40906983892,0.556871439383));
#361 = VECTOR('',#362,1.);
#362 = DIRECTION('',(0.837143951341,0.546982636592));
#363 = ( GEOMETRIC_REPRESENTATION_CONTEXT(2) 
PARAMETRIC_REPRESENTATION_CONTEXT() REPRESENTATION_CONTEXT('2D SPACE',''
  ) );
#364 = ORIENTED_EDGE('',*,*,#365,.F.);
#365 = EDGE_CURVE('',#366,#338,#368,.T.);
#366 = VERTEX_POINT('',#367);
#367 = CARTESIAN_POINT('',(-7.5609038224,-3.722270106314,-22.49999995));
#368 = SURFACE_CURVE('',#369,(#373,#380),.PCURVE_S1.);
#369 = LINE('',#370,#371);
#370 = CARTESIAN_POINT('',(-7.5609038224,-3.722270106314,-22.49999995));
#371 = VECTOR('',#372,1.);
#372 = DIRECTION('',(-0.258819045103,0.965925826289,0.));
#373 = PCURVE('',#185,#374);
#374 = DEFINITIONAL_REPRESENTATION('',(#375),#379);
#375 = LINE('',#376,#377);
#376 = CARTESIAN_POINT('',(7.5609038224,3.722270106312));
#377 = VECTOR('',#378,1.);
#378 = DIRECTION('',(0.258819045103,-0.965925826289));
#379 = ( GEOMETRIC_REPRESENTATION_CONTEXT(2) 
PARAMETRIC_REPRESENTATION_CONTEXT() REPRESENTATION_CONTEXT('2D SPACE',''
  ) );
#380 = PCURVE('',#353,#381);
#381 = DEFINITIONAL_REPRESENTATION('',(#382),#386);
#382 = LINE('',#383,#384);
#383 = CARTESIAN_POINT('',(7.5609038224,3.722270106312));
#384 = VECTOR('',#385,1.);
#385 = DIRECTION('',(0.258819045103,-0.965925826289));
#386 = ( GEOMETRIC_REPRESENTATION_CONTEXT(2) 
PARAMETRIC_REPRESENTATION_CONTEXT() REPRESENTATION_CONTEXT('2D SPACE',''
  ) );
#387 = ORIENTED_EDGE('',*,*,#388,.F.);
#388 = EDGE_CURVE('',#389,#366,#391,.T.);
#389 = VERTEX_POINT('',#390);
#390 = CARTESIAN_POINT('',(-7.8337565205,-3.707205131723,-22.49999995));
#391 = SURFACE_CURVE('',#392,(#396,#403),.PCURVE_S1.);
#392 = LINE('',#393,#394);
#393 = CARTESIAN_POINT('',(-11.81581234575,-3.487344488065,-22.49999995)
  );
#394 = VECTOR('',#395,1.);
#395 = DIRECTION('',(0.998479246782,-5.512888304692E-02,0.));
#396 = PCURVE('',#185,#397);
#397 = DEFINITIONAL_REPRESENTATION('',(#398),#402);
#398 = LINE('',#399,#400);
#399 = CARTESIAN_POINT('',(11.81581234575,3.487344488063));
#400 = VECTOR('',#401,1.);
#401 = DIRECTION('',(-0.998479246782,5.512888304692E-02));
#402 = ( GEOMETRIC_REPRESENTATION_CONTEXT(2) 
PARAMETRIC_REPRESENTATION_CONTEXT() REPRESENTATION_CONTEXT('2D SPACE',''
  ) );
#403 = PCURVE('',#353,#404);
#404 = DEFINITIONAL_REPRESENTATION('',(#405),#409);
#405 = LINE('',#406,#407);
#406 = CARTESIAN_POINT('',(11.81581234575,3.487344488063));
#407 = VECTOR('',#408,1.);
#408 = DIRECTION('',(-0.998479246782,5.512888304692E-02));
#409 = ( GEOMETRIC_REPRESENTATION_CONTEXT(2) 
PARAMETRIC_REPRESENTATION_CONTEXT() REPRESENTATION_CONTEXT('2D SPACE',''
  ) );
#410 = ORIENTED_EDGE('',*,*,#411,.T.);
#411 = EDGE_CURVE('',#389,#412,#414,.T.);
#412 = VERTEX_POINT('',#413);
#413 = CARTESIAN_POINT('',(-7.12741208136,-4.930629587956,-22.49999995)
  );
#414 = SURFACE_CURVE('',#415,(#420,#427),.PCURVE_S1.);
#415 = CIRCLE('',#416,8.666666666667);
#416 = AXIS2_PLACEMENT_3D('',#417,#418,#419);
#417 = CARTESIAN_POINT('',(2.415845301584E-13,-2.30926389122E-12,
    -22.49999995));
#418 = DIRECTION('',(0.,0.,1.));
#419 = DIRECTION('',(-1.,0.,0.));
#420 = PCURVE('',#185,#421);
#421 = DEFINITIONAL_REPRESENTATION('',(#422),#426);
#422 = CIRCLE('',#423,8.666666666667);
#423 = AXIS2_PLACEMENT_2D('',#424,#425);
#424 = CARTESIAN_POINT('',(0.,0.));
#425 = DIRECTION('',(1.,0.));
#426 = ( GEOMETRIC_REPRESENTATION_CONTEXT(2) 
PARAMETRIC_REPRESENTATION_CONTEXT() REPRESENTATION_CONTEXT('2D SPACE',''
  ) );
#427 = PCURVE('',#428,#433);
#428 = CONICAL_SURFACE('',#429,8.666666666667,0.165148677415);
#429 = AXIS2_PLACEMENT_3D('',#430,#431,#432);
#430 = CARTESIAN_POINT('',(2.415845301584E-13,-2.30926389122E-12,
    -22.49999995));
#431 = DIRECTION('',(0.,0.,1.));
#432 = DIRECTION('',(-1.,0.,0.));
#433 = DEFINITIONAL_REPRESENTATION('',(#434),#438);
#434 = LINE('',#435,#436);
#435 = CARTESIAN_POINT('',(0.,0.));
#436 = VECTOR('',#437,1.);
#437 = DIRECTION('',(1.,0.));
#438 = ( GEOMETRIC_REPRESENTATION_CONTEXT(2) 
PARAMETRIC_REPRESENTATION_CONTEXT() REPRESENTATION_CONTEXT('2D SPACE',''
  ) );
#439 = ORIENTED_EDGE('',*,*,#440,.F.);
#440 = EDGE_CURVE('',#441,#412,#443,.T.);
#441 = VERTEX_POINT('',#442);
#442 = CARTESIAN_POINT('',(-7.00403238301,-4.686799732609,-22.49999995)
  );
#443 = SURFACE_CURVE('',#444,(#448,#455),.PCURVE_S1.);
#444 = LINE('',#445,#446);
#445 = CARTESIAN_POINT('',(-7.00403238301,-4.686799732609,-22.49999995)
  );
#446 = VECTOR('',#447,1.);
#447 = DIRECTION('',(-0.45149661019,-0.892272834388,0.));
#448 = PCURVE('',#185,#449);
#449 = DEFINITIONAL_REPRESENTATION('',(#450),#454);
#450 = LINE('',#451,#452);
#451 = CARTESIAN_POINT('',(7.00403238301,4.686799732607));
#452 = VECTOR('',#453,1.);
#453 = DIRECTION('',(0.45149661019,0.892272834388));
#454 = ( GEOMETRIC_REPRESENTATION_CONTEXT(2) 
PARAMETRIC_REPRESENTATION_CONTEXT() REPRESENTATION_CONTEXT('2D SPACE',''
  ) );
#455 = PCURVE('',#456,#461);
#456 = PLANE('',#457);
#457 = AXIS2_PLACEMENT_3D('',#458,#459,#460);
#458 = CARTESIAN_POINT('',(2.415845301584E-13,-2.30926389122E-12,
    -22.49999995));
#459 = DIRECTION('',(0.,0.,1.));
#460 = DIRECTION('',(-1.,0.,0.));
#461 = DEFINITIONAL_REPRESENTATION('',(#462),#466);
#462 = LINE('',#463,#464);
#463 = CARTESIAN_POINT('',(7.00403238301,4.686799732607));
#464 = VECTOR('',#465,1.);
#465 = DIRECTION('',(0.45149661019,0.892272834388));
#466 = ( GEOMETRIC_REPRESENTATION_CONTEXT(2) 
PARAMETRIC_REPRESENTATION_CONTEXT() REPRESENTATION_CONTEXT('2D SPACE',''
  ) );
#467 = ORIENTED_EDGE('',*,*,#468,.F.);
#468 = EDGE_CURVE('',#469,#441,#471,.T.);
#469 = VERTEX_POINT('',#470);
#470 = CARTESIAN_POINT('',(-4.68679973261,-7.004032383012,-22.49999995)
  );
#471 = SURFACE_CURVE('',#472,(#476,#483),.PCURVE_S1.);
#472 = LINE('',#473,#474);
#473 = CARTESIAN_POINT('',(-4.68679973261,-7.004032383012,-22.49999995)
  );
#474 = VECTOR('',#475,1.);
#475 = DIRECTION('',(-0.707106781187,0.707106781187,0.));
#476 = PCURVE('',#185,#477);
#477 = DEFINITIONAL_REPRESENTATION('',(#478),#482);
#478 = LINE('',#479,#480);
#479 = CARTESIAN_POINT('',(4.68679973261,7.00403238301));
#480 = VECTOR('',#481,1.);
#481 = DIRECTION('',(0.707106781187,-0.707106781187));
#482 = ( GEOMETRIC_REPRESENTATION_CONTEXT(2) 
PARAMETRIC_REPRESENTATION_CONTEXT() REPRESENTATION_CONTEXT('2D SPACE',''
  ) );
#483 = PCURVE('',#456,#484);
#484 = DEFINITIONAL_REPRESENTATION('',(#485),#489);
#485 = LINE('',#486,#487);
#486 = CARTESIAN_POINT('',(4.68679973261,7.00403238301));
#487 = VECTOR('',#488,1.);
#488 = DIRECTION('',(0.707106781187,-0.707106781187));
#489 = ( GEOMETRIC_REPRESENTATION_CONTEXT(2) 
PARAMETRIC_REPRESENTATION_CONTEXT() REPRESENTATION_CONTEXT('2D SPACE',''
  ) );
#490 = ORIENTED_EDGE('',*,*,#491,.F.);
#491 = EDGE_CURVE('',#492,#469,#494,.T.);
#492 = VERTEX_POINT('',#493);
#493 = CARTESIAN_POINT('',(-4.93062958796,-7.127412081361,-22.49999995)
  );
#494 = SURFACE_CURVE('',#495,(#499,#506),.PCURVE_S1.);
#495 = LINE('',#496,#497);
#496 = CARTESIAN_POINT('',(-8.48912141374,-8.928035091285,-22.49999995)
  );
#497 = VECTOR('',#498,1.);
#498 = DIRECTION('',(0.892272834388,0.45149661019,0.));
#499 = PCURVE('',#185,#500);
#500 = DEFINITIONAL_REPRESENTATION('',(#501),#505);
#501 = LINE('',#502,#503);
#502 = CARTESIAN_POINT('',(8.48912141374,8.928035091283));
#503 = VECTOR('',#504,1.);
#504 = DIRECTION('',(-0.892272834388,-0.45149661019));
#505 = ( GEOMETRIC_REPRESENTATION_CONTEXT(2) 
PARAMETRIC_REPRESENTATION_CONTEXT() REPRESENTATION_CONTEXT('2D SPACE',''
  ) );
#506 = PCURVE('',#456,#507);
#507 = DEFINITIONAL_REPRESENTATION('',(#508),#512);
#508 = LINE('',#509,#510);
#509 = CARTESIAN_POINT('',(8.48912141374,8.928035091283));
#510 = VECTOR('',#511,1.);
#511 = DIRECTION('',(-0.892272834388,-0.45149661019));
#512 = ( GEOMETRIC_REPRESENTATION_CONTEXT(2) 
PARAMETRIC_REPRESENTATION_CONTEXT() REPRESENTATION_CONTEXT('2D SPACE',''
  ) );
#513 = ORIENTED_EDGE('',*,*,#514,.T.);
#514 = EDGE_CURVE('',#492,#515,#517,.T.);
#515 = VERTEX_POINT('',#516);
#516 = CARTESIAN_POINT('',(-3.70720513172,-7.833756520501,-22.49999995)
  );
#517 = SURFACE_CURVE('',#518,(#523,#530),.PCURVE_S1.);
#518 = CIRCLE('',#519,8.666666666667);
#519 = AXIS2_PLACEMENT_3D('',#520,#521,#522);
#520 = CARTESIAN_POINT('',(2.415845301584E-13,-2.30926389122E-12,
    -22.49999995));
#521 = DIRECTION('',(0.,0.,1.));
#522 = DIRECTION('',(-1.,0.,0.));
#523 = PCURVE('',#185,#524);
#524 = DEFINITIONAL_REPRESENTATION('',(#525),#529);
#525 = CIRCLE('',#526,8.666666666667);
#526 = AXIS2_PLACEMENT_2D('',#527,#528);
#527 = CARTESIAN_POINT('',(0.,0.));
#528 = DIRECTION('',(1.,0.));
#529 = ( GEOMETRIC_REPRESENTATION_CONTEXT(2) 
PARAMETRIC_REPRESENTATION_CONTEXT() REPRESENTATION_CONTEXT('2D SPACE',''
  ) );
#530 = PCURVE('',#531,#536);
#531 = CONICAL_SURFACE('',#532,8.666666666667,0.165148677415);
#532 = AXIS2_PLACEMENT_3D('',#533,#534,#535);
#533 = CARTESIAN_POINT('',(2.415845301584E-13,-2.30926389122E-12,
    -22.49999995));
#534 = DIRECTION('',(0.,0.,1.));
#535 = DIRECTION('',(-1.,0.,0.));
#536 = DEFINITIONAL_REPRESENTATION('',(#537),#541);
#537 = LINE('',#538,#539);
#538 = CARTESIAN_POINT('',(0.,0.));
#539 = VECTOR('',#540,1.);
#540 = DIRECTION('',(1.,0.));
#541 = ( GEOMETRIC_REPRESENTATION_CONTEXT(2) 
PARAMETRIC_REPRESENTATION_CONTEXT() REPRESENTATION_CONTEXT('2D SPACE',''
  ) );
#542 = ORIENTED_EDGE('',*,*,#543,.F.);
#543 = EDGE_CURVE('',#544,#515,#546,.T.);
#544 = VERTEX_POINT('',#545);
#545 = CARTESIAN_POINT('',(-3.72227010632,-7.560903822395,-22.49999995)
  );
#546 = SURFACE_CURVE('',#547,(#551,#558),.PCURVE_S1.);
#547 = LINE('',#548,#549);
#548 = CARTESIAN_POINT('',(-3.72227010632,-7.560903822395,-22.49999995)
  );
#549 = VECTOR('',#550,1.);
#550 = DIRECTION('',(5.512888304692E-02,-0.998479246782,0.));
#551 = PCURVE('',#185,#552);
#552 = DEFINITIONAL_REPRESENTATION('',(#553),#557);
#553 = LINE('',#554,#555);
#554 = CARTESIAN_POINT('',(3.72227010632,7.560903822393));
#555 = VECTOR('',#556,1.);
#556 = DIRECTION('',(-5.512888304692E-02,0.998479246782));
#557 = ( GEOMETRIC_REPRESENTATION_CONTEXT(2) 
PARAMETRIC_REPRESENTATION_CONTEXT() REPRESENTATION_CONTEXT('2D SPACE',''
  ) );
#558 = PCURVE('',#559,#564);
#559 = PLANE('',#560);
#560 = AXIS2_PLACEMENT_3D('',#561,#562,#563);
#561 = CARTESIAN_POINT('',(2.415845301584E-13,-2.30926389122E-12,
    -22.49999995));
#562 = DIRECTION('',(0.,0.,1.));
#563 = DIRECTION('',(-1.,0.,0.));
#564 = DEFINITIONAL_REPRESENTATION('',(#565),#569);
#565 = LINE('',#566,#567);
#566 = CARTESIAN_POINT('',(3.72227010632,7.560903822393));
#567 = VECTOR('',#568,1.);
#568 = DIRECTION('',(-5.512888304692E-02,0.998479246782));
#569 = ( GEOMETRIC_REPRESENTATION_CONTEXT(2) 
PARAMETRIC_REPRESENTATION_CONTEXT() REPRESENTATION_CONTEXT('2D SPACE',''
  ) );
#570 = ORIENTED_EDGE('',*,*,#571,.F.);
#571 = EDGE_CURVE('',#572,#544,#574,.T.);
#572 = VERTEX_POINT('',#573);
#573 = CARTESIAN_POINT('',(-0.55687143939,-8.409069838921,-22.49999995)
  );
#574 = SURFACE_CURVE('',#575,(#579,#586),.PCURVE_S1.);
#575 = LINE('',#576,#577);
#576 = CARTESIAN_POINT('',(-0.55687143939,-8.409069838921,-22.49999995)
  );
#577 = VECTOR('',#578,1.);
#578 = DIRECTION('',(-0.965925826289,0.258819045103,0.));
#579 = PCURVE('',#185,#580);
#580 = DEFINITIONAL_REPRESENTATION('',(#581),#585);
#581 = LINE('',#582,#583);
#582 = CARTESIAN_POINT('',(0.55687143939,8.409069838919));
#583 = VECTOR('',#584,1.);
#584 = DIRECTION('',(0.965925826289,-0.258819045103));
#585 = ( GEOMETRIC_REPRESENTATION_CONTEXT(2) 
PARAMETRIC_REPRESENTATION_CONTEXT() REPRESENTATION_CONTEXT('2D SPACE',''
  ) );
#586 = PCURVE('',#559,#587);
#587 = DEFINITIONAL_REPRESENTATION('',(#588),#592);
#588 = LINE('',#589,#590);
#589 = CARTESIAN_POINT('',(0.55687143939,8.409069838919));
#590 = VECTOR('',#591,1.);
#591 = DIRECTION('',(0.965925826289,-0.258819045103));
#592 = ( GEOMETRIC_REPRESENTATION_CONTEXT(2) 
PARAMETRIC_REPRESENTATION_CONTEXT() REPRESENTATION_CONTEXT('2D SPACE',''
  ) );
#593 = ORIENTED_EDGE('',*,*,#594,.F.);
#594 = EDGE_CURVE('',#595,#572,#597,.T.);
#595 = VERTEX_POINT('',#596);
#596 = CARTESIAN_POINT('',(-0.70634443914,-8.637834719676,-22.49999995)
  );
#597 = SURFACE_CURVE('',#598,(#602,#609),.PCURVE_S1.);
#598 = LINE('',#599,#600);
#599 = CARTESIAN_POINT('',(-2.88777725447,-11.97646590179,-22.49999995)
  );
#600 = VECTOR('',#601,1.);
#601 = DIRECTION('',(0.546982636592,0.837143951341,0.));
#602 = PCURVE('',#185,#603);
#603 = DEFINITIONAL_REPRESENTATION('',(#604),#608);
#604 = LINE('',#605,#606);
#605 = CARTESIAN_POINT('',(2.88777725447,11.97646590179));
#606 = VECTOR('',#607,1.);
#607 = DIRECTION('',(-0.546982636592,-0.837143951341));
#608 = ( GEOMETRIC_REPRESENTATION_CONTEXT(2) 
PARAMETRIC_REPRESENTATION_CONTEXT() REPRESENTATION_CONTEXT('2D SPACE',''
  ) );
#609 = PCURVE('',#559,#610);
#610 = DEFINITIONAL_REPRESENTATION('',(#611),#615);
#611 = LINE('',#612,#613);
#612 = CARTESIAN_POINT('',(2.88777725447,11.97646590179));
#613 = VECTOR('',#614,1.);
#614 = DIRECTION('',(-0.546982636592,-0.837143951341));
#615 = ( GEOMETRIC_REPRESENTATION_CONTEXT(2) 
PARAMETRIC_REPRESENTATION_CONTEXT() REPRESENTATION_CONTEXT('2D SPACE',''
  ) );
#616 = ORIENTED_EDGE('',*,*,#617,.T.);
#617 = EDGE_CURVE('',#595,#618,#620,.T.);
#618 = VERTEX_POINT('',#619);
#619 = CARTESIAN_POINT('',(0.70634443914,-8.637834719676,-22.49999995));
#620 = SURFACE_CURVE('',#621,(#626,#633),.PCURVE_S1.);
#621 = CIRCLE('',#622,8.666666666667);
#622 = AXIS2_PLACEMENT_3D('',#623,#624,#625);
#623 = CARTESIAN_POINT('',(2.415845301584E-13,-2.30926389122E-12,
    -22.49999995));
#624 = DIRECTION('',(0.,0.,1.));
#625 = DIRECTION('',(-1.,0.,0.));
#626 = PCURVE('',#185,#627);
#627 = DEFINITIONAL_REPRESENTATION('',(#628),#632);
#628 = CIRCLE('',#629,8.666666666667);
#629 = AXIS2_PLACEMENT_2D('',#630,#631);
#630 = CARTESIAN_POINT('',(0.,0.));
#631 = DIRECTION('',(1.,0.));
#632 = ( GEOMETRIC_REPRESENTATION_CONTEXT(2) 
PARAMETRIC_REPRESENTATION_CONTEXT() REPRESENTATION_CONTEXT('2D SPACE',''
  ) );
#633 = PCURVE('',#634,#639);
#634 = CONICAL_SURFACE('',#635,8.666666666667,0.165148677415);
#635 = AXIS2_PLACEMENT_3D('',#636,#637,#638);
#636 = CARTESIAN_POINT('',(2.415845301584E-13,-2.30926389122E-12,
    -22.49999995));
#637 = DIRECTION('',(0.,0.,1.));
#638 = DIRECTION('',(-1.,0.,0.));
#639 = DEFINITIONAL_REPRESENTATION('',(#640),#644);
#640 = LINE('',#641,#642);
#641 = CARTESIAN_POINT('',(0.,0.));
#642 = VECTOR('',#643,1.);
#643 = DIRECTION('',(1.,0.));
#644 = ( GEOMETRIC_REPRESENTATION_CONTEXT(2) 
PARAMETRIC_REPRESENTATION_CONTEXT() REPRESENTATION_CONTEXT('2D SPACE',''
  ) );
#645 = ORIENTED_EDGE('',*,*,#646,.F.);
#646 = EDGE_CURVE('',#647,#618,#649,.T.);
#647 = VERTEX_POINT('',#648);
#648 = CARTESIAN_POINT('',(0.55687143938,-8.409069838921,-22.49999995));
#649 = SURFACE_CURVE('',#650,(#654,#661),.PCURVE_S1.);
#650 = LINE('',#651,#652);
#651 = CARTESIAN_POINT('',(0.55687143938,-8.409069838921,-22.49999995));
#652 = VECTOR('',#653,1.);
#653 = DIRECTION('',(0.546982636592,-0.837143951341,0.));
#654 = PCURVE('',#185,#655);
#655 = DEFINITIONAL_REPRESENTATION('',(#656),#660);
#656 = LINE('',#657,#658);
#657 = CARTESIAN_POINT('',(-0.55687143938,8.409069838919));
#658 = VECTOR('',#659,1.);
#659 = DIRECTION('',(-0.546982636592,0.837143951341));
#660 = ( GEOMETRIC_REPRESENTATION_CONTEXT(2) 
PARAMETRIC_REPRESENTATION_CONTEXT() REPRESENTATION_CONTEXT('2D SPACE',''
  ) );
#661 = PCURVE('',#662,#667);
#662 = PLANE('',#663);
#663 = AXIS2_PLACEMENT_3D('',#664,#665,#666);
#664 = CARTESIAN_POINT('',(2.415845301584E-13,-2.30926389122E-12,
    -22.49999995));
#665 = DIRECTION('',(0.,0.,1.));
#666 = DIRECTION('',(-1.,0.,0.));
#667 = DEFINITIONAL_REPRESENTATION('',(#668),#672);
#668 = LINE('',#669,#670);
#669 = CARTESIAN_POINT('',(-0.55687143938,8.409069838919));
#670 = VECTOR('',#671,1.);
#671 = DIRECTION('',(-0.546982636592,0.837143951341));
#672 = ( GEOMETRIC_REPRESENTATION_CONTEXT(2) 
PARAMETRIC_REPRESENTATION_CONTEXT() REPRESENTATION_CONTEXT('2D SPACE',''
  ) );
#673 = ORIENTED_EDGE('',*,*,#674,.F.);
#674 = EDGE_CURVE('',#675,#647,#677,.T.);
#675 = VERTEX_POINT('',#676);
#676 = CARTESIAN_POINT('',(3.72227010631,-7.560903822395,-22.49999995));
#677 = SURFACE_CURVE('',#678,(#682,#689),.PCURVE_S1.);
#678 = LINE('',#679,#680);
#679 = CARTESIAN_POINT('',(3.72227010631,-7.560903822395,-22.49999995));
#680 = VECTOR('',#681,1.);
#681 = DIRECTION('',(-0.965925826289,-0.258819045103,0.));
#682 = PCURVE('',#185,#683);
#683 = DEFINITIONAL_REPRESENTATION('',(#684),#688);
#684 = LINE('',#685,#686);
#685 = CARTESIAN_POINT('',(-3.72227010631,7.560903822393));
#686 = VECTOR('',#687,1.);
#687 = DIRECTION('',(0.965925826289,0.258819045103));
#688 = ( GEOMETRIC_REPRESENTATION_CONTEXT(2) 
PARAMETRIC_REPRESENTATION_CONTEXT() REPRESENTATION_CONTEXT('2D SPACE',''
  ) );
#689 = PCURVE('',#662,#690);
#690 = DEFINITIONAL_REPRESENTATION('',(#691),#695);
#691 = LINE('',#692,#693);
#692 = CARTESIAN_POINT('',(-3.72227010631,7.560903822393));
#693 = VECTOR('',#694,1.);
#694 = DIRECTION('',(0.965925826289,0.258819045103));
#695 = ( GEOMETRIC_REPRESENTATION_CONTEXT(2) 
PARAMETRIC_REPRESENTATION_CONTEXT() REPRESENTATION_CONTEXT('2D SPACE',''
  ) );
#696 = ORIENTED_EDGE('',*,*,#697,.F.);
#697 = EDGE_CURVE('',#698,#675,#700,.T.);
#698 = VERTEX_POINT('',#699);
#699 = CARTESIAN_POINT('',(3.70720513172,-7.833756520501,-22.49999995));
#700 = SURFACE_CURVE('',#701,(#705,#712),.PCURVE_S1.);
#701 = LINE('',#702,#703);
#702 = CARTESIAN_POINT('',(3.48734448806,-11.81581234574,-22.49999995));
#703 = VECTOR('',#704,1.);
#704 = DIRECTION('',(5.512888304692E-02,0.998479246782,0.));
#705 = PCURVE('',#185,#706);
#706 = DEFINITIONAL_REPRESENTATION('',(#707),#711);
#707 = LINE('',#708,#709);
#708 = CARTESIAN_POINT('',(-3.48734448806,11.81581234574));
#709 = VECTOR('',#710,1.);
#710 = DIRECTION('',(-5.512888304692E-02,-0.998479246782));
#711 = ( GEOMETRIC_REPRESENTATION_CONTEXT(2) 
PARAMETRIC_REPRESENTATION_CONTEXT() REPRESENTATION_CONTEXT('2D SPACE',''
  ) );
#712 = PCURVE('',#662,#713);
#713 = DEFINITIONAL_REPRESENTATION('',(#714),#718);
#714 = LINE('',#715,#716);
#715 = CARTESIAN_POINT('',(-3.48734448806,11.81581234574));
#716 = VECTOR('',#717,1.);
#717 = DIRECTION('',(-5.512888304692E-02,-0.998479246782));
#718 = ( GEOMETRIC_REPRESENTATION_CONTEXT(2) 
PARAMETRIC_REPRESENTATION_CONTEXT() REPRESENTATION_CONTEXT('2D SPACE',''
  ) );
#719 = ORIENTED_EDGE('',*,*,#720,.T.);
#720 = EDGE_CURVE('',#698,#721,#723,.T.);
#721 = VERTEX_POINT('',#722);
#722 = CARTESIAN_POINT('',(4.93062958795,-7.127412081361,-22.49999995));
#723 = SURFACE_CURVE('',#724,(#729,#736),.PCURVE_S1.);
#724 = CIRCLE('',#725,8.666666666667);
#725 = AXIS2_PLACEMENT_3D('',#726,#727,#728);
#726 = CARTESIAN_POINT('',(2.415845301584E-13,-2.30926389122E-12,
    -22.49999995));
#727 = DIRECTION('',(0.,0.,1.));
#728 = DIRECTION('',(-1.,0.,0.));
#729 = PCURVE('',#185,#730);
#730 = DEFINITIONAL_REPRESENTATION('',(#731),#735);
#731 = CIRCLE('',#732,8.666666666667);
#732 = AXIS2_PLACEMENT_2D('',#733,#734);
#733 = CARTESIAN_POINT('',(0.,0.));
#734 = DIRECTION('',(1.,0.));
#735 = ( GEOMETRIC_REPRESENTATION_CONTEXT(2) 
PARAMETRIC_REPRESENTATION_CONTEXT() REPRESENTATION_CONTEXT('2D SPACE',''
  ) );
#736 = PCURVE('',#737,#742);
#737 = CONICAL_SURFACE('',#738,8.666666666667,0.165148677415);
#738 = AXIS2_PLACEMENT_3D('',#739,#740,#741);
#739 = CARTESIAN_POINT('',(2.415845301584E-13,-2.30926389122E-12,
    -22.49999995));
#740 = DIRECTION('',(0.,0.,1.));
#741 = DIRECTION('',(-1.,0.,0.));
#742 = DEFINITIONAL_REPRESENTATION('',(#743),#747);
#743 = LINE('',#744,#745);
#744 = CARTESIAN_POINT('',(0.,0.));
#745 = VECTOR('',#746,1.);
#746 = DIRECTION('',(1.,0.));
#747 = ( GEOMETRIC_REPRESENTATION_CONTEXT(2) 
PARAMETRIC_REPRESENTATION_CONTEXT() REPRESENTATION_CONTEXT('2D SPACE',''
  ) );
#748 = ORIENTED_EDGE('',*,*,#749,.F.);
#749 = EDGE_CURVE('',#750,#721,#752,.T.);
#750 = VERTEX_POINT('',#751);
#751 = CARTESIAN_POINT('',(4.6867997326,-7.004032383012,-22.49999995));
#752 = SURFACE_CURVE('',#753,(#757,#764),.PCURVE_S1.);
#753 = LINE('',#754,#755);
#754 = CARTESIAN_POINT('',(4.6867997326,-7.004032383012,-22.49999995));
#755 = VECTOR('',#756,1.);
#756 = DIRECTION('',(0.892272834388,-0.45149661019,0.));
#757 = PCURVE('',#185,#758);
#758 = DEFINITIONAL_REPRESENTATION('',(#759),#763);
#759 = LINE('',#760,#761);
#760 = CARTESIAN_POINT('',(-4.6867997326,7.00403238301));
#761 = VECTOR('',#762,1.);
#762 = DIRECTION('',(-0.892272834388,0.45149661019));
#763 = ( GEOMETRIC_REPRESENTATION_CONTEXT(2) 
PARAMETRIC_REPRESENTATION_CONTEXT() REPRESENTATION_CONTEXT('2D SPACE',''
  ) );
#764 = PCURVE('',#765,#770);
#765 = PLANE('',#766);
#766 = AXIS2_PLACEMENT_3D('',#767,#768,#769);
#767 = CARTESIAN_POINT('',(2.415845301584E-13,-2.30926389122E-12,
    -22.49999995));
#768 = DIRECTION('',(0.,0.,1.));
#769 = DIRECTION('',(-1.,0.,0.));
#770 = DEFINITIONAL_REPRESENTATION('',(#771),#775);
#771 = LINE('',#772,#773);
#772 = CARTESIAN_POINT('',(-4.6867997326,7.00403238301));
#773 = VECTOR('',#774,1.);
#774 = DIRECTION('',(-0.892272834388,0.45149661019));
#775 = ( GEOMETRIC_REPRESENTATION_CONTEXT(2) 
PARAMETRIC_REPRESENTATION_CONTEXT() REPRESENTATION_CONTEXT('2D SPACE',''
  ) );
#776 = ORIENTED_EDGE('',*,*,#777,.F.);
#777 = EDGE_CURVE('',#778,#750,#780,.T.);
#778 = VERTEX_POINT('',#779);
#779 = CARTESIAN_POINT('',(7.00403238301,-4.686799732609,-22.49999995));
#780 = SURFACE_CURVE('',#781,(#785,#792),.PCURVE_S1.);
#781 = LINE('',#782,#783);
#782 = CARTESIAN_POINT('',(7.00403238301,-4.686799732609,-22.49999995));
#783 = VECTOR('',#784,1.);
#784 = DIRECTION('',(-0.707106781187,-0.707106781187,0.));
#785 = PCURVE('',#185,#786);
#786 = DEFINITIONAL_REPRESENTATION('',(#787),#791);
#787 = LINE('',#788,#789);
#788 = CARTESIAN_POINT('',(-7.00403238301,4.686799732607));
#789 = VECTOR('',#790,1.);
#790 = DIRECTION('',(0.707106781187,0.707106781187));
#791 = ( GEOMETRIC_REPRESENTATION_CONTEXT(2) 
PARAMETRIC_REPRESENTATION_CONTEXT() REPRESENTATION_CONTEXT('2D SPACE',''
  ) );
#792 = PCURVE('',#765,#793);
#793 = DEFINITIONAL_REPRESENTATION('',(#794),#798);
#794 = LINE('',#795,#796);
#795 = CARTESIAN_POINT('',(-7.00403238301,4.686799732607));
#796 = VECTOR('',#797,1.);
#797 = DIRECTION('',(0.707106781187,0.707106781187));
#798 = ( GEOMETRIC_REPRESENTATION_CONTEXT(2) 
PARAMETRIC_REPRESENTATION_CONTEXT() REPRESENTATION_CONTEXT('2D SPACE',''
  ) );
#799 = ORIENTED_EDGE('',*,*,#800,.F.);
#800 = EDGE_CURVE('',#801,#778,#803,.T.);
#801 = VERTEX_POINT('',#802);
#802 = CARTESIAN_POINT('',(7.12741208136,-4.930629587956,-22.49999995));
#803 = SURFACE_CURVE('',#804,(#808,#815),.PCURVE_S1.);
#804 = LINE('',#805,#806);
#805 = CARTESIAN_POINT('',(8.92803509128,-8.489121413735,-22.49999995));
#806 = VECTOR('',#807,1.);
#807 = DIRECTION('',(-0.45149661019,0.892272834388,0.));
#808 = PCURVE('',#185,#809);
#809 = DEFINITIONAL_REPRESENTATION('',(#810),#814);
#810 = LINE('',#811,#812);
#811 = CARTESIAN_POINT('',(-8.92803509128,8.489121413733));
#812 = VECTOR('',#813,1.);
#813 = DIRECTION('',(0.45149661019,-0.892272834388));
#814 = ( GEOMETRIC_REPRESENTATION_CONTEXT(2) 
PARAMETRIC_REPRESENTATION_CONTEXT() REPRESENTATION_CONTEXT('2D SPACE',''
  ) );
#815 = PCURVE('',#765,#816);
#816 = DEFINITIONAL_REPRESENTATION('',(#817),#821);
#817 = LINE('',#818,#819);
#818 = CARTESIAN_POINT('',(-8.92803509128,8.489121413733));
#819 = VECTOR('',#820,1.);
#820 = DIRECTION('',(0.45149661019,-0.892272834388));
#821 = ( GEOMETRIC_REPRESENTATION_CONTEXT(2) 
PARAMETRIC_REPRESENTATION_CONTEXT() REPRESENTATION_CONTEXT('2D SPACE',''
  ) );
#822 = ORIENTED_EDGE('',*,*,#823,.T.);
#823 = EDGE_CURVE('',#801,#824,#826,.T.);
#824 = VERTEX_POINT('',#825);
#825 = CARTESIAN_POINT('',(7.8337565205,-3.707205131723,-22.49999995));
#826 = SURFACE_CURVE('',#827,(#832,#839),.PCURVE_S1.);
#827 = CIRCLE('',#828,8.666666666667);
#828 = AXIS2_PLACEMENT_3D('',#829,#830,#831);
#829 = CARTESIAN_POINT('',(2.415845301584E-13,-2.30926389122E-12,
    -22.49999995));
#830 = DIRECTION('',(0.,0.,1.));
#831 = DIRECTION('',(-1.,0.,0.));
#832 = PCURVE('',#185,#833);
#833 = DEFINITIONAL_REPRESENTATION('',(#834),#838);
#834 = CIRCLE('',#835,8.666666666667);
#835 = AXIS2_PLACEMENT_2D('',#836,#837);
#836 = CARTESIAN_POINT('',(0.,0.));
#837 = DIRECTION('',(1.,0.));
#838 = ( GEOMETRIC_REPRESENTATION_CONTEXT(2) 
PARAMETRIC_REPRESENTATION_CONTEXT() REPRESENTATION_CONTEXT('2D SPACE',''
  ) );
#839 = PCURVE('',#840,#845);
#840 = CONICAL_SURFACE('',#841,8.666666666667,0.165148677415);
#841 = AXIS2_PLACEMENT_3D('',#842,#843,#844);
#842 = CARTESIAN_POINT('',(2.415845301584E-13,-2.30926389122E-12,
    -22.49999995));
#843 = DIRECTION('',(0.,0.,1.));
#844 = DIRECTION('',(-1.,0.,0.));
#845 = DEFINITIONAL_REPRESENTATION('',(#846),#850);
#846 = LINE('',#847,#848);
#847 = CARTESIAN_POINT('',(0.,0.));
#848 = VECTOR('',#849,1.);
#849 = DIRECTION('',(1.,0.));
#850 = ( GEOMETRIC_REPRESENTATION_CONTEXT(2) 
PARAMETRIC_REPRESENTATION_CONTEXT() REPRESENTATION_CONTEXT('2D SPACE',''
  ) );
#851 = ORIENTED_EDGE('',*,*,#852,.F.);
#852 = EDGE_CURVE('',#853,#824,#855,.T.);
#853 = VERTEX_POINT('',#854);
#854 = CARTESIAN_POINT('',(7.56090382239,-3.722270106314,-22.49999995));
#855 = SURFACE_CURVE('',#856,(#860,#867),.PCURVE_S1.);
#856 = LINE('',#857,#858);
#857 = CARTESIAN_POINT('',(7.56090382239,-3.722270106314,-22.49999995));
#858 = VECTOR('',#859,1.);
#859 = DIRECTION('',(0.998479246782,5.512888304692E-02,0.));
#860 = PCURVE('',#185,#861);
#861 = DEFINITIONAL_REPRESENTATION('',(#862),#866);
#862 = LINE('',#863,#864);
#863 = CARTESIAN_POINT('',(-7.56090382239,3.722270106312));
#864 = VECTOR('',#865,1.);
#865 = DIRECTION('',(-0.998479246782,-5.512888304692E-02));
#866 = ( GEOMETRIC_REPRESENTATION_CONTEXT(2) 
PARAMETRIC_REPRESENTATION_CONTEXT() REPRESENTATION_CONTEXT('2D SPACE',''
  ) );
#867 = PCURVE('',#868,#873);
#868 = PLANE('',#869);
#869 = AXIS2_PLACEMENT_3D('',#870,#871,#872);
#870 = CARTESIAN_POINT('',(2.415845301584E-13,-2.30926389122E-12,
    -22.49999995));
#871 = DIRECTION('',(0.,0.,1.));
#872 = DIRECTION('',(-1.,0.,0.));
#873 = DEFINITIONAL_REPRESENTATION('',(#874),#878);
#874 = LINE('',#875,#876);
#875 = CARTESIAN_POINT('',(-7.56090382239,3.722270106312));
#876 = VECTOR('',#877,1.);
#877 = DIRECTION('',(-0.998479246782,-5.512888304692E-02));
#878 = ( GEOMETRIC_REPRESENTATION_CONTEXT(2) 
PARAMETRIC_REPRESENTATION_CONTEXT() REPRESENTATION_CONTEXT('2D SPACE',''
  ) );
#879 = ORIENTED_EDGE('',*,*,#880,.F.);
#880 = EDGE_CURVE('',#881,#853,#883,.T.);
#881 = VERTEX_POINT('',#882);
#882 = CARTESIAN_POINT('',(8.40906983892,-0.556871439385,-22.49999995));
#883 = SURFACE_CURVE('',#884,(#888,#895),.PCURVE_S1.);
#884 = LINE('',#885,#886);
#885 = CARTESIAN_POINT('',(8.40906983892,-0.556871439385,-22.49999995));
#886 = VECTOR('',#887,1.);
#887 = DIRECTION('',(-0.258819045103,-0.965925826289,0.));
#888 = PCURVE('',#185,#889);
#889 = DEFINITIONAL_REPRESENTATION('',(#890),#894);
#890 = LINE('',#891,#892);
#891 = CARTESIAN_POINT('',(-8.40906983892,0.556871439383));
#892 = VECTOR('',#893,1.);
#893 = DIRECTION('',(0.258819045103,0.965925826289));
#894 = ( GEOMETRIC_REPRESENTATION_CONTEXT(2) 
PARAMETRIC_REPRESENTATION_CONTEXT() REPRESENTATION_CONTEXT('2D SPACE',''
  ) );
#895 = PCURVE('',#868,#896);
#896 = DEFINITIONAL_REPRESENTATION('',(#897),#901);
#897 = LINE('',#898,#899);
#898 = CARTESIAN_POINT('',(-8.40906983892,0.556871439383));
#899 = VECTOR('',#900,1.);
#900 = DIRECTION('',(0.258819045103,0.965925826289));
#901 = ( GEOMETRIC_REPRESENTATION_CONTEXT(2) 
PARAMETRIC_REPRESENTATION_CONTEXT() REPRESENTATION_CONTEXT('2D SPACE',''
  ) );
#902 = ORIENTED_EDGE('',*,*,#903,.F.);
#903 = EDGE_CURVE('',#904,#881,#906,.T.);
#904 = VERTEX_POINT('',#905);
#905 = CARTESIAN_POINT('',(8.63783471967,-0.706344439141,-22.49999995));
#906 = SURFACE_CURVE('',#907,(#911,#918),.PCURVE_S1.);
#907 = LINE('',#908,#909);
#908 = CARTESIAN_POINT('',(11.97646590179,-2.887777254464,-22.49999995)
  );
#909 = VECTOR('',#910,1.);
#910 = DIRECTION('',(-0.837143951341,0.546982636592,0.));
#911 = PCURVE('',#185,#912);
#912 = DEFINITIONAL_REPRESENTATION('',(#913),#917);
#913 = LINE('',#914,#915);
#914 = CARTESIAN_POINT('',(-11.97646590179,2.887777254462));
#915 = VECTOR('',#916,1.);
#916 = DIRECTION('',(0.837143951341,-0.546982636592));
#917 = ( GEOMETRIC_REPRESENTATION_CONTEXT(2) 
PARAMETRIC_REPRESENTATION_CONTEXT() REPRESENTATION_CONTEXT('2D SPACE',''
  ) );
#918 = PCURVE('',#868,#919);
#919 = DEFINITIONAL_REPRESENTATION('',(#920),#924);
#920 = LINE('',#921,#922);
#921 = CARTESIAN_POINT('',(-11.97646590179,2.887777254462));
#922 = VECTOR('',#923,1.);
#923 = DIRECTION('',(0.837143951341,-0.546982636592));
#924 = ( GEOMETRIC_REPRESENTATION_CONTEXT(2) 
PARAMETRIC_REPRESENTATION_CONTEXT() REPRESENTATION_CONTEXT('2D SPACE',''
  ) );
#925 = ORIENTED_EDGE('',*,*,#926,.T.);
#926 = EDGE_CURVE('',#904,#927,#929,.T.);
#927 = VERTEX_POINT('',#928);
#928 = CARTESIAN_POINT('',(8.63783471967,0.706344439137,-22.49999995));
#929 = SURFACE_CURVE('',#930,(#935,#942),.PCURVE_S1.);
#930 = CIRCLE('',#931,8.666666666667);
#931 = AXIS2_PLACEMENT_3D('',#932,#933,#934);
#932 = CARTESIAN_POINT('',(2.415845301584E-13,-2.30926389122E-12,
    -22.49999995));
#933 = DIRECTION('',(0.,0.,1.));
#934 = DIRECTION('',(-1.,0.,0.));
#935 = PCURVE('',#185,#936);
#936 = DEFINITIONAL_REPRESENTATION('',(#937),#941);
#937 = CIRCLE('',#938,8.666666666667);
#938 = AXIS2_PLACEMENT_2D('',#939,#940);
#939 = CARTESIAN_POINT('',(0.,0.));
#940 = DIRECTION('',(1.,0.));
#941 = ( GEOMETRIC_REPRESENTATION_CONTEXT(2) 
PARAMETRIC_REPRESENTATION_CONTEXT() REPRESENTATION_CONTEXT('2D SPACE',''
  ) );
#942 = PCURVE('',#943,#948);
#943 = CONICAL_SURFACE('',#944,8.666666666667,0.165148677415);
#944 = AXIS2_PLACEMENT_3D('',#945,#946,#947);
#945 = CARTESIAN_POINT('',(2.415845301584E-13,-2.30926389122E-12,
    -22.49999995));
#946 = DIRECTION('',(0.,0.,1.));
#947 = DIRECTION('',(-1.,0.,0.));
#948 = DEFINITIONAL_REPRESENTATION('',(#949),#953);
#949 = LINE('',#950,#951);
#950 = CARTESIAN_POINT('',(0.,0.));
#951 = VECTOR('',#952,1.);
#952 = DIRECTION('',(1.,0.));
#953 = ( GEOMETRIC_REPRESENTATION_CONTEXT(2) 
PARAMETRIC_REPRESENTATION_CONTEXT() REPRESENTATION_CONTEXT('2D SPACE',''
  ) );
#954 = ORIENTED_EDGE('',*,*,#955,.F.);
#955 = EDGE_CURVE('',#956,#927,#958,.T.);
#956 = VERTEX_POINT('',#957);
#957 = CARTESIAN_POINT('',(8.40906983892,0.556871439381,-22.49999995));
#958 = SURFACE_CURVE('',#959,(#963,#970),.PCURVE_S1.);
#959 = LINE('',#960,#961);
#960 = CARTESIAN_POINT('',(8.40906983892,0.556871439381,-22.49999995));
#961 = VECTOR('',#962,1.);
#962 = DIRECTION('',(0.837143951341,0.546982636592,0.));
#963 = PCURVE('',#185,#964);
#964 = DEFINITIONAL_REPRESENTATION('',(#965),#969);
#965 = LINE('',#966,#967);
#966 = CARTESIAN_POINT('',(-8.40906983892,-0.556871439383));
#967 = VECTOR('',#968,1.);
#968 = DIRECTION('',(-0.837143951341,-0.546982636592));
#969 = ( GEOMETRIC_REPRESENTATION_CONTEXT(2) 
PARAMETRIC_REPRESENTATION_CONTEXT() REPRESENTATION_CONTEXT('2D SPACE',''
  ) );
#970 = PCURVE('',#971,#976);
#971 = PLANE('',#972);
#972 = AXIS2_PLACEMENT_3D('',#973,#974,#975);
#973 = CARTESIAN_POINT('',(2.415845301584E-13,-2.30926389122E-12,
    -22.49999995));
#974 = DIRECTION('',(0.,0.,1.));
#975 = DIRECTION('',(-1.,0.,0.));
#976 = DEFINITIONAL_REPRESENTATION('',(#977),#981);
#977 = LINE('',#978,#979);
#978 = CARTESIAN_POINT('',(-8.40906983892,-0.556871439383));
#979 = VECTOR('',#980,1.);
#980 = DIRECTION('',(-0.837143951341,-0.546982636592));
#981 = ( GEOMETRIC_REPRESENTATION_CONTEXT(2) 
PARAMETRIC_REPRESENTATION_CONTEXT() REPRESENTATION_CONTEXT('2D SPACE',''
  ) );
#982 = ORIENTED_EDGE('',*,*,#983,.F.);
#983 = EDGE_CURVE('',#984,#956,#986,.T.);
#984 = VERTEX_POINT('',#985);
#985 = CARTESIAN_POINT('',(7.56090382239,3.72227010631,-22.49999995));
#986 = SURFACE_CURVE('',#987,(#991,#998),.PCURVE_S1.);
#987 = LINE('',#988,#989);
#988 = CARTESIAN_POINT('',(7.56090382239,3.72227010631,-22.49999995));
#989 = VECTOR('',#990,1.);
#990 = DIRECTION('',(0.258819045103,-0.965925826289,0.));
#991 = PCURVE('',#185,#992);
#992 = DEFINITIONAL_REPRESENTATION('',(#993),#997);
#993 = LINE('',#994,#995);
#994 = CARTESIAN_POINT('',(-7.56090382239,-3.722270106312));
#995 = VECTOR('',#996,1.);
#996 = DIRECTION('',(-0.258819045103,0.965925826289));
#997 = ( GEOMETRIC_REPRESENTATION_CONTEXT(2) 
PARAMETRIC_REPRESENTATION_CONTEXT() REPRESENTATION_CONTEXT('2D SPACE',''
  ) );
#998 = PCURVE('',#971,#999);
#999 = DEFINITIONAL_REPRESENTATION('',(#1000),#1004);
#1000 = LINE('',#1001,#1002);
#1001 = CARTESIAN_POINT('',(-7.56090382239,-3.722270106312));
#1002 = VECTOR('',#1003,1.);
#1003 = DIRECTION('',(-0.258819045103,0.965925826289));
#1004 = ( GEOMETRIC_REPRESENTATION_CONTEXT(2) 
PARAMETRIC_REPRESENTATION_CONTEXT() REPRESENTATION_CONTEXT('2D SPACE',''
  ) );
#1005 = ORIENTED_EDGE('',*,*,#1006,.F.);
#1006 = EDGE_CURVE('',#1007,#984,#1009,.T.);
#1007 = VERTEX_POINT('',#1008);
#1008 = CARTESIAN_POINT('',(7.8337565205,3.707205131719,-22.49999995));
#1009 = SURFACE_CURVE('',#1010,(#1014,#1021),.PCURVE_S1.);
#1010 = LINE('',#1011,#1012);
#1011 = CARTESIAN_POINT('',(11.81581234574,3.487344488061,-22.49999995)
  );
#1012 = VECTOR('',#1013,1.);
#1013 = DIRECTION('',(-0.998479246782,5.512888304692E-02,0.));
#1014 = PCURVE('',#185,#1015);
#1015 = DEFINITIONAL_REPRESENTATION('',(#1016),#1020);
#1016 = LINE('',#1017,#1018);
#1017 = CARTESIAN_POINT('',(-11.81581234574,-3.487344488063));
#1018 = VECTOR('',#1019,1.);
#1019 = DIRECTION('',(0.998479246782,-5.512888304692E-02));
#1020 = ( GEOMETRIC_REPRESENTATION_CONTEXT(2) 
PARAMETRIC_REPRESENTATION_CONTEXT() REPRESENTATION_CONTEXT('2D SPACE',''
  ) );
#1021 = PCURVE('',#971,#1022);
#1022 = DEFINITIONAL_REPRESENTATION('',(#1023),#1027);
#1023 = LINE('',#1024,#1025);
#1024 = CARTESIAN_POINT('',(-11.81581234574,-3.487344488063));
#1025 = VECTOR('',#1026,1.);
#1026 = DIRECTION('',(0.998479246782,-5.512888304692E-02));
#1027 = ( GEOMETRIC_REPRESENTATION_CONTEXT(2) 
PARAMETRIC_REPRESENTATION_CONTEXT() REPRESENTATION_CONTEXT('2D SPACE',''
  ) );
#1028 = ORIENTED_EDGE('',*,*,#1029,.T.);
#1029 = EDGE_CURVE('',#1007,#1030,#1032,.T.);
#1030 = VERTEX_POINT('',#1031);
#1031 = CARTESIAN_POINT('',(7.12741208136,4.930629587952,-22.49999995));
#1032 = SURFACE_CURVE('',#1033,(#1038,#1045),.PCURVE_S1.);
#1033 = CIRCLE('',#1034,8.666666666667);
#1034 = AXIS2_PLACEMENT_3D('',#1035,#1036,#1037);
#1035 = CARTESIAN_POINT('',(2.415845301584E-13,-2.30926389122E-12,
    -22.49999995));
#1036 = DIRECTION('',(0.,0.,1.));
#1037 = DIRECTION('',(-1.,0.,0.));
#1038 = PCURVE('',#185,#1039);
#1039 = DEFINITIONAL_REPRESENTATION('',(#1040),#1044);
#1040 = CIRCLE('',#1041,8.666666666667);
#1041 = AXIS2_PLACEMENT_2D('',#1042,#1043);
#1042 = CARTESIAN_POINT('',(0.,0.));
#1043 = DIRECTION('',(1.,0.));
#1044 = ( GEOMETRIC_REPRESENTATION_CONTEXT(2) 
PARAMETRIC_REPRESENTATION_CONTEXT() REPRESENTATION_CONTEXT('2D SPACE',''
  ) );
#1045 = PCURVE('',#1046,#1051);
#1046 = CONICAL_SURFACE('',#1047,8.666666666667,0.165148677415);
#1047 = AXIS2_PLACEMENT_3D('',#1048,#1049,#1050);
#1048 = CARTESIAN_POINT('',(2.415845301584E-13,-2.30926389122E-12,
    -22.49999995));
#1049 = DIRECTION('',(0.,0.,1.));
#1050 = DIRECTION('',(-1.,0.,0.));
#1051 = DEFINITIONAL_REPRESENTATION('',(#1052),#1056);
#1052 = LINE('',#1053,#1054);
#1053 = CARTESIAN_POINT('',(0.,0.));
#1054 = VECTOR('',#1055,1.);
#1055 = DIRECTION('',(1.,0.));
#1056 = ( GEOMETRIC_REPRESENTATION_CONTEXT(2) 
PARAMETRIC_REPRESENTATION_CONTEXT() REPRESENTATION_CONTEXT('2D SPACE',''
  ) );
#1057 = ORIENTED_EDGE('',*,*,#1058,.F.);
#1058 = EDGE_CURVE('',#1059,#1030,#1061,.T.);
#1059 = VERTEX_POINT('',#1060);
#1060 = CARTESIAN_POINT('',(7.00403238301,4.686799732605,-22.49999995));
#1061 = SURFACE_CURVE('',#1062,(#1066,#1073),.PCURVE_S1.);
#1062 = LINE('',#1063,#1064);
#1063 = CARTESIAN_POINT('',(7.00403238301,4.686799732605,-22.49999995));
#1064 = VECTOR('',#1065,1.);
#1065 = DIRECTION('',(0.45149661019,0.892272834388,0.));
#1066 = PCURVE('',#185,#1067);
#1067 = DEFINITIONAL_REPRESENTATION('',(#1068),#1072);
#1068 = LINE('',#1069,#1070);
#1069 = CARTESIAN_POINT('',(-7.00403238301,-4.686799732607));
#1070 = VECTOR('',#1071,1.);
#1071 = DIRECTION('',(-0.45149661019,-0.892272834388));
#1072 = ( GEOMETRIC_REPRESENTATION_CONTEXT(2) 
PARAMETRIC_REPRESENTATION_CONTEXT() REPRESENTATION_CONTEXT('2D SPACE',''
  ) );
#1073 = PCURVE('',#1074,#1079);
#1074 = PLANE('',#1075);
#1075 = AXIS2_PLACEMENT_3D('',#1076,#1077,#1078);
#1076 = CARTESIAN_POINT('',(2.415845301584E-13,-2.30926389122E-12,
    -22.49999995));
#1077 = DIRECTION('',(0.,0.,1.));
#1078 = DIRECTION('',(-1.,0.,0.));
#1079 = DEFINITIONAL_REPRESENTATION('',(#1080),#1084);
#1080 = LINE('',#1081,#1082);
#1081 = CARTESIAN_POINT('',(-7.00403238301,-4.686799732607));
#1082 = VECTOR('',#1083,1.);
#1083 = DIRECTION('',(-0.45149661019,-0.892272834388));
#1084 = ( GEOMETRIC_REPRESENTATION_CONTEXT(2) 
PARAMETRIC_REPRESENTATION_CONTEXT() REPRESENTATION_CONTEXT('2D SPACE',''
  ) );
#1085 = ORIENTED_EDGE('',*,*,#1086,.F.);
#1086 = EDGE_CURVE('',#1087,#1059,#1089,.T.);
#1087 = VERTEX_POINT('',#1088);
#1088 = CARTESIAN_POINT('',(4.6867997326,7.004032383008,-22.49999995));
#1089 = SURFACE_CURVE('',#1090,(#1094,#1101),.PCURVE_S1.);
#1090 = LINE('',#1091,#1092);
#1091 = CARTESIAN_POINT('',(4.6867997326,7.004032383008,-22.49999995));
#1092 = VECTOR('',#1093,1.);
#1093 = DIRECTION('',(0.707106781187,-0.707106781187,0.));
#1094 = PCURVE('',#185,#1095);
#1095 = DEFINITIONAL_REPRESENTATION('',(#1096),#1100);
#1096 = LINE('',#1097,#1098);
#1097 = CARTESIAN_POINT('',(-4.6867997326,-7.00403238301));
#1098 = VECTOR('',#1099,1.);
#1099 = DIRECTION('',(-0.707106781187,0.707106781187));
#1100 = ( GEOMETRIC_REPRESENTATION_CONTEXT(2) 
PARAMETRIC_REPRESENTATION_CONTEXT() REPRESENTATION_CONTEXT('2D SPACE',''
  ) );
#1101 = PCURVE('',#1074,#1102);
#1102 = DEFINITIONAL_REPRESENTATION('',(#1103),#1107);
#1103 = LINE('',#1104,#1105);
#1104 = CARTESIAN_POINT('',(-4.6867997326,-7.00403238301));
#1105 = VECTOR('',#1106,1.);
#1106 = DIRECTION('',(-0.707106781187,0.707106781187));
#1107 = ( GEOMETRIC_REPRESENTATION_CONTEXT(2) 
PARAMETRIC_REPRESENTATION_CONTEXT() REPRESENTATION_CONTEXT('2D SPACE',''
  ) );
#1108 = ORIENTED_EDGE('',*,*,#1109,.F.);
#1109 = EDGE_CURVE('',#1110,#1087,#1112,.T.);
#1110 = VERTEX_POINT('',#1111);
#1111 = CARTESIAN_POINT('',(4.93062958795,7.127412081357,-22.49999995));
#1112 = SURFACE_CURVE('',#1113,(#1117,#1124),.PCURVE_S1.);
#1113 = LINE('',#1114,#1115);
#1114 = CARTESIAN_POINT('',(8.48912141373,8.928035091281,-22.49999995));
#1115 = VECTOR('',#1116,1.);
#1116 = DIRECTION('',(-0.892272834388,-0.45149661019,0.));
#1117 = PCURVE('',#185,#1118);
#1118 = DEFINITIONAL_REPRESENTATION('',(#1119),#1123);
#1119 = LINE('',#1120,#1121);
#1120 = CARTESIAN_POINT('',(-8.48912141373,-8.928035091283));
#1121 = VECTOR('',#1122,1.);
#1122 = DIRECTION('',(0.892272834388,0.45149661019));
#1123 = ( GEOMETRIC_REPRESENTATION_CONTEXT(2) 
PARAMETRIC_REPRESENTATION_CONTEXT() REPRESENTATION_CONTEXT('2D SPACE',''
  ) );
#1124 = PCURVE('',#1074,#1125);
#1125 = DEFINITIONAL_REPRESENTATION('',(#1126),#1130);
#1126 = LINE('',#1127,#1128);
#1127 = CARTESIAN_POINT('',(-8.48912141373,-8.928035091283));
#1128 = VECTOR('',#1129,1.);
#1129 = DIRECTION('',(0.892272834388,0.45149661019));
#1130 = ( GEOMETRIC_REPRESENTATION_CONTEXT(2) 
PARAMETRIC_REPRESENTATION_CONTEXT() REPRESENTATION_CONTEXT('2D SPACE',''
  ) );
#1131 = ORIENTED_EDGE('',*,*,#1132,.T.);
#1132 = EDGE_CURVE('',#1110,#1133,#1135,.T.);
#1133 = VERTEX_POINT('',#1134);
#1134 = CARTESIAN_POINT('',(3.70720513172,7.833756520497,-22.49999995));
#1135 = SURFACE_CURVE('',#1136,(#1141,#1148),.PCURVE_S1.);
#1136 = CIRCLE('',#1137,8.666666666667);
#1137 = AXIS2_PLACEMENT_3D('',#1138,#1139,#1140);
#1138 = CARTESIAN_POINT('',(2.415845301584E-13,-2.30926389122E-12,
    -22.49999995));
#1139 = DIRECTION('',(0.,0.,1.));
#1140 = DIRECTION('',(-1.,0.,0.));
#1141 = PCURVE('',#185,#1142);
#1142 = DEFINITIONAL_REPRESENTATION('',(#1143),#1147);
#1143 = CIRCLE('',#1144,8.666666666667);
#1144 = AXIS2_PLACEMENT_2D('',#1145,#1146);
#1145 = CARTESIAN_POINT('',(0.,0.));
#1146 = DIRECTION('',(1.,0.));
#1147 = ( GEOMETRIC_REPRESENTATION_CONTEXT(2) 
PARAMETRIC_REPRESENTATION_CONTEXT() REPRESENTATION_CONTEXT('2D SPACE',''
  ) );
#1148 = PCURVE('',#1149,#1154);
#1149 = CONICAL_SURFACE('',#1150,8.666666666667,0.165148677415);
#1150 = AXIS2_PLACEMENT_3D('',#1151,#1152,#1153);
#1151 = CARTESIAN_POINT('',(2.415845301584E-13,-2.30926389122E-12,
    -22.49999995));
#1152 = DIRECTION('',(0.,0.,1.));
#1153 = DIRECTION('',(-1.,0.,0.));
#1154 = DEFINITIONAL_REPRESENTATION('',(#1155),#1159);
#1155 = LINE('',#1156,#1157);
#1156 = CARTESIAN_POINT('',(0.,0.));
#1157 = VECTOR('',#1158,1.);
#1158 = DIRECTION('',(1.,0.));
#1159 = ( GEOMETRIC_REPRESENTATION_CONTEXT(2) 
PARAMETRIC_REPRESENTATION_CONTEXT() REPRESENTATION_CONTEXT('2D SPACE',''
  ) );
#1160 = ORIENTED_EDGE('',*,*,#1161,.F.);
#1161 = EDGE_CURVE('',#1162,#1133,#1164,.T.);
#1162 = VERTEX_POINT('',#1163);
#1163 = CARTESIAN_POINT('',(3.72227010631,7.560903822391,-22.49999995));
#1164 = SURFACE_CURVE('',#1165,(#1169,#1176),.PCURVE_S1.);
#1165 = LINE('',#1166,#1167);
#1166 = CARTESIAN_POINT('',(3.72227010631,7.560903822391,-22.49999995));
#1167 = VECTOR('',#1168,1.);
#1168 = DIRECTION('',(-5.512888304692E-02,0.998479246782,0.));
#1169 = PCURVE('',#185,#1170);
#1170 = DEFINITIONAL_REPRESENTATION('',(#1171),#1175);
#1171 = LINE('',#1172,#1173);
#1172 = CARTESIAN_POINT('',(-3.72227010631,-7.560903822393));
#1173 = VECTOR('',#1174,1.);
#1174 = DIRECTION('',(5.512888304692E-02,-0.998479246782));
#1175 = ( GEOMETRIC_REPRESENTATION_CONTEXT(2) 
PARAMETRIC_REPRESENTATION_CONTEXT() REPRESENTATION_CONTEXT('2D SPACE',''
  ) );
#1176 = PCURVE('',#1177,#1182);
#1177 = PLANE('',#1178);
#1178 = AXIS2_PLACEMENT_3D('',#1179,#1180,#1181);
#1179 = CARTESIAN_POINT('',(2.415845301584E-13,-2.30926389122E-12,
    -22.49999995));
#1180 = DIRECTION('',(0.,0.,1.));
#1181 = DIRECTION('',(-1.,0.,0.));
#1182 = DEFINITIONAL_REPRESENTATION('',(#1183),#1187);
#1183 = LINE('',#1184,#1185);
#1184 = CARTESIAN_POINT('',(-3.72227010631,-7.560903822393));
#1185 = VECTOR('',#1186,1.);
#1186 = DIRECTION('',(5.512888304692E-02,-0.998479246782));
#1187 = ( GEOMETRIC_REPRESENTATION_CONTEXT(2) 
PARAMETRIC_REPRESENTATION_CONTEXT() REPRESENTATION_CONTEXT('2D SPACE',''
  ) );
#1188 = ORIENTED_EDGE('',*,*,#1189,.F.);
#1189 = EDGE_CURVE('',#1190,#1162,#1192,.T.);
#1190 = VERTEX_POINT('',#1191);
#1191 = CARTESIAN_POINT('',(0.55687143938,8.409069838917,-22.49999995));
#1192 = SURFACE_CURVE('',#1193,(#1197,#1204),.PCURVE_S1.);
#1193 = LINE('',#1194,#1195);
#1194 = CARTESIAN_POINT('',(0.55687143938,8.409069838917,-22.49999995));
#1195 = VECTOR('',#1196,1.);
#1196 = DIRECTION('',(0.965925826289,-0.258819045103,0.));
#1197 = PCURVE('',#185,#1198);
#1198 = DEFINITIONAL_REPRESENTATION('',(#1199),#1203);
#1199 = LINE('',#1200,#1201);
#1200 = CARTESIAN_POINT('',(-0.55687143938,-8.409069838919));
#1201 = VECTOR('',#1202,1.);
#1202 = DIRECTION('',(-0.965925826289,0.258819045103));
#1203 = ( GEOMETRIC_REPRESENTATION_CONTEXT(2) 
PARAMETRIC_REPRESENTATION_CONTEXT() REPRESENTATION_CONTEXT('2D SPACE',''
  ) );
#1204 = PCURVE('',#1177,#1205);
#1205 = DEFINITIONAL_REPRESENTATION('',(#1206),#1210);
#1206 = LINE('',#1207,#1208);
#1207 = CARTESIAN_POINT('',(-0.55687143938,-8.409069838919));
#1208 = VECTOR('',#1209,1.);
#1209 = DIRECTION('',(-0.965925826289,0.258819045103));
#1210 = ( GEOMETRIC_REPRESENTATION_CONTEXT(2) 
PARAMETRIC_REPRESENTATION_CONTEXT() REPRESENTATION_CONTEXT('2D SPACE',''
  ) );
#1211 = ORIENTED_EDGE('',*,*,#1212,.F.);
#1212 = EDGE_CURVE('',#1213,#1190,#1215,.T.);
#1213 = VERTEX_POINT('',#1214);
#1214 = CARTESIAN_POINT('',(0.70634443914,8.637834719672,-22.49999995));
#1215 = SURFACE_CURVE('',#1216,(#1220,#1227),.PCURVE_S1.);
#1216 = LINE('',#1217,#1218);
#1217 = CARTESIAN_POINT('',(2.88777725446,11.976465901794,-22.49999995)
  );
#1218 = VECTOR('',#1219,1.);
#1219 = DIRECTION('',(-0.546982636592,-0.837143951341,0.));
#1220 = PCURVE('',#185,#1221);
#1221 = DEFINITIONAL_REPRESENTATION('',(#1222),#1226);
#1222 = LINE('',#1223,#1224);
#1223 = CARTESIAN_POINT('',(-2.88777725446,-11.97646590179));
#1224 = VECTOR('',#1225,1.);
#1225 = DIRECTION('',(0.546982636592,0.837143951341));
#1226 = ( GEOMETRIC_REPRESENTATION_CONTEXT(2) 
PARAMETRIC_REPRESENTATION_CONTEXT() REPRESENTATION_CONTEXT('2D SPACE',''
  ) );
#1227 = PCURVE('',#1177,#1228);
#1228 = DEFINITIONAL_REPRESENTATION('',(#1229),#1233);
#1229 = LINE('',#1230,#1231);
#1230 = CARTESIAN_POINT('',(-2.88777725446,-11.97646590179));
#1231 = VECTOR('',#1232,1.);
#1232 = DIRECTION('',(0.546982636592,0.837143951341));
#1233 = ( GEOMETRIC_REPRESENTATION_CONTEXT(2) 
PARAMETRIC_REPRESENTATION_CONTEXT() REPRESENTATION_CONTEXT('2D SPACE',''
  ) );
#1234 = ORIENTED_EDGE('',*,*,#1235,.T.);
#1235 = EDGE_CURVE('',#1213,#1236,#1238,.T.);
#1236 = VERTEX_POINT('',#1237);
#1237 = CARTESIAN_POINT('',(-0.70634443914,8.637834719672,-22.49999995)
  );
#1238 = SURFACE_CURVE('',#1239,(#1244,#1251),.PCURVE_S1.);
#1239 = CIRCLE('',#1240,8.666666666667);
#1240 = AXIS2_PLACEMENT_3D('',#1241,#1242,#1243);
#1241 = CARTESIAN_POINT('',(2.415845301584E-13,-2.30926389122E-12,
    -22.49999995));
#1242 = DIRECTION('',(0.,0.,1.));
#1243 = DIRECTION('',(-1.,0.,0.));
#1244 = PCURVE('',#185,#1245);
#1245 = DEFINITIONAL_REPRESENTATION('',(#1246),#1250);
#1246 = CIRCLE('',#1247,8.666666666667);
#1247 = AXIS2_PLACEMENT_2D('',#1248,#1249);
#1248 = CARTESIAN_POINT('',(0.,0.));
#1249 = DIRECTION('',(1.,0.));
#1250 = ( GEOMETRIC_REPRESENTATION_CONTEXT(2) 
PARAMETRIC_REPRESENTATION_CONTEXT() REPRESENTATION_CONTEXT('2D SPACE',''
  ) );
#1251 = PCURVE('',#1252,#1257);
#1252 = CONICAL_SURFACE('',#1253,8.666666666667,0.165148677415);
#1253 = AXIS2_PLACEMENT_3D('',#1254,#1255,#1256);
#1254 = CARTESIAN_POINT('',(2.415845301584E-13,-2.30926389122E-12,
    -22.49999995));
#1255 = DIRECTION('',(0.,0.,1.));
#1256 = DIRECTION('',(-1.,0.,0.));
#1257 = DEFINITIONAL_REPRESENTATION('',(#1258),#1262);
#1258 = LINE('',#1259,#1260);
#1259 = CARTESIAN_POINT('',(0.,0.));
#1260 = VECTOR('',#1261,1.);
#1261 = DIRECTION('',(1.,0.));
#1262 = ( GEOMETRIC_REPRESENTATION_CONTEXT(2) 
PARAMETRIC_REPRESENTATION_CONTEXT() REPRESENTATION_CONTEXT('2D SPACE',''
  ) );
#1263 = ORIENTED_EDGE('',*,*,#1264,.F.);
#1264 = EDGE_CURVE('',#1265,#1236,#1267,.T.);
#1265 = VERTEX_POINT('',#1266);
#1266 = CARTESIAN_POINT('',(-0.55687143939,8.409069838917,-22.49999995)
  );
#1267 = SURFACE_CURVE('',#1268,(#1272,#1279),.PCURVE_S1.);
#1268 = LINE('',#1269,#1270);
#1269 = CARTESIAN_POINT('',(-0.55687143939,8.409069838917,-22.49999995)
  );
#1270 = VECTOR('',#1271,1.);
#1271 = DIRECTION('',(-0.546982636592,0.837143951341,0.));
#1272 = PCURVE('',#185,#1273);
#1273 = DEFINITIONAL_REPRESENTATION('',(#1274),#1278);
#1274 = LINE('',#1275,#1276);
#1275 = CARTESIAN_POINT('',(0.55687143939,-8.409069838919));
#1276 = VECTOR('',#1277,1.);
#1277 = DIRECTION('',(0.546982636592,-0.837143951341));
#1278 = ( GEOMETRIC_REPRESENTATION_CONTEXT(2) 
PARAMETRIC_REPRESENTATION_CONTEXT() REPRESENTATION_CONTEXT('2D SPACE',''
  ) );
#1279 = PCURVE('',#1280,#1285);
#1280 = PLANE('',#1281);
#1281 = AXIS2_PLACEMENT_3D('',#1282,#1283,#1284);
#1282 = CARTESIAN_POINT('',(2.415845301584E-13,-2.30926389122E-12,
    -22.49999995));
#1283 = DIRECTION('',(0.,0.,1.));
#1284 = DIRECTION('',(-1.,0.,0.));
#1285 = DEFINITIONAL_REPRESENTATION('',(#1286),#1290);
#1286 = LINE('',#1287,#1288);
#1287 = CARTESIAN_POINT('',(0.55687143939,-8.409069838919));
#1288 = VECTOR('',#1289,1.);
#1289 = DIRECTION('',(0.546982636592,-0.837143951341));
#1290 = ( GEOMETRIC_REPRESENTATION_CONTEXT(2) 
PARAMETRIC_REPRESENTATION_CONTEXT() REPRESENTATION_CONTEXT('2D SPACE',''
  ) );
#1291 = ORIENTED_EDGE('',*,*,#1292,.F.);
#1292 = EDGE_CURVE('',#1293,#1265,#1295,.T.);
#1293 = VERTEX_POINT('',#1294);
#1294 = CARTESIAN_POINT('',(-3.72227010632,7.560903822391,-22.49999995)
  );
#1295 = SURFACE_CURVE('',#1296,(#1300,#1307),.PCURVE_S1.);
#1296 = LINE('',#1297,#1298);
#1297 = CARTESIAN_POINT('',(-3.72227010632,7.560903822391,-22.49999995)
  );
#1298 = VECTOR('',#1299,1.);
#1299 = DIRECTION('',(0.965925826289,0.258819045103,0.));
#1300 = PCURVE('',#185,#1301);
#1301 = DEFINITIONAL_REPRESENTATION('',(#1302),#1306);
#1302 = LINE('',#1303,#1304);
#1303 = CARTESIAN_POINT('',(3.72227010632,-7.560903822393));
#1304 = VECTOR('',#1305,1.);
#1305 = DIRECTION('',(-0.965925826289,-0.258819045103));
#1306 = ( GEOMETRIC_REPRESENTATION_CONTEXT(2) 
PARAMETRIC_REPRESENTATION_CONTEXT() REPRESENTATION_CONTEXT('2D SPACE',''
  ) );
#1307 = PCURVE('',#1280,#1308);
#1308 = DEFINITIONAL_REPRESENTATION('',(#1309),#1313);
#1309 = LINE('',#1310,#1311);
#1310 = CARTESIAN_POINT('',(3.72227010632,-7.560903822393));
#1311 = VECTOR('',#1312,1.);
#1312 = DIRECTION('',(-0.965925826289,-0.258819045103));
#1313 = ( GEOMETRIC_REPRESENTATION_CONTEXT(2) 
PARAMETRIC_REPRESENTATION_CONTEXT() REPRESENTATION_CONTEXT('2D SPACE',''
  ) );
#1314 = ORIENTED_EDGE('',*,*,#1315,.F.);
#1315 = EDGE_CURVE('',#1316,#1293,#1318,.T.);
#1316 = VERTEX_POINT('',#1317);
#1317 = CARTESIAN_POINT('',(-3.70720513172,7.833756520497,-22.49999995)
  );
#1318 = SURFACE_CURVE('',#1319,(#1323,#1330),.PCURVE_S1.);
#1319 = LINE('',#1320,#1321);
#1320 = CARTESIAN_POINT('',(-3.48734448807,11.815812345743,-22.49999995)
  );
#1321 = VECTOR('',#1322,1.);
#1322 = DIRECTION('',(-5.512888304692E-02,-0.998479246782,0.));
#1323 = PCURVE('',#185,#1324);
#1324 = DEFINITIONAL_REPRESENTATION('',(#1325),#1329);
#1325 = LINE('',#1326,#1327);
#1326 = CARTESIAN_POINT('',(3.48734448807,-11.81581234574));
#1327 = VECTOR('',#1328,1.);
#1328 = DIRECTION('',(5.512888304692E-02,0.998479246782));
#1329 = ( GEOMETRIC_REPRESENTATION_CONTEXT(2) 
PARAMETRIC_REPRESENTATION_CONTEXT() REPRESENTATION_CONTEXT('2D SPACE',''
  ) );
#1330 = PCURVE('',#1280,#1331);
#1331 = DEFINITIONAL_REPRESENTATION('',(#1332),#1336);
#1332 = LINE('',#1333,#1334);
#1333 = CARTESIAN_POINT('',(3.48734448807,-11.81581234574));
#1334 = VECTOR('',#1335,1.);
#1335 = DIRECTION('',(5.512888304692E-02,0.998479246782));
#1336 = ( GEOMETRIC_REPRESENTATION_CONTEXT(2) 
PARAMETRIC_REPRESENTATION_CONTEXT() REPRESENTATION_CONTEXT('2D SPACE',''
  ) );
#1337 = ORIENTED_EDGE('',*,*,#1338,.T.);
#1338 = EDGE_CURVE('',#1316,#1339,#1341,.T.);
#1339 = VERTEX_POINT('',#1340);
#1340 = CARTESIAN_POINT('',(-4.93062958796,7.127412081357,-22.49999995)
  );
#1341 = SURFACE_CURVE('',#1342,(#1347,#1354),.PCURVE_S1.);
#1342 = CIRCLE('',#1343,8.666666666667);
#1343 = AXIS2_PLACEMENT_3D('',#1344,#1345,#1346);
#1344 = CARTESIAN_POINT('',(2.415845301584E-13,-2.30926389122E-12,
    -22.49999995));
#1345 = DIRECTION('',(0.,0.,1.));
#1346 = DIRECTION('',(-1.,0.,0.));
#1347 = PCURVE('',#185,#1348);
#1348 = DEFINITIONAL_REPRESENTATION('',(#1349),#1353);
#1349 = CIRCLE('',#1350,8.666666666667);
#1350 = AXIS2_PLACEMENT_2D('',#1351,#1352);
#1351 = CARTESIAN_POINT('',(0.,0.));
#1352 = DIRECTION('',(1.,0.));
#1353 = ( GEOMETRIC_REPRESENTATION_CONTEXT(2) 
PARAMETRIC_REPRESENTATION_CONTEXT() REPRESENTATION_CONTEXT('2D SPACE',''
  ) );
#1354 = PCURVE('',#1355,#1360);
#1355 = CONICAL_SURFACE('',#1356,8.666666666667,0.165148677415);
#1356 = AXIS2_PLACEMENT_3D('',#1357,#1358,#1359);
#1357 = CARTESIAN_POINT('',(2.415845301584E-13,-2.30926389122E-12,
    -22.49999995));
#1358 = DIRECTION('',(0.,0.,1.));
#1359 = DIRECTION('',(-1.,0.,0.));
#1360 = DEFINITIONAL_REPRESENTATION('',(#1361),#1365);
#1361 = LINE('',#1362,#1363);
#1362 = CARTESIAN_POINT('',(0.,0.));
#1363 = VECTOR('',#1364,1.);
#1364 = DIRECTION('',(1.,0.));
#1365 = ( GEOMETRIC_REPRESENTATION_CONTEXT(2) 
PARAMETRIC_REPRESENTATION_CONTEXT() REPRESENTATION_CONTEXT('2D SPACE',''
  ) );
#1366 = ORIENTED_EDGE('',*,*,#1367,.F.);
#1367 = EDGE_CURVE('',#1368,#1339,#1370,.T.);
#1368 = VERTEX_POINT('',#1369);
#1369 = CARTESIAN_POINT('',(-4.68679973261,7.004032383008,-22.49999995)
  );
#1370 = SURFACE_CURVE('',#1371,(#1375,#1382),.PCURVE_S1.);
#1371 = LINE('',#1372,#1373);
#1372 = CARTESIAN_POINT('',(-4.68679973261,7.004032383008,-22.49999995)
  );
#1373 = VECTOR('',#1374,1.);
#1374 = DIRECTION('',(-0.892272834388,0.45149661019,0.));
#1375 = PCURVE('',#185,#1376);
#1376 = DEFINITIONAL_REPRESENTATION('',(#1377),#1381);
#1377 = LINE('',#1378,#1379);
#1378 = CARTESIAN_POINT('',(4.68679973261,-7.00403238301));
#1379 = VECTOR('',#1380,1.);
#1380 = DIRECTION('',(0.892272834388,-0.45149661019));
#1381 = ( GEOMETRIC_REPRESENTATION_CONTEXT(2) 
PARAMETRIC_REPRESENTATION_CONTEXT() REPRESENTATION_CONTEXT('2D SPACE',''
  ) );
#1382 = PCURVE('',#1383,#1388);
#1383 = PLANE('',#1384);
#1384 = AXIS2_PLACEMENT_3D('',#1385,#1386,#1387);
#1385 = CARTESIAN_POINT('',(2.415845301584E-13,-2.30926389122E-12,
    -22.49999995));
#1386 = DIRECTION('',(0.,0.,1.));
#1387 = DIRECTION('',(-1.,0.,0.));
#1388 = DEFINITIONAL_REPRESENTATION('',(#1389),#1393);
#1389 = LINE('',#1390,#1391);
#1390 = CARTESIAN_POINT('',(4.68679973261,-7.00403238301));
#1391 = VECTOR('',#1392,1.);
#1392 = DIRECTION('',(0.892272834388,-0.45149661019));
#1393 = ( GEOMETRIC_REPRESENTATION_CONTEXT(2) 
PARAMETRIC_REPRESENTATION_CONTEXT() REPRESENTATION_CONTEXT('2D SPACE',''
  ) );
#1394 = ORIENTED_EDGE('',*,*,#1395,.F.);
#1395 = EDGE_CURVE('',#1396,#1368,#1398,.T.);
#1396 = VERTEX_POINT('',#1397);
#1397 = CARTESIAN_POINT('',(-7.00403238301,4.686799732605,-22.49999995)
  );
#1398 = SURFACE_CURVE('',#1399,(#1403,#1410),.PCURVE_S1.);
#1399 = LINE('',#1400,#1401);
#1400 = CARTESIAN_POINT('',(-7.00403238301,4.686799732605,-22.49999995)
  );
#1401 = VECTOR('',#1402,1.);
#1402 = DIRECTION('',(0.707106781187,0.707106781187,0.));
#1403 = PCURVE('',#185,#1404);
#1404 = DEFINITIONAL_REPRESENTATION('',(#1405),#1409);
#1405 = LINE('',#1406,#1407);
#1406 = CARTESIAN_POINT('',(7.00403238301,-4.686799732607));
#1407 = VECTOR('',#1408,1.);
#1408 = DIRECTION('',(-0.707106781187,-0.707106781187));
#1409 = ( GEOMETRIC_REPRESENTATION_CONTEXT(2) 
PARAMETRIC_REPRESENTATION_CONTEXT() REPRESENTATION_CONTEXT('2D SPACE',''
  ) );
#1410 = PCURVE('',#1383,#1411);
#1411 = DEFINITIONAL_REPRESENTATION('',(#1412),#1416);
#1412 = LINE('',#1413,#1414);
#1413 = CARTESIAN_POINT('',(7.00403238301,-4.686799732607));
#1414 = VECTOR('',#1415,1.);
#1415 = DIRECTION('',(-0.707106781187,-0.707106781187));
#1416 = ( GEOMETRIC_REPRESENTATION_CONTEXT(2) 
PARAMETRIC_REPRESENTATION_CONTEXT() REPRESENTATION_CONTEXT('2D SPACE',''
  ) );
#1417 = ORIENTED_EDGE('',*,*,#1418,.F.);
#1418 = EDGE_CURVE('',#1419,#1396,#1421,.T.);
#1419 = VERTEX_POINT('',#1420);
#1420 = CARTESIAN_POINT('',(-7.12741208136,4.930629587952,-22.49999995)
  );
#1421 = SURFACE_CURVE('',#1422,(#1426,#1433),.PCURVE_S1.);
#1422 = LINE('',#1423,#1424);
#1423 = CARTESIAN_POINT('',(-8.92803509129,8.489121413731,-22.49999995)
  );
#1424 = VECTOR('',#1425,1.);
#1425 = DIRECTION('',(0.45149661019,-0.892272834388,0.));
#1426 = PCURVE('',#185,#1427);
#1427 = DEFINITIONAL_REPRESENTATION('',(#1428),#1432);
#1428 = LINE('',#1429,#1430);
#1429 = CARTESIAN_POINT('',(8.92803509129,-8.489121413733));
#1430 = VECTOR('',#1431,1.);
#1431 = DIRECTION('',(-0.45149661019,0.892272834388));
#1432 = ( GEOMETRIC_REPRESENTATION_CONTEXT(2) 
PARAMETRIC_REPRESENTATION_CONTEXT() REPRESENTATION_CONTEXT('2D SPACE',''
  ) );
#1433 = PCURVE('',#1383,#1434);
#1434 = DEFINITIONAL_REPRESENTATION('',(#1435),#1439);
#1435 = LINE('',#1436,#1437);
#1436 = CARTESIAN_POINT('',(8.92803509129,-8.489121413733));
#1437 = VECTOR('',#1438,1.);
#1438 = DIRECTION('',(-0.45149661019,0.892272834388));
#1439 = ( GEOMETRIC_REPRESENTATION_CONTEXT(2) 
PARAMETRIC_REPRESENTATION_CONTEXT() REPRESENTATION_CONTEXT('2D SPACE',''
  ) );
#1440 = ORIENTED_EDGE('',*,*,#1441,.T.);
#1441 = EDGE_CURVE('',#1419,#1442,#1444,.T.);
#1442 = VERTEX_POINT('',#1443);
#1443 = CARTESIAN_POINT('',(-7.8337565205,3.707205131719,-22.49999995));
#1444 = SURFACE_CURVE('',#1445,(#1450,#1457),.PCURVE_S1.);
#1445 = CIRCLE('',#1446,8.666666666667);
#1446 = AXIS2_PLACEMENT_3D('',#1447,#1448,#1449);
#1447 = CARTESIAN_POINT('',(2.415845301584E-13,-2.30926389122E-12,
    -22.49999995));
#1448 = DIRECTION('',(0.,0.,1.));
#1449 = DIRECTION('',(-1.,0.,0.));
#1450 = PCURVE('',#185,#1451);
#1451 = DEFINITIONAL_REPRESENTATION('',(#1452),#1456);
#1452 = CIRCLE('',#1453,8.666666666667);
#1453 = AXIS2_PLACEMENT_2D('',#1454,#1455);
#1454 = CARTESIAN_POINT('',(0.,0.));
#1455 = DIRECTION('',(1.,0.));
#1456 = ( GEOMETRIC_REPRESENTATION_CONTEXT(2) 
PARAMETRIC_REPRESENTATION_CONTEXT() REPRESENTATION_CONTEXT('2D SPACE',''
  ) );
#1457 = PCURVE('',#1458,#1463);
#1458 = CONICAL_SURFACE('',#1459,8.666666666667,0.165148677415);
#1459 = AXIS2_PLACEMENT_3D('',#1460,#1461,#1462);
#1460 = CARTESIAN_POINT('',(2.415845301584E-13,-2.30926389122E-12,
    -22.49999995));
#1461 = DIRECTION('',(0.,0.,1.));
#1462 = DIRECTION('',(-1.,0.,0.));
#1463 = DEFINITIONAL_REPRESENTATION('',(#1464),#1468);
#1464 = LINE('',#1465,#1466);
#1465 = CARTESIAN_POINT('',(0.,0.));
#1466 = VECTOR('',#1467,1.);
#1467 = DIRECTION('',(1.,0.));
#1468 = ( GEOMETRIC_REPRESENTATION_CONTEXT(2) 
PARAMETRIC_REPRESENTATION_CONTEXT() REPRESENTATION_CONTEXT('2D SPACE',''
  ) );
#1469 = ORIENTED_EDGE('',*,*,#1470,.F.);
#1470 = EDGE_CURVE('',#1471,#1442,#1473,.T.);
#1471 = VERTEX_POINT('',#1472);
#1472 = CARTESIAN_POINT('',(-7.5609038224,3.72227010631,-22.49999995));
#1473 = SURFACE_CURVE('',#1474,(#1478,#1485),.PCURVE_S1.);
#1474 = LINE('',#1475,#1476);
#1475 = CARTESIAN_POINT('',(-7.5609038224,3.72227010631,-22.49999995));
#1476 = VECTOR('',#1477,1.);
#1477 = DIRECTION('',(-0.998479246782,-5.512888304692E-02,0.));
#1478 = PCURVE('',#185,#1479);
#1479 = DEFINITIONAL_REPRESENTATION('',(#1480),#1484);
#1480 = LINE('',#1481,#1482);
#1481 = CARTESIAN_POINT('',(7.5609038224,-3.722270106312));
#1482 = VECTOR('',#1483,1.);
#1483 = DIRECTION('',(0.998479246782,5.512888304692E-02));
#1484 = ( GEOMETRIC_REPRESENTATION_CONTEXT(2) 
PARAMETRIC_REPRESENTATION_CONTEXT() REPRESENTATION_CONTEXT('2D SPACE',''
  ) );
#1485 = PCURVE('',#1486,#1491);
#1486 = PLANE('',#1487);
#1487 = AXIS2_PLACEMENT_3D('',#1488,#1489,#1490);
#1488 = CARTESIAN_POINT('',(2.415845301584E-13,-2.30926389122E-12,
    -22.49999995));
#1489 = DIRECTION('',(0.,0.,1.));
#1490 = DIRECTION('',(-1.,0.,0.));
#1491 = DEFINITIONAL_REPRESENTATION('',(#1492),#1496);
#1492 = LINE('',#1493,#1494);
#1493 = CARTESIAN_POINT('',(7.5609038224,-3.722270106312));
#1494 = VECTOR('',#1495,1.);
#1495 = DIRECTION('',(0.998479246782,5.512888304692E-02));
#1496 = ( GEOMETRIC_REPRESENTATION_CONTEXT(2) 
PARAMETRIC_REPRESENTATION_CONTEXT() REPRESENTATION_CONTEXT('2D SPACE',''
  ) );
#1497 = ORIENTED_EDGE('',*,*,#1498,.F.);
#1498 = EDGE_CURVE('',#1499,#1471,#1501,.T.);
#1499 = VERTEX_POINT('',#1500);
#1500 = CARTESIAN_POINT('',(-8.40906983892,0.556871439381,-22.49999995)
  );
#1501 = SURFACE_CURVE('',#1502,(#1506,#1513),.PCURVE_S1.);
#1502 = LINE('',#1503,#1504);
#1503 = CARTESIAN_POINT('',(-8.40906983892,0.556871439381,-22.49999995)
  );
#1504 = VECTOR('',#1505,1.);
#1505 = DIRECTION('',(0.258819045103,0.965925826289,0.));
#1506 = PCURVE('',#185,#1507);
#1507 = DEFINITIONAL_REPRESENTATION('',(#1508),#1512);
#1508 = LINE('',#1509,#1510);
#1509 = CARTESIAN_POINT('',(8.40906983892,-0.556871439383));
#1510 = VECTOR('',#1511,1.);
#1511 = DIRECTION('',(-0.258819045103,-0.965925826289));
#1512 = ( GEOMETRIC_REPRESENTATION_CONTEXT(2) 
PARAMETRIC_REPRESENTATION_CONTEXT() REPRESENTATION_CONTEXT('2D SPACE',''
  ) );
#1513 = PCURVE('',#1486,#1514);
#1514 = DEFINITIONAL_REPRESENTATION('',(#1515),#1519);
#1515 = LINE('',#1516,#1517);
#1516 = CARTESIAN_POINT('',(8.40906983892,-0.556871439383));
#1517 = VECTOR('',#1518,1.);
#1518 = DIRECTION('',(-0.258819045103,-0.965925826289));
#1519 = ( GEOMETRIC_REPRESENTATION_CONTEXT(2) 
PARAMETRIC_REPRESENTATION_CONTEXT() REPRESENTATION_CONTEXT('2D SPACE',''
  ) );
#1520 = ORIENTED_EDGE('',*,*,#1521,.F.);
#1521 = EDGE_CURVE('',#86,#1499,#1522,.T.);
#1522 = SURFACE_CURVE('',#1523,(#1527,#1534),.PCURVE_S1.);
#1523 = LINE('',#1524,#1525);
#1524 = CARTESIAN_POINT('',(-11.9764659018,2.88777725446,-22.49999995));
#1525 = VECTOR('',#1526,1.);
#1526 = DIRECTION('',(0.837143951341,-0.546982636592,0.));
#1527 = PCURVE('',#185,#1528);
#1528 = DEFINITIONAL_REPRESENTATION('',(#1529),#1533);
#1529 = LINE('',#1530,#1531);
#1530 = CARTESIAN_POINT('',(11.9764659018,-2.887777254462));
#1531 = VECTOR('',#1532,1.);
#1532 = DIRECTION('',(-0.837143951341,0.546982636592));
#1533 = ( GEOMETRIC_REPRESENTATION_CONTEXT(2) 
PARAMETRIC_REPRESENTATION_CONTEXT() REPRESENTATION_CONTEXT('2D SPACE',''
  ) );
#1534 = PCURVE('',#1486,#1535);
#1535 = DEFINITIONAL_REPRESENTATION('',(#1536),#1540);
#1536 = LINE('',#1537,#1538);
#1537 = CARTESIAN_POINT('',(11.9764659018,-2.887777254462));
#1538 = VECTOR('',#1539,1.);
#1539 = DIRECTION('',(-0.837143951341,0.546982636592));
#1540 = ( GEOMETRIC_REPRESENTATION_CONTEXT(2) 
PARAMETRIC_REPRESENTATION_CONTEXT() REPRESENTATION_CONTEXT('2D SPACE',''
  ) );
#1541 = ADVANCED_FACE('',(#1542),#139,.T.);
#1542 = FACE_BOUND('',#1543,.T.);
#1543 = EDGE_LOOP('',(#1544,#1571,#1572,#1600));
#1544 = ORIENTED_EDGE('',*,*,#1545,.T.);
#1545 = EDGE_CURVE('',#1546,#86,#1548,.T.);
#1546 = VERTEX_POINT('',#1547);
#1547 = CARTESIAN_POINT('',(-11.9764659018,2.88777725446,-22.49999995));
#1548 = SURFACE_CURVE('',#1549,(#1553,#1559),.PCURVE_S1.);
#1549 = LINE('',#1550,#1551);
#1550 = CARTESIAN_POINT('',(-11.9764659018,2.88777725446,-22.49999995));
#1551 = VECTOR('',#1552,1.);
#1552 = DIRECTION('',(0.837143951341,-0.546982636592,0.));
#1553 = PCURVE('',#139,#1554);
#1554 = DEFINITIONAL_REPRESENTATION('',(#1555),#1558);
#1555 = B_SPLINE_CURVE_WITH_KNOTS('',1,(#1556,#1557),.UNSPECIFIED.,.F.,
  .F.,(2,2),(0.,4.261389044455),.PIECEWISE_BEZIER_KNOTS.);
#1556 = CARTESIAN_POINT('',(0.,0.));
#1557 = CARTESIAN_POINT('',(6.351681919032,0.));
#1558 = ( GEOMETRIC_REPRESENTATION_CONTEXT(2) 
PARAMETRIC_REPRESENTATION_CONTEXT() REPRESENTATION_CONTEXT('2D SPACE',''
  ) );
#1559 = PCURVE('',#1560,#1565);
#1560 = PLANE('',#1561);
#1561 = AXIS2_PLACEMENT_3D('',#1562,#1563,#1564);
#1562 = CARTESIAN_POINT('',(-8.40906983892,0.556871439381,-22.49999995)
  );
#1563 = DIRECTION('',(0.,0.,-1.));
#1564 = DIRECTION('',(-0.758110988676,0.652125546845,0.));
#1565 = DEFINITIONAL_REPRESENTATION('',(#1566),#1570);
#1566 = LINE('',#1567,#1568);
#1567 = CARTESIAN_POINT('',(4.224525385533,-0.559304796338));
#1568 = VECTOR('',#1569,1.);
#1569 = DIRECTION('',(-0.991349379618,0.131249409641));
#1570 = ( GEOMETRIC_REPRESENTATION_CONTEXT(2) 
PARAMETRIC_REPRESENTATION_CONTEXT() REPRESENTATION_CONTEXT('2D SPACE',''
  ) );
#1571 = ORIENTED_EDGE('',*,*,#85,.T.);
#1572 = ORIENTED_EDGE('',*,*,#1573,.F.);
#1573 = EDGE_CURVE('',#1574,#57,#1576,.T.);
#1574 = VERTEX_POINT('',#1575);
#1575 = CARTESIAN_POINT('',(-18.42533215661,4.442734237632,5.50000005));
#1576 = SURFACE_CURVE('',#1577,(#1581,#1588),.PCURVE_S1.);
#1577 = LINE('',#1578,#1579);
#1578 = CARTESIAN_POINT('',(-18.42533215661,4.442734237632,5.50000005));
#1579 = VECTOR('',#1580,1.);
#1580 = DIRECTION('',(0.831316199382,-0.555799763085,0.));
#1581 = PCURVE('',#139,#1582);
#1582 = DEFINITIONAL_REPRESENTATION('',(#1583),#1587);
#1583 = LINE('',#1584,#1585);
#1584 = CARTESIAN_POINT('',(0.,1.));
#1585 = VECTOR('',#1586,1.);
#1586 = DIRECTION('',(1.,0.));
#1587 = ( GEOMETRIC_REPRESENTATION_CONTEXT(2) 
PARAMETRIC_REPRESENTATION_CONTEXT() REPRESENTATION_CONTEXT('2D SPACE',''
  ) );
#1588 = PCURVE('',#1589,#1594);
#1589 = PLANE('',#1590);
#1590 = AXIS2_PLACEMENT_3D('',#1591,#1592,#1593);
#1591 = CARTESIAN_POINT('',(-13.145076084,0.91247093184,5.50000005));
#1592 = DIRECTION('',(0.,0.,-1.));
#1593 = DIRECTION('',(-0.748972958958,0.6626005635,0.));
#1594 = DEFINITIONAL_REPRESENTATION('',(#1595),#1599);
#1595 = LINE('',#1596,#1597);
#1596 = CARTESIAN_POINT('',(6.293923470477,-0.854628895095));
#1597 = VECTOR('',#1598,1.);
#1598 = DIRECTION('',(-0.990906589894,0.134551589011));
#1599 = ( GEOMETRIC_REPRESENTATION_CONTEXT(2) 
PARAMETRIC_REPRESENTATION_CONTEXT() REPRESENTATION_CONTEXT('2D SPACE',''
  ) );
#1600 = ORIENTED_EDGE('',*,*,#1601,.F.);
#1601 = EDGE_CURVE('',#1546,#1574,#1602,.T.);
#1602 = SURFACE_CURVE('',#1603,(#1606,#1613),.PCURVE_S1.);
#1603 = B_SPLINE_CURVE_WITH_KNOTS('',1,(#1604,#1605),.UNSPECIFIED.,.F.,
  .F.,(2,2),(0.,1.),.PIECEWISE_BEZIER_KNOTS.);
#1604 = CARTESIAN_POINT('',(-11.9764659018,2.88777725446,-22.49999995));
#1605 = CARTESIAN_POINT('',(-18.42533215661,4.442734237632,5.50000005));
#1606 = PCURVE('',#139,#1607);
#1607 = DEFINITIONAL_REPRESENTATION('',(#1608),#1612);
#1608 = LINE('',#1609,#1610);
#1609 = CARTESIAN_POINT('',(0.,0.));
#1610 = VECTOR('',#1611,1.);
#1611 = DIRECTION('',(0.,1.));
#1612 = ( GEOMETRIC_REPRESENTATION_CONTEXT(2) 
PARAMETRIC_REPRESENTATION_CONTEXT() REPRESENTATION_CONTEXT('2D SPACE',''
  ) );
#1613 = PCURVE('',#1614,#1619);
#1614 = B_SPLINE_SURFACE_WITH_KNOTS('',1,1,(
    (#1615,#1616)
    ,(#1617,#1618
    )),.UNSPECIFIED.,.F.,.F.,.F.,(2,2),(2,2),(0.,0.954950270002),(0.,1.)
  ,.PIECEWISE_BEZIER_KNOTS.);
#1615 = CARTESIAN_POINT('',(-11.81581234575,3.487344488061,-22.49999995)
  );
#1616 = CARTESIAN_POINT('',(-18.17817283961,5.365145366249,5.50000005));
#1617 = CARTESIAN_POINT('',(-11.9764659018,2.88777725446,-22.49999995));
#1618 = CARTESIAN_POINT('',(-18.42533215661,4.442734237632,5.50000005));
#1619 = DEFINITIONAL_REPRESENTATION('',(#1620),#1624);
#1620 = LINE('',#1621,#1622);
#1621 = CARTESIAN_POINT('',(0.954950270002,0.));
#1622 = VECTOR('',#1623,1.);
#1623 = DIRECTION('',(0.,1.));
#1624 = ( GEOMETRIC_REPRESENTATION_CONTEXT(2) 
PARAMETRIC_REPRESENTATION_CONTEXT() REPRESENTATION_CONTEXT('2D SPACE',''
  ) );
#1625 = ADVANCED_FACE('',(#1626,#2780),#73,.T.);
#1626 = FACE_BOUND('',#1627,.T.);
#1627 = EDGE_LOOP('',(#1628,#1629,#1630,#1658,#1681,#1704,#1728,#1756,
    #1779,#1802,#1826,#1854,#1877,#1900,#1924,#1952,#1975,#1998,#2022,
    #2050,#2073,#2096,#2120,#2148,#2171,#2194,#2218,#2246,#2269,#2292,
    #2316,#2344,#2367,#2390,#2414,#2442,#2465,#2488,#2512,#2540,#2563,
    #2586,#2610,#2638,#2661,#2684,#2708,#2736,#2759));
#1628 = ORIENTED_EDGE('',*,*,#56,.T.);
#1629 = ORIENTED_EDGE('',*,*,#200,.T.);
#1630 = ORIENTED_EDGE('',*,*,#1631,.F.);
#1631 = EDGE_CURVE('',#1632,#201,#1634,.T.);
#1632 = VERTEX_POINT('',#1633);
#1633 = CARTESIAN_POINT('',(-13.145076084,-0.912470931844,5.50000005));
#1634 = SURFACE_CURVE('',#1635,(#1639,#1646),.PCURVE_S1.);
#1635 = LINE('',#1636,#1637);
#1636 = CARTESIAN_POINT('',(-13.145076084,-0.912470931844,5.50000005));
#1637 = VECTOR('',#1638,1.);
#1638 = DIRECTION('',(-0.831316199382,-0.555799763085,0.));
#1639 = PCURVE('',#73,#1640);
#1640 = DEFINITIONAL_REPRESENTATION('',(#1641),#1645);
#1641 = LINE('',#1642,#1643);
#1642 = CARTESIAN_POINT('',(13.145076084,0.912470931842));
#1643 = VECTOR('',#1644,1.);
#1644 = DIRECTION('',(0.831316199382,0.555799763085));
#1645 = ( GEOMETRIC_REPRESENTATION_CONTEXT(2) 
PARAMETRIC_REPRESENTATION_CONTEXT() REPRESENTATION_CONTEXT('2D SPACE',''
  ) );
#1646 = PCURVE('',#1647,#1652);
#1647 = PLANE('',#1648);
#1648 = AXIS2_PLACEMENT_3D('',#1649,#1650,#1651);
#1649 = CARTESIAN_POINT('',(2.415845301584E-13,-2.30926389122E-12,
    5.50000005));
#1650 = DIRECTION('',(0.,0.,1.));
#1651 = DIRECTION('',(-1.,0.,0.));
#1652 = DEFINITIONAL_REPRESENTATION('',(#1653),#1657);
#1653 = LINE('',#1654,#1655);
#1654 = CARTESIAN_POINT('',(13.145076084,0.912470931842));
#1655 = VECTOR('',#1656,1.);
#1656 = DIRECTION('',(0.831316199382,0.555799763085));
#1657 = ( GEOMETRIC_REPRESENTATION_CONTEXT(2) 
PARAMETRIC_REPRESENTATION_CONTEXT() REPRESENTATION_CONTEXT('2D SPACE',''
  ) );
#1658 = ORIENTED_EDGE('',*,*,#1659,.F.);
#1659 = EDGE_CURVE('',#1660,#1632,#1662,.T.);
#1660 = VERTEX_POINT('',#1661);
#1661 = CARTESIAN_POINT('',(-11.84020528935,-5.782315034812,5.50000005)
  );
#1662 = SURFACE_CURVE('',#1663,(#1667,#1674),.PCURVE_S1.);
#1663 = LINE('',#1664,#1665);
#1664 = CARTESIAN_POINT('',(-11.84020528935,-5.782315034812,5.50000005)
  );
#1665 = VECTOR('',#1666,1.);
#1666 = DIRECTION('',(-0.258819045103,0.965925826289,0.));
#1667 = PCURVE('',#73,#1668);
#1668 = DEFINITIONAL_REPRESENTATION('',(#1669),#1673);
#1669 = LINE('',#1670,#1671);
#1670 = CARTESIAN_POINT('',(11.84020528935,5.78231503481));
#1671 = VECTOR('',#1672,1.);
#1672 = DIRECTION('',(0.258819045103,-0.965925826289));
#1673 = ( GEOMETRIC_REPRESENTATION_CONTEXT(2) 
PARAMETRIC_REPRESENTATION_CONTEXT() REPRESENTATION_CONTEXT('2D SPACE',''
  ) );
#1674 = PCURVE('',#1647,#1675);
#1675 = DEFINITIONAL_REPRESENTATION('',(#1676),#1680);
#1676 = LINE('',#1677,#1678);
#1677 = CARTESIAN_POINT('',(11.84020528935,5.78231503481));
#1678 = VECTOR('',#1679,1.);
#1679 = DIRECTION('',(0.258819045103,-0.965925826289));
#1680 = ( GEOMETRIC_REPRESENTATION_CONTEXT(2) 
PARAMETRIC_REPRESENTATION_CONTEXT() REPRESENTATION_CONTEXT('2D SPACE',''
  ) );
#1681 = ORIENTED_EDGE('',*,*,#1682,.F.);
#1682 = EDGE_CURVE('',#1683,#1660,#1685,.T.);
#1683 = VERTEX_POINT('',#1684);
#1684 = CARTESIAN_POINT('',(-12.01995399287,-5.770483843429,5.50000005)
  );
#1685 = SURFACE_CURVE('',#1686,(#1690,#1697),.PCURVE_S1.);
#1686 = LINE('',#1687,#1688);
#1687 = CARTESIAN_POINT('',(-18.17817283961,-5.365145366253,5.50000005)
  );
#1688 = VECTOR('',#1689,1.);
#1689 = DIRECTION('',(0.997840828785,-6.567861455864E-02,0.));
#1690 = PCURVE('',#73,#1691);
#1691 = DEFINITIONAL_REPRESENTATION('',(#1692),#1696);
#1692 = LINE('',#1693,#1694);
#1693 = CARTESIAN_POINT('',(18.17817283961,5.365145366251));
#1694 = VECTOR('',#1695,1.);
#1695 = DIRECTION('',(-0.997840828785,6.567861455864E-02));
#1696 = ( GEOMETRIC_REPRESENTATION_CONTEXT(2) 
PARAMETRIC_REPRESENTATION_CONTEXT() REPRESENTATION_CONTEXT('2D SPACE',''
  ) );
#1697 = PCURVE('',#1647,#1698);
#1698 = DEFINITIONAL_REPRESENTATION('',(#1699),#1703);
#1699 = LINE('',#1700,#1701);
#1700 = CARTESIAN_POINT('',(18.17817283961,5.365145366251));
#1701 = VECTOR('',#1702,1.);
#1702 = DIRECTION('',(-0.997840828785,6.567861455864E-02));
#1703 = ( GEOMETRIC_REPRESENTATION_CONTEXT(2) 
PARAMETRIC_REPRESENTATION_CONTEXT() REPRESENTATION_CONTEXT('2D SPACE',''
  ) );
#1704 = ORIENTED_EDGE('',*,*,#1705,.T.);
#1705 = EDGE_CURVE('',#1683,#1706,#1708,.T.);
#1706 = VERTEX_POINT('',#1707);
#1707 = CARTESIAN_POINT('',(-11.00736259697,-7.524343588428,5.50000005)
  );
#1708 = SURFACE_CURVE('',#1709,(#1714,#1721),.PCURVE_S1.);
#1709 = CIRCLE('',#1710,13.333333333333);
#1710 = AXIS2_PLACEMENT_3D('',#1711,#1712,#1713);
#1711 = CARTESIAN_POINT('',(2.415845301584E-13,-2.30926389122E-12,
    5.50000005));
#1712 = DIRECTION('',(0.,0.,1.));
#1713 = DIRECTION('',(-1.,0.,0.));
#1714 = PCURVE('',#73,#1715);
#1715 = DEFINITIONAL_REPRESENTATION('',(#1716),#1720);
#1716 = CIRCLE('',#1717,13.333333333333);
#1717 = AXIS2_PLACEMENT_2D('',#1718,#1719);
#1718 = CARTESIAN_POINT('',(0.,0.));
#1719 = DIRECTION('',(1.,0.));
#1720 = ( GEOMETRIC_REPRESENTATION_CONTEXT(2) 
PARAMETRIC_REPRESENTATION_CONTEXT() REPRESENTATION_CONTEXT('2D SPACE',''
  ) );
#1721 = PCURVE('',#428,#1722);
#1722 = DEFINITIONAL_REPRESENTATION('',(#1723),#1727);
#1723 = LINE('',#1724,#1725);
#1724 = CARTESIAN_POINT('',(0.,28.));
#1725 = VECTOR('',#1726,1.);
#1726 = DIRECTION('',(1.,0.));
#1727 = ( GEOMETRIC_REPRESENTATION_CONTEXT(2) 
PARAMETRIC_REPRESENTATION_CONTEXT() REPRESENTATION_CONTEXT('2D SPACE',''
  ) );
#1728 = ORIENTED_EDGE('',*,*,#1729,.F.);
#1729 = EDGE_CURVE('',#1730,#1706,#1732,.T.);
#1730 = VERTEX_POINT('',#1731);
#1731 = CARTESIAN_POINT('',(-10.92773435751,-7.362761049192,5.50000005)
  );
#1732 = SURFACE_CURVE('',#1733,(#1737,#1744),.PCURVE_S1.);
#1733 = LINE('',#1734,#1735);
#1734 = CARTESIAN_POINT('',(-10.92773435751,-7.362761049192,5.50000005)
  );
#1735 = VECTOR('',#1736,1.);
#1736 = DIRECTION('',(-0.442041065699,-0.89699481394,0.));
#1737 = PCURVE('',#73,#1738);
#1738 = DEFINITIONAL_REPRESENTATION('',(#1739),#1743);
#1739 = LINE('',#1740,#1741);
#1740 = CARTESIAN_POINT('',(10.92773435751,7.36276104919));
#1741 = VECTOR('',#1742,1.);
#1742 = DIRECTION('',(0.442041065699,0.89699481394));
#1743 = ( GEOMETRIC_REPRESENTATION_CONTEXT(2) 
PARAMETRIC_REPRESENTATION_CONTEXT() REPRESENTATION_CONTEXT('2D SPACE',''
  ) );
#1744 = PCURVE('',#1745,#1750);
#1745 = PLANE('',#1746);
#1746 = AXIS2_PLACEMENT_3D('',#1747,#1748,#1749);
#1747 = CARTESIAN_POINT('',(2.415845301584E-13,-2.30926389122E-12,
    5.50000005));
#1748 = DIRECTION('',(0.,0.,1.));
#1749 = DIRECTION('',(-1.,0.,0.));
#1750 = DEFINITIONAL_REPRESENTATION('',(#1751),#1755);
#1751 = LINE('',#1752,#1753);
#1752 = CARTESIAN_POINT('',(10.92773435751,7.36276104919));
#1753 = VECTOR('',#1754,1.);
#1754 = DIRECTION('',(0.442041065699,0.89699481394));
#1755 = ( GEOMETRIC_REPRESENTATION_CONTEXT(2) 
PARAMETRIC_REPRESENTATION_CONTEXT() REPRESENTATION_CONTEXT('2D SPACE',''
  ) );
#1756 = ORIENTED_EDGE('',*,*,#1757,.F.);
#1757 = EDGE_CURVE('',#1758,#1730,#1760,.T.);
#1758 = VERTEX_POINT('',#1759);
#1759 = CARTESIAN_POINT('',(-7.36276104919,-10.9277343575,5.50000005));
#1760 = SURFACE_CURVE('',#1761,(#1765,#1772),.PCURVE_S1.);
#1761 = LINE('',#1762,#1763);
#1762 = CARTESIAN_POINT('',(-7.36276104919,-10.9277343575,5.50000005));
#1763 = VECTOR('',#1764,1.);
#1764 = DIRECTION('',(-0.707106781187,0.707106781187,0.));
#1765 = PCURVE('',#73,#1766);
#1766 = DEFINITIONAL_REPRESENTATION('',(#1767),#1771);
#1767 = LINE('',#1768,#1769);
#1768 = CARTESIAN_POINT('',(7.36276104919,10.9277343575));
#1769 = VECTOR('',#1770,1.);
#1770 = DIRECTION('',(0.707106781187,-0.707106781187));
#1771 = ( GEOMETRIC_REPRESENTATION_CONTEXT(2) 
PARAMETRIC_REPRESENTATION_CONTEXT() REPRESENTATION_CONTEXT('2D SPACE',''
  ) );
#1772 = PCURVE('',#1745,#1773);
#1773 = DEFINITIONAL_REPRESENTATION('',(#1774),#1778);
#1774 = LINE('',#1775,#1776);
#1775 = CARTESIAN_POINT('',(7.36276104919,10.9277343575));
#1776 = VECTOR('',#1777,1.);
#1777 = DIRECTION('',(0.707106781187,-0.707106781187));
#1778 = ( GEOMETRIC_REPRESENTATION_CONTEXT(2) 
PARAMETRIC_REPRESENTATION_CONTEXT() REPRESENTATION_CONTEXT('2D SPACE',''
  ) );
#1779 = ORIENTED_EDGE('',*,*,#1780,.F.);
#1780 = EDGE_CURVE('',#1781,#1758,#1783,.T.);
#1781 = VERTEX_POINT('',#1782);
#1782 = CARTESIAN_POINT('',(-7.52434358843,-11.00736259696,5.50000005));
#1783 = SURFACE_CURVE('',#1784,(#1788,#1795),.PCURVE_S1.);
#1784 = LINE('',#1785,#1786);
#1785 = CARTESIAN_POINT('',(-13.06018679036,-13.73543860197,5.50000005)
  );
#1786 = VECTOR('',#1787,1.);
#1787 = DIRECTION('',(0.89699481394,0.442041065699,0.));
#1788 = PCURVE('',#73,#1789);
#1789 = DEFINITIONAL_REPRESENTATION('',(#1790),#1794);
#1790 = LINE('',#1791,#1792);
#1791 = CARTESIAN_POINT('',(13.06018679036,13.73543860197));
#1792 = VECTOR('',#1793,1.);
#1793 = DIRECTION('',(-0.89699481394,-0.442041065699));
#1794 = ( GEOMETRIC_REPRESENTATION_CONTEXT(2) 
PARAMETRIC_REPRESENTATION_CONTEXT() REPRESENTATION_CONTEXT('2D SPACE',''
  ) );
#1795 = PCURVE('',#1745,#1796);
#1796 = DEFINITIONAL_REPRESENTATION('',(#1797),#1801);
#1797 = LINE('',#1798,#1799);
#1798 = CARTESIAN_POINT('',(13.06018679036,13.73543860197));
#1799 = VECTOR('',#1800,1.);
#1800 = DIRECTION('',(-0.89699481394,-0.442041065699));
#1801 = ( GEOMETRIC_REPRESENTATION_CONTEXT(2) 
PARAMETRIC_REPRESENTATION_CONTEXT() REPRESENTATION_CONTEXT('2D SPACE',''
  ) );
#1802 = ORIENTED_EDGE('',*,*,#1803,.T.);
#1803 = EDGE_CURVE('',#1781,#1804,#1806,.T.);
#1804 = VERTEX_POINT('',#1805);
#1805 = CARTESIAN_POINT('',(-5.77048384343,-12.01995399286,5.50000005));
#1806 = SURFACE_CURVE('',#1807,(#1812,#1819),.PCURVE_S1.);
#1807 = CIRCLE('',#1808,13.333333333333);
#1808 = AXIS2_PLACEMENT_3D('',#1809,#1810,#1811);
#1809 = CARTESIAN_POINT('',(2.415845301584E-13,-2.30926389122E-12,
    5.50000005));
#1810 = DIRECTION('',(0.,0.,1.));
#1811 = DIRECTION('',(-1.,0.,0.));
#1812 = PCURVE('',#73,#1813);
#1813 = DEFINITIONAL_REPRESENTATION('',(#1814),#1818);
#1814 = CIRCLE('',#1815,13.333333333333);
#1815 = AXIS2_PLACEMENT_2D('',#1816,#1817);
#1816 = CARTESIAN_POINT('',(0.,0.));
#1817 = DIRECTION('',(1.,0.));
#1818 = ( GEOMETRIC_REPRESENTATION_CONTEXT(2) 
PARAMETRIC_REPRESENTATION_CONTEXT() REPRESENTATION_CONTEXT('2D SPACE',''
  ) );
#1819 = PCURVE('',#531,#1820);
#1820 = DEFINITIONAL_REPRESENTATION('',(#1821),#1825);
#1821 = LINE('',#1822,#1823);
#1822 = CARTESIAN_POINT('',(0.,28.));
#1823 = VECTOR('',#1824,1.);
#1824 = DIRECTION('',(1.,0.));
#1825 = ( GEOMETRIC_REPRESENTATION_CONTEXT(2) 
PARAMETRIC_REPRESENTATION_CONTEXT() REPRESENTATION_CONTEXT('2D SPACE',''
  ) );
#1826 = ORIENTED_EDGE('',*,*,#1827,.F.);
#1827 = EDGE_CURVE('',#1828,#1804,#1830,.T.);
#1828 = VERTEX_POINT('',#1829);
#1829 = CARTESIAN_POINT('',(-5.78231503481,-11.84020528934,5.50000005));
#1830 = SURFACE_CURVE('',#1831,(#1835,#1842),.PCURVE_S1.);
#1831 = LINE('',#1832,#1833);
#1832 = CARTESIAN_POINT('',(-5.78231503481,-11.84020528934,5.50000005));
#1833 = VECTOR('',#1834,1.);
#1834 = DIRECTION('',(6.567861455864E-02,-0.997840828785,0.));
#1835 = PCURVE('',#73,#1836);
#1836 = DEFINITIONAL_REPRESENTATION('',(#1837),#1841);
#1837 = LINE('',#1838,#1839);
#1838 = CARTESIAN_POINT('',(5.78231503481,11.84020528934));
#1839 = VECTOR('',#1840,1.);
#1840 = DIRECTION('',(-6.567861455864E-02,0.997840828785));
#1841 = ( GEOMETRIC_REPRESENTATION_CONTEXT(2) 
PARAMETRIC_REPRESENTATION_CONTEXT() REPRESENTATION_CONTEXT('2D SPACE',''
  ) );
#1842 = PCURVE('',#1843,#1848);
#1843 = PLANE('',#1844);
#1844 = AXIS2_PLACEMENT_3D('',#1845,#1846,#1847);
#1845 = CARTESIAN_POINT('',(2.415845301584E-13,-2.30926389122E-12,
    5.50000005));
#1846 = DIRECTION('',(0.,0.,1.));
#1847 = DIRECTION('',(-1.,0.,0.));
#1848 = DEFINITIONAL_REPRESENTATION('',(#1849),#1853);
#1849 = LINE('',#1850,#1851);
#1850 = CARTESIAN_POINT('',(5.78231503481,11.84020528934));
#1851 = VECTOR('',#1852,1.);
#1852 = DIRECTION('',(-6.567861455864E-02,0.997840828785));
#1853 = ( GEOMETRIC_REPRESENTATION_CONTEXT(2) 
PARAMETRIC_REPRESENTATION_CONTEXT() REPRESENTATION_CONTEXT('2D SPACE',''
  ) );
#1854 = ORIENTED_EDGE('',*,*,#1855,.F.);
#1855 = EDGE_CURVE('',#1856,#1828,#1858,.T.);
#1856 = VERTEX_POINT('',#1857);
#1857 = CARTESIAN_POINT('',(-0.91247093184,-13.145076084,5.50000005));
#1858 = SURFACE_CURVE('',#1859,(#1863,#1870),.PCURVE_S1.);
#1859 = LINE('',#1860,#1861);
#1860 = CARTESIAN_POINT('',(-0.91247093184,-13.145076084,5.50000005));
#1861 = VECTOR('',#1862,1.);
#1862 = DIRECTION('',(-0.965925826289,0.258819045103,0.));
#1863 = PCURVE('',#73,#1864);
#1864 = DEFINITIONAL_REPRESENTATION('',(#1865),#1869);
#1865 = LINE('',#1866,#1867);
#1866 = CARTESIAN_POINT('',(0.91247093184,13.145076084));
#1867 = VECTOR('',#1868,1.);
#1868 = DIRECTION('',(0.965925826289,-0.258819045103));
#1869 = ( GEOMETRIC_REPRESENTATION_CONTEXT(2) 
PARAMETRIC_REPRESENTATION_CONTEXT() REPRESENTATION_CONTEXT('2D SPACE',''
  ) );
#1870 = PCURVE('',#1843,#1871);
#1871 = DEFINITIONAL_REPRESENTATION('',(#1872),#1876);
#1872 = LINE('',#1873,#1874);
#1873 = CARTESIAN_POINT('',(0.91247093184,13.145076084));
#1874 = VECTOR('',#1875,1.);
#1875 = DIRECTION('',(0.965925826289,-0.258819045103));
#1876 = ( GEOMETRIC_REPRESENTATION_CONTEXT(2) 
PARAMETRIC_REPRESENTATION_CONTEXT() REPRESENTATION_CONTEXT('2D SPACE',''
  ) );
#1877 = ORIENTED_EDGE('',*,*,#1878,.F.);
#1878 = EDGE_CURVE('',#1879,#1856,#1881,.T.);
#1879 = VERTEX_POINT('',#1880);
#1880 = CARTESIAN_POINT('',(-1.0125913959,-13.29482743185,5.50000005));
#1881 = SURFACE_CURVE('',#1882,(#1886,#1893),.PCURVE_S1.);
#1882 = LINE('',#1883,#1884);
#1883 = CARTESIAN_POINT('',(-4.44273423764,-18.42533215661,5.50000005));
#1884 = VECTOR('',#1885,1.);
#1885 = DIRECTION('',(0.555799763085,0.831316199382,0.));
#1886 = PCURVE('',#73,#1887);
#1887 = DEFINITIONAL_REPRESENTATION('',(#1888),#1892);
#1888 = LINE('',#1889,#1890);
#1889 = CARTESIAN_POINT('',(4.44273423764,18.42533215661));
#1890 = VECTOR('',#1891,1.);
#1891 = DIRECTION('',(-0.555799763085,-0.831316199382));
#1892 = ( GEOMETRIC_REPRESENTATION_CONTEXT(2) 
PARAMETRIC_REPRESENTATION_CONTEXT() REPRESENTATION_CONTEXT('2D SPACE',''
  ) );
#1893 = PCURVE('',#1843,#1894);
#1894 = DEFINITIONAL_REPRESENTATION('',(#1895),#1899);
#1895 = LINE('',#1896,#1897);
#1896 = CARTESIAN_POINT('',(4.44273423764,18.42533215661));
#1897 = VECTOR('',#1898,1.);
#1898 = DIRECTION('',(-0.555799763085,-0.831316199382));
#1899 = ( GEOMETRIC_REPRESENTATION_CONTEXT(2) 
PARAMETRIC_REPRESENTATION_CONTEXT() REPRESENTATION_CONTEXT('2D SPACE',''
  ) );
#1900 = ORIENTED_EDGE('',*,*,#1901,.T.);
#1901 = EDGE_CURVE('',#1879,#1902,#1904,.T.);
#1902 = VERTEX_POINT('',#1903);
#1903 = CARTESIAN_POINT('',(1.01259139589,-13.29482743185,5.50000005));
#1904 = SURFACE_CURVE('',#1905,(#1910,#1917),.PCURVE_S1.);
#1905 = CIRCLE('',#1906,13.333333333333);
#1906 = AXIS2_PLACEMENT_3D('',#1907,#1908,#1909);
#1907 = CARTESIAN_POINT('',(2.415845301584E-13,-2.30926389122E-12,
    5.50000005));
#1908 = DIRECTION('',(0.,0.,1.));
#1909 = DIRECTION('',(-1.,0.,0.));
#1910 = PCURVE('',#73,#1911);
#1911 = DEFINITIONAL_REPRESENTATION('',(#1912),#1916);
#1912 = CIRCLE('',#1913,13.333333333333);
#1913 = AXIS2_PLACEMENT_2D('',#1914,#1915);
#1914 = CARTESIAN_POINT('',(0.,0.));
#1915 = DIRECTION('',(1.,0.));
#1916 = ( GEOMETRIC_REPRESENTATION_CONTEXT(2) 
PARAMETRIC_REPRESENTATION_CONTEXT() REPRESENTATION_CONTEXT('2D SPACE',''
  ) );
#1917 = PCURVE('',#634,#1918);
#1918 = DEFINITIONAL_REPRESENTATION('',(#1919),#1923);
#1919 = LINE('',#1920,#1921);
#1920 = CARTESIAN_POINT('',(0.,28.));
#1921 = VECTOR('',#1922,1.);
#1922 = DIRECTION('',(1.,0.));
#1923 = ( GEOMETRIC_REPRESENTATION_CONTEXT(2) 
PARAMETRIC_REPRESENTATION_CONTEXT() REPRESENTATION_CONTEXT('2D SPACE',''
  ) );
#1924 = ORIENTED_EDGE('',*,*,#1925,.F.);
#1925 = EDGE_CURVE('',#1926,#1902,#1928,.T.);
#1926 = VERTEX_POINT('',#1927);
#1927 = CARTESIAN_POINT('',(0.91247093184,-13.145076084,5.50000005));
#1928 = SURFACE_CURVE('',#1929,(#1933,#1940),.PCURVE_S1.);
#1929 = LINE('',#1930,#1931);
#1930 = CARTESIAN_POINT('',(0.91247093184,-13.145076084,5.50000005));
#1931 = VECTOR('',#1932,1.);
#1932 = DIRECTION('',(0.555799763085,-0.831316199382,0.));
#1933 = PCURVE('',#73,#1934);
#1934 = DEFINITIONAL_REPRESENTATION('',(#1935),#1939);
#1935 = LINE('',#1936,#1937);
#1936 = CARTESIAN_POINT('',(-0.91247093184,13.145076084));
#1937 = VECTOR('',#1938,1.);
#1938 = DIRECTION('',(-0.555799763085,0.831316199382));
#1939 = ( GEOMETRIC_REPRESENTATION_CONTEXT(2) 
PARAMETRIC_REPRESENTATION_CONTEXT() REPRESENTATION_CONTEXT('2D SPACE',''
  ) );
#1940 = PCURVE('',#1941,#1946);
#1941 = PLANE('',#1942);
#1942 = AXIS2_PLACEMENT_3D('',#1943,#1944,#1945);
#1943 = CARTESIAN_POINT('',(2.415845301584E-13,-2.30926389122E-12,
    5.50000005));
#1944 = DIRECTION('',(0.,0.,1.));
#1945 = DIRECTION('',(-1.,0.,0.));
#1946 = DEFINITIONAL_REPRESENTATION('',(#1947),#1951);
#1947 = LINE('',#1948,#1949);
#1948 = CARTESIAN_POINT('',(-0.91247093184,13.145076084));
#1949 = VECTOR('',#1950,1.);
#1950 = DIRECTION('',(-0.555799763085,0.831316199382));
#1951 = ( GEOMETRIC_REPRESENTATION_CONTEXT(2) 
PARAMETRIC_REPRESENTATION_CONTEXT() REPRESENTATION_CONTEXT('2D SPACE',''
  ) );
#1952 = ORIENTED_EDGE('',*,*,#1953,.F.);
#1953 = EDGE_CURVE('',#1954,#1926,#1956,.T.);
#1954 = VERTEX_POINT('',#1955);
#1955 = CARTESIAN_POINT('',(5.78231503481,-11.84020528934,5.50000005));
#1956 = SURFACE_CURVE('',#1957,(#1961,#1968),.PCURVE_S1.);
#1957 = LINE('',#1958,#1959);
#1958 = CARTESIAN_POINT('',(5.78231503481,-11.84020528934,5.50000005));
#1959 = VECTOR('',#1960,1.);
#1960 = DIRECTION('',(-0.965925826289,-0.258819045103,0.));
#1961 = PCURVE('',#73,#1962);
#1962 = DEFINITIONAL_REPRESENTATION('',(#1963),#1967);
#1963 = LINE('',#1964,#1965);
#1964 = CARTESIAN_POINT('',(-5.78231503481,11.84020528934));
#1965 = VECTOR('',#1966,1.);
#1966 = DIRECTION('',(0.965925826289,0.258819045103));
#1967 = ( GEOMETRIC_REPRESENTATION_CONTEXT(2) 
PARAMETRIC_REPRESENTATION_CONTEXT() REPRESENTATION_CONTEXT('2D SPACE',''
  ) );
#1968 = PCURVE('',#1941,#1969);
#1969 = DEFINITIONAL_REPRESENTATION('',(#1970),#1974);
#1970 = LINE('',#1971,#1972);
#1971 = CARTESIAN_POINT('',(-5.78231503481,11.84020528934));
#1972 = VECTOR('',#1973,1.);
#1973 = DIRECTION('',(0.965925826289,0.258819045103));
#1974 = ( GEOMETRIC_REPRESENTATION_CONTEXT(2) 
PARAMETRIC_REPRESENTATION_CONTEXT() REPRESENTATION_CONTEXT('2D SPACE',''
  ) );
#1975 = ORIENTED_EDGE('',*,*,#1976,.F.);
#1976 = EDGE_CURVE('',#1977,#1954,#1979,.T.);
#1977 = VERTEX_POINT('',#1978);
#1978 = CARTESIAN_POINT('',(5.77048384342,-12.01995399286,5.50000005));
#1979 = SURFACE_CURVE('',#1980,(#1984,#1991),.PCURVE_S1.);
#1980 = LINE('',#1981,#1982);
#1981 = CARTESIAN_POINT('',(5.36514536625,-18.1781728396,5.50000005));
#1982 = VECTOR('',#1983,1.);
#1983 = DIRECTION('',(6.567861455864E-02,0.997840828785,0.));
#1984 = PCURVE('',#73,#1985);
#1985 = DEFINITIONAL_REPRESENTATION('',(#1986),#1990);
#1986 = LINE('',#1987,#1988);
#1987 = CARTESIAN_POINT('',(-5.36514536625,18.1781728396));
#1988 = VECTOR('',#1989,1.);
#1989 = DIRECTION('',(-6.567861455864E-02,-0.997840828785));
#1990 = ( GEOMETRIC_REPRESENTATION_CONTEXT(2) 
PARAMETRIC_REPRESENTATION_CONTEXT() REPRESENTATION_CONTEXT('2D SPACE',''
  ) );
#1991 = PCURVE('',#1941,#1992);
#1992 = DEFINITIONAL_REPRESENTATION('',(#1993),#1997);
#1993 = LINE('',#1994,#1995);
#1994 = CARTESIAN_POINT('',(-5.36514536625,18.1781728396));
#1995 = VECTOR('',#1996,1.);
#1996 = DIRECTION('',(-6.567861455864E-02,-0.997840828785));
#1997 = ( GEOMETRIC_REPRESENTATION_CONTEXT(2) 
PARAMETRIC_REPRESENTATION_CONTEXT() REPRESENTATION_CONTEXT('2D SPACE',''
  ) );
#1998 = ORIENTED_EDGE('',*,*,#1999,.T.);
#1999 = EDGE_CURVE('',#1977,#2000,#2002,.T.);
#2000 = VERTEX_POINT('',#2001);
#2001 = CARTESIAN_POINT('',(7.52434358842,-11.00736259696,5.50000005));
#2002 = SURFACE_CURVE('',#2003,(#2008,#2015),.PCURVE_S1.);
#2003 = CIRCLE('',#2004,13.333333333333);
#2004 = AXIS2_PLACEMENT_3D('',#2005,#2006,#2007);
#2005 = CARTESIAN_POINT('',(2.415845301584E-13,-2.30926389122E-12,
    5.50000005));
#2006 = DIRECTION('',(0.,0.,1.));
#2007 = DIRECTION('',(-1.,0.,0.));
#2008 = PCURVE('',#73,#2009);
#2009 = DEFINITIONAL_REPRESENTATION('',(#2010),#2014);
#2010 = CIRCLE('',#2011,13.333333333333);
#2011 = AXIS2_PLACEMENT_2D('',#2012,#2013);
#2012 = CARTESIAN_POINT('',(0.,0.));
#2013 = DIRECTION('',(1.,0.));
#2014 = ( GEOMETRIC_REPRESENTATION_CONTEXT(2) 
PARAMETRIC_REPRESENTATION_CONTEXT() REPRESENTATION_CONTEXT('2D SPACE',''
  ) );
#2015 = PCURVE('',#737,#2016);
#2016 = DEFINITIONAL_REPRESENTATION('',(#2017),#2021);
#2017 = LINE('',#2018,#2019);
#2018 = CARTESIAN_POINT('',(0.,28.));
#2019 = VECTOR('',#2020,1.);
#2020 = DIRECTION('',(1.,0.));
#2021 = ( GEOMETRIC_REPRESENTATION_CONTEXT(2) 
PARAMETRIC_REPRESENTATION_CONTEXT() REPRESENTATION_CONTEXT('2D SPACE',''
  ) );
#2022 = ORIENTED_EDGE('',*,*,#2023,.F.);
#2023 = EDGE_CURVE('',#2024,#2000,#2026,.T.);
#2024 = VERTEX_POINT('',#2025);
#2025 = CARTESIAN_POINT('',(7.36276104919,-10.9277343575,5.50000005));
#2026 = SURFACE_CURVE('',#2027,(#2031,#2038),.PCURVE_S1.);
#2027 = LINE('',#2028,#2029);
#2028 = CARTESIAN_POINT('',(7.36276104919,-10.9277343575,5.50000005));
#2029 = VECTOR('',#2030,1.);
#2030 = DIRECTION('',(0.89699481394,-0.442041065699,0.));
#2031 = PCURVE('',#73,#2032);
#2032 = DEFINITIONAL_REPRESENTATION('',(#2033),#2037);
#2033 = LINE('',#2034,#2035);
#2034 = CARTESIAN_POINT('',(-7.36276104919,10.9277343575));
#2035 = VECTOR('',#2036,1.);
#2036 = DIRECTION('',(-0.89699481394,0.442041065699));
#2037 = ( GEOMETRIC_REPRESENTATION_CONTEXT(2) 
PARAMETRIC_REPRESENTATION_CONTEXT() REPRESENTATION_CONTEXT('2D SPACE',''
  ) );
#2038 = PCURVE('',#2039,#2044);
#2039 = PLANE('',#2040);
#2040 = AXIS2_PLACEMENT_3D('',#2041,#2042,#2043);
#2041 = CARTESIAN_POINT('',(2.415845301584E-13,-2.30926389122E-12,
    5.50000005));
#2042 = DIRECTION('',(0.,0.,1.));
#2043 = DIRECTION('',(-1.,0.,0.));
#2044 = DEFINITIONAL_REPRESENTATION('',(#2045),#2049);
#2045 = LINE('',#2046,#2047);
#2046 = CARTESIAN_POINT('',(-7.36276104919,10.9277343575));
#2047 = VECTOR('',#2048,1.);
#2048 = DIRECTION('',(-0.89699481394,0.442041065699));
#2049 = ( GEOMETRIC_REPRESENTATION_CONTEXT(2) 
PARAMETRIC_REPRESENTATION_CONTEXT() REPRESENTATION_CONTEXT('2D SPACE',''
  ) );
#2050 = ORIENTED_EDGE('',*,*,#2051,.F.);
#2051 = EDGE_CURVE('',#2052,#2024,#2054,.T.);
#2052 = VERTEX_POINT('',#2053);
#2053 = CARTESIAN_POINT('',(10.9277343575,-7.362761049192,5.50000005));
#2054 = SURFACE_CURVE('',#2055,(#2059,#2066),.PCURVE_S1.);
#2055 = LINE('',#2056,#2057);
#2056 = CARTESIAN_POINT('',(10.9277343575,-7.362761049192,5.50000005));
#2057 = VECTOR('',#2058,1.);
#2058 = DIRECTION('',(-0.707106781187,-0.707106781187,0.));
#2059 = PCURVE('',#73,#2060);
#2060 = DEFINITIONAL_REPRESENTATION('',(#2061),#2065);
#2061 = LINE('',#2062,#2063);
#2062 = CARTESIAN_POINT('',(-10.9277343575,7.36276104919));
#2063 = VECTOR('',#2064,1.);
#2064 = DIRECTION('',(0.707106781187,0.707106781187));
#2065 = ( GEOMETRIC_REPRESENTATION_CONTEXT(2) 
PARAMETRIC_REPRESENTATION_CONTEXT() REPRESENTATION_CONTEXT('2D SPACE',''
  ) );
#2066 = PCURVE('',#2039,#2067);
#2067 = DEFINITIONAL_REPRESENTATION('',(#2068),#2072);
#2068 = LINE('',#2069,#2070);
#2069 = CARTESIAN_POINT('',(-10.9277343575,7.36276104919));
#2070 = VECTOR('',#2071,1.);
#2071 = DIRECTION('',(0.707106781187,0.707106781187));
#2072 = ( GEOMETRIC_REPRESENTATION_CONTEXT(2) 
PARAMETRIC_REPRESENTATION_CONTEXT() REPRESENTATION_CONTEXT('2D SPACE',''
  ) );
#2073 = ORIENTED_EDGE('',*,*,#2074,.F.);
#2074 = EDGE_CURVE('',#2075,#2052,#2077,.T.);
#2075 = VERTEX_POINT('',#2076);
#2076 = CARTESIAN_POINT('',(11.00736259696,-7.524343588428,5.50000005));
#2077 = SURFACE_CURVE('',#2078,(#2082,#2089),.PCURVE_S1.);
#2078 = LINE('',#2079,#2080);
#2079 = CARTESIAN_POINT('',(13.73543860197,-13.06018679035,5.50000005));
#2080 = VECTOR('',#2081,1.);
#2081 = DIRECTION('',(-0.442041065699,0.89699481394,0.));
#2082 = PCURVE('',#73,#2083);
#2083 = DEFINITIONAL_REPRESENTATION('',(#2084),#2088);
#2084 = LINE('',#2085,#2086);
#2085 = CARTESIAN_POINT('',(-13.73543860197,13.06018679035));
#2086 = VECTOR('',#2087,1.);
#2087 = DIRECTION('',(0.442041065699,-0.89699481394));
#2088 = ( GEOMETRIC_REPRESENTATION_CONTEXT(2) 
PARAMETRIC_REPRESENTATION_CONTEXT() REPRESENTATION_CONTEXT('2D SPACE',''
  ) );
#2089 = PCURVE('',#2039,#2090);
#2090 = DEFINITIONAL_REPRESENTATION('',(#2091),#2095);
#2091 = LINE('',#2092,#2093);
#2092 = CARTESIAN_POINT('',(-13.73543860197,13.06018679035));
#2093 = VECTOR('',#2094,1.);
#2094 = DIRECTION('',(0.442041065699,-0.89699481394));
#2095 = ( GEOMETRIC_REPRESENTATION_CONTEXT(2) 
PARAMETRIC_REPRESENTATION_CONTEXT() REPRESENTATION_CONTEXT('2D SPACE',''
  ) );
#2096 = ORIENTED_EDGE('',*,*,#2097,.T.);
#2097 = EDGE_CURVE('',#2075,#2098,#2100,.T.);
#2098 = VERTEX_POINT('',#2099);
#2099 = CARTESIAN_POINT('',(12.01995399286,-5.770483843429,5.50000005));
#2100 = SURFACE_CURVE('',#2101,(#2106,#2113),.PCURVE_S1.);
#2101 = CIRCLE('',#2102,13.333333333333);
#2102 = AXIS2_PLACEMENT_3D('',#2103,#2104,#2105);
#2103 = CARTESIAN_POINT('',(2.415845301584E-13,-2.30926389122E-12,
    5.50000005));
#2104 = DIRECTION('',(0.,0.,1.));
#2105 = DIRECTION('',(-1.,0.,0.));
#2106 = PCURVE('',#73,#2107);
#2107 = DEFINITIONAL_REPRESENTATION('',(#2108),#2112);
#2108 = CIRCLE('',#2109,13.333333333333);
#2109 = AXIS2_PLACEMENT_2D('',#2110,#2111);
#2110 = CARTESIAN_POINT('',(0.,0.));
#2111 = DIRECTION('',(1.,0.));
#2112 = ( GEOMETRIC_REPRESENTATION_CONTEXT(2) 
PARAMETRIC_REPRESENTATION_CONTEXT() REPRESENTATION_CONTEXT('2D SPACE',''
  ) );
#2113 = PCURVE('',#840,#2114);
#2114 = DEFINITIONAL_REPRESENTATION('',(#2115),#2119);
#2115 = LINE('',#2116,#2117);
#2116 = CARTESIAN_POINT('',(0.,28.));
#2117 = VECTOR('',#2118,1.);
#2118 = DIRECTION('',(1.,0.));
#2119 = ( GEOMETRIC_REPRESENTATION_CONTEXT(2) 
PARAMETRIC_REPRESENTATION_CONTEXT() REPRESENTATION_CONTEXT('2D SPACE',''
  ) );
#2120 = ORIENTED_EDGE('',*,*,#2121,.F.);
#2121 = EDGE_CURVE('',#2122,#2098,#2124,.T.);
#2122 = VERTEX_POINT('',#2123);
#2123 = CARTESIAN_POINT('',(11.84020528934,-5.782315034812,5.50000005));
#2124 = SURFACE_CURVE('',#2125,(#2129,#2136),.PCURVE_S1.);
#2125 = LINE('',#2126,#2127);
#2126 = CARTESIAN_POINT('',(11.84020528934,-5.782315034812,5.50000005));
#2127 = VECTOR('',#2128,1.);
#2128 = DIRECTION('',(0.997840828785,6.567861455864E-02,0.));
#2129 = PCURVE('',#73,#2130);
#2130 = DEFINITIONAL_REPRESENTATION('',(#2131),#2135);
#2131 = LINE('',#2132,#2133);
#2132 = CARTESIAN_POINT('',(-11.84020528934,5.78231503481));
#2133 = VECTOR('',#2134,1.);
#2134 = DIRECTION('',(-0.997840828785,-6.567861455864E-02));
#2135 = ( GEOMETRIC_REPRESENTATION_CONTEXT(2) 
PARAMETRIC_REPRESENTATION_CONTEXT() REPRESENTATION_CONTEXT('2D SPACE',''
  ) );
#2136 = PCURVE('',#2137,#2142);
#2137 = PLANE('',#2138);
#2138 = AXIS2_PLACEMENT_3D('',#2139,#2140,#2141);
#2139 = CARTESIAN_POINT('',(2.415845301584E-13,-2.30926389122E-12,
    5.50000005));
#2140 = DIRECTION('',(0.,0.,1.));
#2141 = DIRECTION('',(-1.,0.,0.));
#2142 = DEFINITIONAL_REPRESENTATION('',(#2143),#2147);
#2143 = LINE('',#2144,#2145);
#2144 = CARTESIAN_POINT('',(-11.84020528934,5.78231503481));
#2145 = VECTOR('',#2146,1.);
#2146 = DIRECTION('',(-0.997840828785,-6.567861455864E-02));
#2147 = ( GEOMETRIC_REPRESENTATION_CONTEXT(2) 
PARAMETRIC_REPRESENTATION_CONTEXT() REPRESENTATION_CONTEXT('2D SPACE',''
  ) );
#2148 = ORIENTED_EDGE('',*,*,#2149,.F.);
#2149 = EDGE_CURVE('',#2150,#2122,#2152,.T.);
#2150 = VERTEX_POINT('',#2151);
#2151 = CARTESIAN_POINT('',(13.145076084,-0.912470931844,5.50000005));
#2152 = SURFACE_CURVE('',#2153,(#2157,#2164),.PCURVE_S1.);
#2153 = LINE('',#2154,#2155);
#2154 = CARTESIAN_POINT('',(13.145076084,-0.912470931844,5.50000005));
#2155 = VECTOR('',#2156,1.);
#2156 = DIRECTION('',(-0.258819045103,-0.965925826289,0.));
#2157 = PCURVE('',#73,#2158);
#2158 = DEFINITIONAL_REPRESENTATION('',(#2159),#2163);
#2159 = LINE('',#2160,#2161);
#2160 = CARTESIAN_POINT('',(-13.145076084,0.912470931842));
#2161 = VECTOR('',#2162,1.);
#2162 = DIRECTION('',(0.258819045103,0.965925826289));
#2163 = ( GEOMETRIC_REPRESENTATION_CONTEXT(2) 
PARAMETRIC_REPRESENTATION_CONTEXT() REPRESENTATION_CONTEXT('2D SPACE',''
  ) );
#2164 = PCURVE('',#2137,#2165);
#2165 = DEFINITIONAL_REPRESENTATION('',(#2166),#2170);
#2166 = LINE('',#2167,#2168);
#2167 = CARTESIAN_POINT('',(-13.145076084,0.912470931842));
#2168 = VECTOR('',#2169,1.);
#2169 = DIRECTION('',(0.258819045103,0.965925826289));
#2170 = ( GEOMETRIC_REPRESENTATION_CONTEXT(2) 
PARAMETRIC_REPRESENTATION_CONTEXT() REPRESENTATION_CONTEXT('2D SPACE',''
  ) );
#2171 = ORIENTED_EDGE('',*,*,#2172,.F.);
#2172 = EDGE_CURVE('',#2173,#2150,#2175,.T.);
#2173 = VERTEX_POINT('',#2174);
#2174 = CARTESIAN_POINT('',(13.29482743185,-1.012591395899,5.50000005));
#2175 = SURFACE_CURVE('',#2176,(#2180,#2187),.PCURVE_S1.);
#2176 = LINE('',#2177,#2178);
#2177 = CARTESIAN_POINT('',(18.42533215661,-4.442734237636,5.50000005));
#2178 = VECTOR('',#2179,1.);
#2179 = DIRECTION('',(-0.831316199382,0.555799763085,0.));
#2180 = PCURVE('',#73,#2181);
#2181 = DEFINITIONAL_REPRESENTATION('',(#2182),#2186);
#2182 = LINE('',#2183,#2184);
#2183 = CARTESIAN_POINT('',(-18.42533215661,4.442734237634));
#2184 = VECTOR('',#2185,1.);
#2185 = DIRECTION('',(0.831316199382,-0.555799763085));
#2186 = ( GEOMETRIC_REPRESENTATION_CONTEXT(2) 
PARAMETRIC_REPRESENTATION_CONTEXT() REPRESENTATION_CONTEXT('2D SPACE',''
  ) );
#2187 = PCURVE('',#2137,#2188);
#2188 = DEFINITIONAL_REPRESENTATION('',(#2189),#2193);
#2189 = LINE('',#2190,#2191);
#2190 = CARTESIAN_POINT('',(-18.42533215661,4.442734237634));
#2191 = VECTOR('',#2192,1.);
#2192 = DIRECTION('',(0.831316199382,-0.555799763085));
#2193 = ( GEOMETRIC_REPRESENTATION_CONTEXT(2) 
PARAMETRIC_REPRESENTATION_CONTEXT() REPRESENTATION_CONTEXT('2D SPACE',''
  ) );
#2194 = ORIENTED_EDGE('',*,*,#2195,.T.);
#2195 = EDGE_CURVE('',#2173,#2196,#2198,.T.);
#2196 = VERTEX_POINT('',#2197);
#2197 = CARTESIAN_POINT('',(13.29482743185,1.012591395895,5.50000005));
#2198 = SURFACE_CURVE('',#2199,(#2204,#2211),.PCURVE_S1.);
#2199 = CIRCLE('',#2200,13.333333333333);
#2200 = AXIS2_PLACEMENT_3D('',#2201,#2202,#2203);
#2201 = CARTESIAN_POINT('',(2.415845301584E-13,-2.30926389122E-12,
    5.50000005));
#2202 = DIRECTION('',(0.,0.,1.));
#2203 = DIRECTION('',(-1.,0.,0.));
#2204 = PCURVE('',#73,#2205);
#2205 = DEFINITIONAL_REPRESENTATION('',(#2206),#2210);
#2206 = CIRCLE('',#2207,13.333333333333);
#2207 = AXIS2_PLACEMENT_2D('',#2208,#2209);
#2208 = CARTESIAN_POINT('',(0.,0.));
#2209 = DIRECTION('',(1.,0.));
#2210 = ( GEOMETRIC_REPRESENTATION_CONTEXT(2) 
PARAMETRIC_REPRESENTATION_CONTEXT() REPRESENTATION_CONTEXT('2D SPACE',''
  ) );
#2211 = PCURVE('',#943,#2212);
#2212 = DEFINITIONAL_REPRESENTATION('',(#2213),#2217);
#2213 = LINE('',#2214,#2215);
#2214 = CARTESIAN_POINT('',(0.,28.));
#2215 = VECTOR('',#2216,1.);
#2216 = DIRECTION('',(1.,0.));
#2217 = ( GEOMETRIC_REPRESENTATION_CONTEXT(2) 
PARAMETRIC_REPRESENTATION_CONTEXT() REPRESENTATION_CONTEXT('2D SPACE',''
  ) );
#2218 = ORIENTED_EDGE('',*,*,#2219,.F.);
#2219 = EDGE_CURVE('',#2220,#2196,#2222,.T.);
#2220 = VERTEX_POINT('',#2221);
#2221 = CARTESIAN_POINT('',(13.145076084,0.91247093184,5.50000005));
#2222 = SURFACE_CURVE('',#2223,(#2227,#2234),.PCURVE_S1.);
#2223 = LINE('',#2224,#2225);
#2224 = CARTESIAN_POINT('',(13.145076084,0.91247093184,5.50000005));
#2225 = VECTOR('',#2226,1.);
#2226 = DIRECTION('',(0.831316199382,0.555799763085,0.));
#2227 = PCURVE('',#73,#2228);
#2228 = DEFINITIONAL_REPRESENTATION('',(#2229),#2233);
#2229 = LINE('',#2230,#2231);
#2230 = CARTESIAN_POINT('',(-13.145076084,-0.912470931842));
#2231 = VECTOR('',#2232,1.);
#2232 = DIRECTION('',(-0.831316199382,-0.555799763085));
#2233 = ( GEOMETRIC_REPRESENTATION_CONTEXT(2) 
PARAMETRIC_REPRESENTATION_CONTEXT() REPRESENTATION_CONTEXT('2D SPACE',''
  ) );
#2234 = PCURVE('',#2235,#2240);
#2235 = PLANE('',#2236);
#2236 = AXIS2_PLACEMENT_3D('',#2237,#2238,#2239);
#2237 = CARTESIAN_POINT('',(2.415845301584E-13,-2.30926389122E-12,
    5.50000005));
#2238 = DIRECTION('',(0.,0.,1.));
#2239 = DIRECTION('',(-1.,0.,0.));
#2240 = DEFINITIONAL_REPRESENTATION('',(#2241),#2245);
#2241 = LINE('',#2242,#2243);
#2242 = CARTESIAN_POINT('',(-13.145076084,-0.912470931842));
#2243 = VECTOR('',#2244,1.);
#2244 = DIRECTION('',(-0.831316199382,-0.555799763085));
#2245 = ( GEOMETRIC_REPRESENTATION_CONTEXT(2) 
PARAMETRIC_REPRESENTATION_CONTEXT() REPRESENTATION_CONTEXT('2D SPACE',''
  ) );
#2246 = ORIENTED_EDGE('',*,*,#2247,.F.);
#2247 = EDGE_CURVE('',#2248,#2220,#2250,.T.);
#2248 = VERTEX_POINT('',#2249);
#2249 = CARTESIAN_POINT('',(11.84020528934,5.782315034808,5.50000005));
#2250 = SURFACE_CURVE('',#2251,(#2255,#2262),.PCURVE_S1.);
#2251 = LINE('',#2252,#2253);
#2252 = CARTESIAN_POINT('',(11.84020528934,5.782315034808,5.50000005));
#2253 = VECTOR('',#2254,1.);
#2254 = DIRECTION('',(0.258819045103,-0.965925826289,0.));
#2255 = PCURVE('',#73,#2256);
#2256 = DEFINITIONAL_REPRESENTATION('',(#2257),#2261);
#2257 = LINE('',#2258,#2259);
#2258 = CARTESIAN_POINT('',(-11.84020528934,-5.78231503481));
#2259 = VECTOR('',#2260,1.);
#2260 = DIRECTION('',(-0.258819045103,0.965925826289));
#2261 = ( GEOMETRIC_REPRESENTATION_CONTEXT(2) 
PARAMETRIC_REPRESENTATION_CONTEXT() REPRESENTATION_CONTEXT('2D SPACE',''
  ) );
#2262 = PCURVE('',#2235,#2263);
#2263 = DEFINITIONAL_REPRESENTATION('',(#2264),#2268);
#2264 = LINE('',#2265,#2266);
#2265 = CARTESIAN_POINT('',(-11.84020528934,-5.78231503481));
#2266 = VECTOR('',#2267,1.);
#2267 = DIRECTION('',(-0.258819045103,0.965925826289));
#2268 = ( GEOMETRIC_REPRESENTATION_CONTEXT(2) 
PARAMETRIC_REPRESENTATION_CONTEXT() REPRESENTATION_CONTEXT('2D SPACE',''
  ) );
#2269 = ORIENTED_EDGE('',*,*,#2270,.F.);
#2270 = EDGE_CURVE('',#2271,#2248,#2273,.T.);
#2271 = VERTEX_POINT('',#2272);
#2272 = CARTESIAN_POINT('',(12.01995399286,5.770483843425,5.50000005));
#2273 = SURFACE_CURVE('',#2274,(#2278,#2285),.PCURVE_S1.);
#2274 = LINE('',#2275,#2276);
#2275 = CARTESIAN_POINT('',(18.1781728396,5.365145366249,5.50000005));
#2276 = VECTOR('',#2277,1.);
#2277 = DIRECTION('',(-0.997840828785,6.567861455864E-02,0.));
#2278 = PCURVE('',#73,#2279);
#2279 = DEFINITIONAL_REPRESENTATION('',(#2280),#2284);
#2280 = LINE('',#2281,#2282);
#2281 = CARTESIAN_POINT('',(-18.1781728396,-5.365145366251));
#2282 = VECTOR('',#2283,1.);
#2283 = DIRECTION('',(0.997840828785,-6.567861455864E-02));
#2284 = ( GEOMETRIC_REPRESENTATION_CONTEXT(2) 
PARAMETRIC_REPRESENTATION_CONTEXT() REPRESENTATION_CONTEXT('2D SPACE',''
  ) );
#2285 = PCURVE('',#2235,#2286);
#2286 = DEFINITIONAL_REPRESENTATION('',(#2287),#2291);
#2287 = LINE('',#2288,#2289);
#2288 = CARTESIAN_POINT('',(-18.1781728396,-5.365145366251));
#2289 = VECTOR('',#2290,1.);
#2290 = DIRECTION('',(0.997840828785,-6.567861455864E-02));
#2291 = ( GEOMETRIC_REPRESENTATION_CONTEXT(2) 
PARAMETRIC_REPRESENTATION_CONTEXT() REPRESENTATION_CONTEXT('2D SPACE',''
  ) );
#2292 = ORIENTED_EDGE('',*,*,#2293,.T.);
#2293 = EDGE_CURVE('',#2271,#2294,#2296,.T.);
#2294 = VERTEX_POINT('',#2295);
#2295 = CARTESIAN_POINT('',(11.00736259696,7.524343588424,5.50000005));
#2296 = SURFACE_CURVE('',#2297,(#2302,#2309),.PCURVE_S1.);
#2297 = CIRCLE('',#2298,13.333333333333);
#2298 = AXIS2_PLACEMENT_3D('',#2299,#2300,#2301);
#2299 = CARTESIAN_POINT('',(2.415845301584E-13,-2.30926389122E-12,
    5.50000005));
#2300 = DIRECTION('',(0.,0.,1.));
#2301 = DIRECTION('',(-1.,0.,0.));
#2302 = PCURVE('',#73,#2303);
#2303 = DEFINITIONAL_REPRESENTATION('',(#2304),#2308);
#2304 = CIRCLE('',#2305,13.333333333333);
#2305 = AXIS2_PLACEMENT_2D('',#2306,#2307);
#2306 = CARTESIAN_POINT('',(0.,0.));
#2307 = DIRECTION('',(1.,0.));
#2308 = ( GEOMETRIC_REPRESENTATION_CONTEXT(2) 
PARAMETRIC_REPRESENTATION_CONTEXT() REPRESENTATION_CONTEXT('2D SPACE',''
  ) );
#2309 = PCURVE('',#1046,#2310);
#2310 = DEFINITIONAL_REPRESENTATION('',(#2311),#2315);
#2311 = LINE('',#2312,#2313);
#2312 = CARTESIAN_POINT('',(0.,28.));
#2313 = VECTOR('',#2314,1.);
#2314 = DIRECTION('',(1.,0.));
#2315 = ( GEOMETRIC_REPRESENTATION_CONTEXT(2) 
PARAMETRIC_REPRESENTATION_CONTEXT() REPRESENTATION_CONTEXT('2D SPACE',''
  ) );
#2316 = ORIENTED_EDGE('',*,*,#2317,.F.);
#2317 = EDGE_CURVE('',#2318,#2294,#2320,.T.);
#2318 = VERTEX_POINT('',#2319);
#2319 = CARTESIAN_POINT('',(10.9277343575,7.362761049188,5.50000005));
#2320 = SURFACE_CURVE('',#2321,(#2325,#2332),.PCURVE_S1.);
#2321 = LINE('',#2322,#2323);
#2322 = CARTESIAN_POINT('',(10.9277343575,7.362761049188,5.50000005));
#2323 = VECTOR('',#2324,1.);
#2324 = DIRECTION('',(0.442041065699,0.89699481394,0.));
#2325 = PCURVE('',#73,#2326);
#2326 = DEFINITIONAL_REPRESENTATION('',(#2327),#2331);
#2327 = LINE('',#2328,#2329);
#2328 = CARTESIAN_POINT('',(-10.9277343575,-7.36276104919));
#2329 = VECTOR('',#2330,1.);
#2330 = DIRECTION('',(-0.442041065699,-0.89699481394));
#2331 = ( GEOMETRIC_REPRESENTATION_CONTEXT(2) 
PARAMETRIC_REPRESENTATION_CONTEXT() REPRESENTATION_CONTEXT('2D SPACE',''
  ) );
#2332 = PCURVE('',#2333,#2338);
#2333 = PLANE('',#2334);
#2334 = AXIS2_PLACEMENT_3D('',#2335,#2336,#2337);
#2335 = CARTESIAN_POINT('',(2.415845301584E-13,-2.30926389122E-12,
    5.50000005));
#2336 = DIRECTION('',(0.,0.,1.));
#2337 = DIRECTION('',(-1.,0.,0.));
#2338 = DEFINITIONAL_REPRESENTATION('',(#2339),#2343);
#2339 = LINE('',#2340,#2341);
#2340 = CARTESIAN_POINT('',(-10.9277343575,-7.36276104919));
#2341 = VECTOR('',#2342,1.);
#2342 = DIRECTION('',(-0.442041065699,-0.89699481394));
#2343 = ( GEOMETRIC_REPRESENTATION_CONTEXT(2) 
PARAMETRIC_REPRESENTATION_CONTEXT() REPRESENTATION_CONTEXT('2D SPACE',''
  ) );
#2344 = ORIENTED_EDGE('',*,*,#2345,.F.);
#2345 = EDGE_CURVE('',#2346,#2318,#2348,.T.);
#2346 = VERTEX_POINT('',#2347);
#2347 = CARTESIAN_POINT('',(7.36276104919,10.9277343575,5.50000005));
#2348 = SURFACE_CURVE('',#2349,(#2353,#2360),.PCURVE_S1.);
#2349 = LINE('',#2350,#2351);
#2350 = CARTESIAN_POINT('',(7.36276104919,10.9277343575,5.50000005));
#2351 = VECTOR('',#2352,1.);
#2352 = DIRECTION('',(0.707106781187,-0.707106781187,0.));
#2353 = PCURVE('',#73,#2354);
#2354 = DEFINITIONAL_REPRESENTATION('',(#2355),#2359);
#2355 = LINE('',#2356,#2357);
#2356 = CARTESIAN_POINT('',(-7.36276104919,-10.9277343575));
#2357 = VECTOR('',#2358,1.);
#2358 = DIRECTION('',(-0.707106781187,0.707106781187));
#2359 = ( GEOMETRIC_REPRESENTATION_CONTEXT(2) 
PARAMETRIC_REPRESENTATION_CONTEXT() REPRESENTATION_CONTEXT('2D SPACE',''
  ) );
#2360 = PCURVE('',#2333,#2361);
#2361 = DEFINITIONAL_REPRESENTATION('',(#2362),#2366);
#2362 = LINE('',#2363,#2364);
#2363 = CARTESIAN_POINT('',(-7.36276104919,-10.9277343575));
#2364 = VECTOR('',#2365,1.);
#2365 = DIRECTION('',(-0.707106781187,0.707106781187));
#2366 = ( GEOMETRIC_REPRESENTATION_CONTEXT(2) 
PARAMETRIC_REPRESENTATION_CONTEXT() REPRESENTATION_CONTEXT('2D SPACE',''
  ) );
#2367 = ORIENTED_EDGE('',*,*,#2368,.F.);
#2368 = EDGE_CURVE('',#2369,#2346,#2371,.T.);
#2369 = VERTEX_POINT('',#2370);
#2370 = CARTESIAN_POINT('',(7.52434358842,11.007362596964,5.50000005));
#2371 = SURFACE_CURVE('',#2372,(#2376,#2383),.PCURVE_S1.);
#2372 = LINE('',#2373,#2374);
#2373 = CARTESIAN_POINT('',(13.06018679036,13.735438601971,5.50000005));
#2374 = VECTOR('',#2375,1.);
#2375 = DIRECTION('',(-0.89699481394,-0.442041065699,0.));
#2376 = PCURVE('',#73,#2377);
#2377 = DEFINITIONAL_REPRESENTATION('',(#2378),#2382);
#2378 = LINE('',#2379,#2380);
#2379 = CARTESIAN_POINT('',(-13.06018679036,-13.73543860197));
#2380 = VECTOR('',#2381,1.);
#2381 = DIRECTION('',(0.89699481394,0.442041065699));
#2382 = ( GEOMETRIC_REPRESENTATION_CONTEXT(2) 
PARAMETRIC_REPRESENTATION_CONTEXT() REPRESENTATION_CONTEXT('2D SPACE',''
  ) );
#2383 = PCURVE('',#2333,#2384);
#2384 = DEFINITIONAL_REPRESENTATION('',(#2385),#2389);
#2385 = LINE('',#2386,#2387);
#2386 = CARTESIAN_POINT('',(-13.06018679036,-13.73543860197));
#2387 = VECTOR('',#2388,1.);
#2388 = DIRECTION('',(0.89699481394,0.442041065699));
#2389 = ( GEOMETRIC_REPRESENTATION_CONTEXT(2) 
PARAMETRIC_REPRESENTATION_CONTEXT() REPRESENTATION_CONTEXT('2D SPACE',''
  ) );
#2390 = ORIENTED_EDGE('',*,*,#2391,.T.);
#2391 = EDGE_CURVE('',#2369,#2392,#2394,.T.);
#2392 = VERTEX_POINT('',#2393);
#2393 = CARTESIAN_POINT('',(5.77048384342,12.01995399286,5.50000005));
#2394 = SURFACE_CURVE('',#2395,(#2400,#2407),.PCURVE_S1.);
#2395 = CIRCLE('',#2396,13.333333333333);
#2396 = AXIS2_PLACEMENT_3D('',#2397,#2398,#2399);
#2397 = CARTESIAN_POINT('',(2.415845301584E-13,-2.30926389122E-12,
    5.50000005));
#2398 = DIRECTION('',(0.,0.,1.));
#2399 = DIRECTION('',(-1.,0.,0.));
#2400 = PCURVE('',#73,#2401);
#2401 = DEFINITIONAL_REPRESENTATION('',(#2402),#2406);
#2402 = CIRCLE('',#2403,13.333333333333);
#2403 = AXIS2_PLACEMENT_2D('',#2404,#2405);
#2404 = CARTESIAN_POINT('',(0.,0.));
#2405 = DIRECTION('',(1.,0.));
#2406 = ( GEOMETRIC_REPRESENTATION_CONTEXT(2) 
PARAMETRIC_REPRESENTATION_CONTEXT() REPRESENTATION_CONTEXT('2D SPACE',''
  ) );
#2407 = PCURVE('',#1149,#2408);
#2408 = DEFINITIONAL_REPRESENTATION('',(#2409),#2413);
#2409 = LINE('',#2410,#2411);
#2410 = CARTESIAN_POINT('',(0.,28.));
#2411 = VECTOR('',#2412,1.);
#2412 = DIRECTION('',(1.,0.));
#2413 = ( GEOMETRIC_REPRESENTATION_CONTEXT(2) 
PARAMETRIC_REPRESENTATION_CONTEXT() REPRESENTATION_CONTEXT('2D SPACE',''
  ) );
#2414 = ORIENTED_EDGE('',*,*,#2415,.F.);
#2415 = EDGE_CURVE('',#2416,#2392,#2418,.T.);
#2416 = VERTEX_POINT('',#2417);
#2417 = CARTESIAN_POINT('',(5.78231503481,11.840205289342,5.50000005));
#2418 = SURFACE_CURVE('',#2419,(#2423,#2430),.PCURVE_S1.);
#2419 = LINE('',#2420,#2421);
#2420 = CARTESIAN_POINT('',(5.78231503481,11.840205289342,5.50000005));
#2421 = VECTOR('',#2422,1.);
#2422 = DIRECTION('',(-6.567861455864E-02,0.997840828785,0.));
#2423 = PCURVE('',#73,#2424);
#2424 = DEFINITIONAL_REPRESENTATION('',(#2425),#2429);
#2425 = LINE('',#2426,#2427);
#2426 = CARTESIAN_POINT('',(-5.78231503481,-11.84020528934));
#2427 = VECTOR('',#2428,1.);
#2428 = DIRECTION('',(6.567861455864E-02,-0.997840828785));
#2429 = ( GEOMETRIC_REPRESENTATION_CONTEXT(2) 
PARAMETRIC_REPRESENTATION_CONTEXT() REPRESENTATION_CONTEXT('2D SPACE',''
  ) );
#2430 = PCURVE('',#2431,#2436);
#2431 = PLANE('',#2432);
#2432 = AXIS2_PLACEMENT_3D('',#2433,#2434,#2435);
#2433 = CARTESIAN_POINT('',(2.415845301584E-13,-2.30926389122E-12,
    5.50000005));
#2434 = DIRECTION('',(0.,0.,1.));
#2435 = DIRECTION('',(-1.,0.,0.));
#2436 = DEFINITIONAL_REPRESENTATION('',(#2437),#2441);
#2437 = LINE('',#2438,#2439);
#2438 = CARTESIAN_POINT('',(-5.78231503481,-11.84020528934));
#2439 = VECTOR('',#2440,1.);
#2440 = DIRECTION('',(6.567861455864E-02,-0.997840828785));
#2441 = ( GEOMETRIC_REPRESENTATION_CONTEXT(2) 
PARAMETRIC_REPRESENTATION_CONTEXT() REPRESENTATION_CONTEXT('2D SPACE',''
  ) );
#2442 = ORIENTED_EDGE('',*,*,#2443,.F.);
#2443 = EDGE_CURVE('',#2444,#2416,#2446,.T.);
#2444 = VERTEX_POINT('',#2445);
#2445 = CARTESIAN_POINT('',(0.91247093184,13.145076083998,5.50000005));
#2446 = SURFACE_CURVE('',#2447,(#2451,#2458),.PCURVE_S1.);
#2447 = LINE('',#2448,#2449);
#2448 = CARTESIAN_POINT('',(0.91247093184,13.145076083998,5.50000005));
#2449 = VECTOR('',#2450,1.);
#2450 = DIRECTION('',(0.965925826289,-0.258819045103,0.));
#2451 = PCURVE('',#73,#2452);
#2452 = DEFINITIONAL_REPRESENTATION('',(#2453),#2457);
#2453 = LINE('',#2454,#2455);
#2454 = CARTESIAN_POINT('',(-0.91247093184,-13.145076084));
#2455 = VECTOR('',#2456,1.);
#2456 = DIRECTION('',(-0.965925826289,0.258819045103));
#2457 = ( GEOMETRIC_REPRESENTATION_CONTEXT(2) 
PARAMETRIC_REPRESENTATION_CONTEXT() REPRESENTATION_CONTEXT('2D SPACE',''
  ) );
#2458 = PCURVE('',#2431,#2459);
#2459 = DEFINITIONAL_REPRESENTATION('',(#2460),#2464);
#2460 = LINE('',#2461,#2462);
#2461 = CARTESIAN_POINT('',(-0.91247093184,-13.145076084));
#2462 = VECTOR('',#2463,1.);
#2463 = DIRECTION('',(-0.965925826289,0.258819045103));
#2464 = ( GEOMETRIC_REPRESENTATION_CONTEXT(2) 
PARAMETRIC_REPRESENTATION_CONTEXT() REPRESENTATION_CONTEXT('2D SPACE',''
  ) );
#2465 = ORIENTED_EDGE('',*,*,#2466,.F.);
#2466 = EDGE_CURVE('',#2467,#2444,#2469,.T.);
#2467 = VERTEX_POINT('',#2468);
#2468 = CARTESIAN_POINT('',(1.01259139589,13.29482743185,5.50000005));
#2469 = SURFACE_CURVE('',#2470,(#2474,#2481),.PCURVE_S1.);
#2470 = LINE('',#2471,#2472);
#2471 = CARTESIAN_POINT('',(4.44273423763,18.425332156608,5.50000005));
#2472 = VECTOR('',#2473,1.);
#2473 = DIRECTION('',(-0.555799763085,-0.831316199382,0.));
#2474 = PCURVE('',#73,#2475);
#2475 = DEFINITIONAL_REPRESENTATION('',(#2476),#2480);
#2476 = LINE('',#2477,#2478);
#2477 = CARTESIAN_POINT('',(-4.44273423763,-18.42533215661));
#2478 = VECTOR('',#2479,1.);
#2479 = DIRECTION('',(0.555799763085,0.831316199382));
#2480 = ( GEOMETRIC_REPRESENTATION_CONTEXT(2) 
PARAMETRIC_REPRESENTATION_CONTEXT() REPRESENTATION_CONTEXT('2D SPACE',''
  ) );
#2481 = PCURVE('',#2431,#2482);
#2482 = DEFINITIONAL_REPRESENTATION('',(#2483),#2487);
#2483 = LINE('',#2484,#2485);
#2484 = CARTESIAN_POINT('',(-4.44273423763,-18.42533215661));
#2485 = VECTOR('',#2486,1.);
#2486 = DIRECTION('',(0.555799763085,0.831316199382));
#2487 = ( GEOMETRIC_REPRESENTATION_CONTEXT(2) 
PARAMETRIC_REPRESENTATION_CONTEXT() REPRESENTATION_CONTEXT('2D SPACE',''
  ) );
#2488 = ORIENTED_EDGE('',*,*,#2489,.T.);
#2489 = EDGE_CURVE('',#2467,#2490,#2492,.T.);
#2490 = VERTEX_POINT('',#2491);
#2491 = CARTESIAN_POINT('',(-1.0125913959,13.29482743185,5.50000005));
#2492 = SURFACE_CURVE('',#2493,(#2498,#2505),.PCURVE_S1.);
#2493 = CIRCLE('',#2494,13.333333333333);
#2494 = AXIS2_PLACEMENT_3D('',#2495,#2496,#2497);
#2495 = CARTESIAN_POINT('',(2.415845301584E-13,-2.30926389122E-12,
    5.50000005));
#2496 = DIRECTION('',(0.,0.,1.));
#2497 = DIRECTION('',(-1.,0.,0.));
#2498 = PCURVE('',#73,#2499);
#2499 = DEFINITIONAL_REPRESENTATION('',(#2500),#2504);
#2500 = CIRCLE('',#2501,13.333333333333);
#2501 = AXIS2_PLACEMENT_2D('',#2502,#2503);
#2502 = CARTESIAN_POINT('',(0.,0.));
#2503 = DIRECTION('',(1.,0.));
#2504 = ( GEOMETRIC_REPRESENTATION_CONTEXT(2) 
PARAMETRIC_REPRESENTATION_CONTEXT() REPRESENTATION_CONTEXT('2D SPACE',''
  ) );
#2505 = PCURVE('',#1252,#2506);
#2506 = DEFINITIONAL_REPRESENTATION('',(#2507),#2511);
#2507 = LINE('',#2508,#2509);
#2508 = CARTESIAN_POINT('',(0.,28.));
#2509 = VECTOR('',#2510,1.);
#2510 = DIRECTION('',(1.,0.));
#2511 = ( GEOMETRIC_REPRESENTATION_CONTEXT(2) 
PARAMETRIC_REPRESENTATION_CONTEXT() REPRESENTATION_CONTEXT('2D SPACE',''
  ) );
#2512 = ORIENTED_EDGE('',*,*,#2513,.F.);
#2513 = EDGE_CURVE('',#2514,#2490,#2516,.T.);
#2514 = VERTEX_POINT('',#2515);
#2515 = CARTESIAN_POINT('',(-0.91247093184,13.145076083998,5.50000005));
#2516 = SURFACE_CURVE('',#2517,(#2521,#2528),.PCURVE_S1.);
#2517 = LINE('',#2518,#2519);
#2518 = CARTESIAN_POINT('',(-0.91247093184,13.145076083998,5.50000005));
#2519 = VECTOR('',#2520,1.);
#2520 = DIRECTION('',(-0.555799763085,0.831316199382,0.));
#2521 = PCURVE('',#73,#2522);
#2522 = DEFINITIONAL_REPRESENTATION('',(#2523),#2527);
#2523 = LINE('',#2524,#2525);
#2524 = CARTESIAN_POINT('',(0.91247093184,-13.145076084));
#2525 = VECTOR('',#2526,1.);
#2526 = DIRECTION('',(0.555799763085,-0.831316199382));
#2527 = ( GEOMETRIC_REPRESENTATION_CONTEXT(2) 
PARAMETRIC_REPRESENTATION_CONTEXT() REPRESENTATION_CONTEXT('2D SPACE',''
  ) );
#2528 = PCURVE('',#2529,#2534);
#2529 = PLANE('',#2530);
#2530 = AXIS2_PLACEMENT_3D('',#2531,#2532,#2533);
#2531 = CARTESIAN_POINT('',(2.415845301584E-13,-2.30926389122E-12,
    5.50000005));
#2532 = DIRECTION('',(0.,0.,1.));
#2533 = DIRECTION('',(-1.,0.,0.));
#2534 = DEFINITIONAL_REPRESENTATION('',(#2535),#2539);
#2535 = LINE('',#2536,#2537);
#2536 = CARTESIAN_POINT('',(0.91247093184,-13.145076084));
#2537 = VECTOR('',#2538,1.);
#2538 = DIRECTION('',(0.555799763085,-0.831316199382));
#2539 = ( GEOMETRIC_REPRESENTATION_CONTEXT(2) 
PARAMETRIC_REPRESENTATION_CONTEXT() REPRESENTATION_CONTEXT('2D SPACE',''
  ) );
#2540 = ORIENTED_EDGE('',*,*,#2541,.F.);
#2541 = EDGE_CURVE('',#2542,#2514,#2544,.T.);
#2542 = VERTEX_POINT('',#2543);
#2543 = CARTESIAN_POINT('',(-5.78231503481,11.840205289342,5.50000005));
#2544 = SURFACE_CURVE('',#2545,(#2549,#2556),.PCURVE_S1.);
#2545 = LINE('',#2546,#2547);
#2546 = CARTESIAN_POINT('',(-5.78231503481,11.840205289342,5.50000005));
#2547 = VECTOR('',#2548,1.);
#2548 = DIRECTION('',(0.965925826289,0.258819045103,0.));
#2549 = PCURVE('',#73,#2550);
#2550 = DEFINITIONAL_REPRESENTATION('',(#2551),#2555);
#2551 = LINE('',#2552,#2553);
#2552 = CARTESIAN_POINT('',(5.78231503481,-11.84020528934));
#2553 = VECTOR('',#2554,1.);
#2554 = DIRECTION('',(-0.965925826289,-0.258819045103));
#2555 = ( GEOMETRIC_REPRESENTATION_CONTEXT(2) 
PARAMETRIC_REPRESENTATION_CONTEXT() REPRESENTATION_CONTEXT('2D SPACE',''
  ) );
#2556 = PCURVE('',#2529,#2557);
#2557 = DEFINITIONAL_REPRESENTATION('',(#2558),#2562);
#2558 = LINE('',#2559,#2560);
#2559 = CARTESIAN_POINT('',(5.78231503481,-11.84020528934));
#2560 = VECTOR('',#2561,1.);
#2561 = DIRECTION('',(-0.965925826289,-0.258819045103));
#2562 = ( GEOMETRIC_REPRESENTATION_CONTEXT(2) 
PARAMETRIC_REPRESENTATION_CONTEXT() REPRESENTATION_CONTEXT('2D SPACE',''
  ) );
#2563 = ORIENTED_EDGE('',*,*,#2564,.F.);
#2564 = EDGE_CURVE('',#2565,#2542,#2567,.T.);
#2565 = VERTEX_POINT('',#2566);
#2566 = CARTESIAN_POINT('',(-5.77048384343,12.01995399286,5.50000005));
#2567 = SURFACE_CURVE('',#2568,(#2572,#2579),.PCURVE_S1.);
#2568 = LINE('',#2569,#2570);
#2569 = CARTESIAN_POINT('',(-5.36514536625,18.178172839606,5.50000005));
#2570 = VECTOR('',#2571,1.);
#2571 = DIRECTION('',(-6.567861455864E-02,-0.997840828785,0.));
#2572 = PCURVE('',#73,#2573);
#2573 = DEFINITIONAL_REPRESENTATION('',(#2574),#2578);
#2574 = LINE('',#2575,#2576);
#2575 = CARTESIAN_POINT('',(5.36514536625,-18.1781728396));
#2576 = VECTOR('',#2577,1.);
#2577 = DIRECTION('',(6.567861455864E-02,0.997840828785));
#2578 = ( GEOMETRIC_REPRESENTATION_CONTEXT(2) 
PARAMETRIC_REPRESENTATION_CONTEXT() REPRESENTATION_CONTEXT('2D SPACE',''
  ) );
#2579 = PCURVE('',#2529,#2580);
#2580 = DEFINITIONAL_REPRESENTATION('',(#2581),#2585);
#2581 = LINE('',#2582,#2583);
#2582 = CARTESIAN_POINT('',(5.36514536625,-18.1781728396));
#2583 = VECTOR('',#2584,1.);
#2584 = DIRECTION('',(6.567861455864E-02,0.997840828785));
#2585 = ( GEOMETRIC_REPRESENTATION_CONTEXT(2) 
PARAMETRIC_REPRESENTATION_CONTEXT() REPRESENTATION_CONTEXT('2D SPACE',''
  ) );
#2586 = ORIENTED_EDGE('',*,*,#2587,.T.);
#2587 = EDGE_CURVE('',#2565,#2588,#2590,.T.);
#2588 = VERTEX_POINT('',#2589);
#2589 = CARTESIAN_POINT('',(-7.52434358843,11.007362596964,5.50000005));
#2590 = SURFACE_CURVE('',#2591,(#2596,#2603),.PCURVE_S1.);
#2591 = CIRCLE('',#2592,13.333333333333);
#2592 = AXIS2_PLACEMENT_3D('',#2593,#2594,#2595);
#2593 = CARTESIAN_POINT('',(2.415845301584E-13,-2.30926389122E-12,
    5.50000005));
#2594 = DIRECTION('',(0.,0.,1.));
#2595 = DIRECTION('',(-1.,0.,0.));
#2596 = PCURVE('',#73,#2597);
#2597 = DEFINITIONAL_REPRESENTATION('',(#2598),#2602);
#2598 = CIRCLE('',#2599,13.333333333333);
#2599 = AXIS2_PLACEMENT_2D('',#2600,#2601);
#2600 = CARTESIAN_POINT('',(0.,0.));
#2601 = DIRECTION('',(1.,0.));
#2602 = ( GEOMETRIC_REPRESENTATION_CONTEXT(2) 
PARAMETRIC_REPRESENTATION_CONTEXT() REPRESENTATION_CONTEXT('2D SPACE',''
  ) );
#2603 = PCURVE('',#1355,#2604);
#2604 = DEFINITIONAL_REPRESENTATION('',(#2605),#2609);
#2605 = LINE('',#2606,#2607);
#2606 = CARTESIAN_POINT('',(0.,28.));
#2607 = VECTOR('',#2608,1.);
#2608 = DIRECTION('',(1.,0.));
#2609 = ( GEOMETRIC_REPRESENTATION_CONTEXT(2) 
PARAMETRIC_REPRESENTATION_CONTEXT() REPRESENTATION_CONTEXT('2D SPACE',''
  ) );
#2610 = ORIENTED_EDGE('',*,*,#2611,.F.);
#2611 = EDGE_CURVE('',#2612,#2588,#2614,.T.);
#2612 = VERTEX_POINT('',#2613);
#2613 = CARTESIAN_POINT('',(-7.36276104919,10.9277343575,5.50000005));
#2614 = SURFACE_CURVE('',#2615,(#2619,#2626),.PCURVE_S1.);
#2615 = LINE('',#2616,#2617);
#2616 = CARTESIAN_POINT('',(-7.36276104919,10.9277343575,5.50000005));
#2617 = VECTOR('',#2618,1.);
#2618 = DIRECTION('',(-0.89699481394,0.442041065699,0.));
#2619 = PCURVE('',#73,#2620);
#2620 = DEFINITIONAL_REPRESENTATION('',(#2621),#2625);
#2621 = LINE('',#2622,#2623);
#2622 = CARTESIAN_POINT('',(7.36276104919,-10.9277343575));
#2623 = VECTOR('',#2624,1.);
#2624 = DIRECTION('',(0.89699481394,-0.442041065699));
#2625 = ( GEOMETRIC_REPRESENTATION_CONTEXT(2) 
PARAMETRIC_REPRESENTATION_CONTEXT() REPRESENTATION_CONTEXT('2D SPACE',''
  ) );
#2626 = PCURVE('',#2627,#2632);
#2627 = PLANE('',#2628);
#2628 = AXIS2_PLACEMENT_3D('',#2629,#2630,#2631);
#2629 = CARTESIAN_POINT('',(2.415845301584E-13,-2.30926389122E-12,
    5.50000005));
#2630 = DIRECTION('',(0.,0.,1.));
#2631 = DIRECTION('',(-1.,0.,0.));
#2632 = DEFINITIONAL_REPRESENTATION('',(#2633),#2637);
#2633 = LINE('',#2634,#2635);
#2634 = CARTESIAN_POINT('',(7.36276104919,-10.9277343575));
#2635 = VECTOR('',#2636,1.);
#2636 = DIRECTION('',(0.89699481394,-0.442041065699));
#2637 = ( GEOMETRIC_REPRESENTATION_CONTEXT(2) 
PARAMETRIC_REPRESENTATION_CONTEXT() REPRESENTATION_CONTEXT('2D SPACE',''
  ) );
#2638 = ORIENTED_EDGE('',*,*,#2639,.F.);
#2639 = EDGE_CURVE('',#2640,#2612,#2642,.T.);
#2640 = VERTEX_POINT('',#2641);
#2641 = CARTESIAN_POINT('',(-10.92773435751,7.362761049188,5.50000005));
#2642 = SURFACE_CURVE('',#2643,(#2647,#2654),.PCURVE_S1.);
#2643 = LINE('',#2644,#2645);
#2644 = CARTESIAN_POINT('',(-10.92773435751,7.362761049188,5.50000005));
#2645 = VECTOR('',#2646,1.);
#2646 = DIRECTION('',(0.707106781187,0.707106781187,0.));
#2647 = PCURVE('',#73,#2648);
#2648 = DEFINITIONAL_REPRESENTATION('',(#2649),#2653);
#2649 = LINE('',#2650,#2651);
#2650 = CARTESIAN_POINT('',(10.92773435751,-7.36276104919));
#2651 = VECTOR('',#2652,1.);
#2652 = DIRECTION('',(-0.707106781187,-0.707106781187));
#2653 = ( GEOMETRIC_REPRESENTATION_CONTEXT(2) 
PARAMETRIC_REPRESENTATION_CONTEXT() REPRESENTATION_CONTEXT('2D SPACE',''
  ) );
#2654 = PCURVE('',#2627,#2655);
#2655 = DEFINITIONAL_REPRESENTATION('',(#2656),#2660);
#2656 = LINE('',#2657,#2658);
#2657 = CARTESIAN_POINT('',(10.92773435751,-7.36276104919));
#2658 = VECTOR('',#2659,1.);
#2659 = DIRECTION('',(-0.707106781187,-0.707106781187));
#2660 = ( GEOMETRIC_REPRESENTATION_CONTEXT(2) 
PARAMETRIC_REPRESENTATION_CONTEXT() REPRESENTATION_CONTEXT('2D SPACE',''
  ) );
#2661 = ORIENTED_EDGE('',*,*,#2662,.F.);
#2662 = EDGE_CURVE('',#2663,#2640,#2665,.T.);
#2663 = VERTEX_POINT('',#2664);
#2664 = CARTESIAN_POINT('',(-11.00736259697,7.524343588424,5.50000005));
#2665 = SURFACE_CURVE('',#2666,(#2670,#2677),.PCURVE_S1.);
#2666 = LINE('',#2667,#2668);
#2667 = CARTESIAN_POINT('',(-13.73543860198,13.060186790357,5.50000005)
  );
#2668 = VECTOR('',#2669,1.);
#2669 = DIRECTION('',(0.442041065699,-0.89699481394,0.));
#2670 = PCURVE('',#73,#2671);
#2671 = DEFINITIONAL_REPRESENTATION('',(#2672),#2676);
#2672 = LINE('',#2673,#2674);
#2673 = CARTESIAN_POINT('',(13.73543860198,-13.06018679035));
#2674 = VECTOR('',#2675,1.);
#2675 = DIRECTION('',(-0.442041065699,0.89699481394));
#2676 = ( GEOMETRIC_REPRESENTATION_CONTEXT(2) 
PARAMETRIC_REPRESENTATION_CONTEXT() REPRESENTATION_CONTEXT('2D SPACE',''
  ) );
#2677 = PCURVE('',#2627,#2678);
#2678 = DEFINITIONAL_REPRESENTATION('',(#2679),#2683);
#2679 = LINE('',#2680,#2681);
#2680 = CARTESIAN_POINT('',(13.73543860198,-13.06018679035));
#2681 = VECTOR('',#2682,1.);
#2682 = DIRECTION('',(-0.442041065699,0.89699481394));
#2683 = ( GEOMETRIC_REPRESENTATION_CONTEXT(2) 
PARAMETRIC_REPRESENTATION_CONTEXT() REPRESENTATION_CONTEXT('2D SPACE',''
  ) );
#2684 = ORIENTED_EDGE('',*,*,#2685,.T.);
#2685 = EDGE_CURVE('',#2663,#2686,#2688,.T.);
#2686 = VERTEX_POINT('',#2687);
#2687 = CARTESIAN_POINT('',(-12.01995399287,5.770483843425,5.50000005));
#2688 = SURFACE_CURVE('',#2689,(#2694,#2701),.PCURVE_S1.);
#2689 = CIRCLE('',#2690,13.333333333333);
#2690 = AXIS2_PLACEMENT_3D('',#2691,#2692,#2693);
#2691 = CARTESIAN_POINT('',(2.415845301584E-13,-2.30926389122E-12,
    5.50000005));
#2692 = DIRECTION('',(0.,0.,1.));
#2693 = DIRECTION('',(-1.,0.,0.));
#2694 = PCURVE('',#73,#2695);
#2695 = DEFINITIONAL_REPRESENTATION('',(#2696),#2700);
#2696 = CIRCLE('',#2697,13.333333333333);
#2697 = AXIS2_PLACEMENT_2D('',#2698,#2699);
#2698 = CARTESIAN_POINT('',(0.,0.));
#2699 = DIRECTION('',(1.,0.));
#2700 = ( GEOMETRIC_REPRESENTATION_CONTEXT(2) 
PARAMETRIC_REPRESENTATION_CONTEXT() REPRESENTATION_CONTEXT('2D SPACE',''
  ) );
#2701 = PCURVE('',#1458,#2702);
#2702 = DEFINITIONAL_REPRESENTATION('',(#2703),#2707);
#2703 = LINE('',#2704,#2705);
#2704 = CARTESIAN_POINT('',(0.,28.));
#2705 = VECTOR('',#2706,1.);
#2706 = DIRECTION('',(1.,0.));
#2707 = ( GEOMETRIC_REPRESENTATION_CONTEXT(2) 
PARAMETRIC_REPRESENTATION_CONTEXT() REPRESENTATION_CONTEXT('2D SPACE',''
  ) );
#2708 = ORIENTED_EDGE('',*,*,#2709,.F.);
#2709 = EDGE_CURVE('',#2710,#2686,#2712,.T.);
#2710 = VERTEX_POINT('',#2711);
#2711 = CARTESIAN_POINT('',(-11.84020528935,5.782315034808,5.50000005));
#2712 = SURFACE_CURVE('',#2713,(#2717,#2724),.PCURVE_S1.);
#2713 = LINE('',#2714,#2715);
#2714 = CARTESIAN_POINT('',(-11.84020528935,5.782315034808,5.50000005));
#2715 = VECTOR('',#2716,1.);
#2716 = DIRECTION('',(-0.997840828785,-6.567861455864E-02,0.));
#2717 = PCURVE('',#73,#2718);
#2718 = DEFINITIONAL_REPRESENTATION('',(#2719),#2723);
#2719 = LINE('',#2720,#2721);
#2720 = CARTESIAN_POINT('',(11.84020528935,-5.78231503481));
#2721 = VECTOR('',#2722,1.);
#2722 = DIRECTION('',(0.997840828785,6.567861455864E-02));
#2723 = ( GEOMETRIC_REPRESENTATION_CONTEXT(2) 
PARAMETRIC_REPRESENTATION_CONTEXT() REPRESENTATION_CONTEXT('2D SPACE',''
  ) );
#2724 = PCURVE('',#2725,#2730);
#2725 = PLANE('',#2726);
#2726 = AXIS2_PLACEMENT_3D('',#2727,#2728,#2729);
#2727 = CARTESIAN_POINT('',(2.415845301584E-13,-2.30926389122E-12,
    5.50000005));
#2728 = DIRECTION('',(0.,0.,1.));
#2729 = DIRECTION('',(-1.,0.,0.));
#2730 = DEFINITIONAL_REPRESENTATION('',(#2731),#2735);
#2731 = LINE('',#2732,#2733);
#2732 = CARTESIAN_POINT('',(11.84020528935,-5.78231503481));
#2733 = VECTOR('',#2734,1.);
#2734 = DIRECTION('',(0.997840828785,6.567861455864E-02));
#2735 = ( GEOMETRIC_REPRESENTATION_CONTEXT(2) 
PARAMETRIC_REPRESENTATION_CONTEXT() REPRESENTATION_CONTEXT('2D SPACE',''
  ) );
#2736 = ORIENTED_EDGE('',*,*,#2737,.F.);
#2737 = EDGE_CURVE('',#2738,#2710,#2740,.T.);
#2738 = VERTEX_POINT('',#2739);
#2739 = CARTESIAN_POINT('',(-13.145076084,0.91247093184,5.50000005));
#2740 = SURFACE_CURVE('',#2741,(#2745,#2752),.PCURVE_S1.);
#2741 = LINE('',#2742,#2743);
#2742 = CARTESIAN_POINT('',(-13.145076084,0.91247093184,5.50000005));
#2743 = VECTOR('',#2744,1.);
#2744 = DIRECTION('',(0.258819045103,0.965925826289,0.));
#2745 = PCURVE('',#73,#2746);
#2746 = DEFINITIONAL_REPRESENTATION('',(#2747),#2751);
#2747 = LINE('',#2748,#2749);
#2748 = CARTESIAN_POINT('',(13.145076084,-0.912470931842));
#2749 = VECTOR('',#2750,1.);
#2750 = DIRECTION('',(-0.258819045103,-0.965925826289));
#2751 = ( GEOMETRIC_REPRESENTATION_CONTEXT(2) 
PARAMETRIC_REPRESENTATION_CONTEXT() REPRESENTATION_CONTEXT('2D SPACE',''
  ) );
#2752 = PCURVE('',#2725,#2753);
#2753 = DEFINITIONAL_REPRESENTATION('',(#2754),#2758);
#2754 = LINE('',#2755,#2756);
#2755 = CARTESIAN_POINT('',(13.145076084,-0.912470931842));
#2756 = VECTOR('',#2757,1.);
#2757 = DIRECTION('',(-0.258819045103,-0.965925826289));
#2758 = ( GEOMETRIC_REPRESENTATION_CONTEXT(2) 
PARAMETRIC_REPRESENTATION_CONTEXT() REPRESENTATION_CONTEXT('2D SPACE',''
  ) );
#2759 = ORIENTED_EDGE('',*,*,#2760,.F.);
#2760 = EDGE_CURVE('',#57,#2738,#2761,.T.);
#2761 = SURFACE_CURVE('',#2762,(#2766,#2773),.PCURVE_S1.);
#2762 = LINE('',#2763,#2764);
#2763 = CARTESIAN_POINT('',(-18.42533215661,4.442734237632,5.50000005));
#2764 = VECTOR('',#2765,1.);
#2765 = DIRECTION('',(0.831316199382,-0.555799763085,0.));
#2766 = PCURVE('',#73,#2767);
#2767 = DEFINITIONAL_REPRESENTATION('',(#2768),#2772);
#2768 = LINE('',#2769,#2770);
#2769 = CARTESIAN_POINT('',(18.42533215661,-4.442734237634));
#2770 = VECTOR('',#2771,1.);
#2771 = DIRECTION('',(-0.831316199382,0.555799763085));
#2772 = ( GEOMETRIC_REPRESENTATION_CONTEXT(2) 
PARAMETRIC_REPRESENTATION_CONTEXT() REPRESENTATION_CONTEXT('2D SPACE',''
  ) );
#2773 = PCURVE('',#2725,#2774);
#2774 = DEFINITIONAL_REPRESENTATION('',(#2775),#2779);
#2775 = LINE('',#2776,#2777);
#2776 = CARTESIAN_POINT('',(18.42533215661,-4.442734237634));
#2777 = VECTOR('',#2778,1.);
#2778 = DIRECTION('',(-0.831316199382,0.555799763085));
#2779 = ( GEOMETRIC_REPRESENTATION_CONTEXT(2) 
PARAMETRIC_REPRESENTATION_CONTEXT() REPRESENTATION_CONTEXT('2D SPACE',''
  ) );
#2780 = FACE_BOUND('',#2781,.T.);
#2781 = EDGE_LOOP('',(#2782));
#2782 = ORIENTED_EDGE('',*,*,#2783,.F.);
#2783 = EDGE_CURVE('',#2784,#2784,#2786,.T.);
#2784 = VERTEX_POINT('',#2785);
#2785 = CARTESIAN_POINT('',(-12.5052631579,-2.306200985121E-12,
    5.50000005));
#2786 = SURFACE_CURVE('',#2787,(#2792,#2799),.PCURVE_S1.);
#2787 = CIRCLE('',#2788,12.505263157895);
#2788 = AXIS2_PLACEMENT_3D('',#2789,#2790,#2791);
#2789 = CARTESIAN_POINT('',(2.415845301584E-13,-2.30926389122E-12,
    5.50000005));
#2790 = DIRECTION('',(0.,0.,1.));
#2791 = DIRECTION('',(-1.,0.,0.));
#2792 = PCURVE('',#73,#2793);
#2793 = DEFINITIONAL_REPRESENTATION('',(#2794),#2798);
#2794 = CIRCLE('',#2795,12.505263157895);
#2795 = AXIS2_PLACEMENT_2D('',#2796,#2797);
#2796 = CARTESIAN_POINT('',(0.,0.));
#2797 = DIRECTION('',(1.,0.));
#2798 = ( GEOMETRIC_REPRESENTATION_CONTEXT(2) 
PARAMETRIC_REPRESENTATION_CONTEXT() REPRESENTATION_CONTEXT('2D SPACE',''
  ) );
#2799 = PCURVE('',#2800,#2805);
#2800 = CYLINDRICAL_SURFACE('',#2801,12.505263157895);
#2801 = AXIS2_PLACEMENT_3D('',#2802,#2803,#2804);
#2802 = CARTESIAN_POINT('',(2.415845301584E-13,-2.30926389122E-12,
    4.50000005));
#2803 = DIRECTION('',(0.,0.,1.));
#2804 = DIRECTION('',(-1.,0.,0.));
#2805 = DEFINITIONAL_REPRESENTATION('',(#2806),#2810);
#2806 = LINE('',#2807,#2808);
#2807 = CARTESIAN_POINT('',(0.,1.));
#2808 = VECTOR('',#2809,1.);
#2809 = DIRECTION('',(1.,0.));
#2810 = ( GEOMETRIC_REPRESENTATION_CONTEXT(2) 
PARAMETRIC_REPRESENTATION_CONTEXT() REPRESENTATION_CONTEXT('2D SPACE',''
  ) );
#2811 = ADVANCED_FACE('',(#2812),#301,.T.);
#2812 = FACE_BOUND('',#2813,.T.);
#2813 = EDGE_LOOP('',(#2814,#2815,#2842,#2869));
#2814 = ORIENTED_EDGE('',*,*,#249,.F.);
#2815 = ORIENTED_EDGE('',*,*,#2816,.T.);
#2816 = EDGE_CURVE('',#226,#2817,#2819,.T.);
#2817 = VERTEX_POINT('',#2818);
#2818 = CARTESIAN_POINT('',(-11.9764659018,-2.887777254464,-22.49999995)
  );
#2819 = SURFACE_CURVE('',#2820,(#2824,#2830),.PCURVE_S1.);
#2820 = LINE('',#2821,#2822);
#2821 = CARTESIAN_POINT('',(-8.40906983892,-0.556871439385,-22.49999995)
  );
#2822 = VECTOR('',#2823,1.);
#2823 = DIRECTION('',(-0.837143951341,-0.546982636592,0.));
#2824 = PCURVE('',#301,#2825);
#2825 = DEFINITIONAL_REPRESENTATION('',(#2826),#2829);
#2826 = B_SPLINE_CURVE_WITH_KNOTS('',1,(#2827,#2828),.UNSPECIFIED.,.F.,
  .F.,(2,2),(0.,4.261389044455),.PIECEWISE_BEZIER_KNOTS.);
#2827 = CARTESIAN_POINT('',(0.,0.));
#2828 = CARTESIAN_POINT('',(6.351681919032,0.));
#2829 = ( GEOMETRIC_REPRESENTATION_CONTEXT(2) 
PARAMETRIC_REPRESENTATION_CONTEXT() REPRESENTATION_CONTEXT('2D SPACE',''
  ) );
#2830 = PCURVE('',#2831,#2836);
#2831 = PLANE('',#2832);
#2832 = AXIS2_PLACEMENT_3D('',#2833,#2834,#2835);
#2833 = CARTESIAN_POINT('',(-7.5609038224,-3.722270106314,-22.49999995)
  );
#2834 = DIRECTION('',(0.,0.,-1.));
#2835 = DIRECTION('',(-0.982606148504,0.185701795687,0.));
#2836 = DEFINITIONAL_REPRESENTATION('',(#2837),#2841);
#2837 = LINE('',#2838,#2839);
#2838 = CARTESIAN_POINT('',(1.421233359299,2.952834240283));
#2839 = VECTOR('',#2840,1.);
#2840 = DIRECTION('',(0.721007135946,-0.692927636853));
#2841 = ( GEOMETRIC_REPRESENTATION_CONTEXT(2) 
PARAMETRIC_REPRESENTATION_CONTEXT() REPRESENTATION_CONTEXT('2D SPACE',''
  ) );
#2842 = ORIENTED_EDGE('',*,*,#2843,.T.);
#2843 = EDGE_CURVE('',#2817,#2844,#2846,.T.);
#2844 = VERTEX_POINT('',#2845);
#2845 = CARTESIAN_POINT('',(-18.42533215661,-4.442734237636,5.50000005)
  );
#2846 = SURFACE_CURVE('',#2847,(#2850,#2857),.PCURVE_S1.);
#2847 = B_SPLINE_CURVE_WITH_KNOTS('',1,(#2848,#2849),.UNSPECIFIED.,.F.,
  .F.,(2,2),(0.,1.),.PIECEWISE_BEZIER_KNOTS.);
#2848 = CARTESIAN_POINT('',(-11.9764659018,-2.887777254464,-22.49999995)
  );
#2849 = CARTESIAN_POINT('',(-18.42533215661,-4.442734237636,5.50000005)
  );
#2850 = PCURVE('',#301,#2851);
#2851 = DEFINITIONAL_REPRESENTATION('',(#2852),#2856);
#2852 = LINE('',#2853,#2854);
#2853 = CARTESIAN_POINT('',(6.351681919032,0.));
#2854 = VECTOR('',#2855,1.);
#2855 = DIRECTION('',(0.,1.));
#2856 = ( GEOMETRIC_REPRESENTATION_CONTEXT(2) 
PARAMETRIC_REPRESENTATION_CONTEXT() REPRESENTATION_CONTEXT('2D SPACE',''
  ) );
#2857 = PCURVE('',#2858,#2863);
#2858 = B_SPLINE_SURFACE_WITH_KNOTS('',1,1,(
    (#2859,#2860)
    ,(#2861,#2862
    )),.UNSPECIFIED.,.F.,.F.,.F.,(2,2),(2,2),(0.,0.954950270002),(0.,1.)
  ,.PIECEWISE_BEZIER_KNOTS.);
#2859 = CARTESIAN_POINT('',(-11.9764659018,-2.887777254464,-22.49999995)
  );
#2860 = CARTESIAN_POINT('',(-18.42533215661,-4.442734237636,5.50000005)
  );
#2861 = CARTESIAN_POINT('',(-11.81581234575,-3.487344488065,-22.49999995
    ));
#2862 = CARTESIAN_POINT('',(-18.17817283961,-5.365145366253,5.50000005)
  );
#2863 = DEFINITIONAL_REPRESENTATION('',(#2864),#2868);
#2864 = LINE('',#2865,#2866);
#2865 = CARTESIAN_POINT('',(0.,0.));
#2866 = VECTOR('',#2867,1.);
#2867 = DIRECTION('',(0.,1.));
#2868 = ( GEOMETRIC_REPRESENTATION_CONTEXT(2) 
PARAMETRIC_REPRESENTATION_CONTEXT() REPRESENTATION_CONTEXT('2D SPACE',''
  ) );
#2869 = ORIENTED_EDGE('',*,*,#2870,.F.);
#2870 = EDGE_CURVE('',#201,#2844,#2871,.T.);
#2871 = SURFACE_CURVE('',#2872,(#2876,#2883),.PCURVE_S1.);
#2872 = LINE('',#2873,#2874);
#2873 = CARTESIAN_POINT('',(-13.145076084,-0.912470931844,5.50000005));
#2874 = VECTOR('',#2875,1.);
#2875 = DIRECTION('',(-0.831316199382,-0.555799763085,0.));
#2876 = PCURVE('',#301,#2877);
#2877 = DEFINITIONAL_REPRESENTATION('',(#2878),#2882);
#2878 = LINE('',#2879,#2880);
#2879 = CARTESIAN_POINT('',(0.,1.));
#2880 = VECTOR('',#2881,1.);
#2881 = DIRECTION('',(1.,0.));
#2882 = ( GEOMETRIC_REPRESENTATION_CONTEXT(2) 
PARAMETRIC_REPRESENTATION_CONTEXT() REPRESENTATION_CONTEXT('2D SPACE',''
  ) );
#2883 = PCURVE('',#2884,#2889);
#2884 = PLANE('',#2885);
#2885 = AXIS2_PLACEMENT_3D('',#2886,#2887,#2888);
#2886 = CARTESIAN_POINT('',(-11.84020528935,-5.782315034812,5.50000005)
  );
#2887 = DIRECTION('',(0.,0.,-1.));
#2888 = DIRECTION('',(-0.979929890955,0.199342441074,0.));
#2889 = DEFINITIONAL_REPRESENTATION('',(#2890),#2894);
#2890 = LINE('',#2891,#2892);
#2891 = CARTESIAN_POINT('',(2.249448506647,4.511989671297));
#2892 = VECTOR('',#2893,1.);
#2893 = DIRECTION('',(0.703837111088,-0.710361401722));
#2894 = ( GEOMETRIC_REPRESENTATION_CONTEXT(2) 
PARAMETRIC_REPRESENTATION_CONTEXT() REPRESENTATION_CONTEXT('2D SPACE',''
  ) );
#2895 = ADVANCED_FACE('',(#2896),#1486,.F.);
#2896 = FACE_BOUND('',#2897,.F.);
#2897 = EDGE_LOOP('',(#2898,#2924,#2925,#2926));
#2898 = ORIENTED_EDGE('',*,*,#2899,.T.);
#2899 = EDGE_CURVE('',#1442,#86,#2900,.T.);
#2900 = SURFACE_CURVE('',#2901,(#2906,#2913),.PCURVE_S1.);
#2901 = CIRCLE('',#2902,8.666666666667);
#2902 = AXIS2_PLACEMENT_3D('',#2903,#2904,#2905);
#2903 = CARTESIAN_POINT('',(2.415845301584E-13,-2.30926389122E-12,
    -22.49999995));
#2904 = DIRECTION('',(0.,0.,1.));
#2905 = DIRECTION('',(-1.,0.,0.));
#2906 = PCURVE('',#1486,#2907);
#2907 = DEFINITIONAL_REPRESENTATION('',(#2908),#2912);
#2908 = CIRCLE('',#2909,8.666666666667);
#2909 = AXIS2_PLACEMENT_2D('',#2910,#2911);
#2910 = CARTESIAN_POINT('',(0.,0.));
#2911 = DIRECTION('',(1.,0.));
#2912 = ( GEOMETRIC_REPRESENTATION_CONTEXT(2) 
PARAMETRIC_REPRESENTATION_CONTEXT() REPRESENTATION_CONTEXT('2D SPACE',''
  ) );
#2913 = PCURVE('',#1560,#2914);
#2914 = DEFINITIONAL_REPRESENTATION('',(#2915),#2923);
#2915 = ( BOUNDED_CURVE() B_SPLINE_CURVE(2,(#2916,#2917,#2918,#2919,
#2920,#2921,#2922),.UNSPECIFIED.,.T.,.F.) B_SPLINE_CURVE_WITH_KNOTS((1,2
    ,2,2,2,1),(-2.094395102393,0.,2.094395102393,4.188790204786,
6.28318530718,8.377580409573),.UNSPECIFIED.) CURVE() 
GEOMETRIC_REPRESENTATION_ITEM() RATIONAL_B_SPLINE_CURVE((1.,0.5,1.,0.5,
1.,0.5,1.)) REPRESENTATION_ITEM('') );
#2916 = CARTESIAN_POINT('',(-0.167863106167,-0.590155829636));
#2917 = CARTESIAN_POINT('',(-9.956989466598,-11.97024099772));
#2918 = CARTESIAN_POINT('',(-14.91786913917,2.19743369531));
#2919 = CARTESIAN_POINT('',(-19.87874881175,16.365108388341));
#2920 = CARTESIAN_POINT('',(-5.128742778744,13.577518863395));
#2921 = CARTESIAN_POINT('',(9.621263254264,10.789929338449));
#2922 = CARTESIAN_POINT('',(-0.167863106167,-0.590155829636));
#2923 = ( GEOMETRIC_REPRESENTATION_CONTEXT(2) 
PARAMETRIC_REPRESENTATION_CONTEXT() REPRESENTATION_CONTEXT('2D SPACE',''
  ) );
#2924 = ORIENTED_EDGE('',*,*,#1521,.T.);
#2925 = ORIENTED_EDGE('',*,*,#1498,.T.);
#2926 = ORIENTED_EDGE('',*,*,#1470,.T.);
#2927 = ADVANCED_FACE('',(#2928),#1458,.T.);
#2928 = FACE_BOUND('',#2929,.T.);
#2929 = EDGE_LOOP('',(#2930,#3013,#3014,#3097));
#2930 = ORIENTED_EDGE('',*,*,#2931,.T.);
#2931 = EDGE_CURVE('',#1442,#2686,#2932,.T.);
#2932 = SURFACE_CURVE('',#2933,(#2956,#2982),.PCURVE_S1.);
#2933 = B_SPLINE_CURVE_WITH_KNOTS('',5,(#2934,#2935,#2936,#2937,#2938,
    #2939,#2940,#2941,#2942,#2943,#2944,#2945,#2946,#2947,#2948,#2949,
    #2950,#2951,#2952,#2953,#2954,#2955),.UNSPECIFIED.,.F.,.F.,(6,4,4,4,
    4,6),(0.,0.231011658054,0.462017731493,0.693020452554,0.923021079772
    ,1.),.UNSPECIFIED.);
#2934 = CARTESIAN_POINT('',(-7.8337565205,3.707205131719,-22.49999995));
#2935 = CARTESIAN_POINT('',(-8.02722984276,3.80241695653,-21.206358874)
  );
#2936 = CARTESIAN_POINT('',(-8.22069291455,3.897648762589,
    -19.91271266995));
#2937 = CARTESIAN_POINT('',(-8.41414679543,3.992898311848,
    -18.61906225201));
#2938 = CARTESIAN_POINT('',(-8.60759232802,4.088163851588,
    -17.32540829409));
#2939 = CARTESIAN_POINT('',(-8.99446346518,4.278721677716,
    -14.73812553193));
#2940 = CARTESIAN_POINT('',(-9.18788907096,4.374013957321,
    -13.44449674075));
#2941 = CARTESIAN_POINT('',(-9.3813077597,4.46931931501,-12.15086538908)
  );
#2942 = CARTESIAN_POINT('',(-9.57472013227,4.564636543045,
    -10.85723185506));
#2943 = CARTESIAN_POINT('',(-9.96153042664,4.755291405703,-8.26997973524
    ));
#2944 = CARTESIAN_POINT('',(-10.15492835201,4.850629031136,
    -6.976361156864));
#2945 = CARTESIAN_POINT('',(-10.34832095555,4.94597655978,
    -5.682740950378));
#2946 = CARTESIAN_POINT('',(-10.5417086639,5.041333155635,
    -4.389119335511));
#2947 = CARTESIAN_POINT('',(-10.92763610387,5.231649408032,
    -1.807485372464));
#2948 = CARTESIAN_POINT('',(-11.12017587689,5.326608986928,
    -0.519473038641));
#2949 = CARTESIAN_POINT('',(-11.31271150622,5.421576181589,
    0.768540363178));
#2950 = CARTESIAN_POINT('',(-11.50524329881,5.516550402231,2.05655470087
    ));
#2951 = CARTESIAN_POINT('',(-11.76220879237,5.643320265641,
    3.775655729721));
#2952 = CARTESIAN_POINT('',(-11.82664566916,5.67511010895,4.206741679068
    ));
#2953 = CARTESIAN_POINT('',(-11.89108215531,5.706900664798,
    4.637827717936));
#2954 = CARTESIAN_POINT('',(-11.95551826022,5.738691915285,
    5.068913842697));
#2955 = CARTESIAN_POINT('',(-12.01995399287,5.770483843424,5.50000005));
#2956 = PCURVE('',#1458,#2957);
#2957 = DEFINITIONAL_REPRESENTATION('',(#2958),#2981);
#2958 = B_SPLINE_CURVE_WITH_KNOTS('',5,(#2959,#2960,#2961,#2962,#2963,
    #2964,#2965,#2966,#2967,#2968,#2969,#2970,#2971,#2972,#2973,#2974,
    #2975,#2976,#2977,#2978,#2979,#2980),.UNSPECIFIED.,.F.,.F.,(6,4,4,4,
    4,6),(0.,0.231011658054,0.462017731493,0.693020452554,0.923021079772
    ,1.),.UNSPECIFIED.);
#2959 = CARTESIAN_POINT('',(5.841178311945,0.));
#2960 = CARTESIAN_POINT('',(5.840797263657,1.293641075993));
#2961 = CARTESIAN_POINT('',(5.840437323926,2.587287280049));
#2962 = CARTESIAN_POINT('',(5.840096156644,3.880937697982));
#2963 = CARTESIAN_POINT('',(5.83977192873,5.174591655907));
#2964 = CARTESIAN_POINT('',(5.839154280309,7.761874418065));
#2965 = CARTESIAN_POINT('',(5.838860853539,9.055503209246));
#2966 = CARTESIAN_POINT('',(5.838581308848,10.349134560912));
#2967 = CARTESIAN_POINT('',(5.83831437608,11.64276809494));
#2968 = CARTESIAN_POINT('',(5.837803680739,14.23002021476));
#2969 = CARTESIAN_POINT('',(5.837559908866,15.523638793136));
#2970 = CARTESIAN_POINT('',(5.837326675033,16.817258999622));
#2971 = CARTESIAN_POINT('',(5.837103096563,18.110880614489));
#2972 = CARTESIAN_POINT('',(5.836674722611,20.692514577536));
#2973 = CARTESIAN_POINT('',(5.836469844634,21.980526911359));
#2974 = CARTESIAN_POINT('',(5.836273086115,23.268540313178));
#2975 = CARTESIAN_POINT('',(5.836083822437,24.55655465087));
#2976 = CARTESIAN_POINT('',(5.835840516309,26.275655679721));
#2977 = CARTESIAN_POINT('',(5.835780284781,26.706741629068));
#2978 = CARTESIAN_POINT('',(5.835720813798,27.137827667936));
#2979 = CARTESIAN_POINT('',(5.835662084373,27.568913792697));
#2980 = CARTESIAN_POINT('',(5.835604078476,28.));
#2981 = ( GEOMETRIC_REPRESENTATION_CONTEXT(2) 
PARAMETRIC_REPRESENTATION_CONTEXT() REPRESENTATION_CONTEXT('2D SPACE',''
  ) );
#2982 = PCURVE('',#2983,#2988);
#2983 = B_SPLINE_SURFACE_WITH_KNOTS('',1,1,(
    (#2984,#2985)
    ,(#2986,#2987
    )),.UNSPECIFIED.,.F.,.F.,.F.,(2,2),(2,2),(0.,6.351681919032),(0.,1.)
  ,.PIECEWISE_BEZIER_KNOTS.);
#2984 = CARTESIAN_POINT('',(-7.5609038224,3.72227010631,-22.49999995));
#2985 = CARTESIAN_POINT('',(-11.84020528935,5.782315034808,5.50000005));
#2986 = CARTESIAN_POINT('',(-11.81581234575,3.487344488061,-22.49999995)
  );
#2987 = CARTESIAN_POINT('',(-18.17817283961,5.365145366249,5.50000005));
#2988 = DEFINITIONAL_REPRESENTATION('',(#2989),#3012);
#2989 = B_SPLINE_CURVE_WITH_KNOTS('',5,(#2990,#2991,#2992,#2993,#2994,
    #2995,#2996,#2997,#2998,#2999,#3000,#3001,#3002,#3003,#3004,#3005,
    #3006,#3007,#3008,#3009,#3010,#3011),.UNSPECIFIED.,.F.,.F.,(6,4,4,4,
    4,6),(0.,0.231011658054,0.462017731493,0.693020452554,0.923021079772
    ,1.),.UNSPECIFIED.);
#2990 = CARTESIAN_POINT('',(0.40731158836,1.000048545995E-10));
#2991 = CARTESIAN_POINT('',(0.391774265467,4.620146709974E-02));
#2992 = CARTESIAN_POINT('',(0.377098996607,9.24031168896E-02));
#2993 = CARTESIAN_POINT('',(0.363190233011,0.13860491793));
#2994 = CARTESIAN_POINT('',(0.349973029533,0.184806844854));
#2995 = CARTESIAN_POINT('',(0.32479619408,0.277209800645));
#2996 = CARTESIAN_POINT('',(0.312836305728,0.323410828902));
#2997 = CARTESIAN_POINT('',(0.301443006357,0.369611948604));
#2998 = CARTESIAN_POINT('',(0.290564388727,0.415813146248));
#2999 = CARTESIAN_POINT('',(0.269752615446,0.50821500767));
#3000 = CARTESIAN_POINT('',(0.259819078953,0.554415671183));
#3001 = CARTESIAN_POINT('',(0.250315494604,0.600616392844));
#3002 = CARTESIAN_POINT('',(0.241205806393,0.646817164803));
#3003 = CARTESIAN_POINT('',(0.22375258171,0.739018377769));
#3004 = CARTESIAN_POINT('',(0.215405679375,0.785018818263));
#3005 = CARTESIAN_POINT('',(0.207389952006,0.831019296899));
#3006 = CARTESIAN_POINT('',(0.199679894839,0.87701980896));
#3007 = CARTESIAN_POINT('',(0.189768712533,0.938416274276));
#3008 = CARTESIAN_POINT('',(0.187315190253,0.953812201038));
#3009 = CARTESIAN_POINT('',(0.184892682907,0.969208130998));
#3010 = CARTESIAN_POINT('',(0.182500415324,0.984604064025));
#3011 = CARTESIAN_POINT('',(0.180137651551,1.));
#3012 = ( GEOMETRIC_REPRESENTATION_CONTEXT(2) 
PARAMETRIC_REPRESENTATION_CONTEXT() REPRESENTATION_CONTEXT('2D SPACE',''
  ) );
#3013 = ORIENTED_EDGE('',*,*,#2685,.F.);
#3014 = ORIENTED_EDGE('',*,*,#3015,.F.);
#3015 = EDGE_CURVE('',#1419,#2663,#3016,.T.);
#3016 = SURFACE_CURVE('',#3017,(#3040,#3066),.PCURVE_S1.);
#3017 = B_SPLINE_CURVE_WITH_KNOTS('',5,(#3018,#3019,#3020,#3021,#3022,
    #3023,#3024,#3025,#3026,#3027,#3028,#3029,#3030,#3031,#3032,#3033,
    #3034,#3035,#3036,#3037,#3038,#3039),.UNSPECIFIED.,.F.,.F.,(6,4,4,4,
    4,6),(0.,0.231011658054,0.462017731493,0.693020452554,0.923021079772
    ,1.),.UNSPECIFIED.);
#3018 = CARTESIAN_POINT('',(-7.12741208136,4.930629587951,-22.49999995)
  );
#3019 = CARTESIAN_POINT('',(-7.30660460152,5.050576487576,-21.206358874)
  );
#3020 = CARTESIAN_POINT('',(-7.48580930071,5.170504519413,
    -19.91271266995));
#3021 = CARTESIAN_POINT('',(-7.66502477051,5.290415720086,
    -18.61906225201));
#3022 = CARTESIAN_POINT('',(-7.84424991432,5.410311695688,
    -17.32540829409));
#3023 = CARTESIAN_POINT('',(-8.20271340122,5.650073015396,
    -14.73812553193));
#3024 = CARTESIAN_POINT('',(-8.38195173903,5.769938363941,
    -13.44449674075));
#3025 = CARTESIAN_POINT('',(-8.56119794428,5.88979118311,-12.15086538908
    ));
#3026 = CARTESIAN_POINT('',(-8.74045127146,6.009632597148,
    -10.85723185506));
#3027 = CARTESIAN_POINT('',(-9.09896837306,6.249292707186,-8.26997973524
    ));
#3028 = CARTESIAN_POINT('',(-9.2782321413,6.369111410876,-6.976361156864
    ));
#3029 = CARTESIAN_POINT('',(-9.45750182507,6.488920554126,
    -5.682740950378));
#3030 = CARTESIAN_POINT('',(-9.63677691367,6.608720924407,
    -4.389119335511));
#3031 = CARTESIAN_POINT('',(-9.99455934299,6.847785765239,
    -1.807485372464));
#3032 = CARTESIAN_POINT('',(-10.17306663715,6.967050310467,
    -0.519473038641));
#3033 = CARTESIAN_POINT('',(-10.35157845492,7.086307459274,
    0.768540363178));
#3034 = CARTESIAN_POINT('',(-10.530094439,7.20555777237,2.05655470087));
#3035 = CARTESIAN_POINT('',(-10.76836310792,7.364711485979,3.77565572972
    ));
#3036 = CARTESIAN_POINT('',(-10.82811235821,7.40462053657,4.206741679066
    ));
#3037 = CARTESIAN_POINT('',(-10.88786203025,7.444528892579,
    4.637827717934));
#3038 = CARTESIAN_POINT('',(-10.94761211324,7.484436571112,
    5.068913842698));
#3039 = CARTESIAN_POINT('',(-11.00736259697,7.524343588424,5.50000005));
#3040 = PCURVE('',#1458,#3041);
#3041 = DEFINITIONAL_REPRESENTATION('',(#3042),#3065);
#3042 = B_SPLINE_CURVE_WITH_KNOTS('',5,(#3043,#3044,#3045,#3046,#3047,
    #3048,#3049,#3050,#3051,#3052,#3053,#3054,#3055,#3056,#3057,#3058,
    #3059,#3060,#3061,#3062,#3063,#3064),.UNSPECIFIED.,.F.,.F.,(6,4,4,4,
    4,6),(0.,0.231011658054,0.462017731493,0.693020452554,0.923021079772
    ,1.),.UNSPECIFIED.);
#3043 = CARTESIAN_POINT('',(5.677994751218,0.));
#3044 = CARTESIAN_POINT('',(5.678375799506,1.293641075993));
#3045 = CARTESIAN_POINT('',(5.678735739237,2.587287280049));
#3046 = CARTESIAN_POINT('',(5.679076906519,3.880937697982));
#3047 = CARTESIAN_POINT('',(5.679401134432,5.174591655907));
#3048 = CARTESIAN_POINT('',(5.680018782853,7.761874418064));
#3049 = CARTESIAN_POINT('',(5.680312209623,9.055503209246));
#3050 = CARTESIAN_POINT('',(5.680591754315,10.349134560912));
#3051 = CARTESIAN_POINT('',(5.680858687082,11.64276809494));
#3052 = CARTESIAN_POINT('',(5.681369382424,14.23002021476));
#3053 = CARTESIAN_POINT('',(5.681613154297,15.523638793136));
#3054 = CARTESIAN_POINT('',(5.68184638813,16.817258999622));
#3055 = CARTESIAN_POINT('',(5.6820699666,18.110880614489));
#3056 = CARTESIAN_POINT('',(5.682498340552,20.692514577536));
#3057 = CARTESIAN_POINT('',(5.682703218528,21.980526911359));
#3058 = CARTESIAN_POINT('',(5.682899977048,23.268540313178));
#3059 = CARTESIAN_POINT('',(5.683089240726,24.55655465087));
#3060 = CARTESIAN_POINT('',(5.683332546853,26.27565567972));
#3061 = CARTESIAN_POINT('',(5.683392778381,26.706741629066));
#3062 = CARTESIAN_POINT('',(5.683452249364,27.137827667934));
#3063 = CARTESIAN_POINT('',(5.683510978789,27.568913792698));
#3064 = CARTESIAN_POINT('',(5.683568984686,28.));
#3065 = ( GEOMETRIC_REPRESENTATION_CONTEXT(2) 
PARAMETRIC_REPRESENTATION_CONTEXT() REPRESENTATION_CONTEXT('2D SPACE',''
  ) );
#3066 = PCURVE('',#3067,#3072);
#3067 = B_SPLINE_SURFACE_WITH_KNOTS('',1,1,(
    (#3068,#3069)
    ,(#3070,#3071
    )),.UNSPECIFIED.,.F.,.F.,.F.,(2,2),(2,2),(0.,6.351681919032),(0.,1.)
  ,.PIECEWISE_BEZIER_KNOTS.);
#3068 = CARTESIAN_POINT('',(-8.92803509129,8.489121413731,-22.49999995)
  );
#3069 = CARTESIAN_POINT('',(-13.73543860198,13.060186790357,5.50000005)
  );
#3070 = CARTESIAN_POINT('',(-7.00403238301,4.686799732605,-22.49999995)
  );
#3071 = CARTESIAN_POINT('',(-10.92773435751,7.362761049188,5.50000005));
#3072 = DEFINITIONAL_REPRESENTATION('',(#3073),#3096);
#3073 = B_SPLINE_CURVE_WITH_KNOTS('',5,(#3074,#3075,#3076,#3077,#3078,
    #3079,#3080,#3081,#3082,#3083,#3084,#3085,#3086,#3087,#3088,#3089,
    #3090,#3091,#3092,#3093,#3094,#3095),.UNSPECIFIED.,.F.,.F.,(6,4,4,4,
    4,6),(0.,0.231011658054,0.462017731493,0.693020452554,0.923021079772
    ,1.),.UNSPECIFIED.);
#3074 = CARTESIAN_POINT('',(5.944370330672,1.000048650363E-10));
#3075 = CARTESIAN_POINT('',(5.959907653565,4.620146709975E-02));
#3076 = CARTESIAN_POINT('',(5.974582922425,9.240311688959E-02));
#3077 = CARTESIAN_POINT('',(5.988491686021,0.13860491793));
#3078 = CARTESIAN_POINT('',(6.001708889499,0.184806844854));
#3079 = CARTESIAN_POINT('',(6.026885724952,0.277209800645));
#3080 = CARTESIAN_POINT('',(6.038845613304,0.323410828902));
#3081 = CARTESIAN_POINT('',(6.050238912675,0.369611948604));
#3082 = CARTESIAN_POINT('',(6.061117530306,0.415813146248));
#3083 = CARTESIAN_POINT('',(6.081929303586,0.50821500767));
#3084 = CARTESIAN_POINT('',(6.091862840079,0.554415671183));
#3085 = CARTESIAN_POINT('',(6.101366424428,0.600616392844));
#3086 = CARTESIAN_POINT('',(6.110476112639,0.646817164803));
#3087 = CARTESIAN_POINT('',(6.127929337322,0.739018377769));
#3088 = CARTESIAN_POINT('',(6.136276239657,0.785018818263));
#3089 = CARTESIAN_POINT('',(6.144291967026,0.831019296899));
#3090 = CARTESIAN_POINT('',(6.152002024193,0.87701980896));
#3091 = CARTESIAN_POINT('',(6.161913206499,0.938416274276));
#3092 = CARTESIAN_POINT('',(6.164366728791,0.953812201112));
#3093 = CARTESIAN_POINT('',(6.16678923613,0.969208131032));
#3094 = CARTESIAN_POINT('',(6.169181503693,0.984604063927));
#3095 = CARTESIAN_POINT('',(6.171544267466,0.999999999902));
#3096 = ( GEOMETRIC_REPRESENTATION_CONTEXT(2) 
PARAMETRIC_REPRESENTATION_CONTEXT() REPRESENTATION_CONTEXT('2D SPACE',''
  ) );
#3097 = ORIENTED_EDGE('',*,*,#1441,.T.);
#3098 = ADVANCED_FACE('',(#3099),#1383,.F.);
#3099 = FACE_BOUND('',#3100,.F.);
#3100 = EDGE_LOOP('',(#3101,#3132,#3133,#3134));
#3101 = ORIENTED_EDGE('',*,*,#3102,.T.);
#3102 = EDGE_CURVE('',#1339,#1419,#3103,.T.);
#3103 = SURFACE_CURVE('',#3104,(#3109,#3116),.PCURVE_S1.);
#3104 = CIRCLE('',#3105,8.666666666667);
#3105 = AXIS2_PLACEMENT_3D('',#3106,#3107,#3108);
#3106 = CARTESIAN_POINT('',(2.415845301584E-13,-2.30926389122E-12,
    -22.49999995));
#3107 = DIRECTION('',(0.,0.,1.));
#3108 = DIRECTION('',(-1.,0.,0.));
#3109 = PCURVE('',#1383,#3110);
#3110 = DEFINITIONAL_REPRESENTATION('',(#3111),#3115);
#3111 = CIRCLE('',#3112,8.666666666667);
#3112 = AXIS2_PLACEMENT_2D('',#3113,#3114);
#3113 = CARTESIAN_POINT('',(0.,0.));
#3114 = DIRECTION('',(1.,0.));
#3115 = ( GEOMETRIC_REPRESENTATION_CONTEXT(2) 
PARAMETRIC_REPRESENTATION_CONTEXT() REPRESENTATION_CONTEXT('2D SPACE',''
  ) );
#3116 = PCURVE('',#3117,#3122);
#3117 = PLANE('',#3118);
#3118 = AXIS2_PLACEMENT_3D('',#3119,#3120,#3121);
#3119 = CARTESIAN_POINT('',(-7.00403238301,4.686799732605,-22.49999995)
  );
#3120 = DIRECTION('',(0.,0.,-1.));
#3121 = DIRECTION('',(-0.330480601659,0.943812784363,0.));
#3122 = DEFINITIONAL_REPRESENTATION('',(#3123),#3131);
#3123 = ( BOUNDED_CURVE() B_SPLINE_CURVE(2,(#3124,#3125,#3126,#3127,
#3128,#3129,#3130),.UNSPECIFIED.,.T.,.F.) B_SPLINE_CURVE_WITH_KNOTS((1,2
    ,2,2,2,1),(-2.094395102393,0.,2.094395102393,4.188790204786,
6.28318530718,8.377580409573),.UNSPECIFIED.) CURVE() 
GEOMETRIC_REPRESENTATION_ITEM() RATIONAL_B_SPLINE_CURVE((1.,0.5,1.,0.5,
1.,0.5,1.)) REPRESENTATION_ITEM('') );
#3124 = CARTESIAN_POINT('',(-3.873993126982,-3.118111888123));
#3125 = CARTESIAN_POINT('',(-18.04166782001,-8.078991560697));
#3126 = CARTESIAN_POINT('',(-15.25407829506,6.67101447231));
#3127 = CARTESIAN_POINT('',(-12.46648877011,21.421020505317));
#3128 = CARTESIAN_POINT('',(-1.086403602033,11.631894144884));
#3129 = CARTESIAN_POINT('',(10.29368156605,1.842767784451));
#3130 = CARTESIAN_POINT('',(-3.873993126982,-3.118111888123));
#3131 = ( GEOMETRIC_REPRESENTATION_CONTEXT(2) 
PARAMETRIC_REPRESENTATION_CONTEXT() REPRESENTATION_CONTEXT('2D SPACE',''
  ) );
#3132 = ORIENTED_EDGE('',*,*,#1418,.T.);
#3133 = ORIENTED_EDGE('',*,*,#1395,.T.);
#3134 = ORIENTED_EDGE('',*,*,#1367,.T.);
#3135 = ADVANCED_FACE('',(#3136),#1355,.T.);
#3136 = FACE_BOUND('',#3137,.T.);
#3137 = EDGE_LOOP('',(#3138,#3221,#3222,#3305));
#3138 = ORIENTED_EDGE('',*,*,#3139,.T.);
#3139 = EDGE_CURVE('',#1339,#2588,#3140,.T.);
#3140 = SURFACE_CURVE('',#3141,(#3164,#3190),.PCURVE_S1.);
#3141 = B_SPLINE_CURVE_WITH_KNOTS('',5,(#3142,#3143,#3144,#3145,#3146,
    #3147,#3148,#3149,#3150,#3151,#3152,#3153,#3154,#3155,#3156,#3157,
    #3158,#3159,#3160,#3161,#3162,#3163),.UNSPECIFIED.,.F.,.F.,(6,4,4,4,
    4,6),(0.,0.231011658054,0.462017731493,0.693020452554,0.923021079772
    ,1.),.UNSPECIFIED.);
#3142 = CARTESIAN_POINT('',(-4.93062958796,7.127412081357,-22.49999995)
  );
#3143 = CARTESIAN_POINT('',(-5.05057648758,7.306604601514,-21.206358874)
  );
#3144 = CARTESIAN_POINT('',(-5.17050451942,7.485809300705,
    -19.91271266995));
#3145 = CARTESIAN_POINT('',(-5.29041572009,7.665024770503,
    -18.61906225201));
#3146 = CARTESIAN_POINT('',(-5.41031169569,7.844249914318,
    -17.32540829409));
#3147 = CARTESIAN_POINT('',(-5.6500730154,8.202713401216,-14.73812553193
    ));
#3148 = CARTESIAN_POINT('',(-5.76993836395,8.381951739027,
    -13.44449674075));
#3149 = CARTESIAN_POINT('',(-5.88979118311,8.561197944271,
    -12.15086538908));
#3150 = CARTESIAN_POINT('',(-6.00963259715,8.740451271455,
    -10.85723185506));
#3151 = CARTESIAN_POINT('',(-6.24929270719,9.098968373056,-8.26997973524
    ));
#3152 = CARTESIAN_POINT('',(-6.36911141088,9.2782321413,-6.976361156864)
  );
#3153 = CARTESIAN_POINT('',(-6.48892055413,9.457501825066,
    -5.682740950378));
#3154 = CARTESIAN_POINT('',(-6.60872092441,9.636776913669,
    -4.389119335511));
#3155 = CARTESIAN_POINT('',(-6.84778576524,9.994559342981,
    -1.807485372464));
#3156 = CARTESIAN_POINT('',(-6.96705031047,10.173066637149,
    -0.519473038641));
#3157 = CARTESIAN_POINT('',(-7.08630745928,10.351578454919,
    0.768540363178));
#3158 = CARTESIAN_POINT('',(-7.20555777237,10.530094438993,2.05655470087
    ));
#3159 = CARTESIAN_POINT('',(-7.36471148598,10.768363107918,3.77565572972
    ));
#3160 = CARTESIAN_POINT('',(-7.40462053658,10.828112358203,
    4.206741679068));
#3161 = CARTESIAN_POINT('',(-7.44452889258,10.887862030241,
    4.637827717936));
#3162 = CARTESIAN_POINT('',(-7.48443657112,10.947612113238,
    5.068913842697));
#3163 = CARTESIAN_POINT('',(-7.52434358843,11.007362596964,5.50000005));
#3164 = PCURVE('',#1355,#3165);
#3165 = DEFINITIONAL_REPRESENTATION('',(#3166),#3189);
#3166 = B_SPLINE_CURVE_WITH_KNOTS('',5,(#3167,#3168,#3169,#3170,#3171,
    #3172,#3173,#3174,#3175,#3176,#3177,#3178,#3179,#3180,#3181,#3182,
    #3183,#3184,#3185,#3186,#3187,#3188),.UNSPECIFIED.,.F.,.F.,(6,4,4,4,
    4,6),(0.,0.231011658054,0.462017731493,0.693020452554,0.923021079772
    ,1.),.UNSPECIFIED.);
#3167 = CARTESIAN_POINT('',(5.317579536347,0.));
#3168 = CARTESIAN_POINT('',(5.317198488058,1.293641075993));
#3169 = CARTESIAN_POINT('',(5.316838548327,2.587287280049));
#3170 = CARTESIAN_POINT('',(5.316497381045,3.880937697982));
#3171 = CARTESIAN_POINT('',(5.316173153132,5.174591655907));
#3172 = CARTESIAN_POINT('',(5.315555504711,7.761874418065));
#3173 = CARTESIAN_POINT('',(5.315262077941,9.055503209245));
#3174 = CARTESIAN_POINT('',(5.31498253325,10.349134560912));
#3175 = CARTESIAN_POINT('',(5.314715600482,11.64276809494));
#3176 = CARTESIAN_POINT('',(5.314204905141,14.23002021476));
#3177 = CARTESIAN_POINT('',(5.313961133268,15.523638793136));
#3178 = CARTESIAN_POINT('',(5.313727899435,16.817258999622));
#3179 = CARTESIAN_POINT('',(5.313504320964,18.110880614489));
#3180 = CARTESIAN_POINT('',(5.313075947012,20.692514577536));
#3181 = CARTESIAN_POINT('',(5.312871069036,21.980526911359));
#3182 = CARTESIAN_POINT('',(5.312674310516,23.268540313178));
#3183 = CARTESIAN_POINT('',(5.312485046839,24.55655465087));
#3184 = CARTESIAN_POINT('',(5.312241740711,26.27565567972));
#3185 = CARTESIAN_POINT('',(5.312181509183,26.706741629068));
#3186 = CARTESIAN_POINT('',(5.3121220382,27.137827667936));
#3187 = CARTESIAN_POINT('',(5.312063308775,27.568913792697));
#3188 = CARTESIAN_POINT('',(5.312005302878,28.));
#3189 = ( GEOMETRIC_REPRESENTATION_CONTEXT(2) 
PARAMETRIC_REPRESENTATION_CONTEXT() REPRESENTATION_CONTEXT('2D SPACE',''
  ) );
#3190 = PCURVE('',#3191,#3196);
#3191 = B_SPLINE_SURFACE_WITH_KNOTS('',1,1,(
    (#3192,#3193)
    ,(#3194,#3195
    )),.UNSPECIFIED.,.F.,.F.,.F.,(2,2),(2,2),(0.,6.351681919032),(0.,1.)
  ,.PIECEWISE_BEZIER_KNOTS.);
#3192 = CARTESIAN_POINT('',(-4.68679973261,7.004032383008,-22.49999995)
  );
#3193 = CARTESIAN_POINT('',(-7.36276104919,10.9277343575,5.50000005));
#3194 = CARTESIAN_POINT('',(-8.48912141374,8.928035091281,-22.49999995)
  );
#3195 = CARTESIAN_POINT('',(-13.06018679036,13.735438601971,5.50000005)
  );
#3196 = DEFINITIONAL_REPRESENTATION('',(#3197),#3220);
#3197 = B_SPLINE_CURVE_WITH_KNOTS('',5,(#3198,#3199,#3200,#3201,#3202,
    #3203,#3204,#3205,#3206,#3207,#3208,#3209,#3210,#3211,#3212,#3213,
    #3214,#3215,#3216,#3217,#3218,#3219),.UNSPECIFIED.,.F.,.F.,(6,4,4,4,
    4,6),(0.,0.231011658054,0.462017731493,0.693020452554,0.923021079772
    ,1.),.UNSPECIFIED.);
#3198 = CARTESIAN_POINT('',(0.40731158836,1.000048545995E-10));
#3199 = CARTESIAN_POINT('',(0.391774265467,4.620146709974E-02));
#3200 = CARTESIAN_POINT('',(0.377098996607,9.24031168896E-02));
#3201 = CARTESIAN_POINT('',(0.363190233011,0.13860491793));
#3202 = CARTESIAN_POINT('',(0.349973029533,0.184806844854));
#3203 = CARTESIAN_POINT('',(0.32479619408,0.277209800645));
#3204 = CARTESIAN_POINT('',(0.312836305728,0.323410828902));
#3205 = CARTESIAN_POINT('',(0.301443006357,0.369611948604));
#3206 = CARTESIAN_POINT('',(0.290564388727,0.415813146248));
#3207 = CARTESIAN_POINT('',(0.269752615446,0.50821500767));
#3208 = CARTESIAN_POINT('',(0.259819078953,0.554415671183));
#3209 = CARTESIAN_POINT('',(0.250315494604,0.600616392844));
#3210 = CARTESIAN_POINT('',(0.241205806393,0.646817164803));
#3211 = CARTESIAN_POINT('',(0.22375258171,0.739018377769));
#3212 = CARTESIAN_POINT('',(0.215405679375,0.785018818263));
#3213 = CARTESIAN_POINT('',(0.207389952006,0.831019296899));
#3214 = CARTESIAN_POINT('',(0.199679894839,0.87701980896));
#3215 = CARTESIAN_POINT('',(0.189768712533,0.938416274276));
#3216 = CARTESIAN_POINT('',(0.187315190253,0.953812201038));
#3217 = CARTESIAN_POINT('',(0.184892682907,0.969208130998));
#3218 = CARTESIAN_POINT('',(0.182500415324,0.984604064025));
#3219 = CARTESIAN_POINT('',(0.180137651551,1.));
#3220 = ( GEOMETRIC_REPRESENTATION_CONTEXT(2) 
PARAMETRIC_REPRESENTATION_CONTEXT() REPRESENTATION_CONTEXT('2D SPACE',''
  ) );
#3221 = ORIENTED_EDGE('',*,*,#2587,.F.);
#3222 = ORIENTED_EDGE('',*,*,#3223,.F.);
#3223 = EDGE_CURVE('',#1316,#2565,#3224,.T.);
#3224 = SURFACE_CURVE('',#3225,(#3248,#3274),.PCURVE_S1.);
#3225 = B_SPLINE_CURVE_WITH_KNOTS('',5,(#3226,#3227,#3228,#3229,#3230,
    #3231,#3232,#3233,#3234,#3235,#3236,#3237,#3238,#3239,#3240,#3241,
    #3242,#3243,#3244,#3245,#3246,#3247),.UNSPECIFIED.,.F.,.F.,(6,4,4,4,
    4,6),(0.,0.231011658054,0.462017731493,0.693020452554,0.923021079772
    ,1.),.UNSPECIFIED.);
#3226 = CARTESIAN_POINT('',(-3.70720513172,7.833756520497,-22.49999995)
  );
#3227 = CARTESIAN_POINT('',(-3.80241695653,8.027229842755,-21.206358874)
  );
#3228 = CARTESIAN_POINT('',(-3.89764876259,8.220692914547,
    -19.91271266995));
#3229 = CARTESIAN_POINT('',(-3.99289831185,8.414146795427,
    -18.61906225201));
#3230 = CARTESIAN_POINT('',(-4.08816385159,8.607592328017,
    -17.32540829409));
#3231 = CARTESIAN_POINT('',(-4.27872167772,8.994463465179,
    -14.73812553193));
#3232 = CARTESIAN_POINT('',(-4.37401395733,9.187889070958,
    -13.44449674075));
#3233 = CARTESIAN_POINT('',(-4.46931931501,9.381307759695,
    -12.15086538908));
#3234 = CARTESIAN_POINT('',(-4.56463654305,9.574720132269,
    -10.85723185506));
#3235 = CARTESIAN_POINT('',(-4.75529140571,9.961530426637,-8.26997973524
    ));
#3236 = CARTESIAN_POINT('',(-4.85062903114,10.154928352002,
    -6.976361156864));
#3237 = CARTESIAN_POINT('',(-4.94597655979,10.348320955546,
    -5.682740950378));
#3238 = CARTESIAN_POINT('',(-5.04133315564,10.541708663894,
    -4.389119335511));
#3239 = CARTESIAN_POINT('',(-5.23164940804,10.927636103861,
    -1.807485372464));
#3240 = CARTESIAN_POINT('',(-5.32660898693,11.120175876884,
    -0.519473038641));
#3241 = CARTESIAN_POINT('',(-5.42157618159,11.312711506218,
    0.768540363178));
#3242 = CARTESIAN_POINT('',(-5.51655040224,11.505243298806,2.05655470087
    ));
#3243 = CARTESIAN_POINT('',(-5.64332026565,11.762208792361,
    3.775655729721));
#3244 = CARTESIAN_POINT('',(-5.67511010895,11.826645669156,
    4.206741679068));
#3245 = CARTESIAN_POINT('',(-5.7069006648,11.891082155302,4.637827717936
    ));
#3246 = CARTESIAN_POINT('',(-5.73869191529,11.955518260216,
    5.068913842697));
#3247 = CARTESIAN_POINT('',(-5.77048384343,12.019953992861,5.50000005));
#3248 = PCURVE('',#1355,#3249);
#3249 = DEFINITIONAL_REPRESENTATION('',(#3250),#3273);
#3250 = B_SPLINE_CURVE_WITH_KNOTS('',5,(#3251,#3252,#3253,#3254,#3255,
    #3256,#3257,#3258,#3259,#3260,#3261,#3262,#3263,#3264,#3265,#3266,
    #3267,#3268,#3269,#3270,#3271,#3272),.UNSPECIFIED.,.F.,.F.,(6,4,4,4,
    4,6),(0.,0.231011658054,0.462017731493,0.693020452554,0.923021079772
    ,1.),.UNSPECIFIED.);
#3251 = CARTESIAN_POINT('',(5.154395975619,0.));
#3252 = CARTESIAN_POINT('',(5.154777023908,1.293641075993));
#3253 = CARTESIAN_POINT('',(5.155136963639,2.587287280049));
#3254 = CARTESIAN_POINT('',(5.155478130921,3.880937697982));
#3255 = CARTESIAN_POINT('',(5.155802358834,5.174591655907));
#3256 = CARTESIAN_POINT('',(5.156420007255,7.761874418064));
#3257 = CARTESIAN_POINT('',(5.156713434025,9.055503209245));
#3258 = CARTESIAN_POINT('',(5.156992978716,10.349134560912));
#3259 = CARTESIAN_POINT('',(5.157259911484,11.64276809494));
#3260 = CARTESIAN_POINT('',(5.157770606825,14.23002021476));
#3261 = CARTESIAN_POINT('',(5.158014378698,15.523638793136));
#3262 = CARTESIAN_POINT('',(5.158247612531,16.817258999622));
#3263 = CARTESIAN_POINT('',(5.158471191001,18.110880614489));
#3264 = CARTESIAN_POINT('',(5.158899564954,20.692514577536));
#3265 = CARTESIAN_POINT('',(5.15910444293,21.980526911359));
#3266 = CARTESIAN_POINT('',(5.15930120145,23.268540313178));
#3267 = CARTESIAN_POINT('',(5.159490465127,24.55655465087));
#3268 = CARTESIAN_POINT('',(5.159733771255,26.275655679721));
#3269 = CARTESIAN_POINT('',(5.159794002783,26.706741629068));
#3270 = CARTESIAN_POINT('',(5.159853473766,27.137827667936));
#3271 = CARTESIAN_POINT('',(5.159912203191,27.568913792697));
#3272 = CARTESIAN_POINT('',(5.159970209088,28.));
#3273 = ( GEOMETRIC_REPRESENTATION_CONTEXT(2) 
PARAMETRIC_REPRESENTATION_CONTEXT() REPRESENTATION_CONTEXT('2D SPACE',''
  ) );
#3274 = PCURVE('',#3275,#3280);
#3275 = B_SPLINE_SURFACE_WITH_KNOTS('',1,1,(
    (#3276,#3277)
    ,(#3278,#3279
    )),.UNSPECIFIED.,.F.,.F.,.F.,(2,2),(2,2),(0.,6.351681919032),(0.,1.)
  ,.PIECEWISE_BEZIER_KNOTS.);
#3276 = CARTESIAN_POINT('',(-3.48734448807,11.815812345743,-22.49999995)
  );
#3277 = CARTESIAN_POINT('',(-5.36514536625,18.178172839606,5.50000005));
#3278 = CARTESIAN_POINT('',(-3.72227010632,7.560903822391,-22.49999995)
  );
#3279 = CARTESIAN_POINT('',(-5.78231503481,11.840205289342,5.50000005));
#3280 = DEFINITIONAL_REPRESENTATION('',(#3281),#3304);
#3281 = B_SPLINE_CURVE_WITH_KNOTS('',5,(#3282,#3283,#3284,#3285,#3286,
    #3287,#3288,#3289,#3290,#3291,#3292,#3293,#3294,#3295,#3296,#3297,
    #3298,#3299,#3300,#3301,#3302,#3303),.UNSPECIFIED.,.F.,.F.,(6,4,4,4,
    4,6),(0.,0.231011658054,0.462017731493,0.693020452554,0.923021079772
    ,1.),.UNSPECIFIED.);
#3282 = CARTESIAN_POINT('',(5.944370330672,1.000048650362E-10));
#3283 = CARTESIAN_POINT('',(5.959907653565,4.620146709975E-02));
#3284 = CARTESIAN_POINT('',(5.974582922425,9.240311688959E-02));
#3285 = CARTESIAN_POINT('',(5.988491686021,0.13860491793));
#3286 = CARTESIAN_POINT('',(6.001708889499,0.184806844854));
#3287 = CARTESIAN_POINT('',(6.026885724952,0.277209800645));
#3288 = CARTESIAN_POINT('',(6.038845613304,0.323410828902));
#3289 = CARTESIAN_POINT('',(6.050238912675,0.369611948604));
#3290 = CARTESIAN_POINT('',(6.061117530306,0.415813146248));
#3291 = CARTESIAN_POINT('',(6.081929303586,0.50821500767));
#3292 = CARTESIAN_POINT('',(6.091862840079,0.554415671183));
#3293 = CARTESIAN_POINT('',(6.101366424428,0.600616392844));
#3294 = CARTESIAN_POINT('',(6.110476112639,0.646817164803));
#3295 = CARTESIAN_POINT('',(6.127929337322,0.739018377769));
#3296 = CARTESIAN_POINT('',(6.136276239657,0.785018818263));
#3297 = CARTESIAN_POINT('',(6.144291967026,0.831019296899));
#3298 = CARTESIAN_POINT('',(6.152002024193,0.87701980896));
#3299 = CARTESIAN_POINT('',(6.161913206499,0.938416274276));
#3300 = CARTESIAN_POINT('',(6.164366728779,0.953812201038));
#3301 = CARTESIAN_POINT('',(6.166789236125,0.969208130998));
#3302 = CARTESIAN_POINT('',(6.169181503708,0.984604064025));
#3303 = CARTESIAN_POINT('',(6.171544267482,1.));
#3304 = ( GEOMETRIC_REPRESENTATION_CONTEXT(2) 
PARAMETRIC_REPRESENTATION_CONTEXT() REPRESENTATION_CONTEXT('2D SPACE',''
  ) );
#3305 = ORIENTED_EDGE('',*,*,#1338,.T.);
#3306 = ADVANCED_FACE('',(#3307),#1280,.F.);
#3307 = FACE_BOUND('',#3308,.F.);
#3308 = EDGE_LOOP('',(#3309,#3340,#3341,#3342));
#3309 = ORIENTED_EDGE('',*,*,#3310,.T.);
#3310 = EDGE_CURVE('',#1236,#1316,#3311,.T.);
#3311 = SURFACE_CURVE('',#3312,(#3317,#3324),.PCURVE_S1.);
#3312 = CIRCLE('',#3313,8.666666666667);
#3313 = AXIS2_PLACEMENT_3D('',#3314,#3315,#3316);
#3314 = CARTESIAN_POINT('',(2.415845301584E-13,-2.30926389122E-12,
    -22.49999995));
#3315 = DIRECTION('',(0.,0.,1.));
#3316 = DIRECTION('',(-1.,0.,0.));
#3317 = PCURVE('',#1280,#3318);
#3318 = DEFINITIONAL_REPRESENTATION('',(#3319),#3323);
#3319 = CIRCLE('',#3320,8.666666666667);
#3320 = AXIS2_PLACEMENT_2D('',#3321,#3322);
#3321 = CARTESIAN_POINT('',(0.,0.));
#3322 = DIRECTION('',(1.,0.));
#3323 = ( GEOMETRIC_REPRESENTATION_CONTEXT(2) 
PARAMETRIC_REPRESENTATION_CONTEXT() REPRESENTATION_CONTEXT('2D SPACE',''
  ) );
#3324 = PCURVE('',#3325,#3330);
#3325 = PLANE('',#3326);
#3326 = AXIS2_PLACEMENT_3D('',#3327,#3328,#3329);
#3327 = CARTESIAN_POINT('',(-3.72227010632,7.560903822391,-22.49999995)
  );
#3328 = DIRECTION('',(0.,0.,-1.));
#3329 = DIRECTION('',(0.185701795687,0.982606148504,0.));
#3330 = DEFINITIONAL_REPRESENTATION('',(#3331),#3339);
#3331 = ( BOUNDED_CURVE() B_SPLINE_CURVE(2,(#3332,#3333,#3334,#3335,
#3336,#3337,#3338),.UNSPECIFIED.,.T.,.F.) B_SPLINE_CURVE_WITH_KNOTS((1,2
    ,2,2,2,1),(-2.094395102393,0.,2.094395102393,4.188790204786,
6.28318530718,8.377580409573),.UNSPECIFIED.) CURVE() 
GEOMETRIC_REPRESENTATION_ITEM() RATIONAL_B_SPLINE_CURVE((1.,0.5,1.,0.5,
1.,0.5,1.)) REPRESENTATION_ITEM('') );
#3332 = CARTESIAN_POINT('',(-8.347573903979,-3.454321044005));
#3333 = CARTESIAN_POINT('',(-23.09757993698,-0.666731519053));
#3334 = CARTESIAN_POINT('',(-13.30845357655,10.713353649028));
#3335 = CARTESIAN_POINT('',(-3.519327216115,22.093438817109));
#3336 = CARTESIAN_POINT('',(1.441552456456,7.925764124076));
#3337 = CARTESIAN_POINT('',(6.402432129027,-6.241910568957));
#3338 = CARTESIAN_POINT('',(-8.347573903979,-3.454321044005));
#3339 = ( GEOMETRIC_REPRESENTATION_CONTEXT(2) 
PARAMETRIC_REPRESENTATION_CONTEXT() REPRESENTATION_CONTEXT('2D SPACE',''
  ) );
#3340 = ORIENTED_EDGE('',*,*,#1315,.T.);
#3341 = ORIENTED_EDGE('',*,*,#1292,.T.);
#3342 = ORIENTED_EDGE('',*,*,#1264,.T.);
#3343 = ADVANCED_FACE('',(#3344),#1252,.T.);
#3344 = FACE_BOUND('',#3345,.T.);
#3345 = EDGE_LOOP('',(#3346,#3429,#3430,#3513));
#3346 = ORIENTED_EDGE('',*,*,#3347,.T.);
#3347 = EDGE_CURVE('',#1236,#2490,#3348,.T.);
#3348 = SURFACE_CURVE('',#3349,(#3372,#3398),.PCURVE_S1.);
#3349 = B_SPLINE_CURVE_WITH_KNOTS('',5,(#3350,#3351,#3352,#3353,#3354,
    #3355,#3356,#3357,#3358,#3359,#3360,#3361,#3362,#3363,#3364,#3365,
    #3366,#3367,#3368,#3369,#3370,#3371),.UNSPECIFIED.,.F.,.F.,(6,4,4,4,
    4,6),(0.,0.231011658054,0.462017731493,0.693020452554,0.923021079772
    ,1.),.UNSPECIFIED.);
#3350 = CARTESIAN_POINT('',(-0.70634443914,8.637834719672,-22.49999995)
  );
#3351 = CARTESIAN_POINT('',(-0.72062524124,8.852993444108,-21.206358874)
  );
#3352 = CARTESIAN_POINT('',(-0.73488361384,9.068153282003,
    -19.91271266995));
#3353 = CARTESIAN_POINT('',(-0.74912202493,9.283314031936,
    -18.61906225201));
#3354 = CARTESIAN_POINT('',(-0.7633424137,9.498475547278,-17.32540829409
    ));
#3355 = CARTESIAN_POINT('',(-0.79175006397,9.928794693115,
    -14.73812553193));
#3356 = CARTESIAN_POINT('',(-0.80593733193,10.143952321264,
    -13.44449674075));
#3357 = CARTESIAN_POINT('',(-0.82010981543,10.359110498122,
    -12.15086538908));
#3358 = CARTESIAN_POINT('',(-0.83426886082,10.574269140195,
    -10.85723185506));
#3359 = CARTESIAN_POINT('',(-0.86256205358,11.004584112892,
    -8.26997973524));
#3360 = CARTESIAN_POINT('',(-0.87669621071,11.219740442014,
    -6.976361156864));
#3361 = CARTESIAN_POINT('',(-0.89081913048,11.434897113909,
    -5.682740950378));
#3362 = CARTESIAN_POINT('',(-0.90493175023,11.650054080045,
    -4.389119335511));
#3363 = CARTESIAN_POINT('',(-0.93307676088,12.079435173272,
    -1.807485372464));
#3364 = CARTESIAN_POINT('',(-0.94710923974,12.293659297398,
    -0.519473038641));
#3365 = CARTESIAN_POINT('',(-0.9611330513,12.507883640865,0.768540363178
    ));
#3366 = CARTESIAN_POINT('',(-0.97514885982,12.722108174603,2.05655470087
    ));
#3367 = CARTESIAN_POINT('',(-0.99384568445,13.008031751623,3.77565572972
    ));
#3368 = CARTESIAN_POINT('',(-0.99853331096,13.079730645522,
    4.206741679066));
#3369 = CARTESIAN_POINT('',(-1.00322012506,13.151429557379,
    4.637827717934));
#3370 = CARTESIAN_POINT('',(-1.00790614698,13.223128486399,
    5.068913842698));
#3371 = CARTESIAN_POINT('',(-1.0125913959,13.29482743185,5.50000005));
#3372 = PCURVE('',#1252,#3373);
#3373 = DEFINITIONAL_REPRESENTATION('',(#3374),#3397);
#3374 = B_SPLINE_CURVE_WITH_KNOTS('',5,(#3375,#3376,#3377,#3378,#3379,
    #3380,#3381,#3382,#3383,#3384,#3385,#3386,#3387,#3388,#3389,#3390,
    #3391,#3392,#3393,#3394,#3395,#3396),.UNSPECIFIED.,.F.,.F.,(6,4,4,4,
    4,6),(0.,0.231011658054,0.462017731493,0.693020452554,0.923021079772
    ,1.),.UNSPECIFIED.);
#3375 = CARTESIAN_POINT('',(4.793980760748,0.));
#3376 = CARTESIAN_POINT('',(4.79359971246,1.293641075993));
#3377 = CARTESIAN_POINT('',(4.793239772729,2.587287280049));
#3378 = CARTESIAN_POINT('',(4.792898605447,3.880937697982));
#3379 = CARTESIAN_POINT('',(4.792574377534,5.174591655907));
#3380 = CARTESIAN_POINT('',(4.791956729113,7.761874418065));
#3381 = CARTESIAN_POINT('',(4.791663302343,9.055503209245));
#3382 = CARTESIAN_POINT('',(4.791383757651,10.349134560912));
#3383 = CARTESIAN_POINT('',(4.791116824884,11.64276809494));
#3384 = CARTESIAN_POINT('',(4.790606129542,14.23002021476));
#3385 = CARTESIAN_POINT('',(4.790362357669,15.523638793136));
#3386 = CARTESIAN_POINT('',(4.790129123836,16.817258999622));
#3387 = CARTESIAN_POINT('',(4.789905545366,18.110880614489));
#3388 = CARTESIAN_POINT('',(4.789477171414,20.692514577536));
#3389 = CARTESIAN_POINT('',(4.789272293438,21.980526911359));
#3390 = CARTESIAN_POINT('',(4.789075534918,23.268540313178));
#3391 = CARTESIAN_POINT('',(4.78888627124,24.55655465087));
#3392 = CARTESIAN_POINT('',(4.788642965113,26.27565567972));
#3393 = CARTESIAN_POINT('',(4.788582733584,26.706741629066));
#3394 = CARTESIAN_POINT('',(4.788523262602,27.137827667934));
#3395 = CARTESIAN_POINT('',(4.788464533177,27.568913792698));
#3396 = CARTESIAN_POINT('',(4.78840652728,28.));
#3397 = ( GEOMETRIC_REPRESENTATION_CONTEXT(2) 
PARAMETRIC_REPRESENTATION_CONTEXT() REPRESENTATION_CONTEXT('2D SPACE',''
  ) );
#3398 = PCURVE('',#3399,#3404);
#3399 = B_SPLINE_SURFACE_WITH_KNOTS('',1,1,(
    (#3400,#3401)
    ,(#3402,#3403
    )),.UNSPECIFIED.,.F.,.F.,.F.,(2,2),(2,2),(0.,6.351681919032),(0.,1.)
  ,.PIECEWISE_BEZIER_KNOTS.);
#3400 = CARTESIAN_POINT('',(-0.55687143939,8.409069838917,-22.49999995)
  );
#3401 = CARTESIAN_POINT('',(-0.91247093184,13.145076083998,5.50000005));
#3402 = CARTESIAN_POINT('',(-2.88777725447,11.976465901794,-22.49999995)
  );
#3403 = CARTESIAN_POINT('',(-4.44273423764,18.425332156608,5.50000005));
#3404 = DEFINITIONAL_REPRESENTATION('',(#3405),#3428);
#3405 = B_SPLINE_CURVE_WITH_KNOTS('',5,(#3406,#3407,#3408,#3409,#3410,
    #3411,#3412,#3413,#3414,#3415,#3416,#3417,#3418,#3419,#3420,#3421,
    #3422,#3423,#3424,#3425,#3426,#3427),.UNSPECIFIED.,.F.,.F.,(6,4,4,4,
    4,6),(0.,0.231011658054,0.462017731493,0.693020452554,0.923021079772
    ,1.),.UNSPECIFIED.);
#3406 = CARTESIAN_POINT('',(0.40731158836,1.000048650361E-10));
#3407 = CARTESIAN_POINT('',(0.391774265467,4.620146709975E-02));
#3408 = CARTESIAN_POINT('',(0.377098996607,9.240311688959E-02));
#3409 = CARTESIAN_POINT('',(0.363190233011,0.13860491793));
#3410 = CARTESIAN_POINT('',(0.349973029533,0.184806844854));
#3411 = CARTESIAN_POINT('',(0.32479619408,0.277209800645));
#3412 = CARTESIAN_POINT('',(0.312836305728,0.323410828902));
#3413 = CARTESIAN_POINT('',(0.301443006357,0.369611948604));
#3414 = CARTESIAN_POINT('',(0.290564388727,0.415813146248));
#3415 = CARTESIAN_POINT('',(0.269752615446,0.50821500767));
#3416 = CARTESIAN_POINT('',(0.259819078953,0.554415671183));
#3417 = CARTESIAN_POINT('',(0.250315494604,0.600616392844));
#3418 = CARTESIAN_POINT('',(0.241205806393,0.646817164803));
#3419 = CARTESIAN_POINT('',(0.22375258171,0.739018377769));
#3420 = CARTESIAN_POINT('',(0.215405679375,0.785018818263));
#3421 = CARTESIAN_POINT('',(0.207389952006,0.831019296899));
#3422 = CARTESIAN_POINT('',(0.199679894839,0.87701980896));
#3423 = CARTESIAN_POINT('',(0.189768712533,0.938416274276));
#3424 = CARTESIAN_POINT('',(0.187315190241,0.953812201112));
#3425 = CARTESIAN_POINT('',(0.184892682902,0.969208131032));
#3426 = CARTESIAN_POINT('',(0.182500415339,0.984604063927));
#3427 = CARTESIAN_POINT('',(0.180137651566,0.999999999902));
#3428 = ( GEOMETRIC_REPRESENTATION_CONTEXT(2) 
PARAMETRIC_REPRESENTATION_CONTEXT() REPRESENTATION_CONTEXT('2D SPACE',''
  ) );
#3429 = ORIENTED_EDGE('',*,*,#2489,.F.);
#3430 = ORIENTED_EDGE('',*,*,#3431,.F.);
#3431 = EDGE_CURVE('',#1213,#2467,#3432,.T.);
#3432 = SURFACE_CURVE('',#3433,(#3456,#3482),.PCURVE_S1.);
#3433 = B_SPLINE_CURVE_WITH_KNOTS('',5,(#3434,#3435,#3436,#3437,#3438,
    #3439,#3440,#3441,#3442,#3443,#3444,#3445,#3446,#3447,#3448,#3449,
    #3450,#3451,#3452,#3453,#3454,#3455),.UNSPECIFIED.,.F.,.F.,(6,4,4,4,
    4,6),(0.,0.231011658054,0.462017731493,0.693020452554,0.923021079772
    ,1.),.UNSPECIFIED.);
#3434 = CARTESIAN_POINT('',(0.70634443914,8.637834719672,-22.49999995));
#3435 = CARTESIAN_POINT('',(0.72062524124,8.852993444108,-21.206358874)
  );
#3436 = CARTESIAN_POINT('',(0.73488361384,9.068153282003,-19.91271266995
    ));
#3437 = CARTESIAN_POINT('',(0.74912202492,9.283314031936,-18.61906225201
    ));
#3438 = CARTESIAN_POINT('',(0.7633424137,9.498475547278,-17.32540829409)
  );
#3439 = CARTESIAN_POINT('',(0.79175006396,9.928794693115,-14.73812553193
    ));
#3440 = CARTESIAN_POINT('',(0.80593733193,10.143952321264,
    -13.44449674075));
#3441 = CARTESIAN_POINT('',(0.82010981542,10.359110498122,
    -12.15086538908));
#3442 = CARTESIAN_POINT('',(0.83426886081,10.574269140195,
    -10.85723185506));
#3443 = CARTESIAN_POINT('',(0.86256205358,11.004584112892,-8.26997973524
    ));
#3444 = CARTESIAN_POINT('',(0.8766962107,11.219740442014,-6.976361156864
    ));
#3445 = CARTESIAN_POINT('',(0.89081913048,11.434897113909,
    -5.682740950378));
#3446 = CARTESIAN_POINT('',(0.90493175022,11.650054080045,
    -4.389119335511));
#3447 = CARTESIAN_POINT('',(0.93307676088,12.079435173272,
    -1.807485372464));
#3448 = CARTESIAN_POINT('',(0.94710923973,12.293659297397,
    -0.519473038641));
#3449 = CARTESIAN_POINT('',(0.9611330513,12.507883640865,0.768540363178)
  );
#3450 = CARTESIAN_POINT('',(0.97514885981,12.722108174603,2.05655470087)
  );
#3451 = CARTESIAN_POINT('',(0.99384568444,13.008031751623,3.77565572972)
  );
#3452 = CARTESIAN_POINT('',(0.99853331095,13.079730645522,4.206741679066
    ));
#3453 = CARTESIAN_POINT('',(1.00322012506,13.151429557379,4.637827717934
    ));
#3454 = CARTESIAN_POINT('',(1.00790614698,13.223128486399,5.068913842698
    ));
#3455 = CARTESIAN_POINT('',(1.01259139589,13.29482743185,5.50000005));
#3456 = PCURVE('',#1252,#3457);
#3457 = DEFINITIONAL_REPRESENTATION('',(#3458),#3481);
#3458 = B_SPLINE_CURVE_WITH_KNOTS('',5,(#3459,#3460,#3461,#3462,#3463,
    #3464,#3465,#3466,#3467,#3468,#3469,#3470,#3471,#3472,#3473,#3474,
    #3475,#3476,#3477,#3478,#3479,#3480),.UNSPECIFIED.,.F.,.F.,(6,4,4,4,
    4,6),(0.,0.231011658054,0.462017731493,0.693020452554,0.923021079772
    ,1.),.UNSPECIFIED.);
#3459 = CARTESIAN_POINT('',(4.630797200021,0.));
#3460 = CARTESIAN_POINT('',(4.631178248309,1.293641075993));
#3461 = CARTESIAN_POINT('',(4.63153818804,2.587287280049));
#3462 = CARTESIAN_POINT('',(4.631879355322,3.880937697982));
#3463 = CARTESIAN_POINT('',(4.632203583236,5.174591655907));
#3464 = CARTESIAN_POINT('',(4.632821231657,7.761874418064));
#3465 = CARTESIAN_POINT('',(4.633114658427,9.055503209245));
#3466 = CARTESIAN_POINT('',(4.633394203118,10.349134560912));
#3467 = CARTESIAN_POINT('',(4.633661135886,11.64276809494));
#3468 = CARTESIAN_POINT('',(4.634171831227,14.23002021476));
#3469 = CARTESIAN_POINT('',(4.6344156031,15.523638793136));
#3470 = CARTESIAN_POINT('',(4.634648836933,16.817258999622));
#3471 = CARTESIAN_POINT('',(4.634872415403,18.110880614489));
#3472 = CARTESIAN_POINT('',(4.635300789355,20.692514577536));
#3473 = CARTESIAN_POINT('',(4.635505667332,21.980526911359));
#3474 = CARTESIAN_POINT('',(4.635702425851,23.268540313178));
#3475 = CARTESIAN_POINT('',(4.635891689529,24.55655465087));
#3476 = CARTESIAN_POINT('',(4.636134995657,26.27565567972));
#3477 = CARTESIAN_POINT('',(4.636195227185,26.706741629066));
#3478 = CARTESIAN_POINT('',(4.636254698168,27.137827667934));
#3479 = CARTESIAN_POINT('',(4.636313427593,27.568913792698));
#3480 = CARTESIAN_POINT('',(4.63637143349,28.));
#3481 = ( GEOMETRIC_REPRESENTATION_CONTEXT(2) 
PARAMETRIC_REPRESENTATION_CONTEXT() REPRESENTATION_CONTEXT('2D SPACE',''
  ) );
#3482 = PCURVE('',#3483,#3488);
#3483 = B_SPLINE_SURFACE_WITH_KNOTS('',1,1,(
    (#3484,#3485)
    ,(#3486,#3487
    )),.UNSPECIFIED.,.F.,.F.,.F.,(2,2),(2,2),(0.,6.351681919032),(0.,1.)
  ,.PIECEWISE_BEZIER_KNOTS.);
#3484 = CARTESIAN_POINT('',(2.88777725446,11.976465901794,-22.49999995)
  );
#3485 = CARTESIAN_POINT('',(4.44273423763,18.425332156608,5.50000005));
#3486 = CARTESIAN_POINT('',(0.55687143938,8.409069838917,-22.49999995));
#3487 = CARTESIAN_POINT('',(0.91247093184,13.145076083998,5.50000005));
#3488 = DEFINITIONAL_REPRESENTATION('',(#3489),#3512);
#3489 = B_SPLINE_CURVE_WITH_KNOTS('',5,(#3490,#3491,#3492,#3493,#3494,
    #3495,#3496,#3497,#3498,#3499,#3500,#3501,#3502,#3503,#3504,#3505,
    #3506,#3507,#3508,#3509,#3510,#3511),.UNSPECIFIED.,.F.,.F.,(6,4,4,4,
    4,6),(0.,0.231011658054,0.462017731493,0.693020452554,0.923021079772
    ,1.),.UNSPECIFIED.);
#3490 = CARTESIAN_POINT('',(5.944370330672,1.000048650362E-10));
#3491 = CARTESIAN_POINT('',(5.959907653565,4.620146709975E-02));
#3492 = CARTESIAN_POINT('',(5.974582922425,9.240311688959E-02));
#3493 = CARTESIAN_POINT('',(5.988491686021,0.13860491793));
#3494 = CARTESIAN_POINT('',(6.001708889499,0.184806844854));
#3495 = CARTESIAN_POINT('',(6.026885724952,0.277209800645));
#3496 = CARTESIAN_POINT('',(6.038845613304,0.323410828902));
#3497 = CARTESIAN_POINT('',(6.050238912675,0.369611948604));
#3498 = CARTESIAN_POINT('',(6.061117530306,0.415813146248));
#3499 = CARTESIAN_POINT('',(6.081929303586,0.50821500767));
#3500 = CARTESIAN_POINT('',(6.091862840079,0.554415671183));
#3501 = CARTESIAN_POINT('',(6.101366424428,0.600616392844));
#3502 = CARTESIAN_POINT('',(6.110476112639,0.646817164803));
#3503 = CARTESIAN_POINT('',(6.127929337322,0.739018377769));
#3504 = CARTESIAN_POINT('',(6.136276239657,0.785018818263));
#3505 = CARTESIAN_POINT('',(6.144291967026,0.831019296899));
#3506 = CARTESIAN_POINT('',(6.152002024193,0.87701980896));
#3507 = CARTESIAN_POINT('',(6.161913206499,0.938416274276));
#3508 = CARTESIAN_POINT('',(6.164366728791,0.953812201112));
#3509 = CARTESIAN_POINT('',(6.16678923613,0.969208131032));
#3510 = CARTESIAN_POINT('',(6.169181503693,0.984604063927));
#3511 = CARTESIAN_POINT('',(6.171544267466,0.999999999902));
#3512 = ( GEOMETRIC_REPRESENTATION_CONTEXT(2) 
PARAMETRIC_REPRESENTATION_CONTEXT() REPRESENTATION_CONTEXT('2D SPACE',''
  ) );
#3513 = ORIENTED_EDGE('',*,*,#1235,.T.);
#3514 = ADVANCED_FACE('',(#3515),#1177,.F.);
#3515 = FACE_BOUND('',#3516,.F.);
#3516 = EDGE_LOOP('',(#3517,#3548,#3549,#3550));
#3517 = ORIENTED_EDGE('',*,*,#3518,.T.);
#3518 = EDGE_CURVE('',#1133,#1213,#3519,.T.);
#3519 = SURFACE_CURVE('',#3520,(#3525,#3532),.PCURVE_S1.);
#3520 = CIRCLE('',#3521,8.666666666667);
#3521 = AXIS2_PLACEMENT_3D('',#3522,#3523,#3524);
#3522 = CARTESIAN_POINT('',(2.415845301584E-13,-2.30926389122E-12,
    -22.49999995));
#3523 = DIRECTION('',(0.,0.,1.));
#3524 = DIRECTION('',(-1.,0.,0.));
#3525 = PCURVE('',#1177,#3526);
#3526 = DEFINITIONAL_REPRESENTATION('',(#3527),#3531);
#3527 = CIRCLE('',#3528,8.666666666667);
#3528 = AXIS2_PLACEMENT_2D('',#3529,#3530);
#3529 = CARTESIAN_POINT('',(0.,0.));
#3530 = DIRECTION('',(1.,0.));
#3531 = ( GEOMETRIC_REPRESENTATION_CONTEXT(2) 
PARAMETRIC_REPRESENTATION_CONTEXT() REPRESENTATION_CONTEXT('2D SPACE',''
  ) );
#3532 = PCURVE('',#3533,#3538);
#3533 = PLANE('',#3534);
#3534 = AXIS2_PLACEMENT_3D('',#3535,#3536,#3537);
#3535 = CARTESIAN_POINT('',(0.55687143938,8.409069838917,-22.49999995));
#3536 = DIRECTION('',(0.,0.,-1.));
#3537 = DIRECTION('',(0.652125546845,0.758110988676,0.));
#3538 = DEFINITIONAL_REPRESENTATION('',(#3539),#3547);
#3539 = ( BOUNDED_CURVE() B_SPLINE_CURVE(2,(#3540,#3541,#3542,#3543,
#3544,#3545,#3546),.UNSPECIFIED.,.T.,.F.) B_SPLINE_CURVE_WITH_KNOTS((1,2
    ,2,2,2,1),(-2.094395102393,0.,2.094395102393,4.188790204786,
6.28318530718,8.377580409573),.UNSPECIFIED.) CURVE() 
GEOMETRIC_REPRESENTATION_ITEM() RATIONAL_B_SPLINE_CURVE((1.,0.5,1.,0.5,
1.,0.5,1.)) REPRESENTATION_ITEM('') );
#3540 = CARTESIAN_POINT('',(-12.38991308068,-1.508696325504));
#3541 = CARTESIAN_POINT('',(-23.76999824877,8.280430034927));
#3542 = CARTESIAN_POINT('',(-9.602323555739,13.241309707504));
#3543 = CARTESIAN_POINT('',(4.565351137292,18.202189380081));
#3544 = CARTESIAN_POINT('',(1.777761612346,3.452183347073));
#3545 = CARTESIAN_POINT('',(-1.0098279126,-11.29782268593));
#3546 = CARTESIAN_POINT('',(-12.38991308068,-1.508696325504));
#3547 = ( GEOMETRIC_REPRESENTATION_CONTEXT(2) 
PARAMETRIC_REPRESENTATION_CONTEXT() REPRESENTATION_CONTEXT('2D SPACE',''
  ) );
#3548 = ORIENTED_EDGE('',*,*,#1212,.T.);
#3549 = ORIENTED_EDGE('',*,*,#1189,.T.);
#3550 = ORIENTED_EDGE('',*,*,#1161,.T.);
#3551 = ADVANCED_FACE('',(#3552),#1149,.T.);
#3552 = FACE_BOUND('',#3553,.T.);
#3553 = EDGE_LOOP('',(#3554,#3637,#3638,#3721));
#3554 = ORIENTED_EDGE('',*,*,#3555,.T.);
#3555 = EDGE_CURVE('',#1133,#2392,#3556,.T.);
#3556 = SURFACE_CURVE('',#3557,(#3580,#3606),.PCURVE_S1.);
#3557 = B_SPLINE_CURVE_WITH_KNOTS('',5,(#3558,#3559,#3560,#3561,#3562,
    #3563,#3564,#3565,#3566,#3567,#3568,#3569,#3570,#3571,#3572,#3573,
    #3574,#3575,#3576,#3577,#3578,#3579),.UNSPECIFIED.,.F.,.F.,(6,4,4,4,
    4,6),(0.,0.231011658054,0.462017731493,0.693020452554,0.923021079772
    ,1.),.UNSPECIFIED.);
#3558 = CARTESIAN_POINT('',(3.70720513172,7.833756520497,-22.49999995));
#3559 = CARTESIAN_POINT('',(3.80241695653,8.027229842755,-21.206358874)
  );
#3560 = CARTESIAN_POINT('',(3.89764876259,8.220692914547,-19.91271266995
    ));
#3561 = CARTESIAN_POINT('',(3.99289831185,8.414146795427,-18.61906225201
    ));
#3562 = CARTESIAN_POINT('',(4.08816385159,8.607592328017,-17.32540829409
    ));
#3563 = CARTESIAN_POINT('',(4.27872167772,8.994463465179,-14.73812553193
    ));
#3564 = CARTESIAN_POINT('',(4.37401395732,9.187889070958,-13.44449674075
    ));
#3565 = CARTESIAN_POINT('',(4.46931931501,9.381307759695,-12.15086538908
    ));
#3566 = CARTESIAN_POINT('',(4.56463654304,9.574720132269,-10.85723185506
    ));
#3567 = CARTESIAN_POINT('',(4.7552914057,9.961530426637,-8.26997973524)
  );
#3568 = CARTESIAN_POINT('',(4.85062903114,10.154928352002,
    -6.976361156864));
#3569 = CARTESIAN_POINT('',(4.94597655978,10.348320955546,
    -5.682740950378));
#3570 = CARTESIAN_POINT('',(5.04133315563,10.541708663894,
    -4.389119335511));
#3571 = CARTESIAN_POINT('',(5.23164940803,10.927636103861,
    -1.807485372464));
#3572 = CARTESIAN_POINT('',(5.32660898693,11.120175876884,
    -0.519473038641));
#3573 = CARTESIAN_POINT('',(5.42157618159,11.312711506218,0.768540363178
    ));
#3574 = CARTESIAN_POINT('',(5.51655040223,11.505243298806,2.05655470087)
  );
#3575 = CARTESIAN_POINT('',(5.64332026564,11.762208792361,3.77565572972)
  );
#3576 = CARTESIAN_POINT('',(5.67511010895,11.826645669156,4.206741679066
    ));
#3577 = CARTESIAN_POINT('',(5.7069006648,11.891082155302,4.637827717934)
  );
#3578 = CARTESIAN_POINT('',(5.73869191528,11.955518260216,5.068913842698
    ));
#3579 = CARTESIAN_POINT('',(5.77048384342,12.019953992861,5.50000005));
#3580 = PCURVE('',#1149,#3581);
#3581 = DEFINITIONAL_REPRESENTATION('',(#3582),#3605);
#3582 = B_SPLINE_CURVE_WITH_KNOTS('',5,(#3583,#3584,#3585,#3586,#3587,
    #3588,#3589,#3590,#3591,#3592,#3593,#3594,#3595,#3596,#3597,#3598,
    #3599,#3600,#3601,#3602,#3603,#3604),.UNSPECIFIED.,.F.,.F.,(6,4,4,4,
    4,6),(0.,0.231011658054,0.462017731493,0.693020452554,0.923021079772
    ,1.),.UNSPECIFIED.);
#3583 = CARTESIAN_POINT('',(4.27038198515,0.));
#3584 = CARTESIAN_POINT('',(4.270000936862,1.293641075993));
#3585 = CARTESIAN_POINT('',(4.269640997131,2.587287280049));
#3586 = CARTESIAN_POINT('',(4.269299829849,3.880937697982));
#3587 = CARTESIAN_POINT('',(4.268975601935,5.174591655907));
#3588 = CARTESIAN_POINT('',(4.268357953514,7.761874418065));
#3589 = CARTESIAN_POINT('',(4.268064526744,9.055503209245));
#3590 = CARTESIAN_POINT('',(4.267784982053,10.349134560912));
#3591 = CARTESIAN_POINT('',(4.267518049286,11.64276809494));
#3592 = CARTESIAN_POINT('',(4.267007353944,14.23002021476));
#3593 = CARTESIAN_POINT('',(4.266763582071,15.523638793136));
#3594 = CARTESIAN_POINT('',(4.266530348238,16.817258999622));
#3595 = CARTESIAN_POINT('',(4.266306769768,18.110880614489));
#3596 = CARTESIAN_POINT('',(4.265878395816,20.692514577536));
#3597 = CARTESIAN_POINT('',(4.26567351784,21.980526911359));
#3598 = CARTESIAN_POINT('',(4.26547675932,23.268540313178));
#3599 = CARTESIAN_POINT('',(4.265287495642,24.55655465087));
#3600 = CARTESIAN_POINT('',(4.265044189515,26.27565567972));
#3601 = CARTESIAN_POINT('',(4.264983957986,26.706741629066));
#3602 = CARTESIAN_POINT('',(4.264924487004,27.137827667934));
#3603 = CARTESIAN_POINT('',(4.264865757578,27.568913792698));
#3604 = CARTESIAN_POINT('',(4.264807751682,28.));
#3605 = ( GEOMETRIC_REPRESENTATION_CONTEXT(2) 
PARAMETRIC_REPRESENTATION_CONTEXT() REPRESENTATION_CONTEXT('2D SPACE',''
  ) );
#3606 = PCURVE('',#3607,#3612);
#3607 = B_SPLINE_SURFACE_WITH_KNOTS('',1,1,(
    (#3608,#3609)
    ,(#3610,#3611
    )),.UNSPECIFIED.,.F.,.F.,.F.,(2,2),(2,2),(0.,6.351681919032),(0.,1.)
  ,.PIECEWISE_BEZIER_KNOTS.);
#3608 = CARTESIAN_POINT('',(3.72227010631,7.560903822391,-22.49999995));
#3609 = CARTESIAN_POINT('',(5.78231503481,11.840205289342,5.50000005));
#3610 = CARTESIAN_POINT('',(3.48734448806,11.815812345743,-22.49999995)
  );
#3611 = CARTESIAN_POINT('',(5.36514536625,18.178172839606,5.50000005));
#3612 = DEFINITIONAL_REPRESENTATION('',(#3613),#3636);
#3613 = B_SPLINE_CURVE_WITH_KNOTS('',5,(#3614,#3615,#3616,#3617,#3618,
    #3619,#3620,#3621,#3622,#3623,#3624,#3625,#3626,#3627,#3628,#3629,
    #3630,#3631,#3632,#3633,#3634,#3635),.UNSPECIFIED.,.F.,.F.,(6,4,4,4,
    4,6),(0.,0.231011658054,0.462017731493,0.693020452554,0.923021079772
    ,1.),.UNSPECIFIED.);
#3614 = CARTESIAN_POINT('',(0.40731158836,1.000048545995E-10));
#3615 = CARTESIAN_POINT('',(0.391774265467,4.620146709975E-02));
#3616 = CARTESIAN_POINT('',(0.377098996607,9.24031168896E-02));
#3617 = CARTESIAN_POINT('',(0.363190233011,0.13860491793));
#3618 = CARTESIAN_POINT('',(0.349973029533,0.184806844854));
#3619 = CARTESIAN_POINT('',(0.32479619408,0.277209800645));
#3620 = CARTESIAN_POINT('',(0.312836305728,0.323410828902));
#3621 = CARTESIAN_POINT('',(0.301443006357,0.369611948604));
#3622 = CARTESIAN_POINT('',(0.290564388727,0.415813146248));
#3623 = CARTESIAN_POINT('',(0.269752615446,0.50821500767));
#3624 = CARTESIAN_POINT('',(0.259819078953,0.554415671183));
#3625 = CARTESIAN_POINT('',(0.250315494604,0.600616392844));
#3626 = CARTESIAN_POINT('',(0.241205806393,0.646817164803));
#3627 = CARTESIAN_POINT('',(0.22375258171,0.739018377769));
#3628 = CARTESIAN_POINT('',(0.215405679375,0.785018818263));
#3629 = CARTESIAN_POINT('',(0.207389952006,0.831019296899));
#3630 = CARTESIAN_POINT('',(0.199679894839,0.87701980896));
#3631 = CARTESIAN_POINT('',(0.189768712533,0.938416274276));
#3632 = CARTESIAN_POINT('',(0.187315190241,0.953812201112));
#3633 = CARTESIAN_POINT('',(0.184892682902,0.969208131032));
#3634 = CARTESIAN_POINT('',(0.182500415339,0.984604063927));
#3635 = CARTESIAN_POINT('',(0.180137651566,0.999999999902));
#3636 = ( GEOMETRIC_REPRESENTATION_CONTEXT(2) 
PARAMETRIC_REPRESENTATION_CONTEXT() REPRESENTATION_CONTEXT('2D SPACE',''
  ) );
#3637 = ORIENTED_EDGE('',*,*,#2391,.F.);
#3638 = ORIENTED_EDGE('',*,*,#3639,.F.);
#3639 = EDGE_CURVE('',#1110,#2369,#3640,.T.);
#3640 = SURFACE_CURVE('',#3641,(#3664,#3690),.PCURVE_S1.);
#3641 = B_SPLINE_CURVE_WITH_KNOTS('',5,(#3642,#3643,#3644,#3645,#3646,
    #3647,#3648,#3649,#3650,#3651,#3652,#3653,#3654,#3655,#3656,#3657,
    #3658,#3659,#3660,#3661,#3662,#3663),.UNSPECIFIED.,.F.,.F.,(6,4,4,4,
    4,6),(0.,0.231011658054,0.462017731493,0.693020452554,0.923021079772
    ,1.),.UNSPECIFIED.);
#3642 = CARTESIAN_POINT('',(4.93062958795,7.127412081357,-22.49999995));
#3643 = CARTESIAN_POINT('',(5.05057648758,7.306604601514,-21.206358874)
  );
#3644 = CARTESIAN_POINT('',(5.17050451941,7.485809300705,-19.91271266995
    ));
#3645 = CARTESIAN_POINT('',(5.29041572009,7.665024770503,-18.61906225201
    ));
#3646 = CARTESIAN_POINT('',(5.41031169569,7.844249914318,-17.32540829409
    ));
#3647 = CARTESIAN_POINT('',(5.6500730154,8.202713401216,-14.73812553193)
  );
#3648 = CARTESIAN_POINT('',(5.76993836394,8.381951739027,-13.44449674075
    ));
#3649 = CARTESIAN_POINT('',(5.88979118311,8.561197944271,-12.15086538908
    ));
#3650 = CARTESIAN_POINT('',(6.00963259715,8.740451271455,-10.85723185506
    ));
#3651 = CARTESIAN_POINT('',(6.24929270719,9.098968373056,-8.26997973524)
  );
#3652 = CARTESIAN_POINT('',(6.36911141087,9.2782321413,-6.976361156864)
  );
#3653 = CARTESIAN_POINT('',(6.48892055413,9.457501825066,-5.682740950378
    ));
#3654 = CARTESIAN_POINT('',(6.60872092441,9.636776913669,-4.389119335511
    ));
#3655 = CARTESIAN_POINT('',(6.84778576524,9.994559342981,-1.807485372464
    ));
#3656 = CARTESIAN_POINT('',(6.96705031047,10.173066637149,
    -0.519473038641));
#3657 = CARTESIAN_POINT('',(7.08630745927,10.351578454919,0.768540363178
    ));
#3658 = CARTESIAN_POINT('',(7.20555777237,10.530094438993,2.05655470087)
  );
#3659 = CARTESIAN_POINT('',(7.36471148598,10.768363107918,3.77565572972)
  );
#3660 = CARTESIAN_POINT('',(7.40462053657,10.828112358203,4.206741679066
    ));
#3661 = CARTESIAN_POINT('',(7.44452889258,10.88786203024,4.637827717934)
  );
#3662 = CARTESIAN_POINT('',(7.48443657111,10.947612113238,5.068913842698
    ));
#3663 = CARTESIAN_POINT('',(7.52434358842,11.007362596964,5.50000005));
#3664 = PCURVE('',#1149,#3665);
#3665 = DEFINITIONAL_REPRESENTATION('',(#3666),#3689);
#3666 = B_SPLINE_CURVE_WITH_KNOTS('',5,(#3667,#3668,#3669,#3670,#3671,
    #3672,#3673,#3674,#3675,#3676,#3677,#3678,#3679,#3680,#3681,#3682,
    #3683,#3684,#3685,#3686,#3687,#3688),.UNSPECIFIED.,.F.,.F.,(6,4,4,4,
    4,6),(0.,0.231011658054,0.462017731493,0.693020452554,0.923021079772
    ,1.),.UNSPECIFIED.);
#3667 = CARTESIAN_POINT('',(4.107198424423,0.));
#3668 = CARTESIAN_POINT('',(4.107579472711,1.293641075993));
#3669 = CARTESIAN_POINT('',(4.107939412442,2.587287280049));
#3670 = CARTESIAN_POINT('',(4.108280579724,3.880937697982));
#3671 = CARTESIAN_POINT('',(4.108604807637,5.174591655907));
#3672 = CARTESIAN_POINT('',(4.109222456058,7.761874418064));
#3673 = CARTESIAN_POINT('',(4.109515882828,9.055503209246));
#3674 = CARTESIAN_POINT('',(4.10979542752,10.349134560912));
#3675 = CARTESIAN_POINT('',(4.110062360287,11.64276809494));
#3676 = CARTESIAN_POINT('',(4.110573055629,14.23002021476));
#3677 = CARTESIAN_POINT('',(4.110816827502,15.523638793136));
#3678 = CARTESIAN_POINT('',(4.111050061335,16.817258999622));
#3679 = CARTESIAN_POINT('',(4.111273639805,18.110880614489));
#3680 = CARTESIAN_POINT('',(4.111702013757,20.692514577536));
#3681 = CARTESIAN_POINT('',(4.111906891733,21.980526911359));
#3682 = CARTESIAN_POINT('',(4.112103650253,23.268540313178));
#3683 = CARTESIAN_POINT('',(4.112292913931,24.55655465087));
#3684 = CARTESIAN_POINT('',(4.112536220058,26.27565567972));
#3685 = CARTESIAN_POINT('',(4.112596451587,26.706741629066));
#3686 = CARTESIAN_POINT('',(4.112655922569,27.137827667934));
#3687 = CARTESIAN_POINT('',(4.112714651995,27.568913792698));
#3688 = CARTESIAN_POINT('',(4.112772657891,28.));
#3689 = ( GEOMETRIC_REPRESENTATION_CONTEXT(2) 
PARAMETRIC_REPRESENTATION_CONTEXT() REPRESENTATION_CONTEXT('2D SPACE',''
  ) );
#3690 = PCURVE('',#3691,#3696);
#3691 = B_SPLINE_SURFACE_WITH_KNOTS('',1,1,(
    (#3692,#3693)
    ,(#3694,#3695
    )),.UNSPECIFIED.,.F.,.F.,.F.,(2,2),(2,2),(0.,6.351681919032),(0.,1.)
  ,.PIECEWISE_BEZIER_KNOTS.);
#3692 = CARTESIAN_POINT('',(8.48912141373,8.928035091281,-22.49999995));
#3693 = CARTESIAN_POINT('',(13.06018679036,13.735438601971,5.50000005));
#3694 = CARTESIAN_POINT('',(4.6867997326,7.004032383008,-22.49999995));
#3695 = CARTESIAN_POINT('',(7.36276104919,10.9277343575,5.50000005));
#3696 = DEFINITIONAL_REPRESENTATION('',(#3697),#3720);
#3697 = B_SPLINE_CURVE_WITH_KNOTS('',5,(#3698,#3699,#3700,#3701,#3702,
    #3703,#3704,#3705,#3706,#3707,#3708,#3709,#3710,#3711,#3712,#3713,
    #3714,#3715,#3716,#3717,#3718,#3719),.UNSPECIFIED.,.F.,.F.,(6,4,4,4,
    4,6),(0.,0.231011658054,0.462017731493,0.693020452554,0.923021079772
    ,1.),.UNSPECIFIED.);
#3698 = CARTESIAN_POINT('',(5.944370330672,1.000048650362E-10));
#3699 = CARTESIAN_POINT('',(5.959907653565,4.620146709975E-02));
#3700 = CARTESIAN_POINT('',(5.974582922425,9.240311688958E-02));
#3701 = CARTESIAN_POINT('',(5.988491686021,0.13860491793));
#3702 = CARTESIAN_POINT('',(6.001708889499,0.184806844854));
#3703 = CARTESIAN_POINT('',(6.026885724952,0.277209800645));
#3704 = CARTESIAN_POINT('',(6.038845613304,0.323410828902));
#3705 = CARTESIAN_POINT('',(6.050238912675,0.369611948604));
#3706 = CARTESIAN_POINT('',(6.061117530306,0.415813146248));
#3707 = CARTESIAN_POINT('',(6.081929303586,0.50821500767));
#3708 = CARTESIAN_POINT('',(6.091862840079,0.554415671183));
#3709 = CARTESIAN_POINT('',(6.101366424428,0.600616392844));
#3710 = CARTESIAN_POINT('',(6.110476112639,0.646817164803));
#3711 = CARTESIAN_POINT('',(6.127929337322,0.739018377769));
#3712 = CARTESIAN_POINT('',(6.136276239657,0.785018818263));
#3713 = CARTESIAN_POINT('',(6.144291967026,0.831019296899));
#3714 = CARTESIAN_POINT('',(6.152002024193,0.87701980896));
#3715 = CARTESIAN_POINT('',(6.161913206499,0.938416274276));
#3716 = CARTESIAN_POINT('',(6.164366728791,0.953812201112));
#3717 = CARTESIAN_POINT('',(6.16678923613,0.969208131032));
#3718 = CARTESIAN_POINT('',(6.169181503693,0.984604063927));
#3719 = CARTESIAN_POINT('',(6.171544267466,0.999999999902));
#3720 = ( GEOMETRIC_REPRESENTATION_CONTEXT(2) 
PARAMETRIC_REPRESENTATION_CONTEXT() REPRESENTATION_CONTEXT('2D SPACE',''
  ) );
#3721 = ORIENTED_EDGE('',*,*,#1132,.T.);
#3722 = ADVANCED_FACE('',(#3723),#1074,.F.);
#3723 = FACE_BOUND('',#3724,.F.);
#3724 = EDGE_LOOP('',(#3725,#3756,#3757,#3758));
#3725 = ORIENTED_EDGE('',*,*,#3726,.T.);
#3726 = EDGE_CURVE('',#1030,#1110,#3727,.T.);
#3727 = SURFACE_CURVE('',#3728,(#3733,#3740),.PCURVE_S1.);
#3728 = CIRCLE('',#3729,8.666666666667);
#3729 = AXIS2_PLACEMENT_3D('',#3730,#3731,#3732);
#3730 = CARTESIAN_POINT('',(2.415845301584E-13,-2.30926389122E-12,
    -22.49999995));
#3731 = DIRECTION('',(0.,0.,1.));
#3732 = DIRECTION('',(-1.,0.,0.));
#3733 = PCURVE('',#1074,#3734);
#3734 = DEFINITIONAL_REPRESENTATION('',(#3735),#3739);
#3735 = CIRCLE('',#3736,8.666666666667);
#3736 = AXIS2_PLACEMENT_2D('',#3737,#3738);
#3737 = CARTESIAN_POINT('',(0.,0.));
#3738 = DIRECTION('',(1.,0.));
#3739 = ( GEOMETRIC_REPRESENTATION_CONTEXT(2) 
PARAMETRIC_REPRESENTATION_CONTEXT() REPRESENTATION_CONTEXT('2D SPACE',''
  ) );
#3740 = PCURVE('',#3741,#3746);
#3741 = PLANE('',#3742);
#3742 = AXIS2_PLACEMENT_3D('',#3743,#3744,#3745);
#3743 = CARTESIAN_POINT('',(4.6867997326,7.004032383008,-22.49999995));
#3744 = DIRECTION('',(0.,0.,-1.));
#3745 = DIRECTION('',(0.943812784363,0.330480601659,0.));
#3746 = DEFINITIONAL_REPRESENTATION('',(#3747),#3755);
#3747 = ( BOUNDED_CURVE() B_SPLINE_CURVE(2,(#3748,#3749,#3750,#3751,
#3752,#3753,#3754),.UNSPECIFIED.,.T.,.F.) B_SPLINE_CURVE_WITH_KNOTS((1,2
    ,2,2,2,1),(-2.094395102393,0.,2.094395102393,4.188790204786,
6.28318530718,8.377580409573),.UNSPECIFIED.) CURVE() 
GEOMETRIC_REPRESENTATION_ITEM() RATIONAL_B_SPLINE_CURVE((1.,0.5,1.,0.5,
1.,0.5,1.)) REPRESENTATION_ITEM('') );
#3748 = CARTESIAN_POINT('',(-14.91786913916,2.197433695314));
#3749 = CARTESIAN_POINT('',(-19.87874881174,16.365108388347));
#3750 = CARTESIAN_POINT('',(-5.128742778734,13.577518863398));
#3751 = CARTESIAN_POINT('',(9.621263254273,10.789929338449));
#3752 = CARTESIAN_POINT('',(-0.16786310616,-0.590155829634));
#3753 = CARTESIAN_POINT('',(-9.956989466592,-11.97024099771));
#3754 = CARTESIAN_POINT('',(-14.91786913916,2.197433695314));
#3755 = ( GEOMETRIC_REPRESENTATION_CONTEXT(2) 
PARAMETRIC_REPRESENTATION_CONTEXT() REPRESENTATION_CONTEXT('2D SPACE',''
  ) );
#3756 = ORIENTED_EDGE('',*,*,#1109,.T.);
#3757 = ORIENTED_EDGE('',*,*,#1086,.T.);
#3758 = ORIENTED_EDGE('',*,*,#1058,.T.);
#3759 = ADVANCED_FACE('',(#3760),#1046,.T.);
#3760 = FACE_BOUND('',#3761,.T.);
#3761 = EDGE_LOOP('',(#3762,#3845,#3846,#3929));
#3762 = ORIENTED_EDGE('',*,*,#3763,.T.);
#3763 = EDGE_CURVE('',#1030,#2294,#3764,.T.);
#3764 = SURFACE_CURVE('',#3765,(#3788,#3814),.PCURVE_S1.);
#3765 = B_SPLINE_CURVE_WITH_KNOTS('',5,(#3766,#3767,#3768,#3769,#3770,
    #3771,#3772,#3773,#3774,#3775,#3776,#3777,#3778,#3779,#3780,#3781,
    #3782,#3783,#3784,#3785,#3786,#3787),.UNSPECIFIED.,.F.,.F.,(6,4,4,4,
    4,6),(0.,0.231011658054,0.462017731493,0.693020452554,0.923021079772
    ,1.),.UNSPECIFIED.);
#3766 = CARTESIAN_POINT('',(7.12741208136,4.930629587951,-22.49999995));
#3767 = CARTESIAN_POINT('',(7.30660460151,5.050576487576,-21.206358874)
  );
#3768 = CARTESIAN_POINT('',(7.4858093007,5.170504519413,-19.91271266995)
  );
#3769 = CARTESIAN_POINT('',(7.6650247705,5.290415720086,-18.61906225201)
  );
#3770 = CARTESIAN_POINT('',(7.84424991432,5.410311695688,-17.32540829409
    ));
#3771 = CARTESIAN_POINT('',(8.20271340121,5.650073015396,-14.73812553193
    ));
#3772 = CARTESIAN_POINT('',(8.38195173903,5.769938363941,-13.44449674075
    ));
#3773 = CARTESIAN_POINT('',(8.56119794427,5.88979118311,-12.15086538908)
  );
#3774 = CARTESIAN_POINT('',(8.74045127145,6.009632597148,-10.85723185506
    ));
#3775 = CARTESIAN_POINT('',(9.09896837306,6.249292707186,-8.26997973524)
  );
#3776 = CARTESIAN_POINT('',(9.2782321413,6.369111410876,-6.976361156864)
  );
#3777 = CARTESIAN_POINT('',(9.45750182507,6.488920554126,-5.682740950378
    ));
#3778 = CARTESIAN_POINT('',(9.63677691367,6.608720924408,-4.389119335511
    ));
#3779 = CARTESIAN_POINT('',(9.99455934298,6.847785765239,-1.807485372464
    ));
#3780 = CARTESIAN_POINT('',(10.17306663715,6.967050310467,
    -0.519473038641));
#3781 = CARTESIAN_POINT('',(10.35157845492,7.086307459274,0.768540363178
    ));
#3782 = CARTESIAN_POINT('',(10.53009443899,7.20555777237,2.05655470087)
  );
#3783 = CARTESIAN_POINT('',(10.76836310792,7.364711485979,3.77565572972)
  );
#3784 = CARTESIAN_POINT('',(10.8281123582,7.40462053657,4.206741679066)
  );
#3785 = CARTESIAN_POINT('',(10.88786203024,7.444528892579,4.637827717934
    ));
#3786 = CARTESIAN_POINT('',(10.94761211324,7.484436571112,5.068913842698
    ));
#3787 = CARTESIAN_POINT('',(11.00736259696,7.524343588424,5.50000005));
#3788 = PCURVE('',#1046,#3789);
#3789 = DEFINITIONAL_REPRESENTATION('',(#3790),#3813);
#3790 = B_SPLINE_CURVE_WITH_KNOTS('',5,(#3791,#3792,#3793,#3794,#3795,
    #3796,#3797,#3798,#3799,#3800,#3801,#3802,#3803,#3804,#3805,#3806,
    #3807,#3808,#3809,#3810,#3811,#3812),.UNSPECIFIED.,.F.,.F.,(6,4,4,4,
    4,6),(0.,0.231011658054,0.462017731493,0.693020452554,0.923021079772
    ,1.),.UNSPECIFIED.);
#3791 = CARTESIAN_POINT('',(3.746783209552,0.));
#3792 = CARTESIAN_POINT('',(3.746402161263,1.293641075993));
#3793 = CARTESIAN_POINT('',(3.746042221533,2.587287280049));
#3794 = CARTESIAN_POINT('',(3.74570105425,3.880937697982));
#3795 = CARTESIAN_POINT('',(3.745376826337,5.174591655907));
#3796 = CARTESIAN_POINT('',(3.744759177916,7.761874418065));
#3797 = CARTESIAN_POINT('',(3.744465751146,9.055503209246));
#3798 = CARTESIAN_POINT('',(3.744186206455,10.349134560912));
#3799 = CARTESIAN_POINT('',(3.743919273687,11.64276809494));
#3800 = CARTESIAN_POINT('',(3.743408578346,14.23002021476));
#3801 = CARTESIAN_POINT('',(3.743164806473,15.523638793136));
#3802 = CARTESIAN_POINT('',(3.74293157264,16.817258999622));
#3803 = CARTESIAN_POINT('',(3.74270799417,18.110880614489));
#3804 = CARTESIAN_POINT('',(3.742279620217,20.692514577536));
#3805 = CARTESIAN_POINT('',(3.742074742241,21.980526911359));
#3806 = CARTESIAN_POINT('',(3.741877983722,23.268540313178));
#3807 = CARTESIAN_POINT('',(3.741688720044,24.55655465087));
#3808 = CARTESIAN_POINT('',(3.741445413916,26.27565567972));
#3809 = CARTESIAN_POINT('',(3.741385182388,26.706741629066));
#3810 = CARTESIAN_POINT('',(3.741325711405,27.137827667934));
#3811 = CARTESIAN_POINT('',(3.74126698198,27.568913792698));
#3812 = CARTESIAN_POINT('',(3.741208976083,28.));
#3813 = ( GEOMETRIC_REPRESENTATION_CONTEXT(2) 
PARAMETRIC_REPRESENTATION_CONTEXT() REPRESENTATION_CONTEXT('2D SPACE',''
  ) );
#3814 = PCURVE('',#3815,#3820);
#3815 = B_SPLINE_SURFACE_WITH_KNOTS('',1,1,(
    (#3816,#3817)
    ,(#3818,#3819
    )),.UNSPECIFIED.,.F.,.F.,.F.,(2,2),(2,2),(0.,6.351681919032),(0.,1.)
  ,.PIECEWISE_BEZIER_KNOTS.);
#3816 = CARTESIAN_POINT('',(7.00403238301,4.686799732605,-22.49999995));
#3817 = CARTESIAN_POINT('',(10.9277343575,7.362761049188,5.50000005));
#3818 = CARTESIAN_POINT('',(8.92803509128,8.489121413731,-22.49999995));
#3819 = CARTESIAN_POINT('',(13.73543860197,13.060186790357,5.50000005));
#3820 = DEFINITIONAL_REPRESENTATION('',(#3821),#3844);
#3821 = B_SPLINE_CURVE_WITH_KNOTS('',5,(#3822,#3823,#3824,#3825,#3826,
    #3827,#3828,#3829,#3830,#3831,#3832,#3833,#3834,#3835,#3836,#3837,
    #3838,#3839,#3840,#3841,#3842,#3843),.UNSPECIFIED.,.F.,.F.,(6,4,4,4,
    4,6),(0.,0.231011658054,0.462017731493,0.693020452554,0.923021079772
    ,1.),.UNSPECIFIED.);
#3822 = CARTESIAN_POINT('',(0.40731158836,1.000048650363E-10));
#3823 = CARTESIAN_POINT('',(0.391774265467,4.620146709975E-02));
#3824 = CARTESIAN_POINT('',(0.377098996607,9.24031168896E-02));
#3825 = CARTESIAN_POINT('',(0.363190233011,0.13860491793));
#3826 = CARTESIAN_POINT('',(0.349973029533,0.184806844854));
#3827 = CARTESIAN_POINT('',(0.32479619408,0.277209800645));
#3828 = CARTESIAN_POINT('',(0.312836305728,0.323410828902));
#3829 = CARTESIAN_POINT('',(0.301443006357,0.369611948604));
#3830 = CARTESIAN_POINT('',(0.290564388727,0.415813146248));
#3831 = CARTESIAN_POINT('',(0.269752615446,0.50821500767));
#3832 = CARTESIAN_POINT('',(0.259819078953,0.554415671183));
#3833 = CARTESIAN_POINT('',(0.250315494604,0.600616392844));
#3834 = CARTESIAN_POINT('',(0.241205806393,0.646817164803));
#3835 = CARTESIAN_POINT('',(0.22375258171,0.739018377769));
#3836 = CARTESIAN_POINT('',(0.215405679375,0.785018818263));
#3837 = CARTESIAN_POINT('',(0.207389952006,0.831019296899));
#3838 = CARTESIAN_POINT('',(0.199679894839,0.87701980896));
#3839 = CARTESIAN_POINT('',(0.189768712533,0.938416274276));
#3840 = CARTESIAN_POINT('',(0.187315190241,0.953812201112));
#3841 = CARTESIAN_POINT('',(0.184892682902,0.969208131032));
#3842 = CARTESIAN_POINT('',(0.182500415339,0.984604063927));
#3843 = CARTESIAN_POINT('',(0.180137651566,0.999999999902));
#3844 = ( GEOMETRIC_REPRESENTATION_CONTEXT(2) 
PARAMETRIC_REPRESENTATION_CONTEXT() REPRESENTATION_CONTEXT('2D SPACE',''
  ) );
#3845 = ORIENTED_EDGE('',*,*,#2293,.F.);
#3846 = ORIENTED_EDGE('',*,*,#3847,.F.);
#3847 = EDGE_CURVE('',#1007,#2271,#3848,.T.);
#3848 = SURFACE_CURVE('',#3849,(#3872,#3898),.PCURVE_S1.);
#3849 = B_SPLINE_CURVE_WITH_KNOTS('',5,(#3850,#3851,#3852,#3853,#3854,
    #3855,#3856,#3857,#3858,#3859,#3860,#3861,#3862,#3863,#3864,#3865,
    #3866,#3867,#3868,#3869,#3870,#3871),.UNSPECIFIED.,.F.,.F.,(6,4,4,4,
    4,6),(0.,0.231011658054,0.462017731493,0.693020452554,0.923021079772
    ,1.),.UNSPECIFIED.);
#3850 = CARTESIAN_POINT('',(7.8337565205,3.707205131719,-22.49999995));
#3851 = CARTESIAN_POINT('',(8.02722984275,3.80241695653,-21.206358874));
#3852 = CARTESIAN_POINT('',(8.22069291455,3.897648762589,-19.91271266995
    ));
#3853 = CARTESIAN_POINT('',(8.41414679543,3.992898311848,-18.61906225201
    ));
#3854 = CARTESIAN_POINT('',(8.60759232802,4.088163851588,-17.32540829409
    ));
#3855 = CARTESIAN_POINT('',(8.99446346518,4.278721677716,-14.73812553193
    ));
#3856 = CARTESIAN_POINT('',(9.18788907096,4.374013957321,-13.44449674075
    ));
#3857 = CARTESIAN_POINT('',(9.38130775969,4.46931931501,-12.15086538908)
  );
#3858 = CARTESIAN_POINT('',(9.57472013227,4.564636543045,-10.85723185506
    ));
#3859 = CARTESIAN_POINT('',(9.96153042664,4.755291405703,-8.26997973524)
  );
#3860 = CARTESIAN_POINT('',(10.154928352,4.850629031136,-6.976361156864)
  );
#3861 = CARTESIAN_POINT('',(10.34832095555,4.94597655978,-5.682740950378
    ));
#3862 = CARTESIAN_POINT('',(10.54170866389,5.041333155635,
    -4.389119335511));
#3863 = CARTESIAN_POINT('',(10.92763610386,5.231649408032,
    -1.807485372464));
#3864 = CARTESIAN_POINT('',(11.12017587688,5.326608986928,
    -0.519473038641));
#3865 = CARTESIAN_POINT('',(11.31271150622,5.421576181589,0.768540363178
    ));
#3866 = CARTESIAN_POINT('',(11.5052432988,5.516550402231,2.05655470087)
  );
#3867 = CARTESIAN_POINT('',(11.76220879236,5.643320265641,3.775655729721
    ));
#3868 = CARTESIAN_POINT('',(11.82664566916,5.67511010895,4.206741679068)
  );
#3869 = CARTESIAN_POINT('',(11.8910821553,5.706900664798,4.637827717936)
  );
#3870 = CARTESIAN_POINT('',(11.95551826022,5.738691915285,5.068913842697
    ));
#3871 = CARTESIAN_POINT('',(12.01995399286,5.770483843424,5.50000005));
#3872 = PCURVE('',#1046,#3873);
#3873 = DEFINITIONAL_REPRESENTATION('',(#3874),#3897);
#3874 = B_SPLINE_CURVE_WITH_KNOTS('',5,(#3875,#3876,#3877,#3878,#3879,
    #3880,#3881,#3882,#3883,#3884,#3885,#3886,#3887,#3888,#3889,#3890,
    #3891,#3892,#3893,#3894,#3895,#3896),.UNSPECIFIED.,.F.,.F.,(6,4,4,4,
    4,6),(0.,0.231011658054,0.462017731493,0.693020452554,0.923021079772
    ,1.),.UNSPECIFIED.);
#3875 = CARTESIAN_POINT('',(3.583599648824,0.));
#3876 = CARTESIAN_POINT('',(3.583980697113,1.293641075993));
#3877 = CARTESIAN_POINT('',(3.584340636844,2.587287280049));
#3878 = CARTESIAN_POINT('',(3.584681804126,3.880937697982));
#3879 = CARTESIAN_POINT('',(3.585006032039,5.174591655907));
#3880 = CARTESIAN_POINT('',(3.58562368046,7.761874418064));
#3881 = CARTESIAN_POINT('',(3.58591710723,9.055503209246));
#3882 = CARTESIAN_POINT('',(3.586196651921,10.349134560912));
#3883 = CARTESIAN_POINT('',(3.586463584689,11.64276809494));
#3884 = CARTESIAN_POINT('',(3.58697428003,14.23002021476));
#3885 = CARTESIAN_POINT('',(3.587218051904,15.523638793136));
#3886 = CARTESIAN_POINT('',(3.587451285736,16.817258999622));
#3887 = CARTESIAN_POINT('',(3.587674864207,18.110880614489));
#3888 = CARTESIAN_POINT('',(3.588103238159,20.692514577536));
#3889 = CARTESIAN_POINT('',(3.588308116135,21.980526911359));
#3890 = CARTESIAN_POINT('',(3.588504874655,23.268540313178));
#3891 = CARTESIAN_POINT('',(3.588694138332,24.55655465087));
#3892 = CARTESIAN_POINT('',(3.58893744446,26.275655679721));
#3893 = CARTESIAN_POINT('',(3.588997675988,26.706741629068));
#3894 = CARTESIAN_POINT('',(3.589057146971,27.137827667936));
#3895 = CARTESIAN_POINT('',(3.589115876396,27.568913792697));
#3896 = CARTESIAN_POINT('',(3.589173882293,28.));
#3897 = ( GEOMETRIC_REPRESENTATION_CONTEXT(2) 
PARAMETRIC_REPRESENTATION_CONTEXT() REPRESENTATION_CONTEXT('2D SPACE',''
  ) );
#3898 = PCURVE('',#3899,#3904);
#3899 = B_SPLINE_SURFACE_WITH_KNOTS('',1,1,(
    (#3900,#3901)
    ,(#3902,#3903
    )),.UNSPECIFIED.,.F.,.F.,.F.,(2,2),(2,2),(0.,6.351681919032),(0.,1.)
  ,.PIECEWISE_BEZIER_KNOTS.);
#3900 = CARTESIAN_POINT('',(11.81581234574,3.487344488061,-22.49999995)
  );
#3901 = CARTESIAN_POINT('',(18.1781728396,5.365145366249,5.50000005));
#3902 = CARTESIAN_POINT('',(7.56090382239,3.72227010631,-22.49999995));
#3903 = CARTESIAN_POINT('',(11.84020528934,5.782315034808,5.50000005));
#3904 = DEFINITIONAL_REPRESENTATION('',(#3905),#3928);
#3905 = B_SPLINE_CURVE_WITH_KNOTS('',5,(#3906,#3907,#3908,#3909,#3910,
    #3911,#3912,#3913,#3914,#3915,#3916,#3917,#3918,#3919,#3920,#3921,
    #3922,#3923,#3924,#3925,#3926,#3927),.UNSPECIFIED.,.F.,.F.,(6,4,4,4,
    4,6),(0.,0.231011658054,0.462017731493,0.693020452554,0.923021079772
    ,1.),.UNSPECIFIED.);
#3906 = CARTESIAN_POINT('',(5.944370330672,1.000048650361E-10));
#3907 = CARTESIAN_POINT('',(5.959907653565,4.620146709975E-02));
#3908 = CARTESIAN_POINT('',(5.974582922425,9.24031168896E-02));
#3909 = CARTESIAN_POINT('',(5.988491686021,0.13860491793));
#3910 = CARTESIAN_POINT('',(6.001708889499,0.184806844854));
#3911 = CARTESIAN_POINT('',(6.026885724952,0.277209800645));
#3912 = CARTESIAN_POINT('',(6.038845613304,0.323410828902));
#3913 = CARTESIAN_POINT('',(6.050238912675,0.369611948604));
#3914 = CARTESIAN_POINT('',(6.061117530306,0.415813146248));
#3915 = CARTESIAN_POINT('',(6.081929303586,0.50821500767));
#3916 = CARTESIAN_POINT('',(6.091862840079,0.554415671183));
#3917 = CARTESIAN_POINT('',(6.101366424428,0.600616392844));
#3918 = CARTESIAN_POINT('',(6.110476112639,0.646817164803));
#3919 = CARTESIAN_POINT('',(6.127929337322,0.739018377769));
#3920 = CARTESIAN_POINT('',(6.136276239657,0.785018818263));
#3921 = CARTESIAN_POINT('',(6.144291967026,0.831019296899));
#3922 = CARTESIAN_POINT('',(6.152002024193,0.87701980896));
#3923 = CARTESIAN_POINT('',(6.161913206499,0.938416274276));
#3924 = CARTESIAN_POINT('',(6.164366728779,0.953812201038));
#3925 = CARTESIAN_POINT('',(6.166789236125,0.969208130998));
#3926 = CARTESIAN_POINT('',(6.169181503708,0.984604064025));
#3927 = CARTESIAN_POINT('',(6.171544267481,1.));
#3928 = ( GEOMETRIC_REPRESENTATION_CONTEXT(2) 
PARAMETRIC_REPRESENTATION_CONTEXT() REPRESENTATION_CONTEXT('2D SPACE',''
  ) );
#3929 = ORIENTED_EDGE('',*,*,#1029,.T.);
#3930 = ADVANCED_FACE('',(#3931),#971,.F.);
#3931 = FACE_BOUND('',#3932,.F.);
#3932 = EDGE_LOOP('',(#3933,#3964,#3965,#3966));
#3933 = ORIENTED_EDGE('',*,*,#3934,.T.);
#3934 = EDGE_CURVE('',#927,#1007,#3935,.T.);
#3935 = SURFACE_CURVE('',#3936,(#3941,#3948),.PCURVE_S1.);
#3936 = CIRCLE('',#3937,8.666666666667);
#3937 = AXIS2_PLACEMENT_3D('',#3938,#3939,#3940);
#3938 = CARTESIAN_POINT('',(2.415845301584E-13,-2.30926389122E-12,
    -22.49999995));
#3939 = DIRECTION('',(0.,0.,1.));
#3940 = DIRECTION('',(-1.,0.,0.));
#3941 = PCURVE('',#971,#3942);
#3942 = DEFINITIONAL_REPRESENTATION('',(#3943),#3947);
#3943 = CIRCLE('',#3944,8.666666666667);
#3944 = AXIS2_PLACEMENT_2D('',#3945,#3946);
#3945 = CARTESIAN_POINT('',(0.,0.));
#3946 = DIRECTION('',(1.,0.));
#3947 = ( GEOMETRIC_REPRESENTATION_CONTEXT(2) 
PARAMETRIC_REPRESENTATION_CONTEXT() REPRESENTATION_CONTEXT('2D SPACE',''
  ) );
#3948 = PCURVE('',#3949,#3954);
#3949 = PLANE('',#3950);
#3950 = AXIS2_PLACEMENT_3D('',#3951,#3952,#3953);
#3951 = CARTESIAN_POINT('',(7.56090382239,3.72227010631,-22.49999995));
#3952 = DIRECTION('',(0.,0.,-1.));
#3953 = DIRECTION('',(0.982606148504,-0.185701795687,0.));
#3954 = DEFINITIONAL_REPRESENTATION('',(#3955),#3963);
#3955 = ( BOUNDED_CURVE() B_SPLINE_CURVE(2,(#3956,#3957,#3958,#3959,
#3960,#3961,#3962),.UNSPECIFIED.,.T.,.F.) B_SPLINE_CURVE_WITH_KNOTS((1,2
    ,2,2,2,1),(-2.094395102393,0.,2.094395102393,4.188790204786,
6.28318530718,8.377580409573),.UNSPECIFIED.) CURVE() 
GEOMETRIC_REPRESENTATION_ITEM() RATIONAL_B_SPLINE_CURVE((1.,0.5,1.,0.5,
1.,0.5,1.)) REPRESENTATION_ITEM('') );
#3956 = CARTESIAN_POINT('',(-15.25407829506,6.671014472313));
#3957 = CARTESIAN_POINT('',(-12.4664887701,21.421020505319));
#3958 = CARTESIAN_POINT('',(-1.086403602028,11.631894144884));
#3959 = CARTESIAN_POINT('',(10.293681566054,1.842767784449));
#3960 = CARTESIAN_POINT('',(-3.87399312698,-3.118111888123));
#3961 = CARTESIAN_POINT('',(-18.04166782001,-8.078991560694));
#3962 = CARTESIAN_POINT('',(-15.25407829506,6.671014472313));
#3963 = ( GEOMETRIC_REPRESENTATION_CONTEXT(2) 
PARAMETRIC_REPRESENTATION_CONTEXT() REPRESENTATION_CONTEXT('2D SPACE',''
  ) );
#3964 = ORIENTED_EDGE('',*,*,#1006,.T.);
#3965 = ORIENTED_EDGE('',*,*,#983,.T.);
#3966 = ORIENTED_EDGE('',*,*,#955,.T.);
#3967 = ADVANCED_FACE('',(#3968),#943,.T.);
#3968 = FACE_BOUND('',#3969,.T.);
#3969 = EDGE_LOOP('',(#3970,#3971,#4066,#4067));
#3970 = ORIENTED_EDGE('',*,*,#2195,.F.);
#3971 = ORIENTED_EDGE('',*,*,#3972,.F.);
#3972 = EDGE_CURVE('',#904,#2173,#3973,.T.);
#3973 = SURFACE_CURVE('',#3974,(#4001,#4031),.PCURVE_S1.);
#3974 = B_SPLINE_CURVE_WITH_KNOTS('',5,(#3975,#3976,#3977,#3978,#3979,
    #3980,#3981,#3982,#3983,#3984,#3985,#3986,#3987,#3988,#3989,#3990,
    #3991,#3992,#3993,#3994,#3995,#3996,#3997,#3998,#3999,#4000),
  .UNSPECIFIED.,.F.,.F.,(6,4,4,4,4,4,6),(0.,8.100492656451E-02,
    0.166009073934,0.411016737254,0.794020932163,0.948021057016,1.),
  .UNSPECIFIED.);
#3975 = CARTESIAN_POINT('',(8.63783471967,-0.706344439141,-22.49999995)
  );
#3976 = CARTESIAN_POINT('',(8.71328076783,-0.711352044973,
    -22.04638085004));
#3977 = CARTESIAN_POINT('',(8.78872695307,-0.716356892945,
    -21.59276111858));
#3978 = CARTESIAN_POINT('',(8.86417326654,-0.721359089315,
    -21.13914079596));
#3979 = CARTESIAN_POINT('',(8.9396197003,-0.726358732856,-20.68551991839
    ));
#3980 = CARTESIAN_POINT('',(9.09423759741,-0.736599808194,
    -19.75588178654));
#3981 = CARTESIAN_POINT('',(9.17340907172,-0.741840990771,
    -19.27986447942));
#3982 = CARTESIAN_POINT('',(9.25258066296,-0.747079568679,
    -18.80384663386));
#3983 = CARTESIAN_POINT('',(9.33175236384,-0.752315639948,
    -18.32782828314));
#3984 = CARTESIAN_POINT('',(9.6391212506,-0.772634270043,-16.47977922041
    ));
#3985 = CARTESIAN_POINT('',(9.86731918666,-0.787699181487,
    -15.10774503957));
#3986 = CARTESIAN_POINT('',(10.09551782316,-0.802746161359,
    -13.73570759841));
#3987 = CARTESIAN_POINT('',(10.32371704493,-0.817776979417,
    -12.3636674187));
#3988 = CARTESIAN_POINT('',(10.90864624172,-0.856266656313,
    -8.846801924085));
#3989 = CARTESIAN_POINT('',(11.26537693868,-0.879704236555,
    -6.701973216263));
#3990 = CARTESIAN_POINT('',(11.62210855688,-0.903111271372,
    -4.557140128288));
#3991 = CARTESIAN_POINT('',(11.97884089279,-0.926491648593,
    -2.412303580273));
#3992 = CARTESIAN_POINT('',(12.47901067126,-0.959239938513,
    0.594942967315));
#3993 = CARTESIAN_POINT('',(12.62244761711,-0.968627569889,1.45735054139
    ));
#3994 = CARTESIAN_POINT('',(12.76588464879,-0.978011599613,
    2.319758538838));
#3995 = CARTESIAN_POINT('',(12.90932175866,-0.987392210321,
    3.182166924878));
#3996 = CARTESIAN_POINT('',(13.1011726231,-0.999934661218,4.33566046646)
  );
#3997 = CARTESIAN_POINT('',(13.14958631485,-1.003099386397,
    4.626745303569));
#3998 = CARTESIAN_POINT('',(13.19800001332,-1.006263746251,4.91783018065
    ));
#3999 = CARTESIAN_POINT('',(13.24641371825,-1.009427746889,
    5.208915096615));
#4000 = CARTESIAN_POINT('',(13.29482743189,-1.012591395922,5.50000005));
#4001 = PCURVE('',#943,#4002);
#4002 = DEFINITIONAL_REPRESENTATION('',(#4003),#4030);
#4003 = B_SPLINE_CURVE_WITH_KNOTS('',5,(#4004,#4005,#4006,#4007,#4008,
    #4009,#4010,#4011,#4012,#4013,#4014,#4015,#4016,#4017,#4018,#4019,
    #4020,#4021,#4022,#4023,#4024,#4025,#4026,#4027,#4028,#4029),
  .UNSPECIFIED.,.F.,.F.,(6,4,4,4,4,4,6),(0.,8.100492656451E-02,
    0.166009073934,0.411016737254,0.794020932163,0.948021057016,1.),
  .UNSPECIFIED.);
#4004 = CARTESIAN_POINT('',(3.060000873226,0.));
#4005 = CARTESIAN_POINT('',(3.060134488944,0.453619099953));
#4006 = CARTESIAN_POINT('',(3.060265509212,0.907238831417));
#4007 = CARTESIAN_POINT('',(3.060394034619,1.360859154038));
#4008 = CARTESIAN_POINT('',(3.060520158627,1.814480031601));
#4009 = CARTESIAN_POINT('',(3.060773888972,2.744118163459));
#4010 = CARTESIAN_POINT('',(3.06090126125,3.220135470495));
#4011 = CARTESIAN_POINT('',(3.061026184135,3.696153316042));
#4012 = CARTESIAN_POINT('',(3.061148750272,4.172171666821));
#4013 = CARTESIAN_POINT('',(3.061615771681,6.020220729558));
#4014 = CARTESIAN_POINT('',(3.061943639592,7.392254910521));
#4015 = CARTESIAN_POINT('',(3.062254664591,8.764292351701));
#4016 = CARTESIAN_POINT('',(3.062550517143,10.136332531303));
#4017 = CARTESIAN_POINT('',(3.06327336286,13.653198025922));
#4018 = CARTESIAN_POINT('',(3.06368038858,15.798026733614));
#4019 = CARTESIAN_POINT('',(3.064058771169,17.942859821836));
#4020 = CARTESIAN_POINT('',(3.064412173177,20.087696369687));
#4021 = CARTESIAN_POINT('',(3.064876779053,23.094942917275));
#4022 = CARTESIAN_POINT('',(3.065006454557,23.957350491413));
#4023 = CARTESIAN_POINT('',(3.065132757224,24.819758488873));
#4024 = CARTESIAN_POINT('',(3.06525585876,25.682166874868));
#4025 = CARTESIAN_POINT('',(3.065416434272,26.835660416451));
#4026 = CARTESIAN_POINT('',(3.065456608405,27.126745253787));
#4027 = CARTESIAN_POINT('',(3.065496441404,27.417830130871));
#4028 = CARTESIAN_POINT('',(3.06553593902,27.708915046615));
#4029 = CARTESIAN_POINT('',(3.065575106693,28.));
#4030 = ( GEOMETRIC_REPRESENTATION_CONTEXT(2) 
PARAMETRIC_REPRESENTATION_CONTEXT() REPRESENTATION_CONTEXT('2D SPACE',''
  ) );
#4031 = PCURVE('',#4032,#4037);
#4032 = B_SPLINE_SURFACE_WITH_KNOTS('',1,1,(
    (#4033,#4034)
    ,(#4035,#4036
    )),.UNSPECIFIED.,.F.,.F.,.F.,(2,2),(2,2),(0.,6.351681919032),(0.,1.)
  ,.PIECEWISE_BEZIER_KNOTS.);
#4033 = CARTESIAN_POINT('',(11.97646590179,-2.887777254464,-22.49999995)
  );
#4034 = CARTESIAN_POINT('',(18.42533215661,-4.442734237636,5.50000005));
#4035 = CARTESIAN_POINT('',(8.40906983892,-0.556871439385,-22.49999995)
  );
#4036 = CARTESIAN_POINT('',(13.145076084,-0.912470931844,5.50000005));
#4037 = DEFINITIONAL_REPRESENTATION('',(#4038),#4065);
#4038 = B_SPLINE_CURVE_WITH_KNOTS('',5,(#4039,#4040,#4041,#4042,#4043,
    #4044,#4045,#4046,#4047,#4048,#4049,#4050,#4051,#4052,#4053,#4054,
    #4055,#4056,#4057,#4058,#4059,#4060,#4061,#4062,#4063,#4064),
  .UNSPECIFIED.,.F.,.F.,(6,4,4,4,4,4,6),(0.,8.100492656451E-02,
    0.166009073934,0.411016737254,0.794020932163,0.948021057016,1.),
  .UNSPECIFIED.);
#4039 = CARTESIAN_POINT('',(5.944370330711,1.001374859281E-10));
#4040 = CARTESIAN_POINT('',(5.949818539304,1.620068224132E-02));
#4041 = CARTESIAN_POINT('',(5.955160752,3.240138680127E-02));
#4042 = CARTESIAN_POINT('',(5.960401083145,4.860211256909E-02));
#4043 = CARTESIAN_POINT('',(5.965543355012,6.480285827147E-02));
#4044 = CARTESIAN_POINT('',(5.975888048124,9.800422012354E-02));
#4045 = CARTESIAN_POINT('',(5.981080911909,0.115004838235));
#4046 = CARTESIAN_POINT('',(5.986173768028,0.132005475576));
#4047 = CARTESIAN_POINT('',(5.991170404653,0.149006130959));
#4048 = CARTESIAN_POINT('',(6.010208884359,0.2150078832));
#4049 = CARTESIAN_POINT('',(6.023573545373,0.264009103944));
#4050 = CARTESIAN_POINT('',(6.036250702574,0.313010441128));
#4051 = CARTESIAN_POINT('',(6.048308631339,0.362011876118));
#4052 = CARTESIAN_POINT('',(6.077767491884,0.487614215211));
#4053 = CARTESIAN_POINT('',(6.094353589031,0.564215240491));
#4054 = CARTESIAN_POINT('',(6.109771084082,0.640816422204));
#4055 = CARTESIAN_POINT('',(6.124169556225,0.71741772749));
#4056 = CARTESIAN_POINT('',(6.143097375425,0.824819389904));
#4057 = CARTESIAN_POINT('',(6.148380123988,0.855619660407));
#4058 = CARTESIAN_POINT('',(6.153525313296,0.88641994603));
#4059 = CARTESIAN_POINT('',(6.158539953768,0.917220245531));
#4060 = CARTESIAN_POINT('',(6.165080947361,0.958416443445));
#4061 = CARTESIAN_POINT('',(6.166717413292,0.968812330485));
#4062 = CARTESIAN_POINT('',(6.168339967298,0.979208218952));
#4063 = CARTESIAN_POINT('',(6.169948844131,0.989604108808));
#4064 = CARTESIAN_POINT('',(6.171544267439,1.));
#4065 = ( GEOMETRIC_REPRESENTATION_CONTEXT(2) 
PARAMETRIC_REPRESENTATION_CONTEXT() REPRESENTATION_CONTEXT('2D SPACE',''
  ) );
#4066 = ORIENTED_EDGE('',*,*,#926,.T.);
#4067 = ORIENTED_EDGE('',*,*,#4068,.T.);
#4068 = EDGE_CURVE('',#927,#2196,#4069,.T.);
#4069 = SURFACE_CURVE('',#4070,(#4093,#4119),.PCURVE_S1.);
#4070 = B_SPLINE_CURVE_WITH_KNOTS('',5,(#4071,#4072,#4073,#4074,#4075,
    #4076,#4077,#4078,#4079,#4080,#4081,#4082,#4083,#4084,#4085,#4086,
    #4087,#4088,#4089,#4090,#4091,#4092),.UNSPECIFIED.,.F.,.F.,(6,4,4,4,
    4,6),(0.,0.231011658054,0.462017731493,0.693020452554,0.923021079772
    ,1.),.UNSPECIFIED.);
#4071 = CARTESIAN_POINT('',(8.63783471967,0.706344439137,-22.49999995));
#4072 = CARTESIAN_POINT('',(8.85299344411,0.720625241239,-21.206358874)
  );
#4073 = CARTESIAN_POINT('',(9.068153282,0.73488361384,-19.91271266995));
#4074 = CARTESIAN_POINT('',(9.28331403194,0.749122024922,-18.61906225201
    ));
#4075 = CARTESIAN_POINT('',(9.49847554728,0.763342413698,-17.32540829409
    ));
#4076 = CARTESIAN_POINT('',(9.92879469311,0.791750063961,-14.73812553193
    ));
#4077 = CARTESIAN_POINT('',(10.14395232126,0.805937331929,
    -13.44449674075));
#4078 = CARTESIAN_POINT('',(10.35911049812,0.820109815422,
    -12.15086538908));
#4079 = CARTESIAN_POINT('',(10.57426914019,0.834268860813,
    -10.85723185506));
#4080 = CARTESIAN_POINT('',(11.00458411289,0.862562053579,-8.26997973524
    ));
#4081 = CARTESIAN_POINT('',(11.21974044201,0.8766962107,-6.976361156864)
  );
#4082 = CARTESIAN_POINT('',(11.43489711391,0.890819130478,
    -5.682740950378));
#4083 = CARTESIAN_POINT('',(11.65005408004,0.904931750223,
    -4.389119335511));
#4084 = CARTESIAN_POINT('',(12.07943517327,0.933076760879,
    -1.807485372464));
#4085 = CARTESIAN_POINT('',(12.2936592974,0.947109239733,-0.519473038641
    ));
#4086 = CARTESIAN_POINT('',(12.50788364086,0.961133051297,0.768540363178
    ));
#4087 = CARTESIAN_POINT('',(12.7221081746,0.975148859811,2.05655470087)
  );
#4088 = CARTESIAN_POINT('',(13.00803175162,0.993845684441,3.775655729721
    ));
#4089 = CARTESIAN_POINT('',(13.07973064552,0.998533310951,4.206741679068
    ));
#4090 = CARTESIAN_POINT('',(13.15142955738,1.003220125059,4.637827717936
    ));
#4091 = CARTESIAN_POINT('',(13.2231284864,1.007906146976,5.068913842697)
  );
#4092 = CARTESIAN_POINT('',(13.29482743185,1.012591395894,5.50000005));
#4093 = PCURVE('',#943,#4094);
#4094 = DEFINITIONAL_REPRESENTATION('',(#4095),#4118);
#4095 = B_SPLINE_CURVE_WITH_KNOTS('',5,(#4096,#4097,#4098,#4099,#4100,
    #4101,#4102,#4103,#4104,#4105,#4106,#4107,#4108,#4109,#4110,#4111,
    #4112,#4113,#4114,#4115,#4116,#4117),.UNSPECIFIED.,.F.,.F.,(6,4,4,4,
    4,6),(0.,0.231011658054,0.462017731493,0.693020452554,0.923021079772
    ,1.),.UNSPECIFIED.);
#4096 = CARTESIAN_POINT('',(3.223184433953,0.));
#4097 = CARTESIAN_POINT('',(3.222803385665,1.293641075993));
#4098 = CARTESIAN_POINT('',(3.222443445934,2.587287280049));
#4099 = CARTESIAN_POINT('',(3.222102278652,3.880937697982));
#4100 = CARTESIAN_POINT('',(3.221778050739,5.174591655907));
#4101 = CARTESIAN_POINT('',(3.221160402318,7.761874418065));
#4102 = CARTESIAN_POINT('',(3.220866975548,9.055503209245));
#4103 = CARTESIAN_POINT('',(3.220587430856,10.349134560912));
#4104 = CARTESIAN_POINT('',(3.220320498089,11.64276809494));
#4105 = CARTESIAN_POINT('',(3.219809802748,14.23002021476));
#4106 = CARTESIAN_POINT('',(3.219566030874,15.523638793136));
#4107 = CARTESIAN_POINT('',(3.219332797042,16.817258999622));
#4108 = CARTESIAN_POINT('',(3.219109218571,18.110880614489));
#4109 = CARTESIAN_POINT('',(3.218680844619,20.692514577536));
#4110 = CARTESIAN_POINT('',(3.218475966643,21.980526911359));
#4111 = CARTESIAN_POINT('',(3.218279208123,23.268540313178));
#4112 = CARTESIAN_POINT('',(3.218089944445,24.55655465087));
#4113 = CARTESIAN_POINT('',(3.217846638318,26.275655679721));
#4114 = CARTESIAN_POINT('',(3.21778640679,26.706741629068));
#4115 = CARTESIAN_POINT('',(3.217726935807,27.137827667936));
#4116 = CARTESIAN_POINT('',(3.217668206382,27.568913792697));
#4117 = CARTESIAN_POINT('',(3.217610200485,28.));
#4118 = ( GEOMETRIC_REPRESENTATION_CONTEXT(2) 
PARAMETRIC_REPRESENTATION_CONTEXT() REPRESENTATION_CONTEXT('2D SPACE',''
  ) );
#4119 = PCURVE('',#4120,#4125);
#4120 = B_SPLINE_SURFACE_WITH_KNOTS('',1,1,(
    (#4121,#4122)
    ,(#4123,#4124
    )),.UNSPECIFIED.,.F.,.F.,.F.,(2,2),(2,2),(0.,6.351681919032),(0.,1.)
  ,.PIECEWISE_BEZIER_KNOTS.);
#4121 = CARTESIAN_POINT('',(8.40906983892,0.556871439381,-22.49999995));
#4122 = CARTESIAN_POINT('',(13.145076084,0.91247093184,5.50000005));
#4123 = CARTESIAN_POINT('',(11.97646590179,2.88777725446,-22.49999995));
#4124 = CARTESIAN_POINT('',(18.42533215661,4.442734237632,5.50000005));
#4125 = DEFINITIONAL_REPRESENTATION('',(#4126),#4149);
#4126 = B_SPLINE_CURVE_WITH_KNOTS('',5,(#4127,#4128,#4129,#4130,#4131,
    #4132,#4133,#4134,#4135,#4136,#4137,#4138,#4139,#4140,#4141,#4142,
    #4143,#4144,#4145,#4146,#4147,#4148),.UNSPECIFIED.,.F.,.F.,(6,4,4,4,
    4,6),(0.,0.231011658054,0.462017731493,0.693020452554,0.923021079772
    ,1.),.UNSPECIFIED.);
#4127 = CARTESIAN_POINT('',(0.40731158836,1.000048650363E-10));
#4128 = CARTESIAN_POINT('',(0.391774265467,4.620146709974E-02));
#4129 = CARTESIAN_POINT('',(0.377098996607,9.24031168896E-02));
#4130 = CARTESIAN_POINT('',(0.363190233011,0.13860491793));
#4131 = CARTESIAN_POINT('',(0.349973029533,0.184806844854));
#4132 = CARTESIAN_POINT('',(0.32479619408,0.277209800645));
#4133 = CARTESIAN_POINT('',(0.312836305728,0.323410828902));
#4134 = CARTESIAN_POINT('',(0.301443006357,0.369611948604));
#4135 = CARTESIAN_POINT('',(0.290564388727,0.415813146248));
#4136 = CARTESIAN_POINT('',(0.269752615446,0.50821500767));
#4137 = CARTESIAN_POINT('',(0.259819078953,0.554415671183));
#4138 = CARTESIAN_POINT('',(0.250315494604,0.600616392844));
#4139 = CARTESIAN_POINT('',(0.241205806393,0.646817164803));
#4140 = CARTESIAN_POINT('',(0.22375258171,0.739018377769));
#4141 = CARTESIAN_POINT('',(0.215405679375,0.785018818263));
#4142 = CARTESIAN_POINT('',(0.207389952006,0.831019296899));
#4143 = CARTESIAN_POINT('',(0.199679894839,0.87701980896));
#4144 = CARTESIAN_POINT('',(0.189768712533,0.938416274276));
#4145 = CARTESIAN_POINT('',(0.187315190253,0.953812201038));
#4146 = CARTESIAN_POINT('',(0.184892682907,0.969208130998));
#4147 = CARTESIAN_POINT('',(0.182500415324,0.984604064025));
#4148 = CARTESIAN_POINT('',(0.180137651551,1.));
#4149 = ( GEOMETRIC_REPRESENTATION_CONTEXT(2) 
PARAMETRIC_REPRESENTATION_CONTEXT() REPRESENTATION_CONTEXT('2D SPACE',''
  ) );
#4150 = ADVANCED_FACE('',(#4151),#868,.F.);
#4151 = FACE_BOUND('',#4152,.F.);
#4152 = EDGE_LOOP('',(#4153,#4154,#4185,#4186));
#4153 = ORIENTED_EDGE('',*,*,#852,.T.);
#4154 = ORIENTED_EDGE('',*,*,#4155,.T.);
#4155 = EDGE_CURVE('',#824,#904,#4156,.T.);
#4156 = SURFACE_CURVE('',#4157,(#4162,#4169),.PCURVE_S1.);
#4157 = CIRCLE('',#4158,8.666666666667);
#4158 = AXIS2_PLACEMENT_3D('',#4159,#4160,#4161);
#4159 = CARTESIAN_POINT('',(2.415845301584E-13,-2.30926389122E-12,
    -22.49999995));
#4160 = DIRECTION('',(0.,0.,1.));
#4161 = DIRECTION('',(-1.,0.,0.));
#4162 = PCURVE('',#868,#4163);
#4163 = DEFINITIONAL_REPRESENTATION('',(#4164),#4168);
#4164 = CIRCLE('',#4165,8.666666666667);
#4165 = AXIS2_PLACEMENT_2D('',#4166,#4167);
#4166 = CARTESIAN_POINT('',(0.,0.));
#4167 = DIRECTION('',(1.,0.));
#4168 = ( GEOMETRIC_REPRESENTATION_CONTEXT(2) 
PARAMETRIC_REPRESENTATION_CONTEXT() REPRESENTATION_CONTEXT('2D SPACE',''
  ) );
#4169 = PCURVE('',#4170,#4175);
#4170 = PLANE('',#4171);
#4171 = AXIS2_PLACEMENT_3D('',#4172,#4173,#4174);
#4172 = CARTESIAN_POINT('',(8.40906983892,-0.556871439385,-22.49999995)
  );
#4173 = DIRECTION('',(-0.,0.,-1.));
#4174 = DIRECTION('',(0.758110988676,-0.652125546845,0.));
#4175 = DEFINITIONAL_REPRESENTATION('',(#4176),#4184);
#4176 = ( BOUNDED_CURVE() B_SPLINE_CURVE(2,(#4177,#4178,#4179,#4180,
#4181,#4182,#4183),.UNSPECIFIED.,.T.,.F.) B_SPLINE_CURVE_WITH_KNOTS((1,2
    ,2,2,2,1),(-2.094395102393,0.,2.094395102393,4.188790204786,
6.28318530718,8.377580409573),.UNSPECIFIED.) CURVE() 
GEOMETRIC_REPRESENTATION_ITEM() RATIONAL_B_SPLINE_CURVE((1.,0.5,1.,0.5,
1.,0.5,1.)) REPRESENTATION_ITEM('') );
#4177 = CARTESIAN_POINT('',(-13.30845357655,10.713353649015));
#4178 = CARTESIAN_POINT('',(-3.519327216126,22.093438817101));
#4179 = CARTESIAN_POINT('',(1.441552456451,7.925764124069));
#4180 = CARTESIAN_POINT('',(6.402432129028,-6.241910568962));
#4181 = CARTESIAN_POINT('',(-8.34757390398,-3.454321044016));
#4182 = CARTESIAN_POINT('',(-23.09757993698,-0.66673151907));
#4183 = CARTESIAN_POINT('',(-13.30845357655,10.713353649015));
#4184 = ( GEOMETRIC_REPRESENTATION_CONTEXT(2) 
PARAMETRIC_REPRESENTATION_CONTEXT() REPRESENTATION_CONTEXT('2D SPACE',''
  ) );
#4185 = ORIENTED_EDGE('',*,*,#903,.T.);
#4186 = ORIENTED_EDGE('',*,*,#880,.T.);
#4187 = ADVANCED_FACE('',(#4188),#840,.T.);
#4188 = FACE_BOUND('',#4189,.T.);
#4189 = EDGE_LOOP('',(#4190,#4191,#4286,#4287));
#4190 = ORIENTED_EDGE('',*,*,#2097,.F.);
#4191 = ORIENTED_EDGE('',*,*,#4192,.F.);
#4192 = EDGE_CURVE('',#801,#2075,#4193,.T.);
#4193 = SURFACE_CURVE('',#4194,(#4221,#4251),.PCURVE_S1.);
#4194 = B_SPLINE_CURVE_WITH_KNOTS('',5,(#4195,#4196,#4197,#4198,#4199,
    #4200,#4201,#4202,#4203,#4204,#4205,#4206,#4207,#4208,#4209,#4210,
    #4211,#4212,#4213,#4214,#4215,#4216,#4217,#4218,#4219,#4220),
  .UNSPECIFIED.,.F.,.F.,(6,4,4,4,4,4,6),(0.,8.100492656774E-02,
    0.171009289518,0.416016842269,0.794020932144,0.948021057006,1.),
  .UNSPECIFIED.);
#4195 = CARTESIAN_POINT('',(7.12741208136,-4.930629587955,-22.49999995)
  );
#4196 = CARTESIAN_POINT('',(7.19024647277,-4.972689325899,
    -22.04638085004));
#4197 = CARTESIAN_POINT('',(7.25308236181,-5.014746744002,
    -21.59276111858));
#4198 = CARTESIAN_POINT('',(7.31591968771,-5.056801929868,
    -21.13914079596));
#4199 = CARTESIAN_POINT('',(7.37875839421,-5.098854965066,
    -20.68551991839));
#4200 = CARTESIAN_POINT('',(7.51141982916,-5.187628637345,
    -19.72788096129));
#4201 = CARTESIAN_POINT('',(7.58124286892,-5.234348787366,
    -19.22386275924));
#4202 = CARTESIAN_POINT('',(7.65106747831,-5.281066479724,
    -18.71984395595));
#4203 = CARTESIAN_POINT('',(7.72089359197,-5.327781810446,
    -18.21582459069));
#4204 = CARTESIAN_POINT('',(7.98080392416,-5.501655943563,
    -16.33977475998));
#4205 = CARTESIAN_POINT('',(8.17089739459,-5.628800180229,
    -14.96774092059));
#4206 = CARTESIAN_POINT('',(8.36100037401,-5.755929332746,
    -13.59570385502));
#4207 = CARTESIAN_POINT('',(8.55111188643,-5.883044864076,
    -12.22366407852));
#4208 = CARTESIAN_POINT('',(9.03455218794,-6.206245916482,
    -8.734799294473));
#4209 = CARTESIAN_POINT('',(9.32789168015,-6.402314265649,
    -6.617971074799));
#4210 = CARTESIAN_POINT('',(9.62124677271,-6.598357378946,
    -4.501138611157));
#4211 = CARTESIAN_POINT('',(9.91461543227,-6.794378388752,
    -2.384302783782));
#4212 = CARTESIAN_POINT('',(10.32752028615,-7.070231490704,
    0.594942967246));
#4213 = CARTESIAN_POINT('',(10.44704650939,-7.150079890857,
    1.457350541297));
#4214 = CARTESIAN_POINT('',(10.5665746078,-7.229925214821,2.319758538721
    ));
#4215 = CARTESIAN_POINT('',(10.68610448343,-7.30976761693,3.182166924733
    ));
#4216 = CARTESIAN_POINT('',(10.84598098033,-7.416555130257,
    4.335660466325));
#4217 = CARTESIAN_POINT('',(10.88632610471,-7.443502708566,
    4.626745303464));
#4218 = CARTESIAN_POINT('',(10.92667141755,-7.470449973832,
    4.917830180578));
#4219 = CARTESIAN_POINT('',(10.96701691559,-7.497396931212,5.20891509658
    ));
#4220 = CARTESIAN_POINT('',(11.00736259698,-7.524343588466,5.50000005));
#4221 = PCURVE('',#840,#4222);
#4222 = DEFINITIONAL_REPRESENTATION('',(#4223),#4250);
#4223 = B_SPLINE_CURVE_WITH_KNOTS('',5,(#4224,#4225,#4226,#4227,#4228,
    #4229,#4230,#4231,#4232,#4233,#4234,#4235,#4236,#4237,#4238,#4239,
    #4240,#4241,#4242,#4243,#4244,#4245,#4246,#4247,#4248,#4249),
  .UNSPECIFIED.,.F.,.F.,(6,4,4,4,4,4,6),(0.,8.100492656774E-02,
    0.171009289518,0.416016842269,0.794020932144,0.948021057006,1.),
  .UNSPECIFIED.);
#4224 = CARTESIAN_POINT('',(2.536402097628,0.));
#4225 = CARTESIAN_POINT('',(2.536535713346,0.453619099953));
#4226 = CARTESIAN_POINT('',(2.536666733614,0.907238831417));
#4227 = CARTESIAN_POINT('',(2.536795259021,1.360859154037));
#4228 = CARTESIAN_POINT('',(2.536921383028,1.814480031601));
#4229 = CARTESIAN_POINT('',(2.537182755766,2.772118988701));
#4230 = CARTESIAN_POINT('',(2.537317461731,3.276137190678));
#4231 = CARTESIAN_POINT('',(2.537449428223,3.78015599395));
#4232 = CARTESIAN_POINT('',(2.537578764734,4.284175359276));
#4233 = CARTESIAN_POINT('',(2.538050763052,6.160225189989));
#4234 = CARTESIAN_POINT('',(2.538377220779,7.5322590295));
#4235 = CARTESIAN_POINT('',(2.538686943023,8.904296095082));
#4236 = CARTESIAN_POINT('',(2.538981586202,10.27633587148));
#4237 = CARTESIAN_POINT('',(2.539695812695,13.765200655533));
#4238 = CARTESIAN_POINT('',(2.540096419766,15.882028875086));
#4239 = CARTESIAN_POINT('',(2.54046921898,17.998861338961));
#4240 = CARTESIAN_POINT('',(2.540817723574,20.115697166178));
#4241 = CARTESIAN_POINT('',(2.541278003455,23.094942917205));
#4242 = CARTESIAN_POINT('',(2.541407678959,23.957350491317));
#4243 = CARTESIAN_POINT('',(2.541533981627,24.819758488752));
#4244 = CARTESIAN_POINT('',(2.541657083163,25.682166874721));
#4245 = CARTESIAN_POINT('',(2.541817658674,26.835660416312));
#4246 = CARTESIAN_POINT('',(2.541857832806,27.126745253683));
#4247 = CARTESIAN_POINT('',(2.541897665805,27.417830130802));
#4248 = CARTESIAN_POINT('',(2.541937163421,27.70891504658));
#4249 = CARTESIAN_POINT('',(2.541976331095,28.));
#4250 = ( GEOMETRIC_REPRESENTATION_CONTEXT(2) 
PARAMETRIC_REPRESENTATION_CONTEXT() REPRESENTATION_CONTEXT('2D SPACE',''
  ) );
#4251 = PCURVE('',#4252,#4257);
#4252 = B_SPLINE_SURFACE_WITH_KNOTS('',1,1,(
    (#4253,#4254)
    ,(#4255,#4256
    )),.UNSPECIFIED.,.F.,.F.,.F.,(2,2),(2,2),(0.,6.351681919032),(0.,1.)
  ,.PIECEWISE_BEZIER_KNOTS.);
#4253 = CARTESIAN_POINT('',(8.92803509128,-8.489121413735,-22.49999995)
  );
#4254 = CARTESIAN_POINT('',(13.73543860197,-13.06018679035,5.50000005));
#4255 = CARTESIAN_POINT('',(7.00403238301,-4.686799732609,-22.49999995)
  );
#4256 = CARTESIAN_POINT('',(10.9277343575,-7.362761049192,5.50000005));
#4257 = DEFINITIONAL_REPRESENTATION('',(#4258),#4285);
#4258 = B_SPLINE_CURVE_WITH_KNOTS('',5,(#4259,#4260,#4261,#4262,#4263,
    #4264,#4265,#4266,#4267,#4268,#4269,#4270,#4271,#4272,#4273,#4274,
    #4275,#4276,#4277,#4278,#4279,#4280,#4281,#4282,#4283,#4284),
  .UNSPECIFIED.,.F.,.F.,(6,4,4,4,4,4,6),(0.,8.100492656774E-02,
    0.171009289518,0.416016842269,0.794020932144,0.948021057006,1.),
  .UNSPECIFIED.);
#4259 = CARTESIAN_POINT('',(5.944370330711,1.001374961428E-10));
#4260 = CARTESIAN_POINT('',(5.949818539304,1.620068224132E-02));
#4261 = CARTESIAN_POINT('',(5.955160752,3.240138680127E-02));
#4262 = CARTESIAN_POINT('',(5.960401083145,4.860211256909E-02));
#4263 = CARTESIAN_POINT('',(5.965543355012,6.480285827146E-02));
#4264 = CARTESIAN_POINT('',(5.976199631669,9.900424959648E-02));
#4265 = CARTESIAN_POINT('',(5.9816914739,0.11700489967));
#4266 = CARTESIAN_POINT('',(5.987071465057,0.135005571216));
#4267 = CARTESIAN_POINT('',(5.992344081966,0.153006262832));
#4268 = CARTESIAN_POINT('',(6.011585324476,0.220008042501));
#4269 = CARTESIAN_POINT('',(6.024892421695,0.26900925105));
#4270 = CARTESIAN_POINT('',(6.037516406202,0.318010574821));
#4271 = CARTESIAN_POINT('',(6.04952497848,0.36701199541));
#4272 = CARTESIAN_POINT('',(6.078632416357,0.491614309126));
#4273 = CARTESIAN_POINT('',(6.094956902486,0.567215316971));
#4274 = CARTESIAN_POINT('',(6.11014686841,0.642816476387));
#4275 = CARTESIAN_POINT('',(6.124345795188,0.718417755936));
#4276 = CARTESIAN_POINT('',(6.143097375425,0.824819389902));
#4277 = CARTESIAN_POINT('',(6.14838012401,0.855619660403));
#4278 = CARTESIAN_POINT('',(6.153525313327,0.886419946026));
#4279 = CARTESIAN_POINT('',(6.158539953794,0.917220245526));
#4280 = CARTESIAN_POINT('',(6.165080947387,0.95841644344));
#4281 = CARTESIAN_POINT('',(6.166717413282,0.968812330481));
#4282 = CARTESIAN_POINT('',(6.168339967278,0.979208218949));
#4283 = CARTESIAN_POINT('',(6.16994884413,0.989604108806));
#4284 = CARTESIAN_POINT('',(6.171544267439,1.));
#4285 = ( GEOMETRIC_REPRESENTATION_CONTEXT(2) 
PARAMETRIC_REPRESENTATION_CONTEXT() REPRESENTATION_CONTEXT('2D SPACE',''
  ) );
#4286 = ORIENTED_EDGE('',*,*,#823,.T.);
#4287 = ORIENTED_EDGE('',*,*,#4288,.T.);
#4288 = EDGE_CURVE('',#824,#2098,#4289,.T.);
#4289 = SURFACE_CURVE('',#4290,(#4317,#4347),.PCURVE_S1.);
#4290 = B_SPLINE_CURVE_WITH_KNOTS('',5,(#4291,#4292,#4293,#4294,#4295,
    #4296,#4297,#4298,#4299,#4300,#4301,#4302,#4303,#4304,#4305,#4306,
    #4307,#4308,#4309,#4310,#4311,#4312,#4313,#4314,#4315,#4316),
  .UNSPECIFIED.,.F.,.F.,(6,4,4,4,4,4,6),(0.,8.100492656521E-02,
    0.167009117287,0.412016758394,0.794020932159,0.948021057014,1.),
  .UNSPECIFIED.);
#4291 = CARTESIAN_POINT('',(7.8337565205,-3.707205131723,-22.49999995));
#4292 = CARTESIAN_POINT('',(7.90159851774,-3.740591441942,
    -22.04638085004));
#4293 = CARTESIAN_POINT('',(7.96943925475,-3.773980209074,
    -21.59276111858));
#4294 = CARTESIAN_POINT('',(8.03727877702,-3.807371336677,
    -21.13914079596));
#4295 = CARTESIAN_POINT('',(8.10511712706,-3.840764735242,
    -20.68551991839));
#4296 = CARTESIAN_POINT('',(8.24497817339,-3.909616936388,
    -19.75028162017));
#4297 = CARTESIAN_POINT('',(8.31700072504,-3.945076017306,
    -19.26866413306));
#4298 = CARTESIAN_POINT('',(8.38902204774,-3.980537466025,
    -18.78704609521));
#4299 = CARTESIAN_POINT('',(8.46104218567,-4.016001190932,
    -18.30542754105));
#4300 = CARTESIAN_POINT('',(8.73822796768,-4.152501958912,
    -16.45177832462));
#4301 = CARTESIAN_POINT('',(8.94338547443,-4.253554588408,
    -15.07974421239));
#4302 = CARTESIAN_POINT('',(9.14853463211,-4.354623076789,-13.7077068467
    ));
#4303 = CARTESIAN_POINT('',(9.35367622462,-4.455705836527,
    -12.33566674802));
#4304 = CARTESIAN_POINT('',(9.87864702229,-4.714425300768,
    -8.824401395822));
#4305 = CARTESIAN_POINT('',(10.19846631312,-4.872080605576,
    -6.685172785962));
#4306 = CARTESIAN_POINT('',(10.51827121367,-5.029762665901,
    -4.54593982342));
#4307 = CARTESIAN_POINT('',(10.83806347714,-5.187468041663,
    -2.406703420209));
#4308 = CARTESIAN_POINT('',(11.28676022466,-5.408779180559,
    0.594942967301));
#4309 = CARTESIAN_POINT('',(11.41567407929,-5.472367726227,
    1.457350541373));
#4310 = CARTESIAN_POINT('',(11.54458620743,-5.53595943394,2.319758538816
    ));
#4311 = CARTESIAN_POINT('',(11.67349669377,-5.599554141694,
    3.182166924851));
#4312 = CARTESIAN_POINT('',(11.84591564157,-5.684617492815,
    4.335660466435));
#4313 = CARTESIAN_POINT('',(11.88942549111,-5.706083606289,4.62674530355
    ));
#4314 = CARTESIAN_POINT('',(11.93293516381,-5.727550039502,
    4.917830180637));
#4315 = CARTESIAN_POINT('',(11.97644466248,-5.749016787037,
    5.208915096608));
#4316 = CARTESIAN_POINT('',(12.0199539929,-5.770483843426,5.50000005));
#4317 = PCURVE('',#840,#4318);
#4318 = DEFINITIONAL_REPRESENTATION('',(#4319),#4346);
#4319 = B_SPLINE_CURVE_WITH_KNOTS('',5,(#4320,#4321,#4322,#4323,#4324,
    #4325,#4326,#4327,#4328,#4329,#4330,#4331,#4332,#4333,#4334,#4335,
    #4336,#4337,#4338,#4339,#4340,#4341,#4342,#4343,#4344,#4345),
  .UNSPECIFIED.,.F.,.F.,(6,4,4,4,4,4,6),(0.,8.100492656521E-02,
    0.167009117287,0.412016758394,0.794020932159,0.948021057014,1.),
  .UNSPECIFIED.);
#4320 = CARTESIAN_POINT('',(2.699585658355,0.));
#4321 = CARTESIAN_POINT('',(2.699452042637,0.453619099953));
#4322 = CARTESIAN_POINT('',(2.699321022369,0.907238831417));
#4323 = CARTESIAN_POINT('',(2.699192496962,1.360859154037));
#4324 = CARTESIAN_POINT('',(2.699066372955,1.814480031601));
#4325 = CARTESIAN_POINT('',(2.69881111413,2.749718329827));
#4326 = CARTESIAN_POINT('',(2.698682273703,3.231335816853));
#4327 = CARTESIAN_POINT('',(2.698555939444,3.71295385469));
#4328 = CARTESIAN_POINT('',(2.698432015481,4.194572408918));
#4329 = CARTESIAN_POINT('',(2.697963994783,6.048221625347));
#4330 = CARTESIAN_POINT('',(2.697636409639,7.420255737699));
#4331 = CARTESIAN_POINT('',(2.697325645847,8.792293103404));
#4332 = CARTESIAN_POINT('',(2.697030035765,10.164333201983));
#4333 = CARTESIAN_POINT('',(2.696308918956,13.675598554185));
#4334 = CARTESIAN_POINT('',(2.695903179599,15.814827163917));
#4335 = CARTESIAN_POINT('',(2.695525915131,17.954060126703));
#4336 = CARTESIAN_POINT('',(2.695173493206,20.093296529751));
#4337 = CARTESIAN_POINT('',(2.694709752528,23.094942917261));
#4338 = CARTESIAN_POINT('',(2.694580077025,23.957350491395));
#4339 = CARTESIAN_POINT('',(2.694453774357,24.819758488851));
#4340 = CARTESIAN_POINT('',(2.694330672821,25.682166874841));
#4341 = CARTESIAN_POINT('',(2.69417009731,26.835660416426));
#4342 = CARTESIAN_POINT('',(2.694129923177,27.126745253768));
#4343 = CARTESIAN_POINT('',(2.694090090178,27.417830130859));
#4344 = CARTESIAN_POINT('',(2.694050592562,27.708915046608));
#4345 = CARTESIAN_POINT('',(2.694011424888,28.));
#4346 = ( GEOMETRIC_REPRESENTATION_CONTEXT(2) 
PARAMETRIC_REPRESENTATION_CONTEXT() REPRESENTATION_CONTEXT('2D SPACE',''
  ) );
#4347 = PCURVE('',#4348,#4353);
#4348 = B_SPLINE_SURFACE_WITH_KNOTS('',1,1,(
    (#4349,#4350)
    ,(#4351,#4352
    )),.UNSPECIFIED.,.F.,.F.,.F.,(2,2),(2,2),(0.,6.351681919032),(0.,1.)
  ,.PIECEWISE_BEZIER_KNOTS.);
#4349 = CARTESIAN_POINT('',(7.56090382239,-3.722270106314,-22.49999995)
  );
#4350 = CARTESIAN_POINT('',(11.84020528934,-5.782315034812,5.50000005));
#4351 = CARTESIAN_POINT('',(11.81581234574,-3.487344488065,-22.49999995)
  );
#4352 = CARTESIAN_POINT('',(18.1781728396,-5.365145366253,5.50000005));
#4353 = DEFINITIONAL_REPRESENTATION('',(#4354),#4381);
#4354 = B_SPLINE_CURVE_WITH_KNOTS('',5,(#4355,#4356,#4357,#4358,#4359,
    #4360,#4361,#4362,#4363,#4364,#4365,#4366,#4367,#4368,#4369,#4370,
    #4371,#4372,#4373,#4374,#4375,#4376,#4377,#4378,#4379,#4380),
  .UNSPECIFIED.,.F.,.F.,(6,4,4,4,4,4,6),(0.,8.100492656521E-02,
    0.167009117287,0.412016758394,0.794020932159,0.948021057014,1.),
  .UNSPECIFIED.);
#4355 = CARTESIAN_POINT('',(0.407311588321,1.001375065791E-10));
#4356 = CARTESIAN_POINT('',(0.401863379729,1.620068224132E-02));
#4357 = CARTESIAN_POINT('',(0.396521167032,3.240138680127E-02));
#4358 = CARTESIAN_POINT('',(0.391280835887,4.860211256909E-02));
#4359 = CARTESIAN_POINT('',(0.38613856402,6.480285827146E-02));
#4360 = CARTESIAN_POINT('',(0.375731554184,9.820422606526E-02));
#4361 = CARTESIAN_POINT('',(0.370478837085,0.115404850605));
#4362 = CARTESIAN_POINT('',(0.365328445613,0.132605494814));
#4363 = CARTESIAN_POINT('',(0.360276459808,0.149806157462));
#4364 = CARTESIAN_POINT('',(0.341197268098,0.216007915192));
#4365 = CARTESIAN_POINT('',(0.327844149674,0.265009133486));
#4366 = CARTESIAN_POINT('',(0.315177653839,0.314010467975));
#4367 = CARTESIAN_POINT('',(0.303129620683,0.363011900071));
#4368 = CARTESIAN_POINT('',(0.273741251384,0.488414234078));
#4369 = CARTESIAN_POINT('',(0.257207583873,0.564815255858));
#4370 = CARTESIAN_POINT('',(0.241835653612,0.641216433092));
#4371 = CARTESIAN_POINT('',(0.22747711501,0.717617733207));
#4372 = CARTESIAN_POINT('',(0.208584543607,0.824819389904));
#4373 = CARTESIAN_POINT('',(0.20330179504,0.855619660406));
#4374 = CARTESIAN_POINT('',(0.198156605731,0.886419946029));
#4375 = CARTESIAN_POINT('',(0.19314196526,0.91722024553));
#4376 = CARTESIAN_POINT('',(0.186600971667,0.958416443444));
#4377 = CARTESIAN_POINT('',(0.184964505742,0.968812330484));
#4378 = CARTESIAN_POINT('',(0.183341951738,0.979208218951));
#4379 = CARTESIAN_POINT('',(0.181733074901,0.989604108807));
#4380 = CARTESIAN_POINT('',(0.180137651593,1.));
#4381 = ( GEOMETRIC_REPRESENTATION_CONTEXT(2) 
PARAMETRIC_REPRESENTATION_CONTEXT() REPRESENTATION_CONTEXT('2D SPACE',''
  ) );
#4382 = ADVANCED_FACE('',(#4383),#765,.F.);
#4383 = FACE_BOUND('',#4384,.F.);
#4384 = EDGE_LOOP('',(#4385,#4386,#4417,#4418));
#4385 = ORIENTED_EDGE('',*,*,#749,.T.);
#4386 = ORIENTED_EDGE('',*,*,#4387,.T.);
#4387 = EDGE_CURVE('',#721,#801,#4388,.T.);
#4388 = SURFACE_CURVE('',#4389,(#4394,#4401),.PCURVE_S1.);
#4389 = CIRCLE('',#4390,8.666666666667);
#4390 = AXIS2_PLACEMENT_3D('',#4391,#4392,#4393);
#4391 = CARTESIAN_POINT('',(2.415845301584E-13,-2.30926389122E-12,
    -22.49999995));
#4392 = DIRECTION('',(0.,0.,1.));
#4393 = DIRECTION('',(-1.,0.,0.));
#4394 = PCURVE('',#765,#4395);
#4395 = DEFINITIONAL_REPRESENTATION('',(#4396),#4400);
#4396 = CIRCLE('',#4397,8.666666666667);
#4397 = AXIS2_PLACEMENT_2D('',#4398,#4399);
#4398 = CARTESIAN_POINT('',(0.,0.));
#4399 = DIRECTION('',(1.,0.));
#4400 = ( GEOMETRIC_REPRESENTATION_CONTEXT(2) 
PARAMETRIC_REPRESENTATION_CONTEXT() REPRESENTATION_CONTEXT('2D SPACE',''
  ) );
#4401 = PCURVE('',#4402,#4407);
#4402 = PLANE('',#4403);
#4403 = AXIS2_PLACEMENT_3D('',#4404,#4405,#4406);
#4404 = CARTESIAN_POINT('',(7.00403238301,-4.686799732609,-22.49999995)
  );
#4405 = DIRECTION('',(-0.,0.,-1.));
#4406 = DIRECTION('',(0.330480601659,-0.943812784363,0.));
#4407 = DEFINITIONAL_REPRESENTATION('',(#4408),#4416);
#4408 = ( BOUNDED_CURVE() B_SPLINE_CURVE(2,(#4409,#4410,#4411,#4412,
#4413,#4414,#4415),.UNSPECIFIED.,.T.,.F.) B_SPLINE_CURVE_WITH_KNOTS((1,2
    ,2,2,2,1),(-2.094395102393,0.,2.094395102393,4.188790204786,
6.28318530718,8.377580409573),.UNSPECIFIED.) CURVE() 
GEOMETRIC_REPRESENTATION_ITEM() RATIONAL_B_SPLINE_CURVE((1.,0.5,1.,0.5,
1.,0.5,1.)) REPRESENTATION_ITEM('') );
#4409 = CARTESIAN_POINT('',(-9.602323555738,13.241309707504));
#4410 = CARTESIAN_POINT('',(4.565351137294,18.202189380078));
#4411 = CARTESIAN_POINT('',(1.777761612345,3.452183347071));
#4412 = CARTESIAN_POINT('',(-1.009827912604,-11.29782268593));
#4413 = CARTESIAN_POINT('',(-12.38991308068,-1.508696325504));
#4414 = CARTESIAN_POINT('',(-23.76999824877,8.280430034929));
#4415 = CARTESIAN_POINT('',(-9.602323555738,13.241309707504));
#4416 = ( GEOMETRIC_REPRESENTATION_CONTEXT(2) 
PARAMETRIC_REPRESENTATION_CONTEXT() REPRESENTATION_CONTEXT('2D SPACE',''
  ) );
#4417 = ORIENTED_EDGE('',*,*,#800,.T.);
#4418 = ORIENTED_EDGE('',*,*,#777,.T.);
#4419 = ADVANCED_FACE('',(#4420),#737,.T.);
#4420 = FACE_BOUND('',#4421,.T.);
#4421 = EDGE_LOOP('',(#4422,#4423,#4518,#4519));
#4422 = ORIENTED_EDGE('',*,*,#1999,.F.);
#4423 = ORIENTED_EDGE('',*,*,#4424,.F.);
#4424 = EDGE_CURVE('',#698,#1977,#4425,.T.);
#4425 = SURFACE_CURVE('',#4426,(#4453,#4483),.PCURVE_S1.);
#4426 = B_SPLINE_CURVE_WITH_KNOTS('',5,(#4427,#4428,#4429,#4430,#4431,
    #4432,#4433,#4434,#4435,#4436,#4437,#4438,#4439,#4440,#4441,#4442,
    #4443,#4444,#4445,#4446,#4447,#4448,#4449,#4450,#4451,#4452),
  .UNSPECIFIED.,.F.,.F.,(6,4,4,4,4,4,6),(0.,8.100492656521E-02,
    0.167009117287,0.412016758394,0.794020932159,0.948021057014,1.),
  .UNSPECIFIED.);
#4427 = CARTESIAN_POINT('',(3.70720513172,-7.833756520501,-22.49999995)
  );
#4428 = CARTESIAN_POINT('',(3.74059144194,-7.901598517741,
    -22.04638085004));
#4429 = CARTESIAN_POINT('',(3.77398020907,-7.969439254759,
    -21.59276111858));
#4430 = CARTESIAN_POINT('',(3.80737133667,-8.03727877703,-21.13914079596
    ));
#4431 = CARTESIAN_POINT('',(3.84076473524,-8.105117127064,
    -20.68551991839));
#4432 = CARTESIAN_POINT('',(3.90961693638,-8.244978173393,
    -19.75028162017));
#4433 = CARTESIAN_POINT('',(3.9450760173,-8.317000725047,-19.26866413306
    ));
#4434 = CARTESIAN_POINT('',(3.98053746602,-8.389022047743,
    -18.78704609521));
#4435 = CARTESIAN_POINT('',(4.01600119093,-8.461042185677,
    -18.30542754105));
#4436 = CARTESIAN_POINT('',(4.15250195891,-8.738227967685,
    -16.45177832462));
#4437 = CARTESIAN_POINT('',(4.2535545884,-8.943385474435,-15.07974421239
    ));
#4438 = CARTESIAN_POINT('',(4.35462307678,-9.14853463212,-13.7077068467)
  );
#4439 = CARTESIAN_POINT('',(4.45570583652,-9.353676224629,
    -12.33566674802));
#4440 = CARTESIAN_POINT('',(4.71442530076,-9.87864702229,-8.824401395822
    ));
#4441 = CARTESIAN_POINT('',(4.87208060557,-10.19846631311,
    -6.685172785962));
#4442 = CARTESIAN_POINT('',(5.0297626659,-10.51827121367,-4.54593982342)
  );
#4443 = CARTESIAN_POINT('',(5.18746804166,-10.83806347713,
    -2.406703420209));
#4444 = CARTESIAN_POINT('',(5.40877918055,-11.28676022466,0.594942967301
    ));
#4445 = CARTESIAN_POINT('',(5.47236772622,-11.41567407929,1.457350541373
    ));
#4446 = CARTESIAN_POINT('',(5.53595943394,-11.54458620743,2.319758538816
    ));
#4447 = CARTESIAN_POINT('',(5.59955414169,-11.67349669377,3.182166924851
    ));
#4448 = CARTESIAN_POINT('',(5.68461749281,-11.84591564157,4.335660466435
    ));
#4449 = CARTESIAN_POINT('',(5.70608360628,-11.88942549111,4.62674530355)
  );
#4450 = CARTESIAN_POINT('',(5.7275500395,-11.9329351638,4.917830180637)
  );
#4451 = CARTESIAN_POINT('',(5.74901678703,-11.97644466248,5.208915096608
    ));
#4452 = CARTESIAN_POINT('',(5.77048384342,-12.0199539929,5.50000005));
#4453 = PCURVE('',#737,#4454);
#4454 = DEFINITIONAL_REPRESENTATION('',(#4455),#4482);
#4455 = B_SPLINE_CURVE_WITH_KNOTS('',5,(#4456,#4457,#4458,#4459,#4460,
    #4461,#4462,#4463,#4464,#4465,#4466,#4467,#4468,#4469,#4470,#4471,
    #4472,#4473,#4474,#4475,#4476,#4477,#4478,#4479,#4480,#4481),
  .UNSPECIFIED.,.F.,.F.,(6,4,4,4,4,4,6),(0.,8.100492656521E-02,
    0.167009117287,0.412016758394,0.794020932159,0.948021057014,1.),
  .UNSPECIFIED.);
#4456 = CARTESIAN_POINT('',(2.01280332203,0.));
#4457 = CARTESIAN_POINT('',(2.012936937748,0.453619099953));
#4458 = CARTESIAN_POINT('',(2.013067958015,0.907238831417));
#4459 = CARTESIAN_POINT('',(2.013196483422,1.360859154038));
#4460 = CARTESIAN_POINT('',(2.01332260743,1.814480031601));
#4461 = CARTESIAN_POINT('',(2.013577866254,2.749718329827));
#4462 = CARTESIAN_POINT('',(2.013706706681,3.231335816853));
#4463 = CARTESIAN_POINT('',(2.013833040941,3.71295385469));
#4464 = CARTESIAN_POINT('',(2.013956964904,4.194572408918));
#4465 = CARTESIAN_POINT('',(2.014424985602,6.048221625347));
#4466 = CARTESIAN_POINT('',(2.014752570746,7.420255737699));
#4467 = CARTESIAN_POINT('',(2.015063334538,8.792293103404));
#4468 = CARTESIAN_POINT('',(2.01535894462,10.164333201983));
#4469 = CARTESIAN_POINT('',(2.016080061429,13.675598554185));
#4470 = CARTESIAN_POINT('',(2.016485800786,15.814827163916));
#4471 = CARTESIAN_POINT('',(2.016863065254,17.954060126703));
#4472 = CARTESIAN_POINT('',(2.017215487179,20.093296529751));
#4473 = CARTESIAN_POINT('',(2.017679227857,23.094942917261));
#4474 = CARTESIAN_POINT('',(2.01780890336,23.957350491395));
#4475 = CARTESIAN_POINT('',(2.017935206028,24.819758488851));
#4476 = CARTESIAN_POINT('',(2.018058307563,25.682166874841));
#4477 = CARTESIAN_POINT('',(2.018218883075,26.835660416426));
#4478 = CARTESIAN_POINT('',(2.018259057208,27.126745253768));
#4479 = CARTESIAN_POINT('',(2.018298890207,27.417830130859));
#4480 = CARTESIAN_POINT('',(2.018338387823,27.708915046608));
#4481 = CARTESIAN_POINT('',(2.018377555496,28.));
#4482 = ( GEOMETRIC_REPRESENTATION_CONTEXT(2) 
PARAMETRIC_REPRESENTATION_CONTEXT() REPRESENTATION_CONTEXT('2D SPACE',''
  ) );
#4483 = PCURVE('',#4484,#4489);
#4484 = B_SPLINE_SURFACE_WITH_KNOTS('',1,1,(
    (#4485,#4486)
    ,(#4487,#4488
    )),.UNSPECIFIED.,.F.,.F.,.F.,(2,2),(2,2),(0.,6.351681919032),(0.,1.)
  ,.PIECEWISE_BEZIER_KNOTS.);
#4485 = CARTESIAN_POINT('',(3.48734448806,-11.81581234574,-22.49999995)
  );
#4486 = CARTESIAN_POINT('',(5.36514536625,-18.1781728396,5.50000005));
#4487 = CARTESIAN_POINT('',(3.72227010631,-7.560903822395,-22.49999995)
  );
#4488 = CARTESIAN_POINT('',(5.78231503481,-11.84020528934,5.50000005));
#4489 = DEFINITIONAL_REPRESENTATION('',(#4490),#4517);
#4490 = B_SPLINE_CURVE_WITH_KNOTS('',5,(#4491,#4492,#4493,#4494,#4495,
    #4496,#4497,#4498,#4499,#4500,#4501,#4502,#4503,#4504,#4505,#4506,
    #4507,#4508,#4509,#4510,#4511,#4512,#4513,#4514,#4515,#4516),
  .UNSPECIFIED.,.F.,.F.,(6,4,4,4,4,4,6),(0.,8.100492656521E-02,
    0.167009117287,0.412016758394,0.794020932159,0.948021057014,1.),
  .UNSPECIFIED.);
#4491 = CARTESIAN_POINT('',(5.944370330711,1.001374961428E-10));
#4492 = CARTESIAN_POINT('',(5.949818539304,1.620068224132E-02));
#4493 = CARTESIAN_POINT('',(5.955160752,3.240138680127E-02));
#4494 = CARTESIAN_POINT('',(5.960401083145,4.86021125691E-02));
#4495 = CARTESIAN_POINT('',(5.965543355012,6.480285827147E-02));
#4496 = CARTESIAN_POINT('',(5.975950364848,9.820422606526E-02));
#4497 = CARTESIAN_POINT('',(5.981203081947,0.115404850605));
#4498 = CARTESIAN_POINT('',(5.986353473419,0.132605494814));
#4499 = CARTESIAN_POINT('',(5.991405459225,0.149806157462));
#4500 = CARTESIAN_POINT('',(6.010484650934,0.216007915192));
#4501 = CARTESIAN_POINT('',(6.023837769358,0.265009133486));
#4502 = CARTESIAN_POINT('',(6.036504265193,0.314010467975));
#4503 = CARTESIAN_POINT('',(6.048552298349,0.363011900071));
#4504 = CARTESIAN_POINT('',(6.077940667649,0.488414234078));
#4505 = CARTESIAN_POINT('',(6.094474335159,0.564815255858));
#4506 = CARTESIAN_POINT('',(6.10984626542,0.641216433092));
#4507 = CARTESIAN_POINT('',(6.124204804022,0.717617733207));
#4508 = CARTESIAN_POINT('',(6.143097375425,0.824819389904));
#4509 = CARTESIAN_POINT('',(6.148380123992,0.855619660406));
#4510 = CARTESIAN_POINT('',(6.153525313301,0.886419946029));
#4511 = CARTESIAN_POINT('',(6.158539953772,0.91722024553));
#4512 = CARTESIAN_POINT('',(6.165080947366,0.958416443444));
#4513 = CARTESIAN_POINT('',(6.16671741329,0.968812330484));
#4514 = CARTESIAN_POINT('',(6.168339967294,0.979208218951));
#4515 = CARTESIAN_POINT('',(6.169948844131,0.989604108807));
#4516 = CARTESIAN_POINT('',(6.171544267439,1.));
#4517 = ( GEOMETRIC_REPRESENTATION_CONTEXT(2) 
PARAMETRIC_REPRESENTATION_CONTEXT() REPRESENTATION_CONTEXT('2D SPACE',''
  ) );
#4518 = ORIENTED_EDGE('',*,*,#720,.T.);
#4519 = ORIENTED_EDGE('',*,*,#4520,.T.);
#4520 = EDGE_CURVE('',#721,#2000,#4521,.T.);
#4521 = SURFACE_CURVE('',#4522,(#4549,#4579),.PCURVE_S1.);
#4522 = B_SPLINE_CURVE_WITH_KNOTS('',5,(#4523,#4524,#4525,#4526,#4527,
    #4528,#4529,#4530,#4531,#4532,#4533,#4534,#4535,#4536,#4537,#4538,
    #4539,#4540,#4541,#4542,#4543,#4544,#4545,#4546,#4547,#4548),
  .UNSPECIFIED.,.F.,.F.,(6,4,4,4,4,4,6),(0.,8.100492656774E-02,
    0.171009289518,0.416016842269,0.794020932144,0.948021057006,1.),
  .UNSPECIFIED.);
#4523 = CARTESIAN_POINT('',(4.93062958795,-7.127412081361,-22.49999995)
  );
#4524 = CARTESIAN_POINT('',(4.97268932589,-7.19024647277,-22.04638085004
    ));
#4525 = CARTESIAN_POINT('',(5.014746744,-7.253082361816,-21.59276111858)
  );
#4526 = CARTESIAN_POINT('',(5.05680192986,-7.315919687717,
    -21.13914079596));
#4527 = CARTESIAN_POINT('',(5.09885496506,-7.37875839421,-20.68551991839
    ));
#4528 = CARTESIAN_POINT('',(5.18762863734,-7.511419829169,
    -19.72788096129));
#4529 = CARTESIAN_POINT('',(5.23434878736,-7.58124286893,-19.22386275924
    ));
#4530 = CARTESIAN_POINT('',(5.28106647972,-7.651067478319,
    -18.71984395595));
#4531 = CARTESIAN_POINT('',(5.32778181044,-7.72089359197,-18.21582459069
    ));
#4532 = CARTESIAN_POINT('',(5.50165594356,-7.980803924164,
    -16.33977475998));
#4533 = CARTESIAN_POINT('',(5.62880018022,-8.170897394595,
    -14.96774092059));
#4534 = CARTESIAN_POINT('',(5.75592933274,-8.361000374014,
    -13.59570385502));
#4535 = CARTESIAN_POINT('',(5.88304486407,-8.551111886433,
    -12.22366407852));
#4536 = CARTESIAN_POINT('',(6.20624591648,-9.034552187949,
    -8.734799294473));
#4537 = CARTESIAN_POINT('',(6.40231426564,-9.327891680153,
    -6.617971074798));
#4538 = CARTESIAN_POINT('',(6.59835737894,-9.621246772717,
    -4.501138611158));
#4539 = CARTESIAN_POINT('',(6.79437838875,-9.914615432273,
    -2.384302783781));
#4540 = CARTESIAN_POINT('',(7.0702314907,-10.32752028614,0.594942967245)
  );
#4541 = CARTESIAN_POINT('',(7.15007989085,-10.44704650938,1.457350541298
    ));
#4542 = CARTESIAN_POINT('',(7.22992521482,-10.5665746078,2.319758538721)
  );
#4543 = CARTESIAN_POINT('',(7.30976761693,-10.68610448343,3.182166924733
    ));
#4544 = CARTESIAN_POINT('',(7.41655513025,-10.84598098033,4.335660466325
    ));
#4545 = CARTESIAN_POINT('',(7.44350270856,-10.88632610471,4.626745303464
    ));
#4546 = CARTESIAN_POINT('',(7.47044997383,-10.92667141755,4.917830180578
    ));
#4547 = CARTESIAN_POINT('',(7.49739693121,-10.96701691559,5.20891509658)
  );
#4548 = CARTESIAN_POINT('',(7.52434358846,-11.00736259698,5.50000005));
#4549 = PCURVE('',#737,#4550);
#4550 = DEFINITIONAL_REPRESENTATION('',(#4551),#4578);
#4551 = B_SPLINE_CURVE_WITH_KNOTS('',5,(#4552,#4553,#4554,#4555,#4556,
    #4557,#4558,#4559,#4560,#4561,#4562,#4563,#4564,#4565,#4566,#4567,
    #4568,#4569,#4570,#4571,#4572,#4573,#4574,#4575,#4576,#4577),
  .UNSPECIFIED.,.F.,.F.,(6,4,4,4,4,4,6),(0.,8.100492656774E-02,
    0.171009289518,0.416016842269,0.794020932144,0.948021057006,1.),
  .UNSPECIFIED.);
#4552 = CARTESIAN_POINT('',(2.175986882757,0.));
#4553 = CARTESIAN_POINT('',(2.175853267039,0.453619099953));
#4554 = CARTESIAN_POINT('',(2.175722246771,0.907238831417));
#4555 = CARTESIAN_POINT('',(2.175593721364,1.360859154037));
#4556 = CARTESIAN_POINT('',(2.175467597356,1.814480031601));
#4557 = CARTESIAN_POINT('',(2.175206224619,2.772118988701));
#4558 = CARTESIAN_POINT('',(2.175071518654,3.276137190678));
#4559 = CARTESIAN_POINT('',(2.174939552162,3.78015599395));
#4560 = CARTESIAN_POINT('',(2.174810215651,4.284175359276));
#4561 = CARTESIAN_POINT('',(2.174338217333,6.160225189989));
#4562 = CARTESIAN_POINT('',(2.174011759606,7.532259029499));
#4563 = CARTESIAN_POINT('',(2.173702037362,8.904296095082));
#4564 = CARTESIAN_POINT('',(2.173407394183,10.276335871481));
#4565 = CARTESIAN_POINT('',(2.172693167689,13.765200655533));
#4566 = CARTESIAN_POINT('',(2.172292560619,15.882028875087));
#4567 = CARTESIAN_POINT('',(2.171919761405,17.99886133896));
#4568 = CARTESIAN_POINT('',(2.171571256811,20.115697166179));
#4569 = CARTESIAN_POINT('',(2.17111097693,23.094942917205));
#4570 = CARTESIAN_POINT('',(2.170981301426,23.957350491318));
#4571 = CARTESIAN_POINT('',(2.170854998758,24.819758488752));
#4572 = CARTESIAN_POINT('',(2.170731897222,25.682166874721));
#4573 = CARTESIAN_POINT('',(2.17057132171,26.835660416312));
#4574 = CARTESIAN_POINT('',(2.170531147579,27.126745253683));
#4575 = CARTESIAN_POINT('',(2.17049131458,27.417830130802));
#4576 = CARTESIAN_POINT('',(2.170451816963,27.70891504658));
#4577 = CARTESIAN_POINT('',(2.17041264929,28.));
#4578 = ( GEOMETRIC_REPRESENTATION_CONTEXT(2) 
PARAMETRIC_REPRESENTATION_CONTEXT() REPRESENTATION_CONTEXT('2D SPACE',''
  ) );
#4579 = PCURVE('',#4580,#4585);
#4580 = B_SPLINE_SURFACE_WITH_KNOTS('',1,1,(
    (#4581,#4582)
    ,(#4583,#4584
    )),.UNSPECIFIED.,.F.,.F.,.F.,(2,2),(2,2),(0.,6.351681919032),(0.,1.)
  ,.PIECEWISE_BEZIER_KNOTS.);
#4581 = CARTESIAN_POINT('',(4.6867997326,-7.004032383012,-22.49999995));
#4582 = CARTESIAN_POINT('',(7.36276104919,-10.9277343575,5.50000005));
#4583 = CARTESIAN_POINT('',(8.48912141373,-8.928035091285,-22.49999995)
  );
#4584 = CARTESIAN_POINT('',(13.06018679036,-13.73543860197,5.50000005));
#4585 = DEFINITIONAL_REPRESENTATION('',(#4586),#4613);
#4586 = B_SPLINE_CURVE_WITH_KNOTS('',5,(#4587,#4588,#4589,#4590,#4591,
    #4592,#4593,#4594,#4595,#4596,#4597,#4598,#4599,#4600,#4601,#4602,
    #4603,#4604,#4605,#4606,#4607,#4608,#4609,#4610,#4611,#4612),
  .UNSPECIFIED.,.F.,.F.,(6,4,4,4,4,4,6),(0.,8.100492656774E-02,
    0.171009289518,0.416016842269,0.794020932144,0.948021057006,1.),
  .UNSPECIFIED.);
#4587 = CARTESIAN_POINT('',(0.407311588321,1.001374961427E-10));
#4588 = CARTESIAN_POINT('',(0.401863379729,1.620068224132E-02));
#4589 = CARTESIAN_POINT('',(0.396521167032,3.240138680127E-02));
#4590 = CARTESIAN_POINT('',(0.391280835887,4.860211256909E-02));
#4591 = CARTESIAN_POINT('',(0.38613856402,6.480285827146E-02));
#4592 = CARTESIAN_POINT('',(0.375482287363,9.900424959648E-02));
#4593 = CARTESIAN_POINT('',(0.369990445132,0.11700489967));
#4594 = CARTESIAN_POINT('',(0.364610453975,0.135005571216));
#4595 = CARTESIAN_POINT('',(0.359337837066,0.153006262832));
#4596 = CARTESIAN_POINT('',(0.340096594556,0.220008042501));
#4597 = CARTESIAN_POINT('',(0.326789497337,0.26900925105));
#4598 = CARTESIAN_POINT('',(0.31416551283,0.318010574821));
#4599 = CARTESIAN_POINT('',(0.302156940552,0.36701199541));
#4600 = CARTESIAN_POINT('',(0.273049502675,0.491614309126));
#4601 = CARTESIAN_POINT('',(0.256725016546,0.567215316972));
#4602 = CARTESIAN_POINT('',(0.241535050622,0.642816476387));
#4603 = CARTESIAN_POINT('',(0.227336123844,0.718417755936));
#4604 = CARTESIAN_POINT('',(0.208584543607,0.824819389902));
#4605 = CARTESIAN_POINT('',(0.203301795022,0.855619660403));
#4606 = CARTESIAN_POINT('',(0.198156605705,0.886419946026));
#4607 = CARTESIAN_POINT('',(0.193141965239,0.917220245526));
#4608 = CARTESIAN_POINT('',(0.186600971646,0.95841644344));
#4609 = CARTESIAN_POINT('',(0.18496450575,0.968812330481));
#4610 = CARTESIAN_POINT('',(0.183341951754,0.979208218949));
#4611 = CARTESIAN_POINT('',(0.181733074902,0.989604108806));
#4612 = CARTESIAN_POINT('',(0.180137651593,1.));
#4613 = ( GEOMETRIC_REPRESENTATION_CONTEXT(2) 
PARAMETRIC_REPRESENTATION_CONTEXT() REPRESENTATION_CONTEXT('2D SPACE',''
  ) );
#4614 = ADVANCED_FACE('',(#4615),#662,.F.);
#4615 = FACE_BOUND('',#4616,.F.);
#4616 = EDGE_LOOP('',(#4617,#4618,#4649,#4650));
#4617 = ORIENTED_EDGE('',*,*,#646,.T.);
#4618 = ORIENTED_EDGE('',*,*,#4619,.T.);
#4619 = EDGE_CURVE('',#618,#698,#4620,.T.);
#4620 = SURFACE_CURVE('',#4621,(#4626,#4633),.PCURVE_S1.);
#4621 = CIRCLE('',#4622,8.666666666667);
#4622 = AXIS2_PLACEMENT_3D('',#4623,#4624,#4625);
#4623 = CARTESIAN_POINT('',(2.415845301584E-13,-2.30926389122E-12,
    -22.49999995));
#4624 = DIRECTION('',(0.,0.,1.));
#4625 = DIRECTION('',(-1.,0.,0.));
#4626 = PCURVE('',#662,#4627);
#4627 = DEFINITIONAL_REPRESENTATION('',(#4628),#4632);
#4628 = CIRCLE('',#4629,8.666666666667);
#4629 = AXIS2_PLACEMENT_2D('',#4630,#4631);
#4630 = CARTESIAN_POINT('',(0.,0.));
#4631 = DIRECTION('',(1.,0.));
#4632 = ( GEOMETRIC_REPRESENTATION_CONTEXT(2) 
PARAMETRIC_REPRESENTATION_CONTEXT() REPRESENTATION_CONTEXT('2D SPACE',''
  ) );
#4633 = PCURVE('',#4634,#4639);
#4634 = PLANE('',#4635);
#4635 = AXIS2_PLACEMENT_3D('',#4636,#4637,#4638);
#4636 = CARTESIAN_POINT('',(3.72227010631,-7.560903822395,-22.49999995)
  );
#4637 = DIRECTION('',(-0.,0.,-1.));
#4638 = DIRECTION('',(-0.185701795687,-0.982606148504,0.));
#4639 = DEFINITIONAL_REPRESENTATION('',(#4640),#4648);
#4640 = ( BOUNDED_CURVE() B_SPLINE_CURVE(2,(#4641,#4642,#4643,#4644,
#4645,#4646,#4647),.UNSPECIFIED.,.T.,.F.) B_SPLINE_CURVE_WITH_KNOTS((1,2
    ,2,2,2,1),(-2.094395102393,0.,2.094395102393,4.188790204786,
6.28318530718,8.377580409573),.UNSPECIFIED.) CURVE() 
GEOMETRIC_REPRESENTATION_ITEM() RATIONAL_B_SPLINE_CURVE((1.,0.5,1.,0.5,
1.,0.5,1.)) REPRESENTATION_ITEM('') );
#4641 = CARTESIAN_POINT('',(-5.128742778738,13.577518863395));
#4642 = CARTESIAN_POINT('',(9.621263254268,10.789929338443));
#4643 = CARTESIAN_POINT('',(-0.167863106167,-0.590155829639));
#4644 = CARTESIAN_POINT('',(-9.956989466602,-11.97024099772));
#4645 = CARTESIAN_POINT('',(-14.91786913917,2.197433695313));
#4646 = CARTESIAN_POINT('',(-19.87874881174,16.365108388347));
#4647 = CARTESIAN_POINT('',(-5.128742778738,13.577518863395));
#4648 = ( GEOMETRIC_REPRESENTATION_CONTEXT(2) 
PARAMETRIC_REPRESENTATION_CONTEXT() REPRESENTATION_CONTEXT('2D SPACE',''
  ) );
#4649 = ORIENTED_EDGE('',*,*,#697,.T.);
#4650 = ORIENTED_EDGE('',*,*,#674,.T.);
#4651 = ADVANCED_FACE('',(#4652),#634,.T.);
#4652 = FACE_BOUND('',#4653,.T.);
#4653 = EDGE_LOOP('',(#4654,#4655,#4738,#4739));
#4654 = ORIENTED_EDGE('',*,*,#1901,.F.);
#4655 = ORIENTED_EDGE('',*,*,#4656,.F.);
#4656 = EDGE_CURVE('',#595,#1879,#4657,.T.);
#4657 = SURFACE_CURVE('',#4658,(#4681,#4707),.PCURVE_S1.);
#4658 = B_SPLINE_CURVE_WITH_KNOTS('',5,(#4659,#4660,#4661,#4662,#4663,
    #4664,#4665,#4666,#4667,#4668,#4669,#4670,#4671,#4672,#4673,#4674,
    #4675,#4676,#4677,#4678,#4679,#4680),.UNSPECIFIED.,.F.,.F.,(6,4,4,4,
    4,6),(0.,0.231011658054,0.462017731493,0.693020452554,0.923021079772
    ,1.),.UNSPECIFIED.);
#4659 = CARTESIAN_POINT('',(-0.70634443914,-8.637834719676,-22.49999995)
  );
#4660 = CARTESIAN_POINT('',(-0.72062524124,-8.852993444112,-21.206358874
    ));
#4661 = CARTESIAN_POINT('',(-0.73488361384,-9.068153282007,
    -19.91271266995));
#4662 = CARTESIAN_POINT('',(-0.74912202493,-9.28331403194,
    -18.61906225201));
#4663 = CARTESIAN_POINT('',(-0.7633424137,-9.498475547282,
    -17.32540829409));
#4664 = CARTESIAN_POINT('',(-0.79175006397,-9.928794693119,
    -14.73812553193));
#4665 = CARTESIAN_POINT('',(-0.80593733193,-10.14395232126,
    -13.44449674075));
#4666 = CARTESIAN_POINT('',(-0.82010981543,-10.35911049812,
    -12.15086538908));
#4667 = CARTESIAN_POINT('',(-0.83426886082,-10.57426914019,
    -10.85723185506));
#4668 = CARTESIAN_POINT('',(-0.86256205358,-11.00458411289,
    -8.26997973524));
#4669 = CARTESIAN_POINT('',(-0.87669621071,-11.21974044201,
    -6.976361156864));
#4670 = CARTESIAN_POINT('',(-0.89081913048,-11.43489711391,
    -5.682740950378));
#4671 = CARTESIAN_POINT('',(-0.90493175023,-11.65005408004,
    -4.389119335511));
#4672 = CARTESIAN_POINT('',(-0.93307676088,-12.07943517327,
    -1.807485372464));
#4673 = CARTESIAN_POINT('',(-0.94710923974,-12.29365929739,
    -0.519473038641));
#4674 = CARTESIAN_POINT('',(-0.9611330513,-12.50788364086,0.768540363177
    ));
#4675 = CARTESIAN_POINT('',(-0.97514885982,-12.7221081746,2.05655470087)
  );
#4676 = CARTESIAN_POINT('',(-0.99384568445,-13.00803175162,3.77565572972
    ));
#4677 = CARTESIAN_POINT('',(-0.99853331096,-13.07973064552,
    4.206741679066));
#4678 = CARTESIAN_POINT('',(-1.00322012506,-13.15142955738,
    4.637827717934));
#4679 = CARTESIAN_POINT('',(-1.00790614698,-13.2231284864,5.068913842698
    ));
#4680 = CARTESIAN_POINT('',(-1.0125913959,-13.29482743185,5.50000005));
#4681 = PCURVE('',#634,#4682);
#4682 = DEFINITIONAL_REPRESENTATION('',(#4683),#4706);
#4683 = B_SPLINE_CURVE_WITH_KNOTS('',5,(#4684,#4685,#4686,#4687,#4688,
    #4689,#4690,#4691,#4692,#4693,#4694,#4695,#4696,#4697,#4698,#4699,
    #4700,#4701,#4702,#4703,#4704,#4705),.UNSPECIFIED.,.F.,.F.,(6,4,4,4,
    4,6),(0.,0.231011658054,0.462017731493,0.693020452554,0.923021079772
    ,1.),.UNSPECIFIED.);
#4684 = CARTESIAN_POINT('',(1.489204546431,0.));
#4685 = CARTESIAN_POINT('',(1.48958559472,1.293641075993));
#4686 = CARTESIAN_POINT('',(1.48994553445,2.587287280049));
#4687 = CARTESIAN_POINT('',(1.490286701733,3.880937697982));
#4688 = CARTESIAN_POINT('',(1.490610929646,5.174591655907));
#4689 = CARTESIAN_POINT('',(1.491228578067,7.761874418064));
#4690 = CARTESIAN_POINT('',(1.491522004837,9.055503209245));
#4691 = CARTESIAN_POINT('',(1.491801549528,10.349134560912));
#4692 = CARTESIAN_POINT('',(1.492068482296,11.64276809494));
#4693 = CARTESIAN_POINT('',(1.492579177637,14.23002021476));
#4694 = CARTESIAN_POINT('',(1.49282294951,15.523638793136));
#4695 = CARTESIAN_POINT('',(1.493056183343,16.817258999622));
#4696 = CARTESIAN_POINT('',(1.493279761813,18.110880614489));
#4697 = CARTESIAN_POINT('',(1.493708135766,20.692514577536));
#4698 = CARTESIAN_POINT('',(1.493913013742,21.980526911359));
#4699 = CARTESIAN_POINT('',(1.494109772261,23.268540313177));
#4700 = CARTESIAN_POINT('',(1.494299035939,24.55655465087));
#4701 = CARTESIAN_POINT('',(1.494542342067,26.27565567972));
#4702 = CARTESIAN_POINT('',(1.494602573595,26.706741629066));
#4703 = CARTESIAN_POINT('',(1.494662044578,27.137827667934));
#4704 = CARTESIAN_POINT('',(1.494720774003,27.568913792698));
#4705 = CARTESIAN_POINT('',(1.4947787799,28.));
#4706 = ( GEOMETRIC_REPRESENTATION_CONTEXT(2) 
PARAMETRIC_REPRESENTATION_CONTEXT() REPRESENTATION_CONTEXT('2D SPACE',''
  ) );
#4707 = PCURVE('',#4708,#4713);
#4708 = B_SPLINE_SURFACE_WITH_KNOTS('',1,1,(
    (#4709,#4710)
    ,(#4711,#4712
    )),.UNSPECIFIED.,.F.,.F.,.F.,(2,2),(2,2),(0.,6.351681919032),(0.,1.)
  ,.PIECEWISE_BEZIER_KNOTS.);
#4709 = CARTESIAN_POINT('',(-2.88777725447,-11.97646590179,-22.49999995)
  );
#4710 = CARTESIAN_POINT('',(-4.44273423764,-18.42533215661,5.50000005));
#4711 = CARTESIAN_POINT('',(-0.55687143939,-8.409069838921,-22.49999995)
  );
#4712 = CARTESIAN_POINT('',(-0.91247093184,-13.145076084,5.50000005));
#4713 = DEFINITIONAL_REPRESENTATION('',(#4714),#4737);
#4714 = B_SPLINE_CURVE_WITH_KNOTS('',5,(#4715,#4716,#4717,#4718,#4719,
    #4720,#4721,#4722,#4723,#4724,#4725,#4726,#4727,#4728,#4729,#4730,
    #4731,#4732,#4733,#4734,#4735,#4736),.UNSPECIFIED.,.F.,.F.,(6,4,4,4,
    4,6),(0.,0.231011658054,0.462017731493,0.693020452554,0.923021079772
    ,1.),.UNSPECIFIED.);
#4715 = CARTESIAN_POINT('',(5.944370330672,1.000048650363E-10));
#4716 = CARTESIAN_POINT('',(5.959907653565,4.620146709975E-02));
#4717 = CARTESIAN_POINT('',(5.974582922425,9.240311688959E-02));
#4718 = CARTESIAN_POINT('',(5.988491686021,0.13860491793));
#4719 = CARTESIAN_POINT('',(6.001708889499,0.184806844854));
#4720 = CARTESIAN_POINT('',(6.026885724952,0.277209800645));
#4721 = CARTESIAN_POINT('',(6.038845613304,0.323410828902));
#4722 = CARTESIAN_POINT('',(6.050238912675,0.369611948604));
#4723 = CARTESIAN_POINT('',(6.061117530306,0.415813146248));
#4724 = CARTESIAN_POINT('',(6.081929303586,0.50821500767));
#4725 = CARTESIAN_POINT('',(6.091862840079,0.554415671183));
#4726 = CARTESIAN_POINT('',(6.101366424428,0.600616392844));
#4727 = CARTESIAN_POINT('',(6.110476112639,0.646817164803));
#4728 = CARTESIAN_POINT('',(6.127929337322,0.739018377769));
#4729 = CARTESIAN_POINT('',(6.136276239657,0.785018818263));
#4730 = CARTESIAN_POINT('',(6.144291967026,0.831019296899));
#4731 = CARTESIAN_POINT('',(6.152002024193,0.87701980896));
#4732 = CARTESIAN_POINT('',(6.161913206499,0.938416274276));
#4733 = CARTESIAN_POINT('',(6.164366728791,0.953812201112));
#4734 = CARTESIAN_POINT('',(6.16678923613,0.969208131032));
#4735 = CARTESIAN_POINT('',(6.169181503693,0.984604063927));
#4736 = CARTESIAN_POINT('',(6.171544267466,0.999999999902));
#4737 = ( GEOMETRIC_REPRESENTATION_CONTEXT(2) 
PARAMETRIC_REPRESENTATION_CONTEXT() REPRESENTATION_CONTEXT('2D SPACE',''
  ) );
#4738 = ORIENTED_EDGE('',*,*,#617,.T.);
#4739 = ORIENTED_EDGE('',*,*,#4740,.T.);
#4740 = EDGE_CURVE('',#618,#1902,#4741,.T.);
#4741 = SURFACE_CURVE('',#4742,(#4769,#4799),.PCURVE_S1.);
#4742 = B_SPLINE_CURVE_WITH_KNOTS('',5,(#4743,#4744,#4745,#4746,#4747,
    #4748,#4749,#4750,#4751,#4752,#4753,#4754,#4755,#4756,#4757,#4758,
    #4759,#4760,#4761,#4762,#4763,#4764,#4765,#4766,#4767,#4768),
  .UNSPECIFIED.,.F.,.F.,(6,4,4,4,4,4,6),(0.,8.100492656453E-02,
    0.166009073935,0.411016737255,0.794020932163,0.948021057016,1.),
  .UNSPECIFIED.);
#4743 = CARTESIAN_POINT('',(0.70634443914,-8.637834719676,-22.49999995)
  );
#4744 = CARTESIAN_POINT('',(0.71135204497,-8.71328076784,-22.04638085004
    ));
#4745 = CARTESIAN_POINT('',(0.71635689294,-8.788726953074,
    -21.59276111858));
#4746 = CARTESIAN_POINT('',(0.72135908931,-8.864173266543,
    -21.13914079596));
#4747 = CARTESIAN_POINT('',(0.72635873285,-8.939619700306,
    -20.68551991839));
#4748 = CARTESIAN_POINT('',(0.73659980819,-9.094237597419,
    -19.75588178654));
#4749 = CARTESIAN_POINT('',(0.74184099077,-9.173409071725,
    -19.27986447942));
#4750 = CARTESIAN_POINT('',(0.74707956867,-9.252580662961,
    -18.80384663386));
#4751 = CARTESIAN_POINT('',(0.75231563994,-9.331752363849,
    -18.32782828314));
#4752 = CARTESIAN_POINT('',(0.77263427004,-9.639121250604,
    -16.47977922041));
#4753 = CARTESIAN_POINT('',(0.78769918148,-9.867319186664,
    -15.10774503957));
#4754 = CARTESIAN_POINT('',(0.80274616135,-10.09551782316,
    -13.73570759841));
#4755 = CARTESIAN_POINT('',(0.81777697941,-10.32371704493,-12.3636674187
    ));
#4756 = CARTESIAN_POINT('',(0.85626665631,-10.90864624172,
    -8.846801924086));
#4757 = CARTESIAN_POINT('',(0.87970423655,-11.26537693868,
    -6.701973216261));
#4758 = CARTESIAN_POINT('',(0.90311127137,-11.62210855688,
    -4.557140128289));
#4759 = CARTESIAN_POINT('',(0.92649164859,-11.97884089279,
    -2.412303580272));
#4760 = CARTESIAN_POINT('',(0.95923993851,-12.47901067126,0.594942967315
    ));
#4761 = CARTESIAN_POINT('',(0.96862756988,-12.6224476171,1.45735054139)
  );
#4762 = CARTESIAN_POINT('',(0.97801159961,-12.76588464879,2.319758538839
    ));
#4763 = CARTESIAN_POINT('',(0.98739221032,-12.90932175865,3.182166924878
    ));
#4764 = CARTESIAN_POINT('',(0.99993466121,-13.1011726231,4.335660466461)
  );
#4765 = CARTESIAN_POINT('',(1.00309938639,-13.14958631485,4.62674530357)
  );
#4766 = CARTESIAN_POINT('',(1.00626374625,-13.19800001332,4.91783018065)
  );
#4767 = CARTESIAN_POINT('',(1.00942774688,-13.24641371824,5.208915096615
    ));
#4768 = CARTESIAN_POINT('',(1.01259139592,-13.29482743188,5.50000005));
#4769 = PCURVE('',#634,#4770);
#4770 = DEFINITIONAL_REPRESENTATION('',(#4771),#4798);
#4771 = B_SPLINE_CURVE_WITH_KNOTS('',5,(#4772,#4773,#4774,#4775,#4776,
    #4777,#4778,#4779,#4780,#4781,#4782,#4783,#4784,#4785,#4786,#4787,
    #4788,#4789,#4790,#4791,#4792,#4793,#4794,#4795,#4796,#4797),
  .UNSPECIFIED.,.F.,.F.,(6,4,4,4,4,4,6),(0.,8.100492656453E-02,
    0.166009073935,0.411016737255,0.794020932163,0.948021057016,1.),
  .UNSPECIFIED.);
#4772 = CARTESIAN_POINT('',(1.652388107159,0.));
#4773 = CARTESIAN_POINT('',(1.65225449144,0.453619099953));
#4774 = CARTESIAN_POINT('',(1.652123471173,0.907238831417));
#4775 = CARTESIAN_POINT('',(1.651994945766,1.360859154037));
#4776 = CARTESIAN_POINT('',(1.651868821758,1.814480031601));
#4777 = CARTESIAN_POINT('',(1.651615091413,2.744118163459));
#4778 = CARTESIAN_POINT('',(1.651487719134,3.220135470495));
#4779 = CARTESIAN_POINT('',(1.65136279625,3.696153316041));
#4780 = CARTESIAN_POINT('',(1.651240230112,4.172171666821));
#4781 = CARTESIAN_POINT('',(1.650773208703,6.020220729558));
#4782 = CARTESIAN_POINT('',(1.650445340792,7.392254910521));
#4783 = CARTESIAN_POINT('',(1.650134315793,8.764292351701));
#4784 = CARTESIAN_POINT('',(1.649838463241,10.136332531303));
#4785 = CARTESIAN_POINT('',(1.649115617524,13.653198025921));
#4786 = CARTESIAN_POINT('',(1.648708591804,15.798026733616));
#4787 = CARTESIAN_POINT('',(1.648330209216,17.942859821835));
#4788 = CARTESIAN_POINT('',(1.647976807208,20.087696369688));
#4789 = CARTESIAN_POINT('',(1.647512201331,23.094942917275));
#4790 = CARTESIAN_POINT('',(1.647382525828,23.957350491413));
#4791 = CARTESIAN_POINT('',(1.64725622316,24.819758488874));
#4792 = CARTESIAN_POINT('',(1.647133121625,25.682166874869));
#4793 = CARTESIAN_POINT('',(1.646972546113,26.835660416451));
#4794 = CARTESIAN_POINT('',(1.64693237198,27.126745253788));
#4795 = CARTESIAN_POINT('',(1.646892538981,27.417830130872));
#4796 = CARTESIAN_POINT('',(1.646853041365,27.708915046615));
#4797 = CARTESIAN_POINT('',(1.646813873692,28.));
#4798 = ( GEOMETRIC_REPRESENTATION_CONTEXT(2) 
PARAMETRIC_REPRESENTATION_CONTEXT() REPRESENTATION_CONTEXT('2D SPACE',''
  ) );
#4799 = PCURVE('',#4800,#4805);
#4800 = B_SPLINE_SURFACE_WITH_KNOTS('',1,1,(
    (#4801,#4802)
    ,(#4803,#4804
    )),.UNSPECIFIED.,.F.,.F.,.F.,(2,2),(2,2),(0.,6.351681919032),(0.,1.)
  ,.PIECEWISE_BEZIER_KNOTS.);
#4801 = CARTESIAN_POINT('',(0.55687143938,-8.409069838921,-22.49999995)
  );
#4802 = CARTESIAN_POINT('',(0.91247093184,-13.145076084,5.50000005));
#4803 = CARTESIAN_POINT('',(2.88777725446,-11.97646590179,-22.49999995)
  );
#4804 = CARTESIAN_POINT('',(4.44273423763,-18.42533215661,5.50000005));
#4805 = DEFINITIONAL_REPRESENTATION('',(#4806),#4833);
#4806 = B_SPLINE_CURVE_WITH_KNOTS('',5,(#4807,#4808,#4809,#4810,#4811,
    #4812,#4813,#4814,#4815,#4816,#4817,#4818,#4819,#4820,#4821,#4822,
    #4823,#4824,#4825,#4826,#4827,#4828,#4829,#4830,#4831,#4832),
  .UNSPECIFIED.,.F.,.F.,(6,4,4,4,4,4,6),(0.,8.100492656453E-02,
    0.166009073935,0.411016737255,0.794020932163,0.948021057016,1.),
  .UNSPECIFIED.);
#4807 = CARTESIAN_POINT('',(0.407311588321,1.001374961427E-10));
#4808 = CARTESIAN_POINT('',(0.401863379729,1.620068224132E-02));
#4809 = CARTESIAN_POINT('',(0.396521167032,3.240138680127E-02));
#4810 = CARTESIAN_POINT('',(0.391280835887,4.860211256909E-02));
#4811 = CARTESIAN_POINT('',(0.38613856402,6.480285827146E-02));
#4812 = CARTESIAN_POINT('',(0.375793870908,9.800422012354E-02));
#4813 = CARTESIAN_POINT('',(0.370601007123,0.115004838235));
#4814 = CARTESIAN_POINT('',(0.365508151004,0.132005475576));
#4815 = CARTESIAN_POINT('',(0.360511514379,0.149006130959));
#4816 = CARTESIAN_POINT('',(0.341473034673,0.2150078832));
#4817 = CARTESIAN_POINT('',(0.328108373659,0.264009103944));
#4818 = CARTESIAN_POINT('',(0.315431216459,0.313010441128));
#4819 = CARTESIAN_POINT('',(0.303373287693,0.362011876118));
#4820 = CARTESIAN_POINT('',(0.273914427149,0.487614215211));
#4821 = CARTESIAN_POINT('',(0.257328330001,0.564215240491));
#4822 = CARTESIAN_POINT('',(0.24191083495,0.640816422204));
#4823 = CARTESIAN_POINT('',(0.227512362807,0.71741772749));
#4824 = CARTESIAN_POINT('',(0.208584543607,0.824819389904));
#4825 = CARTESIAN_POINT('',(0.203301795044,0.855619660407));
#4826 = CARTESIAN_POINT('',(0.198156605736,0.88641994603));
#4827 = CARTESIAN_POINT('',(0.193141965264,0.917220245531));
#4828 = CARTESIAN_POINT('',(0.186600971671,0.958416443445));
#4829 = CARTESIAN_POINT('',(0.18496450574,0.968812330485));
#4830 = CARTESIAN_POINT('',(0.183341951734,0.979208218952));
#4831 = CARTESIAN_POINT('',(0.181733074901,0.989604108808));
#4832 = CARTESIAN_POINT('',(0.180137651593,1.));
#4833 = ( GEOMETRIC_REPRESENTATION_CONTEXT(2) 
PARAMETRIC_REPRESENTATION_CONTEXT() REPRESENTATION_CONTEXT('2D SPACE',''
  ) );
#4834 = ADVANCED_FACE('',(#4835),#559,.F.);
#4835 = FACE_BOUND('',#4836,.F.);
#4836 = EDGE_LOOP('',(#4837,#4838,#4869,#4870));
#4837 = ORIENTED_EDGE('',*,*,#543,.T.);
#4838 = ORIENTED_EDGE('',*,*,#4839,.T.);
#4839 = EDGE_CURVE('',#515,#595,#4840,.T.);
#4840 = SURFACE_CURVE('',#4841,(#4846,#4853),.PCURVE_S1.);
#4841 = CIRCLE('',#4842,8.666666666667);
#4842 = AXIS2_PLACEMENT_3D('',#4843,#4844,#4845);
#4843 = CARTESIAN_POINT('',(2.415845301584E-13,-2.30926389122E-12,
    -22.49999995));
#4844 = DIRECTION('',(0.,0.,1.));
#4845 = DIRECTION('',(-1.,0.,0.));
#4846 = PCURVE('',#559,#4847);
#4847 = DEFINITIONAL_REPRESENTATION('',(#4848),#4852);
#4848 = CIRCLE('',#4849,8.666666666667);
#4849 = AXIS2_PLACEMENT_2D('',#4850,#4851);
#4850 = CARTESIAN_POINT('',(0.,0.));
#4851 = DIRECTION('',(1.,0.));
#4852 = ( GEOMETRIC_REPRESENTATION_CONTEXT(2) 
PARAMETRIC_REPRESENTATION_CONTEXT() REPRESENTATION_CONTEXT('2D SPACE',''
  ) );
#4853 = PCURVE('',#4854,#4859);
#4854 = PLANE('',#4855);
#4855 = AXIS2_PLACEMENT_3D('',#4856,#4857,#4858);
#4856 = CARTESIAN_POINT('',(-0.55687143939,-8.409069838921,-22.49999995)
  );
#4857 = DIRECTION('',(0.,0.,-1.));
#4858 = DIRECTION('',(-0.652125546845,-0.758110988676,0.));
#4859 = DEFINITIONAL_REPRESENTATION('',(#4860),#4868);
#4860 = ( BOUNDED_CURVE() B_SPLINE_CURVE(2,(#4861,#4862,#4863,#4864,
#4865,#4866,#4867),.UNSPECIFIED.,.T.,.F.) B_SPLINE_CURVE_WITH_KNOTS((1,2
    ,2,2,2,1),(-2.094395102393,0.,2.094395102393,4.188790204786,
6.28318530718,8.377580409573),.UNSPECIFIED.) CURVE() 
GEOMETRIC_REPRESENTATION_ITEM() RATIONAL_B_SPLINE_CURVE((1.,0.5,1.,0.5,
1.,0.5,1.)) REPRESENTATION_ITEM('') );
#4861 = CARTESIAN_POINT('',(-1.08640360204,11.631894144878));
#4862 = CARTESIAN_POINT('',(10.293681566045,1.842767784448));
#4863 = CARTESIAN_POINT('',(-3.873993126986,-3.118111888129));
#4864 = CARTESIAN_POINT('',(-18.04166782001,-8.078991560706));
#4865 = CARTESIAN_POINT('',(-15.25407829507,6.671014472301));
#4866 = CARTESIAN_POINT('',(-12.46648877012,21.421020505309));
#4867 = CARTESIAN_POINT('',(-1.08640360204,11.631894144878));
#4868 = ( GEOMETRIC_REPRESENTATION_CONTEXT(2) 
PARAMETRIC_REPRESENTATION_CONTEXT() REPRESENTATION_CONTEXT('2D SPACE',''
  ) );
#4869 = ORIENTED_EDGE('',*,*,#594,.T.);
#4870 = ORIENTED_EDGE('',*,*,#571,.T.);
#4871 = ADVANCED_FACE('',(#4872),#531,.T.);
#4872 = FACE_BOUND('',#4873,.T.);
#4873 = EDGE_LOOP('',(#4874,#4875,#4958,#4959));
#4874 = ORIENTED_EDGE('',*,*,#1803,.F.);
#4875 = ORIENTED_EDGE('',*,*,#4876,.F.);
#4876 = EDGE_CURVE('',#492,#1781,#4877,.T.);
#4877 = SURFACE_CURVE('',#4878,(#4901,#4927),.PCURVE_S1.);
#4878 = B_SPLINE_CURVE_WITH_KNOTS('',5,(#4879,#4880,#4881,#4882,#4883,
    #4884,#4885,#4886,#4887,#4888,#4889,#4890,#4891,#4892,#4893,#4894,
    #4895,#4896,#4897,#4898,#4899,#4900),.UNSPECIFIED.,.F.,.F.,(6,4,4,4,
    4,6),(0.,0.231011658054,0.462017731493,0.693020452554,0.923021079772
    ,1.),.UNSPECIFIED.);
#4879 = CARTESIAN_POINT('',(-4.93062958796,-7.127412081361,-22.49999995)
  );
#4880 = CARTESIAN_POINT('',(-5.05057648758,-7.306604601518,-21.206358874
    ));
#4881 = CARTESIAN_POINT('',(-5.17050451942,-7.485809300709,
    -19.91271266995));
#4882 = CARTESIAN_POINT('',(-5.29041572009,-7.665024770507,
    -18.61906225201));
#4883 = CARTESIAN_POINT('',(-5.41031169569,-7.844249914322,
    -17.32540829409));
#4884 = CARTESIAN_POINT('',(-5.6500730154,-8.20271340122,-14.73812553193
    ));
#4885 = CARTESIAN_POINT('',(-5.76993836395,-8.381951739031,
    -13.44449674075));
#4886 = CARTESIAN_POINT('',(-5.88979118311,-8.561197944275,
    -12.15086538908));
#4887 = CARTESIAN_POINT('',(-6.00963259715,-8.740451271459,
    -10.85723185506));
#4888 = CARTESIAN_POINT('',(-6.24929270719,-9.09896837306,-8.26997973524
    ));
#4889 = CARTESIAN_POINT('',(-6.36911141088,-9.278232141304,
    -6.976361156864));
#4890 = CARTESIAN_POINT('',(-6.48892055413,-9.45750182507,
    -5.682740950378));
#4891 = CARTESIAN_POINT('',(-6.60872092441,-9.636776913673,
    -4.389119335511));
#4892 = CARTESIAN_POINT('',(-6.84778576524,-9.994559342985,
    -1.807485372464));
#4893 = CARTESIAN_POINT('',(-6.96705031047,-10.17306663715,
    -0.519473038641));
#4894 = CARTESIAN_POINT('',(-7.08630745928,-10.35157845492,
    0.768540363178));
#4895 = CARTESIAN_POINT('',(-7.20555777237,-10.53009443899,2.05655470087
    ));
#4896 = CARTESIAN_POINT('',(-7.36471148598,-10.76836310792,3.77565572972
    ));
#4897 = CARTESIAN_POINT('',(-7.40462053657,-10.8281123582,4.206741679066
    ));
#4898 = CARTESIAN_POINT('',(-7.44452889258,-10.88786203024,
    4.637827717934));
#4899 = CARTESIAN_POINT('',(-7.48443657112,-10.94761211324,
    5.068913842698));
#4900 = CARTESIAN_POINT('',(-7.52434358843,-11.00736259696,5.50000005));
#4901 = PCURVE('',#531,#4902);
#4902 = DEFINITIONAL_REPRESENTATION('',(#4903),#4926);
#4903 = B_SPLINE_CURVE_WITH_KNOTS('',5,(#4904,#4905,#4906,#4907,#4908,
    #4909,#4910,#4911,#4912,#4913,#4914,#4915,#4916,#4917,#4918,#4919,
    #4920,#4921,#4922,#4923,#4924,#4925),.UNSPECIFIED.,.F.,.F.,(6,4,4,4,
    4,6),(0.,0.231011658054,0.462017731493,0.693020452554,0.923021079772
    ,1.),.UNSPECIFIED.);
#4904 = CARTESIAN_POINT('',(0.965605770833,0.));
#4905 = CARTESIAN_POINT('',(0.965986819121,1.293641075993));
#4906 = CARTESIAN_POINT('',(0.966346758852,2.587287280049));
#4907 = CARTESIAN_POINT('',(0.966687926134,3.880937697982));
#4908 = CARTESIAN_POINT('',(0.967012154048,5.174591655907));
#4909 = CARTESIAN_POINT('',(0.967629802469,7.761874418064));
#4910 = CARTESIAN_POINT('',(0.967923229239,9.055503209245));
#4911 = CARTESIAN_POINT('',(0.96820277393,10.349134560912));
#4912 = CARTESIAN_POINT('',(0.968469706697,11.64276809494));
#4913 = CARTESIAN_POINT('',(0.968980402039,14.23002021476));
#4914 = CARTESIAN_POINT('',(0.969224173912,15.523638793136));
#4915 = CARTESIAN_POINT('',(0.969457407745,16.817258999622));
#4916 = CARTESIAN_POINT('',(0.969680986215,18.110880614489));
#4917 = CARTESIAN_POINT('',(0.970109360167,20.692514577536));
#4918 = CARTESIAN_POINT('',(0.970314238143,21.980526911359));
#4919 = CARTESIAN_POINT('',(0.970510996663,23.268540313178));
#4920 = CARTESIAN_POINT('',(0.970700260341,24.55655465087));
#4921 = CARTESIAN_POINT('',(0.970943566468,26.27565567972));
#4922 = CARTESIAN_POINT('',(0.971003797997,26.706741629066));
#4923 = CARTESIAN_POINT('',(0.971063268979,27.137827667934));
#4924 = CARTESIAN_POINT('',(0.971121998405,27.568913792698));
#4925 = CARTESIAN_POINT('',(0.971180004301,28.));
#4926 = ( GEOMETRIC_REPRESENTATION_CONTEXT(2) 
PARAMETRIC_REPRESENTATION_CONTEXT() REPRESENTATION_CONTEXT('2D SPACE',''
  ) );
#4927 = PCURVE('',#4928,#4933);
#4928 = B_SPLINE_SURFACE_WITH_KNOTS('',1,1,(
    (#4929,#4930)
    ,(#4931,#4932
    )),.UNSPECIFIED.,.F.,.F.,.F.,(2,2),(2,2),(0.,6.351681919032),(0.,1.)
  ,.PIECEWISE_BEZIER_KNOTS.);
#4929 = CARTESIAN_POINT('',(-8.48912141374,-8.928035091285,-22.49999995)
  );
#4930 = CARTESIAN_POINT('',(-13.06018679036,-13.73543860197,5.50000005)
  );
#4931 = CARTESIAN_POINT('',(-4.68679973261,-7.004032383012,-22.49999995)
  );
#4932 = CARTESIAN_POINT('',(-7.36276104919,-10.9277343575,5.50000005));
#4933 = DEFINITIONAL_REPRESENTATION('',(#4934),#4957);
#4934 = B_SPLINE_CURVE_WITH_KNOTS('',5,(#4935,#4936,#4937,#4938,#4939,
    #4940,#4941,#4942,#4943,#4944,#4945,#4946,#4947,#4948,#4949,#4950,
    #4951,#4952,#4953,#4954,#4955,#4956),.UNSPECIFIED.,.F.,.F.,(6,4,4,4,
    4,6),(0.,0.231011658054,0.462017731493,0.693020452554,0.923021079772
    ,1.),.UNSPECIFIED.);
#4935 = CARTESIAN_POINT('',(5.944370330672,1.000048650361E-10));
#4936 = CARTESIAN_POINT('',(5.959907653565,4.620146709975E-02));
#4937 = CARTESIAN_POINT('',(5.974582922425,9.24031168896E-02));
#4938 = CARTESIAN_POINT('',(5.988491686021,0.13860491793));
#4939 = CARTESIAN_POINT('',(6.001708889499,0.184806844854));
#4940 = CARTESIAN_POINT('',(6.026885724952,0.277209800645));
#4941 = CARTESIAN_POINT('',(6.038845613304,0.323410828902));
#4942 = CARTESIAN_POINT('',(6.050238912675,0.369611948604));
#4943 = CARTESIAN_POINT('',(6.061117530306,0.415813146248));
#4944 = CARTESIAN_POINT('',(6.081929303586,0.50821500767));
#4945 = CARTESIAN_POINT('',(6.091862840079,0.554415671183));
#4946 = CARTESIAN_POINT('',(6.101366424428,0.600616392844));
#4947 = CARTESIAN_POINT('',(6.110476112639,0.646817164803));
#4948 = CARTESIAN_POINT('',(6.127929337322,0.739018377769));
#4949 = CARTESIAN_POINT('',(6.136276239657,0.785018818263));
#4950 = CARTESIAN_POINT('',(6.144291967026,0.831019296899));
#4951 = CARTESIAN_POINT('',(6.152002024193,0.87701980896));
#4952 = CARTESIAN_POINT('',(6.161913206499,0.938416274276));
#4953 = CARTESIAN_POINT('',(6.164366728791,0.953812201112));
#4954 = CARTESIAN_POINT('',(6.16678923613,0.969208131032));
#4955 = CARTESIAN_POINT('',(6.169181503693,0.984604063927));
#4956 = CARTESIAN_POINT('',(6.171544267466,0.999999999902));
#4957 = ( GEOMETRIC_REPRESENTATION_CONTEXT(2) 
PARAMETRIC_REPRESENTATION_CONTEXT() REPRESENTATION_CONTEXT('2D SPACE',''
  ) );
#4958 = ORIENTED_EDGE('',*,*,#514,.T.);
#4959 = ORIENTED_EDGE('',*,*,#4960,.T.);
#4960 = EDGE_CURVE('',#515,#1804,#4961,.T.);
#4961 = SURFACE_CURVE('',#4962,(#4985,#5011),.PCURVE_S1.);
#4962 = B_SPLINE_CURVE_WITH_KNOTS('',5,(#4963,#4964,#4965,#4966,#4967,
    #4968,#4969,#4970,#4971,#4972,#4973,#4974,#4975,#4976,#4977,#4978,
    #4979,#4980,#4981,#4982,#4983,#4984),.UNSPECIFIED.,.F.,.F.,(6,4,4,4,
    4,6),(0.,0.231011658054,0.462017731493,0.693020452554,0.923021079772
    ,1.),.UNSPECIFIED.);
#4963 = CARTESIAN_POINT('',(-3.70720513172,-7.833756520501,-22.49999995)
  );
#4964 = CARTESIAN_POINT('',(-3.80241695653,-8.027229842759,-21.206358874
    ));
#4965 = CARTESIAN_POINT('',(-3.89764876259,-8.220692914551,
    -19.91271266995));
#4966 = CARTESIAN_POINT('',(-3.99289831185,-8.414146795431,
    -18.61906225201));
#4967 = CARTESIAN_POINT('',(-4.08816385159,-8.607592328021,
    -17.32540829409));
#4968 = CARTESIAN_POINT('',(-4.27872167772,-8.994463465183,
    -14.73812553193));
#4969 = CARTESIAN_POINT('',(-4.37401395733,-9.187889070962,
    -13.44449674075));
#4970 = CARTESIAN_POINT('',(-4.46931931501,-9.381307759699,
    -12.15086538908));
#4971 = CARTESIAN_POINT('',(-4.56463654305,-9.574720132273,
    -10.85723185506));
#4972 = CARTESIAN_POINT('',(-4.75529140571,-9.961530426641,
    -8.26997973524));
#4973 = CARTESIAN_POINT('',(-4.85062903114,-10.154928352,-6.976361156864
    ));
#4974 = CARTESIAN_POINT('',(-4.94597655979,-10.34832095554,
    -5.682740950378));
#4975 = CARTESIAN_POINT('',(-5.04133315564,-10.54170866389,
    -4.389119335511));
#4976 = CARTESIAN_POINT('',(-5.23164940804,-10.92763610386,
    -1.807485372464));
#4977 = CARTESIAN_POINT('',(-5.32660898693,-11.12017587688,
    -0.519473038641));
#4978 = CARTESIAN_POINT('',(-5.42157618159,-11.31271150622,
    0.768540363178));
#4979 = CARTESIAN_POINT('',(-5.51655040224,-11.5052432988,2.05655470087)
  );
#4980 = CARTESIAN_POINT('',(-5.64332026565,-11.76220879236,3.77565572972
    ));
#4981 = CARTESIAN_POINT('',(-5.67511010895,-11.82664566915,
    4.206741679066));
#4982 = CARTESIAN_POINT('',(-5.7069006648,-11.8910821553,4.637827717934)
  );
#4983 = CARTESIAN_POINT('',(-5.73869191529,-11.95551826021,
    5.068913842698));
#4984 = CARTESIAN_POINT('',(-5.77048384343,-12.01995399286,5.50000005));
#4985 = PCURVE('',#531,#4986);
#4986 = DEFINITIONAL_REPRESENTATION('',(#4987),#5010);
#4987 = B_SPLINE_CURVE_WITH_KNOTS('',5,(#4988,#4989,#4990,#4991,#4992,
    #4993,#4994,#4995,#4996,#4997,#4998,#4999,#5000,#5001,#5002,#5003,
    #5004,#5005,#5006,#5007,#5008,#5009),.UNSPECIFIED.,.F.,.F.,(6,4,4,4,
    4,6),(0.,0.231011658054,0.462017731493,0.693020452554,0.923021079772
    ,1.),.UNSPECIFIED.);
#4988 = CARTESIAN_POINT('',(1.12878933156,0.));
#4989 = CARTESIAN_POINT('',(1.128408283272,1.293641075993));
#4990 = CARTESIAN_POINT('',(1.128048343541,2.587287280049));
#4991 = CARTESIAN_POINT('',(1.127707176259,3.880937697982));
#4992 = CARTESIAN_POINT('',(1.127382948346,5.174591655907));
#4993 = CARTESIAN_POINT('',(1.126765299925,7.761874418065));
#4994 = CARTESIAN_POINT('',(1.126471873155,9.055503209245));
#4995 = CARTESIAN_POINT('',(1.126192328463,10.349134560912));
#4996 = CARTESIAN_POINT('',(1.125925395696,11.64276809494));
#4997 = CARTESIAN_POINT('',(1.125414700354,14.23002021476));
#4998 = CARTESIAN_POINT('',(1.125170928481,15.523638793136));
#4999 = CARTESIAN_POINT('',(1.124937694648,16.817258999622));
#5000 = CARTESIAN_POINT('',(1.124714116178,18.110880614489));
#5001 = CARTESIAN_POINT('',(1.124285742226,20.692514577536));
#5002 = CARTESIAN_POINT('',(1.12408086425,21.980526911359));
#5003 = CARTESIAN_POINT('',(1.12388410573,23.268540313178));
#5004 = CARTESIAN_POINT('',(1.123694842052,24.55655465087));
#5005 = CARTESIAN_POINT('',(1.123451535925,26.27565567972));
#5006 = CARTESIAN_POINT('',(1.123391304396,26.706741629066));
#5007 = CARTESIAN_POINT('',(1.123331833414,27.137827667934));
#5008 = CARTESIAN_POINT('',(1.123273103988,27.568913792698));
#5009 = CARTESIAN_POINT('',(1.123215098092,28.));
#5010 = ( GEOMETRIC_REPRESENTATION_CONTEXT(2) 
PARAMETRIC_REPRESENTATION_CONTEXT() REPRESENTATION_CONTEXT('2D SPACE',''
  ) );
#5011 = PCURVE('',#5012,#5017);
#5012 = B_SPLINE_SURFACE_WITH_KNOTS('',1,1,(
    (#5013,#5014)
    ,(#5015,#5016
    )),.UNSPECIFIED.,.F.,.F.,.F.,(2,2),(2,2),(0.,6.351681919032),(0.,1.)
  ,.PIECEWISE_BEZIER_KNOTS.);
#5013 = CARTESIAN_POINT('',(-3.72227010632,-7.560903822395,-22.49999995)
  );
#5014 = CARTESIAN_POINT('',(-5.78231503481,-11.84020528934,5.50000005));
#5015 = CARTESIAN_POINT('',(-3.48734448807,-11.81581234574,-22.49999995)
  );
#5016 = CARTESIAN_POINT('',(-5.36514536625,-18.1781728396,5.50000005));
#5017 = DEFINITIONAL_REPRESENTATION('',(#5018),#5041);
#5018 = B_SPLINE_CURVE_WITH_KNOTS('',5,(#5019,#5020,#5021,#5022,#5023,
    #5024,#5025,#5026,#5027,#5028,#5029,#5030,#5031,#5032,#5033,#5034,
    #5035,#5036,#5037,#5038,#5039,#5040),.UNSPECIFIED.,.F.,.F.,(6,4,4,4,
    4,6),(0.,0.231011658054,0.462017731493,0.693020452554,0.923021079772
    ,1.),.UNSPECIFIED.);
#5019 = CARTESIAN_POINT('',(0.40731158836,1.000048650361E-10));
#5020 = CARTESIAN_POINT('',(0.391774265467,4.620146709975E-02));
#5021 = CARTESIAN_POINT('',(0.377098996607,9.24031168896E-02));
#5022 = CARTESIAN_POINT('',(0.363190233011,0.13860491793));
#5023 = CARTESIAN_POINT('',(0.349973029533,0.184806844854));
#5024 = CARTESIAN_POINT('',(0.32479619408,0.277209800645));
#5025 = CARTESIAN_POINT('',(0.312836305728,0.323410828902));
#5026 = CARTESIAN_POINT('',(0.301443006357,0.369611948604));
#5027 = CARTESIAN_POINT('',(0.290564388727,0.415813146248));
#5028 = CARTESIAN_POINT('',(0.269752615446,0.50821500767));
#5029 = CARTESIAN_POINT('',(0.259819078953,0.554415671183));
#5030 = CARTESIAN_POINT('',(0.250315494604,0.600616392844));
#5031 = CARTESIAN_POINT('',(0.241205806393,0.646817164803));
#5032 = CARTESIAN_POINT('',(0.22375258171,0.739018377769));
#5033 = CARTESIAN_POINT('',(0.215405679375,0.785018818263));
#5034 = CARTESIAN_POINT('',(0.207389952006,0.831019296899));
#5035 = CARTESIAN_POINT('',(0.199679894839,0.87701980896));
#5036 = CARTESIAN_POINT('',(0.189768712533,0.938416274276));
#5037 = CARTESIAN_POINT('',(0.187315190241,0.953812201112));
#5038 = CARTESIAN_POINT('',(0.184892682902,0.969208131032));
#5039 = CARTESIAN_POINT('',(0.182500415339,0.984604063927));
#5040 = CARTESIAN_POINT('',(0.180137651566,0.999999999902));
#5041 = ( GEOMETRIC_REPRESENTATION_CONTEXT(2) 
PARAMETRIC_REPRESENTATION_CONTEXT() REPRESENTATION_CONTEXT('2D SPACE',''
  ) );
#5042 = ADVANCED_FACE('',(#5043),#456,.F.);
#5043 = FACE_BOUND('',#5044,.F.);
#5044 = EDGE_LOOP('',(#5045,#5046,#5077,#5078));
#5045 = ORIENTED_EDGE('',*,*,#440,.T.);
#5046 = ORIENTED_EDGE('',*,*,#5047,.T.);
#5047 = EDGE_CURVE('',#412,#492,#5048,.T.);
#5048 = SURFACE_CURVE('',#5049,(#5054,#5061),.PCURVE_S1.);
#5049 = CIRCLE('',#5050,8.666666666667);
#5050 = AXIS2_PLACEMENT_3D('',#5051,#5052,#5053);
#5051 = CARTESIAN_POINT('',(2.415845301584E-13,-2.30926389122E-12,
    -22.49999995));
#5052 = DIRECTION('',(0.,0.,1.));
#5053 = DIRECTION('',(-1.,0.,0.));
#5054 = PCURVE('',#456,#5055);
#5055 = DEFINITIONAL_REPRESENTATION('',(#5056),#5060);
#5056 = CIRCLE('',#5057,8.666666666667);
#5057 = AXIS2_PLACEMENT_2D('',#5058,#5059);
#5058 = CARTESIAN_POINT('',(0.,0.));
#5059 = DIRECTION('',(1.,0.));
#5060 = ( GEOMETRIC_REPRESENTATION_CONTEXT(2) 
PARAMETRIC_REPRESENTATION_CONTEXT() REPRESENTATION_CONTEXT('2D SPACE',''
  ) );
#5061 = PCURVE('',#5062,#5067);
#5062 = PLANE('',#5063);
#5063 = AXIS2_PLACEMENT_3D('',#5064,#5065,#5066);
#5064 = CARTESIAN_POINT('',(-4.68679973261,-7.004032383012,-22.49999995)
  );
#5065 = DIRECTION('',(0.,0.,-1.));
#5066 = DIRECTION('',(-0.943812784363,-0.330480601659,0.));
#5067 = DEFINITIONAL_REPRESENTATION('',(#5068),#5076);
#5068 = ( BOUNDED_CURVE() B_SPLINE_CURVE(2,(#5069,#5070,#5071,#5072,
#5073,#5074,#5075),.UNSPECIFIED.,.T.,.F.) B_SPLINE_CURVE_WITH_KNOTS((1,2
    ,2,2,2,1),(-2.094395102393,0.,2.094395102393,4.188790204786,
6.28318530718,8.377580409573),.UNSPECIFIED.) CURVE() 
GEOMETRIC_REPRESENTATION_ITEM() RATIONAL_B_SPLINE_CURVE((1.,0.5,1.,0.5,
1.,0.5,1.)) REPRESENTATION_ITEM('') );
#5069 = CARTESIAN_POINT('',(1.44155245645,7.925764124067));
#5070 = CARTESIAN_POINT('',(6.402432129025,-6.241910568965));
#5071 = CARTESIAN_POINT('',(-8.347573903982,-3.454321044016));
#5072 = CARTESIAN_POINT('',(-23.09757993698,-0.666731519067));
#5073 = CARTESIAN_POINT('',(-13.30845357655,10.713353649016));
#5074 = CARTESIAN_POINT('',(-3.519327216124,22.0934388171));
#5075 = CARTESIAN_POINT('',(1.44155245645,7.925764124067));
#5076 = ( GEOMETRIC_REPRESENTATION_CONTEXT(2) 
PARAMETRIC_REPRESENTATION_CONTEXT() REPRESENTATION_CONTEXT('2D SPACE',''
  ) );
#5077 = ORIENTED_EDGE('',*,*,#491,.T.);
#5078 = ORIENTED_EDGE('',*,*,#468,.T.);
#5079 = ADVANCED_FACE('',(#5080),#428,.T.);
#5080 = FACE_BOUND('',#5081,.T.);
#5081 = EDGE_LOOP('',(#5082,#5083,#5166,#5167));
#5082 = ORIENTED_EDGE('',*,*,#1705,.F.);
#5083 = ORIENTED_EDGE('',*,*,#5084,.F.);
#5084 = EDGE_CURVE('',#389,#1683,#5085,.T.);
#5085 = SURFACE_CURVE('',#5086,(#5109,#5135),.PCURVE_S1.);
#5086 = B_SPLINE_CURVE_WITH_KNOTS('',5,(#5087,#5088,#5089,#5090,#5091,
    #5092,#5093,#5094,#5095,#5096,#5097,#5098,#5099,#5100,#5101,#5102,
    #5103,#5104,#5105,#5106,#5107,#5108),.UNSPECIFIED.,.F.,.F.,(6,4,4,4,
    4,6),(0.,0.231011658054,0.462017731493,0.693020452554,0.923021079772
    ,1.),.UNSPECIFIED.);
#5087 = CARTESIAN_POINT('',(-7.8337565205,-3.707205131723,-22.49999995)
  );
#5088 = CARTESIAN_POINT('',(-8.02722984276,-3.802416956534,-21.206358874
    ));
#5089 = CARTESIAN_POINT('',(-8.22069291455,-3.897648762593,
    -19.91271266995));
#5090 = CARTESIAN_POINT('',(-8.41414679543,-3.992898311852,
    -18.61906225201));
#5091 = CARTESIAN_POINT('',(-8.60759232802,-4.088163851592,
    -17.32540829409));
#5092 = CARTESIAN_POINT('',(-8.99446346518,-4.27872167772,
    -14.73812553193));
#5093 = CARTESIAN_POINT('',(-9.18788907096,-4.374013957325,
    -13.44449674075));
#5094 = CARTESIAN_POINT('',(-9.3813077597,-4.469319315014,
    -12.15086538908));
#5095 = CARTESIAN_POINT('',(-9.57472013227,-4.564636543049,
    -10.85723185506));
#5096 = CARTESIAN_POINT('',(-9.96153042664,-4.755291405707,
    -8.26997973524));
#5097 = CARTESIAN_POINT('',(-10.15492835201,-4.85062903114,
    -6.976361156864));
#5098 = CARTESIAN_POINT('',(-10.34832095555,-4.945976559784,
    -5.682740950378));
#5099 = CARTESIAN_POINT('',(-10.5417086639,-5.041333155639,
    -4.389119335511));
#5100 = CARTESIAN_POINT('',(-10.92763610387,-5.231649408036,
    -1.807485372464));
#5101 = CARTESIAN_POINT('',(-11.12017587689,-5.326608986932,
    -0.519473038641));
#5102 = CARTESIAN_POINT('',(-11.31271150622,-5.421576181593,
    0.768540363178));
#5103 = CARTESIAN_POINT('',(-11.50524329881,-5.516550402235,
    2.05655470087));
#5104 = CARTESIAN_POINT('',(-11.76220879237,-5.643320265645,
    3.77565572972));
#5105 = CARTESIAN_POINT('',(-11.82664566916,-5.675110108954,
    4.206741679066));
#5106 = CARTESIAN_POINT('',(-11.89108215531,-5.706900664801,
    4.637827717934));
#5107 = CARTESIAN_POINT('',(-11.95551826022,-5.738691915289,
    5.068913842698));
#5108 = CARTESIAN_POINT('',(-12.01995399287,-5.770483843428,5.50000005)
  );
#5109 = PCURVE('',#428,#5110);
#5110 = DEFINITIONAL_REPRESENTATION('',(#5111),#5134);
#5111 = B_SPLINE_CURVE_WITH_KNOTS('',5,(#5112,#5113,#5114,#5115,#5116,
    #5117,#5118,#5119,#5120,#5121,#5122,#5123,#5124,#5125,#5126,#5127,
    #5128,#5129,#5130,#5131,#5132,#5133),.UNSPECIFIED.,.F.,.F.,(6,4,4,4,
    4,6),(0.,0.231011658054,0.462017731493,0.693020452554,0.923021079772
    ,1.),.UNSPECIFIED.);
#5112 = CARTESIAN_POINT('',(0.442006995235,0.));
#5113 = CARTESIAN_POINT('',(0.442388043523,1.293641075993));
#5114 = CARTESIAN_POINT('',(0.442747983254,2.587287280049));
#5115 = CARTESIAN_POINT('',(0.443089150536,3.880937697982));
#5116 = CARTESIAN_POINT('',(0.443413378449,5.174591655907));
#5117 = CARTESIAN_POINT('',(0.44403102687,7.761874418064));
#5118 = CARTESIAN_POINT('',(0.44432445364,9.055503209245));
#5119 = CARTESIAN_POINT('',(0.444603998332,10.349134560912));
#5120 = CARTESIAN_POINT('',(0.444870931099,11.64276809494));
#5121 = CARTESIAN_POINT('',(0.445381626441,14.23002021476));
#5122 = CARTESIAN_POINT('',(0.445625398314,15.523638793136));
#5123 = CARTESIAN_POINT('',(0.445858632147,16.817258999622));
#5124 = CARTESIAN_POINT('',(0.446082210617,18.110880614489));
#5125 = CARTESIAN_POINT('',(0.446510584569,20.692514577536));
#5126 = CARTESIAN_POINT('',(0.446715462545,21.980526911359));
#5127 = CARTESIAN_POINT('',(0.446912221065,23.268540313178));
#5128 = CARTESIAN_POINT('',(0.447101484743,24.55655465087));
#5129 = CARTESIAN_POINT('',(0.44734479087,26.27565567972));
#5130 = CARTESIAN_POINT('',(0.447405022399,26.706741629066));
#5131 = CARTESIAN_POINT('',(0.447464493381,27.137827667934));
#5132 = CARTESIAN_POINT('',(0.447523222806,27.568913792698));
#5133 = CARTESIAN_POINT('',(0.447581228703,28.));
#5134 = ( GEOMETRIC_REPRESENTATION_CONTEXT(2) 
PARAMETRIC_REPRESENTATION_CONTEXT() REPRESENTATION_CONTEXT('2D SPACE',''
  ) );
#5135 = PCURVE('',#5136,#5141);
#5136 = B_SPLINE_SURFACE_WITH_KNOTS('',1,1,(
    (#5137,#5138)
    ,(#5139,#5140
    )),.UNSPECIFIED.,.F.,.F.,.F.,(2,2),(2,2),(0.,6.351681919032),(0.,1.)
  ,.PIECEWISE_BEZIER_KNOTS.);
#5137 = CARTESIAN_POINT('',(-11.81581234575,-3.487344488065,-22.49999995
    ));
#5138 = CARTESIAN_POINT('',(-18.17817283961,-5.365145366253,5.50000005)
  );
#5139 = CARTESIAN_POINT('',(-7.5609038224,-3.722270106314,-22.49999995)
  );
#5140 = CARTESIAN_POINT('',(-11.84020528935,-5.782315034812,5.50000005)
  );
#5141 = DEFINITIONAL_REPRESENTATION('',(#5142),#5165);
#5142 = B_SPLINE_CURVE_WITH_KNOTS('',5,(#5143,#5144,#5145,#5146,#5147,
    #5148,#5149,#5150,#5151,#5152,#5153,#5154,#5155,#5156,#5157,#5158,
    #5159,#5160,#5161,#5162,#5163,#5164),.UNSPECIFIED.,.F.,.F.,(6,4,4,4,
    4,6),(0.,0.231011658054,0.462017731493,0.693020452554,0.923021079772
    ,1.),.UNSPECIFIED.);
#5143 = CARTESIAN_POINT('',(5.944370330672,1.000048545997E-10));
#5144 = CARTESIAN_POINT('',(5.959907653565,4.620146709975E-02));
#5145 = CARTESIAN_POINT('',(5.974582922425,9.240311688959E-02));
#5146 = CARTESIAN_POINT('',(5.988491686021,0.13860491793));
#5147 = CARTESIAN_POINT('',(6.001708889499,0.184806844854));
#5148 = CARTESIAN_POINT('',(6.026885724952,0.277209800645));
#5149 = CARTESIAN_POINT('',(6.038845613304,0.323410828902));
#5150 = CARTESIAN_POINT('',(6.050238912675,0.369611948604));
#5151 = CARTESIAN_POINT('',(6.061117530306,0.415813146248));
#5152 = CARTESIAN_POINT('',(6.081929303586,0.50821500767));
#5153 = CARTESIAN_POINT('',(6.091862840079,0.554415671183));
#5154 = CARTESIAN_POINT('',(6.101366424428,0.600616392844));
#5155 = CARTESIAN_POINT('',(6.110476112639,0.646817164803));
#5156 = CARTESIAN_POINT('',(6.127929337322,0.739018377769));
#5157 = CARTESIAN_POINT('',(6.136276239657,0.785018818263));
#5158 = CARTESIAN_POINT('',(6.144291967026,0.831019296899));
#5159 = CARTESIAN_POINT('',(6.152002024193,0.87701980896));
#5160 = CARTESIAN_POINT('',(6.161913206499,0.938416274276));
#5161 = CARTESIAN_POINT('',(6.164366728791,0.953812201112));
#5162 = CARTESIAN_POINT('',(6.16678923613,0.969208131032));
#5163 = CARTESIAN_POINT('',(6.169181503693,0.984604063927));
#5164 = CARTESIAN_POINT('',(6.171544267466,0.999999999902));
#5165 = ( GEOMETRIC_REPRESENTATION_CONTEXT(2) 
PARAMETRIC_REPRESENTATION_CONTEXT() REPRESENTATION_CONTEXT('2D SPACE',''
  ) );
#5166 = ORIENTED_EDGE('',*,*,#411,.T.);
#5167 = ORIENTED_EDGE('',*,*,#5168,.T.);
#5168 = EDGE_CURVE('',#412,#1706,#5169,.T.);
#5169 = SURFACE_CURVE('',#5170,(#5193,#5219),.PCURVE_S1.);
#5170 = B_SPLINE_CURVE_WITH_KNOTS('',5,(#5171,#5172,#5173,#5174,#5175,
    #5176,#5177,#5178,#5179,#5180,#5181,#5182,#5183,#5184,#5185,#5186,
    #5187,#5188,#5189,#5190,#5191,#5192),.UNSPECIFIED.,.F.,.F.,(6,4,4,4,
    4,6),(0.,0.231011658054,0.462017731493,0.693020452554,0.923021079772
    ,1.),.UNSPECIFIED.);
#5171 = CARTESIAN_POINT('',(-7.12741208136,-4.930629587955,-22.49999995)
  );
#5172 = CARTESIAN_POINT('',(-7.30660460152,-5.05057648758,-21.206358874)
  );
#5173 = CARTESIAN_POINT('',(-7.48580930071,-5.170504519417,
    -19.91271266995));
#5174 = CARTESIAN_POINT('',(-7.66502477051,-5.29041572009,
    -18.61906225201));
#5175 = CARTESIAN_POINT('',(-7.84424991432,-5.410311695692,
    -17.32540829409));
#5176 = CARTESIAN_POINT('',(-8.20271340122,-5.6500730154,-14.73812553193
    ));
#5177 = CARTESIAN_POINT('',(-8.38195173903,-5.769938363945,
    -13.44449674075));
#5178 = CARTESIAN_POINT('',(-8.56119794428,-5.889791183114,
    -12.15086538908));
#5179 = CARTESIAN_POINT('',(-8.74045127146,-6.009632597152,
    -10.85723185506));
#5180 = CARTESIAN_POINT('',(-9.09896837306,-6.24929270719,-8.26997973524
    ));
#5181 = CARTESIAN_POINT('',(-9.2782321413,-6.36911141088,-6.976361156864
    ));
#5182 = CARTESIAN_POINT('',(-9.45750182507,-6.48892055413,
    -5.682740950378));
#5183 = CARTESIAN_POINT('',(-9.63677691367,-6.608720924412,
    -4.389119335511));
#5184 = CARTESIAN_POINT('',(-9.99455934299,-6.847785765243,
    -1.807485372464));
#5185 = CARTESIAN_POINT('',(-10.17306663715,-6.967050310471,
    -0.519473038641));
#5186 = CARTESIAN_POINT('',(-10.35157845492,-7.086307459278,
    0.768540363178));
#5187 = CARTESIAN_POINT('',(-10.530094439,-7.205557772374,2.05655470087)
  );
#5188 = CARTESIAN_POINT('',(-10.76836310792,-7.364711485983,
    3.77565572972));
#5189 = CARTESIAN_POINT('',(-10.82811235821,-7.404620536574,
    4.206741679066));
#5190 = CARTESIAN_POINT('',(-10.88786203025,-7.444528892583,
    4.637827717934));
#5191 = CARTESIAN_POINT('',(-10.94761211324,-7.484436571116,
    5.068913842698));
#5192 = CARTESIAN_POINT('',(-11.00736259697,-7.524343588428,5.50000005)
  );
#5193 = PCURVE('',#428,#5194);
#5194 = DEFINITIONAL_REPRESENTATION('',(#5195),#5218);
#5195 = B_SPLINE_CURVE_WITH_KNOTS('',5,(#5196,#5197,#5198,#5199,#5200,
    #5201,#5202,#5203,#5204,#5205,#5206,#5207,#5208,#5209,#5210,#5211,
    #5212,#5213,#5214,#5215,#5216,#5217),.UNSPECIFIED.,.F.,.F.,(6,4,4,4,
    4,6),(0.,0.231011658054,0.462017731493,0.693020452554,0.923021079772
    ,1.),.UNSPECIFIED.);
#5196 = CARTESIAN_POINT('',(0.605190555962,0.));
#5197 = CARTESIAN_POINT('',(0.604809507674,1.293641075993));
#5198 = CARTESIAN_POINT('',(0.604449567943,2.587287280049));
#5199 = CARTESIAN_POINT('',(0.604108400661,3.880937697982));
#5200 = CARTESIAN_POINT('',(0.603784172747,5.174591655907));
#5201 = CARTESIAN_POINT('',(0.603166524326,7.761874418065));
#5202 = CARTESIAN_POINT('',(0.602873097556,9.055503209246));
#5203 = CARTESIAN_POINT('',(0.602593552865,10.349134560912));
#5204 = CARTESIAN_POINT('',(0.602326620097,11.64276809494));
#5205 = CARTESIAN_POINT('',(0.601815924756,14.23002021476));
#5206 = CARTESIAN_POINT('',(0.601572152883,15.523638793136));
#5207 = CARTESIAN_POINT('',(0.60133891905,16.817258999622));
#5208 = CARTESIAN_POINT('',(0.60111534058,18.110880614489));
#5209 = CARTESIAN_POINT('',(0.600686966628,20.692514577536));
#5210 = CARTESIAN_POINT('',(0.600482088651,21.980526911359));
#5211 = CARTESIAN_POINT('',(0.600285330132,23.268540313178));
#5212 = CARTESIAN_POINT('',(0.600096066454,24.55655465087));
#5213 = CARTESIAN_POINT('',(0.599852760326,26.27565567972));
#5214 = CARTESIAN_POINT('',(0.599792528798,26.706741629066));
#5215 = CARTESIAN_POINT('',(0.599733057815,27.137827667934));
#5216 = CARTESIAN_POINT('',(0.59967432839,27.568913792698));
#5217 = CARTESIAN_POINT('',(0.599616322493,28.));
#5218 = ( GEOMETRIC_REPRESENTATION_CONTEXT(2) 
PARAMETRIC_REPRESENTATION_CONTEXT() REPRESENTATION_CONTEXT('2D SPACE',''
  ) );
#5219 = PCURVE('',#5220,#5225);
#5220 = B_SPLINE_SURFACE_WITH_KNOTS('',1,1,(
    (#5221,#5222)
    ,(#5223,#5224
    )),.UNSPECIFIED.,.F.,.F.,.F.,(2,2),(2,2),(0.,6.351681919032),(0.,1.)
  ,.PIECEWISE_BEZIER_KNOTS.);
#5221 = CARTESIAN_POINT('',(-7.00403238301,-4.686799732609,-22.49999995)
  );
#5222 = CARTESIAN_POINT('',(-10.92773435751,-7.362761049192,5.50000005)
  );
#5223 = CARTESIAN_POINT('',(-8.92803509129,-8.489121413735,-22.49999995)
  );
#5224 = CARTESIAN_POINT('',(-13.73543860198,-13.06018679035,5.50000005)
  );
#5225 = DEFINITIONAL_REPRESENTATION('',(#5226),#5249);
#5226 = B_SPLINE_CURVE_WITH_KNOTS('',5,(#5227,#5228,#5229,#5230,#5231,
    #5232,#5233,#5234,#5235,#5236,#5237,#5238,#5239,#5240,#5241,#5242,
    #5243,#5244,#5245,#5246,#5247,#5248),.UNSPECIFIED.,.F.,.F.,(6,4,4,4,
    4,6),(0.,0.231011658054,0.462017731493,0.693020452554,0.923021079772
    ,1.),.UNSPECIFIED.);
#5227 = CARTESIAN_POINT('',(0.40731158836,1.000048650361E-10));
#5228 = CARTESIAN_POINT('',(0.391774265467,4.620146709975E-02));
#5229 = CARTESIAN_POINT('',(0.377098996607,9.24031168896E-02));
#5230 = CARTESIAN_POINT('',(0.363190233011,0.13860491793));
#5231 = CARTESIAN_POINT('',(0.349973029533,0.184806844854));
#5232 = CARTESIAN_POINT('',(0.32479619408,0.277209800645));
#5233 = CARTESIAN_POINT('',(0.312836305728,0.323410828902));
#5234 = CARTESIAN_POINT('',(0.301443006357,0.369611948604));
#5235 = CARTESIAN_POINT('',(0.290564388727,0.415813146248));
#5236 = CARTESIAN_POINT('',(0.269752615446,0.50821500767));
#5237 = CARTESIAN_POINT('',(0.259819078953,0.554415671183));
#5238 = CARTESIAN_POINT('',(0.250315494604,0.600616392844));
#5239 = CARTESIAN_POINT('',(0.241205806393,0.646817164803));
#5240 = CARTESIAN_POINT('',(0.22375258171,0.739018377769));
#5241 = CARTESIAN_POINT('',(0.215405679375,0.785018818263));
#5242 = CARTESIAN_POINT('',(0.207389952006,0.831019296899));
#5243 = CARTESIAN_POINT('',(0.199679894839,0.87701980896));
#5244 = CARTESIAN_POINT('',(0.189768712533,0.938416274276));
#5245 = CARTESIAN_POINT('',(0.187315190241,0.953812201112));
#5246 = CARTESIAN_POINT('',(0.184892682902,0.969208131032));
#5247 = CARTESIAN_POINT('',(0.182500415339,0.984604063927));
#5248 = CARTESIAN_POINT('',(0.180137651566,0.999999999902));
#5249 = ( GEOMETRIC_REPRESENTATION_CONTEXT(2) 
PARAMETRIC_REPRESENTATION_CONTEXT() REPRESENTATION_CONTEXT('2D SPACE',''
  ) );
#5250 = ADVANCED_FACE('',(#5251),#353,.F.);
#5251 = FACE_BOUND('',#5252,.F.);
#5252 = EDGE_LOOP('',(#5253,#5254,#5280,#5281));
#5253 = ORIENTED_EDGE('',*,*,#337,.T.);
#5254 = ORIENTED_EDGE('',*,*,#5255,.T.);
#5255 = EDGE_CURVE('',#226,#389,#5256,.T.);
#5256 = SURFACE_CURVE('',#5257,(#5262,#5269),.PCURVE_S1.);
#5257 = CIRCLE('',#5258,8.666666666667);
#5258 = AXIS2_PLACEMENT_3D('',#5259,#5260,#5261);
#5259 = CARTESIAN_POINT('',(2.415845301584E-13,-2.30926389122E-12,
    -22.49999995));
#5260 = DIRECTION('',(0.,0.,1.));
#5261 = DIRECTION('',(-1.,0.,0.));
#5262 = PCURVE('',#353,#5263);
#5263 = DEFINITIONAL_REPRESENTATION('',(#5264),#5268);
#5264 = CIRCLE('',#5265,8.666666666667);
#5265 = AXIS2_PLACEMENT_2D('',#5266,#5267);
#5266 = CARTESIAN_POINT('',(0.,0.));
#5267 = DIRECTION('',(1.,0.));
#5268 = ( GEOMETRIC_REPRESENTATION_CONTEXT(2) 
PARAMETRIC_REPRESENTATION_CONTEXT() REPRESENTATION_CONTEXT('2D SPACE',''
  ) );
#5269 = PCURVE('',#2831,#5270);
#5270 = DEFINITIONAL_REPRESENTATION('',(#5271),#5279);
#5271 = ( BOUNDED_CURVE() B_SPLINE_CURVE(2,(#5272,#5273,#5274,#5275,
#5276,#5277,#5278),.UNSPECIFIED.,.T.,.F.) B_SPLINE_CURVE_WITH_KNOTS((1,2
    ,2,2,2,1),(-2.094395102393,0.,2.094395102393,4.188790204786,
6.28318530718,8.377580409573),.UNSPECIFIED.) CURVE() 
GEOMETRIC_REPRESENTATION_ITEM() RATIONAL_B_SPLINE_CURVE((1.,0.5,1.,0.5,
1.,0.5,1.)) REPRESENTATION_ITEM('') );
#5272 = CARTESIAN_POINT('',(1.777761612339,3.452183347072));
#5273 = CARTESIAN_POINT('',(-1.009827912613,-11.29782268593));
#5274 = CARTESIAN_POINT('',(-12.38991308069,-1.508696325499));
#5275 = CARTESIAN_POINT('',(-23.76999824877,8.280430034936));
#5276 = CARTESIAN_POINT('',(-9.602323555742,13.241309707507));
#5277 = CARTESIAN_POINT('',(4.565351137291,18.202189380078));
#5278 = CARTESIAN_POINT('',(1.777761612339,3.452183347072));
#5279 = ( GEOMETRIC_REPRESENTATION_CONTEXT(2) 
PARAMETRIC_REPRESENTATION_CONTEXT() REPRESENTATION_CONTEXT('2D SPACE',''
  ) );
#5280 = ORIENTED_EDGE('',*,*,#388,.T.);
#5281 = ORIENTED_EDGE('',*,*,#365,.T.);
#5282 = ADVANCED_FACE('',(#5283),#1560,.T.);
#5283 = FACE_BOUND('',#5284,.T.);
#5284 = EDGE_LOOP('',(#5285,#5286,#5287,#5309));
#5285 = ORIENTED_EDGE('',*,*,#2899,.T.);
#5286 = ORIENTED_EDGE('',*,*,#1545,.F.);
#5287 = ORIENTED_EDGE('',*,*,#5288,.F.);
#5288 = EDGE_CURVE('',#5289,#1546,#5291,.T.);
#5289 = VERTEX_POINT('',#5290);
#5290 = CARTESIAN_POINT('',(-11.81581234575,3.487344488061,-22.49999995)
  );
#5291 = SURFACE_CURVE('',#5292,(#5296,#5303),.PCURVE_S1.);
#5292 = LINE('',#5293,#5294);
#5293 = CARTESIAN_POINT('',(-11.81581234575,3.487344488061,-22.49999995)
  );
#5294 = VECTOR('',#5295,1.);
#5295 = DIRECTION('',(-0.258819045103,-0.965925826289,0.));
#5296 = PCURVE('',#1560,#5297);
#5297 = DEFINITIONAL_REPRESENTATION('',(#5298),#5302);
#5298 = LINE('',#5299,#5300);
#5299 = CARTESIAN_POINT('',(4.493725269404,-3.452984387E-12));
#5300 = VECTOR('',#5301,1.);
#5301 = DIRECTION('',(-0.433691345509,-0.901061494478));
#5302 = ( GEOMETRIC_REPRESENTATION_CONTEXT(2) 
PARAMETRIC_REPRESENTATION_CONTEXT() REPRESENTATION_CONTEXT('2D SPACE',''
  ) );
#5303 = PCURVE('',#1614,#5304);
#5304 = DEFINITIONAL_REPRESENTATION('',(#5305),#5308);
#5305 = B_SPLINE_CURVE_WITH_KNOTS('',1,(#5306,#5307),.UNSPECIFIED.,.F.,
  .F.,(2,2),(0.,0.620717675501),.PIECEWISE_BEZIER_KNOTS.);
#5306 = CARTESIAN_POINT('',(0.,0.));
#5307 = CARTESIAN_POINT('',(0.954950270002,0.));
#5308 = ( GEOMETRIC_REPRESENTATION_CONTEXT(2) 
PARAMETRIC_REPRESENTATION_CONTEXT() REPRESENTATION_CONTEXT('2D SPACE',''
  ) );
#5309 = ORIENTED_EDGE('',*,*,#5310,.F.);
#5310 = EDGE_CURVE('',#1442,#5289,#5311,.T.);
#5311 = SURFACE_CURVE('',#5312,(#5316,#5323),.PCURVE_S1.);
#5312 = LINE('',#5313,#5314);
#5313 = CARTESIAN_POINT('',(-7.5609038224,3.72227010631,-22.49999995));
#5314 = VECTOR('',#5315,1.);
#5315 = DIRECTION('',(-0.998479246782,-5.512888304692E-02,0.));
#5316 = PCURVE('',#1560,#5317);
#5317 = DEFINITIONAL_REPRESENTATION('',(#5318),#5322);
#5318 = LINE('',#5319,#5320);
#5319 = CARTESIAN_POINT('',(1.421233359309,2.952834240279));
#5320 = VECTOR('',#5321,1.);
#5321 = DIRECTION('',(0.721007135947,-0.692927636853));
#5322 = ( GEOMETRIC_REPRESENTATION_CONTEXT(2) 
PARAMETRIC_REPRESENTATION_CONTEXT() REPRESENTATION_CONTEXT('2D SPACE',''
  ) );
#5323 = PCURVE('',#2983,#5324);
#5324 = DEFINITIONAL_REPRESENTATION('',(#5325),#5328);
#5325 = B_SPLINE_CURVE_WITH_KNOTS('',1,(#5326,#5327),.UNSPECIFIED.,.F.,
  .F.,(2,2),(0.,4.261389044455),.PIECEWISE_BEZIER_KNOTS.);
#5326 = CARTESIAN_POINT('',(0.,0.));
#5327 = CARTESIAN_POINT('',(6.351681919032,0.));
#5328 = ( GEOMETRIC_REPRESENTATION_CONTEXT(2) 
PARAMETRIC_REPRESENTATION_CONTEXT() REPRESENTATION_CONTEXT('2D SPACE',''
  ) );
#5329 = ADVANCED_FACE('',(#5330),#1614,.T.);
#5330 = FACE_BOUND('',#5331,.T.);
#5331 = EDGE_LOOP('',(#5332,#5333,#5334,#5357));
#5332 = ORIENTED_EDGE('',*,*,#5288,.T.);
#5333 = ORIENTED_EDGE('',*,*,#1601,.T.);
#5334 = ORIENTED_EDGE('',*,*,#5335,.F.);
#5335 = EDGE_CURVE('',#5336,#1574,#5338,.T.);
#5336 = VERTEX_POINT('',#5337);
#5337 = CARTESIAN_POINT('',(-18.17817283961,5.365145366249,5.50000005));
#5338 = SURFACE_CURVE('',#5339,(#5343,#5350),.PCURVE_S1.);
#5339 = LINE('',#5340,#5341);
#5340 = CARTESIAN_POINT('',(-18.17817283961,5.365145366249,5.50000005));
#5341 = VECTOR('',#5342,1.);
#5342 = DIRECTION('',(-0.258819045103,-0.965925826289,0.));
#5343 = PCURVE('',#1614,#5344);
#5344 = DEFINITIONAL_REPRESENTATION('',(#5345),#5349);
#5345 = LINE('',#5346,#5347);
#5346 = CARTESIAN_POINT('',(0.,1.));
#5347 = VECTOR('',#5348,1.);
#5348 = DIRECTION('',(1.,0.));
#5349 = ( GEOMETRIC_REPRESENTATION_CONTEXT(2) 
PARAMETRIC_REPRESENTATION_CONTEXT() REPRESENTATION_CONTEXT('2D SPACE',''
  ) );
#5350 = PCURVE('',#1589,#5351);
#5351 = DEFINITIONAL_REPRESENTATION('',(#5352),#5356);
#5352 = LINE('',#5353,#5354);
#5353 = CARTESIAN_POINT('',(6.71999795909,-1.259822742583E-12));
#5354 = VECTOR('',#5355,1.);
#5355 = DIRECTION('',(-0.446174530753,-0.894945969379));
#5356 = ( GEOMETRIC_REPRESENTATION_CONTEXT(2) 
PARAMETRIC_REPRESENTATION_CONTEXT() REPRESENTATION_CONTEXT('2D SPACE',''
  ) );
#5357 = ORIENTED_EDGE('',*,*,#5358,.F.);
#5358 = EDGE_CURVE('',#5289,#5336,#5359,.T.);
#5359 = SURFACE_CURVE('',#5360,(#5363,#5370),.PCURVE_S1.);
#5360 = B_SPLINE_CURVE_WITH_KNOTS('',1,(#5361,#5362),.UNSPECIFIED.,.F.,
  .F.,(2,2),(0.,1.),.PIECEWISE_BEZIER_KNOTS.);
#5361 = CARTESIAN_POINT('',(-11.81581234575,3.487344488061,-22.49999995)
  );
#5362 = CARTESIAN_POINT('',(-18.17817283961,5.365145366249,5.50000005));
#5363 = PCURVE('',#1614,#5364);
#5364 = DEFINITIONAL_REPRESENTATION('',(#5365),#5369);
#5365 = LINE('',#5366,#5367);
#5366 = CARTESIAN_POINT('',(0.,0.));
#5367 = VECTOR('',#5368,1.);
#5368 = DIRECTION('',(0.,1.));
#5369 = ( GEOMETRIC_REPRESENTATION_CONTEXT(2) 
PARAMETRIC_REPRESENTATION_CONTEXT() REPRESENTATION_CONTEXT('2D SPACE',''
  ) );
#5370 = PCURVE('',#2983,#5371);
#5371 = DEFINITIONAL_REPRESENTATION('',(#5372),#5376);
#5372 = LINE('',#5373,#5374);
#5373 = CARTESIAN_POINT('',(6.351681919032,0.));
#5374 = VECTOR('',#5375,1.);
#5375 = DIRECTION('',(0.,1.));
#5376 = ( GEOMETRIC_REPRESENTATION_CONTEXT(2) 
PARAMETRIC_REPRESENTATION_CONTEXT() REPRESENTATION_CONTEXT('2D SPACE',''
  ) );
#5377 = ADVANCED_FACE('',(#5378),#1589,.F.);
#5378 = FACE_BOUND('',#5379,.F.);
#5379 = EDGE_LOOP('',(#5380,#5406,#5407,#5408));
#5380 = ORIENTED_EDGE('',*,*,#5381,.T.);
#5381 = EDGE_CURVE('',#2686,#57,#5382,.T.);
#5382 = SURFACE_CURVE('',#5383,(#5388,#5399),.PCURVE_S1.);
#5383 = CIRCLE('',#5384,13.333333333333);
#5384 = AXIS2_PLACEMENT_3D('',#5385,#5386,#5387);
#5385 = CARTESIAN_POINT('',(2.415845301584E-13,-2.30926389122E-12,
    5.50000005));
#5386 = DIRECTION('',(0.,0.,1.));
#5387 = DIRECTION('',(-1.,0.,0.));
#5388 = PCURVE('',#1589,#5389);
#5389 = DEFINITIONAL_REPRESENTATION('',(#5390),#5398);
#5390 = ( BOUNDED_CURVE() B_SPLINE_CURVE(2,(#5391,#5392,#5393,#5394,
#5395,#5396,#5397),.UNSPECIFIED.,.T.,.F.) B_SPLINE_CURVE_WITH_KNOTS((1,2
    ,2,2,2,1),(-2.094395102393,0.,2.094395102393,4.188790204786,
6.28318530718,8.377580409573),.UNSPECIFIED.) CURVE() 
GEOMETRIC_REPRESENTATION_ITEM() RATIONAL_B_SPLINE_CURVE((1.,0.5,1.,0.5,
1.,0.5,1.)) REPRESENTATION_ITEM('') );
#5391 = CARTESIAN_POINT('',(-0.463604164537,-0.808155413276));
#5392 = CARTESIAN_POINT('',(-15.7657087126,-18.10494499207));
#5393 = CARTESIAN_POINT('',(-23.09411561772,3.795461067319));
#5394 = CARTESIAN_POINT('',(-30.42252252284,25.695867126713));
#5395 = CARTESIAN_POINT('',(-7.792011069656,21.092250646118));
#5396 = CARTESIAN_POINT('',(14.838500383533,16.488634165523));
#5397 = CARTESIAN_POINT('',(-0.463604164537,-0.808155413276));
#5398 = ( GEOMETRIC_REPRESENTATION_CONTEXT(2) 
PARAMETRIC_REPRESENTATION_CONTEXT() REPRESENTATION_CONTEXT('2D SPACE',''
  ) );
#5399 = PCURVE('',#2725,#5400);
#5400 = DEFINITIONAL_REPRESENTATION('',(#5401),#5405);
#5401 = CIRCLE('',#5402,13.333333333333);
#5402 = AXIS2_PLACEMENT_2D('',#5403,#5404);
#5403 = CARTESIAN_POINT('',(0.,0.));
#5404 = DIRECTION('',(1.,0.));
#5405 = ( GEOMETRIC_REPRESENTATION_CONTEXT(2) 
PARAMETRIC_REPRESENTATION_CONTEXT() REPRESENTATION_CONTEXT('2D SPACE',''
  ) );
#5406 = ORIENTED_EDGE('',*,*,#1573,.F.);
#5407 = ORIENTED_EDGE('',*,*,#5335,.F.);
#5408 = ORIENTED_EDGE('',*,*,#5409,.F.);
#5409 = EDGE_CURVE('',#2686,#5336,#5410,.T.);
#5410 = SURFACE_CURVE('',#5411,(#5415,#5422),.PCURVE_S1.);
#5411 = LINE('',#5412,#5413);
#5412 = CARTESIAN_POINT('',(-11.84020528935,5.782315034808,5.50000005));
#5413 = VECTOR('',#5414,1.);
#5414 = DIRECTION('',(-0.997840828785,-6.567861455864E-02,0.));
#5415 = PCURVE('',#1589,#5416);
#5416 = DEFINITIONAL_REPRESENTATION('',(#5417),#5421);
#5417 = LINE('',#5418,#5419);
#5418 = CARTESIAN_POINT('',(2.249448506656,4.511989671292));
#5419 = VECTOR('',#5420,1.);
#5420 = DIRECTION('',(0.703837111087,-0.710361401722));
#5421 = ( GEOMETRIC_REPRESENTATION_CONTEXT(2) 
PARAMETRIC_REPRESENTATION_CONTEXT() REPRESENTATION_CONTEXT('2D SPACE',''
  ) );
#5422 = PCURVE('',#2983,#5423);
#5423 = DEFINITIONAL_REPRESENTATION('',(#5424),#5428);
#5424 = LINE('',#5425,#5426);
#5425 = CARTESIAN_POINT('',(0.,1.));
#5426 = VECTOR('',#5427,1.);
#5427 = DIRECTION('',(1.,0.));
#5428 = ( GEOMETRIC_REPRESENTATION_CONTEXT(2) 
PARAMETRIC_REPRESENTATION_CONTEXT() REPRESENTATION_CONTEXT('2D SPACE',''
  ) );
#5429 = ADVANCED_FACE('',(#5430),#2725,.T.);
#5430 = FACE_BOUND('',#5431,.T.);
#5431 = EDGE_LOOP('',(#5432,#5433,#5434,#5435));
#5432 = ORIENTED_EDGE('',*,*,#5381,.T.);
#5433 = ORIENTED_EDGE('',*,*,#2760,.T.);
#5434 = ORIENTED_EDGE('',*,*,#2737,.T.);
#5435 = ORIENTED_EDGE('',*,*,#2709,.T.);
#5436 = ADVANCED_FACE('',(#5437),#2627,.T.);
#5437 = FACE_BOUND('',#5438,.T.);
#5438 = EDGE_LOOP('',(#5439,#5470,#5471,#5472));
#5439 = ORIENTED_EDGE('',*,*,#5440,.T.);
#5440 = EDGE_CURVE('',#2588,#2663,#5441,.T.);
#5441 = SURFACE_CURVE('',#5442,(#5447,#5454),.PCURVE_S1.);
#5442 = CIRCLE('',#5443,13.333333333333);
#5443 = AXIS2_PLACEMENT_3D('',#5444,#5445,#5446);
#5444 = CARTESIAN_POINT('',(2.415845301584E-13,-2.30926389122E-12,
    5.50000005));
#5445 = DIRECTION('',(0.,0.,1.));
#5446 = DIRECTION('',(-1.,0.,0.));
#5447 = PCURVE('',#2627,#5448);
#5448 = DEFINITIONAL_REPRESENTATION('',(#5449),#5453);
#5449 = CIRCLE('',#5450,13.333333333333);
#5450 = AXIS2_PLACEMENT_2D('',#5451,#5452);
#5451 = CARTESIAN_POINT('',(0.,0.));
#5452 = DIRECTION('',(1.,0.));
#5453 = ( GEOMETRIC_REPRESENTATION_CONTEXT(2) 
PARAMETRIC_REPRESENTATION_CONTEXT() REPRESENTATION_CONTEXT('2D SPACE',''
  ) );
#5454 = PCURVE('',#5455,#5460);
#5455 = PLANE('',#5456);
#5456 = AXIS2_PLACEMENT_3D('',#5457,#5458,#5459);
#5457 = CARTESIAN_POINT('',(-10.92773435751,7.362761049188,5.50000005));
#5458 = DIRECTION('',(0.,0.,-1.));
#5459 = DIRECTION('',(-0.317329327455,0.948315400032,0.));
#5460 = DEFINITIONAL_REPRESENTATION('',(#5461),#5469);
#5461 = ( BOUNDED_CURVE() B_SPLINE_CURVE(2,(#5462,#5463,#5464,#5465,
#5466,#5467,#5468),.UNSPECIFIED.,.T.,.F.) B_SPLINE_CURVE_WITH_KNOTS((1,2
    ,2,2,2,1),(-2.094395102393,0.,2.094395102393,4.188790204786,
6.28318530718,8.377580409573),.UNSPECIFIED.) CURVE() 
GEOMETRIC_REPRESENTATION_ITEM() RATIONAL_B_SPLINE_CURVE((1.,0.5,1.,0.5,
1.,0.5,1.)) REPRESENTATION_ITEM('') );
#5462 = CARTESIAN_POINT('',(-6.218852584576,-4.617686567023));
#5463 = CARTESIAN_POINT('',(-28.11925864397,-11.94609347213));
#5464 = CARTESIAN_POINT('',(-23.51564216337,10.684417981051));
#5465 = CARTESIAN_POINT('',(-18.91202568277,33.314929434239));
#5466 = CARTESIAN_POINT('',(-1.615236103975,18.012824886164));
#5467 = CARTESIAN_POINT('',(15.68155347482,2.710720338089));
#5468 = CARTESIAN_POINT('',(-6.218852584576,-4.617686567023));
#5469 = ( GEOMETRIC_REPRESENTATION_CONTEXT(2) 
PARAMETRIC_REPRESENTATION_CONTEXT() REPRESENTATION_CONTEXT('2D SPACE',''
  ) );
#5470 = ORIENTED_EDGE('',*,*,#2662,.T.);
#5471 = ORIENTED_EDGE('',*,*,#2639,.T.);
#5472 = ORIENTED_EDGE('',*,*,#2611,.T.);
#5473 = ADVANCED_FACE('',(#5474),#2529,.T.);
#5474 = FACE_BOUND('',#5475,.T.);
#5475 = EDGE_LOOP('',(#5476,#5507,#5508,#5509));
#5476 = ORIENTED_EDGE('',*,*,#5477,.T.);
#5477 = EDGE_CURVE('',#2490,#2565,#5478,.T.);
#5478 = SURFACE_CURVE('',#5479,(#5484,#5491),.PCURVE_S1.);
#5479 = CIRCLE('',#5480,13.333333333333);
#5480 = AXIS2_PLACEMENT_3D('',#5481,#5482,#5483);
#5481 = CARTESIAN_POINT('',(2.415845301584E-13,-2.30926389122E-12,
    5.50000005));
#5482 = DIRECTION('',(0.,0.,1.));
#5483 = DIRECTION('',(-1.,0.,0.));
#5484 = PCURVE('',#2529,#5485);
#5485 = DEFINITIONAL_REPRESENTATION('',(#5486),#5490);
#5486 = CIRCLE('',#5487,13.333333333333);
#5487 = AXIS2_PLACEMENT_2D('',#5488,#5489);
#5488 = CARTESIAN_POINT('',(0.,0.));
#5489 = DIRECTION('',(1.,0.));
#5490 = ( GEOMETRIC_REPRESENTATION_CONTEXT(2) 
PARAMETRIC_REPRESENTATION_CONTEXT() REPRESENTATION_CONTEXT('2D SPACE',''
  ) );
#5491 = PCURVE('',#5492,#5497);
#5492 = PLANE('',#5493);
#5493 = AXIS2_PLACEMENT_3D('',#5494,#5495,#5496);
#5494 = CARTESIAN_POINT('',(-5.78231503481,11.840205289342,5.50000005));
#5495 = DIRECTION('',(0.,0.,-1.));
#5496 = DIRECTION('',(0.199342441074,0.979929890955,0.));
#5497 = DEFINITIONAL_REPRESENTATION('',(#5498),#5506);
#5498 = ( BOUNDED_CURVE() B_SPLINE_CURVE(2,(#5499,#5500,#5501,#5502,
#5503,#5504,#5505),.UNSPECIFIED.,.T.,.F.) B_SPLINE_CURVE_WITH_KNOTS((1,2
    ,2,2,2,1),(-2.094395102393,0.,2.094395102393,4.188790204786,
6.28318530718,8.377580409573),.UNSPECIFIED.) CURVE() 
GEOMETRIC_REPRESENTATION_ITEM() RATIONAL_B_SPLINE_CURVE((1.,0.5,1.,0.5,
1.,0.5,1.)) REPRESENTATION_ITEM('') );
#5499 = CARTESIAN_POINT('',(-13.10780949829,-5.039213112675));
#5500 = CARTESIAN_POINT('',(-35.73832095147,-0.435596632076));
#5501 = CARTESIAN_POINT('',(-20.4362164034,16.86119294672));
#5502 = CARTESIAN_POINT('',(-5.134111855333,34.157982525516));
#5503 = CARTESIAN_POINT('',(2.194295049782,12.257576466121));
#5504 = CARTESIAN_POINT('',(9.522701954897,-9.642829593273));
#5505 = CARTESIAN_POINT('',(-13.10780949829,-5.039213112675));
#5506 = ( GEOMETRIC_REPRESENTATION_CONTEXT(2) 
PARAMETRIC_REPRESENTATION_CONTEXT() REPRESENTATION_CONTEXT('2D SPACE',''
  ) );
#5507 = ORIENTED_EDGE('',*,*,#2564,.T.);
#5508 = ORIENTED_EDGE('',*,*,#2541,.T.);
#5509 = ORIENTED_EDGE('',*,*,#2513,.T.);
#5510 = ADVANCED_FACE('',(#5511),#2431,.T.);
#5511 = FACE_BOUND('',#5512,.T.);
#5512 = EDGE_LOOP('',(#5513,#5544,#5545,#5546));
#5513 = ORIENTED_EDGE('',*,*,#5514,.T.);
#5514 = EDGE_CURVE('',#2392,#2467,#5515,.T.);
#5515 = SURFACE_CURVE('',#5516,(#5521,#5528),.PCURVE_S1.);
#5516 = CIRCLE('',#5517,13.333333333333);
#5517 = AXIS2_PLACEMENT_3D('',#5518,#5519,#5520);
#5518 = CARTESIAN_POINT('',(2.415845301584E-13,-2.30926389122E-12,
    5.50000005));
#5519 = DIRECTION('',(0.,0.,1.));
#5520 = DIRECTION('',(-1.,0.,0.));
#5521 = PCURVE('',#2431,#5522);
#5522 = DEFINITIONAL_REPRESENTATION('',(#5523),#5527);
#5523 = CIRCLE('',#5524,13.333333333333);
#5524 = AXIS2_PLACEMENT_2D('',#5525,#5526);
#5525 = CARTESIAN_POINT('',(0.,0.));
#5526 = DIRECTION('',(1.,0.));
#5527 = ( GEOMETRIC_REPRESENTATION_CONTEXT(2) 
PARAMETRIC_REPRESENTATION_CONTEXT() REPRESENTATION_CONTEXT('2D SPACE',''
  ) );
#5528 = PCURVE('',#5529,#5534);
#5529 = PLANE('',#5530);
#5530 = AXIS2_PLACEMENT_3D('',#5531,#5532,#5533);
#5531 = CARTESIAN_POINT('',(0.91247093184,13.145076083998,5.50000005));
#5532 = DIRECTION('',(0.,0.,-1.));
#5533 = DIRECTION('',(0.6626005635,0.748972958958,0.));
#5534 = DEFINITIONAL_REPRESENTATION('',(#5535),#5543);
#5535 = ( BOUNDED_CURVE() B_SPLINE_CURVE(2,(#5536,#5537,#5538,#5539,
#5540,#5541,#5542),.UNSPECIFIED.,.T.,.F.) B_SPLINE_CURVE_WITH_KNOTS((1,2
    ,2,2,2,1),(-2.094395102393,0.,2.094395102393,4.188790204786,
6.28318530718,8.377580409573),.UNSPECIFIED.) CURVE() 
GEOMETRIC_REPRESENTATION_ITEM() RATIONAL_B_SPLINE_CURVE((1.,0.5,1.,0.5,
1.,0.5,1.)) REPRESENTATION_ITEM('') );
#5536 = CARTESIAN_POINT('',(-19.28458446396,-1.959787352714));
#5537 = CARTESIAN_POINT('',(-36.58137404276,13.342317195357));
#5538 = CARTESIAN_POINT('',(-14.68096798337,20.670724100475));
#5539 = CARTESIAN_POINT('',(7.219438076021,27.999131005593));
#5540 = CARTESIAN_POINT('',(2.615821595426,5.368619552405));
#5541 = CARTESIAN_POINT('',(-1.987794885169,-17.26189190078));
#5542 = CARTESIAN_POINT('',(-19.28458446396,-1.959787352714));
#5543 = ( GEOMETRIC_REPRESENTATION_CONTEXT(2) 
PARAMETRIC_REPRESENTATION_CONTEXT() REPRESENTATION_CONTEXT('2D SPACE',''
  ) );
#5544 = ORIENTED_EDGE('',*,*,#2466,.T.);
#5545 = ORIENTED_EDGE('',*,*,#2443,.T.);
#5546 = ORIENTED_EDGE('',*,*,#2415,.T.);
#5547 = ADVANCED_FACE('',(#5548),#2333,.T.);
#5548 = FACE_BOUND('',#5549,.T.);
#5549 = EDGE_LOOP('',(#5550,#5581,#5582,#5583));
#5550 = ORIENTED_EDGE('',*,*,#5551,.T.);
#5551 = EDGE_CURVE('',#2294,#2369,#5552,.T.);
#5552 = SURFACE_CURVE('',#5553,(#5558,#5565),.PCURVE_S1.);
#5553 = CIRCLE('',#5554,13.333333333333);
#5554 = AXIS2_PLACEMENT_3D('',#5555,#5556,#5557);
#5555 = CARTESIAN_POINT('',(2.415845301584E-13,-2.30926389122E-12,
    5.50000005));
#5556 = DIRECTION('',(0.,0.,1.));
#5557 = DIRECTION('',(-1.,0.,0.));
#5558 = PCURVE('',#2333,#5559);
#5559 = DEFINITIONAL_REPRESENTATION('',(#5560),#5564);
#5560 = CIRCLE('',#5561,13.333333333333);
#5561 = AXIS2_PLACEMENT_2D('',#5562,#5563);
#5562 = CARTESIAN_POINT('',(0.,0.));
#5563 = DIRECTION('',(1.,0.));
#5564 = ( GEOMETRIC_REPRESENTATION_CONTEXT(2) 
PARAMETRIC_REPRESENTATION_CONTEXT() REPRESENTATION_CONTEXT('2D SPACE',''
  ) );
#5565 = PCURVE('',#5566,#5571);
#5566 = PLANE('',#5567);
#5567 = AXIS2_PLACEMENT_3D('',#5568,#5569,#5570);
#5568 = CARTESIAN_POINT('',(7.36276104919,10.9277343575,5.50000005));
#5569 = DIRECTION('',(0.,0.,-1.));
#5570 = DIRECTION('',(0.948315400032,0.317329327455,0.));
#5571 = DEFINITIONAL_REPRESENTATION('',(#5572),#5580);
#5572 = ( BOUNDED_CURVE() B_SPLINE_CURVE(2,(#5573,#5574,#5575,#5576,
#5577,#5578,#5579),.UNSPECIFIED.,.T.,.F.) B_SPLINE_CURVE_WITH_KNOTS((1,2
    ,2,2,2,1),(-2.094395102393,0.,2.094395102393,4.188790204786,
6.28318530718,8.377580409573),.UNSPECIFIED.) CURVE() 
GEOMETRIC_REPRESENTATION_ITEM() RATIONAL_B_SPLINE_CURVE((1.,0.5,1.,0.5,
1.,0.5,1.)) REPRESENTATION_ITEM('') );
#5573 = CARTESIAN_POINT('',(-23.09411561772,3.795461067325));
#5574 = CARTESIAN_POINT('',(-30.42252252283,25.69586712672));
#5575 = CARTESIAN_POINT('',(-7.79201106965,21.09225064612));
#5576 = CARTESIAN_POINT('',(14.838500383537,16.488634165519));
#5577 = CARTESIAN_POINT('',(-0.463604164538,-0.808155413276));
#5578 = CARTESIAN_POINT('',(-15.76570871261,-18.10494499207));
#5579 = CARTESIAN_POINT('',(-23.09411561772,3.795461067325));
#5580 = ( GEOMETRIC_REPRESENTATION_CONTEXT(2) 
PARAMETRIC_REPRESENTATION_CONTEXT() REPRESENTATION_CONTEXT('2D SPACE',''
  ) );
#5581 = ORIENTED_EDGE('',*,*,#2368,.T.);
#5582 = ORIENTED_EDGE('',*,*,#2345,.T.);
#5583 = ORIENTED_EDGE('',*,*,#2317,.T.);
#5584 = ADVANCED_FACE('',(#5585),#2235,.T.);
#5585 = FACE_BOUND('',#5586,.T.);
#5586 = EDGE_LOOP('',(#5587,#5618,#5619,#5620));
#5587 = ORIENTED_EDGE('',*,*,#5588,.T.);
#5588 = EDGE_CURVE('',#2196,#2271,#5589,.T.);
#5589 = SURFACE_CURVE('',#5590,(#5595,#5602),.PCURVE_S1.);
#5590 = CIRCLE('',#5591,13.333333333333);
#5591 = AXIS2_PLACEMENT_3D('',#5592,#5593,#5594);
#5592 = CARTESIAN_POINT('',(2.415845301584E-13,-2.30926389122E-12,
    5.50000005));
#5593 = DIRECTION('',(0.,0.,1.));
#5594 = DIRECTION('',(-1.,0.,0.));
#5595 = PCURVE('',#2235,#5596);
#5596 = DEFINITIONAL_REPRESENTATION('',(#5597),#5601);
#5597 = CIRCLE('',#5598,13.333333333333);
#5598 = AXIS2_PLACEMENT_2D('',#5599,#5600);
#5599 = CARTESIAN_POINT('',(0.,0.));
#5600 = DIRECTION('',(1.,0.));
#5601 = ( GEOMETRIC_REPRESENTATION_CONTEXT(2) 
PARAMETRIC_REPRESENTATION_CONTEXT() REPRESENTATION_CONTEXT('2D SPACE',''
  ) );
#5602 = PCURVE('',#5603,#5608);
#5603 = PLANE('',#5604);
#5604 = AXIS2_PLACEMENT_3D('',#5605,#5606,#5607);
#5605 = CARTESIAN_POINT('',(11.84020528934,5.782315034808,5.50000005));
#5606 = DIRECTION('',(0.,0.,-1.));
#5607 = DIRECTION('',(0.979929890955,-0.199342441074,0.));
#5608 = DEFINITIONAL_REPRESENTATION('',(#5609),#5617);
#5609 = ( BOUNDED_CURVE() B_SPLINE_CURVE(2,(#5610,#5611,#5612,#5613,
#5614,#5615,#5616),.UNSPECIFIED.,.T.,.F.) B_SPLINE_CURVE_WITH_KNOTS((1,2
    ,2,2,2,1),(-2.094395102393,0.,2.094395102393,4.188790204786,
6.28318530718,8.377580409573),.UNSPECIFIED.) CURVE() 
GEOMETRIC_REPRESENTATION_ITEM() RATIONAL_B_SPLINE_CURVE((1.,0.5,1.,0.5,
1.,0.5,1.)) REPRESENTATION_ITEM('') );
#5610 = CARTESIAN_POINT('',(-23.51564216336,10.684417981041));
#5611 = CARTESIAN_POINT('',(-18.91202568276,33.314929434229));
#5612 = CARTESIAN_POINT('',(-1.61523610397,18.012824886156));
#5613 = CARTESIAN_POINT('',(15.681553474826,2.710720338083));
#5614 = CARTESIAN_POINT('',(-6.218852584568,-4.617686567032));
#5615 = CARTESIAN_POINT('',(-28.11925864396,-11.94609347214));
#5616 = CARTESIAN_POINT('',(-23.51564216336,10.684417981041));
#5617 = ( GEOMETRIC_REPRESENTATION_CONTEXT(2) 
PARAMETRIC_REPRESENTATION_CONTEXT() REPRESENTATION_CONTEXT('2D SPACE',''
  ) );
#5618 = ORIENTED_EDGE('',*,*,#2270,.T.);
#5619 = ORIENTED_EDGE('',*,*,#2247,.T.);
#5620 = ORIENTED_EDGE('',*,*,#2219,.T.);
#5621 = ADVANCED_FACE('',(#5622),#2137,.T.);
#5622 = FACE_BOUND('',#5623,.T.);
#5623 = EDGE_LOOP('',(#5624,#5625,#5656,#5657));
#5624 = ORIENTED_EDGE('',*,*,#2121,.T.);
#5625 = ORIENTED_EDGE('',*,*,#5626,.T.);
#5626 = EDGE_CURVE('',#2098,#2173,#5627,.T.);
#5627 = SURFACE_CURVE('',#5628,(#5633,#5640),.PCURVE_S1.);
#5628 = CIRCLE('',#5629,13.333333333333);
#5629 = AXIS2_PLACEMENT_3D('',#5630,#5631,#5632);
#5630 = CARTESIAN_POINT('',(2.415845301584E-13,-2.30926389122E-12,
    5.50000005));
#5631 = DIRECTION('',(0.,0.,1.));
#5632 = DIRECTION('',(-1.,0.,0.));
#5633 = PCURVE('',#2137,#5634);
#5634 = DEFINITIONAL_REPRESENTATION('',(#5635),#5639);
#5635 = CIRCLE('',#5636,13.333333333333);
#5636 = AXIS2_PLACEMENT_2D('',#5637,#5638);
#5637 = CARTESIAN_POINT('',(0.,0.));
#5638 = DIRECTION('',(1.,0.));
#5639 = ( GEOMETRIC_REPRESENTATION_CONTEXT(2) 
PARAMETRIC_REPRESENTATION_CONTEXT() REPRESENTATION_CONTEXT('2D SPACE',''
  ) );
#5640 = PCURVE('',#5641,#5646);
#5641 = PLANE('',#5642);
#5642 = AXIS2_PLACEMENT_3D('',#5643,#5644,#5645);
#5643 = CARTESIAN_POINT('',(13.145076084,-0.912470931844,5.50000005));
#5644 = DIRECTION('',(-0.,0.,-1.));
#5645 = DIRECTION('',(0.748972958958,-0.6626005635,0.));
#5646 = DEFINITIONAL_REPRESENTATION('',(#5647),#5655);
#5647 = ( BOUNDED_CURVE() B_SPLINE_CURVE(2,(#5648,#5649,#5650,#5651,
#5652,#5653,#5654),.UNSPECIFIED.,.T.,.F.) B_SPLINE_CURVE_WITH_KNOTS((1,2
    ,2,2,2,1),(-2.094395102393,0.,2.094395102393,4.188790204786,
6.28318530718,8.377580409573),.UNSPECIFIED.) CURVE() 
GEOMETRIC_REPRESENTATION_ITEM() RATIONAL_B_SPLINE_CURVE((1.,0.5,1.,0.5,
1.,0.5,1.)) REPRESENTATION_ITEM('') );
#5648 = CARTESIAN_POINT('',(-20.4362164034,16.861192946717));
#5649 = CARTESIAN_POINT('',(-5.134111855339,34.157982525515));
#5650 = CARTESIAN_POINT('',(2.19429504978,12.257576466122));
#5651 = CARTESIAN_POINT('',(9.522701954898,-9.642829593272));
#5652 = CARTESIAN_POINT('',(-13.10780949829,-5.039213112677));
#5653 = CARTESIAN_POINT('',(-35.73832095147,-0.435596632082));
#5654 = CARTESIAN_POINT('',(-20.4362164034,16.861192946717));
#5655 = ( GEOMETRIC_REPRESENTATION_CONTEXT(2) 
PARAMETRIC_REPRESENTATION_CONTEXT() REPRESENTATION_CONTEXT('2D SPACE',''
  ) );
#5656 = ORIENTED_EDGE('',*,*,#2172,.T.);
#5657 = ORIENTED_EDGE('',*,*,#2149,.T.);
#5658 = ADVANCED_FACE('',(#5659),#2039,.T.);
#5659 = FACE_BOUND('',#5660,.T.);
#5660 = EDGE_LOOP('',(#5661,#5662,#5693,#5694));
#5661 = ORIENTED_EDGE('',*,*,#2023,.T.);
#5662 = ORIENTED_EDGE('',*,*,#5663,.T.);
#5663 = EDGE_CURVE('',#2000,#2075,#5664,.T.);
#5664 = SURFACE_CURVE('',#5665,(#5670,#5677),.PCURVE_S1.);
#5665 = CIRCLE('',#5666,13.333333333333);
#5666 = AXIS2_PLACEMENT_3D('',#5667,#5668,#5669);
#5667 = CARTESIAN_POINT('',(2.415845301584E-13,-2.30926389122E-12,
    5.50000005));
#5668 = DIRECTION('',(0.,0.,1.));
#5669 = DIRECTION('',(-1.,0.,0.));
#5670 = PCURVE('',#2039,#5671);
#5671 = DEFINITIONAL_REPRESENTATION('',(#5672),#5676);
#5672 = CIRCLE('',#5673,13.333333333333);
#5673 = AXIS2_PLACEMENT_2D('',#5674,#5675);
#5674 = CARTESIAN_POINT('',(0.,0.));
#5675 = DIRECTION('',(1.,0.));
#5676 = ( GEOMETRIC_REPRESENTATION_CONTEXT(2) 
PARAMETRIC_REPRESENTATION_CONTEXT() REPRESENTATION_CONTEXT('2D SPACE',''
  ) );
#5677 = PCURVE('',#5678,#5683);
#5678 = PLANE('',#5679);
#5679 = AXIS2_PLACEMENT_3D('',#5680,#5681,#5682);
#5680 = CARTESIAN_POINT('',(10.9277343575,-7.362761049192,5.50000005));
#5681 = DIRECTION('',(-0.,0.,-1.));
#5682 = DIRECTION('',(0.317329327455,-0.948315400032,0.));
#5683 = DEFINITIONAL_REPRESENTATION('',(#5684),#5692);
#5684 = ( BOUNDED_CURVE() B_SPLINE_CURVE(2,(#5685,#5686,#5687,#5688,
#5689,#5690,#5691),.UNSPECIFIED.,.T.,.F.) B_SPLINE_CURVE_WITH_KNOTS((1,2
    ,2,2,2,1),(-2.094395102393,0.,2.094395102393,4.188790204786,
6.28318530718,8.377580409573),.UNSPECIFIED.) CURVE() 
GEOMETRIC_REPRESENTATION_ITEM() RATIONAL_B_SPLINE_CURVE((1.,0.5,1.,0.5,
1.,0.5,1.)) REPRESENTATION_ITEM('') );
#5685 = CARTESIAN_POINT('',(-14.68096798336,20.670724100475));
#5686 = CARTESIAN_POINT('',(7.219438076027,27.999131005588));
#5687 = CARTESIAN_POINT('',(2.615821595426,5.368619552401));
#5688 = CARTESIAN_POINT('',(-1.987794885174,-17.26189190078));
#5689 = CARTESIAN_POINT('',(-19.28458446396,-1.959787352712));
#5690 = CARTESIAN_POINT('',(-36.58137404276,13.342317195362));
#5691 = CARTESIAN_POINT('',(-14.68096798336,20.670724100475));
#5692 = ( GEOMETRIC_REPRESENTATION_CONTEXT(2) 
PARAMETRIC_REPRESENTATION_CONTEXT() REPRESENTATION_CONTEXT('2D SPACE',''
  ) );
#5693 = ORIENTED_EDGE('',*,*,#2074,.T.);
#5694 = ORIENTED_EDGE('',*,*,#2051,.T.);
#5695 = ADVANCED_FACE('',(#5696),#1941,.T.);
#5696 = FACE_BOUND('',#5697,.T.);
#5697 = EDGE_LOOP('',(#5698,#5699,#5730,#5731));
#5698 = ORIENTED_EDGE('',*,*,#1925,.T.);
#5699 = ORIENTED_EDGE('',*,*,#5700,.T.);
#5700 = EDGE_CURVE('',#1902,#1977,#5701,.T.);
#5701 = SURFACE_CURVE('',#5702,(#5707,#5714),.PCURVE_S1.);
#5702 = CIRCLE('',#5703,13.333333333333);
#5703 = AXIS2_PLACEMENT_3D('',#5704,#5705,#5706);
#5704 = CARTESIAN_POINT('',(2.415845301584E-13,-2.30926389122E-12,
    5.50000005));
#5705 = DIRECTION('',(0.,0.,1.));
#5706 = DIRECTION('',(-1.,0.,0.));
#5707 = PCURVE('',#1941,#5708);
#5708 = DEFINITIONAL_REPRESENTATION('',(#5709),#5713);
#5709 = CIRCLE('',#5710,13.333333333333);
#5710 = AXIS2_PLACEMENT_2D('',#5711,#5712);
#5711 = CARTESIAN_POINT('',(0.,0.));
#5712 = DIRECTION('',(1.,0.));
#5713 = ( GEOMETRIC_REPRESENTATION_CONTEXT(2) 
PARAMETRIC_REPRESENTATION_CONTEXT() REPRESENTATION_CONTEXT('2D SPACE',''
  ) );
#5714 = PCURVE('',#5715,#5720);
#5715 = PLANE('',#5716);
#5716 = AXIS2_PLACEMENT_3D('',#5717,#5718,#5719);
#5717 = CARTESIAN_POINT('',(5.78231503481,-11.84020528934,5.50000005));
#5718 = DIRECTION('',(-0.,0.,-1.));
#5719 = DIRECTION('',(-0.199342441074,-0.979929890955,0.));
#5720 = DEFINITIONAL_REPRESENTATION('',(#5721),#5729);
#5721 = ( BOUNDED_CURVE() B_SPLINE_CURVE(2,(#5722,#5723,#5724,#5725,
#5726,#5727,#5728),.UNSPECIFIED.,.T.,.F.) B_SPLINE_CURVE_WITH_KNOTS((1,2
    ,2,2,2,1),(-2.094395102393,0.,2.094395102393,4.188790204786,
6.28318530718,8.377580409573),.UNSPECIFIED.) CURVE() 
GEOMETRIC_REPRESENTATION_ITEM() RATIONAL_B_SPLINE_CURVE((1.,0.5,1.,0.5,
1.,0.5,1.)) REPRESENTATION_ITEM('') );
#5722 = CARTESIAN_POINT('',(-7.792011069648,21.092250646118));
#5723 = CARTESIAN_POINT('',(14.83850038354,16.48863416552));
#5724 = CARTESIAN_POINT('',(-0.463604164533,-0.808155413276));
#5725 = CARTESIAN_POINT('',(-15.7657087126,-18.10494499207));
#5726 = CARTESIAN_POINT('',(-23.09411561772,3.795461067322));
#5727 = CARTESIAN_POINT('',(-30.42252252283,25.695867126717));
#5728 = CARTESIAN_POINT('',(-7.792011069648,21.092250646118));
#5729 = ( GEOMETRIC_REPRESENTATION_CONTEXT(2) 
PARAMETRIC_REPRESENTATION_CONTEXT() REPRESENTATION_CONTEXT('2D SPACE',''
  ) );
#5730 = ORIENTED_EDGE('',*,*,#1976,.T.);
#5731 = ORIENTED_EDGE('',*,*,#1953,.T.);
#5732 = ADVANCED_FACE('',(#5733),#1843,.T.);
#5733 = FACE_BOUND('',#5734,.T.);
#5734 = EDGE_LOOP('',(#5735,#5736,#5767,#5768));
#5735 = ORIENTED_EDGE('',*,*,#1827,.T.);
#5736 = ORIENTED_EDGE('',*,*,#5737,.T.);
#5737 = EDGE_CURVE('',#1804,#1879,#5738,.T.);
#5738 = SURFACE_CURVE('',#5739,(#5744,#5751),.PCURVE_S1.);
#5739 = CIRCLE('',#5740,13.333333333333);
#5740 = AXIS2_PLACEMENT_3D('',#5741,#5742,#5743);
#5741 = CARTESIAN_POINT('',(2.415845301584E-13,-2.30926389122E-12,
    5.50000005));
#5742 = DIRECTION('',(0.,0.,1.));
#5743 = DIRECTION('',(-1.,0.,0.));
#5744 = PCURVE('',#1843,#5745);
#5745 = DEFINITIONAL_REPRESENTATION('',(#5746),#5750);
#5746 = CIRCLE('',#5747,13.333333333333);
#5747 = AXIS2_PLACEMENT_2D('',#5748,#5749);
#5748 = CARTESIAN_POINT('',(0.,0.));
#5749 = DIRECTION('',(1.,0.));
#5750 = ( GEOMETRIC_REPRESENTATION_CONTEXT(2) 
PARAMETRIC_REPRESENTATION_CONTEXT() REPRESENTATION_CONTEXT('2D SPACE',''
  ) );
#5751 = PCURVE('',#5752,#5757);
#5752 = PLANE('',#5753);
#5753 = AXIS2_PLACEMENT_3D('',#5754,#5755,#5756);
#5754 = CARTESIAN_POINT('',(-0.91247093184,-13.145076084,5.50000005));
#5755 = DIRECTION('',(0.,0.,-1.));
#5756 = DIRECTION('',(-0.6626005635,-0.748972958958,0.));
#5757 = DEFINITIONAL_REPRESENTATION('',(#5758),#5766);
#5758 = ( BOUNDED_CURVE() B_SPLINE_CURVE(2,(#5759,#5760,#5761,#5762,
#5763,#5764,#5765),.UNSPECIFIED.,.T.,.F.) B_SPLINE_CURVE_WITH_KNOTS((1,2
    ,2,2,2,1),(-2.094395102393,0.,2.094395102393,4.188790204786,
6.28318530718,8.377580409573),.UNSPECIFIED.) CURVE() 
GEOMETRIC_REPRESENTATION_ITEM() RATIONAL_B_SPLINE_CURVE((1.,0.5,1.,0.5,
1.,0.5,1.)) REPRESENTATION_ITEM('') );
#5759 = CARTESIAN_POINT('',(-1.615236103976,18.012824886158));
#5760 = CARTESIAN_POINT('',(15.681553474823,2.710720338088));
#5761 = CARTESIAN_POINT('',(-6.218852584571,-4.617686567031));
#5762 = CARTESIAN_POINT('',(-28.11925864396,-11.94609347214));
#5763 = CARTESIAN_POINT('',(-23.51564216336,10.684417981039));
#5764 = CARTESIAN_POINT('',(-18.91202568277,33.314929434228));
#5765 = CARTESIAN_POINT('',(-1.615236103976,18.012824886158));
#5766 = ( GEOMETRIC_REPRESENTATION_CONTEXT(2) 
PARAMETRIC_REPRESENTATION_CONTEXT() REPRESENTATION_CONTEXT('2D SPACE',''
  ) );
#5767 = ORIENTED_EDGE('',*,*,#1878,.T.);
#5768 = ORIENTED_EDGE('',*,*,#1855,.T.);
#5769 = ADVANCED_FACE('',(#5770),#1745,.T.);
#5770 = FACE_BOUND('',#5771,.T.);
#5771 = EDGE_LOOP('',(#5772,#5773,#5804,#5805));
#5772 = ORIENTED_EDGE('',*,*,#1729,.T.);
#5773 = ORIENTED_EDGE('',*,*,#5774,.T.);
#5774 = EDGE_CURVE('',#1706,#1781,#5775,.T.);
#5775 = SURFACE_CURVE('',#5776,(#5781,#5788),.PCURVE_S1.);
#5776 = CIRCLE('',#5777,13.333333333333);
#5777 = AXIS2_PLACEMENT_3D('',#5778,#5779,#5780);
#5778 = CARTESIAN_POINT('',(2.415845301584E-13,-2.30926389122E-12,
    5.50000005));
#5779 = DIRECTION('',(0.,0.,1.));
#5780 = DIRECTION('',(-1.,0.,0.));
#5781 = PCURVE('',#1745,#5782);
#5782 = DEFINITIONAL_REPRESENTATION('',(#5783),#5787);
#5783 = CIRCLE('',#5784,13.333333333333);
#5784 = AXIS2_PLACEMENT_2D('',#5785,#5786);
#5785 = CARTESIAN_POINT('',(0.,0.));
#5786 = DIRECTION('',(1.,0.));
#5787 = ( GEOMETRIC_REPRESENTATION_CONTEXT(2) 
PARAMETRIC_REPRESENTATION_CONTEXT() REPRESENTATION_CONTEXT('2D SPACE',''
  ) );
#5788 = PCURVE('',#5789,#5794);
#5789 = PLANE('',#5790);
#5790 = AXIS2_PLACEMENT_3D('',#5791,#5792,#5793);
#5791 = CARTESIAN_POINT('',(-7.36276104919,-10.9277343575,5.50000005));
#5792 = DIRECTION('',(0.,0.,-1.));
#5793 = DIRECTION('',(-0.948315400032,-0.317329327455,0.));
#5794 = DEFINITIONAL_REPRESENTATION('',(#5795),#5803);
#5795 = ( BOUNDED_CURVE() B_SPLINE_CURVE(2,(#5796,#5797,#5798,#5799,
#5800,#5801,#5802),.UNSPECIFIED.,.T.,.F.) B_SPLINE_CURVE_WITH_KNOTS((1,2
    ,2,2,2,1),(-2.094395102393,0.,2.094395102393,4.188790204786,
6.28318530718,8.377580409573),.UNSPECIFIED.) CURVE() 
GEOMETRIC_REPRESENTATION_ITEM() RATIONAL_B_SPLINE_CURVE((1.,0.5,1.,0.5,
1.,0.5,1.)) REPRESENTATION_ITEM('') );
#5796 = CARTESIAN_POINT('',(2.194295049784,12.257576466119));
#5797 = CARTESIAN_POINT('',(9.522701954897,-9.642829593276));
#5798 = CARTESIAN_POINT('',(-13.10780949829,-5.039213112676));
#5799 = CARTESIAN_POINT('',(-35.73832095147,-0.435596632075));
#5800 = CARTESIAN_POINT('',(-20.4362164034,16.86119294672));
#5801 = CARTESIAN_POINT('',(-5.134111855329,34.157982525514));
#5802 = CARTESIAN_POINT('',(2.194295049784,12.257576466119));
#5803 = ( GEOMETRIC_REPRESENTATION_CONTEXT(2) 
PARAMETRIC_REPRESENTATION_CONTEXT() REPRESENTATION_CONTEXT('2D SPACE',''
  ) );
#5804 = ORIENTED_EDGE('',*,*,#1780,.T.);
#5805 = ORIENTED_EDGE('',*,*,#1757,.T.);
#5806 = ADVANCED_FACE('',(#5807),#1647,.T.);
#5807 = FACE_BOUND('',#5808,.T.);
#5808 = EDGE_LOOP('',(#5809,#5810,#5836,#5837));
#5809 = ORIENTED_EDGE('',*,*,#1631,.T.);
#5810 = ORIENTED_EDGE('',*,*,#5811,.T.);
#5811 = EDGE_CURVE('',#201,#1683,#5812,.T.);
#5812 = SURFACE_CURVE('',#5813,(#5818,#5825),.PCURVE_S1.);
#5813 = CIRCLE('',#5814,13.333333333333);
#5814 = AXIS2_PLACEMENT_3D('',#5815,#5816,#5817);
#5815 = CARTESIAN_POINT('',(2.415845301584E-13,-2.30926389122E-12,
    5.50000005));
#5816 = DIRECTION('',(0.,0.,1.));
#5817 = DIRECTION('',(-1.,0.,0.));
#5818 = PCURVE('',#1647,#5819);
#5819 = DEFINITIONAL_REPRESENTATION('',(#5820),#5824);
#5820 = CIRCLE('',#5821,13.333333333333);
#5821 = AXIS2_PLACEMENT_2D('',#5822,#5823);
#5822 = CARTESIAN_POINT('',(0.,0.));
#5823 = DIRECTION('',(1.,0.));
#5824 = ( GEOMETRIC_REPRESENTATION_CONTEXT(2) 
PARAMETRIC_REPRESENTATION_CONTEXT() REPRESENTATION_CONTEXT('2D SPACE',''
  ) );
#5825 = PCURVE('',#2884,#5826);
#5826 = DEFINITIONAL_REPRESENTATION('',(#5827),#5835);
#5827 = ( BOUNDED_CURVE() B_SPLINE_CURVE(2,(#5828,#5829,#5830,#5831,
#5832,#5833,#5834),.UNSPECIFIED.,.T.,.F.) B_SPLINE_CURVE_WITH_KNOTS((1,2
    ,2,2,2,1),(-2.094395102393,0.,2.094395102393,4.188790204786,
6.28318530718,8.377580409573),.UNSPECIFIED.) CURVE() 
GEOMETRIC_REPRESENTATION_ITEM() RATIONAL_B_SPLINE_CURVE((1.,0.5,1.,0.5,
1.,0.5,1.)) REPRESENTATION_ITEM('') );
#5828 = CARTESIAN_POINT('',(2.615821595419,5.368619552404));
#5829 = CARTESIAN_POINT('',(-1.987794885179,-17.26189190078));
#5830 = CARTESIAN_POINT('',(-19.28458446397,-1.959787352711));
#5831 = CARTESIAN_POINT('',(-36.58137404277,13.342317195362));
#5832 = CARTESIAN_POINT('',(-14.68096798337,20.670724100477));
#5833 = CARTESIAN_POINT('',(7.219438076018,27.999131005592));
#5834 = CARTESIAN_POINT('',(2.615821595419,5.368619552404));
#5835 = ( GEOMETRIC_REPRESENTATION_CONTEXT(2) 
PARAMETRIC_REPRESENTATION_CONTEXT() REPRESENTATION_CONTEXT('2D SPACE',''
  ) );
#5836 = ORIENTED_EDGE('',*,*,#1682,.T.);
#5837 = ORIENTED_EDGE('',*,*,#1659,.T.);
#5838 = ADVANCED_FACE('',(#5839),#2800,.T.);
#5839 = FACE_BOUND('',#5840,.T.);
#5840 = EDGE_LOOP('',(#5841,#5870,#5891,#5892));
#5841 = ORIENTED_EDGE('',*,*,#5842,.F.);
#5842 = EDGE_CURVE('',#5843,#5843,#5845,.T.);
#5843 = VERTEX_POINT('',#5844);
#5844 = CARTESIAN_POINT('',(-12.5052631579,-2.306200985121E-12,
    7.60000005));
#5845 = SURFACE_CURVE('',#5846,(#5851,#5858),.PCURVE_S1.);
#5846 = CIRCLE('',#5847,12.505263157895);
#5847 = AXIS2_PLACEMENT_3D('',#5848,#5849,#5850);
#5848 = CARTESIAN_POINT('',(2.415845301584E-13,-2.30926389122E-12,
    7.60000005));
#5849 = DIRECTION('',(0.,0.,1.));
#5850 = DIRECTION('',(-1.,0.,0.));
#5851 = PCURVE('',#2800,#5852);
#5852 = DEFINITIONAL_REPRESENTATION('',(#5853),#5857);
#5853 = LINE('',#5854,#5855);
#5854 = CARTESIAN_POINT('',(0.,3.1));
#5855 = VECTOR('',#5856,1.);
#5856 = DIRECTION('',(1.,0.));
#5857 = ( GEOMETRIC_REPRESENTATION_CONTEXT(2) 
PARAMETRIC_REPRESENTATION_CONTEXT() REPRESENTATION_CONTEXT('2D SPACE',''
  ) );
#5858 = PCURVE('',#5859,#5864);
#5859 = PLANE('',#5860);
#5860 = AXIS2_PLACEMENT_3D('',#5861,#5862,#5863);
#5861 = CARTESIAN_POINT('',(2.415845301584E-13,-2.30926389122E-12,
    7.60000005));
#5862 = DIRECTION('',(0.,0.,1.));
#5863 = DIRECTION('',(-1.,0.,0.));
#5864 = DEFINITIONAL_REPRESENTATION('',(#5865),#5869);
#5865 = CIRCLE('',#5866,12.505263157895);
#5866 = AXIS2_PLACEMENT_2D('',#5867,#5868);
#5867 = CARTESIAN_POINT('',(0.,0.));
#5868 = DIRECTION('',(1.,0.));
#5869 = ( GEOMETRIC_REPRESENTATION_CONTEXT(2) 
PARAMETRIC_REPRESENTATION_CONTEXT() REPRESENTATION_CONTEXT('2D SPACE',''
  ) );
#5870 = ORIENTED_EDGE('',*,*,#5871,.F.);
#5871 = EDGE_CURVE('',#2784,#5843,#5872,.T.);
#5872 = SEAM_CURVE('',#5873,(#5877,#5884),.PCURVE_S1.);
#5873 = LINE('',#5874,#5875);
#5874 = CARTESIAN_POINT('',(-12.5052631579,-2.306200985121E-12,
    4.50000005));
#5875 = VECTOR('',#5876,1.);
#5876 = DIRECTION('',(0.,0.,1.));
#5877 = PCURVE('',#2800,#5878);
#5878 = DEFINITIONAL_REPRESENTATION('',(#5879),#5883);
#5879 = LINE('',#5880,#5881);
#5880 = CARTESIAN_POINT('',(0.,-0.));
#5881 = VECTOR('',#5882,1.);
#5882 = DIRECTION('',(0.,1.));
#5883 = ( GEOMETRIC_REPRESENTATION_CONTEXT(2) 
PARAMETRIC_REPRESENTATION_CONTEXT() REPRESENTATION_CONTEXT('2D SPACE',''
  ) );
#5884 = PCURVE('',#2800,#5885);
#5885 = DEFINITIONAL_REPRESENTATION('',(#5886),#5890);
#5886 = LINE('',#5887,#5888);
#5887 = CARTESIAN_POINT('',(6.28318530718,-0.));
#5888 = VECTOR('',#5889,1.);
#5889 = DIRECTION('',(0.,1.));
#5890 = ( GEOMETRIC_REPRESENTATION_CONTEXT(2) 
PARAMETRIC_REPRESENTATION_CONTEXT() REPRESENTATION_CONTEXT('2D SPACE',''
  ) );
#5891 = ORIENTED_EDGE('',*,*,#2783,.T.);
#5892 = ORIENTED_EDGE('',*,*,#5871,.T.);
#5893 = ADVANCED_FACE('',(#5894),#2884,.F.);
#5894 = FACE_BOUND('',#5895,.F.);
#5895 = EDGE_LOOP('',(#5896,#5897,#5920,#5941));
#5896 = ORIENTED_EDGE('',*,*,#5811,.T.);
#5897 = ORIENTED_EDGE('',*,*,#5898,.F.);
#5898 = EDGE_CURVE('',#5899,#1683,#5901,.T.);
#5899 = VERTEX_POINT('',#5900);
#5900 = CARTESIAN_POINT('',(-18.17817283961,-5.365145366253,5.50000005)
  );
#5901 = SURFACE_CURVE('',#5902,(#5906,#5913),.PCURVE_S1.);
#5902 = LINE('',#5903,#5904);
#5903 = CARTESIAN_POINT('',(-18.17817283961,-5.365145366253,5.50000005)
  );
#5904 = VECTOR('',#5905,1.);
#5905 = DIRECTION('',(0.997840828785,-6.567861455864E-02,0.));
#5906 = PCURVE('',#2884,#5907);
#5907 = DEFINITIONAL_REPRESENTATION('',(#5908),#5912);
#5908 = LINE('',#5909,#5910);
#5909 = CARTESIAN_POINT('',(6.293923470474,-0.854628895096));
#5910 = VECTOR('',#5911,1.);
#5911 = DIRECTION('',(-0.990906589894,0.134551589011));
#5912 = ( GEOMETRIC_REPRESENTATION_CONTEXT(2) 
PARAMETRIC_REPRESENTATION_CONTEXT() REPRESENTATION_CONTEXT('2D SPACE',''
  ) );
#5913 = PCURVE('',#5136,#5914);
#5914 = DEFINITIONAL_REPRESENTATION('',(#5915),#5919);
#5915 = LINE('',#5916,#5917);
#5916 = CARTESIAN_POINT('',(0.,1.));
#5917 = VECTOR('',#5918,1.);
#5918 = DIRECTION('',(1.,0.));
#5919 = ( GEOMETRIC_REPRESENTATION_CONTEXT(2) 
PARAMETRIC_REPRESENTATION_CONTEXT() REPRESENTATION_CONTEXT('2D SPACE',''
  ) );
#5920 = ORIENTED_EDGE('',*,*,#5921,.F.);
#5921 = EDGE_CURVE('',#2844,#5899,#5922,.T.);
#5922 = SURFACE_CURVE('',#5923,(#5927,#5934),.PCURVE_S1.);
#5923 = LINE('',#5924,#5925);
#5924 = CARTESIAN_POINT('',(-18.42533215661,-4.442734237636,5.50000005)
  );
#5925 = VECTOR('',#5926,1.);
#5926 = DIRECTION('',(0.258819045103,-0.965925826289,0.));
#5927 = PCURVE('',#2884,#5928);
#5928 = DEFINITIONAL_REPRESENTATION('',(#5929),#5933);
#5929 = LINE('',#5930,#5931);
#5930 = CARTESIAN_POINT('',(6.719997959082,4.981354988187E-13));
#5931 = VECTOR('',#5932,1.);
#5932 = DIRECTION('',(-0.446174530754,-0.894945969378));
#5933 = ( GEOMETRIC_REPRESENTATION_CONTEXT(2) 
PARAMETRIC_REPRESENTATION_CONTEXT() REPRESENTATION_CONTEXT('2D SPACE',''
  ) );
#5934 = PCURVE('',#2858,#5935);
#5935 = DEFINITIONAL_REPRESENTATION('',(#5936),#5940);
#5936 = LINE('',#5937,#5938);
#5937 = CARTESIAN_POINT('',(0.,1.));
#5938 = VECTOR('',#5939,1.);
#5939 = DIRECTION('',(1.,0.));
#5940 = ( GEOMETRIC_REPRESENTATION_CONTEXT(2) 
PARAMETRIC_REPRESENTATION_CONTEXT() REPRESENTATION_CONTEXT('2D SPACE',''
  ) );
#5941 = ORIENTED_EDGE('',*,*,#2870,.F.);
#5942 = ADVANCED_FACE('',(#5943),#2858,.T.);
#5943 = FACE_BOUND('',#5944,.T.);
#5944 = EDGE_LOOP('',(#5945,#5967,#5987,#5988));
#5945 = ORIENTED_EDGE('',*,*,#5946,.T.);
#5946 = EDGE_CURVE('',#2817,#5947,#5949,.T.);
#5947 = VERTEX_POINT('',#5948);
#5948 = CARTESIAN_POINT('',(-11.81581234575,-3.487344488065,-22.49999995
    ));
#5949 = SURFACE_CURVE('',#5950,(#5954,#5960),.PCURVE_S1.);
#5950 = LINE('',#5951,#5952);
#5951 = CARTESIAN_POINT('',(-11.9764659018,-2.887777254464,-22.49999995)
  );
#5952 = VECTOR('',#5953,1.);
#5953 = DIRECTION('',(0.258819045103,-0.965925826289,0.));
#5954 = PCURVE('',#2858,#5955);
#5955 = DEFINITIONAL_REPRESENTATION('',(#5956),#5959);
#5956 = B_SPLINE_CURVE_WITH_KNOTS('',1,(#5957,#5958),.UNSPECIFIED.,.F.,
  .F.,(2,2),(0.,0.620717675501),.PIECEWISE_BEZIER_KNOTS.);
#5957 = CARTESIAN_POINT('',(0.,0.));
#5958 = CARTESIAN_POINT('',(0.954950270002,0.));
#5959 = ( GEOMETRIC_REPRESENTATION_CONTEXT(2) 
PARAMETRIC_REPRESENTATION_CONTEXT() REPRESENTATION_CONTEXT('2D SPACE',''
  ) );
#5960 = PCURVE('',#2831,#5961);
#5961 = DEFINITIONAL_REPRESENTATION('',(#5962),#5966);
#5962 = LINE('',#5963,#5964);
#5963 = CARTESIAN_POINT('',(4.493725269398,-1.556965020501E-12));
#5964 = VECTOR('',#5965,1.);
#5965 = DIRECTION('',(-0.433691345511,-0.901061494477));
#5966 = ( GEOMETRIC_REPRESENTATION_CONTEXT(2) 
PARAMETRIC_REPRESENTATION_CONTEXT() REPRESENTATION_CONTEXT('2D SPACE',''
  ) );
#5967 = ORIENTED_EDGE('',*,*,#5968,.T.);
#5968 = EDGE_CURVE('',#5947,#5899,#5969,.T.);
#5969 = SURFACE_CURVE('',#5970,(#5973,#5980),.PCURVE_S1.);
#5970 = B_SPLINE_CURVE_WITH_KNOTS('',1,(#5971,#5972),.UNSPECIFIED.,.F.,
  .F.,(2,2),(0.,1.),.PIECEWISE_BEZIER_KNOTS.);
#5971 = CARTESIAN_POINT('',(-11.81581234575,-3.487344488065,-22.49999995
    ));
#5972 = CARTESIAN_POINT('',(-18.17817283961,-5.365145366253,5.50000005)
  );
#5973 = PCURVE('',#2858,#5974);
#5974 = DEFINITIONAL_REPRESENTATION('',(#5975),#5979);
#5975 = LINE('',#5976,#5977);
#5976 = CARTESIAN_POINT('',(0.954950270002,0.));
#5977 = VECTOR('',#5978,1.);
#5978 = DIRECTION('',(0.,1.));
#5979 = ( GEOMETRIC_REPRESENTATION_CONTEXT(2) 
PARAMETRIC_REPRESENTATION_CONTEXT() REPRESENTATION_CONTEXT('2D SPACE',''
  ) );
#5980 = PCURVE('',#5136,#5981);
#5981 = DEFINITIONAL_REPRESENTATION('',(#5982),#5986);
#5982 = LINE('',#5983,#5984);
#5983 = CARTESIAN_POINT('',(0.,0.));
#5984 = VECTOR('',#5985,1.);
#5985 = DIRECTION('',(0.,1.));
#5986 = ( GEOMETRIC_REPRESENTATION_CONTEXT(2) 
PARAMETRIC_REPRESENTATION_CONTEXT() REPRESENTATION_CONTEXT('2D SPACE',''
  ) );
#5987 = ORIENTED_EDGE('',*,*,#5921,.F.);
#5988 = ORIENTED_EDGE('',*,*,#2843,.F.);
#5989 = ADVANCED_FACE('',(#5990),#2831,.T.);
#5990 = FACE_BOUND('',#5991,.T.);
#5991 = EDGE_LOOP('',(#5992,#5993,#6013,#6014));
#5992 = ORIENTED_EDGE('',*,*,#5255,.T.);
#5993 = ORIENTED_EDGE('',*,*,#5994,.F.);
#5994 = EDGE_CURVE('',#5947,#389,#5995,.T.);
#5995 = SURFACE_CURVE('',#5996,(#6000,#6007),.PCURVE_S1.);
#5996 = LINE('',#5997,#5998);
#5997 = CARTESIAN_POINT('',(-11.81581234575,-3.487344488065,-22.49999995
    ));
#5998 = VECTOR('',#5999,1.);
#5999 = DIRECTION('',(0.998479246782,-5.512888304692E-02,0.));
#6000 = PCURVE('',#2831,#6001);
#6001 = DEFINITIONAL_REPRESENTATION('',(#6002),#6006);
#6002 = LINE('',#6003,#6004);
#6003 = CARTESIAN_POINT('',(4.224525385529,-0.559304796338));
#6004 = VECTOR('',#6005,1.);
#6005 = DIRECTION('',(-0.991349379618,0.131249409642));
#6006 = ( GEOMETRIC_REPRESENTATION_CONTEXT(2) 
PARAMETRIC_REPRESENTATION_CONTEXT() REPRESENTATION_CONTEXT('2D SPACE',''
  ) );
#6007 = PCURVE('',#5136,#6008);
#6008 = DEFINITIONAL_REPRESENTATION('',(#6009),#6012);
#6009 = B_SPLINE_CURVE_WITH_KNOTS('',1,(#6010,#6011),.UNSPECIFIED.,.F.,
  .F.,(2,2),(0.,4.261389044455),.PIECEWISE_BEZIER_KNOTS.);
#6010 = CARTESIAN_POINT('',(0.,0.));
#6011 = CARTESIAN_POINT('',(6.351681919032,0.));
#6012 = ( GEOMETRIC_REPRESENTATION_CONTEXT(2) 
PARAMETRIC_REPRESENTATION_CONTEXT() REPRESENTATION_CONTEXT('2D SPACE',''
  ) );
#6013 = ORIENTED_EDGE('',*,*,#5946,.F.);
#6014 = ORIENTED_EDGE('',*,*,#2816,.F.);
#6015 = ADVANCED_FACE('',(#6016),#2983,.T.);
#6016 = FACE_BOUND('',#6017,.T.);
#6017 = EDGE_LOOP('',(#6018,#6019,#6020,#6021));
#6018 = ORIENTED_EDGE('',*,*,#2931,.F.);
#6019 = ORIENTED_EDGE('',*,*,#5310,.T.);
#6020 = ORIENTED_EDGE('',*,*,#5358,.T.);
#6021 = ORIENTED_EDGE('',*,*,#5409,.F.);
#6022 = ADVANCED_FACE('',(#6023),#3067,.T.);
#6023 = FACE_BOUND('',#6024,.T.);
#6024 = EDGE_LOOP('',(#6025,#6054,#6074,#6075));
#6025 = ORIENTED_EDGE('',*,*,#6026,.F.);
#6026 = EDGE_CURVE('',#6027,#6029,#6031,.T.);
#6027 = VERTEX_POINT('',#6028);
#6028 = CARTESIAN_POINT('',(-8.92803509129,8.489121413731,-22.49999995)
  );
#6029 = VERTEX_POINT('',#6030);
#6030 = CARTESIAN_POINT('',(-13.73543860198,13.060186790357,5.50000005)
  );
#6031 = SURFACE_CURVE('',#6032,(#6035,#6042),.PCURVE_S1.);
#6032 = B_SPLINE_CURVE_WITH_KNOTS('',1,(#6033,#6034),.UNSPECIFIED.,.F.,
  .F.,(2,2),(0.,1.),.PIECEWISE_BEZIER_KNOTS.);
#6033 = CARTESIAN_POINT('',(-8.92803509129,8.489121413731,-22.49999995)
  );
#6034 = CARTESIAN_POINT('',(-13.73543860198,13.060186790357,5.50000005)
  );
#6035 = PCURVE('',#3067,#6036);
#6036 = DEFINITIONAL_REPRESENTATION('',(#6037),#6041);
#6037 = LINE('',#6038,#6039);
#6038 = CARTESIAN_POINT('',(0.,0.));
#6039 = VECTOR('',#6040,1.);
#6040 = DIRECTION('',(0.,1.));
#6041 = ( GEOMETRIC_REPRESENTATION_CONTEXT(2) 
PARAMETRIC_REPRESENTATION_CONTEXT() REPRESENTATION_CONTEXT('2D SPACE',''
  ) );
#6042 = PCURVE('',#6043,#6048);
#6043 = B_SPLINE_SURFACE_WITH_KNOTS('',1,1,(
    (#6044,#6045)
    ,(#6046,#6047
    )),.UNSPECIFIED.,.F.,.F.,.F.,(2,2),(2,2),(0.,0.954950270002),(0.,1.)
  ,.PIECEWISE_BEZIER_KNOTS.);
#6044 = CARTESIAN_POINT('',(-8.48912141374,8.928035091281,-22.49999995)
  );
#6045 = CARTESIAN_POINT('',(-13.06018679036,13.735438601971,5.50000005)
  );
#6046 = CARTESIAN_POINT('',(-8.92803509129,8.489121413731,-22.49999995)
  );
#6047 = CARTESIAN_POINT('',(-13.73543860198,13.060186790357,5.50000005)
  );
#6048 = DEFINITIONAL_REPRESENTATION('',(#6049),#6053);
#6049 = LINE('',#6050,#6051);
#6050 = CARTESIAN_POINT('',(0.954950270002,0.));
#6051 = VECTOR('',#6052,1.);
#6052 = DIRECTION('',(0.,1.));
#6053 = ( GEOMETRIC_REPRESENTATION_CONTEXT(2) 
PARAMETRIC_REPRESENTATION_CONTEXT() REPRESENTATION_CONTEXT('2D SPACE',''
  ) );
#6054 = ORIENTED_EDGE('',*,*,#6055,.T.);
#6055 = EDGE_CURVE('',#6027,#1419,#6056,.T.);
#6056 = SURFACE_CURVE('',#6057,(#6061,#6067),.PCURVE_S1.);
#6057 = LINE('',#6058,#6059);
#6058 = CARTESIAN_POINT('',(-8.92803509129,8.489121413731,-22.49999995)
  );
#6059 = VECTOR('',#6060,1.);
#6060 = DIRECTION('',(0.45149661019,-0.892272834388,0.));
#6061 = PCURVE('',#3067,#6062);
#6062 = DEFINITIONAL_REPRESENTATION('',(#6063),#6066);
#6063 = B_SPLINE_CURVE_WITH_KNOTS('',1,(#6064,#6065),.UNSPECIFIED.,.F.,
  .F.,(2,2),(0.,4.261389044455),.PIECEWISE_BEZIER_KNOTS.);
#6064 = CARTESIAN_POINT('',(0.,0.));
#6065 = CARTESIAN_POINT('',(6.351681919032,0.));
#6066 = ( GEOMETRIC_REPRESENTATION_CONTEXT(2) 
PARAMETRIC_REPRESENTATION_CONTEXT() REPRESENTATION_CONTEXT('2D SPACE',''
  ) );
#6067 = PCURVE('',#3117,#6068);
#6068 = DEFINITIONAL_REPRESENTATION('',(#6069),#6073);
#6069 = LINE('',#6070,#6071);
#6070 = CARTESIAN_POINT('',(4.224525385533,-0.559304796344));
#6071 = VECTOR('',#6072,1.);
#6072 = DIRECTION('',(-0.991349379618,0.131249409641));
#6073 = ( GEOMETRIC_REPRESENTATION_CONTEXT(2) 
PARAMETRIC_REPRESENTATION_CONTEXT() REPRESENTATION_CONTEXT('2D SPACE',''
  ) );
#6074 = ORIENTED_EDGE('',*,*,#3015,.T.);
#6075 = ORIENTED_EDGE('',*,*,#6076,.F.);
#6076 = EDGE_CURVE('',#6029,#2663,#6077,.T.);
#6077 = SURFACE_CURVE('',#6078,(#6082,#6089),.PCURVE_S1.);
#6078 = LINE('',#6079,#6080);
#6079 = CARTESIAN_POINT('',(-13.73543860198,13.060186790357,5.50000005)
  );
#6080 = VECTOR('',#6081,1.);
#6081 = DIRECTION('',(0.442041065699,-0.89699481394,0.));
#6082 = PCURVE('',#3067,#6083);
#6083 = DEFINITIONAL_REPRESENTATION('',(#6084),#6088);
#6084 = LINE('',#6085,#6086);
#6085 = CARTESIAN_POINT('',(0.,1.));
#6086 = VECTOR('',#6087,1.);
#6087 = DIRECTION('',(1.,0.));
#6088 = ( GEOMETRIC_REPRESENTATION_CONTEXT(2) 
PARAMETRIC_REPRESENTATION_CONTEXT() REPRESENTATION_CONTEXT('2D SPACE',''
  ) );
#6089 = PCURVE('',#5455,#6090);
#6090 = DEFINITIONAL_REPRESENTATION('',(#6091),#6095);
#6091 = LINE('',#6092,#6093);
#6092 = CARTESIAN_POINT('',(6.293923470477,-0.854628895096));
#6093 = VECTOR('',#6094,1.);
#6094 = DIRECTION('',(-0.990906589894,0.134551589011));
#6095 = ( GEOMETRIC_REPRESENTATION_CONTEXT(2) 
PARAMETRIC_REPRESENTATION_CONTEXT() REPRESENTATION_CONTEXT('2D SPACE',''
  ) );
#6096 = ADVANCED_FACE('',(#6097),#3117,.T.);
#6097 = FACE_BOUND('',#6098,.T.);
#6098 = EDGE_LOOP('',(#6099,#6100,#6101,#6123));
#6099 = ORIENTED_EDGE('',*,*,#3102,.T.);
#6100 = ORIENTED_EDGE('',*,*,#6055,.F.);
#6101 = ORIENTED_EDGE('',*,*,#6102,.F.);
#6102 = EDGE_CURVE('',#6103,#6027,#6105,.T.);
#6103 = VERTEX_POINT('',#6104);
#6104 = CARTESIAN_POINT('',(-8.48912141374,8.928035091281,-22.49999995)
  );
#6105 = SURFACE_CURVE('',#6106,(#6110,#6117),.PCURVE_S1.);
#6106 = LINE('',#6107,#6108);
#6107 = CARTESIAN_POINT('',(-8.48912141374,8.928035091281,-22.49999995)
  );
#6108 = VECTOR('',#6109,1.);
#6109 = DIRECTION('',(-0.707106781187,-0.707106781187,0.));
#6110 = PCURVE('',#3117,#6111);
#6111 = DEFINITIONAL_REPRESENTATION('',(#6112),#6116);
#6112 = LINE('',#6113,#6114);
#6113 = CARTESIAN_POINT('',(4.493725269404,-7.562639857422E-12));
#6114 = VECTOR('',#6115,1.);
#6115 = DIRECTION('',(-0.43369134551,-0.901061494477));
#6116 = ( GEOMETRIC_REPRESENTATION_CONTEXT(2) 
PARAMETRIC_REPRESENTATION_CONTEXT() REPRESENTATION_CONTEXT('2D SPACE',''
  ) );
#6117 = PCURVE('',#6043,#6118);
#6118 = DEFINITIONAL_REPRESENTATION('',(#6119),#6122);
#6119 = B_SPLINE_CURVE_WITH_KNOTS('',1,(#6120,#6121),.UNSPECIFIED.,.F.,
  .F.,(2,2),(0.,0.620717675501),.PIECEWISE_BEZIER_KNOTS.);
#6120 = CARTESIAN_POINT('',(0.,0.));
#6121 = CARTESIAN_POINT('',(0.954950270002,0.));
#6122 = ( GEOMETRIC_REPRESENTATION_CONTEXT(2) 
PARAMETRIC_REPRESENTATION_CONTEXT() REPRESENTATION_CONTEXT('2D SPACE',''
  ) );
#6123 = ORIENTED_EDGE('',*,*,#6124,.F.);
#6124 = EDGE_CURVE('',#1339,#6103,#6125,.T.);
#6125 = SURFACE_CURVE('',#6126,(#6130,#6137),.PCURVE_S1.);
#6126 = LINE('',#6127,#6128);
#6127 = CARTESIAN_POINT('',(-4.68679973261,7.004032383008,-22.49999995)
  );
#6128 = VECTOR('',#6129,1.);
#6129 = DIRECTION('',(-0.892272834388,0.45149661019,0.));
#6130 = PCURVE('',#3117,#6131);
#6131 = DEFINITIONAL_REPRESENTATION('',(#6132),#6136);
#6132 = LINE('',#6133,#6134);
#6133 = CARTESIAN_POINT('',(1.421233359306,2.95283424028));
#6134 = VECTOR('',#6135,1.);
#6135 = DIRECTION('',(0.721007135946,-0.692927636853));
#6136 = ( GEOMETRIC_REPRESENTATION_CONTEXT(2) 
PARAMETRIC_REPRESENTATION_CONTEXT() REPRESENTATION_CONTEXT('2D SPACE',''
  ) );
#6137 = PCURVE('',#3191,#6138);
#6138 = DEFINITIONAL_REPRESENTATION('',(#6139),#6142);
#6139 = B_SPLINE_CURVE_WITH_KNOTS('',1,(#6140,#6141),.UNSPECIFIED.,.F.,
  .F.,(2,2),(0.,4.261389044455),.PIECEWISE_BEZIER_KNOTS.);
#6140 = CARTESIAN_POINT('',(0.,0.));
#6141 = CARTESIAN_POINT('',(6.351681919032,0.));
#6142 = ( GEOMETRIC_REPRESENTATION_CONTEXT(2) 
PARAMETRIC_REPRESENTATION_CONTEXT() REPRESENTATION_CONTEXT('2D SPACE',''
  ) );
#6143 = ADVANCED_FACE('',(#6144),#3191,.T.);
#6144 = FACE_BOUND('',#6145,.T.);
#6145 = EDGE_LOOP('',(#6146,#6147,#6148,#6170));
#6146 = ORIENTED_EDGE('',*,*,#3139,.F.);
#6147 = ORIENTED_EDGE('',*,*,#6124,.T.);
#6148 = ORIENTED_EDGE('',*,*,#6149,.T.);
#6149 = EDGE_CURVE('',#6103,#6150,#6152,.T.);
#6150 = VERTEX_POINT('',#6151);
#6151 = CARTESIAN_POINT('',(-13.06018679036,13.735438601971,5.50000005)
  );
#6152 = SURFACE_CURVE('',#6153,(#6156,#6163),.PCURVE_S1.);
#6153 = B_SPLINE_CURVE_WITH_KNOTS('',1,(#6154,#6155),.UNSPECIFIED.,.F.,
  .F.,(2,2),(0.,1.),.PIECEWISE_BEZIER_KNOTS.);
#6154 = CARTESIAN_POINT('',(-8.48912141374,8.928035091281,-22.49999995)
  );
#6155 = CARTESIAN_POINT('',(-13.06018679036,13.735438601971,5.50000005)
  );
#6156 = PCURVE('',#3191,#6157);
#6157 = DEFINITIONAL_REPRESENTATION('',(#6158),#6162);
#6158 = LINE('',#6159,#6160);
#6159 = CARTESIAN_POINT('',(6.351681919032,0.));
#6160 = VECTOR('',#6161,1.);
#6161 = DIRECTION('',(0.,1.));
#6162 = ( GEOMETRIC_REPRESENTATION_CONTEXT(2) 
PARAMETRIC_REPRESENTATION_CONTEXT() REPRESENTATION_CONTEXT('2D SPACE',''
  ) );
#6163 = PCURVE('',#6043,#6164);
#6164 = DEFINITIONAL_REPRESENTATION('',(#6165),#6169);
#6165 = LINE('',#6166,#6167);
#6166 = CARTESIAN_POINT('',(0.,0.));
#6167 = VECTOR('',#6168,1.);
#6168 = DIRECTION('',(0.,1.));
#6169 = ( GEOMETRIC_REPRESENTATION_CONTEXT(2) 
PARAMETRIC_REPRESENTATION_CONTEXT() REPRESENTATION_CONTEXT('2D SPACE',''
  ) );
#6170 = ORIENTED_EDGE('',*,*,#6171,.F.);
#6171 = EDGE_CURVE('',#2588,#6150,#6172,.T.);
#6172 = SURFACE_CURVE('',#6173,(#6177,#6184),.PCURVE_S1.);
#6173 = LINE('',#6174,#6175);
#6174 = CARTESIAN_POINT('',(-7.36276104919,10.9277343575,5.50000005));
#6175 = VECTOR('',#6176,1.);
#6176 = DIRECTION('',(-0.89699481394,0.442041065699,0.));
#6177 = PCURVE('',#3191,#6178);
#6178 = DEFINITIONAL_REPRESENTATION('',(#6179),#6183);
#6179 = LINE('',#6180,#6181);
#6180 = CARTESIAN_POINT('',(0.,1.));
#6181 = VECTOR('',#6182,1.);
#6182 = DIRECTION('',(1.,0.));
#6183 = ( GEOMETRIC_REPRESENTATION_CONTEXT(2) 
PARAMETRIC_REPRESENTATION_CONTEXT() REPRESENTATION_CONTEXT('2D SPACE',''
  ) );
#6184 = PCURVE('',#5455,#6185);
#6185 = DEFINITIONAL_REPRESENTATION('',(#6186),#6190);
#6186 = LINE('',#6187,#6188);
#6187 = CARTESIAN_POINT('',(2.24944850665,4.511989671303));
#6188 = VECTOR('',#6189,1.);
#6189 = DIRECTION('',(0.703837111087,-0.710361401722));
#6190 = ( GEOMETRIC_REPRESENTATION_CONTEXT(2) 
PARAMETRIC_REPRESENTATION_CONTEXT() REPRESENTATION_CONTEXT('2D SPACE',''
  ) );
#6191 = ADVANCED_FACE('',(#6192),#3275,.T.);
#6192 = FACE_BOUND('',#6193,.T.);
#6193 = EDGE_LOOP('',(#6194,#6216,#6217,#6240));
#6194 = ORIENTED_EDGE('',*,*,#6195,.T.);
#6195 = EDGE_CURVE('',#6196,#1316,#6198,.T.);
#6196 = VERTEX_POINT('',#6197);
#6197 = CARTESIAN_POINT('',(-3.48734448807,11.815812345743,-22.49999995)
  );
#6198 = SURFACE_CURVE('',#6199,(#6203,#6209),.PCURVE_S1.);
#6199 = LINE('',#6200,#6201);
#6200 = CARTESIAN_POINT('',(-3.48734448807,11.815812345743,-22.49999995)
  );
#6201 = VECTOR('',#6202,1.);
#6202 = DIRECTION('',(-5.512888304692E-02,-0.998479246782,0.));
#6203 = PCURVE('',#3275,#6204);
#6204 = DEFINITIONAL_REPRESENTATION('',(#6205),#6208);
#6205 = B_SPLINE_CURVE_WITH_KNOTS('',1,(#6206,#6207),.UNSPECIFIED.,.F.,
  .F.,(2,2),(0.,4.261389044455),.PIECEWISE_BEZIER_KNOTS.);
#6206 = CARTESIAN_POINT('',(0.,0.));
#6207 = CARTESIAN_POINT('',(6.351681919032,0.));
#6208 = ( GEOMETRIC_REPRESENTATION_CONTEXT(2) 
PARAMETRIC_REPRESENTATION_CONTEXT() REPRESENTATION_CONTEXT('2D SPACE',''
  ) );
#6209 = PCURVE('',#3325,#6210);
#6210 = DEFINITIONAL_REPRESENTATION('',(#6211),#6215);
#6211 = LINE('',#6212,#6213);
#6212 = CARTESIAN_POINT('',(4.224525385531,-0.559304796337));
#6213 = VECTOR('',#6214,1.);
#6214 = DIRECTION('',(-0.991349379618,0.131249409642));
#6215 = ( GEOMETRIC_REPRESENTATION_CONTEXT(2) 
PARAMETRIC_REPRESENTATION_CONTEXT() REPRESENTATION_CONTEXT('2D SPACE',''
  ) );
#6216 = ORIENTED_EDGE('',*,*,#3223,.T.);
#6217 = ORIENTED_EDGE('',*,*,#6218,.F.);
#6218 = EDGE_CURVE('',#6219,#2565,#6221,.T.);
#6219 = VERTEX_POINT('',#6220);
#6220 = CARTESIAN_POINT('',(-5.36514536625,18.178172839606,5.50000005));
#6221 = SURFACE_CURVE('',#6222,(#6226,#6233),.PCURVE_S1.);
#6222 = LINE('',#6223,#6224);
#6223 = CARTESIAN_POINT('',(-5.36514536625,18.178172839606,5.50000005));
#6224 = VECTOR('',#6225,1.);
#6225 = DIRECTION('',(-6.567861455864E-02,-0.997840828785,0.));
#6226 = PCURVE('',#3275,#6227);
#6227 = DEFINITIONAL_REPRESENTATION('',(#6228),#6232);
#6228 = LINE('',#6229,#6230);
#6229 = CARTESIAN_POINT('',(0.,1.));
#6230 = VECTOR('',#6231,1.);
#6231 = DIRECTION('',(1.,0.));
#6232 = ( GEOMETRIC_REPRESENTATION_CONTEXT(2) 
PARAMETRIC_REPRESENTATION_CONTEXT() REPRESENTATION_CONTEXT('2D SPACE',''
  ) );
#6233 = PCURVE('',#5492,#6234);
#6234 = DEFINITIONAL_REPRESENTATION('',(#6235),#6239);
#6235 = LINE('',#6236,#6237);
#6236 = CARTESIAN_POINT('',(6.293923470478,-0.854628895096));
#6237 = VECTOR('',#6238,1.);
#6238 = DIRECTION('',(-0.990906589894,0.134551589011));
#6239 = ( GEOMETRIC_REPRESENTATION_CONTEXT(2) 
PARAMETRIC_REPRESENTATION_CONTEXT() REPRESENTATION_CONTEXT('2D SPACE',''
  ) );
#6240 = ORIENTED_EDGE('',*,*,#6241,.F.);
#6241 = EDGE_CURVE('',#6196,#6219,#6242,.T.);
#6242 = SURFACE_CURVE('',#6243,(#6246,#6253),.PCURVE_S1.);
#6243 = B_SPLINE_CURVE_WITH_KNOTS('',1,(#6244,#6245),.UNSPECIFIED.,.F.,
  .F.,(2,2),(0.,1.),.PIECEWISE_BEZIER_KNOTS.);
#6244 = CARTESIAN_POINT('',(-3.48734448807,11.815812345743,-22.49999995)
  );
#6245 = CARTESIAN_POINT('',(-5.36514536625,18.178172839606,5.50000005));
#6246 = PCURVE('',#3275,#6247);
#6247 = DEFINITIONAL_REPRESENTATION('',(#6248),#6252);
#6248 = LINE('',#6249,#6250);
#6249 = CARTESIAN_POINT('',(0.,0.));
#6250 = VECTOR('',#6251,1.);
#6251 = DIRECTION('',(0.,1.));
#6252 = ( GEOMETRIC_REPRESENTATION_CONTEXT(2) 
PARAMETRIC_REPRESENTATION_CONTEXT() REPRESENTATION_CONTEXT('2D SPACE',''
  ) );
#6253 = PCURVE('',#6254,#6259);
#6254 = B_SPLINE_SURFACE_WITH_KNOTS('',1,1,(
    (#6255,#6256)
    ,(#6257,#6258
    )),.UNSPECIFIED.,.F.,.F.,.F.,(2,2),(2,2),(0.,0.954950270002),(0.,1.)
  ,.PIECEWISE_BEZIER_KNOTS.);
#6255 = CARTESIAN_POINT('',(-2.88777725447,11.976465901794,-22.49999995)
  );
#6256 = CARTESIAN_POINT('',(-4.44273423764,18.425332156608,5.50000005));
#6257 = CARTESIAN_POINT('',(-3.48734448807,11.815812345743,-22.49999995)
  );
#6258 = CARTESIAN_POINT('',(-5.36514536625,18.178172839606,5.50000005));
#6259 = DEFINITIONAL_REPRESENTATION('',(#6260),#6264);
#6260 = LINE('',#6261,#6262);
#6261 = CARTESIAN_POINT('',(0.954950270002,0.));
#6262 = VECTOR('',#6263,1.);
#6263 = DIRECTION('',(0.,1.));
#6264 = ( GEOMETRIC_REPRESENTATION_CONTEXT(2) 
PARAMETRIC_REPRESENTATION_CONTEXT() REPRESENTATION_CONTEXT('2D SPACE',''
  ) );
#6265 = ADVANCED_FACE('',(#6266),#3325,.T.);
#6266 = FACE_BOUND('',#6267,.T.);
#6267 = EDGE_LOOP('',(#6268,#6269,#6270,#6292));
#6268 = ORIENTED_EDGE('',*,*,#3310,.T.);
#6269 = ORIENTED_EDGE('',*,*,#6195,.F.);
#6270 = ORIENTED_EDGE('',*,*,#6271,.F.);
#6271 = EDGE_CURVE('',#6272,#6196,#6274,.T.);
#6272 = VERTEX_POINT('',#6273);
#6273 = CARTESIAN_POINT('',(-2.88777725447,11.976465901794,-22.49999995)
  );
#6274 = SURFACE_CURVE('',#6275,(#6279,#6286),.PCURVE_S1.);
#6275 = LINE('',#6276,#6277);
#6276 = CARTESIAN_POINT('',(-2.88777725447,11.976465901794,-22.49999995)
  );
#6277 = VECTOR('',#6278,1.);
#6278 = DIRECTION('',(-0.965925826289,-0.258819045103,0.));
#6279 = PCURVE('',#3325,#6280);
#6280 = DEFINITIONAL_REPRESENTATION('',(#6281),#6285);
#6281 = LINE('',#6282,#6283);
#6282 = CARTESIAN_POINT('',(4.493725269401,-2.112108526438E-12));
#6283 = VECTOR('',#6284,1.);
#6284 = DIRECTION('',(-0.433691345511,-0.901061494477));
#6285 = ( GEOMETRIC_REPRESENTATION_CONTEXT(2) 
PARAMETRIC_REPRESENTATION_CONTEXT() REPRESENTATION_CONTEXT('2D SPACE',''
  ) );
#6286 = PCURVE('',#6254,#6287);
#6287 = DEFINITIONAL_REPRESENTATION('',(#6288),#6291);
#6288 = B_SPLINE_CURVE_WITH_KNOTS('',1,(#6289,#6290),.UNSPECIFIED.,.F.,
  .F.,(2,2),(0.,0.620717675501),.PIECEWISE_BEZIER_KNOTS.);
#6289 = CARTESIAN_POINT('',(0.,0.));
#6290 = CARTESIAN_POINT('',(0.954950270002,0.));
#6291 = ( GEOMETRIC_REPRESENTATION_CONTEXT(2) 
PARAMETRIC_REPRESENTATION_CONTEXT() REPRESENTATION_CONTEXT('2D SPACE',''
  ) );
#6292 = ORIENTED_EDGE('',*,*,#6293,.F.);
#6293 = EDGE_CURVE('',#1236,#6272,#6294,.T.);
#6294 = SURFACE_CURVE('',#6295,(#6299,#6306),.PCURVE_S1.);
#6295 = LINE('',#6296,#6297);
#6296 = CARTESIAN_POINT('',(-0.55687143939,8.409069838917,-22.49999995)
  );
#6297 = VECTOR('',#6298,1.);
#6298 = DIRECTION('',(-0.546982636592,0.837143951341,0.));
#6299 = PCURVE('',#3325,#6300);
#6300 = DEFINITIONAL_REPRESENTATION('',(#6301),#6305);
#6301 = LINE('',#6302,#6303);
#6302 = CARTESIAN_POINT('',(1.421233359305,2.952834240283));
#6303 = VECTOR('',#6304,1.);
#6304 = DIRECTION('',(0.721007135946,-0.692927636853));
#6305 = ( GEOMETRIC_REPRESENTATION_CONTEXT(2) 
PARAMETRIC_REPRESENTATION_CONTEXT() REPRESENTATION_CONTEXT('2D SPACE',''
  ) );
#6306 = PCURVE('',#3399,#6307);
#6307 = DEFINITIONAL_REPRESENTATION('',(#6308),#6311);
#6308 = B_SPLINE_CURVE_WITH_KNOTS('',1,(#6309,#6310),.UNSPECIFIED.,.F.,
  .F.,(2,2),(0.,4.261389044455),.PIECEWISE_BEZIER_KNOTS.);
#6309 = CARTESIAN_POINT('',(0.,0.));
#6310 = CARTESIAN_POINT('',(6.351681919032,0.));
#6311 = ( GEOMETRIC_REPRESENTATION_CONTEXT(2) 
PARAMETRIC_REPRESENTATION_CONTEXT() REPRESENTATION_CONTEXT('2D SPACE',''
  ) );
#6312 = ADVANCED_FACE('',(#6313),#3399,.T.);
#6313 = FACE_BOUND('',#6314,.T.);
#6314 = EDGE_LOOP('',(#6315,#6316,#6317,#6339));
#6315 = ORIENTED_EDGE('',*,*,#3347,.F.);
#6316 = ORIENTED_EDGE('',*,*,#6293,.T.);
#6317 = ORIENTED_EDGE('',*,*,#6318,.T.);
#6318 = EDGE_CURVE('',#6272,#6319,#6321,.T.);
#6319 = VERTEX_POINT('',#6320);
#6320 = CARTESIAN_POINT('',(-4.44273423764,18.425332156608,5.50000005));
#6321 = SURFACE_CURVE('',#6322,(#6325,#6332),.PCURVE_S1.);
#6322 = B_SPLINE_CURVE_WITH_KNOTS('',1,(#6323,#6324),.UNSPECIFIED.,.F.,
  .F.,(2,2),(0.,1.),.PIECEWISE_BEZIER_KNOTS.);
#6323 = CARTESIAN_POINT('',(-2.88777725447,11.976465901794,-22.49999995)
  );
#6324 = CARTESIAN_POINT('',(-4.44273423764,18.425332156608,5.50000005));
#6325 = PCURVE('',#3399,#6326);
#6326 = DEFINITIONAL_REPRESENTATION('',(#6327),#6331);
#6327 = LINE('',#6328,#6329);
#6328 = CARTESIAN_POINT('',(6.351681919032,0.));
#6329 = VECTOR('',#6330,1.);
#6330 = DIRECTION('',(0.,1.));
#6331 = ( GEOMETRIC_REPRESENTATION_CONTEXT(2) 
PARAMETRIC_REPRESENTATION_CONTEXT() REPRESENTATION_CONTEXT('2D SPACE',''
  ) );
#6332 = PCURVE('',#6254,#6333);
#6333 = DEFINITIONAL_REPRESENTATION('',(#6334),#6338);
#6334 = LINE('',#6335,#6336);
#6335 = CARTESIAN_POINT('',(0.,0.));
#6336 = VECTOR('',#6337,1.);
#6337 = DIRECTION('',(0.,1.));
#6338 = ( GEOMETRIC_REPRESENTATION_CONTEXT(2) 
PARAMETRIC_REPRESENTATION_CONTEXT() REPRESENTATION_CONTEXT('2D SPACE',''
  ) );
#6339 = ORIENTED_EDGE('',*,*,#6340,.F.);
#6340 = EDGE_CURVE('',#2490,#6319,#6341,.T.);
#6341 = SURFACE_CURVE('',#6342,(#6346,#6353),.PCURVE_S1.);
#6342 = LINE('',#6343,#6344);
#6343 = CARTESIAN_POINT('',(-0.91247093184,13.145076083998,5.50000005));
#6344 = VECTOR('',#6345,1.);
#6345 = DIRECTION('',(-0.555799763085,0.831316199382,0.));
#6346 = PCURVE('',#3399,#6347);
#6347 = DEFINITIONAL_REPRESENTATION('',(#6348),#6352);
#6348 = LINE('',#6349,#6350);
#6349 = CARTESIAN_POINT('',(0.,1.));
#6350 = VECTOR('',#6351,1.);
#6351 = DIRECTION('',(1.,0.));
#6352 = ( GEOMETRIC_REPRESENTATION_CONTEXT(2) 
PARAMETRIC_REPRESENTATION_CONTEXT() REPRESENTATION_CONTEXT('2D SPACE',''
  ) );
#6353 = PCURVE('',#5492,#6354);
#6354 = DEFINITIONAL_REPRESENTATION('',(#6355),#6359);
#6355 = LINE('',#6356,#6357);
#6356 = CARTESIAN_POINT('',(2.249448506653,4.511989671297));
#6357 = VECTOR('',#6358,1.);
#6358 = DIRECTION('',(0.703837111088,-0.710361401722));
#6359 = ( GEOMETRIC_REPRESENTATION_CONTEXT(2) 
PARAMETRIC_REPRESENTATION_CONTEXT() REPRESENTATION_CONTEXT('2D SPACE',''
  ) );
#6360 = ADVANCED_FACE('',(#6361),#3483,.T.);
#6361 = FACE_BOUND('',#6362,.T.);
#6362 = EDGE_LOOP('',(#6363,#6392,#6412,#6413));
#6363 = ORIENTED_EDGE('',*,*,#6364,.F.);
#6364 = EDGE_CURVE('',#6365,#6367,#6369,.T.);
#6365 = VERTEX_POINT('',#6366);
#6366 = CARTESIAN_POINT('',(2.88777725446,11.976465901794,-22.49999995)
  );
#6367 = VERTEX_POINT('',#6368);
#6368 = CARTESIAN_POINT('',(4.44273423763,18.425332156608,5.50000005));
#6369 = SURFACE_CURVE('',#6370,(#6373,#6380),.PCURVE_S1.);
#6370 = B_SPLINE_CURVE_WITH_KNOTS('',1,(#6371,#6372),.UNSPECIFIED.,.F.,
  .F.,(2,2),(0.,1.),.PIECEWISE_BEZIER_KNOTS.);
#6371 = CARTESIAN_POINT('',(2.88777725446,11.976465901794,-22.49999995)
  );
#6372 = CARTESIAN_POINT('',(4.44273423763,18.425332156608,5.50000005));
#6373 = PCURVE('',#3483,#6374);
#6374 = DEFINITIONAL_REPRESENTATION('',(#6375),#6379);
#6375 = LINE('',#6376,#6377);
#6376 = CARTESIAN_POINT('',(0.,0.));
#6377 = VECTOR('',#6378,1.);
#6378 = DIRECTION('',(0.,1.));
#6379 = ( GEOMETRIC_REPRESENTATION_CONTEXT(2) 
PARAMETRIC_REPRESENTATION_CONTEXT() REPRESENTATION_CONTEXT('2D SPACE',''
  ) );
#6380 = PCURVE('',#6381,#6386);
#6381 = B_SPLINE_SURFACE_WITH_KNOTS('',1,1,(
    (#6382,#6383)
    ,(#6384,#6385
    )),.UNSPECIFIED.,.F.,.F.,.F.,(2,2),(2,2),(0.,0.954950270002),(0.,1.)
  ,.PIECEWISE_BEZIER_KNOTS.);
#6382 = CARTESIAN_POINT('',(3.48734448806,11.815812345743,-22.49999995)
  );
#6383 = CARTESIAN_POINT('',(5.36514536625,18.178172839606,5.50000005));
#6384 = CARTESIAN_POINT('',(2.88777725446,11.976465901794,-22.49999995)
  );
#6385 = CARTESIAN_POINT('',(4.44273423763,18.425332156608,5.50000005));
#6386 = DEFINITIONAL_REPRESENTATION('',(#6387),#6391);
#6387 = LINE('',#6388,#6389);
#6388 = CARTESIAN_POINT('',(0.954950270002,0.));
#6389 = VECTOR('',#6390,1.);
#6390 = DIRECTION('',(0.,1.));
#6391 = ( GEOMETRIC_REPRESENTATION_CONTEXT(2) 
PARAMETRIC_REPRESENTATION_CONTEXT() REPRESENTATION_CONTEXT('2D SPACE',''
  ) );
#6392 = ORIENTED_EDGE('',*,*,#6393,.T.);
#6393 = EDGE_CURVE('',#6365,#1213,#6394,.T.);
#6394 = SURFACE_CURVE('',#6395,(#6399,#6405),.PCURVE_S1.);
#6395 = LINE('',#6396,#6397);
#6396 = CARTESIAN_POINT('',(2.88777725446,11.976465901794,-22.49999995)
  );
#6397 = VECTOR('',#6398,1.);
#6398 = DIRECTION('',(-0.546982636592,-0.837143951341,0.));
#6399 = PCURVE('',#3483,#6400);
#6400 = DEFINITIONAL_REPRESENTATION('',(#6401),#6404);
#6401 = B_SPLINE_CURVE_WITH_KNOTS('',1,(#6402,#6403),.UNSPECIFIED.,.F.,
  .F.,(2,2),(0.,4.261389044455),.PIECEWISE_BEZIER_KNOTS.);
#6402 = CARTESIAN_POINT('',(0.,0.));
#6403 = CARTESIAN_POINT('',(6.351681919032,0.));
#6404 = ( GEOMETRIC_REPRESENTATION_CONTEXT(2) 
PARAMETRIC_REPRESENTATION_CONTEXT() REPRESENTATION_CONTEXT('2D SPACE',''
  ) );
#6405 = PCURVE('',#3533,#6406);
#6406 = DEFINITIONAL_REPRESENTATION('',(#6407),#6411);
#6407 = LINE('',#6408,#6409);
#6408 = CARTESIAN_POINT('',(4.224525385531,-0.559304796336));
#6409 = VECTOR('',#6410,1.);
#6410 = DIRECTION('',(-0.991349379618,0.131249409641));
#6411 = ( GEOMETRIC_REPRESENTATION_CONTEXT(2) 
PARAMETRIC_REPRESENTATION_CONTEXT() REPRESENTATION_CONTEXT('2D SPACE',''
  ) );
#6412 = ORIENTED_EDGE('',*,*,#3431,.T.);
#6413 = ORIENTED_EDGE('',*,*,#6414,.F.);
#6414 = EDGE_CURVE('',#6367,#2467,#6415,.T.);
#6415 = SURFACE_CURVE('',#6416,(#6420,#6427),.PCURVE_S1.);
#6416 = LINE('',#6417,#6418);
#6417 = CARTESIAN_POINT('',(4.44273423763,18.425332156608,5.50000005));
#6418 = VECTOR('',#6419,1.);
#6419 = DIRECTION('',(-0.555799763085,-0.831316199382,0.));
#6420 = PCURVE('',#3483,#6421);
#6421 = DEFINITIONAL_REPRESENTATION('',(#6422),#6426);
#6422 = LINE('',#6423,#6424);
#6423 = CARTESIAN_POINT('',(0.,1.));
#6424 = VECTOR('',#6425,1.);
#6425 = DIRECTION('',(1.,0.));
#6426 = ( GEOMETRIC_REPRESENTATION_CONTEXT(2) 
PARAMETRIC_REPRESENTATION_CONTEXT() REPRESENTATION_CONTEXT('2D SPACE',''
  ) );
#6427 = PCURVE('',#5529,#6428);
#6428 = DEFINITIONAL_REPRESENTATION('',(#6429),#6433);
#6429 = LINE('',#6430,#6431);
#6430 = CARTESIAN_POINT('',(6.293923470476,-0.854628895097));
#6431 = VECTOR('',#6432,1.);
#6432 = DIRECTION('',(-0.990906589894,0.134551589011));
#6433 = ( GEOMETRIC_REPRESENTATION_CONTEXT(2) 
PARAMETRIC_REPRESENTATION_CONTEXT() REPRESENTATION_CONTEXT('2D SPACE',''
  ) );
#6434 = ADVANCED_FACE('',(#6435),#3533,.T.);
#6435 = FACE_BOUND('',#6436,.T.);
#6436 = EDGE_LOOP('',(#6437,#6438,#6439,#6461));
#6437 = ORIENTED_EDGE('',*,*,#3518,.T.);
#6438 = ORIENTED_EDGE('',*,*,#6393,.F.);
#6439 = ORIENTED_EDGE('',*,*,#6440,.F.);
#6440 = EDGE_CURVE('',#6441,#6365,#6443,.T.);
#6441 = VERTEX_POINT('',#6442);
#6442 = CARTESIAN_POINT('',(3.48734448806,11.815812345743,-22.49999995)
  );
#6443 = SURFACE_CURVE('',#6444,(#6448,#6455),.PCURVE_S1.);
#6444 = LINE('',#6445,#6446);
#6445 = CARTESIAN_POINT('',(3.48734448806,11.815812345743,-22.49999995)
  );
#6446 = VECTOR('',#6447,1.);
#6447 = DIRECTION('',(-0.965925826289,0.258819045103,0.));
#6448 = PCURVE('',#3533,#6449);
#6449 = DEFINITIONAL_REPRESENTATION('',(#6450),#6454);
#6450 = LINE('',#6451,#6452);
#6451 = CARTESIAN_POINT('',(4.493725269401,-8.446345929809E-13));
#6452 = VECTOR('',#6453,1.);
#6453 = DIRECTION('',(-0.433691345509,-0.901061494478));
#6454 = ( GEOMETRIC_REPRESENTATION_CONTEXT(2) 
PARAMETRIC_REPRESENTATION_CONTEXT() REPRESENTATION_CONTEXT('2D SPACE',''
  ) );
#6455 = PCURVE('',#6381,#6456);
#6456 = DEFINITIONAL_REPRESENTATION('',(#6457),#6460);
#6457 = B_SPLINE_CURVE_WITH_KNOTS('',1,(#6458,#6459),.UNSPECIFIED.,.F.,
  .F.,(2,2),(0.,0.620717675501),.PIECEWISE_BEZIER_KNOTS.);
#6458 = CARTESIAN_POINT('',(0.,0.));
#6459 = CARTESIAN_POINT('',(0.954950270002,0.));
#6460 = ( GEOMETRIC_REPRESENTATION_CONTEXT(2) 
PARAMETRIC_REPRESENTATION_CONTEXT() REPRESENTATION_CONTEXT('2D SPACE',''
  ) );
#6461 = ORIENTED_EDGE('',*,*,#6462,.F.);
#6462 = EDGE_CURVE('',#1133,#6441,#6463,.T.);
#6463 = SURFACE_CURVE('',#6464,(#6468,#6475),.PCURVE_S1.);
#6464 = LINE('',#6465,#6466);
#6465 = CARTESIAN_POINT('',(3.72227010631,7.560903822391,-22.49999995));
#6466 = VECTOR('',#6467,1.);
#6467 = DIRECTION('',(-5.512888304692E-02,0.998479246782,0.));
#6468 = PCURVE('',#3533,#6469);
#6469 = DEFINITIONAL_REPRESENTATION('',(#6470),#6474);
#6470 = LINE('',#6471,#6472);
#6471 = CARTESIAN_POINT('',(1.421233359305,2.952834240284));
#6472 = VECTOR('',#6473,1.);
#6473 = DIRECTION('',(0.721007135947,-0.692927636853));
#6474 = ( GEOMETRIC_REPRESENTATION_CONTEXT(2) 
PARAMETRIC_REPRESENTATION_CONTEXT() REPRESENTATION_CONTEXT('2D SPACE',''
  ) );
#6475 = PCURVE('',#3607,#6476);
#6476 = DEFINITIONAL_REPRESENTATION('',(#6477),#6480);
#6477 = B_SPLINE_CURVE_WITH_KNOTS('',1,(#6478,#6479),.UNSPECIFIED.,.F.,
  .F.,(2,2),(0.,4.261389044455),.PIECEWISE_BEZIER_KNOTS.);
#6478 = CARTESIAN_POINT('',(0.,0.));
#6479 = CARTESIAN_POINT('',(6.351681919032,0.));
#6480 = ( GEOMETRIC_REPRESENTATION_CONTEXT(2) 
PARAMETRIC_REPRESENTATION_CONTEXT() REPRESENTATION_CONTEXT('2D SPACE',''
  ) );
#6481 = ADVANCED_FACE('',(#6482),#3607,.T.);
#6482 = FACE_BOUND('',#6483,.T.);
#6483 = EDGE_LOOP('',(#6484,#6485,#6486,#6508));
#6484 = ORIENTED_EDGE('',*,*,#3555,.F.);
#6485 = ORIENTED_EDGE('',*,*,#6462,.T.);
#6486 = ORIENTED_EDGE('',*,*,#6487,.T.);
#6487 = EDGE_CURVE('',#6441,#6488,#6490,.T.);
#6488 = VERTEX_POINT('',#6489);
#6489 = CARTESIAN_POINT('',(5.36514536625,18.178172839606,5.50000005));
#6490 = SURFACE_CURVE('',#6491,(#6494,#6501),.PCURVE_S1.);
#6491 = B_SPLINE_CURVE_WITH_KNOTS('',1,(#6492,#6493),.UNSPECIFIED.,.F.,
  .F.,(2,2),(0.,1.),.PIECEWISE_BEZIER_KNOTS.);
#6492 = CARTESIAN_POINT('',(3.48734448806,11.815812345743,-22.49999995)
  );
#6493 = CARTESIAN_POINT('',(5.36514536625,18.178172839606,5.50000005));
#6494 = PCURVE('',#3607,#6495);
#6495 = DEFINITIONAL_REPRESENTATION('',(#6496),#6500);
#6496 = LINE('',#6497,#6498);
#6497 = CARTESIAN_POINT('',(6.351681919032,0.));
#6498 = VECTOR('',#6499,1.);
#6499 = DIRECTION('',(0.,1.));
#6500 = ( GEOMETRIC_REPRESENTATION_CONTEXT(2) 
PARAMETRIC_REPRESENTATION_CONTEXT() REPRESENTATION_CONTEXT('2D SPACE',''
  ) );
#6501 = PCURVE('',#6381,#6502);
#6502 = DEFINITIONAL_REPRESENTATION('',(#6503),#6507);
#6503 = LINE('',#6504,#6505);
#6504 = CARTESIAN_POINT('',(0.,0.));
#6505 = VECTOR('',#6506,1.);
#6506 = DIRECTION('',(0.,1.));
#6507 = ( GEOMETRIC_REPRESENTATION_CONTEXT(2) 
PARAMETRIC_REPRESENTATION_CONTEXT() REPRESENTATION_CONTEXT('2D SPACE',''
  ) );
#6508 = ORIENTED_EDGE('',*,*,#6509,.F.);
#6509 = EDGE_CURVE('',#2392,#6488,#6510,.T.);
#6510 = SURFACE_CURVE('',#6511,(#6515,#6522),.PCURVE_S1.);
#6511 = LINE('',#6512,#6513);
#6512 = CARTESIAN_POINT('',(5.78231503481,11.840205289342,5.50000005));
#6513 = VECTOR('',#6514,1.);
#6514 = DIRECTION('',(-6.567861455864E-02,0.997840828785,0.));
#6515 = PCURVE('',#3607,#6516);
#6516 = DEFINITIONAL_REPRESENTATION('',(#6517),#6521);
#6517 = LINE('',#6518,#6519);
#6518 = CARTESIAN_POINT('',(0.,1.));
#6519 = VECTOR('',#6520,1.);
#6520 = DIRECTION('',(1.,0.));
#6521 = ( GEOMETRIC_REPRESENTATION_CONTEXT(2) 
PARAMETRIC_REPRESENTATION_CONTEXT() REPRESENTATION_CONTEXT('2D SPACE',''
  ) );
#6522 = PCURVE('',#5529,#6523);
#6523 = DEFINITIONAL_REPRESENTATION('',(#6524),#6528);
#6524 = LINE('',#6525,#6526);
#6525 = CARTESIAN_POINT('',(2.249448506653,4.511989671298));
#6526 = VECTOR('',#6527,1.);
#6527 = DIRECTION('',(0.703837111087,-0.710361401722));
#6528 = ( GEOMETRIC_REPRESENTATION_CONTEXT(2) 
PARAMETRIC_REPRESENTATION_CONTEXT() REPRESENTATION_CONTEXT('2D SPACE',''
  ) );
#6529 = ADVANCED_FACE('',(#6530),#3691,.T.);
#6530 = FACE_BOUND('',#6531,.T.);
#6531 = EDGE_LOOP('',(#6532,#6561,#6581,#6582));
#6532 = ORIENTED_EDGE('',*,*,#6533,.F.);
#6533 = EDGE_CURVE('',#6534,#6536,#6538,.T.);
#6534 = VERTEX_POINT('',#6535);
#6535 = CARTESIAN_POINT('',(8.48912141373,8.928035091281,-22.49999995));
#6536 = VERTEX_POINT('',#6537);
#6537 = CARTESIAN_POINT('',(13.06018679036,13.735438601971,5.50000005));
#6538 = SURFACE_CURVE('',#6539,(#6542,#6549),.PCURVE_S1.);
#6539 = B_SPLINE_CURVE_WITH_KNOTS('',1,(#6540,#6541),.UNSPECIFIED.,.F.,
  .F.,(2,2),(0.,1.),.PIECEWISE_BEZIER_KNOTS.);
#6540 = CARTESIAN_POINT('',(8.48912141373,8.928035091281,-22.49999995));
#6541 = CARTESIAN_POINT('',(13.06018679036,13.735438601971,5.50000005));
#6542 = PCURVE('',#3691,#6543);
#6543 = DEFINITIONAL_REPRESENTATION('',(#6544),#6548);
#6544 = LINE('',#6545,#6546);
#6545 = CARTESIAN_POINT('',(0.,0.));
#6546 = VECTOR('',#6547,1.);
#6547 = DIRECTION('',(0.,1.));
#6548 = ( GEOMETRIC_REPRESENTATION_CONTEXT(2) 
PARAMETRIC_REPRESENTATION_CONTEXT() REPRESENTATION_CONTEXT('2D SPACE',''
  ) );
#6549 = PCURVE('',#6550,#6555);
#6550 = B_SPLINE_SURFACE_WITH_KNOTS('',1,1,(
    (#6551,#6552)
    ,(#6553,#6554
    )),.UNSPECIFIED.,.F.,.F.,.F.,(2,2),(2,2),(0.,0.954950270002),(0.,1.)
  ,.PIECEWISE_BEZIER_KNOTS.);
#6551 = CARTESIAN_POINT('',(8.92803509128,8.489121413731,-22.49999995));
#6552 = CARTESIAN_POINT('',(13.73543860197,13.060186790357,5.50000005));
#6553 = CARTESIAN_POINT('',(8.48912141373,8.928035091281,-22.49999995));
#6554 = CARTESIAN_POINT('',(13.06018679036,13.735438601971,5.50000005));
#6555 = DEFINITIONAL_REPRESENTATION('',(#6556),#6560);
#6556 = LINE('',#6557,#6558);
#6557 = CARTESIAN_POINT('',(0.954950270002,0.));
#6558 = VECTOR('',#6559,1.);
#6559 = DIRECTION('',(0.,1.));
#6560 = ( GEOMETRIC_REPRESENTATION_CONTEXT(2) 
PARAMETRIC_REPRESENTATION_CONTEXT() REPRESENTATION_CONTEXT('2D SPACE',''
  ) );
#6561 = ORIENTED_EDGE('',*,*,#6562,.T.);
#6562 = EDGE_CURVE('',#6534,#1110,#6563,.T.);
#6563 = SURFACE_CURVE('',#6564,(#6568,#6574),.PCURVE_S1.);
#6564 = LINE('',#6565,#6566);
#6565 = CARTESIAN_POINT('',(8.48912141373,8.928035091281,-22.49999995));
#6566 = VECTOR('',#6567,1.);
#6567 = DIRECTION('',(-0.892272834388,-0.45149661019,0.));
#6568 = PCURVE('',#3691,#6569);
#6569 = DEFINITIONAL_REPRESENTATION('',(#6570),#6573);
#6570 = B_SPLINE_CURVE_WITH_KNOTS('',1,(#6571,#6572),.UNSPECIFIED.,.F.,
  .F.,(2,2),(0.,4.261389044455),.PIECEWISE_BEZIER_KNOTS.);
#6571 = CARTESIAN_POINT('',(0.,0.));
#6572 = CARTESIAN_POINT('',(6.351681919032,0.));
#6573 = ( GEOMETRIC_REPRESENTATION_CONTEXT(2) 
PARAMETRIC_REPRESENTATION_CONTEXT() REPRESENTATION_CONTEXT('2D SPACE',''
  ) );
#6574 = PCURVE('',#3741,#6575);
#6575 = DEFINITIONAL_REPRESENTATION('',(#6576),#6580);
#6576 = LINE('',#6577,#6578);
#6577 = CARTESIAN_POINT('',(4.224525385535,-0.559304796336));
#6578 = VECTOR('',#6579,1.);
#6579 = DIRECTION('',(-0.991349379618,0.131249409641));
#6580 = ( GEOMETRIC_REPRESENTATION_CONTEXT(2) 
PARAMETRIC_REPRESENTATION_CONTEXT() REPRESENTATION_CONTEXT('2D SPACE',''
  ) );
#6581 = ORIENTED_EDGE('',*,*,#3639,.T.);
#6582 = ORIENTED_EDGE('',*,*,#6583,.F.);
#6583 = EDGE_CURVE('',#6536,#2369,#6584,.T.);
#6584 = SURFACE_CURVE('',#6585,(#6589,#6596),.PCURVE_S1.);
#6585 = LINE('',#6586,#6587);
#6586 = CARTESIAN_POINT('',(13.06018679036,13.735438601971,5.50000005));
#6587 = VECTOR('',#6588,1.);
#6588 = DIRECTION('',(-0.89699481394,-0.442041065699,0.));
#6589 = PCURVE('',#3691,#6590);
#6590 = DEFINITIONAL_REPRESENTATION('',(#6591),#6595);
#6591 = LINE('',#6592,#6593);
#6592 = CARTESIAN_POINT('',(0.,1.));
#6593 = VECTOR('',#6594,1.);
#6594 = DIRECTION('',(1.,0.));
#6595 = ( GEOMETRIC_REPRESENTATION_CONTEXT(2) 
PARAMETRIC_REPRESENTATION_CONTEXT() REPRESENTATION_CONTEXT('2D SPACE',''
  ) );
#6596 = PCURVE('',#5566,#6597);
#6597 = DEFINITIONAL_REPRESENTATION('',(#6598),#6602);
#6598 = LINE('',#6599,#6600);
#6599 = CARTESIAN_POINT('',(6.293923470478,-0.854628895096));
#6600 = VECTOR('',#6601,1.);
#6601 = DIRECTION('',(-0.990906589894,0.134551589011));
#6602 = ( GEOMETRIC_REPRESENTATION_CONTEXT(2) 
PARAMETRIC_REPRESENTATION_CONTEXT() REPRESENTATION_CONTEXT('2D SPACE',''
  ) );
#6603 = ADVANCED_FACE('',(#6604),#3741,.T.);
#6604 = FACE_BOUND('',#6605,.T.);
#6605 = EDGE_LOOP('',(#6606,#6607,#6608,#6630));
#6606 = ORIENTED_EDGE('',*,*,#3726,.T.);
#6607 = ORIENTED_EDGE('',*,*,#6562,.F.);
#6608 = ORIENTED_EDGE('',*,*,#6609,.F.);
#6609 = EDGE_CURVE('',#6610,#6534,#6612,.T.);
#6610 = VERTEX_POINT('',#6611);
#6611 = CARTESIAN_POINT('',(8.92803509128,8.489121413731,-22.49999995));
#6612 = SURFACE_CURVE('',#6613,(#6617,#6624),.PCURVE_S1.);
#6613 = LINE('',#6614,#6615);
#6614 = CARTESIAN_POINT('',(8.92803509128,8.489121413731,-22.49999995));
#6615 = VECTOR('',#6616,1.);
#6616 = DIRECTION('',(-0.707106781187,0.707106781187,0.));
#6617 = PCURVE('',#3741,#6618);
#6618 = DEFINITIONAL_REPRESENTATION('',(#6619),#6623);
#6619 = LINE('',#6620,#6621);
#6620 = CARTESIAN_POINT('',(4.493725269405,3.651317127798E-13));
#6621 = VECTOR('',#6622,1.);
#6622 = DIRECTION('',(-0.43369134551,-0.901061494477));
#6623 = ( GEOMETRIC_REPRESENTATION_CONTEXT(2) 
PARAMETRIC_REPRESENTATION_CONTEXT() REPRESENTATION_CONTEXT('2D SPACE',''
  ) );
#6624 = PCURVE('',#6550,#6625);
#6625 = DEFINITIONAL_REPRESENTATION('',(#6626),#6629);
#6626 = B_SPLINE_CURVE_WITH_KNOTS('',1,(#6627,#6628),.UNSPECIFIED.,.F.,
  .F.,(2,2),(0.,0.620717675501),.PIECEWISE_BEZIER_KNOTS.);
#6627 = CARTESIAN_POINT('',(0.,0.));
#6628 = CARTESIAN_POINT('',(0.954950270002,0.));
#6629 = ( GEOMETRIC_REPRESENTATION_CONTEXT(2) 
PARAMETRIC_REPRESENTATION_CONTEXT() REPRESENTATION_CONTEXT('2D SPACE',''
  ) );
#6630 = ORIENTED_EDGE('',*,*,#6631,.F.);
#6631 = EDGE_CURVE('',#1030,#6610,#6632,.T.);
#6632 = SURFACE_CURVE('',#6633,(#6637,#6644),.PCURVE_S1.);
#6633 = LINE('',#6634,#6635);
#6634 = CARTESIAN_POINT('',(7.00403238301,4.686799732605,-22.49999995));
#6635 = VECTOR('',#6636,1.);
#6636 = DIRECTION('',(0.45149661019,0.892272834388,0.));
#6637 = PCURVE('',#3741,#6638);
#6638 = DEFINITIONAL_REPRESENTATION('',(#6639),#6643);
#6639 = LINE('',#6640,#6641);
#6640 = CARTESIAN_POINT('',(1.421233359311,2.952834240285));
#6641 = VECTOR('',#6642,1.);
#6642 = DIRECTION('',(0.721007135946,-0.692927636853));
#6643 = ( GEOMETRIC_REPRESENTATION_CONTEXT(2) 
PARAMETRIC_REPRESENTATION_CONTEXT() REPRESENTATION_CONTEXT('2D SPACE',''
  ) );
#6644 = PCURVE('',#3815,#6645);
#6645 = DEFINITIONAL_REPRESENTATION('',(#6646),#6649);
#6646 = B_SPLINE_CURVE_WITH_KNOTS('',1,(#6647,#6648),.UNSPECIFIED.,.F.,
  .F.,(2,2),(0.,4.261389044455),.PIECEWISE_BEZIER_KNOTS.);
#6647 = CARTESIAN_POINT('',(0.,0.));
#6648 = CARTESIAN_POINT('',(6.351681919032,0.));
#6649 = ( GEOMETRIC_REPRESENTATION_CONTEXT(2) 
PARAMETRIC_REPRESENTATION_CONTEXT() REPRESENTATION_CONTEXT('2D SPACE',''
  ) );
#6650 = ADVANCED_FACE('',(#6651),#3815,.T.);
#6651 = FACE_BOUND('',#6652,.T.);
#6652 = EDGE_LOOP('',(#6653,#6654,#6655,#6677));
#6653 = ORIENTED_EDGE('',*,*,#3763,.F.);
#6654 = ORIENTED_EDGE('',*,*,#6631,.T.);
#6655 = ORIENTED_EDGE('',*,*,#6656,.T.);
#6656 = EDGE_CURVE('',#6610,#6657,#6659,.T.);
#6657 = VERTEX_POINT('',#6658);
#6658 = CARTESIAN_POINT('',(13.73543860197,13.060186790357,5.50000005));
#6659 = SURFACE_CURVE('',#6660,(#6663,#6670),.PCURVE_S1.);
#6660 = B_SPLINE_CURVE_WITH_KNOTS('',1,(#6661,#6662),.UNSPECIFIED.,.F.,
  .F.,(2,2),(0.,1.),.PIECEWISE_BEZIER_KNOTS.);
#6661 = CARTESIAN_POINT('',(8.92803509128,8.489121413731,-22.49999995));
#6662 = CARTESIAN_POINT('',(13.73543860197,13.060186790357,5.50000005));
#6663 = PCURVE('',#3815,#6664);
#6664 = DEFINITIONAL_REPRESENTATION('',(#6665),#6669);
#6665 = LINE('',#6666,#6667);
#6666 = CARTESIAN_POINT('',(6.351681919032,0.));
#6667 = VECTOR('',#6668,1.);
#6668 = DIRECTION('',(0.,1.));
#6669 = ( GEOMETRIC_REPRESENTATION_CONTEXT(2) 
PARAMETRIC_REPRESENTATION_CONTEXT() REPRESENTATION_CONTEXT('2D SPACE',''
  ) );
#6670 = PCURVE('',#6550,#6671);
#6671 = DEFINITIONAL_REPRESENTATION('',(#6672),#6676);
#6672 = LINE('',#6673,#6674);
#6673 = CARTESIAN_POINT('',(0.,0.));
#6674 = VECTOR('',#6675,1.);
#6675 = DIRECTION('',(0.,1.));
#6676 = ( GEOMETRIC_REPRESENTATION_CONTEXT(2) 
PARAMETRIC_REPRESENTATION_CONTEXT() REPRESENTATION_CONTEXT('2D SPACE',''
  ) );
#6677 = ORIENTED_EDGE('',*,*,#6678,.F.);
#6678 = EDGE_CURVE('',#2294,#6657,#6679,.T.);
#6679 = SURFACE_CURVE('',#6680,(#6684,#6691),.PCURVE_S1.);
#6680 = LINE('',#6681,#6682);
#6681 = CARTESIAN_POINT('',(10.9277343575,7.362761049188,5.50000005));
#6682 = VECTOR('',#6683,1.);
#6683 = DIRECTION('',(0.442041065699,0.89699481394,0.));
#6684 = PCURVE('',#3815,#6685);
#6685 = DEFINITIONAL_REPRESENTATION('',(#6686),#6690);
#6686 = LINE('',#6687,#6688);
#6687 = CARTESIAN_POINT('',(0.,1.));
#6688 = VECTOR('',#6689,1.);
#6689 = DIRECTION('',(1.,0.));
#6690 = ( GEOMETRIC_REPRESENTATION_CONTEXT(2) 
PARAMETRIC_REPRESENTATION_CONTEXT() REPRESENTATION_CONTEXT('2D SPACE',''
  ) );
#6691 = PCURVE('',#5566,#6692);
#6692 = DEFINITIONAL_REPRESENTATION('',(#6693),#6697);
#6693 = LINE('',#6694,#6695);
#6694 = CARTESIAN_POINT('',(2.249448506651,4.511989671294));
#6695 = VECTOR('',#6696,1.);
#6696 = DIRECTION('',(0.703837111087,-0.710361401722));
#6697 = ( GEOMETRIC_REPRESENTATION_CONTEXT(2) 
PARAMETRIC_REPRESENTATION_CONTEXT() REPRESENTATION_CONTEXT('2D SPACE',''
  ) );
#6698 = ADVANCED_FACE('',(#6699),#3899,.T.);
#6699 = FACE_BOUND('',#6700,.T.);
#6700 = EDGE_LOOP('',(#6701,#6730,#6750,#6751));
#6701 = ORIENTED_EDGE('',*,*,#6702,.F.);
#6702 = EDGE_CURVE('',#6703,#6705,#6707,.T.);
#6703 = VERTEX_POINT('',#6704);
#6704 = CARTESIAN_POINT('',(11.81581234574,3.487344488061,-22.49999995)
  );
#6705 = VERTEX_POINT('',#6706);
#6706 = CARTESIAN_POINT('',(18.1781728396,5.365145366249,5.50000005));
#6707 = SURFACE_CURVE('',#6708,(#6711,#6718),.PCURVE_S1.);
#6708 = B_SPLINE_CURVE_WITH_KNOTS('',1,(#6709,#6710),.UNSPECIFIED.,.F.,
  .F.,(2,2),(0.,1.),.PIECEWISE_BEZIER_KNOTS.);
#6709 = CARTESIAN_POINT('',(11.81581234574,3.487344488061,-22.49999995)
  );
#6710 = CARTESIAN_POINT('',(18.1781728396,5.365145366249,5.50000005));
#6711 = PCURVE('',#3899,#6712);
#6712 = DEFINITIONAL_REPRESENTATION('',(#6713),#6717);
#6713 = LINE('',#6714,#6715);
#6714 = CARTESIAN_POINT('',(0.,0.));
#6715 = VECTOR('',#6716,1.);
#6716 = DIRECTION('',(0.,1.));
#6717 = ( GEOMETRIC_REPRESENTATION_CONTEXT(2) 
PARAMETRIC_REPRESENTATION_CONTEXT() REPRESENTATION_CONTEXT('2D SPACE',''
  ) );
#6718 = PCURVE('',#6719,#6724);
#6719 = B_SPLINE_SURFACE_WITH_KNOTS('',1,1,(
    (#6720,#6721)
    ,(#6722,#6723
    )),.UNSPECIFIED.,.F.,.F.,.F.,(2,2),(2,2),(0.,0.954950270002),(0.,1.)
  ,.PIECEWISE_BEZIER_KNOTS.);
#6720 = CARTESIAN_POINT('',(11.97646590179,2.88777725446,-22.49999995));
#6721 = CARTESIAN_POINT('',(18.42533215661,4.442734237632,5.50000005));
#6722 = CARTESIAN_POINT('',(11.81581234574,3.487344488061,-22.49999995)
  );
#6723 = CARTESIAN_POINT('',(18.1781728396,5.365145366249,5.50000005));
#6724 = DEFINITIONAL_REPRESENTATION('',(#6725),#6729);
#6725 = LINE('',#6726,#6727);
#6726 = CARTESIAN_POINT('',(0.954950270002,0.));
#6727 = VECTOR('',#6728,1.);
#6728 = DIRECTION('',(0.,1.));
#6729 = ( GEOMETRIC_REPRESENTATION_CONTEXT(2) 
PARAMETRIC_REPRESENTATION_CONTEXT() REPRESENTATION_CONTEXT('2D SPACE',''
  ) );
#6730 = ORIENTED_EDGE('',*,*,#6731,.T.);
#6731 = EDGE_CURVE('',#6703,#1007,#6732,.T.);
#6732 = SURFACE_CURVE('',#6733,(#6737,#6743),.PCURVE_S1.);
#6733 = LINE('',#6734,#6735);
#6734 = CARTESIAN_POINT('',(11.81581234574,3.487344488061,-22.49999995)
  );
#6735 = VECTOR('',#6736,1.);
#6736 = DIRECTION('',(-0.998479246782,5.512888304692E-02,0.));
#6737 = PCURVE('',#3899,#6738);
#6738 = DEFINITIONAL_REPRESENTATION('',(#6739),#6742);
#6739 = B_SPLINE_CURVE_WITH_KNOTS('',1,(#6740,#6741),.UNSPECIFIED.,.F.,
  .F.,(2,2),(0.,4.261389044455),.PIECEWISE_BEZIER_KNOTS.);
#6740 = CARTESIAN_POINT('',(0.,0.));
#6741 = CARTESIAN_POINT('',(6.351681919032,0.));
#6742 = ( GEOMETRIC_REPRESENTATION_CONTEXT(2) 
PARAMETRIC_REPRESENTATION_CONTEXT() REPRESENTATION_CONTEXT('2D SPACE',''
  ) );
#6743 = PCURVE('',#3949,#6744);
#6744 = DEFINITIONAL_REPRESENTATION('',(#6745),#6749);
#6745 = LINE('',#6746,#6747);
#6746 = CARTESIAN_POINT('',(4.224525385529,-0.559304796338));
#6747 = VECTOR('',#6748,1.);
#6748 = DIRECTION('',(-0.991349379618,0.131249409642));
#6749 = ( GEOMETRIC_REPRESENTATION_CONTEXT(2) 
PARAMETRIC_REPRESENTATION_CONTEXT() REPRESENTATION_CONTEXT('2D SPACE',''
  ) );
#6750 = ORIENTED_EDGE('',*,*,#3847,.T.);
#6751 = ORIENTED_EDGE('',*,*,#6752,.F.);
#6752 = EDGE_CURVE('',#6705,#2271,#6753,.T.);
#6753 = SURFACE_CURVE('',#6754,(#6758,#6765),.PCURVE_S1.);
#6754 = LINE('',#6755,#6756);
#6755 = CARTESIAN_POINT('',(18.1781728396,5.365145366249,5.50000005));
#6756 = VECTOR('',#6757,1.);
#6757 = DIRECTION('',(-0.997840828785,6.567861455864E-02,0.));
#6758 = PCURVE('',#3899,#6759);
#6759 = DEFINITIONAL_REPRESENTATION('',(#6760),#6764);
#6760 = LINE('',#6761,#6762);
#6761 = CARTESIAN_POINT('',(0.,1.));
#6762 = VECTOR('',#6763,1.);
#6763 = DIRECTION('',(1.,0.));
#6764 = ( GEOMETRIC_REPRESENTATION_CONTEXT(2) 
PARAMETRIC_REPRESENTATION_CONTEXT() REPRESENTATION_CONTEXT('2D SPACE',''
  ) );
#6765 = PCURVE('',#5603,#6766);
#6766 = DEFINITIONAL_REPRESENTATION('',(#6767),#6771);
#6767 = LINE('',#6768,#6769);
#6768 = CARTESIAN_POINT('',(6.293923470474,-0.854628895096));
#6769 = VECTOR('',#6770,1.);
#6770 = DIRECTION('',(-0.990906589894,0.134551589011));
#6771 = ( GEOMETRIC_REPRESENTATION_CONTEXT(2) 
PARAMETRIC_REPRESENTATION_CONTEXT() REPRESENTATION_CONTEXT('2D SPACE',''
  ) );
#6772 = ADVANCED_FACE('',(#6773),#3949,.T.);
#6773 = FACE_BOUND('',#6774,.T.);
#6774 = EDGE_LOOP('',(#6775,#6776,#6777,#6799));
#6775 = ORIENTED_EDGE('',*,*,#3934,.T.);
#6776 = ORIENTED_EDGE('',*,*,#6731,.F.);
#6777 = ORIENTED_EDGE('',*,*,#6778,.F.);
#6778 = EDGE_CURVE('',#6779,#6703,#6781,.T.);
#6779 = VERTEX_POINT('',#6780);
#6780 = CARTESIAN_POINT('',(11.97646590179,2.88777725446,-22.49999995));
#6781 = SURFACE_CURVE('',#6782,(#6786,#6793),.PCURVE_S1.);
#6782 = LINE('',#6783,#6784);
#6783 = CARTESIAN_POINT('',(11.97646590179,2.88777725446,-22.49999995));
#6784 = VECTOR('',#6785,1.);
#6785 = DIRECTION('',(-0.258819045103,0.965925826289,0.));
#6786 = PCURVE('',#3949,#6787);
#6787 = DEFINITIONAL_REPRESENTATION('',(#6788),#6792);
#6788 = LINE('',#6789,#6790);
#6789 = CARTESIAN_POINT('',(4.493725269398,-1.556965020501E-12));
#6790 = VECTOR('',#6791,1.);
#6791 = DIRECTION('',(-0.433691345511,-0.901061494477));
#6792 = ( GEOMETRIC_REPRESENTATION_CONTEXT(2) 
PARAMETRIC_REPRESENTATION_CONTEXT() REPRESENTATION_CONTEXT('2D SPACE',''
  ) );
#6793 = PCURVE('',#6719,#6794);
#6794 = DEFINITIONAL_REPRESENTATION('',(#6795),#6798);
#6795 = B_SPLINE_CURVE_WITH_KNOTS('',1,(#6796,#6797),.UNSPECIFIED.,.F.,
  .F.,(2,2),(0.,0.620717675501),.PIECEWISE_BEZIER_KNOTS.);
#6796 = CARTESIAN_POINT('',(0.,0.));
#6797 = CARTESIAN_POINT('',(0.954950270002,0.));
#6798 = ( GEOMETRIC_REPRESENTATION_CONTEXT(2) 
PARAMETRIC_REPRESENTATION_CONTEXT() REPRESENTATION_CONTEXT('2D SPACE',''
  ) );
#6799 = ORIENTED_EDGE('',*,*,#6800,.F.);
#6800 = EDGE_CURVE('',#927,#6779,#6801,.T.);
#6801 = SURFACE_CURVE('',#6802,(#6806,#6813),.PCURVE_S1.);
#6802 = LINE('',#6803,#6804);
#6803 = CARTESIAN_POINT('',(8.40906983892,0.556871439381,-22.49999995));
#6804 = VECTOR('',#6805,1.);
#6805 = DIRECTION('',(0.837143951341,0.546982636592,0.));
#6806 = PCURVE('',#3949,#6807);
#6807 = DEFINITIONAL_REPRESENTATION('',(#6808),#6812);
#6808 = LINE('',#6809,#6810);
#6809 = CARTESIAN_POINT('',(1.421233359309,2.952834240282));
#6810 = VECTOR('',#6811,1.);
#6811 = DIRECTION('',(0.721007135946,-0.692927636853));
#6812 = ( GEOMETRIC_REPRESENTATION_CONTEXT(2) 
PARAMETRIC_REPRESENTATION_CONTEXT() REPRESENTATION_CONTEXT('2D SPACE',''
  ) );
#6813 = PCURVE('',#4120,#6814);
#6814 = DEFINITIONAL_REPRESENTATION('',(#6815),#6818);
#6815 = B_SPLINE_CURVE_WITH_KNOTS('',1,(#6816,#6817),.UNSPECIFIED.,.F.,
  .F.,(2,2),(0.,4.261389044455),.PIECEWISE_BEZIER_KNOTS.);
#6816 = CARTESIAN_POINT('',(0.,0.));
#6817 = CARTESIAN_POINT('',(6.351681919032,0.));
#6818 = ( GEOMETRIC_REPRESENTATION_CONTEXT(2) 
PARAMETRIC_REPRESENTATION_CONTEXT() REPRESENTATION_CONTEXT('2D SPACE',''
  ) );
#6819 = ADVANCED_FACE('',(#6820),#4120,.T.);
#6820 = FACE_BOUND('',#6821,.T.);
#6821 = EDGE_LOOP('',(#6822,#6823,#6824,#6846));
#6822 = ORIENTED_EDGE('',*,*,#4068,.F.);
#6823 = ORIENTED_EDGE('',*,*,#6800,.T.);
#6824 = ORIENTED_EDGE('',*,*,#6825,.T.);
#6825 = EDGE_CURVE('',#6779,#6826,#6828,.T.);
#6826 = VERTEX_POINT('',#6827);
#6827 = CARTESIAN_POINT('',(18.42533215661,4.442734237632,5.50000005));
#6828 = SURFACE_CURVE('',#6829,(#6832,#6839),.PCURVE_S1.);
#6829 = B_SPLINE_CURVE_WITH_KNOTS('',1,(#6830,#6831),.UNSPECIFIED.,.F.,
  .F.,(2,2),(0.,1.),.PIECEWISE_BEZIER_KNOTS.);
#6830 = CARTESIAN_POINT('',(11.97646590179,2.88777725446,-22.49999995));
#6831 = CARTESIAN_POINT('',(18.42533215661,4.442734237632,5.50000005));
#6832 = PCURVE('',#4120,#6833);
#6833 = DEFINITIONAL_REPRESENTATION('',(#6834),#6838);
#6834 = LINE('',#6835,#6836);
#6835 = CARTESIAN_POINT('',(6.351681919032,0.));
#6836 = VECTOR('',#6837,1.);
#6837 = DIRECTION('',(0.,1.));
#6838 = ( GEOMETRIC_REPRESENTATION_CONTEXT(2) 
PARAMETRIC_REPRESENTATION_CONTEXT() REPRESENTATION_CONTEXT('2D SPACE',''
  ) );
#6839 = PCURVE('',#6719,#6840);
#6840 = DEFINITIONAL_REPRESENTATION('',(#6841),#6845);
#6841 = LINE('',#6842,#6843);
#6842 = CARTESIAN_POINT('',(0.,0.));
#6843 = VECTOR('',#6844,1.);
#6844 = DIRECTION('',(0.,1.));
#6845 = ( GEOMETRIC_REPRESENTATION_CONTEXT(2) 
PARAMETRIC_REPRESENTATION_CONTEXT() REPRESENTATION_CONTEXT('2D SPACE',''
  ) );
#6846 = ORIENTED_EDGE('',*,*,#6847,.F.);
#6847 = EDGE_CURVE('',#2196,#6826,#6848,.T.);
#6848 = SURFACE_CURVE('',#6849,(#6853,#6860),.PCURVE_S1.);
#6849 = LINE('',#6850,#6851);
#6850 = CARTESIAN_POINT('',(13.145076084,0.91247093184,5.50000005));
#6851 = VECTOR('',#6852,1.);
#6852 = DIRECTION('',(0.831316199382,0.555799763085,0.));
#6853 = PCURVE('',#4120,#6854);
#6854 = DEFINITIONAL_REPRESENTATION('',(#6855),#6859);
#6855 = LINE('',#6856,#6857);
#6856 = CARTESIAN_POINT('',(0.,1.));
#6857 = VECTOR('',#6858,1.);
#6858 = DIRECTION('',(1.,0.));
#6859 = ( GEOMETRIC_REPRESENTATION_CONTEXT(2) 
PARAMETRIC_REPRESENTATION_CONTEXT() REPRESENTATION_CONTEXT('2D SPACE',''
  ) );
#6860 = PCURVE('',#5603,#6861);
#6861 = DEFINITIONAL_REPRESENTATION('',(#6862),#6866);
#6862 = LINE('',#6863,#6864);
#6863 = CARTESIAN_POINT('',(2.249448506657,4.511989671295));
#6864 = VECTOR('',#6865,1.);
#6865 = DIRECTION('',(0.703837111088,-0.710361401722));
#6866 = ( GEOMETRIC_REPRESENTATION_CONTEXT(2) 
PARAMETRIC_REPRESENTATION_CONTEXT() REPRESENTATION_CONTEXT('2D SPACE',''
  ) );
#6867 = ADVANCED_FACE('',(#6868),#4032,.T.);
#6868 = FACE_BOUND('',#6869,.T.);
#6869 = EDGE_LOOP('',(#6870,#6899,#6919,#6920));
#6870 = ORIENTED_EDGE('',*,*,#6871,.F.);
#6871 = EDGE_CURVE('',#6872,#6874,#6876,.T.);
#6872 = VERTEX_POINT('',#6873);
#6873 = CARTESIAN_POINT('',(11.97646590179,-2.887777254464,-22.49999995)
  );
#6874 = VERTEX_POINT('',#6875);
#6875 = CARTESIAN_POINT('',(18.42533215661,-4.442734237636,5.50000005));
#6876 = SURFACE_CURVE('',#6877,(#6880,#6887),.PCURVE_S1.);
#6877 = B_SPLINE_CURVE_WITH_KNOTS('',1,(#6878,#6879),.UNSPECIFIED.,.F.,
  .F.,(2,2),(0.,1.),.PIECEWISE_BEZIER_KNOTS.);
#6878 = CARTESIAN_POINT('',(11.97646590179,-2.887777254464,-22.49999995)
  );
#6879 = CARTESIAN_POINT('',(18.42533215661,-4.442734237636,5.50000005));
#6880 = PCURVE('',#4032,#6881);
#6881 = DEFINITIONAL_REPRESENTATION('',(#6882),#6886);
#6882 = LINE('',#6883,#6884);
#6883 = CARTESIAN_POINT('',(0.,0.));
#6884 = VECTOR('',#6885,1.);
#6885 = DIRECTION('',(0.,1.));
#6886 = ( GEOMETRIC_REPRESENTATION_CONTEXT(2) 
PARAMETRIC_REPRESENTATION_CONTEXT() REPRESENTATION_CONTEXT('2D SPACE',''
  ) );
#6887 = PCURVE('',#6888,#6893);
#6888 = B_SPLINE_SURFACE_WITH_KNOTS('',1,1,(
    (#6889,#6890)
    ,(#6891,#6892
    )),.UNSPECIFIED.,.F.,.F.,.F.,(2,2),(2,2),(0.,0.954950270002),(0.,1.)
  ,.PIECEWISE_BEZIER_KNOTS.);
#6889 = CARTESIAN_POINT('',(11.81581234574,-3.487344488065,-22.49999995)
  );
#6890 = CARTESIAN_POINT('',(18.1781728396,-5.365145366253,5.50000005));
#6891 = CARTESIAN_POINT('',(11.97646590179,-2.887777254464,-22.49999995)
  );
#6892 = CARTESIAN_POINT('',(18.42533215661,-4.442734237636,5.50000005));
#6893 = DEFINITIONAL_REPRESENTATION('',(#6894),#6898);
#6894 = LINE('',#6895,#6896);
#6895 = CARTESIAN_POINT('',(0.954950270002,0.));
#6896 = VECTOR('',#6897,1.);
#6897 = DIRECTION('',(0.,1.));
#6898 = ( GEOMETRIC_REPRESENTATION_CONTEXT(2) 
PARAMETRIC_REPRESENTATION_CONTEXT() REPRESENTATION_CONTEXT('2D SPACE',''
  ) );
#6899 = ORIENTED_EDGE('',*,*,#6900,.T.);
#6900 = EDGE_CURVE('',#6872,#904,#6901,.T.);
#6901 = SURFACE_CURVE('',#6902,(#6906,#6912),.PCURVE_S1.);
#6902 = LINE('',#6903,#6904);
#6903 = CARTESIAN_POINT('',(11.97646590179,-2.887777254464,-22.49999995)
  );
#6904 = VECTOR('',#6905,1.);
#6905 = DIRECTION('',(-0.837143951341,0.546982636592,0.));
#6906 = PCURVE('',#4032,#6907);
#6907 = DEFINITIONAL_REPRESENTATION('',(#6908),#6911);
#6908 = B_SPLINE_CURVE_WITH_KNOTS('',1,(#6909,#6910),.UNSPECIFIED.,.F.,
  .F.,(2,2),(0.,4.261389044455),.PIECEWISE_BEZIER_KNOTS.);
#6909 = CARTESIAN_POINT('',(0.,0.));
#6910 = CARTESIAN_POINT('',(6.351681919032,0.));
#6911 = ( GEOMETRIC_REPRESENTATION_CONTEXT(2) 
PARAMETRIC_REPRESENTATION_CONTEXT() REPRESENTATION_CONTEXT('2D SPACE',''
  ) );
#6912 = PCURVE('',#4170,#6913);
#6913 = DEFINITIONAL_REPRESENTATION('',(#6914),#6918);
#6914 = LINE('',#6915,#6916);
#6915 = CARTESIAN_POINT('',(4.224525385526,-0.559304796332));
#6916 = VECTOR('',#6917,1.);
#6917 = DIRECTION('',(-0.991349379618,0.131249409641));
#6918 = ( GEOMETRIC_REPRESENTATION_CONTEXT(2) 
PARAMETRIC_REPRESENTATION_CONTEXT() REPRESENTATION_CONTEXT('2D SPACE',''
  ) );
#6919 = ORIENTED_EDGE('',*,*,#3972,.T.);
#6920 = ORIENTED_EDGE('',*,*,#6921,.F.);
#6921 = EDGE_CURVE('',#6874,#2173,#6922,.T.);
#6922 = SURFACE_CURVE('',#6923,(#6927,#6934),.PCURVE_S1.);
#6923 = LINE('',#6924,#6925);
#6924 = CARTESIAN_POINT('',(18.42533215661,-4.442734237636,5.50000005));
#6925 = VECTOR('',#6926,1.);
#6926 = DIRECTION('',(-0.831316199382,0.555799763085,0.));
#6927 = PCURVE('',#4032,#6928);
#6928 = DEFINITIONAL_REPRESENTATION('',(#6929),#6933);
#6929 = LINE('',#6930,#6931);
#6930 = CARTESIAN_POINT('',(0.,1.));
#6931 = VECTOR('',#6932,1.);
#6932 = DIRECTION('',(1.,0.));
#6933 = ( GEOMETRIC_REPRESENTATION_CONTEXT(2) 
PARAMETRIC_REPRESENTATION_CONTEXT() REPRESENTATION_CONTEXT('2D SPACE',''
  ) );
#6934 = PCURVE('',#5641,#6935);
#6935 = DEFINITIONAL_REPRESENTATION('',(#6936),#6940);
#6936 = LINE('',#6937,#6938);
#6937 = CARTESIAN_POINT('',(6.293923470477,-0.854628895095));
#6938 = VECTOR('',#6939,1.);
#6939 = DIRECTION('',(-0.990906589894,0.134551589011));
#6940 = ( GEOMETRIC_REPRESENTATION_CONTEXT(2) 
PARAMETRIC_REPRESENTATION_CONTEXT() REPRESENTATION_CONTEXT('2D SPACE',''
  ) );
#6941 = ADVANCED_FACE('',(#6942),#4170,.T.);
#6942 = FACE_BOUND('',#6943,.T.);
#6943 = EDGE_LOOP('',(#6944,#6945,#6946,#6968));
#6944 = ORIENTED_EDGE('',*,*,#4155,.T.);
#6945 = ORIENTED_EDGE('',*,*,#6900,.F.);
#6946 = ORIENTED_EDGE('',*,*,#6947,.F.);
#6947 = EDGE_CURVE('',#6948,#6872,#6950,.T.);
#6948 = VERTEX_POINT('',#6949);
#6949 = CARTESIAN_POINT('',(11.81581234574,-3.487344488065,-22.49999995)
  );
#6950 = SURFACE_CURVE('',#6951,(#6955,#6962),.PCURVE_S1.);
#6951 = LINE('',#6952,#6953);
#6952 = CARTESIAN_POINT('',(11.81581234574,-3.487344488065,-22.49999995)
  );
#6953 = VECTOR('',#6954,1.);
#6954 = DIRECTION('',(0.258819045103,0.965925826289,0.));
#6955 = PCURVE('',#4170,#6956);
#6956 = DEFINITIONAL_REPRESENTATION('',(#6957),#6961);
#6957 = LINE('',#6958,#6959);
#6958 = CARTESIAN_POINT('',(4.493725269397,3.066534009511E-12));
#6959 = VECTOR('',#6960,1.);
#6960 = DIRECTION('',(-0.433691345509,-0.901061494478));
#6961 = ( GEOMETRIC_REPRESENTATION_CONTEXT(2) 
PARAMETRIC_REPRESENTATION_CONTEXT() REPRESENTATION_CONTEXT('2D SPACE',''
  ) );
#6962 = PCURVE('',#6888,#6963);
#6963 = DEFINITIONAL_REPRESENTATION('',(#6964),#6967);
#6964 = B_SPLINE_CURVE_WITH_KNOTS('',1,(#6965,#6966),.UNSPECIFIED.,.F.,
  .F.,(2,2),(0.,0.620717675501),.PIECEWISE_BEZIER_KNOTS.);
#6965 = CARTESIAN_POINT('',(0.,0.));
#6966 = CARTESIAN_POINT('',(0.954950270002,0.));
#6967 = ( GEOMETRIC_REPRESENTATION_CONTEXT(2) 
PARAMETRIC_REPRESENTATION_CONTEXT() REPRESENTATION_CONTEXT('2D SPACE',''
  ) );
#6968 = ORIENTED_EDGE('',*,*,#6969,.F.);
#6969 = EDGE_CURVE('',#824,#6948,#6970,.T.);
#6970 = SURFACE_CURVE('',#6971,(#6975,#6982),.PCURVE_S1.);
#6971 = LINE('',#6972,#6973);
#6972 = CARTESIAN_POINT('',(7.56090382239,-3.722270106314,-22.49999995)
  );
#6973 = VECTOR('',#6974,1.);
#6974 = DIRECTION('',(0.998479246782,5.512888304692E-02,0.));
#6975 = PCURVE('',#4170,#6976);
#6976 = DEFINITIONAL_REPRESENTATION('',(#6977),#6981);
#6977 = LINE('',#6978,#6979);
#6978 = CARTESIAN_POINT('',(1.421233359301,2.952834240285));
#6979 = VECTOR('',#6980,1.);
#6980 = DIRECTION('',(0.721007135947,-0.692927636853));
#6981 = ( GEOMETRIC_REPRESENTATION_CONTEXT(2) 
PARAMETRIC_REPRESENTATION_CONTEXT() REPRESENTATION_CONTEXT('2D SPACE',''
  ) );
#6982 = PCURVE('',#4348,#6983);
#6983 = DEFINITIONAL_REPRESENTATION('',(#6984),#6987);
#6984 = B_SPLINE_CURVE_WITH_KNOTS('',1,(#6985,#6986),.UNSPECIFIED.,.F.,
  .F.,(2,2),(0.,4.261389044455),.PIECEWISE_BEZIER_KNOTS.);
#6985 = CARTESIAN_POINT('',(0.,0.));
#6986 = CARTESIAN_POINT('',(6.351681919032,0.));
#6987 = ( GEOMETRIC_REPRESENTATION_CONTEXT(2) 
PARAMETRIC_REPRESENTATION_CONTEXT() REPRESENTATION_CONTEXT('2D SPACE',''
  ) );
#6988 = ADVANCED_FACE('',(#6989),#4348,.T.);
#6989 = FACE_BOUND('',#6990,.T.);
#6990 = EDGE_LOOP('',(#6991,#6992,#6993,#7015));
#6991 = ORIENTED_EDGE('',*,*,#4288,.F.);
#6992 = ORIENTED_EDGE('',*,*,#6969,.T.);
#6993 = ORIENTED_EDGE('',*,*,#6994,.T.);
#6994 = EDGE_CURVE('',#6948,#6995,#6997,.T.);
#6995 = VERTEX_POINT('',#6996);
#6996 = CARTESIAN_POINT('',(18.1781728396,-5.365145366253,5.50000005));
#6997 = SURFACE_CURVE('',#6998,(#7001,#7008),.PCURVE_S1.);
#6998 = B_SPLINE_CURVE_WITH_KNOTS('',1,(#6999,#7000),.UNSPECIFIED.,.F.,
  .F.,(2,2),(0.,1.),.PIECEWISE_BEZIER_KNOTS.);
#6999 = CARTESIAN_POINT('',(11.81581234574,-3.487344488065,-22.49999995)
  );
#7000 = CARTESIAN_POINT('',(18.1781728396,-5.365145366253,5.50000005));
#7001 = PCURVE('',#4348,#7002);
#7002 = DEFINITIONAL_REPRESENTATION('',(#7003),#7007);
#7003 = LINE('',#7004,#7005);
#7004 = CARTESIAN_POINT('',(6.351681919032,0.));
#7005 = VECTOR('',#7006,1.);
#7006 = DIRECTION('',(0.,1.));
#7007 = ( GEOMETRIC_REPRESENTATION_CONTEXT(2) 
PARAMETRIC_REPRESENTATION_CONTEXT() REPRESENTATION_CONTEXT('2D SPACE',''
  ) );
#7008 = PCURVE('',#6888,#7009);
#7009 = DEFINITIONAL_REPRESENTATION('',(#7010),#7014);
#7010 = LINE('',#7011,#7012);
#7011 = CARTESIAN_POINT('',(0.,0.));
#7012 = VECTOR('',#7013,1.);
#7013 = DIRECTION('',(0.,1.));
#7014 = ( GEOMETRIC_REPRESENTATION_CONTEXT(2) 
PARAMETRIC_REPRESENTATION_CONTEXT() REPRESENTATION_CONTEXT('2D SPACE',''
  ) );
#7015 = ORIENTED_EDGE('',*,*,#7016,.F.);
#7016 = EDGE_CURVE('',#2098,#6995,#7017,.T.);
#7017 = SURFACE_CURVE('',#7018,(#7022,#7029),.PCURVE_S1.);
#7018 = LINE('',#7019,#7020);
#7019 = CARTESIAN_POINT('',(11.84020528934,-5.782315034812,5.50000005));
#7020 = VECTOR('',#7021,1.);
#7021 = DIRECTION('',(0.997840828785,6.567861455864E-02,0.));
#7022 = PCURVE('',#4348,#7023);
#7023 = DEFINITIONAL_REPRESENTATION('',(#7024),#7028);
#7024 = LINE('',#7025,#7026);
#7025 = CARTESIAN_POINT('',(0.,1.));
#7026 = VECTOR('',#7027,1.);
#7027 = DIRECTION('',(1.,0.));
#7028 = ( GEOMETRIC_REPRESENTATION_CONTEXT(2) 
PARAMETRIC_REPRESENTATION_CONTEXT() REPRESENTATION_CONTEXT('2D SPACE',''
  ) );
#7029 = PCURVE('',#5641,#7030);
#7030 = DEFINITIONAL_REPRESENTATION('',(#7031),#7035);
#7031 = LINE('',#7032,#7033);
#7032 = CARTESIAN_POINT('',(2.249448506648,4.511989671299));
#7033 = VECTOR('',#7034,1.);
#7034 = DIRECTION('',(0.703837111087,-0.710361401722));
#7035 = ( GEOMETRIC_REPRESENTATION_CONTEXT(2) 
PARAMETRIC_REPRESENTATION_CONTEXT() REPRESENTATION_CONTEXT('2D SPACE',''
  ) );
#7036 = ADVANCED_FACE('',(#7037),#4252,.T.);
#7037 = FACE_BOUND('',#7038,.T.);
#7038 = EDGE_LOOP('',(#7039,#7068,#7088,#7089));
#7039 = ORIENTED_EDGE('',*,*,#7040,.F.);
#7040 = EDGE_CURVE('',#7041,#7043,#7045,.T.);
#7041 = VERTEX_POINT('',#7042);
#7042 = CARTESIAN_POINT('',(8.92803509128,-8.489121413735,-22.49999995)
  );
#7043 = VERTEX_POINT('',#7044);
#7044 = CARTESIAN_POINT('',(13.73543860197,-13.06018679035,5.50000005));
#7045 = SURFACE_CURVE('',#7046,(#7049,#7056),.PCURVE_S1.);
#7046 = B_SPLINE_CURVE_WITH_KNOTS('',1,(#7047,#7048),.UNSPECIFIED.,.F.,
  .F.,(2,2),(0.,1.),.PIECEWISE_BEZIER_KNOTS.);
#7047 = CARTESIAN_POINT('',(8.92803509128,-8.489121413735,-22.49999995)
  );
#7048 = CARTESIAN_POINT('',(13.73543860197,-13.06018679035,5.50000005));
#7049 = PCURVE('',#4252,#7050);
#7050 = DEFINITIONAL_REPRESENTATION('',(#7051),#7055);
#7051 = LINE('',#7052,#7053);
#7052 = CARTESIAN_POINT('',(0.,0.));
#7053 = VECTOR('',#7054,1.);
#7054 = DIRECTION('',(0.,1.));
#7055 = ( GEOMETRIC_REPRESENTATION_CONTEXT(2) 
PARAMETRIC_REPRESENTATION_CONTEXT() REPRESENTATION_CONTEXT('2D SPACE',''
  ) );
#7056 = PCURVE('',#7057,#7062);
#7057 = B_SPLINE_SURFACE_WITH_KNOTS('',1,1,(
    (#7058,#7059)
    ,(#7060,#7061
    )),.UNSPECIFIED.,.F.,.F.,.F.,(2,2),(2,2),(0.,0.954950270002),(0.,1.)
  ,.PIECEWISE_BEZIER_KNOTS.);
#7058 = CARTESIAN_POINT('',(8.48912141373,-8.928035091285,-22.49999995)
  );
#7059 = CARTESIAN_POINT('',(13.06018679036,-13.73543860197,5.50000005));
#7060 = CARTESIAN_POINT('',(8.92803509128,-8.489121413735,-22.49999995)
  );
#7061 = CARTESIAN_POINT('',(13.73543860197,-13.06018679035,5.50000005));
#7062 = DEFINITIONAL_REPRESENTATION('',(#7063),#7067);
#7063 = LINE('',#7064,#7065);
#7064 = CARTESIAN_POINT('',(0.954950270002,0.));
#7065 = VECTOR('',#7066,1.);
#7066 = DIRECTION('',(0.,1.));
#7067 = ( GEOMETRIC_REPRESENTATION_CONTEXT(2) 
PARAMETRIC_REPRESENTATION_CONTEXT() REPRESENTATION_CONTEXT('2D SPACE',''
  ) );
#7068 = ORIENTED_EDGE('',*,*,#7069,.T.);
#7069 = EDGE_CURVE('',#7041,#801,#7070,.T.);
#7070 = SURFACE_CURVE('',#7071,(#7075,#7081),.PCURVE_S1.);
#7071 = LINE('',#7072,#7073);
#7072 = CARTESIAN_POINT('',(8.92803509128,-8.489121413735,-22.49999995)
  );
#7073 = VECTOR('',#7074,1.);
#7074 = DIRECTION('',(-0.45149661019,0.892272834388,0.));
#7075 = PCURVE('',#4252,#7076);
#7076 = DEFINITIONAL_REPRESENTATION('',(#7077),#7080);
#7077 = B_SPLINE_CURVE_WITH_KNOTS('',1,(#7078,#7079),.UNSPECIFIED.,.F.,
  .F.,(2,2),(0.,4.261389044455),.PIECEWISE_BEZIER_KNOTS.);
#7078 = CARTESIAN_POINT('',(0.,0.));
#7079 = CARTESIAN_POINT('',(6.351681919032,0.));
#7080 = ( GEOMETRIC_REPRESENTATION_CONTEXT(2) 
PARAMETRIC_REPRESENTATION_CONTEXT() REPRESENTATION_CONTEXT('2D SPACE',''
  ) );
#7081 = PCURVE('',#4402,#7082);
#7082 = DEFINITIONAL_REPRESENTATION('',(#7083),#7087);
#7083 = LINE('',#7084,#7085);
#7084 = CARTESIAN_POINT('',(4.22452538553,-0.559304796335));
#7085 = VECTOR('',#7086,1.);
#7086 = DIRECTION('',(-0.991349379618,0.131249409641));
#7087 = ( GEOMETRIC_REPRESENTATION_CONTEXT(2) 
PARAMETRIC_REPRESENTATION_CONTEXT() REPRESENTATION_CONTEXT('2D SPACE',''
  ) );
#7088 = ORIENTED_EDGE('',*,*,#4192,.T.);
#7089 = ORIENTED_EDGE('',*,*,#7090,.F.);
#7090 = EDGE_CURVE('',#7043,#2075,#7091,.T.);
#7091 = SURFACE_CURVE('',#7092,(#7096,#7103),.PCURVE_S1.);
#7092 = LINE('',#7093,#7094);
#7093 = CARTESIAN_POINT('',(13.73543860197,-13.06018679035,5.50000005));
#7094 = VECTOR('',#7095,1.);
#7095 = DIRECTION('',(-0.442041065699,0.89699481394,0.));
#7096 = PCURVE('',#4252,#7097);
#7097 = DEFINITIONAL_REPRESENTATION('',(#7098),#7102);
#7098 = LINE('',#7099,#7100);
#7099 = CARTESIAN_POINT('',(0.,1.));
#7100 = VECTOR('',#7101,1.);
#7101 = DIRECTION('',(1.,0.));
#7102 = ( GEOMETRIC_REPRESENTATION_CONTEXT(2) 
PARAMETRIC_REPRESENTATION_CONTEXT() REPRESENTATION_CONTEXT('2D SPACE',''
  ) );
#7103 = PCURVE('',#5678,#7104);
#7104 = DEFINITIONAL_REPRESENTATION('',(#7105),#7109);
#7105 = LINE('',#7106,#7107);
#7106 = CARTESIAN_POINT('',(6.293923470468,-0.854628895099));
#7107 = VECTOR('',#7108,1.);
#7108 = DIRECTION('',(-0.990906589894,0.134551589011));
#7109 = ( GEOMETRIC_REPRESENTATION_CONTEXT(2) 
PARAMETRIC_REPRESENTATION_CONTEXT() REPRESENTATION_CONTEXT('2D SPACE',''
  ) );
#7110 = ADVANCED_FACE('',(#7111),#4402,.T.);
#7111 = FACE_BOUND('',#7112,.T.);
#7112 = EDGE_LOOP('',(#7113,#7114,#7115,#7137));
#7113 = ORIENTED_EDGE('',*,*,#4387,.T.);
#7114 = ORIENTED_EDGE('',*,*,#7069,.F.);
#7115 = ORIENTED_EDGE('',*,*,#7116,.F.);
#7116 = EDGE_CURVE('',#7117,#7041,#7119,.T.);
#7117 = VERTEX_POINT('',#7118);
#7118 = CARTESIAN_POINT('',(8.48912141373,-8.928035091285,-22.49999995)
  );
#7119 = SURFACE_CURVE('',#7120,(#7124,#7131),.PCURVE_S1.);
#7120 = LINE('',#7121,#7122);
#7121 = CARTESIAN_POINT('',(8.48912141373,-8.928035091285,-22.49999995)
  );
#7122 = VECTOR('',#7123,1.);
#7123 = DIRECTION('',(0.707106781187,0.707106781187,0.));
#7124 = PCURVE('',#4402,#7125);
#7125 = DEFINITIONAL_REPRESENTATION('',(#7126),#7130);
#7126 = LINE('',#7127,#7128);
#7127 = CARTESIAN_POINT('',(4.4937252694,1.879680137859E-12));
#7128 = VECTOR('',#7129,1.);
#7129 = DIRECTION('',(-0.43369134551,-0.901061494477));
#7130 = ( GEOMETRIC_REPRESENTATION_CONTEXT(2) 
PARAMETRIC_REPRESENTATION_CONTEXT() REPRESENTATION_CONTEXT('2D SPACE',''
  ) );
#7131 = PCURVE('',#7057,#7132);
#7132 = DEFINITIONAL_REPRESENTATION('',(#7133),#7136);
#7133 = B_SPLINE_CURVE_WITH_KNOTS('',1,(#7134,#7135),.UNSPECIFIED.,.F.,
  .F.,(2,2),(0.,0.620717675501),.PIECEWISE_BEZIER_KNOTS.);
#7134 = CARTESIAN_POINT('',(0.,0.));
#7135 = CARTESIAN_POINT('',(0.954950270002,0.));
#7136 = ( GEOMETRIC_REPRESENTATION_CONTEXT(2) 
PARAMETRIC_REPRESENTATION_CONTEXT() REPRESENTATION_CONTEXT('2D SPACE',''
  ) );
#7137 = ORIENTED_EDGE('',*,*,#7138,.F.);
#7138 = EDGE_CURVE('',#721,#7117,#7139,.T.);
#7139 = SURFACE_CURVE('',#7140,(#7144,#7151),.PCURVE_S1.);
#7140 = LINE('',#7141,#7142);
#7141 = CARTESIAN_POINT('',(4.6867997326,-7.004032383012,-22.49999995));
#7142 = VECTOR('',#7143,1.);
#7143 = DIRECTION('',(0.892272834388,-0.45149661019,0.));
#7144 = PCURVE('',#4402,#7145);
#7145 = DEFINITIONAL_REPRESENTATION('',(#7146),#7150);
#7146 = LINE('',#7147,#7148);
#7147 = CARTESIAN_POINT('',(1.421233359302,2.952834240289));
#7148 = VECTOR('',#7149,1.);
#7149 = DIRECTION('',(0.721007135946,-0.692927636853));
#7150 = ( GEOMETRIC_REPRESENTATION_CONTEXT(2) 
PARAMETRIC_REPRESENTATION_CONTEXT() REPRESENTATION_CONTEXT('2D SPACE',''
  ) );
#7151 = PCURVE('',#4580,#7152);
#7152 = DEFINITIONAL_REPRESENTATION('',(#7153),#7156);
#7153 = B_SPLINE_CURVE_WITH_KNOTS('',1,(#7154,#7155),.UNSPECIFIED.,.F.,
  .F.,(2,2),(0.,4.261389044455),.PIECEWISE_BEZIER_KNOTS.);
#7154 = CARTESIAN_POINT('',(0.,0.));
#7155 = CARTESIAN_POINT('',(6.351681919032,0.));
#7156 = ( GEOMETRIC_REPRESENTATION_CONTEXT(2) 
PARAMETRIC_REPRESENTATION_CONTEXT() REPRESENTATION_CONTEXT('2D SPACE',''
  ) );
#7157 = ADVANCED_FACE('',(#7158),#4580,.T.);
#7158 = FACE_BOUND('',#7159,.T.);
#7159 = EDGE_LOOP('',(#7160,#7161,#7162,#7184));
#7160 = ORIENTED_EDGE('',*,*,#4520,.F.);
#7161 = ORIENTED_EDGE('',*,*,#7138,.T.);
#7162 = ORIENTED_EDGE('',*,*,#7163,.T.);
#7163 = EDGE_CURVE('',#7117,#7164,#7166,.T.);
#7164 = VERTEX_POINT('',#7165);
#7165 = CARTESIAN_POINT('',(13.06018679036,-13.73543860197,5.50000005));
#7166 = SURFACE_CURVE('',#7167,(#7170,#7177),.PCURVE_S1.);
#7167 = B_SPLINE_CURVE_WITH_KNOTS('',1,(#7168,#7169),.UNSPECIFIED.,.F.,
  .F.,(2,2),(0.,1.),.PIECEWISE_BEZIER_KNOTS.);
#7168 = CARTESIAN_POINT('',(8.48912141373,-8.928035091285,-22.49999995)
  );
#7169 = CARTESIAN_POINT('',(13.06018679036,-13.73543860197,5.50000005));
#7170 = PCURVE('',#4580,#7171);
#7171 = DEFINITIONAL_REPRESENTATION('',(#7172),#7176);
#7172 = LINE('',#7173,#7174);
#7173 = CARTESIAN_POINT('',(6.351681919032,0.));
#7174 = VECTOR('',#7175,1.);
#7175 = DIRECTION('',(0.,1.));
#7176 = ( GEOMETRIC_REPRESENTATION_CONTEXT(2) 
PARAMETRIC_REPRESENTATION_CONTEXT() REPRESENTATION_CONTEXT('2D SPACE',''
  ) );
#7177 = PCURVE('',#7057,#7178);
#7178 = DEFINITIONAL_REPRESENTATION('',(#7179),#7183);
#7179 = LINE('',#7180,#7181);
#7180 = CARTESIAN_POINT('',(0.,0.));
#7181 = VECTOR('',#7182,1.);
#7182 = DIRECTION('',(0.,1.));
#7183 = ( GEOMETRIC_REPRESENTATION_CONTEXT(2) 
PARAMETRIC_REPRESENTATION_CONTEXT() REPRESENTATION_CONTEXT('2D SPACE',''
  ) );
#7184 = ORIENTED_EDGE('',*,*,#7185,.F.);
#7185 = EDGE_CURVE('',#2000,#7164,#7186,.T.);
#7186 = SURFACE_CURVE('',#7187,(#7191,#7198),.PCURVE_S1.);
#7187 = LINE('',#7188,#7189);
#7188 = CARTESIAN_POINT('',(7.36276104919,-10.9277343575,5.50000005));
#7189 = VECTOR('',#7190,1.);
#7190 = DIRECTION('',(0.89699481394,-0.442041065699,0.));
#7191 = PCURVE('',#4580,#7192);
#7192 = DEFINITIONAL_REPRESENTATION('',(#7193),#7197);
#7193 = LINE('',#7194,#7195);
#7194 = CARTESIAN_POINT('',(0.,1.));
#7195 = VECTOR('',#7196,1.);
#7196 = DIRECTION('',(1.,0.));
#7197 = ( GEOMETRIC_REPRESENTATION_CONTEXT(2) 
PARAMETRIC_REPRESENTATION_CONTEXT() REPRESENTATION_CONTEXT('2D SPACE',''
  ) );
#7198 = PCURVE('',#5678,#7199);
#7199 = DEFINITIONAL_REPRESENTATION('',(#7200),#7204);
#7200 = LINE('',#7201,#7202);
#7201 = CARTESIAN_POINT('',(2.249448506651,4.511989671292));
#7202 = VECTOR('',#7203,1.);
#7203 = DIRECTION('',(0.703837111087,-0.710361401722));
#7204 = ( GEOMETRIC_REPRESENTATION_CONTEXT(2) 
PARAMETRIC_REPRESENTATION_CONTEXT() REPRESENTATION_CONTEXT('2D SPACE',''
  ) );
#7205 = ADVANCED_FACE('',(#7206),#4484,.T.);
#7206 = FACE_BOUND('',#7207,.T.);
#7207 = EDGE_LOOP('',(#7208,#7237,#7257,#7258));
#7208 = ORIENTED_EDGE('',*,*,#7209,.F.);
#7209 = EDGE_CURVE('',#7210,#7212,#7214,.T.);
#7210 = VERTEX_POINT('',#7211);
#7211 = CARTESIAN_POINT('',(3.48734448806,-11.81581234574,-22.49999995)
  );
#7212 = VERTEX_POINT('',#7213);
#7213 = CARTESIAN_POINT('',(5.36514536625,-18.1781728396,5.50000005));
#7214 = SURFACE_CURVE('',#7215,(#7218,#7225),.PCURVE_S1.);
#7215 = B_SPLINE_CURVE_WITH_KNOTS('',1,(#7216,#7217),.UNSPECIFIED.,.F.,
  .F.,(2,2),(0.,1.),.PIECEWISE_BEZIER_KNOTS.);
#7216 = CARTESIAN_POINT('',(3.48734448806,-11.81581234574,-22.49999995)
  );
#7217 = CARTESIAN_POINT('',(5.36514536625,-18.1781728396,5.50000005));
#7218 = PCURVE('',#4484,#7219);
#7219 = DEFINITIONAL_REPRESENTATION('',(#7220),#7224);
#7220 = LINE('',#7221,#7222);
#7221 = CARTESIAN_POINT('',(0.,0.));
#7222 = VECTOR('',#7223,1.);
#7223 = DIRECTION('',(0.,1.));
#7224 = ( GEOMETRIC_REPRESENTATION_CONTEXT(2) 
PARAMETRIC_REPRESENTATION_CONTEXT() REPRESENTATION_CONTEXT('2D SPACE',''
  ) );
#7225 = PCURVE('',#7226,#7231);
#7226 = B_SPLINE_SURFACE_WITH_KNOTS('',1,1,(
    (#7227,#7228)
    ,(#7229,#7230
    )),.UNSPECIFIED.,.F.,.F.,.F.,(2,2),(2,2),(0.,0.954950270002),(0.,1.)
  ,.PIECEWISE_BEZIER_KNOTS.);
#7227 = CARTESIAN_POINT('',(2.88777725446,-11.97646590179,-22.49999995)
  );
#7228 = CARTESIAN_POINT('',(4.44273423763,-18.42533215661,5.50000005));
#7229 = CARTESIAN_POINT('',(3.48734448806,-11.81581234574,-22.49999995)
  );
#7230 = CARTESIAN_POINT('',(5.36514536625,-18.1781728396,5.50000005));
#7231 = DEFINITIONAL_REPRESENTATION('',(#7232),#7236);
#7232 = LINE('',#7233,#7234);
#7233 = CARTESIAN_POINT('',(0.954950270002,0.));
#7234 = VECTOR('',#7235,1.);
#7235 = DIRECTION('',(0.,1.));
#7236 = ( GEOMETRIC_REPRESENTATION_CONTEXT(2) 
PARAMETRIC_REPRESENTATION_CONTEXT() REPRESENTATION_CONTEXT('2D SPACE',''
  ) );
#7237 = ORIENTED_EDGE('',*,*,#7238,.T.);
#7238 = EDGE_CURVE('',#7210,#698,#7239,.T.);
#7239 = SURFACE_CURVE('',#7240,(#7244,#7250),.PCURVE_S1.);
#7240 = LINE('',#7241,#7242);
#7241 = CARTESIAN_POINT('',(3.48734448806,-11.81581234574,-22.49999995)
  );
#7242 = VECTOR('',#7243,1.);
#7243 = DIRECTION('',(5.512888304692E-02,0.998479246782,0.));
#7244 = PCURVE('',#4484,#7245);
#7245 = DEFINITIONAL_REPRESENTATION('',(#7246),#7249);
#7246 = B_SPLINE_CURVE_WITH_KNOTS('',1,(#7247,#7248),.UNSPECIFIED.,.F.,
  .F.,(2,2),(0.,4.261389044455),.PIECEWISE_BEZIER_KNOTS.);
#7247 = CARTESIAN_POINT('',(0.,0.));
#7248 = CARTESIAN_POINT('',(6.351681919032,0.));
#7249 = ( GEOMETRIC_REPRESENTATION_CONTEXT(2) 
PARAMETRIC_REPRESENTATION_CONTEXT() REPRESENTATION_CONTEXT('2D SPACE',''
  ) );
#7250 = PCURVE('',#4634,#7251);
#7251 = DEFINITIONAL_REPRESENTATION('',(#7252),#7256);
#7252 = LINE('',#7253,#7254);
#7253 = CARTESIAN_POINT('',(4.224525385526,-0.559304796336));
#7254 = VECTOR('',#7255,1.);
#7255 = DIRECTION('',(-0.991349379618,0.131249409642));
#7256 = ( GEOMETRIC_REPRESENTATION_CONTEXT(2) 
PARAMETRIC_REPRESENTATION_CONTEXT() REPRESENTATION_CONTEXT('2D SPACE',''
  ) );
#7257 = ORIENTED_EDGE('',*,*,#4424,.T.);
#7258 = ORIENTED_EDGE('',*,*,#7259,.F.);
#7259 = EDGE_CURVE('',#7212,#1977,#7260,.T.);
#7260 = SURFACE_CURVE('',#7261,(#7265,#7272),.PCURVE_S1.);
#7261 = LINE('',#7262,#7263);
#7262 = CARTESIAN_POINT('',(5.36514536625,-18.1781728396,5.50000005));
#7263 = VECTOR('',#7264,1.);
#7264 = DIRECTION('',(6.567861455864E-02,0.997840828785,0.));
#7265 = PCURVE('',#4484,#7266);
#7266 = DEFINITIONAL_REPRESENTATION('',(#7267),#7271);
#7267 = LINE('',#7268,#7269);
#7268 = CARTESIAN_POINT('',(0.,1.));
#7269 = VECTOR('',#7270,1.);
#7270 = DIRECTION('',(1.,0.));
#7271 = ( GEOMETRIC_REPRESENTATION_CONTEXT(2) 
PARAMETRIC_REPRESENTATION_CONTEXT() REPRESENTATION_CONTEXT('2D SPACE',''
  ) );
#7272 = PCURVE('',#5715,#7273);
#7273 = DEFINITIONAL_REPRESENTATION('',(#7274),#7278);
#7274 = LINE('',#7275,#7276);
#7275 = CARTESIAN_POINT('',(6.293923470474,-0.854628895095));
#7276 = VECTOR('',#7277,1.);
#7277 = DIRECTION('',(-0.990906589894,0.134551589011));
#7278 = ( GEOMETRIC_REPRESENTATION_CONTEXT(2) 
PARAMETRIC_REPRESENTATION_CONTEXT() REPRESENTATION_CONTEXT('2D SPACE',''
  ) );
#7279 = ADVANCED_FACE('',(#7280),#4634,.T.);
#7280 = FACE_BOUND('',#7281,.T.);
#7281 = EDGE_LOOP('',(#7282,#7283,#7284,#7306));
#7282 = ORIENTED_EDGE('',*,*,#4619,.T.);
#7283 = ORIENTED_EDGE('',*,*,#7238,.F.);
#7284 = ORIENTED_EDGE('',*,*,#7285,.F.);
#7285 = EDGE_CURVE('',#7286,#7210,#7288,.T.);
#7286 = VERTEX_POINT('',#7287);
#7287 = CARTESIAN_POINT('',(2.88777725446,-11.97646590179,-22.49999995)
  );
#7288 = SURFACE_CURVE('',#7289,(#7293,#7300),.PCURVE_S1.);
#7289 = LINE('',#7290,#7291);
#7290 = CARTESIAN_POINT('',(2.88777725446,-11.97646590179,-22.49999995)
  );
#7291 = VECTOR('',#7292,1.);
#7292 = DIRECTION('',(0.965925826289,0.258819045103,0.));
#7293 = PCURVE('',#4634,#7294);
#7294 = DEFINITIONAL_REPRESENTATION('',(#7295),#7299);
#7295 = LINE('',#7296,#7297);
#7296 = CARTESIAN_POINT('',(4.493725269395,-9.978886989239E-13));
#7297 = VECTOR('',#7298,1.);
#7298 = DIRECTION('',(-0.433691345511,-0.901061494477));
#7299 = ( GEOMETRIC_REPRESENTATION_CONTEXT(2) 
PARAMETRIC_REPRESENTATION_CONTEXT() REPRESENTATION_CONTEXT('2D SPACE',''
  ) );
#7300 = PCURVE('',#7226,#7301);
#7301 = DEFINITIONAL_REPRESENTATION('',(#7302),#7305);
#7302 = B_SPLINE_CURVE_WITH_KNOTS('',1,(#7303,#7304),.UNSPECIFIED.,.F.,
  .F.,(2,2),(0.,0.620717675501),.PIECEWISE_BEZIER_KNOTS.);
#7303 = CARTESIAN_POINT('',(0.,0.));
#7304 = CARTESIAN_POINT('',(0.954950270002,0.));
#7305 = ( GEOMETRIC_REPRESENTATION_CONTEXT(2) 
PARAMETRIC_REPRESENTATION_CONTEXT() REPRESENTATION_CONTEXT('2D SPACE',''
  ) );
#7306 = ORIENTED_EDGE('',*,*,#7307,.F.);
#7307 = EDGE_CURVE('',#618,#7286,#7308,.T.);
#7308 = SURFACE_CURVE('',#7309,(#7313,#7320),.PCURVE_S1.);
#7309 = LINE('',#7310,#7311);
#7310 = CARTESIAN_POINT('',(0.55687143938,-8.409069838921,-22.49999995)
  );
#7311 = VECTOR('',#7312,1.);
#7312 = DIRECTION('',(0.546982636592,-0.837143951341,0.));
#7313 = PCURVE('',#4634,#7314);
#7314 = DEFINITIONAL_REPRESENTATION('',(#7315),#7319);
#7315 = LINE('',#7316,#7317);
#7316 = CARTESIAN_POINT('',(1.421233359305,2.952834240283));
#7317 = VECTOR('',#7318,1.);
#7318 = DIRECTION('',(0.721007135946,-0.692927636853));
#7319 = ( GEOMETRIC_REPRESENTATION_CONTEXT(2) 
PARAMETRIC_REPRESENTATION_CONTEXT() REPRESENTATION_CONTEXT('2D SPACE',''
  ) );
#7320 = PCURVE('',#4800,#7321);
#7321 = DEFINITIONAL_REPRESENTATION('',(#7322),#7325);
#7322 = B_SPLINE_CURVE_WITH_KNOTS('',1,(#7323,#7324),.UNSPECIFIED.,.F.,
  .F.,(2,2),(0.,4.261389044455),.PIECEWISE_BEZIER_KNOTS.);
#7323 = CARTESIAN_POINT('',(0.,0.));
#7324 = CARTESIAN_POINT('',(6.351681919032,0.));
#7325 = ( GEOMETRIC_REPRESENTATION_CONTEXT(2) 
PARAMETRIC_REPRESENTATION_CONTEXT() REPRESENTATION_CONTEXT('2D SPACE',''
  ) );
#7326 = ADVANCED_FACE('',(#7327),#4800,.T.);
#7327 = FACE_BOUND('',#7328,.T.);
#7328 = EDGE_LOOP('',(#7329,#7330,#7331,#7353));
#7329 = ORIENTED_EDGE('',*,*,#4740,.F.);
#7330 = ORIENTED_EDGE('',*,*,#7307,.T.);
#7331 = ORIENTED_EDGE('',*,*,#7332,.T.);
#7332 = EDGE_CURVE('',#7286,#7333,#7335,.T.);
#7333 = VERTEX_POINT('',#7334);
#7334 = CARTESIAN_POINT('',(4.44273423763,-18.42533215661,5.50000005));
#7335 = SURFACE_CURVE('',#7336,(#7339,#7346),.PCURVE_S1.);
#7336 = B_SPLINE_CURVE_WITH_KNOTS('',1,(#7337,#7338),.UNSPECIFIED.,.F.,
  .F.,(2,2),(0.,1.),.PIECEWISE_BEZIER_KNOTS.);
#7337 = CARTESIAN_POINT('',(2.88777725446,-11.97646590179,-22.49999995)
  );
#7338 = CARTESIAN_POINT('',(4.44273423763,-18.42533215661,5.50000005));
#7339 = PCURVE('',#4800,#7340);
#7340 = DEFINITIONAL_REPRESENTATION('',(#7341),#7345);
#7341 = LINE('',#7342,#7343);
#7342 = CARTESIAN_POINT('',(6.351681919032,0.));
#7343 = VECTOR('',#7344,1.);
#7344 = DIRECTION('',(0.,1.));
#7345 = ( GEOMETRIC_REPRESENTATION_CONTEXT(2) 
PARAMETRIC_REPRESENTATION_CONTEXT() REPRESENTATION_CONTEXT('2D SPACE',''
  ) );
#7346 = PCURVE('',#7226,#7347);
#7347 = DEFINITIONAL_REPRESENTATION('',(#7348),#7352);
#7348 = LINE('',#7349,#7350);
#7349 = CARTESIAN_POINT('',(0.,0.));
#7350 = VECTOR('',#7351,1.);
#7351 = DIRECTION('',(0.,1.));
#7352 = ( GEOMETRIC_REPRESENTATION_CONTEXT(2) 
PARAMETRIC_REPRESENTATION_CONTEXT() REPRESENTATION_CONTEXT('2D SPACE',''
  ) );
#7353 = ORIENTED_EDGE('',*,*,#7354,.F.);
#7354 = EDGE_CURVE('',#1902,#7333,#7355,.T.);
#7355 = SURFACE_CURVE('',#7356,(#7360,#7367),.PCURVE_S1.);
#7356 = LINE('',#7357,#7358);
#7357 = CARTESIAN_POINT('',(0.91247093184,-13.145076084,5.50000005));
#7358 = VECTOR('',#7359,1.);
#7359 = DIRECTION('',(0.555799763085,-0.831316199382,0.));
#7360 = PCURVE('',#4800,#7361);
#7361 = DEFINITIONAL_REPRESENTATION('',(#7362),#7366);
#7362 = LINE('',#7363,#7364);
#7363 = CARTESIAN_POINT('',(0.,1.));
#7364 = VECTOR('',#7365,1.);
#7365 = DIRECTION('',(1.,0.));
#7366 = ( GEOMETRIC_REPRESENTATION_CONTEXT(2) 
PARAMETRIC_REPRESENTATION_CONTEXT() REPRESENTATION_CONTEXT('2D SPACE',''
  ) );
#7367 = PCURVE('',#5715,#7368);
#7368 = DEFINITIONAL_REPRESENTATION('',(#7369),#7373);
#7369 = LINE('',#7370,#7371);
#7370 = CARTESIAN_POINT('',(2.249448506657,4.511989671297));
#7371 = VECTOR('',#7372,1.);
#7372 = DIRECTION('',(0.703837111088,-0.710361401722));
#7373 = ( GEOMETRIC_REPRESENTATION_CONTEXT(2) 
PARAMETRIC_REPRESENTATION_CONTEXT() REPRESENTATION_CONTEXT('2D SPACE',''
  ) );
#7374 = ADVANCED_FACE('',(#7375),#4708,.T.);
#7375 = FACE_BOUND('',#7376,.T.);
#7376 = EDGE_LOOP('',(#7377,#7406,#7426,#7427));
#7377 = ORIENTED_EDGE('',*,*,#7378,.F.);
#7378 = EDGE_CURVE('',#7379,#7381,#7383,.T.);
#7379 = VERTEX_POINT('',#7380);
#7380 = CARTESIAN_POINT('',(-2.88777725447,-11.97646590179,-22.49999995)
  );
#7381 = VERTEX_POINT('',#7382);
#7382 = CARTESIAN_POINT('',(-4.44273423764,-18.42533215661,5.50000005));
#7383 = SURFACE_CURVE('',#7384,(#7387,#7394),.PCURVE_S1.);
#7384 = B_SPLINE_CURVE_WITH_KNOTS('',1,(#7385,#7386),.UNSPECIFIED.,.F.,
  .F.,(2,2),(0.,1.),.PIECEWISE_BEZIER_KNOTS.);
#7385 = CARTESIAN_POINT('',(-2.88777725447,-11.97646590179,-22.49999995)
  );
#7386 = CARTESIAN_POINT('',(-4.44273423764,-18.42533215661,5.50000005));
#7387 = PCURVE('',#4708,#7388);
#7388 = DEFINITIONAL_REPRESENTATION('',(#7389),#7393);
#7389 = LINE('',#7390,#7391);
#7390 = CARTESIAN_POINT('',(0.,0.));
#7391 = VECTOR('',#7392,1.);
#7392 = DIRECTION('',(0.,1.));
#7393 = ( GEOMETRIC_REPRESENTATION_CONTEXT(2) 
PARAMETRIC_REPRESENTATION_CONTEXT() REPRESENTATION_CONTEXT('2D SPACE',''
  ) );
#7394 = PCURVE('',#7395,#7400);
#7395 = B_SPLINE_SURFACE_WITH_KNOTS('',1,1,(
    (#7396,#7397)
    ,(#7398,#7399
    )),.UNSPECIFIED.,.F.,.F.,.F.,(2,2),(2,2),(0.,0.954950270002),(0.,1.)
  ,.PIECEWISE_BEZIER_KNOTS.);
#7396 = CARTESIAN_POINT('',(-3.48734448807,-11.81581234574,-22.49999995)
  );
#7397 = CARTESIAN_POINT('',(-5.36514536625,-18.1781728396,5.50000005));
#7398 = CARTESIAN_POINT('',(-2.88777725447,-11.97646590179,-22.49999995)
  );
#7399 = CARTESIAN_POINT('',(-4.44273423764,-18.42533215661,5.50000005));
#7400 = DEFINITIONAL_REPRESENTATION('',(#7401),#7405);
#7401 = LINE('',#7402,#7403);
#7402 = CARTESIAN_POINT('',(0.954950270002,0.));
#7403 = VECTOR('',#7404,1.);
#7404 = DIRECTION('',(0.,1.));
#7405 = ( GEOMETRIC_REPRESENTATION_CONTEXT(2) 
PARAMETRIC_REPRESENTATION_CONTEXT() REPRESENTATION_CONTEXT('2D SPACE',''
  ) );
#7406 = ORIENTED_EDGE('',*,*,#7407,.T.);
#7407 = EDGE_CURVE('',#7379,#595,#7408,.T.);
#7408 = SURFACE_CURVE('',#7409,(#7413,#7419),.PCURVE_S1.);
#7409 = LINE('',#7410,#7411);
#7410 = CARTESIAN_POINT('',(-2.88777725447,-11.97646590179,-22.49999995)
  );
#7411 = VECTOR('',#7412,1.);
#7412 = DIRECTION('',(0.546982636592,0.837143951341,0.));
#7413 = PCURVE('',#4708,#7414);
#7414 = DEFINITIONAL_REPRESENTATION('',(#7415),#7418);
#7415 = B_SPLINE_CURVE_WITH_KNOTS('',1,(#7416,#7417),.UNSPECIFIED.,.F.,
  .F.,(2,2),(0.,4.261389044455),.PIECEWISE_BEZIER_KNOTS.);
#7416 = CARTESIAN_POINT('',(0.,0.));
#7417 = CARTESIAN_POINT('',(6.351681919032,0.));
#7418 = ( GEOMETRIC_REPRESENTATION_CONTEXT(2) 
PARAMETRIC_REPRESENTATION_CONTEXT() REPRESENTATION_CONTEXT('2D SPACE',''
  ) );
#7419 = PCURVE('',#4854,#7420);
#7420 = DEFINITIONAL_REPRESENTATION('',(#7421),#7425);
#7421 = LINE('',#7422,#7423);
#7422 = CARTESIAN_POINT('',(4.224525385527,-0.559304796332));
#7423 = VECTOR('',#7424,1.);
#7424 = DIRECTION('',(-0.991349379618,0.131249409641));
#7425 = ( GEOMETRIC_REPRESENTATION_CONTEXT(2) 
PARAMETRIC_REPRESENTATION_CONTEXT() REPRESENTATION_CONTEXT('2D SPACE',''
  ) );
#7426 = ORIENTED_EDGE('',*,*,#4656,.T.);
#7427 = ORIENTED_EDGE('',*,*,#7428,.F.);
#7428 = EDGE_CURVE('',#7381,#1879,#7429,.T.);
#7429 = SURFACE_CURVE('',#7430,(#7434,#7441),.PCURVE_S1.);
#7430 = LINE('',#7431,#7432);
#7431 = CARTESIAN_POINT('',(-4.44273423764,-18.42533215661,5.50000005));
#7432 = VECTOR('',#7433,1.);
#7433 = DIRECTION('',(0.555799763085,0.831316199382,0.));
#7434 = PCURVE('',#4708,#7435);
#7435 = DEFINITIONAL_REPRESENTATION('',(#7436),#7440);
#7436 = LINE('',#7437,#7438);
#7437 = CARTESIAN_POINT('',(0.,1.));
#7438 = VECTOR('',#7439,1.);
#7439 = DIRECTION('',(1.,0.));
#7440 = ( GEOMETRIC_REPRESENTATION_CONTEXT(2) 
PARAMETRIC_REPRESENTATION_CONTEXT() REPRESENTATION_CONTEXT('2D SPACE',''
  ) );
#7441 = PCURVE('',#5752,#7442);
#7442 = DEFINITIONAL_REPRESENTATION('',(#7443),#7447);
#7443 = LINE('',#7444,#7445);
#7444 = CARTESIAN_POINT('',(6.293923470483,-0.854628895089));
#7445 = VECTOR('',#7446,1.);
#7446 = DIRECTION('',(-0.990906589894,0.134551589011));
#7447 = ( GEOMETRIC_REPRESENTATION_CONTEXT(2) 
PARAMETRIC_REPRESENTATION_CONTEXT() REPRESENTATION_CONTEXT('2D SPACE',''
  ) );
#7448 = ADVANCED_FACE('',(#7449),#4854,.T.);
#7449 = FACE_BOUND('',#7450,.T.);
#7450 = EDGE_LOOP('',(#7451,#7452,#7453,#7475));
#7451 = ORIENTED_EDGE('',*,*,#4839,.T.);
#7452 = ORIENTED_EDGE('',*,*,#7407,.F.);
#7453 = ORIENTED_EDGE('',*,*,#7454,.F.);
#7454 = EDGE_CURVE('',#7455,#7379,#7457,.T.);
#7455 = VERTEX_POINT('',#7456);
#7456 = CARTESIAN_POINT('',(-3.48734448807,-11.81581234574,-22.49999995)
  );
#7457 = SURFACE_CURVE('',#7458,(#7462,#7469),.PCURVE_S1.);
#7458 = LINE('',#7459,#7460);
#7459 = CARTESIAN_POINT('',(-3.48734448807,-11.81581234574,-22.49999995)
  );
#7460 = VECTOR('',#7461,1.);
#7461 = DIRECTION('',(0.965925826289,-0.258819045103,0.));
#7462 = PCURVE('',#4854,#7463);
#7463 = DEFINITIONAL_REPRESENTATION('',(#7464),#7468);
#7464 = LINE('',#7465,#7466);
#7465 = CARTESIAN_POINT('',(4.493725269397,2.416312474948E-12));
#7466 = VECTOR('',#7467,1.);
#7467 = DIRECTION('',(-0.433691345509,-0.901061494478));
#7468 = ( GEOMETRIC_REPRESENTATION_CONTEXT(2) 
PARAMETRIC_REPRESENTATION_CONTEXT() REPRESENTATION_CONTEXT('2D SPACE',''
  ) );
#7469 = PCURVE('',#7395,#7470);
#7470 = DEFINITIONAL_REPRESENTATION('',(#7471),#7474);
#7471 = B_SPLINE_CURVE_WITH_KNOTS('',1,(#7472,#7473),.UNSPECIFIED.,.F.,
  .F.,(2,2),(0.,0.620717675501),.PIECEWISE_BEZIER_KNOTS.);
#7472 = CARTESIAN_POINT('',(0.,0.));
#7473 = CARTESIAN_POINT('',(0.954950270002,0.));
#7474 = ( GEOMETRIC_REPRESENTATION_CONTEXT(2) 
PARAMETRIC_REPRESENTATION_CONTEXT() REPRESENTATION_CONTEXT('2D SPACE',''
  ) );
#7475 = ORIENTED_EDGE('',*,*,#7476,.F.);
#7476 = EDGE_CURVE('',#515,#7455,#7477,.T.);
#7477 = SURFACE_CURVE('',#7478,(#7482,#7489),.PCURVE_S1.);
#7478 = LINE('',#7479,#7480);
#7479 = CARTESIAN_POINT('',(-3.72227010632,-7.560903822395,-22.49999995)
  );
#7480 = VECTOR('',#7481,1.);
#7481 = DIRECTION('',(5.512888304692E-02,-0.998479246782,0.));
#7482 = PCURVE('',#4854,#7483);
#7483 = DEFINITIONAL_REPRESENTATION('',(#7484),#7488);
#7484 = LINE('',#7485,#7486);
#7485 = CARTESIAN_POINT('',(1.421233359305,2.952834240284));
#7486 = VECTOR('',#7487,1.);
#7487 = DIRECTION('',(0.721007135947,-0.692927636853));
#7488 = ( GEOMETRIC_REPRESENTATION_CONTEXT(2) 
PARAMETRIC_REPRESENTATION_CONTEXT() REPRESENTATION_CONTEXT('2D SPACE',''
  ) );
#7489 = PCURVE('',#5012,#7490);
#7490 = DEFINITIONAL_REPRESENTATION('',(#7491),#7494);
#7491 = B_SPLINE_CURVE_WITH_KNOTS('',1,(#7492,#7493),.UNSPECIFIED.,.F.,
  .F.,(2,2),(0.,4.261389044455),.PIECEWISE_BEZIER_KNOTS.);
#7492 = CARTESIAN_POINT('',(0.,0.));
#7493 = CARTESIAN_POINT('',(6.351681919032,0.));
#7494 = ( GEOMETRIC_REPRESENTATION_CONTEXT(2) 
PARAMETRIC_REPRESENTATION_CONTEXT() REPRESENTATION_CONTEXT('2D SPACE',''
  ) );
#7495 = ADVANCED_FACE('',(#7496),#5012,.T.);
#7496 = FACE_BOUND('',#7497,.T.);
#7497 = EDGE_LOOP('',(#7498,#7499,#7500,#7522));
#7498 = ORIENTED_EDGE('',*,*,#4960,.F.);
#7499 = ORIENTED_EDGE('',*,*,#7476,.T.);
#7500 = ORIENTED_EDGE('',*,*,#7501,.T.);
#7501 = EDGE_CURVE('',#7455,#7502,#7504,.T.);
#7502 = VERTEX_POINT('',#7503);
#7503 = CARTESIAN_POINT('',(-5.36514536625,-18.1781728396,5.50000005));
#7504 = SURFACE_CURVE('',#7505,(#7508,#7515),.PCURVE_S1.);
#7505 = B_SPLINE_CURVE_WITH_KNOTS('',1,(#7506,#7507),.UNSPECIFIED.,.F.,
  .F.,(2,2),(0.,1.),.PIECEWISE_BEZIER_KNOTS.);
#7506 = CARTESIAN_POINT('',(-3.48734448807,-11.81581234574,-22.49999995)
  );
#7507 = CARTESIAN_POINT('',(-5.36514536625,-18.1781728396,5.50000005));
#7508 = PCURVE('',#5012,#7509);
#7509 = DEFINITIONAL_REPRESENTATION('',(#7510),#7514);
#7510 = LINE('',#7511,#7512);
#7511 = CARTESIAN_POINT('',(6.351681919032,0.));
#7512 = VECTOR('',#7513,1.);
#7513 = DIRECTION('',(0.,1.));
#7514 = ( GEOMETRIC_REPRESENTATION_CONTEXT(2) 
PARAMETRIC_REPRESENTATION_CONTEXT() REPRESENTATION_CONTEXT('2D SPACE',''
  ) );
#7515 = PCURVE('',#7395,#7516);
#7516 = DEFINITIONAL_REPRESENTATION('',(#7517),#7521);
#7517 = LINE('',#7518,#7519);
#7518 = CARTESIAN_POINT('',(0.,0.));
#7519 = VECTOR('',#7520,1.);
#7520 = DIRECTION('',(0.,1.));
#7521 = ( GEOMETRIC_REPRESENTATION_CONTEXT(2) 
PARAMETRIC_REPRESENTATION_CONTEXT() REPRESENTATION_CONTEXT('2D SPACE',''
  ) );
#7522 = ORIENTED_EDGE('',*,*,#7523,.F.);
#7523 = EDGE_CURVE('',#1804,#7502,#7524,.T.);
#7524 = SURFACE_CURVE('',#7525,(#7529,#7536),.PCURVE_S1.);
#7525 = LINE('',#7526,#7527);
#7526 = CARTESIAN_POINT('',(-5.78231503481,-11.84020528934,5.50000005));
#7527 = VECTOR('',#7528,1.);
#7528 = DIRECTION('',(6.567861455864E-02,-0.997840828785,0.));
#7529 = PCURVE('',#5012,#7530);
#7530 = DEFINITIONAL_REPRESENTATION('',(#7531),#7535);
#7531 = LINE('',#7532,#7533);
#7532 = CARTESIAN_POINT('',(0.,1.));
#7533 = VECTOR('',#7534,1.);
#7534 = DIRECTION('',(1.,0.));
#7535 = ( GEOMETRIC_REPRESENTATION_CONTEXT(2) 
PARAMETRIC_REPRESENTATION_CONTEXT() REPRESENTATION_CONTEXT('2D SPACE',''
  ) );
#7536 = PCURVE('',#5752,#7537);
#7537 = DEFINITIONAL_REPRESENTATION('',(#7538),#7542);
#7538 = LINE('',#7539,#7540);
#7539 = CARTESIAN_POINT('',(2.24944850665,4.5119896713));
#7540 = VECTOR('',#7541,1.);
#7541 = DIRECTION('',(0.703837111087,-0.710361401722));
#7542 = ( GEOMETRIC_REPRESENTATION_CONTEXT(2) 
PARAMETRIC_REPRESENTATION_CONTEXT() REPRESENTATION_CONTEXT('2D SPACE',''
  ) );
#7543 = ADVANCED_FACE('',(#7544),#4928,.T.);
#7544 = FACE_BOUND('',#7545,.T.);
#7545 = EDGE_LOOP('',(#7546,#7575,#7595,#7596));
#7546 = ORIENTED_EDGE('',*,*,#7547,.F.);
#7547 = EDGE_CURVE('',#7548,#7550,#7552,.T.);
#7548 = VERTEX_POINT('',#7549);
#7549 = CARTESIAN_POINT('',(-8.48912141374,-8.928035091285,-22.49999995)
  );
#7550 = VERTEX_POINT('',#7551);
#7551 = CARTESIAN_POINT('',(-13.06018679036,-13.73543860197,5.50000005)
  );
#7552 = SURFACE_CURVE('',#7553,(#7556,#7563),.PCURVE_S1.);
#7553 = B_SPLINE_CURVE_WITH_KNOTS('',1,(#7554,#7555),.UNSPECIFIED.,.F.,
  .F.,(2,2),(0.,1.),.PIECEWISE_BEZIER_KNOTS.);
#7554 = CARTESIAN_POINT('',(-8.48912141374,-8.928035091285,-22.49999995)
  );
#7555 = CARTESIAN_POINT('',(-13.06018679036,-13.73543860197,5.50000005)
  );
#7556 = PCURVE('',#4928,#7557);
#7557 = DEFINITIONAL_REPRESENTATION('',(#7558),#7562);
#7558 = LINE('',#7559,#7560);
#7559 = CARTESIAN_POINT('',(0.,0.));
#7560 = VECTOR('',#7561,1.);
#7561 = DIRECTION('',(0.,1.));
#7562 = ( GEOMETRIC_REPRESENTATION_CONTEXT(2) 
PARAMETRIC_REPRESENTATION_CONTEXT() REPRESENTATION_CONTEXT('2D SPACE',''
  ) );
#7563 = PCURVE('',#7564,#7569);
#7564 = B_SPLINE_SURFACE_WITH_KNOTS('',1,1,(
    (#7565,#7566)
    ,(#7567,#7568
    )),.UNSPECIFIED.,.F.,.F.,.F.,(2,2),(2,2),(0.,0.954950270002),(0.,1.)
  ,.PIECEWISE_BEZIER_KNOTS.);
#7565 = CARTESIAN_POINT('',(-8.92803509129,-8.489121413735,-22.49999995)
  );
#7566 = CARTESIAN_POINT('',(-13.73543860198,-13.06018679035,5.50000005)
  );
#7567 = CARTESIAN_POINT('',(-8.48912141374,-8.928035091285,-22.49999995)
  );
#7568 = CARTESIAN_POINT('',(-13.06018679036,-13.73543860197,5.50000005)
  );
#7569 = DEFINITIONAL_REPRESENTATION('',(#7570),#7574);
#7570 = LINE('',#7571,#7572);
#7571 = CARTESIAN_POINT('',(0.954950270002,0.));
#7572 = VECTOR('',#7573,1.);
#7573 = DIRECTION('',(0.,1.));
#7574 = ( GEOMETRIC_REPRESENTATION_CONTEXT(2) 
PARAMETRIC_REPRESENTATION_CONTEXT() REPRESENTATION_CONTEXT('2D SPACE',''
  ) );
#7575 = ORIENTED_EDGE('',*,*,#7576,.T.);
#7576 = EDGE_CURVE('',#7548,#492,#7577,.T.);
#7577 = SURFACE_CURVE('',#7578,(#7582,#7588),.PCURVE_S1.);
#7578 = LINE('',#7579,#7580);
#7579 = CARTESIAN_POINT('',(-8.48912141374,-8.928035091285,-22.49999995)
  );
#7580 = VECTOR('',#7581,1.);
#7581 = DIRECTION('',(0.892272834388,0.45149661019,0.));
#7582 = PCURVE('',#4928,#7583);
#7583 = DEFINITIONAL_REPRESENTATION('',(#7584),#7587);
#7584 = B_SPLINE_CURVE_WITH_KNOTS('',1,(#7585,#7586),.UNSPECIFIED.,.F.,
  .F.,(2,2),(0.,4.261389044455),.PIECEWISE_BEZIER_KNOTS.);
#7585 = CARTESIAN_POINT('',(0.,0.));
#7586 = CARTESIAN_POINT('',(6.351681919032,0.));
#7587 = ( GEOMETRIC_REPRESENTATION_CONTEXT(2) 
PARAMETRIC_REPRESENTATION_CONTEXT() REPRESENTATION_CONTEXT('2D SPACE',''
  ) );
#7588 = PCURVE('',#5062,#7589);
#7589 = DEFINITIONAL_REPRESENTATION('',(#7590),#7594);
#7590 = LINE('',#7591,#7592);
#7591 = CARTESIAN_POINT('',(4.224525385535,-0.559304796336));
#7592 = VECTOR('',#7593,1.);
#7593 = DIRECTION('',(-0.991349379618,0.131249409641));
#7594 = ( GEOMETRIC_REPRESENTATION_CONTEXT(2) 
PARAMETRIC_REPRESENTATION_CONTEXT() REPRESENTATION_CONTEXT('2D SPACE',''
  ) );
#7595 = ORIENTED_EDGE('',*,*,#4876,.T.);
#7596 = ORIENTED_EDGE('',*,*,#7597,.F.);
#7597 = EDGE_CURVE('',#7550,#1781,#7598,.T.);
#7598 = SURFACE_CURVE('',#7599,(#7603,#7610),.PCURVE_S1.);
#7599 = LINE('',#7600,#7601);
#7600 = CARTESIAN_POINT('',(-13.06018679036,-13.73543860197,5.50000005)
  );
#7601 = VECTOR('',#7602,1.);
#7602 = DIRECTION('',(0.89699481394,0.442041065699,0.));
#7603 = PCURVE('',#4928,#7604);
#7604 = DEFINITIONAL_REPRESENTATION('',(#7605),#7609);
#7605 = LINE('',#7606,#7607);
#7606 = CARTESIAN_POINT('',(0.,1.));
#7607 = VECTOR('',#7608,1.);
#7608 = DIRECTION('',(1.,0.));
#7609 = ( GEOMETRIC_REPRESENTATION_CONTEXT(2) 
PARAMETRIC_REPRESENTATION_CONTEXT() REPRESENTATION_CONTEXT('2D SPACE',''
  ) );
#7610 = PCURVE('',#5789,#7611);
#7611 = DEFINITIONAL_REPRESENTATION('',(#7612),#7616);
#7612 = LINE('',#7613,#7614);
#7613 = CARTESIAN_POINT('',(6.293923470478,-0.854628895095));
#7614 = VECTOR('',#7615,1.);
#7615 = DIRECTION('',(-0.990906589894,0.134551589011));
#7616 = ( GEOMETRIC_REPRESENTATION_CONTEXT(2) 
PARAMETRIC_REPRESENTATION_CONTEXT() REPRESENTATION_CONTEXT('2D SPACE',''
  ) );
#7617 = ADVANCED_FACE('',(#7618),#5062,.T.);
#7618 = FACE_BOUND('',#7619,.T.);
#7619 = EDGE_LOOP('',(#7620,#7621,#7622,#7644));
#7620 = ORIENTED_EDGE('',*,*,#5047,.T.);
#7621 = ORIENTED_EDGE('',*,*,#7576,.F.);
#7622 = ORIENTED_EDGE('',*,*,#7623,.F.);
#7623 = EDGE_CURVE('',#7624,#7548,#7626,.T.);
#7624 = VERTEX_POINT('',#7625);
#7625 = CARTESIAN_POINT('',(-8.92803509129,-8.489121413735,-22.49999995)
  );
#7626 = SURFACE_CURVE('',#7627,(#7631,#7638),.PCURVE_S1.);
#7627 = LINE('',#7628,#7629);
#7628 = CARTESIAN_POINT('',(-8.92803509129,-8.489121413735,-22.49999995)
  );
#7629 = VECTOR('',#7630,1.);
#7630 = DIRECTION('',(0.707106781187,-0.707106781187,0.));
#7631 = PCURVE('',#5062,#7632);
#7632 = DEFINITIONAL_REPRESENTATION('',(#7633),#7637);
#7633 = LINE('',#7634,#7635);
#7634 = CARTESIAN_POINT('',(4.493725269405,3.651317127798E-13));
#7635 = VECTOR('',#7636,1.);
#7636 = DIRECTION('',(-0.43369134551,-0.901061494477));
#7637 = ( GEOMETRIC_REPRESENTATION_CONTEXT(2) 
PARAMETRIC_REPRESENTATION_CONTEXT() REPRESENTATION_CONTEXT('2D SPACE',''
  ) );
#7638 = PCURVE('',#7564,#7639);
#7639 = DEFINITIONAL_REPRESENTATION('',(#7640),#7643);
#7640 = B_SPLINE_CURVE_WITH_KNOTS('',1,(#7641,#7642),.UNSPECIFIED.,.F.,
  .F.,(2,2),(0.,0.620717675501),.PIECEWISE_BEZIER_KNOTS.);
#7641 = CARTESIAN_POINT('',(0.,0.));
#7642 = CARTESIAN_POINT('',(0.954950270002,0.));
#7643 = ( GEOMETRIC_REPRESENTATION_CONTEXT(2) 
PARAMETRIC_REPRESENTATION_CONTEXT() REPRESENTATION_CONTEXT('2D SPACE',''
  ) );
#7644 = ORIENTED_EDGE('',*,*,#7645,.F.);
#7645 = EDGE_CURVE('',#412,#7624,#7646,.T.);
#7646 = SURFACE_CURVE('',#7647,(#7651,#7658),.PCURVE_S1.);
#7647 = LINE('',#7648,#7649);
#7648 = CARTESIAN_POINT('',(-7.00403238301,-4.686799732609,-22.49999995)
  );
#7649 = VECTOR('',#7650,1.);
#7650 = DIRECTION('',(-0.45149661019,-0.892272834388,0.));
#7651 = PCURVE('',#5062,#7652);
#7652 = DEFINITIONAL_REPRESENTATION('',(#7653),#7657);
#7653 = LINE('',#7654,#7655);
#7654 = CARTESIAN_POINT('',(1.421233359302,2.952834240282));
#7655 = VECTOR('',#7656,1.);
#7656 = DIRECTION('',(0.721007135946,-0.692927636853));
#7657 = ( GEOMETRIC_REPRESENTATION_CONTEXT(2) 
PARAMETRIC_REPRESENTATION_CONTEXT() REPRESENTATION_CONTEXT('2D SPACE',''
  ) );
#7658 = PCURVE('',#5220,#7659);
#7659 = DEFINITIONAL_REPRESENTATION('',(#7660),#7663);
#7660 = B_SPLINE_CURVE_WITH_KNOTS('',1,(#7661,#7662),.UNSPECIFIED.,.F.,
  .F.,(2,2),(0.,4.261389044455),.PIECEWISE_BEZIER_KNOTS.);
#7661 = CARTESIAN_POINT('',(0.,0.));
#7662 = CARTESIAN_POINT('',(6.351681919032,0.));
#7663 = ( GEOMETRIC_REPRESENTATION_CONTEXT(2) 
PARAMETRIC_REPRESENTATION_CONTEXT() REPRESENTATION_CONTEXT('2D SPACE',''
  ) );
#7664 = ADVANCED_FACE('',(#7665),#5220,.T.);
#7665 = FACE_BOUND('',#7666,.T.);
#7666 = EDGE_LOOP('',(#7667,#7668,#7669,#7691));
#7667 = ORIENTED_EDGE('',*,*,#5168,.F.);
#7668 = ORIENTED_EDGE('',*,*,#7645,.T.);
#7669 = ORIENTED_EDGE('',*,*,#7670,.T.);
#7670 = EDGE_CURVE('',#7624,#7671,#7673,.T.);
#7671 = VERTEX_POINT('',#7672);
#7672 = CARTESIAN_POINT('',(-13.73543860198,-13.06018679035,5.50000005)
  );
#7673 = SURFACE_CURVE('',#7674,(#7677,#7684),.PCURVE_S1.);
#7674 = B_SPLINE_CURVE_WITH_KNOTS('',1,(#7675,#7676),.UNSPECIFIED.,.F.,
  .F.,(2,2),(0.,1.),.PIECEWISE_BEZIER_KNOTS.);
#7675 = CARTESIAN_POINT('',(-8.92803509129,-8.489121413735,-22.49999995)
  );
#7676 = CARTESIAN_POINT('',(-13.73543860198,-13.06018679035,5.50000005)
  );
#7677 = PCURVE('',#5220,#7678);
#7678 = DEFINITIONAL_REPRESENTATION('',(#7679),#7683);
#7679 = LINE('',#7680,#7681);
#7680 = CARTESIAN_POINT('',(6.351681919032,0.));
#7681 = VECTOR('',#7682,1.);
#7682 = DIRECTION('',(0.,1.));
#7683 = ( GEOMETRIC_REPRESENTATION_CONTEXT(2) 
PARAMETRIC_REPRESENTATION_CONTEXT() REPRESENTATION_CONTEXT('2D SPACE',''
  ) );
#7684 = PCURVE('',#7564,#7685);
#7685 = DEFINITIONAL_REPRESENTATION('',(#7686),#7690);
#7686 = LINE('',#7687,#7688);
#7687 = CARTESIAN_POINT('',(0.,0.));
#7688 = VECTOR('',#7689,1.);
#7689 = DIRECTION('',(0.,1.));
#7690 = ( GEOMETRIC_REPRESENTATION_CONTEXT(2) 
PARAMETRIC_REPRESENTATION_CONTEXT() REPRESENTATION_CONTEXT('2D SPACE',''
  ) );
#7691 = ORIENTED_EDGE('',*,*,#7692,.F.);
#7692 = EDGE_CURVE('',#1706,#7671,#7693,.T.);
#7693 = SURFACE_CURVE('',#7694,(#7698,#7705),.PCURVE_S1.);
#7694 = LINE('',#7695,#7696);
#7695 = CARTESIAN_POINT('',(-10.92773435751,-7.362761049192,5.50000005)
  );
#7696 = VECTOR('',#7697,1.);
#7697 = DIRECTION('',(-0.442041065699,-0.89699481394,0.));
#7698 = PCURVE('',#5220,#7699);
#7699 = DEFINITIONAL_REPRESENTATION('',(#7700),#7704);
#7700 = LINE('',#7701,#7702);
#7701 = CARTESIAN_POINT('',(0.,1.));
#7702 = VECTOR('',#7703,1.);
#7703 = DIRECTION('',(1.,0.));
#7704 = ( GEOMETRIC_REPRESENTATION_CONTEXT(2) 
PARAMETRIC_REPRESENTATION_CONTEXT() REPRESENTATION_CONTEXT('2D SPACE',''
  ) );
#7705 = PCURVE('',#5789,#7706);
#7706 = DEFINITIONAL_REPRESENTATION('',(#7707),#7711);
#7707 = LINE('',#7708,#7709);
#7708 = CARTESIAN_POINT('',(2.249448506661,4.511989671296));
#7709 = VECTOR('',#7710,1.);
#7710 = DIRECTION('',(0.703837111087,-0.710361401722));
#7711 = ( GEOMETRIC_REPRESENTATION_CONTEXT(2) 
PARAMETRIC_REPRESENTATION_CONTEXT() REPRESENTATION_CONTEXT('2D SPACE',''
  ) );
#7712 = ADVANCED_FACE('',(#7713),#5136,.T.);
#7713 = FACE_BOUND('',#7714,.T.);
#7714 = EDGE_LOOP('',(#7715,#7716,#7717,#7718));
#7715 = ORIENTED_EDGE('',*,*,#5994,.T.);
#7716 = ORIENTED_EDGE('',*,*,#5084,.T.);
#7717 = ORIENTED_EDGE('',*,*,#5898,.F.);
#7718 = ORIENTED_EDGE('',*,*,#5968,.F.);
#7719 = ADVANCED_FACE('',(#7720),#5455,.F.);
#7720 = FACE_BOUND('',#7721,.F.);
#7721 = EDGE_LOOP('',(#7722,#7723,#7724,#7745));
#7722 = ORIENTED_EDGE('',*,*,#5440,.T.);
#7723 = ORIENTED_EDGE('',*,*,#6076,.F.);
#7724 = ORIENTED_EDGE('',*,*,#7725,.F.);
#7725 = EDGE_CURVE('',#6150,#6029,#7726,.T.);
#7726 = SURFACE_CURVE('',#7727,(#7731,#7738),.PCURVE_S1.);
#7727 = LINE('',#7728,#7729);
#7728 = CARTESIAN_POINT('',(-13.06018679036,13.735438601971,5.50000005)
  );
#7729 = VECTOR('',#7730,1.);
#7730 = DIRECTION('',(-0.707106781187,-0.707106781187,0.));
#7731 = PCURVE('',#5455,#7732);
#7732 = DEFINITIONAL_REPRESENTATION('',(#7733),#7737);
#7733 = LINE('',#7734,#7735);
#7734 = CARTESIAN_POINT('',(6.719997959085,4.846703226583E-12));
#7735 = VECTOR('',#7736,1.);
#7736 = DIRECTION('',(-0.446174530753,-0.894945969379));
#7737 = ( GEOMETRIC_REPRESENTATION_CONTEXT(2) 
PARAMETRIC_REPRESENTATION_CONTEXT() REPRESENTATION_CONTEXT('2D SPACE',''
  ) );
#7738 = PCURVE('',#6043,#7739);
#7739 = DEFINITIONAL_REPRESENTATION('',(#7740),#7744);
#7740 = LINE('',#7741,#7742);
#7741 = CARTESIAN_POINT('',(0.,1.));
#7742 = VECTOR('',#7743,1.);
#7743 = DIRECTION('',(1.,0.));
#7744 = ( GEOMETRIC_REPRESENTATION_CONTEXT(2) 
PARAMETRIC_REPRESENTATION_CONTEXT() REPRESENTATION_CONTEXT('2D SPACE',''
  ) );
#7745 = ORIENTED_EDGE('',*,*,#6171,.F.);
#7746 = ADVANCED_FACE('',(#7747),#5492,.F.);
#7747 = FACE_BOUND('',#7748,.F.);
#7748 = EDGE_LOOP('',(#7749,#7750,#7751,#7772));
#7749 = ORIENTED_EDGE('',*,*,#5477,.T.);
#7750 = ORIENTED_EDGE('',*,*,#6218,.F.);
#7751 = ORIENTED_EDGE('',*,*,#7752,.F.);
#7752 = EDGE_CURVE('',#6319,#6219,#7753,.T.);
#7753 = SURFACE_CURVE('',#7754,(#7758,#7765),.PCURVE_S1.);
#7754 = LINE('',#7755,#7756);
#7755 = CARTESIAN_POINT('',(-4.44273423764,18.425332156608,5.50000005));
#7756 = VECTOR('',#7757,1.);
#7757 = DIRECTION('',(-0.965925826289,-0.258819045103,0.));
#7758 = PCURVE('',#5492,#7759);
#7759 = DEFINITIONAL_REPRESENTATION('',(#7760),#7764);
#7760 = LINE('',#7761,#7762);
#7761 = CARTESIAN_POINT('',(6.719997959087,-6.575963864554E-12));
#7762 = VECTOR('',#7763,1.);
#7763 = DIRECTION('',(-0.446174530754,-0.894945969378));
#7764 = ( GEOMETRIC_REPRESENTATION_CONTEXT(2) 
PARAMETRIC_REPRESENTATION_CONTEXT() REPRESENTATION_CONTEXT('2D SPACE',''
  ) );
#7765 = PCURVE('',#6254,#7766);
#7766 = DEFINITIONAL_REPRESENTATION('',(#7767),#7771);
#7767 = LINE('',#7768,#7769);
#7768 = CARTESIAN_POINT('',(0.,1.));
#7769 = VECTOR('',#7770,1.);
#7770 = DIRECTION('',(1.,0.));
#7771 = ( GEOMETRIC_REPRESENTATION_CONTEXT(2) 
PARAMETRIC_REPRESENTATION_CONTEXT() REPRESENTATION_CONTEXT('2D SPACE',''
  ) );
#7772 = ORIENTED_EDGE('',*,*,#6340,.F.);
#7773 = ADVANCED_FACE('',(#7774),#5529,.F.);
#7774 = FACE_BOUND('',#7775,.F.);
#7775 = EDGE_LOOP('',(#7776,#7777,#7778,#7799));
#7776 = ORIENTED_EDGE('',*,*,#5514,.T.);
#7777 = ORIENTED_EDGE('',*,*,#6414,.F.);
#7778 = ORIENTED_EDGE('',*,*,#7779,.F.);
#7779 = EDGE_CURVE('',#6488,#6367,#7780,.T.);
#7780 = SURFACE_CURVE('',#7781,(#7785,#7792),.PCURVE_S1.);
#7781 = LINE('',#7782,#7783);
#7782 = CARTESIAN_POINT('',(5.36514536625,18.178172839606,5.50000005));
#7783 = VECTOR('',#7784,1.);
#7784 = DIRECTION('',(-0.965925826289,0.258819045103,0.));
#7785 = PCURVE('',#5529,#7786);
#7786 = DEFINITIONAL_REPRESENTATION('',(#7787),#7791);
#7787 = LINE('',#7788,#7789);
#7788 = CARTESIAN_POINT('',(6.719997959089,8.137865976681E-13));
#7789 = VECTOR('',#7790,1.);
#7790 = DIRECTION('',(-0.446174530753,-0.894945969379));
#7791 = ( GEOMETRIC_REPRESENTATION_CONTEXT(2) 
PARAMETRIC_REPRESENTATION_CONTEXT() REPRESENTATION_CONTEXT('2D SPACE',''
  ) );
#7792 = PCURVE('',#6381,#7793);
#7793 = DEFINITIONAL_REPRESENTATION('',(#7794),#7798);
#7794 = LINE('',#7795,#7796);
#7795 = CARTESIAN_POINT('',(0.,1.));
#7796 = VECTOR('',#7797,1.);
#7797 = DIRECTION('',(1.,0.));
#7798 = ( GEOMETRIC_REPRESENTATION_CONTEXT(2) 
PARAMETRIC_REPRESENTATION_CONTEXT() REPRESENTATION_CONTEXT('2D SPACE',''
  ) );
#7799 = ORIENTED_EDGE('',*,*,#6509,.F.);
#7800 = ADVANCED_FACE('',(#7801),#5566,.F.);
#7801 = FACE_BOUND('',#7802,.F.);
#7802 = EDGE_LOOP('',(#7803,#7804,#7805,#7826));
#7803 = ORIENTED_EDGE('',*,*,#5551,.T.);
#7804 = ORIENTED_EDGE('',*,*,#6583,.F.);
#7805 = ORIENTED_EDGE('',*,*,#7806,.F.);
#7806 = EDGE_CURVE('',#6657,#6536,#7807,.T.);
#7807 = SURFACE_CURVE('',#7808,(#7812,#7819),.PCURVE_S1.);
#7808 = LINE('',#7809,#7810);
#7809 = CARTESIAN_POINT('',(13.73543860197,13.060186790357,5.50000005));
#7810 = VECTOR('',#7811,1.);
#7811 = DIRECTION('',(-0.707106781187,0.707106781187,0.));
#7812 = PCURVE('',#5566,#7813);
#7813 = DEFINITIONAL_REPRESENTATION('',(#7814),#7818);
#7814 = LINE('',#7815,#7816);
#7815 = CARTESIAN_POINT('',(6.719997959085,-2.744622133399E-12));
#7816 = VECTOR('',#7817,1.);
#7817 = DIRECTION('',(-0.446174530753,-0.894945969379));
#7818 = ( GEOMETRIC_REPRESENTATION_CONTEXT(2) 
PARAMETRIC_REPRESENTATION_CONTEXT() REPRESENTATION_CONTEXT('2D SPACE',''
  ) );
#7819 = PCURVE('',#6550,#7820);
#7820 = DEFINITIONAL_REPRESENTATION('',(#7821),#7825);
#7821 = LINE('',#7822,#7823);
#7822 = CARTESIAN_POINT('',(0.,1.));
#7823 = VECTOR('',#7824,1.);
#7824 = DIRECTION('',(1.,0.));
#7825 = ( GEOMETRIC_REPRESENTATION_CONTEXT(2) 
PARAMETRIC_REPRESENTATION_CONTEXT() REPRESENTATION_CONTEXT('2D SPACE',''
  ) );
#7826 = ORIENTED_EDGE('',*,*,#6678,.F.);
#7827 = ADVANCED_FACE('',(#7828),#5603,.F.);
#7828 = FACE_BOUND('',#7829,.F.);
#7829 = EDGE_LOOP('',(#7830,#7831,#7832,#7853));
#7830 = ORIENTED_EDGE('',*,*,#5588,.T.);
#7831 = ORIENTED_EDGE('',*,*,#6752,.F.);
#7832 = ORIENTED_EDGE('',*,*,#7833,.F.);
#7833 = EDGE_CURVE('',#6826,#6705,#7834,.T.);
#7834 = SURFACE_CURVE('',#7835,(#7839,#7846),.PCURVE_S1.);
#7835 = LINE('',#7836,#7837);
#7836 = CARTESIAN_POINT('',(18.42533215661,4.442734237632,5.50000005));
#7837 = VECTOR('',#7838,1.);
#7838 = DIRECTION('',(-0.258819045103,0.965925826289,0.));
#7839 = PCURVE('',#5603,#7840);
#7840 = DEFINITIONAL_REPRESENTATION('',(#7841),#7845);
#7841 = LINE('',#7842,#7843);
#7842 = CARTESIAN_POINT('',(6.719997959092,-1.494757921895E-12));
#7843 = VECTOR('',#7844,1.);
#7844 = DIRECTION('',(-0.446174530754,-0.894945969378));
#7845 = ( GEOMETRIC_REPRESENTATION_CONTEXT(2) 
PARAMETRIC_REPRESENTATION_CONTEXT() REPRESENTATION_CONTEXT('2D SPACE',''
  ) );
#7846 = PCURVE('',#6719,#7847);
#7847 = DEFINITIONAL_REPRESENTATION('',(#7848),#7852);
#7848 = LINE('',#7849,#7850);
#7849 = CARTESIAN_POINT('',(0.,1.));
#7850 = VECTOR('',#7851,1.);
#7851 = DIRECTION('',(1.,0.));
#7852 = ( GEOMETRIC_REPRESENTATION_CONTEXT(2) 
PARAMETRIC_REPRESENTATION_CONTEXT() REPRESENTATION_CONTEXT('2D SPACE',''
  ) );
#7853 = ORIENTED_EDGE('',*,*,#6847,.F.);
#7854 = ADVANCED_FACE('',(#7855),#5641,.F.);
#7855 = FACE_BOUND('',#7856,.F.);
#7856 = EDGE_LOOP('',(#7857,#7858,#7859,#7880));
#7857 = ORIENTED_EDGE('',*,*,#5626,.T.);
#7858 = ORIENTED_EDGE('',*,*,#6921,.F.);
#7859 = ORIENTED_EDGE('',*,*,#7860,.F.);
#7860 = EDGE_CURVE('',#6995,#6874,#7861,.T.);
#7861 = SURFACE_CURVE('',#7862,(#7866,#7873),.PCURVE_S1.);
#7862 = LINE('',#7863,#7864);
#7863 = CARTESIAN_POINT('',(18.1781728396,-5.365145366253,5.50000005));
#7864 = VECTOR('',#7865,1.);
#7865 = DIRECTION('',(0.258819045103,0.965925826289,0.));
#7866 = PCURVE('',#5641,#7867);
#7867 = DEFINITIONAL_REPRESENTATION('',(#7868),#7872);
#7868 = LINE('',#7869,#7870);
#7869 = CARTESIAN_POINT('',(6.719997959082,5.366771948174E-12));
#7870 = VECTOR('',#7871,1.);
#7871 = DIRECTION('',(-0.446174530753,-0.894945969379));
#7872 = ( GEOMETRIC_REPRESENTATION_CONTEXT(2) 
PARAMETRIC_REPRESENTATION_CONTEXT() REPRESENTATION_CONTEXT('2D SPACE',''
  ) );
#7873 = PCURVE('',#6888,#7874);
#7874 = DEFINITIONAL_REPRESENTATION('',(#7875),#7879);
#7875 = LINE('',#7876,#7877);
#7876 = CARTESIAN_POINT('',(0.,1.));
#7877 = VECTOR('',#7878,1.);
#7878 = DIRECTION('',(1.,0.));
#7879 = ( GEOMETRIC_REPRESENTATION_CONTEXT(2) 
PARAMETRIC_REPRESENTATION_CONTEXT() REPRESENTATION_CONTEXT('2D SPACE',''
  ) );
#7880 = ORIENTED_EDGE('',*,*,#7016,.F.);
#7881 = ADVANCED_FACE('',(#7882),#5678,.F.);
#7882 = FACE_BOUND('',#7883,.F.);
#7883 = EDGE_LOOP('',(#7884,#7885,#7886,#7907));
#7884 = ORIENTED_EDGE('',*,*,#5663,.T.);
#7885 = ORIENTED_EDGE('',*,*,#7090,.F.);
#7886 = ORIENTED_EDGE('',*,*,#7887,.F.);
#7887 = EDGE_CURVE('',#7164,#7043,#7888,.T.);
#7888 = SURFACE_CURVE('',#7889,(#7893,#7900),.PCURVE_S1.);
#7889 = LINE('',#7890,#7891);
#7890 = CARTESIAN_POINT('',(13.06018679036,-13.73543860197,5.50000005));
#7891 = VECTOR('',#7892,1.);
#7892 = DIRECTION('',(0.707106781187,0.707106781187,0.));
#7893 = PCURVE('',#5678,#7894);
#7894 = DEFINITIONAL_REPRESENTATION('',(#7895),#7899);
#7895 = LINE('',#7896,#7897);
#7896 = CARTESIAN_POINT('',(6.719997959086,-5.589421097565E-12));
#7897 = VECTOR('',#7898,1.);
#7898 = DIRECTION('',(-0.446174530753,-0.894945969379));
#7899 = ( GEOMETRIC_REPRESENTATION_CONTEXT(2) 
PARAMETRIC_REPRESENTATION_CONTEXT() REPRESENTATION_CONTEXT('2D SPACE',''
  ) );
#7900 = PCURVE('',#7057,#7901);
#7901 = DEFINITIONAL_REPRESENTATION('',(#7902),#7906);
#7902 = LINE('',#7903,#7904);
#7903 = CARTESIAN_POINT('',(0.,1.));
#7904 = VECTOR('',#7905,1.);
#7905 = DIRECTION('',(1.,0.));
#7906 = ( GEOMETRIC_REPRESENTATION_CONTEXT(2) 
PARAMETRIC_REPRESENTATION_CONTEXT() REPRESENTATION_CONTEXT('2D SPACE',''
  ) );
#7907 = ORIENTED_EDGE('',*,*,#7185,.F.);
#7908 = ADVANCED_FACE('',(#7909),#5715,.F.);
#7909 = FACE_BOUND('',#7910,.F.);
#7910 = EDGE_LOOP('',(#7911,#7912,#7913,#7934));
#7911 = ORIENTED_EDGE('',*,*,#5700,.T.);
#7912 = ORIENTED_EDGE('',*,*,#7259,.F.);
#7913 = ORIENTED_EDGE('',*,*,#7914,.F.);
#7914 = EDGE_CURVE('',#7333,#7212,#7915,.T.);
#7915 = SURFACE_CURVE('',#7916,(#7920,#7927),.PCURVE_S1.);
#7916 = LINE('',#7917,#7918);
#7917 = CARTESIAN_POINT('',(4.44273423763,-18.42533215661,5.50000005));
#7918 = VECTOR('',#7919,1.);
#7919 = DIRECTION('',(0.965925826289,0.258819045103,0.));
#7920 = PCURVE('',#5715,#7921);
#7921 = DEFINITIONAL_REPRESENTATION('',(#7922),#7926);
#7922 = LINE('',#7923,#7924);
#7923 = CARTESIAN_POINT('',(6.719997959093,2.423362621759E-12));
#7924 = VECTOR('',#7925,1.);
#7925 = DIRECTION('',(-0.446174530754,-0.894945969378));
#7926 = ( GEOMETRIC_REPRESENTATION_CONTEXT(2) 
PARAMETRIC_REPRESENTATION_CONTEXT() REPRESENTATION_CONTEXT('2D SPACE',''
  ) );
#7927 = PCURVE('',#7226,#7928);
#7928 = DEFINITIONAL_REPRESENTATION('',(#7929),#7933);
#7929 = LINE('',#7930,#7931);
#7930 = CARTESIAN_POINT('',(0.,1.));
#7931 = VECTOR('',#7932,1.);
#7932 = DIRECTION('',(1.,0.));
#7933 = ( GEOMETRIC_REPRESENTATION_CONTEXT(2) 
PARAMETRIC_REPRESENTATION_CONTEXT() REPRESENTATION_CONTEXT('2D SPACE',''
  ) );
#7934 = ORIENTED_EDGE('',*,*,#7354,.F.);
#7935 = ADVANCED_FACE('',(#7936),#5752,.F.);
#7936 = FACE_BOUND('',#7937,.F.);
#7937 = EDGE_LOOP('',(#7938,#7939,#7940,#7961));
#7938 = ORIENTED_EDGE('',*,*,#5737,.T.);
#7939 = ORIENTED_EDGE('',*,*,#7428,.F.);
#7940 = ORIENTED_EDGE('',*,*,#7941,.F.);
#7941 = EDGE_CURVE('',#7502,#7381,#7942,.T.);
#7942 = SURFACE_CURVE('',#7943,(#7947,#7954),.PCURVE_S1.);
#7943 = LINE('',#7944,#7945);
#7944 = CARTESIAN_POINT('',(-5.36514536625,-18.1781728396,5.50000005));
#7945 = VECTOR('',#7946,1.);
#7946 = DIRECTION('',(0.965925826289,-0.258819045103,0.));
#7947 = PCURVE('',#5752,#7948);
#7948 = DEFINITIONAL_REPRESENTATION('',(#7949),#7953);
#7949 = LINE('',#7950,#7951);
#7950 = CARTESIAN_POINT('',(6.719997959083,6.115323584858E-12));
#7951 = VECTOR('',#7952,1.);
#7952 = DIRECTION('',(-0.446174530753,-0.894945969379));
#7953 = ( GEOMETRIC_REPRESENTATION_CONTEXT(2) 
PARAMETRIC_REPRESENTATION_CONTEXT() REPRESENTATION_CONTEXT('2D SPACE',''
  ) );
#7954 = PCURVE('',#7395,#7955);
#7955 = DEFINITIONAL_REPRESENTATION('',(#7956),#7960);
#7956 = LINE('',#7957,#7958);
#7957 = CARTESIAN_POINT('',(0.,1.));
#7958 = VECTOR('',#7959,1.);
#7959 = DIRECTION('',(1.,0.));
#7960 = ( GEOMETRIC_REPRESENTATION_CONTEXT(2) 
PARAMETRIC_REPRESENTATION_CONTEXT() REPRESENTATION_CONTEXT('2D SPACE',''
  ) );
#7961 = ORIENTED_EDGE('',*,*,#7523,.F.);
#7962 = ADVANCED_FACE('',(#7963),#5789,.F.);
#7963 = FACE_BOUND('',#7964,.F.);
#7964 = EDGE_LOOP('',(#7965,#7966,#7967,#7988));
#7965 = ORIENTED_EDGE('',*,*,#5774,.T.);
#7966 = ORIENTED_EDGE('',*,*,#7597,.F.);
#7967 = ORIENTED_EDGE('',*,*,#7968,.F.);
#7968 = EDGE_CURVE('',#7671,#7550,#7969,.T.);
#7969 = SURFACE_CURVE('',#7970,(#7974,#7981),.PCURVE_S1.);
#7970 = LINE('',#7971,#7972);
#7971 = CARTESIAN_POINT('',(-13.73543860198,-13.06018679035,5.50000005)
  );
#7972 = VECTOR('',#7973,1.);
#7973 = DIRECTION('',(0.707106781187,-0.707106781187,0.));
#7974 = PCURVE('',#5789,#7975);
#7975 = DEFINITIONAL_REPRESENTATION('',(#7976),#7980);
#7976 = LINE('',#7977,#7978);
#7977 = CARTESIAN_POINT('',(6.719997959092,7.065866489979E-12));
#7978 = VECTOR('',#7979,1.);
#7979 = DIRECTION('',(-0.446174530753,-0.894945969379));
#7980 = ( GEOMETRIC_REPRESENTATION_CONTEXT(2) 
PARAMETRIC_REPRESENTATION_CONTEXT() REPRESENTATION_CONTEXT('2D SPACE',''
  ) );
#7981 = PCURVE('',#7564,#7982);
#7982 = DEFINITIONAL_REPRESENTATION('',(#7983),#7987);
#7983 = LINE('',#7984,#7985);
#7984 = CARTESIAN_POINT('',(0.,1.));
#7985 = VECTOR('',#7986,1.);
#7986 = DIRECTION('',(1.,0.));
#7987 = ( GEOMETRIC_REPRESENTATION_CONTEXT(2) 
PARAMETRIC_REPRESENTATION_CONTEXT() REPRESENTATION_CONTEXT('2D SPACE',''
  ) );
#7988 = ORIENTED_EDGE('',*,*,#7692,.F.);
#7989 = ADVANCED_FACE('',(#7990,#8021),#5859,.F.);
#7990 = FACE_BOUND('',#7991,.F.);
#7991 = EDGE_LOOP('',(#7992));
#7992 = ORIENTED_EDGE('',*,*,#7993,.T.);
#7993 = EDGE_CURVE('',#7994,#7994,#7996,.T.);
#7994 = VERTEX_POINT('',#7995);
#7995 = CARTESIAN_POINT('',(-18.13263157895,-2.304822677376E-12,
    7.60000005));
#7996 = SURFACE_CURVE('',#7997,(#8002,#8009),.PCURVE_S1.);
#7997 = CIRCLE('',#7998,18.132631578947);
#7998 = AXIS2_PLACEMENT_3D('',#7999,#8000,#8001);
#7999 = CARTESIAN_POINT('',(2.415845301584E-13,-2.30926389122E-12,
    7.60000005));
#8000 = DIRECTION('',(0.,0.,1.));
#8001 = DIRECTION('',(-1.,0.,0.));
#8002 = PCURVE('',#5859,#8003);
#8003 = DEFINITIONAL_REPRESENTATION('',(#8004),#8008);
#8004 = CIRCLE('',#8005,18.132631578947);
#8005 = AXIS2_PLACEMENT_2D('',#8006,#8007);
#8006 = CARTESIAN_POINT('',(0.,0.));
#8007 = DIRECTION('',(1.,0.));
#8008 = ( GEOMETRIC_REPRESENTATION_CONTEXT(2) 
PARAMETRIC_REPRESENTATION_CONTEXT() REPRESENTATION_CONTEXT('2D SPACE',''
  ) );
#8009 = PCURVE('',#8010,#8015);
#8010 = CYLINDRICAL_SURFACE('',#8011,18.132631578947);
#8011 = AXIS2_PLACEMENT_3D('',#8012,#8013,#8014);
#8012 = CARTESIAN_POINT('',(2.415845301584E-13,-2.30926389122E-12,
    7.60000005));
#8013 = DIRECTION('',(0.,0.,1.));
#8014 = DIRECTION('',(-1.,0.,0.));
#8015 = DEFINITIONAL_REPRESENTATION('',(#8016),#8020);
#8016 = LINE('',#8017,#8018);
#8017 = CARTESIAN_POINT('',(0.,0.));
#8018 = VECTOR('',#8019,1.);
#8019 = DIRECTION('',(1.,0.));
#8020 = ( GEOMETRIC_REPRESENTATION_CONTEXT(2) 
PARAMETRIC_REPRESENTATION_CONTEXT() REPRESENTATION_CONTEXT('2D SPACE',''
  ) );
#8021 = FACE_BOUND('',#8022,.F.);
#8022 = EDGE_LOOP('',(#8023));
#8023 = ORIENTED_EDGE('',*,*,#5842,.F.);
#8024 = ADVANCED_FACE('',(#8025),#6043,.T.);
#8025 = FACE_BOUND('',#8026,.T.);
#8026 = EDGE_LOOP('',(#8027,#8028,#8029,#8030));
#8027 = ORIENTED_EDGE('',*,*,#6102,.T.);
#8028 = ORIENTED_EDGE('',*,*,#6026,.T.);
#8029 = ORIENTED_EDGE('',*,*,#7725,.F.);
#8030 = ORIENTED_EDGE('',*,*,#6149,.F.);
#8031 = ADVANCED_FACE('',(#8032),#6254,.T.);
#8032 = FACE_BOUND('',#8033,.T.);
#8033 = EDGE_LOOP('',(#8034,#8035,#8036,#8037));
#8034 = ORIENTED_EDGE('',*,*,#6271,.T.);
#8035 = ORIENTED_EDGE('',*,*,#6241,.T.);
#8036 = ORIENTED_EDGE('',*,*,#7752,.F.);
#8037 = ORIENTED_EDGE('',*,*,#6318,.F.);
#8038 = ADVANCED_FACE('',(#8039),#6381,.T.);
#8039 = FACE_BOUND('',#8040,.T.);
#8040 = EDGE_LOOP('',(#8041,#8042,#8043,#8044));
#8041 = ORIENTED_EDGE('',*,*,#6440,.T.);
#8042 = ORIENTED_EDGE('',*,*,#6364,.T.);
#8043 = ORIENTED_EDGE('',*,*,#7779,.F.);
#8044 = ORIENTED_EDGE('',*,*,#6487,.F.);
#8045 = ADVANCED_FACE('',(#8046),#6550,.T.);
#8046 = FACE_BOUND('',#8047,.T.);
#8047 = EDGE_LOOP('',(#8048,#8049,#8050,#8051));
#8048 = ORIENTED_EDGE('',*,*,#6609,.T.);
#8049 = ORIENTED_EDGE('',*,*,#6533,.T.);
#8050 = ORIENTED_EDGE('',*,*,#7806,.F.);
#8051 = ORIENTED_EDGE('',*,*,#6656,.F.);
#8052 = ADVANCED_FACE('',(#8053),#6719,.T.);
#8053 = FACE_BOUND('',#8054,.T.);
#8054 = EDGE_LOOP('',(#8055,#8056,#8057,#8058));
#8055 = ORIENTED_EDGE('',*,*,#6778,.T.);
#8056 = ORIENTED_EDGE('',*,*,#6702,.T.);
#8057 = ORIENTED_EDGE('',*,*,#7833,.F.);
#8058 = ORIENTED_EDGE('',*,*,#6825,.F.);
#8059 = ADVANCED_FACE('',(#8060),#6888,.T.);
#8060 = FACE_BOUND('',#8061,.T.);
#8061 = EDGE_LOOP('',(#8062,#8063,#8064,#8065));
#8062 = ORIENTED_EDGE('',*,*,#6947,.T.);
#8063 = ORIENTED_EDGE('',*,*,#6871,.T.);
#8064 = ORIENTED_EDGE('',*,*,#7860,.F.);
#8065 = ORIENTED_EDGE('',*,*,#6994,.F.);
#8066 = ADVANCED_FACE('',(#8067),#7057,.T.);
#8067 = FACE_BOUND('',#8068,.T.);
#8068 = EDGE_LOOP('',(#8069,#8070,#8071,#8072));
#8069 = ORIENTED_EDGE('',*,*,#7116,.T.);
#8070 = ORIENTED_EDGE('',*,*,#7040,.T.);
#8071 = ORIENTED_EDGE('',*,*,#7887,.F.);
#8072 = ORIENTED_EDGE('',*,*,#7163,.F.);
#8073 = ADVANCED_FACE('',(#8074),#7226,.T.);
#8074 = FACE_BOUND('',#8075,.T.);
#8075 = EDGE_LOOP('',(#8076,#8077,#8078,#8079));
#8076 = ORIENTED_EDGE('',*,*,#7285,.T.);
#8077 = ORIENTED_EDGE('',*,*,#7209,.T.);
#8078 = ORIENTED_EDGE('',*,*,#7914,.F.);
#8079 = ORIENTED_EDGE('',*,*,#7332,.F.);
#8080 = ADVANCED_FACE('',(#8081),#7395,.T.);
#8081 = FACE_BOUND('',#8082,.T.);
#8082 = EDGE_LOOP('',(#8083,#8084,#8085,#8086));
#8083 = ORIENTED_EDGE('',*,*,#7454,.T.);
#8084 = ORIENTED_EDGE('',*,*,#7378,.T.);
#8085 = ORIENTED_EDGE('',*,*,#7941,.F.);
#8086 = ORIENTED_EDGE('',*,*,#7501,.F.);
#8087 = ADVANCED_FACE('',(#8088),#7564,.T.);
#8088 = FACE_BOUND('',#8089,.T.);
#8089 = EDGE_LOOP('',(#8090,#8091,#8092,#8093));
#8090 = ORIENTED_EDGE('',*,*,#7623,.T.);
#8091 = ORIENTED_EDGE('',*,*,#7547,.T.);
#8092 = ORIENTED_EDGE('',*,*,#7968,.F.);
#8093 = ORIENTED_EDGE('',*,*,#7670,.F.);
#8094 = ADVANCED_FACE('',(#8095),#8010,.T.);
#8095 = FACE_BOUND('',#8096,.T.);
#8096 = EDGE_LOOP('',(#8097,#8126,#8147,#8148));
#8097 = ORIENTED_EDGE('',*,*,#8098,.F.);
#8098 = EDGE_CURVE('',#8099,#8099,#8101,.T.);
#8099 = VERTEX_POINT('',#8100);
#8100 = CARTESIAN_POINT('',(-18.13263157895,-2.304822677376E-12,
    10.40000005));
#8101 = SURFACE_CURVE('',#8102,(#8107,#8114),.PCURVE_S1.);
#8102 = CIRCLE('',#8103,18.132631578947);
#8103 = AXIS2_PLACEMENT_3D('',#8104,#8105,#8106);
#8104 = CARTESIAN_POINT('',(2.415845301584E-13,-2.30926389122E-12,
    10.40000005));
#8105 = DIRECTION('',(0.,0.,1.));
#8106 = DIRECTION('',(-1.,0.,0.));
#8107 = PCURVE('',#8010,#8108);
#8108 = DEFINITIONAL_REPRESENTATION('',(#8109),#8113);
#8109 = LINE('',#8110,#8111);
#8110 = CARTESIAN_POINT('',(0.,2.8));
#8111 = VECTOR('',#8112,1.);
#8112 = DIRECTION('',(1.,0.));
#8113 = ( GEOMETRIC_REPRESENTATION_CONTEXT(2) 
PARAMETRIC_REPRESENTATION_CONTEXT() REPRESENTATION_CONTEXT('2D SPACE',''
  ) );
#8114 = PCURVE('',#8115,#8120);
#8115 = PLANE('',#8116);
#8116 = AXIS2_PLACEMENT_3D('',#8117,#8118,#8119);
#8117 = CARTESIAN_POINT('',(2.415845301584E-13,-2.30926389122E-12,
    10.40000005));
#8118 = DIRECTION('',(0.,0.,1.));
#8119 = DIRECTION('',(-1.,0.,0.));
#8120 = DEFINITIONAL_REPRESENTATION('',(#8121),#8125);
#8121 = CIRCLE('',#8122,18.132631578947);
#8122 = AXIS2_PLACEMENT_2D('',#8123,#8124);
#8123 = CARTESIAN_POINT('',(0.,0.));
#8124 = DIRECTION('',(1.,0.));
#8125 = ( GEOMETRIC_REPRESENTATION_CONTEXT(2) 
PARAMETRIC_REPRESENTATION_CONTEXT() REPRESENTATION_CONTEXT('2D SPACE',''
  ) );
#8126 = ORIENTED_EDGE('',*,*,#8127,.F.);
#8127 = EDGE_CURVE('',#7994,#8099,#8128,.T.);
#8128 = SEAM_CURVE('',#8129,(#8133,#8140),.PCURVE_S1.);
#8129 = LINE('',#8130,#8131);
#8130 = CARTESIAN_POINT('',(-18.13263157895,-2.304822677376E-12,
    7.60000005));
#8131 = VECTOR('',#8132,1.);
#8132 = DIRECTION('',(0.,0.,1.));
#8133 = PCURVE('',#8010,#8134);
#8134 = DEFINITIONAL_REPRESENTATION('',(#8135),#8139);
#8135 = LINE('',#8136,#8137);
#8136 = CARTESIAN_POINT('',(0.,-0.));
#8137 = VECTOR('',#8138,1.);
#8138 = DIRECTION('',(0.,1.));
#8139 = ( GEOMETRIC_REPRESENTATION_CONTEXT(2) 
PARAMETRIC_REPRESENTATION_CONTEXT() REPRESENTATION_CONTEXT('2D SPACE',''
  ) );
#8140 = PCURVE('',#8010,#8141);
#8141 = DEFINITIONAL_REPRESENTATION('',(#8142),#8146);
#8142 = LINE('',#8143,#8144);
#8143 = CARTESIAN_POINT('',(6.28318530718,-0.));
#8144 = VECTOR('',#8145,1.);
#8145 = DIRECTION('',(0.,1.));
#8146 = ( GEOMETRIC_REPRESENTATION_CONTEXT(2) 
PARAMETRIC_REPRESENTATION_CONTEXT() REPRESENTATION_CONTEXT('2D SPACE',''
  ) );
#8147 = ORIENTED_EDGE('',*,*,#7993,.T.);
#8148 = ORIENTED_EDGE('',*,*,#8127,.T.);
#8149 = ADVANCED_FACE('',(#8150,#8153),#8115,.T.);
#8150 = FACE_BOUND('',#8151,.T.);
#8151 = EDGE_LOOP('',(#8152));
#8152 = ORIENTED_EDGE('',*,*,#8098,.T.);
#8153 = FACE_BOUND('',#8154,.T.);
#8154 = EDGE_LOOP('',(#8155));
#8155 = ORIENTED_EDGE('',*,*,#8156,.F.);
#8156 = EDGE_CURVE('',#8157,#8157,#8159,.T.);
#8157 = VERTEX_POINT('',#8158);
#8158 = CARTESIAN_POINT('',(-12.5052631579,-2.306200985121E-12,
    10.40000005));
#8159 = SURFACE_CURVE('',#8160,(#8165,#8172),.PCURVE_S1.);
#8160 = CIRCLE('',#8161,12.505263157895);
#8161 = AXIS2_PLACEMENT_3D('',#8162,#8163,#8164);
#8162 = CARTESIAN_POINT('',(2.415845301584E-13,-2.30926389122E-12,
    10.40000005));
#8163 = DIRECTION('',(0.,0.,1.));
#8164 = DIRECTION('',(-1.,0.,0.));
#8165 = PCURVE('',#8115,#8166);
#8166 = DEFINITIONAL_REPRESENTATION('',(#8167),#8171);
#8167 = CIRCLE('',#8168,12.505263157895);
#8168 = AXIS2_PLACEMENT_2D('',#8169,#8170);
#8169 = CARTESIAN_POINT('',(0.,0.));
#8170 = DIRECTION('',(1.,0.));
#8171 = ( GEOMETRIC_REPRESENTATION_CONTEXT(2) 
PARAMETRIC_REPRESENTATION_CONTEXT() REPRESENTATION_CONTEXT('2D SPACE',''
  ) );
#8172 = PCURVE('',#8173,#8178);
#8173 = CYLINDRICAL_SURFACE('',#8174,12.505263157895);
#8174 = AXIS2_PLACEMENT_3D('',#8175,#8176,#8177);
#8175 = CARTESIAN_POINT('',(2.415845301584E-13,-2.30926389122E-12,
    4.50000005));
#8176 = DIRECTION('',(0.,0.,1.));
#8177 = DIRECTION('',(-1.,0.,0.));
#8178 = DEFINITIONAL_REPRESENTATION('',(#8179),#8183);
#8179 = LINE('',#8180,#8181);
#8180 = CARTESIAN_POINT('',(0.,5.9));
#8181 = VECTOR('',#8182,1.);
#8182 = DIRECTION('',(1.,0.));
#8183 = ( GEOMETRIC_REPRESENTATION_CONTEXT(2) 
PARAMETRIC_REPRESENTATION_CONTEXT() REPRESENTATION_CONTEXT('2D SPACE',''
  ) );
#8184 = ADVANCED_FACE('',(#8185),#8173,.T.);
#8185 = FACE_BOUND('',#8186,.T.);
#8186 = EDGE_LOOP('',(#8187,#8210,#8237,#8238));
#8187 = ORIENTED_EDGE('',*,*,#8188,.T.);
#8188 = EDGE_CURVE('',#8157,#8189,#8191,.T.);
#8189 = VERTEX_POINT('',#8190);
#8190 = CARTESIAN_POINT('',(-12.5052631579,-2.306200985121E-12,
    22.50000005));
#8191 = SEAM_CURVE('',#8192,(#8196,#8203),.PCURVE_S1.);
#8192 = LINE('',#8193,#8194);
#8193 = CARTESIAN_POINT('',(-12.5052631579,-2.306200985121E-12,
    4.50000005));
#8194 = VECTOR('',#8195,1.);
#8195 = DIRECTION('',(0.,0.,1.));
#8196 = PCURVE('',#8173,#8197);
#8197 = DEFINITIONAL_REPRESENTATION('',(#8198),#8202);
#8198 = LINE('',#8199,#8200);
#8199 = CARTESIAN_POINT('',(6.28318530718,0.));
#8200 = VECTOR('',#8201,1.);
#8201 = DIRECTION('',(0.,1.));
#8202 = ( GEOMETRIC_REPRESENTATION_CONTEXT(2) 
PARAMETRIC_REPRESENTATION_CONTEXT() REPRESENTATION_CONTEXT('2D SPACE',''
  ) );
#8203 = PCURVE('',#8173,#8204);
#8204 = DEFINITIONAL_REPRESENTATION('',(#8205),#8209);
#8205 = LINE('',#8206,#8207);
#8206 = CARTESIAN_POINT('',(4.138911435803E-13,0.));
#8207 = VECTOR('',#8208,1.);
#8208 = DIRECTION('',(0.,1.));
#8209 = ( GEOMETRIC_REPRESENTATION_CONTEXT(2) 
PARAMETRIC_REPRESENTATION_CONTEXT() REPRESENTATION_CONTEXT('2D SPACE',''
  ) );
#8210 = ORIENTED_EDGE('',*,*,#8211,.F.);
#8211 = EDGE_CURVE('',#8189,#8189,#8212,.T.);
#8212 = SURFACE_CURVE('',#8213,(#8218,#8225),.PCURVE_S1.);
#8213 = CIRCLE('',#8214,12.505263157895);
#8214 = AXIS2_PLACEMENT_3D('',#8215,#8216,#8217);
#8215 = CARTESIAN_POINT('',(2.415845301584E-13,-2.30926389122E-12,
    22.50000005));
#8216 = DIRECTION('',(0.,0.,1.));
#8217 = DIRECTION('',(-1.,0.,0.));
#8218 = PCURVE('',#8173,#8219);
#8219 = DEFINITIONAL_REPRESENTATION('',(#8220),#8224);
#8220 = LINE('',#8221,#8222);
#8221 = CARTESIAN_POINT('',(0.,18.));
#8222 = VECTOR('',#8223,1.);
#8223 = DIRECTION('',(1.,0.));
#8224 = ( GEOMETRIC_REPRESENTATION_CONTEXT(2) 
PARAMETRIC_REPRESENTATION_CONTEXT() REPRESENTATION_CONTEXT('2D SPACE',''
  ) );
#8225 = PCURVE('',#8226,#8231);
#8226 = PLANE('',#8227);
#8227 = AXIS2_PLACEMENT_3D('',#8228,#8229,#8230);
#8228 = CARTESIAN_POINT('',(2.415845301584E-13,-2.30926389122E-12,
    22.50000005));
#8229 = DIRECTION('',(0.,0.,1.));
#8230 = DIRECTION('',(-1.,0.,0.));
#8231 = DEFINITIONAL_REPRESENTATION('',(#8232),#8236);
#8232 = CIRCLE('',#8233,12.505263157895);
#8233 = AXIS2_PLACEMENT_2D('',#8234,#8235);
#8234 = CARTESIAN_POINT('',(0.,0.));
#8235 = DIRECTION('',(1.,0.));
#8236 = ( GEOMETRIC_REPRESENTATION_CONTEXT(2) 
PARAMETRIC_REPRESENTATION_CONTEXT() REPRESENTATION_CONTEXT('2D SPACE',''
  ) );
#8237 = ORIENTED_EDGE('',*,*,#8188,.F.);
#8238 = ORIENTED_EDGE('',*,*,#8156,.T.);
#8239 = ADVANCED_FACE('',(#8240,#8243),#8226,.T.);
#8240 = FACE_BOUND('',#8241,.T.);
#8241 = EDGE_LOOP('',(#8242));
#8242 = ORIENTED_EDGE('',*,*,#8211,.T.);
#8243 = FACE_BOUND('',#8244,.T.);
#8244 = EDGE_LOOP('',(#8245,#8275,#8303,#8331));
#8245 = ORIENTED_EDGE('',*,*,#8246,.T.);
#8246 = EDGE_CURVE('',#8247,#8249,#8251,.T.);
#8247 = VERTEX_POINT('',#8248);
#8248 = CARTESIAN_POINT('',(-5.5,5.499999999998,22.50000005));
#8249 = VERTEX_POINT('',#8250);
#8250 = CARTESIAN_POINT('',(5.5,5.499999999998,22.50000005));
#8251 = SURFACE_CURVE('',#8252,(#8256,#8263),.PCURVE_S1.);
#8252 = LINE('',#8253,#8254);
#8253 = CARTESIAN_POINT('',(2.75,5.499999999998,22.50000005));
#8254 = VECTOR('',#8255,1.);
#8255 = DIRECTION('',(1.,0.,0.));
#8256 = PCURVE('',#8226,#8257);
#8257 = DEFINITIONAL_REPRESENTATION('',(#8258),#8262);
#8258 = LINE('',#8259,#8260);
#8259 = CARTESIAN_POINT('',(-2.75,-5.5));
#8260 = VECTOR('',#8261,1.);
#8261 = DIRECTION('',(-1.,0.));
#8262 = ( GEOMETRIC_REPRESENTATION_CONTEXT(2) 
PARAMETRIC_REPRESENTATION_CONTEXT() REPRESENTATION_CONTEXT('2D SPACE',''
  ) );
#8263 = PCURVE('',#8264,#8269);
#8264 = PLANE('',#8265);
#8265 = AXIS2_PLACEMENT_3D('',#8266,#8267,#8268);
#8266 = CARTESIAN_POINT('',(5.5,5.499999999998,10.40000005));
#8267 = DIRECTION('',(0.,-1.,0.));
#8268 = DIRECTION('',(-1.,0.,0.));
#8269 = DEFINITIONAL_REPRESENTATION('',(#8270),#8274);
#8270 = LINE('',#8271,#8272);
#8271 = CARTESIAN_POINT('',(2.75,-12.1));
#8272 = VECTOR('',#8273,1.);
#8273 = DIRECTION('',(-1.,0.));
#8274 = ( GEOMETRIC_REPRESENTATION_CONTEXT(2) 
PARAMETRIC_REPRESENTATION_CONTEXT() REPRESENTATION_CONTEXT('2D SPACE',''
  ) );
#8275 = ORIENTED_EDGE('',*,*,#8276,.T.);
#8276 = EDGE_CURVE('',#8249,#8277,#8279,.T.);
#8277 = VERTEX_POINT('',#8278);
#8278 = CARTESIAN_POINT('',(5.5,-5.500000000002,22.50000005));
#8279 = SURFACE_CURVE('',#8280,(#8284,#8291),.PCURVE_S1.);
#8280 = LINE('',#8281,#8282);
#8281 = CARTESIAN_POINT('',(5.5,-2.750000000002,22.50000005));
#8282 = VECTOR('',#8283,1.);
#8283 = DIRECTION('',(0.,-1.,0.));
#8284 = PCURVE('',#8226,#8285);
#8285 = DEFINITIONAL_REPRESENTATION('',(#8286),#8290);
#8286 = LINE('',#8287,#8288);
#8287 = CARTESIAN_POINT('',(-5.5,2.75));
#8288 = VECTOR('',#8289,1.);
#8289 = DIRECTION('',(0.,1.));
#8290 = ( GEOMETRIC_REPRESENTATION_CONTEXT(2) 
PARAMETRIC_REPRESENTATION_CONTEXT() REPRESENTATION_CONTEXT('2D SPACE',''
  ) );
#8291 = PCURVE('',#8292,#8297);
#8292 = PLANE('',#8293);
#8293 = AXIS2_PLACEMENT_3D('',#8294,#8295,#8296);
#8294 = CARTESIAN_POINT('',(5.5,-5.500000000002,10.40000005));
#8295 = DIRECTION('',(-1.,0.,0.));
#8296 = DIRECTION('',(0.,1.,0.));
#8297 = DEFINITIONAL_REPRESENTATION('',(#8298),#8302);
#8298 = LINE('',#8299,#8300);
#8299 = CARTESIAN_POINT('',(2.75,-12.1));
#8300 = VECTOR('',#8301,1.);
#8301 = DIRECTION('',(-1.,0.));
#8302 = ( GEOMETRIC_REPRESENTATION_CONTEXT(2) 
PARAMETRIC_REPRESENTATION_CONTEXT() REPRESENTATION_CONTEXT('2D SPACE',''
  ) );
#8303 = ORIENTED_EDGE('',*,*,#8304,.T.);
#8304 = EDGE_CURVE('',#8277,#8305,#8307,.T.);
#8305 = VERTEX_POINT('',#8306);
#8306 = CARTESIAN_POINT('',(-5.5,-5.500000000002,22.50000005));
#8307 = SURFACE_CURVE('',#8308,(#8312,#8319),.PCURVE_S1.);
#8308 = LINE('',#8309,#8310);
#8309 = CARTESIAN_POINT('',(-2.75,-5.500000000002,22.50000005));
#8310 = VECTOR('',#8311,1.);
#8311 = DIRECTION('',(-1.,0.,0.));
#8312 = PCURVE('',#8226,#8313);
#8313 = DEFINITIONAL_REPRESENTATION('',(#8314),#8318);
#8314 = LINE('',#8315,#8316);
#8315 = CARTESIAN_POINT('',(2.75,5.5));
#8316 = VECTOR('',#8317,1.);
#8317 = DIRECTION('',(1.,0.));
#8318 = ( GEOMETRIC_REPRESENTATION_CONTEXT(2) 
PARAMETRIC_REPRESENTATION_CONTEXT() REPRESENTATION_CONTEXT('2D SPACE',''
  ) );
#8319 = PCURVE('',#8320,#8325);
#8320 = PLANE('',#8321);
#8321 = AXIS2_PLACEMENT_3D('',#8322,#8323,#8324);
#8322 = CARTESIAN_POINT('',(-5.5,-5.500000000002,10.40000005));
#8323 = DIRECTION('',(0.,1.,0.));
#8324 = DIRECTION('',(1.,0.,0.));
#8325 = DEFINITIONAL_REPRESENTATION('',(#8326),#8330);
#8326 = LINE('',#8327,#8328);
#8327 = CARTESIAN_POINT('',(2.75,-12.1));
#8328 = VECTOR('',#8329,1.);
#8329 = DIRECTION('',(-1.,0.));
#8330 = ( GEOMETRIC_REPRESENTATION_CONTEXT(2) 
PARAMETRIC_REPRESENTATION_CONTEXT() REPRESENTATION_CONTEXT('2D SPACE',''
  ) );
#8331 = ORIENTED_EDGE('',*,*,#8332,.T.);
#8332 = EDGE_CURVE('',#8305,#8247,#8333,.T.);
#8333 = SURFACE_CURVE('',#8334,(#8338,#8345),.PCURVE_S1.);
#8334 = LINE('',#8335,#8336);
#8335 = CARTESIAN_POINT('',(-5.5,2.749999999998,22.50000005));
#8336 = VECTOR('',#8337,1.);
#8337 = DIRECTION('',(0.,1.,0.));
#8338 = PCURVE('',#8226,#8339);
#8339 = DEFINITIONAL_REPRESENTATION('',(#8340),#8344);
#8340 = LINE('',#8341,#8342);
#8341 = CARTESIAN_POINT('',(5.5,-2.75));
#8342 = VECTOR('',#8343,1.);
#8343 = DIRECTION('',(0.,-1.));
#8344 = ( GEOMETRIC_REPRESENTATION_CONTEXT(2) 
PARAMETRIC_REPRESENTATION_CONTEXT() REPRESENTATION_CONTEXT('2D SPACE',''
  ) );
#8345 = PCURVE('',#8346,#8351);
#8346 = PLANE('',#8347);
#8347 = AXIS2_PLACEMENT_3D('',#8348,#8349,#8350);
#8348 = CARTESIAN_POINT('',(-5.5,5.499999999998,10.40000005));
#8349 = DIRECTION('',(1.,0.,0.));
#8350 = DIRECTION('',(0.,-1.,0.));
#8351 = DEFINITIONAL_REPRESENTATION('',(#8352),#8356);
#8352 = LINE('',#8353,#8354);
#8353 = CARTESIAN_POINT('',(2.75,-12.1));
#8354 = VECTOR('',#8355,1.);
#8355 = DIRECTION('',(-1.,0.));
#8356 = ( GEOMETRIC_REPRESENTATION_CONTEXT(2) 
PARAMETRIC_REPRESENTATION_CONTEXT() REPRESENTATION_CONTEXT('2D SPACE',''
  ) );
#8357 = ADVANCED_FACE('',(#8358),#8264,.T.);
#8358 = FACE_BOUND('',#8359,.T.);
#8359 = EDGE_LOOP('',(#8360,#8390,#8411,#8412));
#8360 = ORIENTED_EDGE('',*,*,#8361,.F.);
#8361 = EDGE_CURVE('',#8362,#8364,#8366,.T.);
#8362 = VERTEX_POINT('',#8363);
#8363 = CARTESIAN_POINT('',(5.5,5.499999999998,10.40000005));
#8364 = VERTEX_POINT('',#8365);
#8365 = CARTESIAN_POINT('',(-5.5,5.499999999998,10.40000005));
#8366 = SURFACE_CURVE('',#8367,(#8371,#8378),.PCURVE_S1.);
#8367 = LINE('',#8368,#8369);
#8368 = CARTESIAN_POINT('',(5.5,5.499999999998,10.40000005));
#8369 = VECTOR('',#8370,1.);
#8370 = DIRECTION('',(-1.,0.,0.));
#8371 = PCURVE('',#8264,#8372);
#8372 = DEFINITIONAL_REPRESENTATION('',(#8373),#8377);
#8373 = LINE('',#8374,#8375);
#8374 = CARTESIAN_POINT('',(0.,0.));
#8375 = VECTOR('',#8376,1.);
#8376 = DIRECTION('',(1.,0.));
#8377 = ( GEOMETRIC_REPRESENTATION_CONTEXT(2) 
PARAMETRIC_REPRESENTATION_CONTEXT() REPRESENTATION_CONTEXT('2D SPACE',''
  ) );
#8378 = PCURVE('',#8379,#8384);
#8379 = PLANE('',#8380);
#8380 = AXIS2_PLACEMENT_3D('',#8381,#8382,#8383);
#8381 = CARTESIAN_POINT('',(2.415845301584E-13,-2.30926389122E-12,
    10.40000005));
#8382 = DIRECTION('',(0.,0.,1.));
#8383 = DIRECTION('',(-1.,0.,0.));
#8384 = DEFINITIONAL_REPRESENTATION('',(#8385),#8389);
#8385 = LINE('',#8386,#8387);
#8386 = CARTESIAN_POINT('',(-5.5,-5.5));
#8387 = VECTOR('',#8388,1.);
#8388 = DIRECTION('',(1.,0.));
#8389 = ( GEOMETRIC_REPRESENTATION_CONTEXT(2) 
PARAMETRIC_REPRESENTATION_CONTEXT() REPRESENTATION_CONTEXT('2D SPACE',''
  ) );
#8390 = ORIENTED_EDGE('',*,*,#8391,.T.);
#8391 = EDGE_CURVE('',#8362,#8249,#8392,.T.);
#8392 = SURFACE_CURVE('',#8393,(#8397,#8404),.PCURVE_S1.);
#8393 = LINE('',#8394,#8395);
#8394 = CARTESIAN_POINT('',(5.5,5.499999999998,10.40000005));
#8395 = VECTOR('',#8396,1.);
#8396 = DIRECTION('',(0.,0.,1.));
#8397 = PCURVE('',#8264,#8398);
#8398 = DEFINITIONAL_REPRESENTATION('',(#8399),#8403);
#8399 = LINE('',#8400,#8401);
#8400 = CARTESIAN_POINT('',(0.,0.));
#8401 = VECTOR('',#8402,1.);
#8402 = DIRECTION('',(0.,-1.));
#8403 = ( GEOMETRIC_REPRESENTATION_CONTEXT(2) 
PARAMETRIC_REPRESENTATION_CONTEXT() REPRESENTATION_CONTEXT('2D SPACE',''
  ) );
#8404 = PCURVE('',#8292,#8405);
#8405 = DEFINITIONAL_REPRESENTATION('',(#8406),#8410);
#8406 = LINE('',#8407,#8408);
#8407 = CARTESIAN_POINT('',(11.,0.));
#8408 = VECTOR('',#8409,1.);
#8409 = DIRECTION('',(0.,-1.));
#8410 = ( GEOMETRIC_REPRESENTATION_CONTEXT(2) 
PARAMETRIC_REPRESENTATION_CONTEXT() REPRESENTATION_CONTEXT('2D SPACE',''
  ) );
#8411 = ORIENTED_EDGE('',*,*,#8246,.F.);
#8412 = ORIENTED_EDGE('',*,*,#8413,.F.);
#8413 = EDGE_CURVE('',#8364,#8247,#8414,.T.);
#8414 = SURFACE_CURVE('',#8415,(#8419,#8426),.PCURVE_S1.);
#8415 = LINE('',#8416,#8417);
#8416 = CARTESIAN_POINT('',(-5.5,5.499999999998,10.40000005));
#8417 = VECTOR('',#8418,1.);
#8418 = DIRECTION('',(0.,0.,1.));
#8419 = PCURVE('',#8264,#8420);
#8420 = DEFINITIONAL_REPRESENTATION('',(#8421),#8425);
#8421 = LINE('',#8422,#8423);
#8422 = CARTESIAN_POINT('',(11.,0.));
#8423 = VECTOR('',#8424,1.);
#8424 = DIRECTION('',(0.,-1.));
#8425 = ( GEOMETRIC_REPRESENTATION_CONTEXT(2) 
PARAMETRIC_REPRESENTATION_CONTEXT() REPRESENTATION_CONTEXT('2D SPACE',''
  ) );
#8426 = PCURVE('',#8346,#8427);
#8427 = DEFINITIONAL_REPRESENTATION('',(#8428),#8432);
#8428 = LINE('',#8429,#8430);
#8429 = CARTESIAN_POINT('',(0.,0.));
#8430 = VECTOR('',#8431,1.);
#8431 = DIRECTION('',(0.,-1.));
#8432 = ( GEOMETRIC_REPRESENTATION_CONTEXT(2) 
PARAMETRIC_REPRESENTATION_CONTEXT() REPRESENTATION_CONTEXT('2D SPACE',''
  ) );
#8433 = ADVANCED_FACE('',(#8434),#8346,.T.);
#8434 = FACE_BOUND('',#8435,.T.);
#8435 = EDGE_LOOP('',(#8436,#8459,#8460,#8461));
#8436 = ORIENTED_EDGE('',*,*,#8437,.F.);
#8437 = EDGE_CURVE('',#8364,#8438,#8440,.T.);
#8438 = VERTEX_POINT('',#8439);
#8439 = CARTESIAN_POINT('',(-5.5,-5.500000000002,10.40000005));
#8440 = SURFACE_CURVE('',#8441,(#8445,#8452),.PCURVE_S1.);
#8441 = LINE('',#8442,#8443);
#8442 = CARTESIAN_POINT('',(-5.5,5.499999999998,10.40000005));
#8443 = VECTOR('',#8444,1.);
#8444 = DIRECTION('',(0.,-1.,0.));
#8445 = PCURVE('',#8346,#8446);
#8446 = DEFINITIONAL_REPRESENTATION('',(#8447),#8451);
#8447 = LINE('',#8448,#8449);
#8448 = CARTESIAN_POINT('',(0.,0.));
#8449 = VECTOR('',#8450,1.);
#8450 = DIRECTION('',(1.,0.));
#8451 = ( GEOMETRIC_REPRESENTATION_CONTEXT(2) 
PARAMETRIC_REPRESENTATION_CONTEXT() REPRESENTATION_CONTEXT('2D SPACE',''
  ) );
#8452 = PCURVE('',#8379,#8453);
#8453 = DEFINITIONAL_REPRESENTATION('',(#8454),#8458);
#8454 = LINE('',#8455,#8456);
#8455 = CARTESIAN_POINT('',(5.5,-5.5));
#8456 = VECTOR('',#8457,1.);
#8457 = DIRECTION('',(0.,1.));
#8458 = ( GEOMETRIC_REPRESENTATION_CONTEXT(2) 
PARAMETRIC_REPRESENTATION_CONTEXT() REPRESENTATION_CONTEXT('2D SPACE',''
  ) );
#8459 = ORIENTED_EDGE('',*,*,#8413,.T.);
#8460 = ORIENTED_EDGE('',*,*,#8332,.F.);
#8461 = ORIENTED_EDGE('',*,*,#8462,.F.);
#8462 = EDGE_CURVE('',#8438,#8305,#8463,.T.);
#8463 = SURFACE_CURVE('',#8464,(#8468,#8475),.PCURVE_S1.);
#8464 = LINE('',#8465,#8466);
#8465 = CARTESIAN_POINT('',(-5.5,-5.500000000002,10.40000005));
#8466 = VECTOR('',#8467,1.);
#8467 = DIRECTION('',(0.,0.,1.));
#8468 = PCURVE('',#8346,#8469);
#8469 = DEFINITIONAL_REPRESENTATION('',(#8470),#8474);
#8470 = LINE('',#8471,#8472);
#8471 = CARTESIAN_POINT('',(11.,0.));
#8472 = VECTOR('',#8473,1.);
#8473 = DIRECTION('',(0.,-1.));
#8474 = ( GEOMETRIC_REPRESENTATION_CONTEXT(2) 
PARAMETRIC_REPRESENTATION_CONTEXT() REPRESENTATION_CONTEXT('2D SPACE',''
  ) );
#8475 = PCURVE('',#8320,#8476);
#8476 = DEFINITIONAL_REPRESENTATION('',(#8477),#8481);
#8477 = LINE('',#8478,#8479);
#8478 = CARTESIAN_POINT('',(0.,0.));
#8479 = VECTOR('',#8480,1.);
#8480 = DIRECTION('',(0.,-1.));
#8481 = ( GEOMETRIC_REPRESENTATION_CONTEXT(2) 
PARAMETRIC_REPRESENTATION_CONTEXT() REPRESENTATION_CONTEXT('2D SPACE',''
  ) );
#8482 = ADVANCED_FACE('',(#8483),#8320,.T.);
#8483 = FACE_BOUND('',#8484,.T.);
#8484 = EDGE_LOOP('',(#8485,#8508,#8509,#8510));
#8485 = ORIENTED_EDGE('',*,*,#8486,.F.);
#8486 = EDGE_CURVE('',#8438,#8487,#8489,.T.);
#8487 = VERTEX_POINT('',#8488);
#8488 = CARTESIAN_POINT('',(5.5,-5.500000000002,10.40000005));
#8489 = SURFACE_CURVE('',#8490,(#8494,#8501),.PCURVE_S1.);
#8490 = LINE('',#8491,#8492);
#8491 = CARTESIAN_POINT('',(-5.5,-5.500000000002,10.40000005));
#8492 = VECTOR('',#8493,1.);
#8493 = DIRECTION('',(1.,0.,0.));
#8494 = PCURVE('',#8320,#8495);
#8495 = DEFINITIONAL_REPRESENTATION('',(#8496),#8500);
#8496 = LINE('',#8497,#8498);
#8497 = CARTESIAN_POINT('',(0.,0.));
#8498 = VECTOR('',#8499,1.);
#8499 = DIRECTION('',(1.,0.));
#8500 = ( GEOMETRIC_REPRESENTATION_CONTEXT(2) 
PARAMETRIC_REPRESENTATION_CONTEXT() REPRESENTATION_CONTEXT('2D SPACE',''
  ) );
#8501 = PCURVE('',#8379,#8502);
#8502 = DEFINITIONAL_REPRESENTATION('',(#8503),#8507);
#8503 = LINE('',#8504,#8505);
#8504 = CARTESIAN_POINT('',(5.5,5.5));
#8505 = VECTOR('',#8506,1.);
#8506 = DIRECTION('',(-1.,0.));
#8507 = ( GEOMETRIC_REPRESENTATION_CONTEXT(2) 
PARAMETRIC_REPRESENTATION_CONTEXT() REPRESENTATION_CONTEXT('2D SPACE',''
  ) );
#8508 = ORIENTED_EDGE('',*,*,#8462,.T.);
#8509 = ORIENTED_EDGE('',*,*,#8304,.F.);
#8510 = ORIENTED_EDGE('',*,*,#8511,.F.);
#8511 = EDGE_CURVE('',#8487,#8277,#8512,.T.);
#8512 = SURFACE_CURVE('',#8513,(#8517,#8524),.PCURVE_S1.);
#8513 = LINE('',#8514,#8515);
#8514 = CARTESIAN_POINT('',(5.5,-5.500000000002,10.40000005));
#8515 = VECTOR('',#8516,1.);
#8516 = DIRECTION('',(0.,0.,1.));
#8517 = PCURVE('',#8320,#8518);
#8518 = DEFINITIONAL_REPRESENTATION('',(#8519),#8523);
#8519 = LINE('',#8520,#8521);
#8520 = CARTESIAN_POINT('',(11.,0.));
#8521 = VECTOR('',#8522,1.);
#8522 = DIRECTION('',(0.,-1.));
#8523 = ( GEOMETRIC_REPRESENTATION_CONTEXT(2) 
PARAMETRIC_REPRESENTATION_CONTEXT() REPRESENTATION_CONTEXT('2D SPACE',''
  ) );
#8524 = PCURVE('',#8292,#8525);
#8525 = DEFINITIONAL_REPRESENTATION('',(#8526),#8530);
#8526 = LINE('',#8527,#8528);
#8527 = CARTESIAN_POINT('',(0.,0.));
#8528 = VECTOR('',#8529,1.);
#8529 = DIRECTION('',(0.,-1.));
#8530 = ( GEOMETRIC_REPRESENTATION_CONTEXT(2) 
PARAMETRIC_REPRESENTATION_CONTEXT() REPRESENTATION_CONTEXT('2D SPACE',''
  ) );
#8531 = ADVANCED_FACE('',(#8532),#8292,.T.);
#8532 = FACE_BOUND('',#8533,.T.);
#8533 = EDGE_LOOP('',(#8534,#8555,#8556,#8557));
#8534 = ORIENTED_EDGE('',*,*,#8535,.F.);
#8535 = EDGE_CURVE('',#8487,#8362,#8536,.T.);
#8536 = SURFACE_CURVE('',#8537,(#8541,#8548),.PCURVE_S1.);
#8537 = LINE('',#8538,#8539);
#8538 = CARTESIAN_POINT('',(5.5,-5.500000000002,10.40000005));
#8539 = VECTOR('',#8540,1.);
#8540 = DIRECTION('',(0.,1.,0.));
#8541 = PCURVE('',#8292,#8542);
#8542 = DEFINITIONAL_REPRESENTATION('',(#8543),#8547);
#8543 = LINE('',#8544,#8545);
#8544 = CARTESIAN_POINT('',(0.,0.));
#8545 = VECTOR('',#8546,1.);
#8546 = DIRECTION('',(1.,0.));
#8547 = ( GEOMETRIC_REPRESENTATION_CONTEXT(2) 
PARAMETRIC_REPRESENTATION_CONTEXT() REPRESENTATION_CONTEXT('2D SPACE',''
  ) );
#8548 = PCURVE('',#8379,#8549);
#8549 = DEFINITIONAL_REPRESENTATION('',(#8550),#8554);
#8550 = LINE('',#8551,#8552);
#8551 = CARTESIAN_POINT('',(-5.5,5.5));
#8552 = VECTOR('',#8553,1.);
#8553 = DIRECTION('',(0.,-1.));
#8554 = ( GEOMETRIC_REPRESENTATION_CONTEXT(2) 
PARAMETRIC_REPRESENTATION_CONTEXT() REPRESENTATION_CONTEXT('2D SPACE',''
  ) );
#8555 = ORIENTED_EDGE('',*,*,#8511,.T.);
#8556 = ORIENTED_EDGE('',*,*,#8276,.F.);
#8557 = ORIENTED_EDGE('',*,*,#8391,.F.);
#8558 = ADVANCED_FACE('',(#8559),#8379,.T.);
#8559 = FACE_BOUND('',#8560,.T.);
#8560 = EDGE_LOOP('',(#8561,#8562,#8563,#8564));
#8561 = ORIENTED_EDGE('',*,*,#8535,.T.);
#8562 = ORIENTED_EDGE('',*,*,#8361,.T.);
#8563 = ORIENTED_EDGE('',*,*,#8437,.T.);
#8564 = ORIENTED_EDGE('',*,*,#8486,.T.);
#8565 = ( GEOMETRIC_REPRESENTATION_CONTEXT(3) 
GLOBAL_UNCERTAINTY_ASSIGNED_CONTEXT((#8569)) 
GLOBAL_UNIT_ASSIGNED_CONTEXT((#8566,#8567,#8568)) REPRESENTATION_CONTEXT
('Context #1','3D Context with UNIT and UNCERTAINTY') );
#8566 = ( LENGTH_UNIT() NAMED_UNIT(*) SI_UNIT(.MILLI.,.METRE.) );
#8567 = ( NAMED_UNIT(*) PLANE_ANGLE_UNIT() SI_UNIT($,.RADIAN.) );
#8568 = ( NAMED_UNIT(*) SI_UNIT($,.STERADIAN.) SOLID_ANGLE_UNIT() );
#8569 = UNCERTAINTY_MEASURE_WITH_UNIT(LENGTH_MEASURE(1.E-07),#8566,
  'distance_accuracy_value','confusion accuracy');
#8570 = PRODUCT_RELATED_PRODUCT_CATEGORY('part',$,(#7));
ENDSEC;
END-ISO-10303-21;
