ISO-10303-21;
HEADER;
FILE_DESCRIPTION(('Open CASCADE Model'),'2;1');
FILE_NAME('Open CASCADE Shape Model','2026-09-10T20:57:33',('Author'),(
    'Open CASCADE'),'Open CASCADE STEP processor 7.9','Open CASCADE 7.9'
  ,'Unknown');
FILE_SCHEMA(('AUTOMOTIVE_DESIGN { 1 0 10303 214 1 1 1 1 }'));
ENDSEC;
DATA;
#1 = APPLICATION_PROTOCOL_DEFINITION('international standard',
  'automotive_design',2000,#2);
#2 = APPLICATION_CONTEXT(
  'core data for automotive mechanical design processes');
#3 = SHAPE_DEFINITION_REPRESENTATION(#4,#10);
#4 = PRODUCT_DEFINITION_SHAPE('','',#5);
#5 = PRODUCT_DEFINITION('design','',#6,#9);
#6 = PRODUCT_DEFINITION_FORMATION('','',#7);
#7 = PRODUCT('Open CASCADE STEP translator 7.9 1',
  'Open CASCADE STEP translator 7.9 1','',(#8));
#8 = PRODUCT_CONTEXT('',#2,'mechanical');
#9 = PRODUCT_DEFINITION_CONTEXT('part definition',#2,'design');
#10 = ADVANCED_BREP_SHAPE_REPRESENTATION('',(#11,#15),#2331);
#11 = AXIS2_PLACEMENT_3D('',#12,#13,#14);
#12 = CARTESIAN_POINT('',(0.,0.,0.));
#13 = DIRECTION('',(0.,0.,1.));
#14 = DIRECTION('',(1.,0.,-0.));
#15 = MANIFOLD_SOLID_BREP('',#16);
#16 = CLOSED_SHELL('',(#17,#138,#442,#519,#813,#890,#1251,#1300,#1327,
    #1432,#1537,#1613,#1879,#1952,#2025,#2118,#2125,#2132,#2139,#2146,
    #2174,#2181,#2209,#2216,#2223,#2270,#2297,#2324));
#17 = ADVANCED_FACE('',(#18),#32,.F.);
#18 = FACE_BOUND('',#19,.F.);
#19 = EDGE_LOOP('',(#20,#55,#88,#111));
#20 = ORIENTED_EDGE('',*,*,#21,.T.);
#21 = EDGE_CURVE('',#22,#24,#26,.T.);
#22 = VERTEX_POINT('',#23);
#23 = CARTESIAN_POINT('',(7.,14.,45.));
#24 = VERTEX_POINT('',#25);
#25 = CARTESIAN_POINT('',(7.,-5.715018396021E-16,45.));
#26 = SURFACE_CURVE('',#27,(#31,#43),.PCURVE_S1.);
#27 = LINE('',#28,#29);
#28 = CARTESIAN_POINT('',(7.,14.,45.));
#29 = VECTOR('',#30,1.);
#30 = DIRECTION('',(-8.164311994316E-17,-1.,-0.));
#31 = PCURVE('',#32,#37);
#32 = CYLINDRICAL_SURFACE('',#33,2.);
#33 = AXIS2_PLACEMENT_3D('',#34,#35,#36);
#34 = CARTESIAN_POINT('',(5.,14.,45.));
#35 = DIRECTION('',(-8.164311994316E-17,-1.,-0.));
#36 = DIRECTION('',(1.,-8.164311994316E-17,0.));
#37 = DEFINITIONAL_REPRESENTATION('',(#38),#42);
#38 = LINE('',#39,#40);
#39 = CARTESIAN_POINT('',(6.28318530718,0.));
#40 = VECTOR('',#41,1.);
#41 = DIRECTION('',(0.,1.));
#42 = ( GEOMETRIC_REPRESENTATION_CONTEXT(2) 
PARAMETRIC_REPRESENTATION_CONTEXT() REPRESENTATION_CONTEXT('2D SPACE',''
  ) );
#43 = PCURVE('',#44,#49);
#44 = CYLINDRICAL_SURFACE('',#45,2.);
#45 = AXIS2_PLACEMENT_3D('',#46,#47,#48);
#46 = CARTESIAN_POINT('',(5.,14.,45.));
#47 = DIRECTION('',(-8.164311994316E-17,-1.,-0.));
#48 = DIRECTION('',(1.,-8.164311994316E-17,0.));
#49 = DEFINITIONAL_REPRESENTATION('',(#50),#54);
#50 = LINE('',#51,#52);
#51 = CARTESIAN_POINT('',(0.,0.));
#52 = VECTOR('',#53,1.);
#53 = DIRECTION('',(0.,1.));
#54 = ( GEOMETRIC_REPRESENTATION_CONTEXT(2) 
PARAMETRIC_REPRESENTATION_CONTEXT() REPRESENTATION_CONTEXT('2D SPACE',''
  ) );
#55 = ORIENTED_EDGE('',*,*,#56,.F.);
#56 = EDGE_CURVE('',#57,#24,#59,.T.);
#57 = VERTEX_POINT('',#58);
#58 = CARTESIAN_POINT('',(3.,-2.449293598295E-16,45.));
#59 = SURFACE_CURVE('',#60,(#65,#72),.PCURVE_S1.);
#60 = CIRCLE('',#61,2.);
#61 = AXIS2_PLACEMENT_3D('',#62,#63,#64);
#62 = CARTESIAN_POINT('',(5.,-4.082155997158E-16,45.));
#63 = DIRECTION('',(-8.164311994316E-17,-1.,0.));
#64 = DIRECTION('',(1.,-8.164311994316E-17,0.));
#65 = PCURVE('',#32,#66);
#66 = DEFINITIONAL_REPRESENTATION('',(#67),#71);
#67 = LINE('',#68,#69);
#68 = CARTESIAN_POINT('',(0.,14.));
#69 = VECTOR('',#70,1.);
#70 = DIRECTION('',(1.,0.));
#71 = ( GEOMETRIC_REPRESENTATION_CONTEXT(2) 
PARAMETRIC_REPRESENTATION_CONTEXT() REPRESENTATION_CONTEXT('2D SPACE',''
  ) );
#72 = PCURVE('',#73,#78);
#73 = PLANE('',#74);
#74 = AXIS2_PLACEMENT_3D('',#75,#76,#77);
#75 = CARTESIAN_POINT('',(15.,-1.224646799147E-15,70.));
#76 = DIRECTION('',(8.164311994316E-17,1.,-0.));
#77 = DIRECTION('',(-1.,8.164311994316E-17,0.));
#78 = DEFINITIONAL_REPRESENTATION('',(#79),#87);
#79 = ( BOUNDED_CURVE() B_SPLINE_CURVE(2,(#80,#81,#82,#83,#84,#85,#86),
.UNSPECIFIED.,.T.,.F.) B_SPLINE_CURVE_WITH_KNOTS((1,2,2,2,2,1),(
    -2.094395102393,0.,2.094395102393,4.188790204786,6.28318530718,
8.377580409573),.UNSPECIFIED.) CURVE() GEOMETRIC_REPRESENTATION_ITEM() 
RATIONAL_B_SPLINE_CURVE((1.,0.5,1.,0.5,1.,0.5,1.)) REPRESENTATION_ITEM(
  '') );
#80 = CARTESIAN_POINT('',(8.,-25.));
#81 = CARTESIAN_POINT('',(8.,-21.53589838486));
#82 = CARTESIAN_POINT('',(11.,-23.26794919243));
#83 = CARTESIAN_POINT('',(14.,-25.));
#84 = CARTESIAN_POINT('',(11.,-26.73205080756));
#85 = CARTESIAN_POINT('',(8.,-28.46410161513));
#86 = CARTESIAN_POINT('',(8.,-25.));
#87 = ( GEOMETRIC_REPRESENTATION_CONTEXT(2) 
PARAMETRIC_REPRESENTATION_CONTEXT() REPRESENTATION_CONTEXT('2D SPACE',''
  ) );
#88 = ORIENTED_EDGE('',*,*,#89,.F.);
#89 = EDGE_CURVE('',#90,#57,#92,.T.);
#90 = VERTEX_POINT('',#91);
#91 = CARTESIAN_POINT('',(3.,14.,45.));
#92 = SURFACE_CURVE('',#93,(#97,#104),.PCURVE_S1.);
#93 = LINE('',#94,#95);
#94 = CARTESIAN_POINT('',(3.,14.,45.));
#95 = VECTOR('',#96,1.);
#96 = DIRECTION('',(-8.164311994316E-17,-1.,-0.));
#97 = PCURVE('',#32,#98);
#98 = DEFINITIONAL_REPRESENTATION('',(#99),#103);
#99 = LINE('',#100,#101);
#100 = CARTESIAN_POINT('',(3.14159265359,0.));
#101 = VECTOR('',#102,1.);
#102 = DIRECTION('',(0.,1.));
#103 = ( GEOMETRIC_REPRESENTATION_CONTEXT(2) 
PARAMETRIC_REPRESENTATION_CONTEXT() REPRESENTATION_CONTEXT('2D SPACE',''
  ) );
#104 = PCURVE('',#44,#105);
#105 = DEFINITIONAL_REPRESENTATION('',(#106),#110);
#106 = LINE('',#107,#108);
#107 = CARTESIAN_POINT('',(3.14159265359,0.));
#108 = VECTOR('',#109,1.);
#109 = DIRECTION('',(0.,1.));
#110 = ( GEOMETRIC_REPRESENTATION_CONTEXT(2) 
PARAMETRIC_REPRESENTATION_CONTEXT() REPRESENTATION_CONTEXT('2D SPACE',''
  ) );
#111 = ORIENTED_EDGE('',*,*,#112,.T.);
#112 = EDGE_CURVE('',#90,#22,#113,.T.);
#113 = SURFACE_CURVE('',#114,(#119,#126),.PCURVE_S1.);
#114 = CIRCLE('',#115,2.);
#115 = AXIS2_PLACEMENT_3D('',#116,#117,#118);
#116 = CARTESIAN_POINT('',(5.,14.,45.));
#117 = DIRECTION('',(-8.164311994316E-17,-1.,0.));
#118 = DIRECTION('',(1.,-8.164311994316E-17,0.));
#119 = PCURVE('',#32,#120);
#120 = DEFINITIONAL_REPRESENTATION('',(#121),#125);
#121 = LINE('',#122,#123);
#122 = CARTESIAN_POINT('',(0.,0.));
#123 = VECTOR('',#124,1.);
#124 = DIRECTION('',(1.,0.));
#125 = ( GEOMETRIC_REPRESENTATION_CONTEXT(2) 
PARAMETRIC_REPRESENTATION_CONTEXT() REPRESENTATION_CONTEXT('2D SPACE',''
  ) );
#126 = PCURVE('',#127,#132);
#127 = PLANE('',#128);
#128 = AXIS2_PLACEMENT_3D('',#129,#130,#131);
#129 = CARTESIAN_POINT('',(0.,14.,70.));
#130 = DIRECTION('',(0.,-1.,0.));
#131 = DIRECTION('',(0.,-0.,-1.));
#132 = DEFINITIONAL_REPRESENTATION('',(#133),#137);
#133 = CIRCLE('',#134,2.);
#134 = AXIS2_PLACEMENT_2D('',#135,#136);
#135 = CARTESIAN_POINT('',(25.,5.));
#136 = DIRECTION('',(0.,1.));
#137 = ( GEOMETRIC_REPRESENTATION_CONTEXT(2) 
PARAMETRIC_REPRESENTATION_CONTEXT() REPRESENTATION_CONTEXT('2D SPACE',''
  ) );
#138 = ADVANCED_FACE('',(#139),#153,.F.);
#139 = FACE_BOUND('',#140,.F.);
#140 = EDGE_LOOP('',(#141,#176,#204,#256,#312,#364,#392,#415));
#141 = ORIENTED_EDGE('',*,*,#142,.T.);
#142 = EDGE_CURVE('',#143,#145,#147,.T.);
#143 = VERTEX_POINT('',#144);
#144 = CARTESIAN_POINT('',(5.,2.95,59.85));
#145 = VERTEX_POINT('',#146);
#146 = CARTESIAN_POINT('',(5.,-4.082155997158E-16,56.9));
#147 = SURFACE_CURVE('',#148,(#152,#164),.PCURVE_S1.);
#148 = LINE('',#149,#150);
#149 = CARTESIAN_POINT('',(5.,-4.082155997158E-16,56.9));
#150 = VECTOR('',#151,1.);
#151 = DIRECTION('',(0.,-0.707106781187,-0.707106781187));
#152 = PCURVE('',#153,#158);
#153 = CONICAL_SURFACE('',#154,5.6,0.785398163397);
#154 = AXIS2_PLACEMENT_3D('',#155,#156,#157);
#155 = CARTESIAN_POINT('',(5.,-4.082155997158E-16,62.5));
#156 = DIRECTION('',(-0.,-1.,-0.));
#157 = DIRECTION('',(0.,0.,-1.));
#158 = DEFINITIONAL_REPRESENTATION('',(#159),#163);
#159 = LINE('',#160,#161);
#160 = CARTESIAN_POINT('',(6.28318530718,0.));
#161 = VECTOR('',#162,1.);
#162 = DIRECTION('',(0.,1.));
#163 = ( GEOMETRIC_REPRESENTATION_CONTEXT(2) 
PARAMETRIC_REPRESENTATION_CONTEXT() REPRESENTATION_CONTEXT('2D SPACE',''
  ) );
#164 = PCURVE('',#165,#170);
#165 = CONICAL_SURFACE('',#166,5.6,0.785398163397);
#166 = AXIS2_PLACEMENT_3D('',#167,#168,#169);
#167 = CARTESIAN_POINT('',(5.,-4.082155997158E-16,62.5));
#168 = DIRECTION('',(-0.,-1.,-0.));
#169 = DIRECTION('',(0.,0.,-1.));
#170 = DEFINITIONAL_REPRESENTATION('',(#171),#175);
#171 = LINE('',#172,#173);
#172 = CARTESIAN_POINT('',(0.,0.));
#173 = VECTOR('',#174,1.);
#174 = DIRECTION('',(0.,1.));
#175 = ( GEOMETRIC_REPRESENTATION_CONTEXT(2) 
PARAMETRIC_REPRESENTATION_CONTEXT() REPRESENTATION_CONTEXT('2D SPACE',''
  ) );
#176 = ORIENTED_EDGE('',*,*,#177,.F.);
#177 = EDGE_CURVE('',#178,#145,#180,.T.);
#178 = VERTEX_POINT('',#179);
#179 = CARTESIAN_POINT('',(0.5,-4.082155997158E-16,59.1668333375));
#180 = SURFACE_CURVE('',#181,(#186,#193),.PCURVE_S1.);
#181 = CIRCLE('',#182,5.6);
#182 = AXIS2_PLACEMENT_3D('',#183,#184,#185);
#183 = CARTESIAN_POINT('',(5.,-4.082155997158E-16,62.5));
#184 = DIRECTION('',(0.,-1.,-0.));
#185 = DIRECTION('',(0.,0.,-1.));
#186 = PCURVE('',#153,#187);
#187 = DEFINITIONAL_REPRESENTATION('',(#188),#192);
#188 = LINE('',#189,#190);
#189 = CARTESIAN_POINT('',(0.,-2.545710611426E-15));
#190 = VECTOR('',#191,1.);
#191 = DIRECTION('',(1.,4.758414204113E-16));
#192 = ( GEOMETRIC_REPRESENTATION_CONTEXT(2) 
PARAMETRIC_REPRESENTATION_CONTEXT() REPRESENTATION_CONTEXT('2D SPACE',''
  ) );
#193 = PCURVE('',#73,#194);
#194 = DEFINITIONAL_REPRESENTATION('',(#195),#203);
#195 = ( BOUNDED_CURVE() B_SPLINE_CURVE(2,(#196,#197,#198,#199,#200,#201
,#202),.UNSPECIFIED.,.T.,.F.) B_SPLINE_CURVE_WITH_KNOTS((1,2,2,2,2,1),(
    -2.094395102393,0.,2.094395102393,4.188790204786,6.28318530718,
8.377580409573),.UNSPECIFIED.) CURVE() GEOMETRIC_REPRESENTATION_ITEM() 
RATIONAL_B_SPLINE_CURVE((1.,0.5,1.,0.5,1.,0.5,1.)) REPRESENTATION_ITEM(
  '') );
#196 = CARTESIAN_POINT('',(10.,-13.1));
#197 = CARTESIAN_POINT('',(0.300515477614,-13.1));
#198 = CARTESIAN_POINT('',(5.150257738807,-4.7));
#199 = CARTESIAN_POINT('',(10.,3.7));
#200 = CARTESIAN_POINT('',(14.849742261193,-4.7));
#201 = CARTESIAN_POINT('',(19.699484522386,-13.1));
#202 = CARTESIAN_POINT('',(10.,-13.1));
#203 = ( GEOMETRIC_REPRESENTATION_CONTEXT(2) 
PARAMETRIC_REPRESENTATION_CONTEXT() REPRESENTATION_CONTEXT('2D SPACE',''
  ) );
#204 = ORIENTED_EDGE('',*,*,#205,.F.);
#205 = EDGE_CURVE('',#206,#178,#208,.T.);
#206 = VERTEX_POINT('',#207);
#207 = CARTESIAN_POINT('',(0.,0.5,61.495012437888));
#208 = SURFACE_CURVE('',#209,(#214,#243),.PCURVE_S1.);
#209 = B_SPLINE_CURVE_WITH_KNOTS('',3,(#210,#211,#212,#213),
  .UNSPECIFIED.,.F.,.F.,(4,4),(2.00738047558E-06,2.435198263944E-03),
  .PIECEWISE_BEZIER_KNOTS.);
#210 = CARTESIAN_POINT('',(0.,0.5,61.495012437888));
#211 = CARTESIAN_POINT('',(8.088581391938E-02,0.419114186081,
    60.682120068485));
#212 = CARTESIAN_POINT('',(0.25498909275,0.24501090725,59.909253508405)
  );
#213 = CARTESIAN_POINT('',(0.5,-4.082155997158E-16,59.1668333375));
#214 = PCURVE('',#153,#215);
#215 = DEFINITIONAL_REPRESENTATION('',(#216),#242);
#216 = B_SPLINE_CURVE_WITH_KNOTS('',3,(#217,#218,#219,#220,#221,#222,
    #223,#224,#225,#226,#227,#228,#229,#230,#231,#232,#233,#234,#235,
    #236,#237,#238,#239,#240,#241),.UNSPECIFIED.,.F.,.F.,(4,1,1,1,1,1,1,
    1,1,1,1,1,1,1,1,1,1,1,1,1,1,1,4),(2.00738047558E-06,
    1.126069660878E-04,2.232065517E-04,3.338061373122E-04,
    4.444057229244E-04,5.550053085366E-04,6.656048941488E-04,
    7.76204479761E-04,8.868040653732E-04,9.974036509853E-04,
    1.108003236598E-03,1.21860282221E-03,1.329202407822E-03,
    1.439801993434E-03,1.550401579046E-03,1.661001164659E-03,
    1.771600750271E-03,1.882200335883E-03,1.992799921495E-03,
    2.103399507107E-03,2.21399909272E-03,2.324598678332E-03,
    2.435198263944E-03),.QUASI_UNIFORM_KNOTS.);
#217 = CARTESIAN_POINT('',(4.910743502543,-0.5));
#218 = CARTESIAN_POINT('',(4.917988551198,-0.496323345377));
#219 = CARTESIAN_POINT('',(4.932430328303,-0.48858110528));
#220 = CARTESIAN_POINT('',(4.953945084879,-0.475816283655));
#221 = CARTESIAN_POINT('',(4.975308898257,-0.461915457389));
#222 = CARTESIAN_POINT('',(4.996519034085,-0.446893643143));
#223 = CARTESIAN_POINT('',(5.017572943122,-0.430765570397));
#224 = CARTESIAN_POINT('',(5.03846828037,-0.41354564324));
#225 = CARTESIAN_POINT('',(5.059202888267,-0.395247954753));
#226 = CARTESIAN_POINT('',(5.07977478949,-0.375886288555));
#227 = CARTESIAN_POINT('',(5.100182177274,-0.355474124957));
#228 = CARTESIAN_POINT('',(5.120423406543,-0.334024646951));
#229 = CARTESIAN_POINT('',(5.140496985042,-0.311550747222));
#230 = CARTESIAN_POINT('',(5.160401564753,-0.288065035762));
#231 = CARTESIAN_POINT('',(5.180135933557,-0.263579848105));
#232 = CARTESIAN_POINT('',(5.1996990072,-0.238107254092));
#233 = CARTESIAN_POINT('',(5.21908982158,-0.211659067098));
#234 = CARTESIAN_POINT('',(5.238307525383,-0.184246853609));
#235 = CARTESIAN_POINT('',(5.257351373025,-0.155881943268));
#236 = CARTESIAN_POINT('',(5.276220718174,-0.126575438637));
#237 = CARTESIAN_POINT('',(5.294915006819,-9.633822718376E-02));
#238 = CARTESIAN_POINT('',(5.313433773815,-6.518098581619E-02));
#239 = CARTESIAN_POINT('',(5.331776628167,-3.311421384132E-02));
#240 = CARTESIAN_POINT('',(5.343887730813,-1.113684474645E-02));
#241 = CARTESIAN_POINT('',(5.349913862533,0.));
#242 = ( GEOMETRIC_REPRESENTATION_CONTEXT(2) 
PARAMETRIC_REPRESENTATION_CONTEXT() REPRESENTATION_CONTEXT('2D SPACE',''
  ) );
#243 = PCURVE('',#244,#249);
#244 = PLANE('',#245);
#245 = AXIS2_PLACEMENT_3D('',#246,#247,#248);
#246 = CARTESIAN_POINT('',(0.5,-4.082155997158E-17,70.));
#247 = DIRECTION('',(0.707106781187,0.707106781187,0.));
#248 = DIRECTION('',(-0.707106781187,0.707106781187,0.));
#249 = DEFINITIONAL_REPRESENTATION('',(#250),#255);
#250 = B_SPLINE_CURVE_WITH_KNOTS('',3,(#251,#252,#253,#254),
  .UNSPECIFIED.,.F.,.F.,(4,4),(2.00738047558E-06,2.435198263944E-03),
  .PIECEWISE_BEZIER_KNOTS.);
#251 = CARTESIAN_POINT('',(0.707106781187,-8.504987562112));
#252 = CARTESIAN_POINT('',(0.592716966138,-9.317879931515));
#253 = CARTESIAN_POINT('',(0.346497747962,-10.09074649159));
#254 = CARTESIAN_POINT('',(-8.881784197001E-16,-10.8331666625));
#255 = ( GEOMETRIC_REPRESENTATION_CONTEXT(2) 
PARAMETRIC_REPRESENTATION_CONTEXT() REPRESENTATION_CONTEXT('2D SPACE',''
  ) );
#256 = ORIENTED_EDGE('',*,*,#257,.T.);
#257 = EDGE_CURVE('',#206,#258,#260,.T.);
#258 = VERTEX_POINT('',#259);
#259 = CARTESIAN_POINT('',(0.,0.5,63.504987562112));
#260 = SURFACE_CURVE('',#261,(#268,#297),.PCURVE_S1.);
#261 = B_SPLINE_CURVE_WITH_KNOTS('',3,(#262,#263,#264,#265,#266,#267),
  .UNSPECIFIED.,.F.,.F.,(4,2,4),(9.799256603426E-03,1.080602335934E-02,
    1.181279011526E-02),.UNSPECIFIED.);
#262 = CARTESIAN_POINT('',(0.,0.5,61.495012437888));
#263 = CARTESIAN_POINT('',(0.,0.565256667906,61.826169776415));
#264 = CARTESIAN_POINT('',(-0.,0.600062362026,62.165253697192));
#265 = CARTESIAN_POINT('',(-0.,0.599937464923,62.836606681888));
#266 = CARTESIAN_POINT('',(0.,0.565303943946,63.173590312354));
#267 = CARTESIAN_POINT('',(0.,0.5,63.504987562112));
#268 = PCURVE('',#153,#269);
#269 = DEFINITIONAL_REPRESENTATION('',(#270),#296);
#270 = B_SPLINE_CURVE_WITH_KNOTS('',3,(#271,#272,#273,#274,#275,#276,
    #277,#278,#279,#280,#281,#282,#283,#284,#285,#286,#287,#288,#289,
    #290,#291,#292,#293,#294,#295),.UNSPECIFIED.,.F.,.F.,(4,1,1,1,1,1,1,
    1,1,1,1,1,1,1,1,1,1,1,1,1,1,1,4),(9.799256603426E-03,
    9.890780853964E-03,9.982305104502E-03,1.007382935504E-02,
    1.016535360558E-02,1.025687785611E-02,1.034840210665E-02,
    1.043992635719E-02,1.053145060773E-02,1.062297485827E-02,
    1.07144991088E-02,1.080602335934E-02,1.089754760988E-02,
    1.098907186042E-02,1.108059611095E-02,1.117212036149E-02,
    1.126364461203E-02,1.135516886257E-02,1.14466931131E-02,
    1.153821736364E-02,1.162974161418E-02,1.172126586472E-02,
    1.181279011526E-02),.QUASI_UNIFORM_KNOTS.);
#271 = CARTESIAN_POINT('',(4.910743502543,-0.5));
#272 = CARTESIAN_POINT('',(4.904956335924,-0.505932608379));
#273 = CARTESIAN_POINT('',(4.893316152553,-0.517302162677));
#274 = CARTESIAN_POINT('',(4.875677165213,-0.532839906461));
#275 = CARTESIAN_POINT('',(4.857877982886,-0.546830570432));
#276 = CARTESIAN_POINT('',(4.839938245728,-0.559246783975));
#277 = CARTESIAN_POINT('',(4.821878238688,-0.570063351517));
#278 = CARTESIAN_POINT('',(4.803718895268,-0.579257624428));
#279 = CARTESIAN_POINT('',(4.785481738465,-0.586809491831));
#280 = CARTESIAN_POINT('',(4.767188539534,-0.592701502206));
#281 = CARTESIAN_POINT('',(4.748862123569,-0.596918760745));
#282 = CARTESIAN_POINT('',(4.730522833271,-0.599449505006));
#283 = CARTESIAN_POINT('',(4.712201185363,-0.600283099052));
#284 = CARTESIAN_POINT('',(4.693890080153,-0.599417579633));
#285 = CARTESIAN_POINT('',(4.675578375669,-0.596865654778));
#286 = CARTESIAN_POINT('',(4.657292487222,-0.592636062335));
#287 = CARTESIAN_POINT('',(4.639048625814,-0.586741108603));
#288 = CARTESIAN_POINT('',(4.620865482449,-0.579194627082));
#289 = CARTESIAN_POINT('',(4.602760719787,-0.570012489536));
#290 = CARTESIAN_POINT('',(4.584751805196,-0.559212424794));
#291 = CARTESIAN_POINT('',(4.566855693883,-0.546813993966));
#292 = CARTESIAN_POINT('',(4.549088799141,-0.532838575345));
#293 = CARTESIAN_POINT('',(4.531466998091,-0.517309101275));
#294 = CARTESIAN_POINT('',(4.519825830526,-0.50593685332));
#295 = CARTESIAN_POINT('',(4.514034458226,-0.5));
#296 = ( GEOMETRIC_REPRESENTATION_CONTEXT(2) 
PARAMETRIC_REPRESENTATION_CONTEXT() REPRESENTATION_CONTEXT('2D SPACE',''
  ) );
#297 = PCURVE('',#298,#303);
#298 = PLANE('',#299);
#299 = AXIS2_PLACEMENT_3D('',#300,#301,#302);
#300 = CARTESIAN_POINT('',(0.,0.,70.));
#301 = DIRECTION('',(1.,0.,0.));
#302 = DIRECTION('',(0.,0.,-1.));
#303 = DEFINITIONAL_REPRESENTATION('',(#304),#311);
#304 = B_SPLINE_CURVE_WITH_KNOTS('',3,(#305,#306,#307,#308,#309,#310),
  .UNSPECIFIED.,.F.,.F.,(4,2,4),(9.799256603426E-03,1.080602335934E-02,
    1.181279011526E-02),.UNSPECIFIED.);
#305 = CARTESIAN_POINT('',(8.504987562112,0.5));
#306 = CARTESIAN_POINT('',(8.173830223585,0.565256667906));
#307 = CARTESIAN_POINT('',(7.834746302808,0.600062362026));
#308 = CARTESIAN_POINT('',(7.163393318112,0.599937464923));
#309 = CARTESIAN_POINT('',(6.826409687646,0.565303943946));
#310 = CARTESIAN_POINT('',(6.495012437888,0.5));
#311 = ( GEOMETRIC_REPRESENTATION_CONTEXT(2) 
PARAMETRIC_REPRESENTATION_CONTEXT() REPRESENTATION_CONTEXT('2D SPACE',''
  ) );
#312 = ORIENTED_EDGE('',*,*,#313,.F.);
#313 = EDGE_CURVE('',#314,#258,#316,.T.);
#314 = VERTEX_POINT('',#315);
#315 = CARTESIAN_POINT('',(0.5,-4.082155997158E-16,65.8331666625));
#316 = SURFACE_CURVE('',#317,(#322,#351),.PCURVE_S1.);
#317 = B_SPLINE_CURVE_WITH_KNOTS('',3,(#318,#319,#320,#321),
  .UNSPECIFIED.,.F.,.F.,(4,4),(6.620105749613E-07,2.433852894043E-03),
  .PIECEWISE_BEZIER_KNOTS.);
#318 = CARTESIAN_POINT('',(0.5,-4.082155997158E-16,65.8331666625));
#319 = CARTESIAN_POINT('',(0.25498909275,0.24501090725,65.090746491595)
  );
#320 = CARTESIAN_POINT('',(8.088581391938E-02,0.419114186081,
    64.317879931515));
#321 = CARTESIAN_POINT('',(0.,0.5,63.504987562112));
#322 = PCURVE('',#153,#323);
#323 = DEFINITIONAL_REPRESENTATION('',(#324),#350);
#324 = B_SPLINE_CURVE_WITH_KNOTS('',3,(#325,#326,#327,#328,#329,#330,
    #331,#332,#333,#334,#335,#336,#337,#338,#339,#340,#341,#342,#343,
    #344,#345,#346,#347,#348,#349),.UNSPECIFIED.,.F.,.F.,(4,1,1,1,1,1,1,
    1,1,1,1,1,1,1,1,1,1,1,1,1,1,1,4),(6.620105749613E-07,
    1.112615961872E-04,2.218611817994E-04,3.324607674116E-04,
    4.430603530237E-04,5.536599386359E-04,6.642595242481E-04,
    7.748591098603E-04,8.854586954725E-04,9.960582810847E-04,
    1.106657866697E-03,1.217257452309E-03,1.327857037921E-03,
    1.438456623534E-03,1.549056209146E-03,1.659655794758E-03,
    1.77025538037E-03,1.880854965982E-03,1.991454551595E-03,
    2.102054137207E-03,2.212653722819E-03,2.323253308431E-03,
    2.433852894043E-03),.QUASI_UNIFORM_KNOTS.);
#325 = CARTESIAN_POINT('',(4.074864098237,2.22044604925E-15));
#326 = CARTESIAN_POINT('',(4.080890229956,-1.113684474645E-02));
#327 = CARTESIAN_POINT('',(4.093001332602,-3.311421384132E-02));
#328 = CARTESIAN_POINT('',(4.111344186955,-6.518098581619E-02));
#329 = CARTESIAN_POINT('',(4.129862953951,-9.633822718377E-02));
#330 = CARTESIAN_POINT('',(4.148557242595,-0.126575438637));
#331 = CARTESIAN_POINT('',(4.167426587745,-0.155881943268));
#332 = CARTESIAN_POINT('',(4.186470435386,-0.184246853609));
#333 = CARTESIAN_POINT('',(4.205688139189,-0.211659067098));
#334 = CARTESIAN_POINT('',(4.225078953569,-0.238107254092));
#335 = CARTESIAN_POINT('',(4.244642027213,-0.263579848105));
#336 = CARTESIAN_POINT('',(4.264376396016,-0.288065035762));
#337 = CARTESIAN_POINT('',(4.284280975727,-0.311550747222));
#338 = CARTESIAN_POINT('',(4.304354554226,-0.334024646951));
#339 = CARTESIAN_POINT('',(4.324595783495,-0.355474124957));
#340 = CARTESIAN_POINT('',(4.345003171279,-0.375886288555));
#341 = CARTESIAN_POINT('',(4.365575072503,-0.395247954753));
#342 = CARTESIAN_POINT('',(4.386309680399,-0.41354564324));
#343 = CARTESIAN_POINT('',(4.407205017648,-0.430765570397));
#344 = CARTESIAN_POINT('',(4.428258926684,-0.446893643143));
#345 = CARTESIAN_POINT('',(4.449469062512,-0.461915457389));
#346 = CARTESIAN_POINT('',(4.47083287589,-0.475816283655));
#347 = CARTESIAN_POINT('',(4.492347632467,-0.48858110528));
#348 = CARTESIAN_POINT('',(4.506789409572,-0.496323345377));
#349 = CARTESIAN_POINT('',(4.514034458226,-0.5));
#350 = ( GEOMETRIC_REPRESENTATION_CONTEXT(2) 
PARAMETRIC_REPRESENTATION_CONTEXT() REPRESENTATION_CONTEXT('2D SPACE',''
  ) );
#351 = PCURVE('',#352,#357);
#352 = PLANE('',#353);
#353 = AXIS2_PLACEMENT_3D('',#354,#355,#356);
#354 = CARTESIAN_POINT('',(0.5,-4.082155997158E-17,70.));
#355 = DIRECTION('',(0.707106781187,0.707106781187,0.));
#356 = DIRECTION('',(-0.707106781187,0.707106781187,0.));
#357 = DEFINITIONAL_REPRESENTATION('',(#358),#363);
#358 = B_SPLINE_CURVE_WITH_KNOTS('',3,(#359,#360,#361,#362),
  .UNSPECIFIED.,.F.,.F.,(4,4),(6.620105749613E-07,2.433852894043E-03),
  .PIECEWISE_BEZIER_KNOTS.);
#359 = CARTESIAN_POINT('',(-8.881784197001E-16,-4.1668333375));
#360 = CARTESIAN_POINT('',(0.346497747962,-4.909253508405));
#361 = CARTESIAN_POINT('',(0.592716966138,-5.682120068485));
#362 = CARTESIAN_POINT('',(0.707106781187,-6.495012437888));
#363 = ( GEOMETRIC_REPRESENTATION_CONTEXT(2) 
PARAMETRIC_REPRESENTATION_CONTEXT() REPRESENTATION_CONTEXT('2D SPACE',''
  ) );
#364 = ORIENTED_EDGE('',*,*,#365,.F.);
#365 = EDGE_CURVE('',#366,#314,#368,.T.);
#366 = VERTEX_POINT('',#367);
#367 = CARTESIAN_POINT('',(5.,-4.082155997158E-16,68.1));
#368 = SURFACE_CURVE('',#369,(#374,#381),.PCURVE_S1.);
#369 = CIRCLE('',#370,5.6);
#370 = AXIS2_PLACEMENT_3D('',#371,#372,#373);
#371 = CARTESIAN_POINT('',(5.,-4.082155997158E-16,62.5));
#372 = DIRECTION('',(0.,-1.,-0.));
#373 = DIRECTION('',(0.,0.,-1.));
#374 = PCURVE('',#153,#375);
#375 = DEFINITIONAL_REPRESENTATION('',(#376),#380);
#376 = LINE('',#377,#378);
#377 = CARTESIAN_POINT('',(0.,-1.506782375405E-14));
#378 = VECTOR('',#379,1.);
#379 = DIRECTION('',(1.,3.806731363291E-15));
#380 = ( GEOMETRIC_REPRESENTATION_CONTEXT(2) 
PARAMETRIC_REPRESENTATION_CONTEXT() REPRESENTATION_CONTEXT('2D SPACE',''
  ) );
#381 = PCURVE('',#73,#382);
#382 = DEFINITIONAL_REPRESENTATION('',(#383),#391);
#383 = ( BOUNDED_CURVE() B_SPLINE_CURVE(2,(#384,#385,#386,#387,#388,#389
,#390),.UNSPECIFIED.,.T.,.F.) B_SPLINE_CURVE_WITH_KNOTS((1,2,2,2,2,1),(
    -2.094395102393,0.,2.094395102393,4.188790204786,6.28318530718,
8.377580409573),.UNSPECIFIED.) CURVE() GEOMETRIC_REPRESENTATION_ITEM() 
RATIONAL_B_SPLINE_CURVE((1.,0.5,1.,0.5,1.,0.5,1.)) REPRESENTATION_ITEM(
  '') );
#384 = CARTESIAN_POINT('',(10.,-13.1));
#385 = CARTESIAN_POINT('',(0.300515477614,-13.1));
#386 = CARTESIAN_POINT('',(5.150257738807,-4.7));
#387 = CARTESIAN_POINT('',(10.,3.7));
#388 = CARTESIAN_POINT('',(14.849742261193,-4.7));
#389 = CARTESIAN_POINT('',(19.699484522386,-13.1));
#390 = CARTESIAN_POINT('',(10.,-13.1));
#391 = ( GEOMETRIC_REPRESENTATION_CONTEXT(2) 
PARAMETRIC_REPRESENTATION_CONTEXT() REPRESENTATION_CONTEXT('2D SPACE',''
  ) );
#392 = ORIENTED_EDGE('',*,*,#393,.F.);
#393 = EDGE_CURVE('',#394,#366,#396,.T.);
#394 = VERTEX_POINT('',#395);
#395 = CARTESIAN_POINT('',(5.,2.95,65.15));
#396 = SURFACE_CURVE('',#397,(#401,#408),.PCURVE_S1.);
#397 = LINE('',#398,#399);
#398 = CARTESIAN_POINT('',(5.,-4.082155997158E-16,68.1));
#399 = VECTOR('',#400,1.);
#400 = DIRECTION('',(8.659560562355E-17,-0.707106781187,0.707106781187)
  );
#401 = PCURVE('',#153,#402);
#402 = DEFINITIONAL_REPRESENTATION('',(#403),#407);
#403 = LINE('',#404,#405);
#404 = CARTESIAN_POINT('',(3.14159265359,0.));
#405 = VECTOR('',#406,1.);
#406 = DIRECTION('',(0.,1.));
#407 = ( GEOMETRIC_REPRESENTATION_CONTEXT(2) 
PARAMETRIC_REPRESENTATION_CONTEXT() REPRESENTATION_CONTEXT('2D SPACE',''
  ) );
#408 = PCURVE('',#165,#409);
#409 = DEFINITIONAL_REPRESENTATION('',(#410),#414);
#410 = LINE('',#411,#412);
#411 = CARTESIAN_POINT('',(3.14159265359,0.));
#412 = VECTOR('',#413,1.);
#413 = DIRECTION('',(0.,1.));
#414 = ( GEOMETRIC_REPRESENTATION_CONTEXT(2) 
PARAMETRIC_REPRESENTATION_CONTEXT() REPRESENTATION_CONTEXT('2D SPACE',''
  ) );
#415 = ORIENTED_EDGE('',*,*,#416,.T.);
#416 = EDGE_CURVE('',#394,#143,#417,.T.);
#417 = SURFACE_CURVE('',#418,(#423,#430),.PCURVE_S1.);
#418 = CIRCLE('',#419,2.65);
#419 = AXIS2_PLACEMENT_3D('',#420,#421,#422);
#420 = CARTESIAN_POINT('',(5.,2.95,62.5));
#421 = DIRECTION('',(0.,-1.,-0.));
#422 = DIRECTION('',(0.,0.,-1.));
#423 = PCURVE('',#153,#424);
#424 = DEFINITIONAL_REPRESENTATION('',(#425),#429);
#425 = LINE('',#426,#427);
#426 = CARTESIAN_POINT('',(0.,-2.95));
#427 = VECTOR('',#428,1.);
#428 = DIRECTION('',(1.,-9.995519036433E-16));
#429 = ( GEOMETRIC_REPRESENTATION_CONTEXT(2) 
PARAMETRIC_REPRESENTATION_CONTEXT() REPRESENTATION_CONTEXT('2D SPACE',''
  ) );
#430 = PCURVE('',#431,#436);
#431 = CYLINDRICAL_SURFACE('',#432,2.65);
#432 = AXIS2_PLACEMENT_3D('',#433,#434,#435);
#433 = CARTESIAN_POINT('',(5.,-4.082155997158E-16,62.5));
#434 = DIRECTION('',(-0.,-1.,-0.));
#435 = DIRECTION('',(0.,0.,-1.));
#436 = DEFINITIONAL_REPRESENTATION('',(#437),#441);
#437 = LINE('',#438,#439);
#438 = CARTESIAN_POINT('',(0.,-2.95));
#439 = VECTOR('',#440,1.);
#440 = DIRECTION('',(1.,0.));
#441 = ( GEOMETRIC_REPRESENTATION_CONTEXT(2) 
PARAMETRIC_REPRESENTATION_CONTEXT() REPRESENTATION_CONTEXT('2D SPACE',''
  ) );
#442 = ADVANCED_FACE('',(#443),#431,.F.);
#443 = FACE_BOUND('',#444,.F.);
#444 = EDGE_LOOP('',(#445,#473,#474,#497));
#445 = ORIENTED_EDGE('',*,*,#446,.T.);
#446 = EDGE_CURVE('',#447,#143,#449,.T.);
#447 = VERTEX_POINT('',#448);
#448 = CARTESIAN_POINT('',(5.,14.,59.85));
#449 = SURFACE_CURVE('',#450,(#454,#461),.PCURVE_S1.);
#450 = LINE('',#451,#452);
#451 = CARTESIAN_POINT('',(5.,-4.082155997158E-16,59.85));
#452 = VECTOR('',#453,1.);
#453 = DIRECTION('',(-0.,-1.,-0.));
#454 = PCURVE('',#431,#455);
#455 = DEFINITIONAL_REPRESENTATION('',(#456),#460);
#456 = LINE('',#457,#458);
#457 = CARTESIAN_POINT('',(6.28318530718,0.));
#458 = VECTOR('',#459,1.);
#459 = DIRECTION('',(0.,1.));
#460 = ( GEOMETRIC_REPRESENTATION_CONTEXT(2) 
PARAMETRIC_REPRESENTATION_CONTEXT() REPRESENTATION_CONTEXT('2D SPACE',''
  ) );
#461 = PCURVE('',#462,#467);
#462 = CYLINDRICAL_SURFACE('',#463,2.65);
#463 = AXIS2_PLACEMENT_3D('',#464,#465,#466);
#464 = CARTESIAN_POINT('',(5.,-4.082155997158E-16,62.5));
#465 = DIRECTION('',(-0.,-1.,-0.));
#466 = DIRECTION('',(0.,0.,-1.));
#467 = DEFINITIONAL_REPRESENTATION('',(#468),#472);
#468 = LINE('',#469,#470);
#469 = CARTESIAN_POINT('',(0.,0.));
#470 = VECTOR('',#471,1.);
#471 = DIRECTION('',(0.,1.));
#472 = ( GEOMETRIC_REPRESENTATION_CONTEXT(2) 
PARAMETRIC_REPRESENTATION_CONTEXT() REPRESENTATION_CONTEXT('2D SPACE',''
  ) );
#473 = ORIENTED_EDGE('',*,*,#416,.F.);
#474 = ORIENTED_EDGE('',*,*,#475,.F.);
#475 = EDGE_CURVE('',#476,#394,#478,.T.);
#476 = VERTEX_POINT('',#477);
#477 = CARTESIAN_POINT('',(5.,14.,65.15));
#478 = SURFACE_CURVE('',#479,(#483,#490),.PCURVE_S1.);
#479 = LINE('',#480,#481);
#480 = CARTESIAN_POINT('',(5.,-4.082155997158E-16,65.15));
#481 = VECTOR('',#482,1.);
#482 = DIRECTION('',(-0.,-1.,-0.));
#483 = PCURVE('',#431,#484);
#484 = DEFINITIONAL_REPRESENTATION('',(#485),#489);
#485 = LINE('',#486,#487);
#486 = CARTESIAN_POINT('',(3.14159265359,0.));
#487 = VECTOR('',#488,1.);
#488 = DIRECTION('',(0.,1.));
#489 = ( GEOMETRIC_REPRESENTATION_CONTEXT(2) 
PARAMETRIC_REPRESENTATION_CONTEXT() REPRESENTATION_CONTEXT('2D SPACE',''
  ) );
#490 = PCURVE('',#462,#491);
#491 = DEFINITIONAL_REPRESENTATION('',(#492),#496);
#492 = LINE('',#493,#494);
#493 = CARTESIAN_POINT('',(3.14159265359,0.));
#494 = VECTOR('',#495,1.);
#495 = DIRECTION('',(0.,1.));
#496 = ( GEOMETRIC_REPRESENTATION_CONTEXT(2) 
PARAMETRIC_REPRESENTATION_CONTEXT() REPRESENTATION_CONTEXT('2D SPACE',''
  ) );
#497 = ORIENTED_EDGE('',*,*,#498,.T.);
#498 = EDGE_CURVE('',#476,#447,#499,.T.);
#499 = SURFACE_CURVE('',#500,(#505,#512),.PCURVE_S1.);
#500 = CIRCLE('',#501,2.65);
#501 = AXIS2_PLACEMENT_3D('',#502,#503,#504);
#502 = CARTESIAN_POINT('',(5.,14.,62.5));
#503 = DIRECTION('',(0.,-1.,-0.));
#504 = DIRECTION('',(0.,0.,-1.));
#505 = PCURVE('',#431,#506);
#506 = DEFINITIONAL_REPRESENTATION('',(#507),#511);
#507 = LINE('',#508,#509);
#508 = CARTESIAN_POINT('',(0.,-14.));
#509 = VECTOR('',#510,1.);
#510 = DIRECTION('',(1.,0.));
#511 = ( GEOMETRIC_REPRESENTATION_CONTEXT(2) 
PARAMETRIC_REPRESENTATION_CONTEXT() REPRESENTATION_CONTEXT('2D SPACE',''
  ) );
#512 = PCURVE('',#127,#513);
#513 = DEFINITIONAL_REPRESENTATION('',(#514),#518);
#514 = CIRCLE('',#515,2.65);
#515 = AXIS2_PLACEMENT_2D('',#516,#517);
#516 = CARTESIAN_POINT('',(7.5,5.));
#517 = DIRECTION('',(1.,0.));
#518 = ( GEOMETRIC_REPRESENTATION_CONTEXT(2) 
PARAMETRIC_REPRESENTATION_CONTEXT() REPRESENTATION_CONTEXT('2D SPACE',''
  ) );
#519 = ADVANCED_FACE('',(#520),#534,.F.);
#520 = FACE_BOUND('',#521,.F.);
#521 = EDGE_LOOP('',(#522,#557,#585,#637,#688,#735,#763,#786));
#522 = ORIENTED_EDGE('',*,*,#523,.T.);
#523 = EDGE_CURVE('',#524,#526,#528,.T.);
#524 = VERTEX_POINT('',#525);
#525 = CARTESIAN_POINT('',(5.,2.95,4.85));
#526 = VERTEX_POINT('',#527);
#527 = CARTESIAN_POINT('',(5.,-4.082155997158E-16,1.9));
#528 = SURFACE_CURVE('',#529,(#533,#545),.PCURVE_S1.);
#529 = LINE('',#530,#531);
#530 = CARTESIAN_POINT('',(5.,-4.082155997158E-16,1.9));
#531 = VECTOR('',#532,1.);
#532 = DIRECTION('',(0.,-0.707106781187,-0.707106781187));
#533 = PCURVE('',#534,#539);
#534 = CONICAL_SURFACE('',#535,5.6,0.785398163397);
#535 = AXIS2_PLACEMENT_3D('',#536,#537,#538);
#536 = CARTESIAN_POINT('',(5.,-4.082155997158E-16,7.5));
#537 = DIRECTION('',(-0.,-1.,-0.));
#538 = DIRECTION('',(0.,0.,-1.));
#539 = DEFINITIONAL_REPRESENTATION('',(#540),#544);
#540 = LINE('',#541,#542);
#541 = CARTESIAN_POINT('',(6.28318530718,0.));
#542 = VECTOR('',#543,1.);
#543 = DIRECTION('',(0.,1.));
#544 = ( GEOMETRIC_REPRESENTATION_CONTEXT(2) 
PARAMETRIC_REPRESENTATION_CONTEXT() REPRESENTATION_CONTEXT('2D SPACE',''
  ) );
#545 = PCURVE('',#546,#551);
#546 = CONICAL_SURFACE('',#547,5.6,0.785398163397);
#547 = AXIS2_PLACEMENT_3D('',#548,#549,#550);
#548 = CARTESIAN_POINT('',(5.,-4.082155997158E-16,7.5));
#549 = DIRECTION('',(-0.,-1.,-0.));
#550 = DIRECTION('',(0.,0.,-1.));
#551 = DEFINITIONAL_REPRESENTATION('',(#552),#556);
#552 = LINE('',#553,#554);
#553 = CARTESIAN_POINT('',(0.,0.));
#554 = VECTOR('',#555,1.);
#555 = DIRECTION('',(0.,1.));
#556 = ( GEOMETRIC_REPRESENTATION_CONTEXT(2) 
PARAMETRIC_REPRESENTATION_CONTEXT() REPRESENTATION_CONTEXT('2D SPACE',''
  ) );
#557 = ORIENTED_EDGE('',*,*,#558,.F.);
#558 = EDGE_CURVE('',#559,#526,#561,.T.);
#559 = VERTEX_POINT('',#560);
#560 = CARTESIAN_POINT('',(0.5,-4.082155997158E-16,4.1668333375));
#561 = SURFACE_CURVE('',#562,(#567,#574),.PCURVE_S1.);
#562 = CIRCLE('',#563,5.6);
#563 = AXIS2_PLACEMENT_3D('',#564,#565,#566);
#564 = CARTESIAN_POINT('',(5.,-4.082155997158E-16,7.5));
#565 = DIRECTION('',(0.,-1.,-0.));
#566 = DIRECTION('',(0.,0.,-1.));
#567 = PCURVE('',#534,#568);
#568 = DEFINITIONAL_REPRESENTATION('',(#569),#573);
#569 = LINE('',#570,#571);
#570 = CARTESIAN_POINT('',(0.,0.));
#571 = VECTOR('',#572,1.);
#572 = DIRECTION('',(1.,0.));
#573 = ( GEOMETRIC_REPRESENTATION_CONTEXT(2) 
PARAMETRIC_REPRESENTATION_CONTEXT() REPRESENTATION_CONTEXT('2D SPACE',''
  ) );
#574 = PCURVE('',#73,#575);
#575 = DEFINITIONAL_REPRESENTATION('',(#576),#584);
#576 = ( BOUNDED_CURVE() B_SPLINE_CURVE(2,(#577,#578,#579,#580,#581,#582
,#583),.UNSPECIFIED.,.T.,.F.) B_SPLINE_CURVE_WITH_KNOTS((1,2,2,2,2,1),(
    -2.094395102393,0.,2.094395102393,4.188790204786,6.28318530718,
8.377580409573),.UNSPECIFIED.) CURVE() GEOMETRIC_REPRESENTATION_ITEM() 
RATIONAL_B_SPLINE_CURVE((1.,0.5,1.,0.5,1.,0.5,1.)) REPRESENTATION_ITEM(
  '') );
#577 = CARTESIAN_POINT('',(10.,-68.1));
#578 = CARTESIAN_POINT('',(0.300515477614,-68.1));
#579 = CARTESIAN_POINT('',(5.150257738807,-59.7));
#580 = CARTESIAN_POINT('',(10.,-51.3));
#581 = CARTESIAN_POINT('',(14.849742261193,-59.7));
#582 = CARTESIAN_POINT('',(19.699484522386,-68.1));
#583 = CARTESIAN_POINT('',(10.,-68.1));
#584 = ( GEOMETRIC_REPRESENTATION_CONTEXT(2) 
PARAMETRIC_REPRESENTATION_CONTEXT() REPRESENTATION_CONTEXT('2D SPACE',''
  ) );
#585 = ORIENTED_EDGE('',*,*,#586,.F.);
#586 = EDGE_CURVE('',#587,#559,#589,.T.);
#587 = VERTEX_POINT('',#588);
#588 = CARTESIAN_POINT('',(0.,0.5,6.495012437888));
#589 = SURFACE_CURVE('',#590,(#595,#624),.PCURVE_S1.);
#590 = B_SPLINE_CURVE_WITH_KNOTS('',3,(#591,#592,#593,#594),
  .UNSPECIFIED.,.F.,.F.,(4,4),(2.007380475579E-06,2.435198263944E-03),
  .PIECEWISE_BEZIER_KNOTS.);
#591 = CARTESIAN_POINT('',(0.,0.5,6.495012437888));
#592 = CARTESIAN_POINT('',(8.088581391938E-02,0.419114186081,
    5.682120068485));
#593 = CARTESIAN_POINT('',(0.25498909275,0.24501090725,4.909253508405));
#594 = CARTESIAN_POINT('',(0.5,-4.082155997158E-16,4.1668333375));
#595 = PCURVE('',#534,#596);
#596 = DEFINITIONAL_REPRESENTATION('',(#597),#623);
#597 = B_SPLINE_CURVE_WITH_KNOTS('',3,(#598,#599,#600,#601,#602,#603,
    #604,#605,#606,#607,#608,#609,#610,#611,#612,#613,#614,#615,#616,
    #617,#618,#619,#620,#621,#622),.UNSPECIFIED.,.F.,.F.,(4,1,1,1,1,1,1,
    1,1,1,1,1,1,1,1,1,1,1,1,1,1,1,4),(2.007380475579E-06,
    1.126069660878E-04,2.232065517E-04,3.338061373122E-04,
    4.444057229244E-04,5.550053085366E-04,6.656048941488E-04,
    7.76204479761E-04,8.868040653732E-04,9.974036509854E-04,
    1.108003236598E-03,1.21860282221E-03,1.329202407822E-03,
    1.439801993434E-03,1.550401579046E-03,1.661001164659E-03,
    1.771600750271E-03,1.882200335883E-03,1.992799921495E-03,
    2.103399507107E-03,2.21399909272E-03,2.324598678332E-03,
    2.435198263944E-03),.QUASI_UNIFORM_KNOTS.);
#598 = CARTESIAN_POINT('',(4.910743502543,-0.5));
#599 = CARTESIAN_POINT('',(4.917988551198,-0.496323345377));
#600 = CARTESIAN_POINT('',(4.932430328302,-0.48858110528));
#601 = CARTESIAN_POINT('',(4.953945084879,-0.475816283655));
#602 = CARTESIAN_POINT('',(4.975308898257,-0.461915457389));
#603 = CARTESIAN_POINT('',(4.996519034085,-0.446893643143));
#604 = CARTESIAN_POINT('',(5.017572943122,-0.430765570397));
#605 = CARTESIAN_POINT('',(5.03846828037,-0.41354564324));
#606 = CARTESIAN_POINT('',(5.059202888267,-0.395247954753));
#607 = CARTESIAN_POINT('',(5.07977478949,-0.375886288555));
#608 = CARTESIAN_POINT('',(5.100182177274,-0.355474124957));
#609 = CARTESIAN_POINT('',(5.120423406543,-0.334024646951));
#610 = CARTESIAN_POINT('',(5.140496985042,-0.311550747222));
#611 = CARTESIAN_POINT('',(5.160401564753,-0.288065035762));
#612 = CARTESIAN_POINT('',(5.180135933557,-0.263579848105));
#613 = CARTESIAN_POINT('',(5.1996990072,-0.238107254092));
#614 = CARTESIAN_POINT('',(5.21908982158,-0.211659067098));
#615 = CARTESIAN_POINT('',(5.238307525383,-0.184246853609));
#616 = CARTESIAN_POINT('',(5.257351373025,-0.155881943268));
#617 = CARTESIAN_POINT('',(5.276220718174,-0.126575438637));
#618 = CARTESIAN_POINT('',(5.294915006819,-9.633822718376E-02));
#619 = CARTESIAN_POINT('',(5.313433773815,-6.518098581619E-02));
#620 = CARTESIAN_POINT('',(5.331776628167,-3.311421384132E-02));
#621 = CARTESIAN_POINT('',(5.343887730813,-1.113684474645E-02));
#622 = CARTESIAN_POINT('',(5.349913862533,0.));
#623 = ( GEOMETRIC_REPRESENTATION_CONTEXT(2) 
PARAMETRIC_REPRESENTATION_CONTEXT() REPRESENTATION_CONTEXT('2D SPACE',''
  ) );
#624 = PCURVE('',#625,#630);
#625 = PLANE('',#626);
#626 = AXIS2_PLACEMENT_3D('',#627,#628,#629);
#627 = CARTESIAN_POINT('',(0.5,-4.082155997158E-17,70.));
#628 = DIRECTION('',(0.707106781187,0.707106781187,0.));
#629 = DIRECTION('',(-0.707106781187,0.707106781187,0.));
#630 = DEFINITIONAL_REPRESENTATION('',(#631),#636);
#631 = B_SPLINE_CURVE_WITH_KNOTS('',3,(#632,#633,#634,#635),
  .UNSPECIFIED.,.F.,.F.,(4,4),(2.007380475579E-06,2.435198263944E-03),
  .PIECEWISE_BEZIER_KNOTS.);
#632 = CARTESIAN_POINT('',(0.707106781187,-63.50498756211));
#633 = CARTESIAN_POINT('',(0.592716966138,-64.31787993151));
#634 = CARTESIAN_POINT('',(0.346497747962,-65.09074649159));
#635 = CARTESIAN_POINT('',(-8.881784197001E-16,-65.8331666625));
#636 = ( GEOMETRIC_REPRESENTATION_CONTEXT(2) 
PARAMETRIC_REPRESENTATION_CONTEXT() REPRESENTATION_CONTEXT('2D SPACE',''
  ) );
#637 = ORIENTED_EDGE('',*,*,#638,.T.);
#638 = EDGE_CURVE('',#587,#639,#641,.T.);
#639 = VERTEX_POINT('',#640);
#640 = CARTESIAN_POINT('',(0.,0.5,8.504987562112));
#641 = SURFACE_CURVE('',#642,(#649,#678),.PCURVE_S1.);
#642 = B_SPLINE_CURVE_WITH_KNOTS('',3,(#643,#644,#645,#646,#647,#648),
  .UNSPECIFIED.,.F.,.F.,(4,2,4),(9.799256603408E-03,1.080602335932E-02,
    1.181279011524E-02),.UNSPECIFIED.);
#643 = CARTESIAN_POINT('',(0.,0.5,6.495012437888));
#644 = CARTESIAN_POINT('',(0.,0.565256667906,6.826169776415));
#645 = CARTESIAN_POINT('',(-0.,0.600062362026,7.165253697192));
#646 = CARTESIAN_POINT('',(-0.,0.599937464923,7.836606681888));
#647 = CARTESIAN_POINT('',(0.,0.565303943946,8.173590312354));
#648 = CARTESIAN_POINT('',(0.,0.5,8.504987562112));
#649 = PCURVE('',#534,#650);
#650 = DEFINITIONAL_REPRESENTATION('',(#651),#677);
#651 = B_SPLINE_CURVE_WITH_KNOTS('',3,(#652,#653,#654,#655,#656,#657,
    #658,#659,#660,#661,#662,#663,#664,#665,#666,#667,#668,#669,#670,
    #671,#672,#673,#674,#675,#676),.UNSPECIFIED.,.F.,.F.,(4,1,1,1,1,1,1,
    1,1,1,1,1,1,1,1,1,1,1,1,1,1,1,4),(9.799256603408E-03,
    9.890780853945E-03,9.982305104483E-03,1.007382935502E-02,
    1.016535360556E-02,1.02568778561E-02,1.034840210663E-02,
    1.043992635717E-02,1.053145060771E-02,1.062297485825E-02,
    1.071449910878E-02,1.080602335932E-02,1.089754760986E-02,
    1.09890718604E-02,1.108059611094E-02,1.117212036147E-02,
    1.126364461201E-02,1.135516886255E-02,1.144669311309E-02,
    1.153821736362E-02,1.162974161416E-02,1.17212658647E-02,
    1.181279011524E-02),.QUASI_UNIFORM_KNOTS.);
#652 = CARTESIAN_POINT('',(4.910743502543,-0.5));
#653 = CARTESIAN_POINT('',(4.904956335924,-0.505932608379));
#654 = CARTESIAN_POINT('',(4.893316152553,-0.517302162677));
#655 = CARTESIAN_POINT('',(4.875677165213,-0.532839906461));
#656 = CARTESIAN_POINT('',(4.857877982886,-0.546830570432));
#657 = CARTESIAN_POINT('',(4.839938245728,-0.559246783975));
#658 = CARTESIAN_POINT('',(4.821878238688,-0.570063351517));
#659 = CARTESIAN_POINT('',(4.803718895268,-0.579257624428));
#660 = CARTESIAN_POINT('',(4.785481738465,-0.586809491831));
#661 = CARTESIAN_POINT('',(4.767188539534,-0.592701502206));
#662 = CARTESIAN_POINT('',(4.748862123569,-0.596918760745));
#663 = CARTESIAN_POINT('',(4.730522833271,-0.599449505006));
#664 = CARTESIAN_POINT('',(4.712201185363,-0.600283099052));
#665 = CARTESIAN_POINT('',(4.693890080153,-0.599417579633));
#666 = CARTESIAN_POINT('',(4.675578375669,-0.596865654778));
#667 = CARTESIAN_POINT('',(4.657292487222,-0.592636062335));
#668 = CARTESIAN_POINT('',(4.639048625814,-0.586741108603));
#669 = CARTESIAN_POINT('',(4.620865482449,-0.579194627082));
#670 = CARTESIAN_POINT('',(4.602760719787,-0.570012489536));
#671 = CARTESIAN_POINT('',(4.584751805196,-0.559212424794));
#672 = CARTESIAN_POINT('',(4.566855693883,-0.546813993966));
#673 = CARTESIAN_POINT('',(4.549088799141,-0.532838575345));
#674 = CARTESIAN_POINT('',(4.531466998091,-0.517309101275));
#675 = CARTESIAN_POINT('',(4.519825830526,-0.50593685332));
#676 = CARTESIAN_POINT('',(4.514034458226,-0.5));
#677 = ( GEOMETRIC_REPRESENTATION_CONTEXT(2) 
PARAMETRIC_REPRESENTATION_CONTEXT() REPRESENTATION_CONTEXT('2D SPACE',''
  ) );
#678 = PCURVE('',#298,#679);
#679 = DEFINITIONAL_REPRESENTATION('',(#680),#687);
#680 = B_SPLINE_CURVE_WITH_KNOTS('',3,(#681,#682,#683,#684,#685,#686),
  .UNSPECIFIED.,.F.,.F.,(4,2,4),(9.799256603408E-03,1.080602335932E-02,
    1.181279011524E-02),.UNSPECIFIED.);
#681 = CARTESIAN_POINT('',(63.504987562112,0.5));
#682 = CARTESIAN_POINT('',(63.173830223585,0.565256667906));
#683 = CARTESIAN_POINT('',(62.834746302808,0.600062362026));
#684 = CARTESIAN_POINT('',(62.163393318112,0.599937464923));
#685 = CARTESIAN_POINT('',(61.826409687646,0.565303943946));
#686 = CARTESIAN_POINT('',(61.495012437888,0.5));
#687 = ( GEOMETRIC_REPRESENTATION_CONTEXT(2) 
PARAMETRIC_REPRESENTATION_CONTEXT() REPRESENTATION_CONTEXT('2D SPACE',''
  ) );
#688 = ORIENTED_EDGE('',*,*,#689,.F.);
#689 = EDGE_CURVE('',#690,#639,#692,.T.);
#690 = VERTEX_POINT('',#691);
#691 = CARTESIAN_POINT('',(0.5,-4.082155997158E-16,10.8331666625));
#692 = SURFACE_CURVE('',#693,(#698,#727),.PCURVE_S1.);
#693 = B_SPLINE_CURVE_WITH_KNOTS('',3,(#694,#695,#696,#697),
  .UNSPECIFIED.,.F.,.F.,(4,4),(6.62010574969E-07,2.433852894043E-03),
  .PIECEWISE_BEZIER_KNOTS.);
#694 = CARTESIAN_POINT('',(0.5,-4.082155997158E-16,10.8331666625));
#695 = CARTESIAN_POINT('',(0.25498909275,0.24501090725,10.090746491595)
  );
#696 = CARTESIAN_POINT('',(8.088581391938E-02,0.419114186081,
    9.317879931515));
#697 = CARTESIAN_POINT('',(0.,0.5,8.504987562112));
#698 = PCURVE('',#534,#699);
#699 = DEFINITIONAL_REPRESENTATION('',(#700),#726);
#700 = B_SPLINE_CURVE_WITH_KNOTS('',3,(#701,#702,#703,#704,#705,#706,
    #707,#708,#709,#710,#711,#712,#713,#714,#715,#716,#717,#718,#719,
    #720,#721,#722,#723,#724,#725),.UNSPECIFIED.,.F.,.F.,(4,1,1,1,1,1,1,
    1,1,1,1,1,1,1,1,1,1,1,1,1,1,1,4),(6.62010574969E-07,
    1.112615961872E-04,2.218611817994E-04,3.324607674116E-04,
    4.430603530238E-04,5.53659938636E-04,6.642595242482E-04,
    7.748591098604E-04,8.854586954725E-04,9.960582810847E-04,
    1.106657866697E-03,1.217257452309E-03,1.327857037921E-03,
    1.438456623534E-03,1.549056209146E-03,1.659655794758E-03,
    1.77025538037E-03,1.880854965982E-03,1.991454551595E-03,
    2.102054137207E-03,2.212653722819E-03,2.323253308431E-03,
    2.433852894043E-03),.QUASI_UNIFORM_KNOTS.);
#701 = CARTESIAN_POINT('',(4.074864098237,4.440892098501E-16));
#702 = CARTESIAN_POINT('',(4.080890229956,-1.113684474645E-02));
#703 = CARTESIAN_POINT('',(4.093001332602,-3.311421384132E-02));
#704 = CARTESIAN_POINT('',(4.111344186955,-6.518098581619E-02));
#705 = CARTESIAN_POINT('',(4.129862953951,-9.633822718376E-02));
#706 = CARTESIAN_POINT('',(4.148557242595,-0.126575438637));
#707 = CARTESIAN_POINT('',(4.167426587745,-0.155881943268));
#708 = CARTESIAN_POINT('',(4.186470435386,-0.184246853609));
#709 = CARTESIAN_POINT('',(4.205688139189,-0.211659067098));
#710 = CARTESIAN_POINT('',(4.225078953569,-0.238107254092));
#711 = CARTESIAN_POINT('',(4.244642027213,-0.263579848105));
#712 = CARTESIAN_POINT('',(4.264376396016,-0.288065035762));
#713 = CARTESIAN_POINT('',(4.284280975727,-0.311550747222));
#714 = CARTESIAN_POINT('',(4.304354554226,-0.334024646951));
#715 = CARTESIAN_POINT('',(4.324595783495,-0.355474124957));
#716 = CARTESIAN_POINT('',(4.345003171279,-0.375886288555));
#717 = CARTESIAN_POINT('',(4.365575072503,-0.395247954753));
#718 = CARTESIAN_POINT('',(4.386309680399,-0.41354564324));
#719 = CARTESIAN_POINT('',(4.407205017648,-0.430765570397));
#720 = CARTESIAN_POINT('',(4.428258926684,-0.446893643143));
#721 = CARTESIAN_POINT('',(4.449469062512,-0.461915457389));
#722 = CARTESIAN_POINT('',(4.47083287589,-0.475816283655));
#723 = CARTESIAN_POINT('',(4.492347632467,-0.48858110528));
#724 = CARTESIAN_POINT('',(4.506789409572,-0.496323345377));
#725 = CARTESIAN_POINT('',(4.514034458226,-0.5));
#726 = ( GEOMETRIC_REPRESENTATION_CONTEXT(2) 
PARAMETRIC_REPRESENTATION_CONTEXT() REPRESENTATION_CONTEXT('2D SPACE',''
  ) );
#727 = PCURVE('',#244,#728);
#728 = DEFINITIONAL_REPRESENTATION('',(#729),#734);
#729 = B_SPLINE_CURVE_WITH_KNOTS('',3,(#730,#731,#732,#733),
  .UNSPECIFIED.,.F.,.F.,(4,4),(6.62010574969E-07,2.433852894043E-03),
  .PIECEWISE_BEZIER_KNOTS.);
#730 = CARTESIAN_POINT('',(-8.881784197001E-16,-59.1668333375));
#731 = CARTESIAN_POINT('',(0.346497747962,-59.9092535084));
#732 = CARTESIAN_POINT('',(0.592716966138,-60.68212006848));
#733 = CARTESIAN_POINT('',(0.707106781187,-61.49501243788));
#734 = ( GEOMETRIC_REPRESENTATION_CONTEXT(2) 
PARAMETRIC_REPRESENTATION_CONTEXT() REPRESENTATION_CONTEXT('2D SPACE',''
  ) );
#735 = ORIENTED_EDGE('',*,*,#736,.F.);
#736 = EDGE_CURVE('',#737,#690,#739,.T.);
#737 = VERTEX_POINT('',#738);
#738 = CARTESIAN_POINT('',(5.,-4.082155997158E-16,13.1));
#739 = SURFACE_CURVE('',#740,(#745,#752),.PCURVE_S1.);
#740 = CIRCLE('',#741,5.6);
#741 = AXIS2_PLACEMENT_3D('',#742,#743,#744);
#742 = CARTESIAN_POINT('',(5.,-4.082155997158E-16,7.5));
#743 = DIRECTION('',(0.,-1.,-0.));
#744 = DIRECTION('',(0.,0.,-1.));
#745 = PCURVE('',#534,#746);
#746 = DEFINITIONAL_REPRESENTATION('',(#747),#751);
#747 = LINE('',#748,#749);
#748 = CARTESIAN_POINT('',(0.,-1.494899910638E-15));
#749 = VECTOR('',#750,1.);
#750 = DIRECTION('',(1.,4.758414204113E-16));
#751 = ( GEOMETRIC_REPRESENTATION_CONTEXT(2) 
PARAMETRIC_REPRESENTATION_CONTEXT() REPRESENTATION_CONTEXT('2D SPACE',''
  ) );
#752 = PCURVE('',#73,#753);
#753 = DEFINITIONAL_REPRESENTATION('',(#754),#762);
#754 = ( BOUNDED_CURVE() B_SPLINE_CURVE(2,(#755,#756,#757,#758,#759,#760
,#761),.UNSPECIFIED.,.T.,.F.) B_SPLINE_CURVE_WITH_KNOTS((1,2,2,2,2,1),(
    -2.094395102393,0.,2.094395102393,4.188790204786,6.28318530718,
8.377580409573),.UNSPECIFIED.) CURVE() GEOMETRIC_REPRESENTATION_ITEM() 
RATIONAL_B_SPLINE_CURVE((1.,0.5,1.,0.5,1.,0.5,1.)) REPRESENTATION_ITEM(
  '') );
#755 = CARTESIAN_POINT('',(10.,-68.1));
#756 = CARTESIAN_POINT('',(0.300515477614,-68.1));
#757 = CARTESIAN_POINT('',(5.150257738807,-59.7));
#758 = CARTESIAN_POINT('',(10.,-51.3));
#759 = CARTESIAN_POINT('',(14.849742261193,-59.7));
#760 = CARTESIAN_POINT('',(19.699484522386,-68.1));
#761 = CARTESIAN_POINT('',(10.,-68.1));
#762 = ( GEOMETRIC_REPRESENTATION_CONTEXT(2) 
PARAMETRIC_REPRESENTATION_CONTEXT() REPRESENTATION_CONTEXT('2D SPACE',''
  ) );
#763 = ORIENTED_EDGE('',*,*,#764,.F.);
#764 = EDGE_CURVE('',#765,#737,#767,.T.);
#765 = VERTEX_POINT('',#766);
#766 = CARTESIAN_POINT('',(5.,2.95,10.15));
#767 = SURFACE_CURVE('',#768,(#772,#779),.PCURVE_S1.);
#768 = LINE('',#769,#770);
#769 = CARTESIAN_POINT('',(5.,-4.082155997158E-16,13.1));
#770 = VECTOR('',#771,1.);
#771 = DIRECTION('',(8.659560562355E-17,-0.707106781187,0.707106781187)
  );
#772 = PCURVE('',#534,#773);
#773 = DEFINITIONAL_REPRESENTATION('',(#774),#778);
#774 = LINE('',#775,#776);
#775 = CARTESIAN_POINT('',(3.14159265359,-6.280369834735E-16));
#776 = VECTOR('',#777,1.);
#777 = DIRECTION('',(0.,1.));
#778 = ( GEOMETRIC_REPRESENTATION_CONTEXT(2) 
PARAMETRIC_REPRESENTATION_CONTEXT() REPRESENTATION_CONTEXT('2D SPACE',''
  ) );
#779 = PCURVE('',#546,#780);
#780 = DEFINITIONAL_REPRESENTATION('',(#781),#785);
#781 = LINE('',#782,#783);
#782 = CARTESIAN_POINT('',(3.14159265359,-6.280369834735E-16));
#783 = VECTOR('',#784,1.);
#784 = DIRECTION('',(0.,1.));
#785 = ( GEOMETRIC_REPRESENTATION_CONTEXT(2) 
PARAMETRIC_REPRESENTATION_CONTEXT() REPRESENTATION_CONTEXT('2D SPACE',''
  ) );
#786 = ORIENTED_EDGE('',*,*,#787,.T.);
#787 = EDGE_CURVE('',#765,#524,#788,.T.);
#788 = SURFACE_CURVE('',#789,(#794,#801),.PCURVE_S1.);
#789 = CIRCLE('',#790,2.65);
#790 = AXIS2_PLACEMENT_3D('',#791,#792,#793);
#791 = CARTESIAN_POINT('',(5.,2.95,7.5));
#792 = DIRECTION('',(0.,-1.,-0.));
#793 = DIRECTION('',(0.,0.,-1.));
#794 = PCURVE('',#534,#795);
#795 = DEFINITIONAL_REPRESENTATION('',(#796),#800);
#796 = LINE('',#797,#798);
#797 = CARTESIAN_POINT('',(0.,-2.95));
#798 = VECTOR('',#799,1.);
#799 = DIRECTION('',(1.,0.));
#800 = ( GEOMETRIC_REPRESENTATION_CONTEXT(2) 
PARAMETRIC_REPRESENTATION_CONTEXT() REPRESENTATION_CONTEXT('2D SPACE',''
  ) );
#801 = PCURVE('',#802,#807);
#802 = CYLINDRICAL_SURFACE('',#803,2.65);
#803 = AXIS2_PLACEMENT_3D('',#804,#805,#806);
#804 = CARTESIAN_POINT('',(5.,-4.082155997158E-16,7.5));
#805 = DIRECTION('',(-0.,-1.,-0.));
#806 = DIRECTION('',(0.,0.,-1.));
#807 = DEFINITIONAL_REPRESENTATION('',(#808),#812);
#808 = LINE('',#809,#810);
#809 = CARTESIAN_POINT('',(0.,-2.95));
#810 = VECTOR('',#811,1.);
#811 = DIRECTION('',(1.,0.));
#812 = ( GEOMETRIC_REPRESENTATION_CONTEXT(2) 
PARAMETRIC_REPRESENTATION_CONTEXT() REPRESENTATION_CONTEXT('2D SPACE',''
  ) );
#813 = ADVANCED_FACE('',(#814),#802,.F.);
#814 = FACE_BOUND('',#815,.F.);
#815 = EDGE_LOOP('',(#816,#844,#845,#868));
#816 = ORIENTED_EDGE('',*,*,#817,.T.);
#817 = EDGE_CURVE('',#818,#524,#820,.T.);
#818 = VERTEX_POINT('',#819);
#819 = CARTESIAN_POINT('',(5.,14.,4.85));
#820 = SURFACE_CURVE('',#821,(#825,#832),.PCURVE_S1.);
#821 = LINE('',#822,#823);
#822 = CARTESIAN_POINT('',(5.,-4.082155997158E-16,4.85));
#823 = VECTOR('',#824,1.);
#824 = DIRECTION('',(-0.,-1.,-0.));
#825 = PCURVE('',#802,#826);
#826 = DEFINITIONAL_REPRESENTATION('',(#827),#831);
#827 = LINE('',#828,#829);
#828 = CARTESIAN_POINT('',(6.28318530718,0.));
#829 = VECTOR('',#830,1.);
#830 = DIRECTION('',(0.,1.));
#831 = ( GEOMETRIC_REPRESENTATION_CONTEXT(2) 
PARAMETRIC_REPRESENTATION_CONTEXT() REPRESENTATION_CONTEXT('2D SPACE',''
  ) );
#832 = PCURVE('',#833,#838);
#833 = CYLINDRICAL_SURFACE('',#834,2.65);
#834 = AXIS2_PLACEMENT_3D('',#835,#836,#837);
#835 = CARTESIAN_POINT('',(5.,-4.082155997158E-16,7.5));
#836 = DIRECTION('',(-0.,-1.,-0.));
#837 = DIRECTION('',(0.,0.,-1.));
#838 = DEFINITIONAL_REPRESENTATION('',(#839),#843);
#839 = LINE('',#840,#841);
#840 = CARTESIAN_POINT('',(0.,0.));
#841 = VECTOR('',#842,1.);
#842 = DIRECTION('',(0.,1.));
#843 = ( GEOMETRIC_REPRESENTATION_CONTEXT(2) 
PARAMETRIC_REPRESENTATION_CONTEXT() REPRESENTATION_CONTEXT('2D SPACE',''
  ) );
#844 = ORIENTED_EDGE('',*,*,#787,.F.);
#845 = ORIENTED_EDGE('',*,*,#846,.F.);
#846 = EDGE_CURVE('',#847,#765,#849,.T.);
#847 = VERTEX_POINT('',#848);
#848 = CARTESIAN_POINT('',(5.,14.,10.15));
#849 = SURFACE_CURVE('',#850,(#854,#861),.PCURVE_S1.);
#850 = LINE('',#851,#852);
#851 = CARTESIAN_POINT('',(5.,-4.082155997158E-16,10.15));
#852 = VECTOR('',#853,1.);
#853 = DIRECTION('',(-0.,-1.,-0.));
#854 = PCURVE('',#802,#855);
#855 = DEFINITIONAL_REPRESENTATION('',(#856),#860);
#856 = LINE('',#857,#858);
#857 = CARTESIAN_POINT('',(3.14159265359,0.));
#858 = VECTOR('',#859,1.);
#859 = DIRECTION('',(0.,1.));
#860 = ( GEOMETRIC_REPRESENTATION_CONTEXT(2) 
PARAMETRIC_REPRESENTATION_CONTEXT() REPRESENTATION_CONTEXT('2D SPACE',''
  ) );
#861 = PCURVE('',#833,#862);
#862 = DEFINITIONAL_REPRESENTATION('',(#863),#867);
#863 = LINE('',#864,#865);
#864 = CARTESIAN_POINT('',(3.14159265359,0.));
#865 = VECTOR('',#866,1.);
#866 = DIRECTION('',(0.,1.));
#867 = ( GEOMETRIC_REPRESENTATION_CONTEXT(2) 
PARAMETRIC_REPRESENTATION_CONTEXT() REPRESENTATION_CONTEXT('2D SPACE',''
  ) );
#868 = ORIENTED_EDGE('',*,*,#869,.T.);
#869 = EDGE_CURVE('',#847,#818,#870,.T.);
#870 = SURFACE_CURVE('',#871,(#876,#883),.PCURVE_S1.);
#871 = CIRCLE('',#872,2.65);
#872 = AXIS2_PLACEMENT_3D('',#873,#874,#875);
#873 = CARTESIAN_POINT('',(5.,14.,7.5));
#874 = DIRECTION('',(0.,-1.,-0.));
#875 = DIRECTION('',(0.,0.,-1.));
#876 = PCURVE('',#802,#877);
#877 = DEFINITIONAL_REPRESENTATION('',(#878),#882);
#878 = LINE('',#879,#880);
#879 = CARTESIAN_POINT('',(0.,-14.));
#880 = VECTOR('',#881,1.);
#881 = DIRECTION('',(1.,0.));
#882 = ( GEOMETRIC_REPRESENTATION_CONTEXT(2) 
PARAMETRIC_REPRESENTATION_CONTEXT() REPRESENTATION_CONTEXT('2D SPACE',''
  ) );
#883 = PCURVE('',#127,#884);
#884 = DEFINITIONAL_REPRESENTATION('',(#885),#889);
#885 = CIRCLE('',#886,2.65);
#886 = AXIS2_PLACEMENT_2D('',#887,#888);
#887 = CARTESIAN_POINT('',(62.5,5.));
#888 = DIRECTION('',(1.,0.));
#889 = ( GEOMETRIC_REPRESENTATION_CONTEXT(2) 
PARAMETRIC_REPRESENTATION_CONTEXT() REPRESENTATION_CONTEXT('2D SPACE',''
  ) );
#890 = ADVANCED_FACE('',(#891,#1015,#1044),#73,.F.);
#891 = FACE_BOUND('',#892,.T.);
#892 = EDGE_LOOP('',(#893,#923,#956,#984));
#893 = ORIENTED_EDGE('',*,*,#894,.F.);
#894 = EDGE_CURVE('',#895,#897,#899,.T.);
#895 = VERTEX_POINT('',#896);
#896 = CARTESIAN_POINT('',(7.,-5.715018396021E-16,23.5));
#897 = VERTEX_POINT('',#898);
#898 = CARTESIAN_POINT('',(7.,-5.715018396021E-16,26.5));
#899 = SURFACE_CURVE('',#900,(#904,#911),.PCURVE_S1.);
#900 = LINE('',#901,#902);
#901 = CARTESIAN_POINT('',(7.,-5.715018396021E-16,23.5));
#902 = VECTOR('',#903,1.);
#903 = DIRECTION('',(-2.891205793295E-16,3.209883240645E-32,1.));
#904 = PCURVE('',#73,#905);
#905 = DEFINITIONAL_REPRESENTATION('',(#906),#910);
#906 = LINE('',#907,#908);
#907 = CARTESIAN_POINT('',(8.,-46.5));
#908 = VECTOR('',#909,1.);
#909 = DIRECTION('',(2.891205793295E-16,1.));
#910 = ( GEOMETRIC_REPRESENTATION_CONTEXT(2) 
PARAMETRIC_REPRESENTATION_CONTEXT() REPRESENTATION_CONTEXT('2D SPACE',''
  ) );
#911 = PCURVE('',#912,#917);
#912 = PLANE('',#913);
#913 = AXIS2_PLACEMENT_3D('',#914,#915,#916);
#914 = CARTESIAN_POINT('',(7.,14.,23.5));
#915 = DIRECTION('',(1.,-8.164311994316E-17,2.891205793295E-16));
#916 = DIRECTION('',(2.891205793295E-16,-2.08697214996E-49,-1.));
#917 = DEFINITIONAL_REPRESENTATION('',(#918),#922);
#918 = LINE('',#919,#920);
#919 = CARTESIAN_POINT('',(-2.567906592516E-31,-14.));
#920 = VECTOR('',#921,1.);
#921 = DIRECTION('',(-1.,3.209883240645E-32));
#922 = ( GEOMETRIC_REPRESENTATION_CONTEXT(2) 
PARAMETRIC_REPRESENTATION_CONTEXT() REPRESENTATION_CONTEXT('2D SPACE',''
  ) );
#923 = ORIENTED_EDGE('',*,*,#924,.F.);
#924 = EDGE_CURVE('',#925,#895,#927,.T.);
#925 = VERTEX_POINT('',#926);
#926 = CARTESIAN_POINT('',(3.,-2.449293598295E-16,23.5));
#927 = SURFACE_CURVE('',#928,(#933,#944),.PCURVE_S1.);
#928 = CIRCLE('',#929,2.);
#929 = AXIS2_PLACEMENT_3D('',#930,#931,#932);
#930 = CARTESIAN_POINT('',(5.,-4.082155997158E-16,23.5));
#931 = DIRECTION('',(-8.164311994316E-17,-1.,0.));
#932 = DIRECTION('',(1.,-8.164311994316E-17,0.));
#933 = PCURVE('',#73,#934);
#934 = DEFINITIONAL_REPRESENTATION('',(#935),#943);
#935 = ( BOUNDED_CURVE() B_SPLINE_CURVE(2,(#936,#937,#938,#939,#940,#941
,#942),.UNSPECIFIED.,.T.,.F.) B_SPLINE_CURVE_WITH_KNOTS((1,2,2,2,2,1),(
    -2.094395102393,0.,2.094395102393,4.188790204786,6.28318530718,
8.377580409573),.UNSPECIFIED.) CURVE() GEOMETRIC_REPRESENTATION_ITEM() 
RATIONAL_B_SPLINE_CURVE((1.,0.5,1.,0.5,1.,0.5,1.)) REPRESENTATION_ITEM(
  '') );
#936 = CARTESIAN_POINT('',(8.,-46.5));
#937 = CARTESIAN_POINT('',(8.,-43.03589838486));
#938 = CARTESIAN_POINT('',(11.,-44.76794919243));
#939 = CARTESIAN_POINT('',(14.,-46.5));
#940 = CARTESIAN_POINT('',(11.,-48.23205080756));
#941 = CARTESIAN_POINT('',(8.,-49.96410161513));
#942 = CARTESIAN_POINT('',(8.,-46.5));
#943 = ( GEOMETRIC_REPRESENTATION_CONTEXT(2) 
PARAMETRIC_REPRESENTATION_CONTEXT() REPRESENTATION_CONTEXT('2D SPACE',''
  ) );
#944 = PCURVE('',#945,#950);
#945 = CYLINDRICAL_SURFACE('',#946,2.);
#946 = AXIS2_PLACEMENT_3D('',#947,#948,#949);
#947 = CARTESIAN_POINT('',(5.,14.,23.5));
#948 = DIRECTION('',(-8.164311994316E-17,-1.,-0.));
#949 = DIRECTION('',(1.,-8.164311994316E-17,0.));
#950 = DEFINITIONAL_REPRESENTATION('',(#951),#955);
#951 = LINE('',#952,#953);
#952 = CARTESIAN_POINT('',(0.,14.));
#953 = VECTOR('',#954,1.);
#954 = DIRECTION('',(1.,0.));
#955 = ( GEOMETRIC_REPRESENTATION_CONTEXT(2) 
PARAMETRIC_REPRESENTATION_CONTEXT() REPRESENTATION_CONTEXT('2D SPACE',''
  ) );
#956 = ORIENTED_EDGE('',*,*,#957,.F.);
#957 = EDGE_CURVE('',#958,#925,#960,.T.);
#958 = VERTEX_POINT('',#959);
#959 = CARTESIAN_POINT('',(3.,-2.449293598295E-16,26.5));
#960 = SURFACE_CURVE('',#961,(#965,#972),.PCURVE_S1.);
#961 = LINE('',#962,#963);
#962 = CARTESIAN_POINT('',(3.,-2.449293598295E-16,23.5));
#963 = VECTOR('',#964,1.);
#964 = DIRECTION('',(5.782411586589E-16,-4.814824860968E-32,-1.));
#965 = PCURVE('',#73,#966);
#966 = DEFINITIONAL_REPRESENTATION('',(#967),#971);
#967 = LINE('',#968,#969);
#968 = CARTESIAN_POINT('',(12.,-46.5));
#969 = VECTOR('',#970,1.);
#970 = DIRECTION('',(-5.782411586589E-16,-1.));
#971 = ( GEOMETRIC_REPRESENTATION_CONTEXT(2) 
PARAMETRIC_REPRESENTATION_CONTEXT() REPRESENTATION_CONTEXT('2D SPACE',''
  ) );
#972 = PCURVE('',#973,#978);
#973 = PLANE('',#974);
#974 = AXIS2_PLACEMENT_3D('',#975,#976,#977);
#975 = CARTESIAN_POINT('',(3.,14.,23.5));
#976 = DIRECTION('',(-1.,8.164311994316E-17,-5.782411586589E-16));
#977 = DIRECTION('',(-5.782411586589E-16,-8.634055818073E-49,1.));
#978 = DEFINITIONAL_REPRESENTATION('',(#979),#983);
#979 = LINE('',#980,#981);
#980 = CARTESIAN_POINT('',(7.703719777549E-31,-14.));
#981 = VECTOR('',#982,1.);
#982 = DIRECTION('',(-1.,-4.814824860968E-32));
#983 = ( GEOMETRIC_REPRESENTATION_CONTEXT(2) 
PARAMETRIC_REPRESENTATION_CONTEXT() REPRESENTATION_CONTEXT('2D SPACE',''
  ) );
#984 = ORIENTED_EDGE('',*,*,#985,.F.);
#985 = EDGE_CURVE('',#897,#958,#986,.T.);
#986 = SURFACE_CURVE('',#987,(#992,#1003),.PCURVE_S1.);
#987 = CIRCLE('',#988,2.);
#988 = AXIS2_PLACEMENT_3D('',#989,#990,#991);
#989 = CARTESIAN_POINT('',(5.,-4.082155997158E-16,26.5));
#990 = DIRECTION('',(-8.164311994316E-17,-1.,0.));
#991 = DIRECTION('',(1.,-8.164311994316E-17,0.));
#992 = PCURVE('',#73,#993);
#993 = DEFINITIONAL_REPRESENTATION('',(#994),#1002);
#994 = ( BOUNDED_CURVE() B_SPLINE_CURVE(2,(#995,#996,#997,#998,#999,
#1000,#1001),.UNSPECIFIED.,.T.,.F.) B_SPLINE_CURVE_WITH_KNOTS((1,2,2,2,2
    ,1),(-2.094395102393,0.,2.094395102393,4.188790204786,6.28318530718,
8.377580409573),.UNSPECIFIED.) CURVE() GEOMETRIC_REPRESENTATION_ITEM() 
RATIONAL_B_SPLINE_CURVE((1.,0.5,1.,0.5,1.,0.5,1.)) REPRESENTATION_ITEM(
  '') );
#995 = CARTESIAN_POINT('',(8.,-43.5));
#996 = CARTESIAN_POINT('',(8.,-40.03589838486));
#997 = CARTESIAN_POINT('',(11.,-41.76794919243));
#998 = CARTESIAN_POINT('',(14.,-43.5));
#999 = CARTESIAN_POINT('',(11.,-45.23205080756));
#1000 = CARTESIAN_POINT('',(8.,-46.96410161513));
#1001 = CARTESIAN_POINT('',(8.,-43.5));
#1002 = ( GEOMETRIC_REPRESENTATION_CONTEXT(2) 
PARAMETRIC_REPRESENTATION_CONTEXT() REPRESENTATION_CONTEXT('2D SPACE',''
  ) );
#1003 = PCURVE('',#1004,#1009);
#1004 = CYLINDRICAL_SURFACE('',#1005,2.);
#1005 = AXIS2_PLACEMENT_3D('',#1006,#1007,#1008);
#1006 = CARTESIAN_POINT('',(5.,14.,26.5));
#1007 = DIRECTION('',(-8.164311994316E-17,-1.,-0.));
#1008 = DIRECTION('',(1.,-8.164311994316E-17,0.));
#1009 = DEFINITIONAL_REPRESENTATION('',(#1010),#1014);
#1010 = LINE('',#1011,#1012);
#1011 = CARTESIAN_POINT('',(0.,14.));
#1012 = VECTOR('',#1013,1.);
#1013 = DIRECTION('',(1.,0.));
#1014 = ( GEOMETRIC_REPRESENTATION_CONTEXT(2) 
PARAMETRIC_REPRESENTATION_CONTEXT() REPRESENTATION_CONTEXT('2D SPACE',''
  ) );
#1015 = FACE_BOUND('',#1016,.T.);
#1016 = EDGE_LOOP('',(#1017,#1043));
#1017 = ORIENTED_EDGE('',*,*,#1018,.F.);
#1018 = EDGE_CURVE('',#24,#57,#1019,.T.);
#1019 = SURFACE_CURVE('',#1020,(#1025,#1036),.PCURVE_S1.);
#1020 = CIRCLE('',#1021,2.);
#1021 = AXIS2_PLACEMENT_3D('',#1022,#1023,#1024);
#1022 = CARTESIAN_POINT('',(5.,-4.082155997158E-16,45.));
#1023 = DIRECTION('',(-8.164311994316E-17,-1.,0.));
#1024 = DIRECTION('',(1.,-8.164311994316E-17,0.));
#1025 = PCURVE('',#73,#1026);
#1026 = DEFINITIONAL_REPRESENTATION('',(#1027),#1035);
#1027 = ( BOUNDED_CURVE() B_SPLINE_CURVE(2,(#1028,#1029,#1030,#1031,
#1032,#1033,#1034),.UNSPECIFIED.,.T.,.F.) B_SPLINE_CURVE_WITH_KNOTS((1,2
    ,2,2,2,1),(-2.094395102393,0.,2.094395102393,4.188790204786,
6.28318530718,8.377580409573),.UNSPECIFIED.) CURVE() 
GEOMETRIC_REPRESENTATION_ITEM() RATIONAL_B_SPLINE_CURVE((1.,0.5,1.,0.5,
1.,0.5,1.)) REPRESENTATION_ITEM('') );
#1028 = CARTESIAN_POINT('',(8.,-25.));
#1029 = CARTESIAN_POINT('',(8.,-21.53589838486));
#1030 = CARTESIAN_POINT('',(11.,-23.26794919243));
#1031 = CARTESIAN_POINT('',(14.,-25.));
#1032 = CARTESIAN_POINT('',(11.,-26.73205080756));
#1033 = CARTESIAN_POINT('',(8.,-28.46410161513));
#1034 = CARTESIAN_POINT('',(8.,-25.));
#1035 = ( GEOMETRIC_REPRESENTATION_CONTEXT(2) 
PARAMETRIC_REPRESENTATION_CONTEXT() REPRESENTATION_CONTEXT('2D SPACE',''
  ) );
#1036 = PCURVE('',#44,#1037);
#1037 = DEFINITIONAL_REPRESENTATION('',(#1038),#1042);
#1038 = LINE('',#1039,#1040);
#1039 = CARTESIAN_POINT('',(0.,14.));
#1040 = VECTOR('',#1041,1.);
#1041 = DIRECTION('',(1.,0.));
#1042 = ( GEOMETRIC_REPRESENTATION_CONTEXT(2) 
PARAMETRIC_REPRESENTATION_CONTEXT() REPRESENTATION_CONTEXT('2D SPACE',''
  ) );
#1043 = ORIENTED_EDGE('',*,*,#56,.F.);
#1044 = FACE_BOUND('',#1045,.T.);
#1045 = EDGE_LOOP('',(#1046,#1047,#1068,#1069,#1095,#1096,#1119,#1147,
    #1175,#1203,#1224,#1225));
#1046 = ORIENTED_EDGE('',*,*,#177,.F.);
#1047 = ORIENTED_EDGE('',*,*,#1048,.T.);
#1048 = EDGE_CURVE('',#178,#690,#1049,.T.);
#1049 = SURFACE_CURVE('',#1050,(#1054,#1061),.PCURVE_S1.);
#1050 = LINE('',#1051,#1052);
#1051 = CARTESIAN_POINT('',(0.5,-4.082155997158E-17,70.));
#1052 = VECTOR('',#1053,1.);
#1053 = DIRECTION('',(0.,0.,-1.));
#1054 = PCURVE('',#73,#1055);
#1055 = DEFINITIONAL_REPRESENTATION('',(#1056),#1060);
#1056 = LINE('',#1057,#1058);
#1057 = CARTESIAN_POINT('',(14.5,0.));
#1058 = VECTOR('',#1059,1.);
#1059 = DIRECTION('',(0.,-1.));
#1060 = ( GEOMETRIC_REPRESENTATION_CONTEXT(2) 
PARAMETRIC_REPRESENTATION_CONTEXT() REPRESENTATION_CONTEXT('2D SPACE',''
  ) );
#1061 = PCURVE('',#244,#1062);
#1062 = DEFINITIONAL_REPRESENTATION('',(#1063),#1067);
#1063 = LINE('',#1064,#1065);
#1064 = CARTESIAN_POINT('',(0.,0.));
#1065 = VECTOR('',#1066,1.);
#1066 = DIRECTION('',(0.,-1.));
#1067 = ( GEOMETRIC_REPRESENTATION_CONTEXT(2) 
PARAMETRIC_REPRESENTATION_CONTEXT() REPRESENTATION_CONTEXT('2D SPACE',''
  ) );
#1068 = ORIENTED_EDGE('',*,*,#736,.F.);
#1069 = ORIENTED_EDGE('',*,*,#1070,.F.);
#1070 = EDGE_CURVE('',#526,#737,#1071,.T.);
#1071 = SURFACE_CURVE('',#1072,(#1077,#1088),.PCURVE_S1.);
#1072 = CIRCLE('',#1073,5.6);
#1073 = AXIS2_PLACEMENT_3D('',#1074,#1075,#1076);
#1074 = CARTESIAN_POINT('',(5.,-4.082155997158E-16,7.5));
#1075 = DIRECTION('',(0.,-1.,-0.));
#1076 = DIRECTION('',(0.,0.,-1.));
#1077 = PCURVE('',#73,#1078);
#1078 = DEFINITIONAL_REPRESENTATION('',(#1079),#1087);
#1079 = ( BOUNDED_CURVE() B_SPLINE_CURVE(2,(#1080,#1081,#1082,#1083,
#1084,#1085,#1086),.UNSPECIFIED.,.T.,.F.) B_SPLINE_CURVE_WITH_KNOTS((1,2
    ,2,2,2,1),(-2.094395102393,0.,2.094395102393,4.188790204786,
6.28318530718,8.377580409573),.UNSPECIFIED.) CURVE() 
GEOMETRIC_REPRESENTATION_ITEM() RATIONAL_B_SPLINE_CURVE((1.,0.5,1.,0.5,
1.,0.5,1.)) REPRESENTATION_ITEM('') );
#1080 = CARTESIAN_POINT('',(10.,-68.1));
#1081 = CARTESIAN_POINT('',(0.300515477614,-68.1));
#1082 = CARTESIAN_POINT('',(5.150257738807,-59.7));
#1083 = CARTESIAN_POINT('',(10.,-51.3));
#1084 = CARTESIAN_POINT('',(14.849742261193,-59.7));
#1085 = CARTESIAN_POINT('',(19.699484522386,-68.1));
#1086 = CARTESIAN_POINT('',(10.,-68.1));
#1087 = ( GEOMETRIC_REPRESENTATION_CONTEXT(2) 
PARAMETRIC_REPRESENTATION_CONTEXT() REPRESENTATION_CONTEXT('2D SPACE',''
  ) );
#1088 = PCURVE('',#546,#1089);
#1089 = DEFINITIONAL_REPRESENTATION('',(#1090),#1094);
#1090 = LINE('',#1091,#1092);
#1091 = CARTESIAN_POINT('',(0.,0.));
#1092 = VECTOR('',#1093,1.);
#1093 = DIRECTION('',(1.,0.));
#1094 = ( GEOMETRIC_REPRESENTATION_CONTEXT(2) 
PARAMETRIC_REPRESENTATION_CONTEXT() REPRESENTATION_CONTEXT('2D SPACE',''
  ) );
#1095 = ORIENTED_EDGE('',*,*,#558,.F.);
#1096 = ORIENTED_EDGE('',*,*,#1097,.T.);
#1097 = EDGE_CURVE('',#559,#1098,#1100,.T.);
#1098 = VERTEX_POINT('',#1099);
#1099 = CARTESIAN_POINT('',(0.5,-5.083017576043E-16,0.));
#1100 = SURFACE_CURVE('',#1101,(#1105,#1112),.PCURVE_S1.);
#1101 = LINE('',#1102,#1103);
#1102 = CARTESIAN_POINT('',(0.5,-4.082155997158E-17,70.));
#1103 = VECTOR('',#1104,1.);
#1104 = DIRECTION('',(0.,0.,-1.));
#1105 = PCURVE('',#73,#1106);
#1106 = DEFINITIONAL_REPRESENTATION('',(#1107),#1111);
#1107 = LINE('',#1108,#1109);
#1108 = CARTESIAN_POINT('',(14.5,0.));
#1109 = VECTOR('',#1110,1.);
#1110 = DIRECTION('',(0.,-1.));
#1111 = ( GEOMETRIC_REPRESENTATION_CONTEXT(2) 
PARAMETRIC_REPRESENTATION_CONTEXT() REPRESENTATION_CONTEXT('2D SPACE',''
  ) );
#1112 = PCURVE('',#625,#1113);
#1113 = DEFINITIONAL_REPRESENTATION('',(#1114),#1118);
#1114 = LINE('',#1115,#1116);
#1115 = CARTESIAN_POINT('',(0.,0.));
#1116 = VECTOR('',#1117,1.);
#1117 = DIRECTION('',(0.,-1.));
#1118 = ( GEOMETRIC_REPRESENTATION_CONTEXT(2) 
PARAMETRIC_REPRESENTATION_CONTEXT() REPRESENTATION_CONTEXT('2D SPACE',''
  ) );
#1119 = ORIENTED_EDGE('',*,*,#1120,.T.);
#1120 = EDGE_CURVE('',#1098,#1121,#1123,.T.);
#1121 = VERTEX_POINT('',#1122);
#1122 = CARTESIAN_POINT('',(14.5,-1.183825239176E-15,0.));
#1123 = SURFACE_CURVE('',#1124,(#1128,#1135),.PCURVE_S1.);
#1124 = LINE('',#1125,#1126);
#1125 = CARTESIAN_POINT('',(15.,-1.224646799147E-15,0.));
#1126 = VECTOR('',#1127,1.);
#1127 = DIRECTION('',(1.,-8.164311994316E-17,-0.));
#1128 = PCURVE('',#73,#1129);
#1129 = DEFINITIONAL_REPRESENTATION('',(#1130),#1134);
#1130 = LINE('',#1131,#1132);
#1131 = CARTESIAN_POINT('',(0.,-70.));
#1132 = VECTOR('',#1133,1.);
#1133 = DIRECTION('',(-1.,0.));
#1134 = ( GEOMETRIC_REPRESENTATION_CONTEXT(2) 
PARAMETRIC_REPRESENTATION_CONTEXT() REPRESENTATION_CONTEXT('2D SPACE',''
  ) );
#1135 = PCURVE('',#1136,#1141);
#1136 = PLANE('',#1137);
#1137 = AXIS2_PLACEMENT_3D('',#1138,#1139,#1140);
#1138 = CARTESIAN_POINT('',(0.,3.851859888774E-31,0.));
#1139 = DIRECTION('',(0.,0.,-1.));
#1140 = DIRECTION('',(-1.,0.,-0.));
#1141 = DEFINITIONAL_REPRESENTATION('',(#1142),#1146);
#1142 = LINE('',#1143,#1144);
#1143 = CARTESIAN_POINT('',(-15.,-1.224646799147E-15));
#1144 = VECTOR('',#1145,1.);
#1145 = DIRECTION('',(-1.,-8.164311994316E-17));
#1146 = ( GEOMETRIC_REPRESENTATION_CONTEXT(2) 
PARAMETRIC_REPRESENTATION_CONTEXT() REPRESENTATION_CONTEXT('2D SPACE',''
  ) );
#1147 = ORIENTED_EDGE('',*,*,#1148,.T.);
#1148 = EDGE_CURVE('',#1121,#1149,#1151,.T.);
#1149 = VERTEX_POINT('',#1150);
#1150 = CARTESIAN_POINT('',(14.5,-1.188223814455E-15,70.));
#1151 = SURFACE_CURVE('',#1152,(#1156,#1163),.PCURVE_S1.);
#1152 = LINE('',#1153,#1154);
#1153 = CARTESIAN_POINT('',(14.5,-1.183825239176E-15,70.));
#1154 = VECTOR('',#1155,1.);
#1155 = DIRECTION('',(0.,0.,1.));
#1156 = PCURVE('',#73,#1157);
#1157 = DEFINITIONAL_REPRESENTATION('',(#1158),#1162);
#1158 = LINE('',#1159,#1160);
#1159 = CARTESIAN_POINT('',(0.5,0.));
#1160 = VECTOR('',#1161,1.);
#1161 = DIRECTION('',(0.,1.));
#1162 = ( GEOMETRIC_REPRESENTATION_CONTEXT(2) 
PARAMETRIC_REPRESENTATION_CONTEXT() REPRESENTATION_CONTEXT('2D SPACE',''
  ) );
#1163 = PCURVE('',#1164,#1169);
#1164 = PLANE('',#1165);
#1165 = AXIS2_PLACEMENT_3D('',#1166,#1167,#1168);
#1166 = CARTESIAN_POINT('',(15.,0.5,70.));
#1167 = DIRECTION('',(-0.707106781187,0.707106781187,0.));
#1168 = DIRECTION('',(-0.707106781187,-0.707106781187,0.));
#1169 = DEFINITIONAL_REPRESENTATION('',(#1170),#1174);
#1170 = LINE('',#1171,#1172);
#1171 = CARTESIAN_POINT('',(0.707106781187,0.));
#1172 = VECTOR('',#1173,1.);
#1173 = DIRECTION('',(0.,1.));
#1174 = ( GEOMETRIC_REPRESENTATION_CONTEXT(2) 
PARAMETRIC_REPRESENTATION_CONTEXT() REPRESENTATION_CONTEXT('2D SPACE',''
  ) );
#1175 = ORIENTED_EDGE('',*,*,#1176,.F.);
#1176 = EDGE_CURVE('',#1177,#1149,#1179,.T.);
#1177 = VERTEX_POINT('',#1178);
#1178 = CARTESIAN_POINT('',(0.5,-4.082155997158E-17,70.));
#1179 = SURFACE_CURVE('',#1180,(#1184,#1191),.PCURVE_S1.);
#1180 = LINE('',#1181,#1182);
#1181 = CARTESIAN_POINT('',(15.,-1.224646799147E-15,70.));
#1182 = VECTOR('',#1183,1.);
#1183 = DIRECTION('',(1.,-8.164311994316E-17,-0.));
#1184 = PCURVE('',#73,#1185);
#1185 = DEFINITIONAL_REPRESENTATION('',(#1186),#1190);
#1186 = LINE('',#1187,#1188);
#1187 = CARTESIAN_POINT('',(0.,0.));
#1188 = VECTOR('',#1189,1.);
#1189 = DIRECTION('',(-1.,0.));
#1190 = ( GEOMETRIC_REPRESENTATION_CONTEXT(2) 
PARAMETRIC_REPRESENTATION_CONTEXT() REPRESENTATION_CONTEXT('2D SPACE',''
  ) );
#1191 = PCURVE('',#1192,#1197);
#1192 = PLANE('',#1193);
#1193 = AXIS2_PLACEMENT_3D('',#1194,#1195,#1196);
#1194 = CARTESIAN_POINT('',(0.,3.851859888774E-31,70.));
#1195 = DIRECTION('',(0.,0.,-1.));
#1196 = DIRECTION('',(-1.,0.,-0.));
#1197 = DEFINITIONAL_REPRESENTATION('',(#1198),#1202);
#1198 = LINE('',#1199,#1200);
#1199 = CARTESIAN_POINT('',(-15.,-1.224646799147E-15));
#1200 = VECTOR('',#1201,1.);
#1201 = DIRECTION('',(-1.,-8.164311994316E-17));
#1202 = ( GEOMETRIC_REPRESENTATION_CONTEXT(2) 
PARAMETRIC_REPRESENTATION_CONTEXT() REPRESENTATION_CONTEXT('2D SPACE',''
  ) );
#1203 = ORIENTED_EDGE('',*,*,#1204,.T.);
#1204 = EDGE_CURVE('',#1177,#314,#1205,.T.);
#1205 = SURFACE_CURVE('',#1206,(#1210,#1217),.PCURVE_S1.);
#1206 = LINE('',#1207,#1208);
#1207 = CARTESIAN_POINT('',(0.5,-4.082155997158E-17,70.));
#1208 = VECTOR('',#1209,1.);
#1209 = DIRECTION('',(0.,0.,-1.));
#1210 = PCURVE('',#73,#1211);
#1211 = DEFINITIONAL_REPRESENTATION('',(#1212),#1216);
#1212 = LINE('',#1213,#1214);
#1213 = CARTESIAN_POINT('',(14.5,0.));
#1214 = VECTOR('',#1215,1.);
#1215 = DIRECTION('',(0.,-1.));
#1216 = ( GEOMETRIC_REPRESENTATION_CONTEXT(2) 
PARAMETRIC_REPRESENTATION_CONTEXT() REPRESENTATION_CONTEXT('2D SPACE',''
  ) );
#1217 = PCURVE('',#352,#1218);
#1218 = DEFINITIONAL_REPRESENTATION('',(#1219),#1223);
#1219 = LINE('',#1220,#1221);
#1220 = CARTESIAN_POINT('',(0.,0.));
#1221 = VECTOR('',#1222,1.);
#1222 = DIRECTION('',(0.,-1.));
#1223 = ( GEOMETRIC_REPRESENTATION_CONTEXT(2) 
PARAMETRIC_REPRESENTATION_CONTEXT() REPRESENTATION_CONTEXT('2D SPACE',''
  ) );
#1224 = ORIENTED_EDGE('',*,*,#365,.F.);
#1225 = ORIENTED_EDGE('',*,*,#1226,.F.);
#1226 = EDGE_CURVE('',#145,#366,#1227,.T.);
#1227 = SURFACE_CURVE('',#1228,(#1233,#1244),.PCURVE_S1.);
#1228 = CIRCLE('',#1229,5.6);
#1229 = AXIS2_PLACEMENT_3D('',#1230,#1231,#1232);
#1230 = CARTESIAN_POINT('',(5.,-4.082155997158E-16,62.5));
#1231 = DIRECTION('',(0.,-1.,-0.));
#1232 = DIRECTION('',(0.,0.,-1.));
#1233 = PCURVE('',#73,#1234);
#1234 = DEFINITIONAL_REPRESENTATION('',(#1235),#1243);
#1235 = ( BOUNDED_CURVE() B_SPLINE_CURVE(2,(#1236,#1237,#1238,#1239,
#1240,#1241,#1242),.UNSPECIFIED.,.T.,.F.) B_SPLINE_CURVE_WITH_KNOTS((1,2
    ,2,2,2,1),(-2.094395102393,0.,2.094395102393,4.188790204786,
6.28318530718,8.377580409573),.UNSPECIFIED.) CURVE() 
GEOMETRIC_REPRESENTATION_ITEM() RATIONAL_B_SPLINE_CURVE((1.,0.5,1.,0.5,
1.,0.5,1.)) REPRESENTATION_ITEM('') );
#1236 = CARTESIAN_POINT('',(10.,-13.1));
#1237 = CARTESIAN_POINT('',(0.300515477614,-13.1));
#1238 = CARTESIAN_POINT('',(5.150257738807,-4.7));
#1239 = CARTESIAN_POINT('',(10.,3.7));
#1240 = CARTESIAN_POINT('',(14.849742261193,-4.7));
#1241 = CARTESIAN_POINT('',(19.699484522386,-13.1));
#1242 = CARTESIAN_POINT('',(10.,-13.1));
#1243 = ( GEOMETRIC_REPRESENTATION_CONTEXT(2) 
PARAMETRIC_REPRESENTATION_CONTEXT() REPRESENTATION_CONTEXT('2D SPACE',''
  ) );
#1244 = PCURVE('',#165,#1245);
#1245 = DEFINITIONAL_REPRESENTATION('',(#1246),#1250);
#1246 = LINE('',#1247,#1248);
#1247 = CARTESIAN_POINT('',(0.,4.440892098501E-16));
#1248 = VECTOR('',#1249,1.);
#1249 = DIRECTION('',(1.,-1.130863886743E-15));
#1250 = ( GEOMETRIC_REPRESENTATION_CONTEXT(2) 
PARAMETRIC_REPRESENTATION_CONTEXT() REPRESENTATION_CONTEXT('2D SPACE',''
  ) );
#1251 = ADVANCED_FACE('',(#1252),#352,.F.);
#1252 = FACE_BOUND('',#1253,.T.);
#1253 = EDGE_LOOP('',(#1254,#1255,#1256,#1279));
#1254 = ORIENTED_EDGE('',*,*,#313,.F.);
#1255 = ORIENTED_EDGE('',*,*,#1204,.F.);
#1256 = ORIENTED_EDGE('',*,*,#1257,.F.);
#1257 = EDGE_CURVE('',#1258,#1177,#1260,.T.);
#1258 = VERTEX_POINT('',#1259);
#1259 = CARTESIAN_POINT('',(-5.421010862428E-17,0.5,70.));
#1260 = SURFACE_CURVE('',#1261,(#1265,#1272),.PCURVE_S1.);
#1261 = LINE('',#1262,#1263);
#1262 = CARTESIAN_POINT('',(0.5,-4.082155997158E-17,70.));
#1263 = VECTOR('',#1264,1.);
#1264 = DIRECTION('',(0.707106781187,-0.707106781187,-0.));
#1265 = PCURVE('',#352,#1266);
#1266 = DEFINITIONAL_REPRESENTATION('',(#1267),#1271);
#1267 = LINE('',#1268,#1269);
#1268 = CARTESIAN_POINT('',(0.,0.));
#1269 = VECTOR('',#1270,1.);
#1270 = DIRECTION('',(-1.,0.));
#1271 = ( GEOMETRIC_REPRESENTATION_CONTEXT(2) 
PARAMETRIC_REPRESENTATION_CONTEXT() REPRESENTATION_CONTEXT('2D SPACE',''
  ) );
#1272 = PCURVE('',#1192,#1273);
#1273 = DEFINITIONAL_REPRESENTATION('',(#1274),#1278);
#1274 = LINE('',#1275,#1276);
#1275 = CARTESIAN_POINT('',(-0.5,-4.082155997158E-17));
#1276 = VECTOR('',#1277,1.);
#1277 = DIRECTION('',(-0.707106781187,-0.707106781187));
#1278 = ( GEOMETRIC_REPRESENTATION_CONTEXT(2) 
PARAMETRIC_REPRESENTATION_CONTEXT() REPRESENTATION_CONTEXT('2D SPACE',''
  ) );
#1279 = ORIENTED_EDGE('',*,*,#1280,.F.);
#1280 = EDGE_CURVE('',#258,#1258,#1281,.T.);
#1281 = SURFACE_CURVE('',#1282,(#1286,#1293),.PCURVE_S1.);
#1282 = LINE('',#1283,#1284);
#1283 = CARTESIAN_POINT('',(0.,0.5,70.));
#1284 = VECTOR('',#1285,1.);
#1285 = DIRECTION('',(0.,0.,1.));
#1286 = PCURVE('',#352,#1287);
#1287 = DEFINITIONAL_REPRESENTATION('',(#1288),#1292);
#1288 = LINE('',#1289,#1290);
#1289 = CARTESIAN_POINT('',(0.707106781187,0.));
#1290 = VECTOR('',#1291,1.);
#1291 = DIRECTION('',(0.,1.));
#1292 = ( GEOMETRIC_REPRESENTATION_CONTEXT(2) 
PARAMETRIC_REPRESENTATION_CONTEXT() REPRESENTATION_CONTEXT('2D SPACE',''
  ) );
#1293 = PCURVE('',#298,#1294);
#1294 = DEFINITIONAL_REPRESENTATION('',(#1295),#1299);
#1295 = LINE('',#1296,#1297);
#1296 = CARTESIAN_POINT('',(0.,0.5));
#1297 = VECTOR('',#1298,1.);
#1298 = DIRECTION('',(-1.,0.));
#1299 = ( GEOMETRIC_REPRESENTATION_CONTEXT(2) 
PARAMETRIC_REPRESENTATION_CONTEXT() REPRESENTATION_CONTEXT('2D SPACE',''
  ) );
#1300 = ADVANCED_FACE('',(#1301),#244,.F.);
#1301 = FACE_BOUND('',#1302,.T.);
#1302 = EDGE_LOOP('',(#1303,#1304,#1325,#1326));
#1303 = ORIENTED_EDGE('',*,*,#205,.F.);
#1304 = ORIENTED_EDGE('',*,*,#1305,.F.);
#1305 = EDGE_CURVE('',#639,#206,#1306,.T.);
#1306 = SURFACE_CURVE('',#1307,(#1311,#1318),.PCURVE_S1.);
#1307 = LINE('',#1308,#1309);
#1308 = CARTESIAN_POINT('',(0.,0.5,70.));
#1309 = VECTOR('',#1310,1.);
#1310 = DIRECTION('',(0.,0.,1.));
#1311 = PCURVE('',#244,#1312);
#1312 = DEFINITIONAL_REPRESENTATION('',(#1313),#1317);
#1313 = LINE('',#1314,#1315);
#1314 = CARTESIAN_POINT('',(0.707106781187,0.));
#1315 = VECTOR('',#1316,1.);
#1316 = DIRECTION('',(0.,1.));
#1317 = ( GEOMETRIC_REPRESENTATION_CONTEXT(2) 
PARAMETRIC_REPRESENTATION_CONTEXT() REPRESENTATION_CONTEXT('2D SPACE',''
  ) );
#1318 = PCURVE('',#298,#1319);
#1319 = DEFINITIONAL_REPRESENTATION('',(#1320),#1324);
#1320 = LINE('',#1321,#1322);
#1321 = CARTESIAN_POINT('',(0.,0.5));
#1322 = VECTOR('',#1323,1.);
#1323 = DIRECTION('',(-1.,0.));
#1324 = ( GEOMETRIC_REPRESENTATION_CONTEXT(2) 
PARAMETRIC_REPRESENTATION_CONTEXT() REPRESENTATION_CONTEXT('2D SPACE',''
  ) );
#1325 = ORIENTED_EDGE('',*,*,#689,.F.);
#1326 = ORIENTED_EDGE('',*,*,#1048,.F.);
#1327 = ADVANCED_FACE('',(#1328),#1342,.F.);
#1328 = FACE_BOUND('',#1329,.T.);
#1329 = EDGE_LOOP('',(#1330,#1360,#1388,#1411));
#1330 = ORIENTED_EDGE('',*,*,#1331,.T.);
#1331 = EDGE_CURVE('',#1332,#1334,#1336,.T.);
#1332 = VERTEX_POINT('',#1333);
#1333 = CARTESIAN_POINT('',(15.,0.5,0.));
#1334 = VERTEX_POINT('',#1335);
#1335 = CARTESIAN_POINT('',(15.,3.5,0.));
#1336 = SURFACE_CURVE('',#1337,(#1341,#1353),.PCURVE_S1.);
#1337 = LINE('',#1338,#1339);
#1338 = CARTESIAN_POINT('',(15.,4.,0.));
#1339 = VECTOR('',#1340,1.);
#1340 = DIRECTION('',(-0.,1.,-0.));
#1341 = PCURVE('',#1342,#1347);
#1342 = PLANE('',#1343);
#1343 = AXIS2_PLACEMENT_3D('',#1344,#1345,#1346);
#1344 = CARTESIAN_POINT('',(15.,4.,70.));
#1345 = DIRECTION('',(-1.,0.,0.));
#1346 = DIRECTION('',(0.,0.,1.));
#1347 = DEFINITIONAL_REPRESENTATION('',(#1348),#1352);
#1348 = LINE('',#1349,#1350);
#1349 = CARTESIAN_POINT('',(-70.,0.));
#1350 = VECTOR('',#1351,1.);
#1351 = DIRECTION('',(0.,1.));
#1352 = ( GEOMETRIC_REPRESENTATION_CONTEXT(2) 
PARAMETRIC_REPRESENTATION_CONTEXT() REPRESENTATION_CONTEXT('2D SPACE',''
  ) );
#1353 = PCURVE('',#1136,#1354);
#1354 = DEFINITIONAL_REPRESENTATION('',(#1355),#1359);
#1355 = LINE('',#1356,#1357);
#1356 = CARTESIAN_POINT('',(-15.,4.));
#1357 = VECTOR('',#1358,1.);
#1358 = DIRECTION('',(0.,1.));
#1359 = ( GEOMETRIC_REPRESENTATION_CONTEXT(2) 
PARAMETRIC_REPRESENTATION_CONTEXT() REPRESENTATION_CONTEXT('2D SPACE',''
  ) );
#1360 = ORIENTED_EDGE('',*,*,#1361,.T.);
#1361 = EDGE_CURVE('',#1334,#1362,#1364,.T.);
#1362 = VERTEX_POINT('',#1363);
#1363 = CARTESIAN_POINT('',(15.,3.5,70.));
#1364 = SURFACE_CURVE('',#1365,(#1369,#1376),.PCURVE_S1.);
#1365 = LINE('',#1366,#1367);
#1366 = CARTESIAN_POINT('',(15.,3.5,70.));
#1367 = VECTOR('',#1368,1.);
#1368 = DIRECTION('',(0.,0.,1.));
#1369 = PCURVE('',#1342,#1370);
#1370 = DEFINITIONAL_REPRESENTATION('',(#1371),#1375);
#1371 = LINE('',#1372,#1373);
#1372 = CARTESIAN_POINT('',(0.,-0.5));
#1373 = VECTOR('',#1374,1.);
#1374 = DIRECTION('',(1.,0.));
#1375 = ( GEOMETRIC_REPRESENTATION_CONTEXT(2) 
PARAMETRIC_REPRESENTATION_CONTEXT() REPRESENTATION_CONTEXT('2D SPACE',''
  ) );
#1376 = PCURVE('',#1377,#1382);
#1377 = PLANE('',#1378);
#1378 = AXIS2_PLACEMENT_3D('',#1379,#1380,#1381);
#1379 = CARTESIAN_POINT('',(14.5,4.,70.));
#1380 = DIRECTION('',(-0.707106781187,-0.707106781187,0.));
#1381 = DIRECTION('',(0.707106781187,-0.707106781187,0.));
#1382 = DEFINITIONAL_REPRESENTATION('',(#1383),#1387);
#1383 = LINE('',#1384,#1385);
#1384 = CARTESIAN_POINT('',(0.707106781187,0.));
#1385 = VECTOR('',#1386,1.);
#1386 = DIRECTION('',(0.,1.));
#1387 = ( GEOMETRIC_REPRESENTATION_CONTEXT(2) 
PARAMETRIC_REPRESENTATION_CONTEXT() REPRESENTATION_CONTEXT('2D SPACE',''
  ) );
#1388 = ORIENTED_EDGE('',*,*,#1389,.F.);
#1389 = EDGE_CURVE('',#1390,#1362,#1392,.T.);
#1390 = VERTEX_POINT('',#1391);
#1391 = CARTESIAN_POINT('',(15.,0.5,70.));
#1392 = SURFACE_CURVE('',#1393,(#1397,#1404),.PCURVE_S1.);
#1393 = LINE('',#1394,#1395);
#1394 = CARTESIAN_POINT('',(15.,4.,70.));
#1395 = VECTOR('',#1396,1.);
#1396 = DIRECTION('',(-0.,1.,-0.));
#1397 = PCURVE('',#1342,#1398);
#1398 = DEFINITIONAL_REPRESENTATION('',(#1399),#1403);
#1399 = LINE('',#1400,#1401);
#1400 = CARTESIAN_POINT('',(0.,0.));
#1401 = VECTOR('',#1402,1.);
#1402 = DIRECTION('',(0.,1.));
#1403 = ( GEOMETRIC_REPRESENTATION_CONTEXT(2) 
PARAMETRIC_REPRESENTATION_CONTEXT() REPRESENTATION_CONTEXT('2D SPACE',''
  ) );
#1404 = PCURVE('',#1192,#1405);
#1405 = DEFINITIONAL_REPRESENTATION('',(#1406),#1410);
#1406 = LINE('',#1407,#1408);
#1407 = CARTESIAN_POINT('',(-15.,4.));
#1408 = VECTOR('',#1409,1.);
#1409 = DIRECTION('',(0.,1.));
#1410 = ( GEOMETRIC_REPRESENTATION_CONTEXT(2) 
PARAMETRIC_REPRESENTATION_CONTEXT() REPRESENTATION_CONTEXT('2D SPACE',''
  ) );
#1411 = ORIENTED_EDGE('',*,*,#1412,.T.);
#1412 = EDGE_CURVE('',#1390,#1332,#1413,.T.);
#1413 = SURFACE_CURVE('',#1414,(#1418,#1425),.PCURVE_S1.);
#1414 = LINE('',#1415,#1416);
#1415 = CARTESIAN_POINT('',(15.,0.5,70.));
#1416 = VECTOR('',#1417,1.);
#1417 = DIRECTION('',(0.,0.,-1.));
#1418 = PCURVE('',#1342,#1419);
#1419 = DEFINITIONAL_REPRESENTATION('',(#1420),#1424);
#1420 = LINE('',#1421,#1422);
#1421 = CARTESIAN_POINT('',(0.,-3.5));
#1422 = VECTOR('',#1423,1.);
#1423 = DIRECTION('',(-1.,0.));
#1424 = ( GEOMETRIC_REPRESENTATION_CONTEXT(2) 
PARAMETRIC_REPRESENTATION_CONTEXT() REPRESENTATION_CONTEXT('2D SPACE',''
  ) );
#1425 = PCURVE('',#1164,#1426);
#1426 = DEFINITIONAL_REPRESENTATION('',(#1427),#1431);
#1427 = LINE('',#1428,#1429);
#1428 = CARTESIAN_POINT('',(0.,0.));
#1429 = VECTOR('',#1430,1.);
#1430 = DIRECTION('',(-0.,-1.));
#1431 = ( GEOMETRIC_REPRESENTATION_CONTEXT(2) 
PARAMETRIC_REPRESENTATION_CONTEXT() REPRESENTATION_CONTEXT('2D SPACE',''
  ) );
#1432 = ADVANCED_FACE('',(#1433),#1447,.F.);
#1433 = FACE_BOUND('',#1434,.T.);
#1434 = EDGE_LOOP('',(#1435,#1465,#1488,#1511));
#1435 = ORIENTED_EDGE('',*,*,#1436,.F.);
#1436 = EDGE_CURVE('',#1437,#1439,#1441,.T.);
#1437 = VERTEX_POINT('',#1438);
#1438 = CARTESIAN_POINT('',(14.5,4.,70.));
#1439 = VERTEX_POINT('',#1440);
#1440 = CARTESIAN_POINT('',(10.,4.,70.));
#1441 = SURFACE_CURVE('',#1442,(#1446,#1458),.PCURVE_S1.);
#1442 = LINE('',#1443,#1444);
#1443 = CARTESIAN_POINT('',(10.,4.,70.));
#1444 = VECTOR('',#1445,1.);
#1445 = DIRECTION('',(-1.,-0.,-0.));
#1446 = PCURVE('',#1447,#1452);
#1447 = PLANE('',#1448);
#1448 = AXIS2_PLACEMENT_3D('',#1449,#1450,#1451);
#1449 = CARTESIAN_POINT('',(10.,4.,70.));
#1450 = DIRECTION('',(0.,-1.,0.));
#1451 = DIRECTION('',(0.,-0.,-1.));
#1452 = DEFINITIONAL_REPRESENTATION('',(#1453),#1457);
#1453 = LINE('',#1454,#1455);
#1454 = CARTESIAN_POINT('',(0.,0.));
#1455 = VECTOR('',#1456,1.);
#1456 = DIRECTION('',(0.,-1.));
#1457 = ( GEOMETRIC_REPRESENTATION_CONTEXT(2) 
PARAMETRIC_REPRESENTATION_CONTEXT() REPRESENTATION_CONTEXT('2D SPACE',''
  ) );
#1458 = PCURVE('',#1192,#1459);
#1459 = DEFINITIONAL_REPRESENTATION('',(#1460),#1464);
#1460 = LINE('',#1461,#1462);
#1461 = CARTESIAN_POINT('',(-10.,4.));
#1462 = VECTOR('',#1463,1.);
#1463 = DIRECTION('',(1.,0.));
#1464 = ( GEOMETRIC_REPRESENTATION_CONTEXT(2) 
PARAMETRIC_REPRESENTATION_CONTEXT() REPRESENTATION_CONTEXT('2D SPACE',''
  ) );
#1465 = ORIENTED_EDGE('',*,*,#1466,.T.);
#1466 = EDGE_CURVE('',#1437,#1467,#1469,.T.);
#1467 = VERTEX_POINT('',#1468);
#1468 = CARTESIAN_POINT('',(14.5,4.,0.));
#1469 = SURFACE_CURVE('',#1470,(#1474,#1481),.PCURVE_S1.);
#1470 = LINE('',#1471,#1472);
#1471 = CARTESIAN_POINT('',(14.5,4.,70.));
#1472 = VECTOR('',#1473,1.);
#1473 = DIRECTION('',(0.,0.,-1.));
#1474 = PCURVE('',#1447,#1475);
#1475 = DEFINITIONAL_REPRESENTATION('',(#1476),#1480);
#1476 = LINE('',#1477,#1478);
#1477 = CARTESIAN_POINT('',(0.,4.5));
#1478 = VECTOR('',#1479,1.);
#1479 = DIRECTION('',(1.,0.));
#1480 = ( GEOMETRIC_REPRESENTATION_CONTEXT(2) 
PARAMETRIC_REPRESENTATION_CONTEXT() REPRESENTATION_CONTEXT('2D SPACE',''
  ) );
#1481 = PCURVE('',#1377,#1482);
#1482 = DEFINITIONAL_REPRESENTATION('',(#1483),#1487);
#1483 = LINE('',#1484,#1485);
#1484 = CARTESIAN_POINT('',(0.,0.));
#1485 = VECTOR('',#1486,1.);
#1486 = DIRECTION('',(0.,-1.));
#1487 = ( GEOMETRIC_REPRESENTATION_CONTEXT(2) 
PARAMETRIC_REPRESENTATION_CONTEXT() REPRESENTATION_CONTEXT('2D SPACE',''
  ) );
#1488 = ORIENTED_EDGE('',*,*,#1489,.T.);
#1489 = EDGE_CURVE('',#1467,#1490,#1492,.T.);
#1490 = VERTEX_POINT('',#1491);
#1491 = CARTESIAN_POINT('',(10.,4.,0.));
#1492 = SURFACE_CURVE('',#1493,(#1497,#1504),.PCURVE_S1.);
#1493 = LINE('',#1494,#1495);
#1494 = CARTESIAN_POINT('',(10.,4.,0.));
#1495 = VECTOR('',#1496,1.);
#1496 = DIRECTION('',(-1.,-0.,-0.));
#1497 = PCURVE('',#1447,#1498);
#1498 = DEFINITIONAL_REPRESENTATION('',(#1499),#1503);
#1499 = LINE('',#1500,#1501);
#1500 = CARTESIAN_POINT('',(70.,0.));
#1501 = VECTOR('',#1502,1.);
#1502 = DIRECTION('',(0.,-1.));
#1503 = ( GEOMETRIC_REPRESENTATION_CONTEXT(2) 
PARAMETRIC_REPRESENTATION_CONTEXT() REPRESENTATION_CONTEXT('2D SPACE',''
  ) );
#1504 = PCURVE('',#1136,#1505);
#1505 = DEFINITIONAL_REPRESENTATION('',(#1506),#1510);
#1506 = LINE('',#1507,#1508);
#1507 = CARTESIAN_POINT('',(-10.,4.));
#1508 = VECTOR('',#1509,1.);
#1509 = DIRECTION('',(1.,0.));
#1510 = ( GEOMETRIC_REPRESENTATION_CONTEXT(2) 
PARAMETRIC_REPRESENTATION_CONTEXT() REPRESENTATION_CONTEXT('2D SPACE',''
  ) );
#1511 = ORIENTED_EDGE('',*,*,#1512,.F.);
#1512 = EDGE_CURVE('',#1439,#1490,#1513,.T.);
#1513 = SURFACE_CURVE('',#1514,(#1518,#1525),.PCURVE_S1.);
#1514 = LINE('',#1515,#1516);
#1515 = CARTESIAN_POINT('',(10.,4.,70.));
#1516 = VECTOR('',#1517,1.);
#1517 = DIRECTION('',(-0.,-0.,-1.));
#1518 = PCURVE('',#1447,#1519);
#1519 = DEFINITIONAL_REPRESENTATION('',(#1520),#1524);
#1520 = LINE('',#1521,#1522);
#1521 = CARTESIAN_POINT('',(0.,0.));
#1522 = VECTOR('',#1523,1.);
#1523 = DIRECTION('',(1.,0.));
#1524 = ( GEOMETRIC_REPRESENTATION_CONTEXT(2) 
PARAMETRIC_REPRESENTATION_CONTEXT() REPRESENTATION_CONTEXT('2D SPACE',''
  ) );
#1525 = PCURVE('',#1526,#1531);
#1526 = PLANE('',#1527);
#1527 = AXIS2_PLACEMENT_3D('',#1528,#1529,#1530);
#1528 = CARTESIAN_POINT('',(10.,14.,70.));
#1529 = DIRECTION('',(-1.,0.,0.));
#1530 = DIRECTION('',(0.,0.,1.));
#1531 = DEFINITIONAL_REPRESENTATION('',(#1532),#1536);
#1532 = LINE('',#1533,#1534);
#1533 = CARTESIAN_POINT('',(0.,-10.));
#1534 = VECTOR('',#1535,1.);
#1535 = DIRECTION('',(-1.,0.));
#1536 = ( GEOMETRIC_REPRESENTATION_CONTEXT(2) 
PARAMETRIC_REPRESENTATION_CONTEXT() REPRESENTATION_CONTEXT('2D SPACE',''
  ) );
#1537 = ADVANCED_FACE('',(#1538),#1526,.F.);
#1538 = FACE_BOUND('',#1539,.T.);
#1539 = EDGE_LOOP('',(#1540,#1563,#1591,#1612));
#1540 = ORIENTED_EDGE('',*,*,#1541,.T.);
#1541 = EDGE_CURVE('',#1490,#1542,#1544,.T.);
#1542 = VERTEX_POINT('',#1543);
#1543 = CARTESIAN_POINT('',(10.,13.5,0.));
#1544 = SURFACE_CURVE('',#1545,(#1549,#1556),.PCURVE_S1.);
#1545 = LINE('',#1546,#1547);
#1546 = CARTESIAN_POINT('',(10.,14.,0.));
#1547 = VECTOR('',#1548,1.);
#1548 = DIRECTION('',(-0.,1.,-0.));
#1549 = PCURVE('',#1526,#1550);
#1550 = DEFINITIONAL_REPRESENTATION('',(#1551),#1555);
#1551 = LINE('',#1552,#1553);
#1552 = CARTESIAN_POINT('',(-70.,0.));
#1553 = VECTOR('',#1554,1.);
#1554 = DIRECTION('',(0.,1.));
#1555 = ( GEOMETRIC_REPRESENTATION_CONTEXT(2) 
PARAMETRIC_REPRESENTATION_CONTEXT() REPRESENTATION_CONTEXT('2D SPACE',''
  ) );
#1556 = PCURVE('',#1136,#1557);
#1557 = DEFINITIONAL_REPRESENTATION('',(#1558),#1562);
#1558 = LINE('',#1559,#1560);
#1559 = CARTESIAN_POINT('',(-10.,14.));
#1560 = VECTOR('',#1561,1.);
#1561 = DIRECTION('',(0.,1.));
#1562 = ( GEOMETRIC_REPRESENTATION_CONTEXT(2) 
PARAMETRIC_REPRESENTATION_CONTEXT() REPRESENTATION_CONTEXT('2D SPACE',''
  ) );
#1563 = ORIENTED_EDGE('',*,*,#1564,.T.);
#1564 = EDGE_CURVE('',#1542,#1565,#1567,.T.);
#1565 = VERTEX_POINT('',#1566);
#1566 = CARTESIAN_POINT('',(10.,13.5,70.));
#1567 = SURFACE_CURVE('',#1568,(#1572,#1579),.PCURVE_S1.);
#1568 = LINE('',#1569,#1570);
#1569 = CARTESIAN_POINT('',(10.,13.5,70.));
#1570 = VECTOR('',#1571,1.);
#1571 = DIRECTION('',(0.,0.,1.));
#1572 = PCURVE('',#1526,#1573);
#1573 = DEFINITIONAL_REPRESENTATION('',(#1574),#1578);
#1574 = LINE('',#1575,#1576);
#1575 = CARTESIAN_POINT('',(0.,-0.5));
#1576 = VECTOR('',#1577,1.);
#1577 = DIRECTION('',(1.,0.));
#1578 = ( GEOMETRIC_REPRESENTATION_CONTEXT(2) 
PARAMETRIC_REPRESENTATION_CONTEXT() REPRESENTATION_CONTEXT('2D SPACE',''
  ) );
#1579 = PCURVE('',#1580,#1585);
#1580 = PLANE('',#1581);
#1581 = AXIS2_PLACEMENT_3D('',#1582,#1583,#1584);
#1582 = CARTESIAN_POINT('',(9.5,14.,70.));
#1583 = DIRECTION('',(-0.707106781187,-0.707106781187,0.));
#1584 = DIRECTION('',(0.707106781187,-0.707106781187,0.));
#1585 = DEFINITIONAL_REPRESENTATION('',(#1586),#1590);
#1586 = LINE('',#1587,#1588);
#1587 = CARTESIAN_POINT('',(0.707106781187,0.));
#1588 = VECTOR('',#1589,1.);
#1589 = DIRECTION('',(0.,1.));
#1590 = ( GEOMETRIC_REPRESENTATION_CONTEXT(2) 
PARAMETRIC_REPRESENTATION_CONTEXT() REPRESENTATION_CONTEXT('2D SPACE',''
  ) );
#1591 = ORIENTED_EDGE('',*,*,#1592,.F.);
#1592 = EDGE_CURVE('',#1439,#1565,#1593,.T.);
#1593 = SURFACE_CURVE('',#1594,(#1598,#1605),.PCURVE_S1.);
#1594 = LINE('',#1595,#1596);
#1595 = CARTESIAN_POINT('',(10.,14.,70.));
#1596 = VECTOR('',#1597,1.);
#1597 = DIRECTION('',(-0.,1.,-0.));
#1598 = PCURVE('',#1526,#1599);
#1599 = DEFINITIONAL_REPRESENTATION('',(#1600),#1604);
#1600 = LINE('',#1601,#1602);
#1601 = CARTESIAN_POINT('',(0.,0.));
#1602 = VECTOR('',#1603,1.);
#1603 = DIRECTION('',(0.,1.));
#1604 = ( GEOMETRIC_REPRESENTATION_CONTEXT(2) 
PARAMETRIC_REPRESENTATION_CONTEXT() REPRESENTATION_CONTEXT('2D SPACE',''
  ) );
#1605 = PCURVE('',#1192,#1606);
#1606 = DEFINITIONAL_REPRESENTATION('',(#1607),#1611);
#1607 = LINE('',#1608,#1609);
#1608 = CARTESIAN_POINT('',(-10.,14.));
#1609 = VECTOR('',#1610,1.);
#1610 = DIRECTION('',(0.,1.));
#1611 = ( GEOMETRIC_REPRESENTATION_CONTEXT(2) 
PARAMETRIC_REPRESENTATION_CONTEXT() REPRESENTATION_CONTEXT('2D SPACE',''
  ) );
#1612 = ORIENTED_EDGE('',*,*,#1512,.T.);
#1613 = ADVANCED_FACE('',(#1614,#1710,#1735,#1760,#1785),#127,.F.);
#1614 = FACE_BOUND('',#1615,.T.);
#1615 = EDGE_LOOP('',(#1616,#1641,#1665,#1688));
#1616 = ORIENTED_EDGE('',*,*,#1617,.T.);
#1617 = EDGE_CURVE('',#1618,#1620,#1622,.T.);
#1618 = VERTEX_POINT('',#1619);
#1619 = CARTESIAN_POINT('',(3.,14.,26.5));
#1620 = VERTEX_POINT('',#1621);
#1621 = CARTESIAN_POINT('',(3.,14.,23.5));
#1622 = SURFACE_CURVE('',#1623,(#1627,#1634),.PCURVE_S1.);
#1623 = LINE('',#1624,#1625);
#1624 = CARTESIAN_POINT('',(3.,14.,23.5));
#1625 = VECTOR('',#1626,1.);
#1626 = DIRECTION('',(5.782411586589E-16,-4.814824860968E-32,-1.));
#1627 = PCURVE('',#127,#1628);
#1628 = DEFINITIONAL_REPRESENTATION('',(#1629),#1633);
#1629 = LINE('',#1630,#1631);
#1630 = CARTESIAN_POINT('',(46.5,3.));
#1631 = VECTOR('',#1632,1.);
#1632 = DIRECTION('',(1.,5.782411586589E-16));
#1633 = ( GEOMETRIC_REPRESENTATION_CONTEXT(2) 
PARAMETRIC_REPRESENTATION_CONTEXT() REPRESENTATION_CONTEXT('2D SPACE',''
  ) );
#1634 = PCURVE('',#973,#1635);
#1635 = DEFINITIONAL_REPRESENTATION('',(#1636),#1640);
#1636 = LINE('',#1637,#1638);
#1637 = CARTESIAN_POINT('',(0.,0.));
#1638 = VECTOR('',#1639,1.);
#1639 = DIRECTION('',(-1.,-4.814824860968E-32));
#1640 = ( GEOMETRIC_REPRESENTATION_CONTEXT(2) 
PARAMETRIC_REPRESENTATION_CONTEXT() REPRESENTATION_CONTEXT('2D SPACE',''
  ) );
#1641 = ORIENTED_EDGE('',*,*,#1642,.T.);
#1642 = EDGE_CURVE('',#1620,#1643,#1645,.T.);
#1643 = VERTEX_POINT('',#1644);
#1644 = CARTESIAN_POINT('',(7.,14.,23.5));
#1645 = SURFACE_CURVE('',#1646,(#1651,#1658),.PCURVE_S1.);
#1646 = CIRCLE('',#1647,2.);
#1647 = AXIS2_PLACEMENT_3D('',#1648,#1649,#1650);
#1648 = CARTESIAN_POINT('',(5.,14.,23.5));
#1649 = DIRECTION('',(-8.164311994316E-17,-1.,0.));
#1650 = DIRECTION('',(1.,-8.164311994316E-17,0.));
#1651 = PCURVE('',#127,#1652);
#1652 = DEFINITIONAL_REPRESENTATION('',(#1653),#1657);
#1653 = CIRCLE('',#1654,2.);
#1654 = AXIS2_PLACEMENT_2D('',#1655,#1656);
#1655 = CARTESIAN_POINT('',(46.5,5.));
#1656 = DIRECTION('',(0.,1.));
#1657 = ( GEOMETRIC_REPRESENTATION_CONTEXT(2) 
PARAMETRIC_REPRESENTATION_CONTEXT() REPRESENTATION_CONTEXT('2D SPACE',''
  ) );
#1658 = PCURVE('',#945,#1659);
#1659 = DEFINITIONAL_REPRESENTATION('',(#1660),#1664);
#1660 = LINE('',#1661,#1662);
#1661 = CARTESIAN_POINT('',(0.,0.));
#1662 = VECTOR('',#1663,1.);
#1663 = DIRECTION('',(1.,0.));
#1664 = ( GEOMETRIC_REPRESENTATION_CONTEXT(2) 
PARAMETRIC_REPRESENTATION_CONTEXT() REPRESENTATION_CONTEXT('2D SPACE',''
  ) );
#1665 = ORIENTED_EDGE('',*,*,#1666,.T.);
#1666 = EDGE_CURVE('',#1643,#1667,#1669,.T.);
#1667 = VERTEX_POINT('',#1668);
#1668 = CARTESIAN_POINT('',(7.,14.,26.5));
#1669 = SURFACE_CURVE('',#1670,(#1674,#1681),.PCURVE_S1.);
#1670 = LINE('',#1671,#1672);
#1671 = CARTESIAN_POINT('',(7.,14.,23.5));
#1672 = VECTOR('',#1673,1.);
#1673 = DIRECTION('',(-2.891205793295E-16,3.209883240645E-32,1.));
#1674 = PCURVE('',#127,#1675);
#1675 = DEFINITIONAL_REPRESENTATION('',(#1676),#1680);
#1676 = LINE('',#1677,#1678);
#1677 = CARTESIAN_POINT('',(46.5,7.));
#1678 = VECTOR('',#1679,1.);
#1679 = DIRECTION('',(-1.,-2.891205793295E-16));
#1680 = ( GEOMETRIC_REPRESENTATION_CONTEXT(2) 
PARAMETRIC_REPRESENTATION_CONTEXT() REPRESENTATION_CONTEXT('2D SPACE',''
  ) );
#1681 = PCURVE('',#912,#1682);
#1682 = DEFINITIONAL_REPRESENTATION('',(#1683),#1687);
#1683 = LINE('',#1684,#1685);
#1684 = CARTESIAN_POINT('',(0.,0.));
#1685 = VECTOR('',#1686,1.);
#1686 = DIRECTION('',(-1.,3.209883240645E-32));
#1687 = ( GEOMETRIC_REPRESENTATION_CONTEXT(2) 
PARAMETRIC_REPRESENTATION_CONTEXT() REPRESENTATION_CONTEXT('2D SPACE',''
  ) );
#1688 = ORIENTED_EDGE('',*,*,#1689,.T.);
#1689 = EDGE_CURVE('',#1667,#1618,#1690,.T.);
#1690 = SURFACE_CURVE('',#1691,(#1696,#1703),.PCURVE_S1.);
#1691 = CIRCLE('',#1692,2.);
#1692 = AXIS2_PLACEMENT_3D('',#1693,#1694,#1695);
#1693 = CARTESIAN_POINT('',(5.,14.,26.5));
#1694 = DIRECTION('',(-8.164311994316E-17,-1.,0.));
#1695 = DIRECTION('',(1.,-8.164311994316E-17,0.));
#1696 = PCURVE('',#127,#1697);
#1697 = DEFINITIONAL_REPRESENTATION('',(#1698),#1702);
#1698 = CIRCLE('',#1699,2.);
#1699 = AXIS2_PLACEMENT_2D('',#1700,#1701);
#1700 = CARTESIAN_POINT('',(43.5,5.));
#1701 = DIRECTION('',(0.,1.));
#1702 = ( GEOMETRIC_REPRESENTATION_CONTEXT(2) 
PARAMETRIC_REPRESENTATION_CONTEXT() REPRESENTATION_CONTEXT('2D SPACE',''
  ) );
#1703 = PCURVE('',#1004,#1704);
#1704 = DEFINITIONAL_REPRESENTATION('',(#1705),#1709);
#1705 = LINE('',#1706,#1707);
#1706 = CARTESIAN_POINT('',(0.,0.));
#1707 = VECTOR('',#1708,1.);
#1708 = DIRECTION('',(1.,0.));
#1709 = ( GEOMETRIC_REPRESENTATION_CONTEXT(2) 
PARAMETRIC_REPRESENTATION_CONTEXT() REPRESENTATION_CONTEXT('2D SPACE',''
  ) );
#1710 = FACE_BOUND('',#1711,.T.);
#1711 = EDGE_LOOP('',(#1712,#1734));
#1712 = ORIENTED_EDGE('',*,*,#1713,.T.);
#1713 = EDGE_CURVE('',#22,#90,#1714,.T.);
#1714 = SURFACE_CURVE('',#1715,(#1720,#1727),.PCURVE_S1.);
#1715 = CIRCLE('',#1716,2.);
#1716 = AXIS2_PLACEMENT_3D('',#1717,#1718,#1719);
#1717 = CARTESIAN_POINT('',(5.,14.,45.));
#1718 = DIRECTION('',(-8.164311994316E-17,-1.,0.));
#1719 = DIRECTION('',(1.,-8.164311994316E-17,0.));
#1720 = PCURVE('',#127,#1721);
#1721 = DEFINITIONAL_REPRESENTATION('',(#1722),#1726);
#1722 = CIRCLE('',#1723,2.);
#1723 = AXIS2_PLACEMENT_2D('',#1724,#1725);
#1724 = CARTESIAN_POINT('',(25.,5.));
#1725 = DIRECTION('',(0.,1.));
#1726 = ( GEOMETRIC_REPRESENTATION_CONTEXT(2) 
PARAMETRIC_REPRESENTATION_CONTEXT() REPRESENTATION_CONTEXT('2D SPACE',''
  ) );
#1727 = PCURVE('',#44,#1728);
#1728 = DEFINITIONAL_REPRESENTATION('',(#1729),#1733);
#1729 = LINE('',#1730,#1731);
#1730 = CARTESIAN_POINT('',(0.,0.));
#1731 = VECTOR('',#1732,1.);
#1732 = DIRECTION('',(1.,0.));
#1733 = ( GEOMETRIC_REPRESENTATION_CONTEXT(2) 
PARAMETRIC_REPRESENTATION_CONTEXT() REPRESENTATION_CONTEXT('2D SPACE',''
  ) );
#1734 = ORIENTED_EDGE('',*,*,#112,.T.);
#1735 = FACE_BOUND('',#1736,.T.);
#1736 = EDGE_LOOP('',(#1737,#1759));
#1737 = ORIENTED_EDGE('',*,*,#1738,.T.);
#1738 = EDGE_CURVE('',#447,#476,#1739,.T.);
#1739 = SURFACE_CURVE('',#1740,(#1745,#1752),.PCURVE_S1.);
#1740 = CIRCLE('',#1741,2.65);
#1741 = AXIS2_PLACEMENT_3D('',#1742,#1743,#1744);
#1742 = CARTESIAN_POINT('',(5.,14.,62.5));
#1743 = DIRECTION('',(0.,-1.,-0.));
#1744 = DIRECTION('',(0.,0.,-1.));
#1745 = PCURVE('',#127,#1746);
#1746 = DEFINITIONAL_REPRESENTATION('',(#1747),#1751);
#1747 = CIRCLE('',#1748,2.65);
#1748 = AXIS2_PLACEMENT_2D('',#1749,#1750);
#1749 = CARTESIAN_POINT('',(7.5,5.));
#1750 = DIRECTION('',(1.,0.));
#1751 = ( GEOMETRIC_REPRESENTATION_CONTEXT(2) 
PARAMETRIC_REPRESENTATION_CONTEXT() REPRESENTATION_CONTEXT('2D SPACE',''
  ) );
#1752 = PCURVE('',#462,#1753);
#1753 = DEFINITIONAL_REPRESENTATION('',(#1754),#1758);
#1754 = LINE('',#1755,#1756);
#1755 = CARTESIAN_POINT('',(0.,-14.));
#1756 = VECTOR('',#1757,1.);
#1757 = DIRECTION('',(1.,0.));
#1758 = ( GEOMETRIC_REPRESENTATION_CONTEXT(2) 
PARAMETRIC_REPRESENTATION_CONTEXT() REPRESENTATION_CONTEXT('2D SPACE',''
  ) );
#1759 = ORIENTED_EDGE('',*,*,#498,.T.);
#1760 = FACE_BOUND('',#1761,.T.);
#1761 = EDGE_LOOP('',(#1762,#1784));
#1762 = ORIENTED_EDGE('',*,*,#1763,.T.);
#1763 = EDGE_CURVE('',#818,#847,#1764,.T.);
#1764 = SURFACE_CURVE('',#1765,(#1770,#1777),.PCURVE_S1.);
#1765 = CIRCLE('',#1766,2.65);
#1766 = AXIS2_PLACEMENT_3D('',#1767,#1768,#1769);
#1767 = CARTESIAN_POINT('',(5.,14.,7.5));
#1768 = DIRECTION('',(0.,-1.,-0.));
#1769 = DIRECTION('',(0.,0.,-1.));
#1770 = PCURVE('',#127,#1771);
#1771 = DEFINITIONAL_REPRESENTATION('',(#1772),#1776);
#1772 = CIRCLE('',#1773,2.65);
#1773 = AXIS2_PLACEMENT_2D('',#1774,#1775);
#1774 = CARTESIAN_POINT('',(62.5,5.));
#1775 = DIRECTION('',(1.,0.));
#1776 = ( GEOMETRIC_REPRESENTATION_CONTEXT(2) 
PARAMETRIC_REPRESENTATION_CONTEXT() REPRESENTATION_CONTEXT('2D SPACE',''
  ) );
#1777 = PCURVE('',#833,#1778);
#1778 = DEFINITIONAL_REPRESENTATION('',(#1779),#1783);
#1779 = LINE('',#1780,#1781);
#1780 = CARTESIAN_POINT('',(0.,-14.));
#1781 = VECTOR('',#1782,1.);
#1782 = DIRECTION('',(1.,0.));
#1783 = ( GEOMETRIC_REPRESENTATION_CONTEXT(2) 
PARAMETRIC_REPRESENTATION_CONTEXT() REPRESENTATION_CONTEXT('2D SPACE',''
  ) );
#1784 = ORIENTED_EDGE('',*,*,#869,.T.);
#1785 = FACE_BOUND('',#1786,.T.);
#1786 = EDGE_LOOP('',(#1787,#1812,#1835,#1858));
#1787 = ORIENTED_EDGE('',*,*,#1788,.F.);
#1788 = EDGE_CURVE('',#1789,#1791,#1793,.T.);
#1789 = VERTEX_POINT('',#1790);
#1790 = CARTESIAN_POINT('',(9.5,14.,70.));
#1791 = VERTEX_POINT('',#1792);
#1792 = CARTESIAN_POINT('',(0.,14.,70.));
#1793 = SURFACE_CURVE('',#1794,(#1798,#1805),.PCURVE_S1.);
#1794 = LINE('',#1795,#1796);
#1795 = CARTESIAN_POINT('',(0.,14.,70.));
#1796 = VECTOR('',#1797,1.);
#1797 = DIRECTION('',(-1.,-0.,-0.));
#1798 = PCURVE('',#127,#1799);
#1799 = DEFINITIONAL_REPRESENTATION('',(#1800),#1804);
#1800 = LINE('',#1801,#1802);
#1801 = CARTESIAN_POINT('',(0.,0.));
#1802 = VECTOR('',#1803,1.);
#1803 = DIRECTION('',(0.,-1.));
#1804 = ( GEOMETRIC_REPRESENTATION_CONTEXT(2) 
PARAMETRIC_REPRESENTATION_CONTEXT() REPRESENTATION_CONTEXT('2D SPACE',''
  ) );
#1805 = PCURVE('',#1192,#1806);
#1806 = DEFINITIONAL_REPRESENTATION('',(#1807),#1811);
#1807 = LINE('',#1808,#1809);
#1808 = CARTESIAN_POINT('',(0.,14.));
#1809 = VECTOR('',#1810,1.);
#1810 = DIRECTION('',(1.,0.));
#1811 = ( GEOMETRIC_REPRESENTATION_CONTEXT(2) 
PARAMETRIC_REPRESENTATION_CONTEXT() REPRESENTATION_CONTEXT('2D SPACE',''
  ) );
#1812 = ORIENTED_EDGE('',*,*,#1813,.T.);
#1813 = EDGE_CURVE('',#1789,#1814,#1816,.T.);
#1814 = VERTEX_POINT('',#1815);
#1815 = CARTESIAN_POINT('',(9.5,14.,0.));
#1816 = SURFACE_CURVE('',#1817,(#1821,#1828),.PCURVE_S1.);
#1817 = LINE('',#1818,#1819);
#1818 = CARTESIAN_POINT('',(9.5,14.,70.));
#1819 = VECTOR('',#1820,1.);
#1820 = DIRECTION('',(0.,0.,-1.));
#1821 = PCURVE('',#127,#1822);
#1822 = DEFINITIONAL_REPRESENTATION('',(#1823),#1827);
#1823 = LINE('',#1824,#1825);
#1824 = CARTESIAN_POINT('',(0.,9.5));
#1825 = VECTOR('',#1826,1.);
#1826 = DIRECTION('',(1.,0.));
#1827 = ( GEOMETRIC_REPRESENTATION_CONTEXT(2) 
PARAMETRIC_REPRESENTATION_CONTEXT() REPRESENTATION_CONTEXT('2D SPACE',''
  ) );
#1828 = PCURVE('',#1580,#1829);
#1829 = DEFINITIONAL_REPRESENTATION('',(#1830),#1834);
#1830 = LINE('',#1831,#1832);
#1831 = CARTESIAN_POINT('',(0.,0.));
#1832 = VECTOR('',#1833,1.);
#1833 = DIRECTION('',(0.,-1.));
#1834 = ( GEOMETRIC_REPRESENTATION_CONTEXT(2) 
PARAMETRIC_REPRESENTATION_CONTEXT() REPRESENTATION_CONTEXT('2D SPACE',''
  ) );
#1835 = ORIENTED_EDGE('',*,*,#1836,.T.);
#1836 = EDGE_CURVE('',#1814,#1837,#1839,.T.);
#1837 = VERTEX_POINT('',#1838);
#1838 = CARTESIAN_POINT('',(0.,14.,0.));
#1839 = SURFACE_CURVE('',#1840,(#1844,#1851),.PCURVE_S1.);
#1840 = LINE('',#1841,#1842);
#1841 = CARTESIAN_POINT('',(0.,14.,0.));
#1842 = VECTOR('',#1843,1.);
#1843 = DIRECTION('',(-1.,-0.,-0.));
#1844 = PCURVE('',#127,#1845);
#1845 = DEFINITIONAL_REPRESENTATION('',(#1846),#1850);
#1846 = LINE('',#1847,#1848);
#1847 = CARTESIAN_POINT('',(70.,0.));
#1848 = VECTOR('',#1849,1.);
#1849 = DIRECTION('',(0.,-1.));
#1850 = ( GEOMETRIC_REPRESENTATION_CONTEXT(2) 
PARAMETRIC_REPRESENTATION_CONTEXT() REPRESENTATION_CONTEXT('2D SPACE',''
  ) );
#1851 = PCURVE('',#1136,#1852);
#1852 = DEFINITIONAL_REPRESENTATION('',(#1853),#1857);
#1853 = LINE('',#1854,#1855);
#1854 = CARTESIAN_POINT('',(0.,14.));
#1855 = VECTOR('',#1856,1.);
#1856 = DIRECTION('',(1.,0.));
#1857 = ( GEOMETRIC_REPRESENTATION_CONTEXT(2) 
PARAMETRIC_REPRESENTATION_CONTEXT() REPRESENTATION_CONTEXT('2D SPACE',''
  ) );
#1858 = ORIENTED_EDGE('',*,*,#1859,.F.);
#1859 = EDGE_CURVE('',#1791,#1837,#1860,.T.);
#1860 = SURFACE_CURVE('',#1861,(#1865,#1872),.PCURVE_S1.);
#1861 = LINE('',#1862,#1863);
#1862 = CARTESIAN_POINT('',(0.,14.,70.));
#1863 = VECTOR('',#1864,1.);
#1864 = DIRECTION('',(-0.,-0.,-1.));
#1865 = PCURVE('',#127,#1866);
#1866 = DEFINITIONAL_REPRESENTATION('',(#1867),#1871);
#1867 = LINE('',#1868,#1869);
#1868 = CARTESIAN_POINT('',(0.,0.));
#1869 = VECTOR('',#1870,1.);
#1870 = DIRECTION('',(1.,0.));
#1871 = ( GEOMETRIC_REPRESENTATION_CONTEXT(2) 
PARAMETRIC_REPRESENTATION_CONTEXT() REPRESENTATION_CONTEXT('2D SPACE',''
  ) );
#1872 = PCURVE('',#298,#1873);
#1873 = DEFINITIONAL_REPRESENTATION('',(#1874),#1878);
#1874 = LINE('',#1875,#1876);
#1875 = CARTESIAN_POINT('',(0.,14.));
#1876 = VECTOR('',#1877,1.);
#1877 = DIRECTION('',(1.,0.));
#1878 = ( GEOMETRIC_REPRESENTATION_CONTEXT(2) 
PARAMETRIC_REPRESENTATION_CONTEXT() REPRESENTATION_CONTEXT('2D SPACE',''
  ) );
#1879 = ADVANCED_FACE('',(#1880),#298,.F.);
#1880 = FACE_BOUND('',#1881,.T.);
#1881 = EDGE_LOOP('',(#1882,#1883,#1884,#1885,#1906,#1907,#1930,#1951));
#1882 = ORIENTED_EDGE('',*,*,#1305,.T.);
#1883 = ORIENTED_EDGE('',*,*,#257,.T.);
#1884 = ORIENTED_EDGE('',*,*,#1280,.T.);
#1885 = ORIENTED_EDGE('',*,*,#1886,.F.);
#1886 = EDGE_CURVE('',#1791,#1258,#1887,.T.);
#1887 = SURFACE_CURVE('',#1888,(#1892,#1899),.PCURVE_S1.);
#1888 = LINE('',#1889,#1890);
#1889 = CARTESIAN_POINT('',(0.,0.,70.));
#1890 = VECTOR('',#1891,1.);
#1891 = DIRECTION('',(-0.,-1.,-0.));
#1892 = PCURVE('',#298,#1893);
#1893 = DEFINITIONAL_REPRESENTATION('',(#1894),#1898);
#1894 = LINE('',#1895,#1896);
#1895 = CARTESIAN_POINT('',(0.,0.));
#1896 = VECTOR('',#1897,1.);
#1897 = DIRECTION('',(0.,-1.));
#1898 = ( GEOMETRIC_REPRESENTATION_CONTEXT(2) 
PARAMETRIC_REPRESENTATION_CONTEXT() REPRESENTATION_CONTEXT('2D SPACE',''
  ) );
#1899 = PCURVE('',#1192,#1900);
#1900 = DEFINITIONAL_REPRESENTATION('',(#1901),#1905);
#1901 = LINE('',#1902,#1903);
#1902 = CARTESIAN_POINT('',(-0.,-3.851859888774E-31));
#1903 = VECTOR('',#1904,1.);
#1904 = DIRECTION('',(0.,-1.));
#1905 = ( GEOMETRIC_REPRESENTATION_CONTEXT(2) 
PARAMETRIC_REPRESENTATION_CONTEXT() REPRESENTATION_CONTEXT('2D SPACE',''
  ) );
#1906 = ORIENTED_EDGE('',*,*,#1859,.T.);
#1907 = ORIENTED_EDGE('',*,*,#1908,.T.);
#1908 = EDGE_CURVE('',#1837,#1909,#1911,.T.);
#1909 = VERTEX_POINT('',#1910);
#1910 = CARTESIAN_POINT('',(0.,0.5,0.));
#1911 = SURFACE_CURVE('',#1912,(#1916,#1923),.PCURVE_S1.);
#1912 = LINE('',#1913,#1914);
#1913 = CARTESIAN_POINT('',(0.,0.,0.));
#1914 = VECTOR('',#1915,1.);
#1915 = DIRECTION('',(-0.,-1.,-0.));
#1916 = PCURVE('',#298,#1917);
#1917 = DEFINITIONAL_REPRESENTATION('',(#1918),#1922);
#1918 = LINE('',#1919,#1920);
#1919 = CARTESIAN_POINT('',(70.,0.));
#1920 = VECTOR('',#1921,1.);
#1921 = DIRECTION('',(0.,-1.));
#1922 = ( GEOMETRIC_REPRESENTATION_CONTEXT(2) 
PARAMETRIC_REPRESENTATION_CONTEXT() REPRESENTATION_CONTEXT('2D SPACE',''
  ) );
#1923 = PCURVE('',#1136,#1924);
#1924 = DEFINITIONAL_REPRESENTATION('',(#1925),#1929);
#1925 = LINE('',#1926,#1927);
#1926 = CARTESIAN_POINT('',(-0.,-3.851859888774E-31));
#1927 = VECTOR('',#1928,1.);
#1928 = DIRECTION('',(0.,-1.));
#1929 = ( GEOMETRIC_REPRESENTATION_CONTEXT(2) 
PARAMETRIC_REPRESENTATION_CONTEXT() REPRESENTATION_CONTEXT('2D SPACE',''
  ) );
#1930 = ORIENTED_EDGE('',*,*,#1931,.T.);
#1931 = EDGE_CURVE('',#1909,#587,#1932,.T.);
#1932 = SURFACE_CURVE('',#1933,(#1937,#1944),.PCURVE_S1.);
#1933 = LINE('',#1934,#1935);
#1934 = CARTESIAN_POINT('',(0.,0.5,70.));
#1935 = VECTOR('',#1936,1.);
#1936 = DIRECTION('',(0.,0.,1.));
#1937 = PCURVE('',#298,#1938);
#1938 = DEFINITIONAL_REPRESENTATION('',(#1939),#1943);
#1939 = LINE('',#1940,#1941);
#1940 = CARTESIAN_POINT('',(0.,0.5));
#1941 = VECTOR('',#1942,1.);
#1942 = DIRECTION('',(-1.,0.));
#1943 = ( GEOMETRIC_REPRESENTATION_CONTEXT(2) 
PARAMETRIC_REPRESENTATION_CONTEXT() REPRESENTATION_CONTEXT('2D SPACE',''
  ) );
#1944 = PCURVE('',#625,#1945);
#1945 = DEFINITIONAL_REPRESENTATION('',(#1946),#1950);
#1946 = LINE('',#1947,#1948);
#1947 = CARTESIAN_POINT('',(0.707106781187,0.));
#1948 = VECTOR('',#1949,1.);
#1949 = DIRECTION('',(0.,1.));
#1950 = ( GEOMETRIC_REPRESENTATION_CONTEXT(2) 
PARAMETRIC_REPRESENTATION_CONTEXT() REPRESENTATION_CONTEXT('2D SPACE',''
  ) );
#1951 = ORIENTED_EDGE('',*,*,#638,.T.);
#1952 = ADVANCED_FACE('',(#1953),#1192,.F.);
#1953 = FACE_BOUND('',#1954,.T.);
#1954 = EDGE_LOOP('',(#1955,#1956,#1977,#1978,#1979,#2000,#2001,#2002,
    #2003,#2004));
#1955 = ORIENTED_EDGE('',*,*,#1389,.T.);
#1956 = ORIENTED_EDGE('',*,*,#1957,.T.);
#1957 = EDGE_CURVE('',#1362,#1437,#1958,.T.);
#1958 = SURFACE_CURVE('',#1959,(#1963,#1970),.PCURVE_S1.);
#1959 = LINE('',#1960,#1961);
#1960 = CARTESIAN_POINT('',(14.5,4.,70.));
#1961 = VECTOR('',#1962,1.);
#1962 = DIRECTION('',(-0.707106781187,0.707106781187,-0.));
#1963 = PCURVE('',#1192,#1964);
#1964 = DEFINITIONAL_REPRESENTATION('',(#1965),#1969);
#1965 = LINE('',#1966,#1967);
#1966 = CARTESIAN_POINT('',(-14.5,4.));
#1967 = VECTOR('',#1968,1.);
#1968 = DIRECTION('',(0.707106781187,0.707106781187));
#1969 = ( GEOMETRIC_REPRESENTATION_CONTEXT(2) 
PARAMETRIC_REPRESENTATION_CONTEXT() REPRESENTATION_CONTEXT('2D SPACE',''
  ) );
#1970 = PCURVE('',#1377,#1971);
#1971 = DEFINITIONAL_REPRESENTATION('',(#1972),#1976);
#1972 = LINE('',#1973,#1974);
#1973 = CARTESIAN_POINT('',(0.,0.));
#1974 = VECTOR('',#1975,1.);
#1975 = DIRECTION('',(-1.,0.));
#1976 = ( GEOMETRIC_REPRESENTATION_CONTEXT(2) 
PARAMETRIC_REPRESENTATION_CONTEXT() REPRESENTATION_CONTEXT('2D SPACE',''
  ) );
#1977 = ORIENTED_EDGE('',*,*,#1436,.T.);
#1978 = ORIENTED_EDGE('',*,*,#1592,.T.);
#1979 = ORIENTED_EDGE('',*,*,#1980,.T.);
#1980 = EDGE_CURVE('',#1565,#1789,#1981,.T.);
#1981 = SURFACE_CURVE('',#1982,(#1986,#1993),.PCURVE_S1.);
#1982 = LINE('',#1983,#1984);
#1983 = CARTESIAN_POINT('',(9.5,14.,70.));
#1984 = VECTOR('',#1985,1.);
#1985 = DIRECTION('',(-0.707106781187,0.707106781187,-0.));
#1986 = PCURVE('',#1192,#1987);
#1987 = DEFINITIONAL_REPRESENTATION('',(#1988),#1992);
#1988 = LINE('',#1989,#1990);
#1989 = CARTESIAN_POINT('',(-9.5,14.));
#1990 = VECTOR('',#1991,1.);
#1991 = DIRECTION('',(0.707106781187,0.707106781187));
#1992 = ( GEOMETRIC_REPRESENTATION_CONTEXT(2) 
PARAMETRIC_REPRESENTATION_CONTEXT() REPRESENTATION_CONTEXT('2D SPACE',''
  ) );
#1993 = PCURVE('',#1580,#1994);
#1994 = DEFINITIONAL_REPRESENTATION('',(#1995),#1999);
#1995 = LINE('',#1996,#1997);
#1996 = CARTESIAN_POINT('',(0.,0.));
#1997 = VECTOR('',#1998,1.);
#1998 = DIRECTION('',(-1.,0.));
#1999 = ( GEOMETRIC_REPRESENTATION_CONTEXT(2) 
PARAMETRIC_REPRESENTATION_CONTEXT() REPRESENTATION_CONTEXT('2D SPACE',''
  ) );
#2000 = ORIENTED_EDGE('',*,*,#1788,.T.);
#2001 = ORIENTED_EDGE('',*,*,#1886,.T.);
#2002 = ORIENTED_EDGE('',*,*,#1257,.T.);
#2003 = ORIENTED_EDGE('',*,*,#1176,.T.);
#2004 = ORIENTED_EDGE('',*,*,#2005,.T.);
#2005 = EDGE_CURVE('',#1149,#1390,#2006,.T.);
#2006 = SURFACE_CURVE('',#2007,(#2011,#2018),.PCURVE_S1.);
#2007 = LINE('',#2008,#2009);
#2008 = CARTESIAN_POINT('',(15.,0.5,70.));
#2009 = VECTOR('',#2010,1.);
#2010 = DIRECTION('',(0.707106781187,0.707106781187,-0.));
#2011 = PCURVE('',#1192,#2012);
#2012 = DEFINITIONAL_REPRESENTATION('',(#2013),#2017);
#2013 = LINE('',#2014,#2015);
#2014 = CARTESIAN_POINT('',(-15.,0.5));
#2015 = VECTOR('',#2016,1.);
#2016 = DIRECTION('',(-0.707106781187,0.707106781187));
#2017 = ( GEOMETRIC_REPRESENTATION_CONTEXT(2) 
PARAMETRIC_REPRESENTATION_CONTEXT() REPRESENTATION_CONTEXT('2D SPACE',''
  ) );
#2018 = PCURVE('',#1164,#2019);
#2019 = DEFINITIONAL_REPRESENTATION('',(#2020),#2024);
#2020 = LINE('',#2021,#2022);
#2021 = CARTESIAN_POINT('',(0.,0.));
#2022 = VECTOR('',#2023,1.);
#2023 = DIRECTION('',(-1.,0.));
#2024 = ( GEOMETRIC_REPRESENTATION_CONTEXT(2) 
PARAMETRIC_REPRESENTATION_CONTEXT() REPRESENTATION_CONTEXT('2D SPACE',''
  ) );
#2025 = ADVANCED_FACE('',(#2026),#1136,.T.);
#2026 = FACE_BOUND('',#2027,.T.);
#2027 = EDGE_LOOP('',(#2028,#2029,#2050,#2051,#2072,#2073,#2094,#2095,
    #2096,#2117));
#2028 = ORIENTED_EDGE('',*,*,#1489,.F.);
#2029 = ORIENTED_EDGE('',*,*,#2030,.T.);
#2030 = EDGE_CURVE('',#1467,#1334,#2031,.T.);
#2031 = SURFACE_CURVE('',#2032,(#2036,#2043),.PCURVE_S1.);
#2032 = LINE('',#2033,#2034);
#2033 = CARTESIAN_POINT('',(9.25,9.25,0.));
#2034 = VECTOR('',#2035,1.);
#2035 = DIRECTION('',(0.707106781187,-0.707106781187,-0.));
#2036 = PCURVE('',#1136,#2037);
#2037 = DEFINITIONAL_REPRESENTATION('',(#2038),#2042);
#2038 = LINE('',#2039,#2040);
#2039 = CARTESIAN_POINT('',(-9.25,9.25));
#2040 = VECTOR('',#2041,1.);
#2041 = DIRECTION('',(-0.707106781187,-0.707106781187));
#2042 = ( GEOMETRIC_REPRESENTATION_CONTEXT(2) 
PARAMETRIC_REPRESENTATION_CONTEXT() REPRESENTATION_CONTEXT('2D SPACE',''
  ) );
#2043 = PCURVE('',#1377,#2044);
#2044 = DEFINITIONAL_REPRESENTATION('',(#2045),#2049);
#2045 = LINE('',#2046,#2047);
#2046 = CARTESIAN_POINT('',(-7.424621202459,-70.));
#2047 = VECTOR('',#2048,1.);
#2048 = DIRECTION('',(1.,0.));
#2049 = ( GEOMETRIC_REPRESENTATION_CONTEXT(2) 
PARAMETRIC_REPRESENTATION_CONTEXT() REPRESENTATION_CONTEXT('2D SPACE',''
  ) );
#2050 = ORIENTED_EDGE('',*,*,#1331,.F.);
#2051 = ORIENTED_EDGE('',*,*,#2052,.T.);
#2052 = EDGE_CURVE('',#1332,#1121,#2053,.T.);
#2053 = SURFACE_CURVE('',#2054,(#2058,#2065),.PCURVE_S1.);
#2054 = LINE('',#2055,#2056);
#2055 = CARTESIAN_POINT('',(7.25,-7.25,0.));
#2056 = VECTOR('',#2057,1.);
#2057 = DIRECTION('',(-0.707106781187,-0.707106781187,-0.));
#2058 = PCURVE('',#1136,#2059);
#2059 = DEFINITIONAL_REPRESENTATION('',(#2060),#2064);
#2060 = LINE('',#2061,#2062);
#2061 = CARTESIAN_POINT('',(-7.25,-7.25));
#2062 = VECTOR('',#2063,1.);
#2063 = DIRECTION('',(0.707106781187,-0.707106781187));
#2064 = ( GEOMETRIC_REPRESENTATION_CONTEXT(2) 
PARAMETRIC_REPRESENTATION_CONTEXT() REPRESENTATION_CONTEXT('2D SPACE',''
  ) );
#2065 = PCURVE('',#1164,#2066);
#2066 = DEFINITIONAL_REPRESENTATION('',(#2067),#2071);
#2067 = LINE('',#2068,#2069);
#2068 = CARTESIAN_POINT('',(10.960155108391,-70.));
#2069 = VECTOR('',#2070,1.);
#2070 = DIRECTION('',(1.,0.));
#2071 = ( GEOMETRIC_REPRESENTATION_CONTEXT(2) 
PARAMETRIC_REPRESENTATION_CONTEXT() REPRESENTATION_CONTEXT('2D SPACE',''
  ) );
#2072 = ORIENTED_EDGE('',*,*,#1120,.F.);
#2073 = ORIENTED_EDGE('',*,*,#2074,.T.);
#2074 = EDGE_CURVE('',#1098,#1909,#2075,.T.);
#2075 = SURFACE_CURVE('',#2076,(#2080,#2087),.PCURVE_S1.);
#2076 = LINE('',#2077,#2078);
#2077 = CARTESIAN_POINT('',(0.25,0.25,0.));
#2078 = VECTOR('',#2079,1.);
#2079 = DIRECTION('',(-0.707106781187,0.707106781187,-0.));
#2080 = PCURVE('',#1136,#2081);
#2081 = DEFINITIONAL_REPRESENTATION('',(#2082),#2086);
#2082 = LINE('',#2083,#2084);
#2083 = CARTESIAN_POINT('',(-0.25,0.25));
#2084 = VECTOR('',#2085,1.);
#2085 = DIRECTION('',(0.707106781187,0.707106781187));
#2086 = ( GEOMETRIC_REPRESENTATION_CONTEXT(2) 
PARAMETRIC_REPRESENTATION_CONTEXT() REPRESENTATION_CONTEXT('2D SPACE',''
  ) );
#2087 = PCURVE('',#625,#2088);
#2088 = DEFINITIONAL_REPRESENTATION('',(#2089),#2093);
#2089 = LINE('',#2090,#2091);
#2090 = CARTESIAN_POINT('',(0.353553390593,-70.));
#2091 = VECTOR('',#2092,1.);
#2092 = DIRECTION('',(1.,-0.));
#2093 = ( GEOMETRIC_REPRESENTATION_CONTEXT(2) 
PARAMETRIC_REPRESENTATION_CONTEXT() REPRESENTATION_CONTEXT('2D SPACE',''
  ) );
#2094 = ORIENTED_EDGE('',*,*,#1908,.F.);
#2095 = ORIENTED_EDGE('',*,*,#1836,.F.);
#2096 = ORIENTED_EDGE('',*,*,#2097,.T.);
#2097 = EDGE_CURVE('',#1814,#1542,#2098,.T.);
#2098 = SURFACE_CURVE('',#2099,(#2103,#2110),.PCURVE_S1.);
#2099 = LINE('',#2100,#2101);
#2100 = CARTESIAN_POINT('',(11.75,11.75,0.));
#2101 = VECTOR('',#2102,1.);
#2102 = DIRECTION('',(0.707106781187,-0.707106781187,-0.));
#2103 = PCURVE('',#1136,#2104);
#2104 = DEFINITIONAL_REPRESENTATION('',(#2105),#2109);
#2105 = LINE('',#2106,#2107);
#2106 = CARTESIAN_POINT('',(-11.75,11.75));
#2107 = VECTOR('',#2108,1.);
#2108 = DIRECTION('',(-0.707106781187,-0.707106781187));
#2109 = ( GEOMETRIC_REPRESENTATION_CONTEXT(2) 
PARAMETRIC_REPRESENTATION_CONTEXT() REPRESENTATION_CONTEXT('2D SPACE',''
  ) );
#2110 = PCURVE('',#1580,#2111);
#2111 = DEFINITIONAL_REPRESENTATION('',(#2112),#2116);
#2112 = LINE('',#2113,#2114);
#2113 = CARTESIAN_POINT('',(3.18198051534,-70.));
#2114 = VECTOR('',#2115,1.);
#2115 = DIRECTION('',(1.,0.));
#2116 = ( GEOMETRIC_REPRESENTATION_CONTEXT(2) 
PARAMETRIC_REPRESENTATION_CONTEXT() REPRESENTATION_CONTEXT('2D SPACE',''
  ) );
#2117 = ORIENTED_EDGE('',*,*,#1541,.F.);
#2118 = ADVANCED_FACE('',(#2119),#1377,.F.);
#2119 = FACE_BOUND('',#2120,.T.);
#2120 = EDGE_LOOP('',(#2121,#2122,#2123,#2124));
#2121 = ORIENTED_EDGE('',*,*,#1957,.F.);
#2122 = ORIENTED_EDGE('',*,*,#1361,.F.);
#2123 = ORIENTED_EDGE('',*,*,#2030,.F.);
#2124 = ORIENTED_EDGE('',*,*,#1466,.F.);
#2125 = ADVANCED_FACE('',(#2126),#1164,.F.);
#2126 = FACE_BOUND('',#2127,.T.);
#2127 = EDGE_LOOP('',(#2128,#2129,#2130,#2131));
#2128 = ORIENTED_EDGE('',*,*,#2005,.F.);
#2129 = ORIENTED_EDGE('',*,*,#1148,.F.);
#2130 = ORIENTED_EDGE('',*,*,#2052,.F.);
#2131 = ORIENTED_EDGE('',*,*,#1412,.F.);
#2132 = ADVANCED_FACE('',(#2133),#1580,.F.);
#2133 = FACE_BOUND('',#2134,.T.);
#2134 = EDGE_LOOP('',(#2135,#2136,#2137,#2138));
#2135 = ORIENTED_EDGE('',*,*,#1980,.F.);
#2136 = ORIENTED_EDGE('',*,*,#1564,.F.);
#2137 = ORIENTED_EDGE('',*,*,#2097,.F.);
#2138 = ORIENTED_EDGE('',*,*,#1813,.F.);
#2139 = ADVANCED_FACE('',(#2140),#625,.F.);
#2140 = FACE_BOUND('',#2141,.T.);
#2141 = EDGE_LOOP('',(#2142,#2143,#2144,#2145));
#2142 = ORIENTED_EDGE('',*,*,#586,.F.);
#2143 = ORIENTED_EDGE('',*,*,#1931,.F.);
#2144 = ORIENTED_EDGE('',*,*,#2074,.F.);
#2145 = ORIENTED_EDGE('',*,*,#1097,.F.);
#2146 = ADVANCED_FACE('',(#2147),#833,.F.);
#2147 = FACE_BOUND('',#2148,.F.);
#2148 = EDGE_LOOP('',(#2149,#2171,#2172,#2173));
#2149 = ORIENTED_EDGE('',*,*,#2150,.F.);
#2150 = EDGE_CURVE('',#524,#765,#2151,.T.);
#2151 = SURFACE_CURVE('',#2152,(#2157,#2164),.PCURVE_S1.);
#2152 = CIRCLE('',#2153,2.65);
#2153 = AXIS2_PLACEMENT_3D('',#2154,#2155,#2156);
#2154 = CARTESIAN_POINT('',(5.,2.95,7.5));
#2155 = DIRECTION('',(0.,-1.,-0.));
#2156 = DIRECTION('',(0.,0.,-1.));
#2157 = PCURVE('',#833,#2158);
#2158 = DEFINITIONAL_REPRESENTATION('',(#2159),#2163);
#2159 = LINE('',#2160,#2161);
#2160 = CARTESIAN_POINT('',(0.,-2.95));
#2161 = VECTOR('',#2162,1.);
#2162 = DIRECTION('',(1.,0.));
#2163 = ( GEOMETRIC_REPRESENTATION_CONTEXT(2) 
PARAMETRIC_REPRESENTATION_CONTEXT() REPRESENTATION_CONTEXT('2D SPACE',''
  ) );
#2164 = PCURVE('',#546,#2165);
#2165 = DEFINITIONAL_REPRESENTATION('',(#2166),#2170);
#2166 = LINE('',#2167,#2168);
#2167 = CARTESIAN_POINT('',(0.,-2.95));
#2168 = VECTOR('',#2169,1.);
#2169 = DIRECTION('',(1.,0.));
#2170 = ( GEOMETRIC_REPRESENTATION_CONTEXT(2) 
PARAMETRIC_REPRESENTATION_CONTEXT() REPRESENTATION_CONTEXT('2D SPACE',''
  ) );
#2171 = ORIENTED_EDGE('',*,*,#817,.F.);
#2172 = ORIENTED_EDGE('',*,*,#1763,.T.);
#2173 = ORIENTED_EDGE('',*,*,#846,.T.);
#2174 = ADVANCED_FACE('',(#2175),#546,.F.);
#2175 = FACE_BOUND('',#2176,.F.);
#2176 = EDGE_LOOP('',(#2177,#2178,#2179,#2180));
#2177 = ORIENTED_EDGE('',*,*,#1070,.F.);
#2178 = ORIENTED_EDGE('',*,*,#523,.F.);
#2179 = ORIENTED_EDGE('',*,*,#2150,.T.);
#2180 = ORIENTED_EDGE('',*,*,#764,.T.);
#2181 = ADVANCED_FACE('',(#2182),#462,.F.);
#2182 = FACE_BOUND('',#2183,.F.);
#2183 = EDGE_LOOP('',(#2184,#2206,#2207,#2208));
#2184 = ORIENTED_EDGE('',*,*,#2185,.F.);
#2185 = EDGE_CURVE('',#143,#394,#2186,.T.);
#2186 = SURFACE_CURVE('',#2187,(#2192,#2199),.PCURVE_S1.);
#2187 = CIRCLE('',#2188,2.65);
#2188 = AXIS2_PLACEMENT_3D('',#2189,#2190,#2191);
#2189 = CARTESIAN_POINT('',(5.,2.95,62.5));
#2190 = DIRECTION('',(0.,-1.,-0.));
#2191 = DIRECTION('',(0.,0.,-1.));
#2192 = PCURVE('',#462,#2193);
#2193 = DEFINITIONAL_REPRESENTATION('',(#2194),#2198);
#2194 = LINE('',#2195,#2196);
#2195 = CARTESIAN_POINT('',(0.,-2.95));
#2196 = VECTOR('',#2197,1.);
#2197 = DIRECTION('',(1.,0.));
#2198 = ( GEOMETRIC_REPRESENTATION_CONTEXT(2) 
PARAMETRIC_REPRESENTATION_CONTEXT() REPRESENTATION_CONTEXT('2D SPACE',''
  ) );
#2199 = PCURVE('',#165,#2200);
#2200 = DEFINITIONAL_REPRESENTATION('',(#2201),#2205);
#2201 = LINE('',#2202,#2203);
#2202 = CARTESIAN_POINT('',(0.,-2.95));
#2203 = VECTOR('',#2204,1.);
#2204 = DIRECTION('',(1.,9.995519036433E-16));
#2205 = ( GEOMETRIC_REPRESENTATION_CONTEXT(2) 
PARAMETRIC_REPRESENTATION_CONTEXT() REPRESENTATION_CONTEXT('2D SPACE',''
  ) );
#2206 = ORIENTED_EDGE('',*,*,#446,.F.);
#2207 = ORIENTED_EDGE('',*,*,#1738,.T.);
#2208 = ORIENTED_EDGE('',*,*,#475,.T.);
#2209 = ADVANCED_FACE('',(#2210),#165,.F.);
#2210 = FACE_BOUND('',#2211,.F.);
#2211 = EDGE_LOOP('',(#2212,#2213,#2214,#2215));
#2212 = ORIENTED_EDGE('',*,*,#1226,.F.);
#2213 = ORIENTED_EDGE('',*,*,#142,.F.);
#2214 = ORIENTED_EDGE('',*,*,#2185,.T.);
#2215 = ORIENTED_EDGE('',*,*,#393,.T.);
#2216 = ADVANCED_FACE('',(#2217),#44,.F.);
#2217 = FACE_BOUND('',#2218,.F.);
#2218 = EDGE_LOOP('',(#2219,#2220,#2221,#2222));
#2219 = ORIENTED_EDGE('',*,*,#1018,.F.);
#2220 = ORIENTED_EDGE('',*,*,#21,.F.);
#2221 = ORIENTED_EDGE('',*,*,#1713,.T.);
#2222 = ORIENTED_EDGE('',*,*,#89,.T.);
#2223 = ADVANCED_FACE('',(#2224),#945,.F.);
#2224 = FACE_BOUND('',#2225,.F.);
#2225 = EDGE_LOOP('',(#2226,#2247,#2248,#2269));
#2226 = ORIENTED_EDGE('',*,*,#2227,.F.);
#2227 = EDGE_CURVE('',#1620,#925,#2228,.T.);
#2228 = SURFACE_CURVE('',#2229,(#2233,#2240),.PCURVE_S1.);
#2229 = LINE('',#2230,#2231);
#2230 = CARTESIAN_POINT('',(3.,14.,23.5));
#2231 = VECTOR('',#2232,1.);
#2232 = DIRECTION('',(-8.164311994316E-17,-1.,-0.));
#2233 = PCURVE('',#945,#2234);
#2234 = DEFINITIONAL_REPRESENTATION('',(#2235),#2239);
#2235 = LINE('',#2236,#2237);
#2236 = CARTESIAN_POINT('',(3.14159265359,0.));
#2237 = VECTOR('',#2238,1.);
#2238 = DIRECTION('',(0.,1.));
#2239 = ( GEOMETRIC_REPRESENTATION_CONTEXT(2) 
PARAMETRIC_REPRESENTATION_CONTEXT() REPRESENTATION_CONTEXT('2D SPACE',''
  ) );
#2240 = PCURVE('',#973,#2241);
#2241 = DEFINITIONAL_REPRESENTATION('',(#2242),#2246);
#2242 = LINE('',#2243,#2244);
#2243 = CARTESIAN_POINT('',(0.,0.));
#2244 = VECTOR('',#2245,1.);
#2245 = DIRECTION('',(4.720941227246E-32,-1.));
#2246 = ( GEOMETRIC_REPRESENTATION_CONTEXT(2) 
PARAMETRIC_REPRESENTATION_CONTEXT() REPRESENTATION_CONTEXT('2D SPACE',''
  ) );
#2247 = ORIENTED_EDGE('',*,*,#1642,.T.);
#2248 = ORIENTED_EDGE('',*,*,#2249,.T.);
#2249 = EDGE_CURVE('',#1643,#895,#2250,.T.);
#2250 = SURFACE_CURVE('',#2251,(#2255,#2262),.PCURVE_S1.);
#2251 = LINE('',#2252,#2253);
#2252 = CARTESIAN_POINT('',(7.,14.,23.5));
#2253 = VECTOR('',#2254,1.);
#2254 = DIRECTION('',(-8.164311994316E-17,-1.,-0.));
#2255 = PCURVE('',#945,#2256);
#2256 = DEFINITIONAL_REPRESENTATION('',(#2257),#2261);
#2257 = LINE('',#2258,#2259);
#2258 = CARTESIAN_POINT('',(6.28318530718,0.));
#2259 = VECTOR('',#2260,1.);
#2260 = DIRECTION('',(0.,1.));
#2261 = ( GEOMETRIC_REPRESENTATION_CONTEXT(2) 
PARAMETRIC_REPRESENTATION_CONTEXT() REPRESENTATION_CONTEXT('2D SPACE',''
  ) );
#2262 = PCURVE('',#912,#2263);
#2263 = DEFINITIONAL_REPRESENTATION('',(#2264),#2268);
#2264 = LINE('',#2265,#2266);
#2265 = CARTESIAN_POINT('',(0.,0.));
#2266 = VECTOR('',#2267,1.);
#2267 = DIRECTION('',(-2.360470613623E-32,-1.));
#2268 = ( GEOMETRIC_REPRESENTATION_CONTEXT(2) 
PARAMETRIC_REPRESENTATION_CONTEXT() REPRESENTATION_CONTEXT('2D SPACE',''
  ) );
#2269 = ORIENTED_EDGE('',*,*,#924,.F.);
#2270 = ADVANCED_FACE('',(#2271),#973,.F.);
#2271 = FACE_BOUND('',#2272,.T.);
#2272 = EDGE_LOOP('',(#2273,#2274,#2275,#2276));
#2273 = ORIENTED_EDGE('',*,*,#957,.T.);
#2274 = ORIENTED_EDGE('',*,*,#2227,.F.);
#2275 = ORIENTED_EDGE('',*,*,#1617,.F.);
#2276 = ORIENTED_EDGE('',*,*,#2277,.T.);
#2277 = EDGE_CURVE('',#1618,#958,#2278,.T.);
#2278 = SURFACE_CURVE('',#2279,(#2283,#2290),.PCURVE_S1.);
#2279 = LINE('',#2280,#2281);
#2280 = CARTESIAN_POINT('',(3.,14.,26.5));
#2281 = VECTOR('',#2282,1.);
#2282 = DIRECTION('',(-8.164311994316E-17,-1.,-0.));
#2283 = PCURVE('',#973,#2284);
#2284 = DEFINITIONAL_REPRESENTATION('',(#2285),#2289);
#2285 = LINE('',#2286,#2287);
#2286 = CARTESIAN_POINT('',(3.,-3.399077683617E-33));
#2287 = VECTOR('',#2288,1.);
#2288 = DIRECTION('',(4.720941227246E-32,-1.));
#2289 = ( GEOMETRIC_REPRESENTATION_CONTEXT(2) 
PARAMETRIC_REPRESENTATION_CONTEXT() REPRESENTATION_CONTEXT('2D SPACE',''
  ) );
#2290 = PCURVE('',#1004,#2291);
#2291 = DEFINITIONAL_REPRESENTATION('',(#2292),#2296);
#2292 = LINE('',#2293,#2294);
#2293 = CARTESIAN_POINT('',(3.14159265359,0.));
#2294 = VECTOR('',#2295,1.);
#2295 = DIRECTION('',(0.,1.));
#2296 = ( GEOMETRIC_REPRESENTATION_CONTEXT(2) 
PARAMETRIC_REPRESENTATION_CONTEXT() REPRESENTATION_CONTEXT('2D SPACE',''
  ) );
#2297 = ADVANCED_FACE('',(#2298),#1004,.F.);
#2298 = FACE_BOUND('',#2299,.F.);
#2299 = EDGE_LOOP('',(#2300,#2321,#2322,#2323));
#2300 = ORIENTED_EDGE('',*,*,#2301,.F.);
#2301 = EDGE_CURVE('',#1667,#897,#2302,.T.);
#2302 = SURFACE_CURVE('',#2303,(#2307,#2314),.PCURVE_S1.);
#2303 = LINE('',#2304,#2305);
#2304 = CARTESIAN_POINT('',(7.,14.,26.5));
#2305 = VECTOR('',#2306,1.);
#2306 = DIRECTION('',(-8.164311994316E-17,-1.,-0.));
#2307 = PCURVE('',#1004,#2308);
#2308 = DEFINITIONAL_REPRESENTATION('',(#2309),#2313);
#2309 = LINE('',#2310,#2311);
#2310 = CARTESIAN_POINT('',(0.,0.));
#2311 = VECTOR('',#2312,1.);
#2312 = DIRECTION('',(0.,1.));
#2313 = ( GEOMETRIC_REPRESENTATION_CONTEXT(2) 
PARAMETRIC_REPRESENTATION_CONTEXT() REPRESENTATION_CONTEXT('2D SPACE',''
  ) );
#2314 = PCURVE('',#912,#2315);
#2315 = DEFINITIONAL_REPRESENTATION('',(#2316),#2320);
#2316 = LINE('',#2317,#2318);
#2317 = CARTESIAN_POINT('',(-3.,-1.699538841809E-33));
#2318 = VECTOR('',#2319,1.);
#2319 = DIRECTION('',(-2.360470613623E-32,-1.));
#2320 = ( GEOMETRIC_REPRESENTATION_CONTEXT(2) 
PARAMETRIC_REPRESENTATION_CONTEXT() REPRESENTATION_CONTEXT('2D SPACE',''
  ) );
#2321 = ORIENTED_EDGE('',*,*,#1689,.T.);
#2322 = ORIENTED_EDGE('',*,*,#2277,.T.);
#2323 = ORIENTED_EDGE('',*,*,#985,.F.);
#2324 = ADVANCED_FACE('',(#2325),#912,.F.);
#2325 = FACE_BOUND('',#2326,.T.);
#2326 = EDGE_LOOP('',(#2327,#2328,#2329,#2330));
#2327 = ORIENTED_EDGE('',*,*,#894,.T.);
#2328 = ORIENTED_EDGE('',*,*,#2301,.F.);
#2329 = ORIENTED_EDGE('',*,*,#1666,.F.);
#2330 = ORIENTED_EDGE('',*,*,#2249,.T.);
#2331 = ( GEOMETRIC_REPRESENTATION_CONTEXT(3) 
GLOBAL_UNCERTAINTY_ASSIGNED_CONTEXT((#2335)) 
GLOBAL_UNIT_ASSIGNED_CONTEXT((#2332,#2333,#2334)) REPRESENTATION_CONTEXT
('Context #1','3D Context with UNIT and UNCERTAINTY') );
#2332 = ( LENGTH_UNIT() NAMED_UNIT(*) SI_UNIT(.MILLI.,.METRE.) );
#2333 = ( NAMED_UNIT(*) PLANE_ANGLE_UNIT() SI_UNIT($,.RADIAN.) );
#2334 = ( NAMED_UNIT(*) SI_UNIT($,.STERADIAN.) SOLID_ANGLE_UNIT() );
#2335 = UNCERTAINTY_MEASURE_WITH_UNIT(LENGTH_MEASURE(2.E-05),#2332,
  'distance_accuracy_value','confusion accuracy');
#2336 = PRODUCT_RELATED_PRODUCT_CATEGORY('part',$,(#7));
ENDSEC;
END-ISO-10303-21;
