ISO-10303-21;
HEADER;
FILE_DESCRIPTION(('Open CASCADE Model'),'2;1');
FILE_NAME('Open CASCADE Shape Model','2026-09-10T20:57:33',('Author'),(
    'Open CASCADE'),'Open CASCADE STEP processor 7.9','Open CASCADE 7.9'
  ,'Unknown');
FILE_SCHEMA(('AUTOMOTIVE_DESIGN { 1 0 10303 214 1 1 1 1 }'));
ENDSEC;
DATA;
#1 = APPLICATION_PROTOCOL_DEFINITION('international standard',
  'automotive_design',2000,#2);
#2 = APPLICATION_CONTEXT(
  'core data for automotive mechanical design processes');
#3 = SHAPE_DEFINITION_REPRESENTATION(#4,#10);
#4 = PRODUCT_DEFINITION_SHAPE('','',#5);
#5 = PRODUCT_DEFINITION('design','',#6,#9);
#6 = PRODUCT_DEFINITION_FORMATION('','',#7);
#7 = PRODUCT('Open CASCADE STEP translator 7.9 14',
  'Open CASCADE STEP translator 7.9 14','',(#8));
#8 = PRODUCT_CONTEXT('',#2,'mechanical');
#9 = PRODUCT_DEFINITION_CONTEXT('part definition',#2,'design');
#10 = ADVANCED_BREP_SHAPE_REPRESENTATION('',(#11,#15),#14511);
#11 = AXIS2_PLACEMENT_3D('',#12,#13,#14);
#12 = CARTESIAN_POINT('',(0.,0.,0.));
#13 = DIRECTION('',(0.,0.,1.));
#14 = DIRECTION('',(1.,0.,-0.));
#15 = MANIFOLD_SOLID_BREP('',#16);
#16 = CLOSED_SHELL('',(#17,#138,#279,#395,#536,#657,#768,#879,#990,#1110
    ,#1221,#1341,#1452,#1572,#1683,#1803,#1914,#2034,#2145,#2265,#2376,
    #2496,#2607,#2727,#2838,#2955,#3052,#3164,#3261,#3373,#3470,#3582,
    #3635,#3747,#3859,#3956,#4176,#4277,#4349,#4461,#4558,#4684,#4800,
    #4916,#5032,#5148,#5201,#5317,#5370,#5486,#5583,#5698,#5814,#5911,
    #6114,#6246,#6742,#6858,#6955,#7076,#7129,#7245,#7298,#7414,#7467,
    #7684,#8152,#9118,#9536,#9612,#9717,#10252,#10414,#11191,#11664,
    #11955,#11982,#11989,#12016,#12023,#12050,#12057,#12084,#12091,
    #12268,#12274,#12280,#12306,#12311,#12338,#12345,#12377,#12404,
    #12411,#12438,#12445,#12472,#12479,#12486,#12493,#12524,#12551,
    #12578,#12585,#12632,#12639,#12666,#12673,#12970,#12977,#13004,
    #13011,#13058,#13065,#13092,#13124,#13151,#13158,#13188,#13194,
    #13221,#13228,#13235,#13262,#13269,#13296,#13303,#13330,#13337,
    #13364,#13371,#13378,#13385,#13392,#13399,#13431,#13465,#13472,
    #13504,#13538,#13545,#13577,#13611,#13618,#13650,#13684,#13691,
    #13723,#13757,#13764,#13796,#13830,#13837,#13869,#13903,#13910,
    #13942,#13976,#13983,#13990,#13997,#14004,#14011,#14058,#14105,
    #14112,#14119,#14166,#14213,#14220,#14227,#14274,#14321,#14328,
    #14335,#14382,#14429,#14436,#14443,#14470,#14477,#14504));
#17 = ADVANCED_FACE('',(#18),#32,.F.);
#18 = FACE_BOUND('',#19,.F.);
#19 = EDGE_LOOP('',(#20,#55,#88,#111));
#20 = ORIENTED_EDGE('',*,*,#21,.T.);
#21 = EDGE_CURVE('',#22,#24,#26,.T.);
#22 = VERTEX_POINT('',#23);
#23 = CARTESIAN_POINT('',(8.,67.,50.));
#24 = VERTEX_POINT('',#25);
#25 = CARTESIAN_POINT('',(8.,67.,60.));
#26 = SURFACE_CURVE('',#27,(#31,#43),.PCURVE_S1.);
#27 = LINE('',#28,#29);
#28 = CARTESIAN_POINT('',(8.,67.,60.));
#29 = VECTOR('',#30,1.);
#30 = DIRECTION('',(-0.,-0.,1.));
#31 = PCURVE('',#32,#37);
#32 = CYLINDRICAL_SURFACE('',#33,2.);
#33 = AXIS2_PLACEMENT_3D('',#34,#35,#36);
#34 = CARTESIAN_POINT('',(6.,67.,60.));
#35 = DIRECTION('',(-0.,-0.,1.));
#36 = DIRECTION('',(1.,0.,0.));
#37 = DEFINITIONAL_REPRESENTATION('',(#38),#42);
#38 = LINE('',#39,#40);
#39 = CARTESIAN_POINT('',(6.28318530718,0.));
#40 = VECTOR('',#41,1.);
#41 = DIRECTION('',(0.,1.));
#42 = ( GEOMETRIC_REPRESENTATION_CONTEXT(2) 
PARAMETRIC_REPRESENTATION_CONTEXT() REPRESENTATION_CONTEXT('2D SPACE',''
  ) );
#43 = PCURVE('',#44,#49);
#44 = CYLINDRICAL_SURFACE('',#45,2.);
#45 = AXIS2_PLACEMENT_3D('',#46,#47,#48);
#46 = CARTESIAN_POINT('',(6.,67.,60.));
#47 = DIRECTION('',(-0.,-0.,1.));
#48 = DIRECTION('',(1.,0.,0.));
#49 = DEFINITIONAL_REPRESENTATION('',(#50),#54);
#50 = LINE('',#51,#52);
#51 = CARTESIAN_POINT('',(0.,0.));
#52 = VECTOR('',#53,1.);
#53 = DIRECTION('',(0.,1.));
#54 = ( GEOMETRIC_REPRESENTATION_CONTEXT(2) 
PARAMETRIC_REPRESENTATION_CONTEXT() REPRESENTATION_CONTEXT('2D SPACE',''
  ) );
#55 = ORIENTED_EDGE('',*,*,#56,.F.);
#56 = EDGE_CURVE('',#57,#24,#59,.T.);
#57 = VERTEX_POINT('',#58);
#58 = CARTESIAN_POINT('',(4.,67.,60.));
#59 = SURFACE_CURVE('',#60,(#65,#72),.PCURVE_S1.);
#60 = CIRCLE('',#61,2.);
#61 = AXIS2_PLACEMENT_3D('',#62,#63,#64);
#62 = CARTESIAN_POINT('',(6.,67.,60.));
#63 = DIRECTION('',(0.,-0.,1.));
#64 = DIRECTION('',(1.,0.,0.));
#65 = PCURVE('',#32,#66);
#66 = DEFINITIONAL_REPRESENTATION('',(#67),#71);
#67 = LINE('',#68,#69);
#68 = CARTESIAN_POINT('',(0.,0.));
#69 = VECTOR('',#70,1.);
#70 = DIRECTION('',(1.,0.));
#71 = ( GEOMETRIC_REPRESENTATION_CONTEXT(2) 
PARAMETRIC_REPRESENTATION_CONTEXT() REPRESENTATION_CONTEXT('2D SPACE',''
  ) );
#72 = PCURVE('',#73,#78);
#73 = PLANE('',#74);
#74 = AXIS2_PLACEMENT_3D('',#75,#76,#77);
#75 = CARTESIAN_POINT('',(0.,0.,60.));
#76 = DIRECTION('',(0.,0.,-1.));
#77 = DIRECTION('',(-1.,0.,0.));
#78 = DEFINITIONAL_REPRESENTATION('',(#79),#87);
#79 = ( BOUNDED_CURVE() B_SPLINE_CURVE(2,(#80,#81,#82,#83,#84,#85,#86),
.UNSPECIFIED.,.T.,.F.) B_SPLINE_CURVE_WITH_KNOTS((1,2,2,2,2,1),(
    -2.094395102393,0.,2.094395102393,4.188790204786,6.28318530718,
8.377580409573),.UNSPECIFIED.) CURVE() GEOMETRIC_REPRESENTATION_ITEM() 
RATIONAL_B_SPLINE_CURVE((1.,0.5,1.,0.5,1.,0.5,1.)) REPRESENTATION_ITEM(
  '') );
#80 = CARTESIAN_POINT('',(-8.,67.));
#81 = CARTESIAN_POINT('',(-8.,70.464101615138));
#82 = CARTESIAN_POINT('',(-5.,68.732050807569));
#83 = CARTESIAN_POINT('',(-2.,67.));
#84 = CARTESIAN_POINT('',(-5.,65.267949192431));
#85 = CARTESIAN_POINT('',(-8.,63.535898384862));
#86 = CARTESIAN_POINT('',(-8.,67.));
#87 = ( GEOMETRIC_REPRESENTATION_CONTEXT(2) 
PARAMETRIC_REPRESENTATION_CONTEXT() REPRESENTATION_CONTEXT('2D SPACE',''
  ) );
#88 = ORIENTED_EDGE('',*,*,#89,.F.);
#89 = EDGE_CURVE('',#90,#57,#92,.T.);
#90 = VERTEX_POINT('',#91);
#91 = CARTESIAN_POINT('',(4.,67.,50.));
#92 = SURFACE_CURVE('',#93,(#97,#104),.PCURVE_S1.);
#93 = LINE('',#94,#95);
#94 = CARTESIAN_POINT('',(4.,67.,60.));
#95 = VECTOR('',#96,1.);
#96 = DIRECTION('',(-0.,-0.,1.));
#97 = PCURVE('',#32,#98);
#98 = DEFINITIONAL_REPRESENTATION('',(#99),#103);
#99 = LINE('',#100,#101);
#100 = CARTESIAN_POINT('',(3.14159265359,0.));
#101 = VECTOR('',#102,1.);
#102 = DIRECTION('',(0.,1.));
#103 = ( GEOMETRIC_REPRESENTATION_CONTEXT(2) 
PARAMETRIC_REPRESENTATION_CONTEXT() REPRESENTATION_CONTEXT('2D SPACE',''
  ) );
#104 = PCURVE('',#44,#105);
#105 = DEFINITIONAL_REPRESENTATION('',(#106),#110);
#106 = LINE('',#107,#108);
#107 = CARTESIAN_POINT('',(3.14159265359,0.));
#108 = VECTOR('',#109,1.);
#109 = DIRECTION('',(0.,1.));
#110 = ( GEOMETRIC_REPRESENTATION_CONTEXT(2) 
PARAMETRIC_REPRESENTATION_CONTEXT() REPRESENTATION_CONTEXT('2D SPACE',''
  ) );
#111 = ORIENTED_EDGE('',*,*,#112,.T.);
#112 = EDGE_CURVE('',#90,#22,#113,.T.);
#113 = SURFACE_CURVE('',#114,(#119,#126),.PCURVE_S1.);
#114 = CIRCLE('',#115,2.);
#115 = AXIS2_PLACEMENT_3D('',#116,#117,#118);
#116 = CARTESIAN_POINT('',(6.,67.,50.));
#117 = DIRECTION('',(0.,-0.,1.));
#118 = DIRECTION('',(1.,0.,0.));
#119 = PCURVE('',#32,#120);
#120 = DEFINITIONAL_REPRESENTATION('',(#121),#125);
#121 = LINE('',#122,#123);
#122 = CARTESIAN_POINT('',(0.,-10.));
#123 = VECTOR('',#124,1.);
#124 = DIRECTION('',(1.,0.));
#125 = ( GEOMETRIC_REPRESENTATION_CONTEXT(2) 
PARAMETRIC_REPRESENTATION_CONTEXT() REPRESENTATION_CONTEXT('2D SPACE',''
  ) );
#126 = PCURVE('',#127,#132);
#127 = CONICAL_SURFACE('',#128,2.,1.029744258677);
#128 = AXIS2_PLACEMENT_3D('',#129,#130,#131);
#129 = CARTESIAN_POINT('',(6.,67.,50.));
#130 = DIRECTION('',(-0.,-0.,1.));
#131 = DIRECTION('',(1.,0.,0.));
#132 = DEFINITIONAL_REPRESENTATION('',(#133),#137);
#133 = LINE('',#134,#135);
#134 = CARTESIAN_POINT('',(0.,0.));
#135 = VECTOR('',#136,1.);
#136 = DIRECTION('',(1.,0.));
#137 = ( GEOMETRIC_REPRESENTATION_CONTEXT(2) 
PARAMETRIC_REPRESENTATION_CONTEXT() REPRESENTATION_CONTEXT('2D SPACE',''
  ) );
#138 = ADVANCED_FACE('',(#139),#127,.F.);
#139 = FACE_BOUND('',#140,.F.);
#140 = EDGE_LOOP('',(#141,#142,#214));
#141 = ORIENTED_EDGE('',*,*,#112,.F.);
#142 = ORIENTED_EDGE('',*,*,#143,.F.);
#143 = EDGE_CURVE('',#144,#90,#146,.T.);
#144 = VERTEX_POINT('',#145);
#145 = CARTESIAN_POINT('',(6.,67.,48.798278761945));
#146 = SURFACE_CURVE('',#147,(#151,#180),.PCURVE_S1.);
#147 = LINE('',#148,#149);
#148 = CARTESIAN_POINT('',(4.,67.,50.));
#149 = VECTOR('',#150,1.);
#150 = DIRECTION('',(-0.857167300702,1.049727191139E-16,0.51503807491));
#151 = PCURVE('',#127,#152);
#152 = DEFINITIONAL_REPRESENTATION('',(#153),#179);
#153 = B_SPLINE_CURVE_WITH_KNOTS('',3,(#154,#155,#156,#157,#158,#159,
    #160,#161,#162,#163,#164,#165,#166,#167,#168,#169,#170,#171,#172,
    #173,#174,#175,#176,#177,#178),.UNSPECIFIED.,.F.,.F.,(4,1,1,1,1,1,1,
    1,1,1,1,1,1,1,1,1,1,1,1,1,1,1,4),(-2.333266794431,-2.227209212866,
    -2.121151631301,-2.015094049736,-1.909036468171,-1.802978886606,
    -1.69692130504,-1.590863723475,-1.48480614191,-1.378748560345,
    -1.27269097878,-1.166633397215,-1.06057581565,-0.954518234085,
    -0.84846065252,-0.742403070955,-0.63634548939,-0.530287907825,
    -0.42423032626,-0.318172744695,-0.21211516313,-0.106057581565,0.),
  .UNSPECIFIED.);
#154 = CARTESIAN_POINT('',(3.14159265359,-1.201721238055));
#155 = CARTESIAN_POINT('',(3.14159265359,-1.183513340509));
#156 = CARTESIAN_POINT('',(3.14159265359,-1.147097545416));
#157 = CARTESIAN_POINT('',(3.14159265359,-1.092473852777));
#158 = CARTESIAN_POINT('',(3.14159265359,-1.037850160139));
#159 = CARTESIAN_POINT('',(3.14159265359,-0.9832264675));
#160 = CARTESIAN_POINT('',(3.14159265359,-0.928602774861));
#161 = CARTESIAN_POINT('',(3.14159265359,-0.873979082222));
#162 = CARTESIAN_POINT('',(3.14159265359,-0.819355389583));
#163 = CARTESIAN_POINT('',(3.14159265359,-0.764731696944));
#164 = CARTESIAN_POINT('',(3.14159265359,-0.710108004305));
#165 = CARTESIAN_POINT('',(3.14159265359,-0.655484311666));
#166 = CARTESIAN_POINT('',(3.14159265359,-0.600860619028));
#167 = CARTESIAN_POINT('',(3.14159265359,-0.546236926389));
#168 = CARTESIAN_POINT('',(3.14159265359,-0.49161323375));
#169 = CARTESIAN_POINT('',(3.14159265359,-0.436989541111));
#170 = CARTESIAN_POINT('',(3.14159265359,-0.382365848472));
#171 = CARTESIAN_POINT('',(3.14159265359,-0.327742155833));
#172 = CARTESIAN_POINT('',(3.14159265359,-0.273118463194));
#173 = CARTESIAN_POINT('',(3.14159265359,-0.218494770555));
#174 = CARTESIAN_POINT('',(3.14159265359,-0.163871077917));
#175 = CARTESIAN_POINT('',(3.14159265359,-0.109247385278));
#176 = CARTESIAN_POINT('',(3.14159265359,-5.462369263887E-02));
#177 = CARTESIAN_POINT('',(3.14159265359,-1.820789754629E-02));
#178 = CARTESIAN_POINT('',(3.14159265359,1.960537494259E-16));
#179 = ( GEOMETRIC_REPRESENTATION_CONTEXT(2) 
PARAMETRIC_REPRESENTATION_CONTEXT() REPRESENTATION_CONTEXT('2D SPACE',''
  ) );
#180 = PCURVE('',#181,#186);
#181 = CONICAL_SURFACE('',#182,2.,1.029744258677);
#182 = AXIS2_PLACEMENT_3D('',#183,#184,#185);
#183 = CARTESIAN_POINT('',(6.,67.,50.));
#184 = DIRECTION('',(-0.,-0.,1.));
#185 = DIRECTION('',(1.,0.,0.));
#186 = DEFINITIONAL_REPRESENTATION('',(#187),#213);
#187 = B_SPLINE_CURVE_WITH_KNOTS('',3,(#188,#189,#190,#191,#192,#193,
    #194,#195,#196,#197,#198,#199,#200,#201,#202,#203,#204,#205,#206,
    #207,#208,#209,#210,#211,#212),.UNSPECIFIED.,.F.,.F.,(4,1,1,1,1,1,1,
    1,1,1,1,1,1,1,1,1,1,1,1,1,1,1,4),(-2.333266794431,-2.227209212866,
    -2.121151631301,-2.015094049736,-1.909036468171,-1.802978886606,
    -1.69692130504,-1.590863723475,-1.48480614191,-1.378748560345,
    -1.27269097878,-1.166633397215,-1.06057581565,-0.954518234085,
    -0.84846065252,-0.742403070955,-0.63634548939,-0.530287907825,
    -0.42423032626,-0.318172744695,-0.21211516313,-0.106057581565,0.),
  .UNSPECIFIED.);
#188 = CARTESIAN_POINT('',(3.14159265359,-1.201721238055));
#189 = CARTESIAN_POINT('',(3.14159265359,-1.183513340509));
#190 = CARTESIAN_POINT('',(3.14159265359,-1.147097545416));
#191 = CARTESIAN_POINT('',(3.14159265359,-1.092473852777));
#192 = CARTESIAN_POINT('',(3.14159265359,-1.037850160139));
#193 = CARTESIAN_POINT('',(3.14159265359,-0.9832264675));
#194 = CARTESIAN_POINT('',(3.14159265359,-0.928602774861));
#195 = CARTESIAN_POINT('',(3.14159265359,-0.873979082222));
#196 = CARTESIAN_POINT('',(3.14159265359,-0.819355389583));
#197 = CARTESIAN_POINT('',(3.14159265359,-0.764731696944));
#198 = CARTESIAN_POINT('',(3.14159265359,-0.710108004305));
#199 = CARTESIAN_POINT('',(3.14159265359,-0.655484311666));
#200 = CARTESIAN_POINT('',(3.14159265359,-0.600860619028));
#201 = CARTESIAN_POINT('',(3.14159265359,-0.546236926389));
#202 = CARTESIAN_POINT('',(3.14159265359,-0.49161323375));
#203 = CARTESIAN_POINT('',(3.14159265359,-0.436989541111));
#204 = CARTESIAN_POINT('',(3.14159265359,-0.382365848472));
#205 = CARTESIAN_POINT('',(3.14159265359,-0.327742155833));
#206 = CARTESIAN_POINT('',(3.14159265359,-0.273118463194));
#207 = CARTESIAN_POINT('',(3.14159265359,-0.218494770555));
#208 = CARTESIAN_POINT('',(3.14159265359,-0.163871077917));
#209 = CARTESIAN_POINT('',(3.14159265359,-0.109247385278));
#210 = CARTESIAN_POINT('',(3.14159265359,-5.462369263887E-02));
#211 = CARTESIAN_POINT('',(3.14159265359,-1.820789754629E-02));
#212 = CARTESIAN_POINT('',(3.14159265359,1.960537494259E-16));
#213 = ( GEOMETRIC_REPRESENTATION_CONTEXT(2) 
PARAMETRIC_REPRESENTATION_CONTEXT() REPRESENTATION_CONTEXT('2D SPACE',''
  ) );
#214 = ORIENTED_EDGE('',*,*,#215,.T.);
#215 = EDGE_CURVE('',#144,#22,#216,.T.);
#216 = SURFACE_CURVE('',#217,(#221,#250),.PCURVE_S1.);
#217 = LINE('',#218,#219);
#218 = CARTESIAN_POINT('',(8.,67.,50.));
#219 = VECTOR('',#220,1.);
#220 = DIRECTION('',(0.857167300702,0.,0.51503807491));
#221 = PCURVE('',#127,#222);
#222 = DEFINITIONAL_REPRESENTATION('',(#223),#249);
#223 = B_SPLINE_CURVE_WITH_KNOTS('',3,(#224,#225,#226,#227,#228,#229,
    #230,#231,#232,#233,#234,#235,#236,#237,#238,#239,#240,#241,#242,
    #243,#244,#245,#246,#247,#248),.UNSPECIFIED.,.F.,.F.,(4,1,1,1,1,1,1,
    1,1,1,1,1,1,1,1,1,1,1,1,1,1,1,4),(-2.333266794431,-2.227209212866,
    -2.121151631301,-2.015094049736,-1.909036468171,-1.802978886606,
    -1.69692130504,-1.590863723475,-1.48480614191,-1.378748560345,
    -1.27269097878,-1.166633397215,-1.06057581565,-0.954518234085,
    -0.84846065252,-0.742403070955,-0.63634548939,-0.530287907825,
    -0.42423032626,-0.318172744695,-0.21211516313,-0.106057581565,0.),
  .UNSPECIFIED.);
#224 = CARTESIAN_POINT('',(6.28318530718,-1.201721238055));
#225 = CARTESIAN_POINT('',(6.28318530718,-1.183513340509));
#226 = CARTESIAN_POINT('',(6.28318530718,-1.147097545416));
#227 = CARTESIAN_POINT('',(6.28318530718,-1.092473852777));
#228 = CARTESIAN_POINT('',(6.28318530718,-1.037850160139));
#229 = CARTESIAN_POINT('',(6.28318530718,-0.9832264675));
#230 = CARTESIAN_POINT('',(6.28318530718,-0.928602774861));
#231 = CARTESIAN_POINT('',(6.28318530718,-0.873979082222));
#232 = CARTESIAN_POINT('',(6.28318530718,-0.819355389583));
#233 = CARTESIAN_POINT('',(6.28318530718,-0.764731696944));
#234 = CARTESIAN_POINT('',(6.28318530718,-0.710108004305));
#235 = CARTESIAN_POINT('',(6.28318530718,-0.655484311666));
#236 = CARTESIAN_POINT('',(6.28318530718,-0.600860619028));
#237 = CARTESIAN_POINT('',(6.28318530718,-0.546236926389));
#238 = CARTESIAN_POINT('',(6.28318530718,-0.49161323375));
#239 = CARTESIAN_POINT('',(6.28318530718,-0.436989541111));
#240 = CARTESIAN_POINT('',(6.28318530718,-0.382365848472));
#241 = CARTESIAN_POINT('',(6.28318530718,-0.327742155833));
#242 = CARTESIAN_POINT('',(6.28318530718,-0.273118463194));
#243 = CARTESIAN_POINT('',(6.28318530718,-0.218494770555));
#244 = CARTESIAN_POINT('',(6.28318530718,-0.163871077917));
#245 = CARTESIAN_POINT('',(6.28318530718,-0.109247385278));
#246 = CARTESIAN_POINT('',(6.28318530718,-5.462369263887E-02));
#247 = CARTESIAN_POINT('',(6.28318530718,-1.820789754629E-02));
#248 = CARTESIAN_POINT('',(6.28318530718,0.));
#249 = ( GEOMETRIC_REPRESENTATION_CONTEXT(2) 
PARAMETRIC_REPRESENTATION_CONTEXT() REPRESENTATION_CONTEXT('2D SPACE',''
  ) );
#250 = PCURVE('',#181,#251);
#251 = DEFINITIONAL_REPRESENTATION('',(#252),#278);
#252 = B_SPLINE_CURVE_WITH_KNOTS('',3,(#253,#254,#255,#256,#257,#258,
    #259,#260,#261,#262,#263,#264,#265,#266,#267,#268,#269,#270,#271,
    #272,#273,#274,#275,#276,#277),.UNSPECIFIED.,.F.,.F.,(4,1,1,1,1,1,1,
    1,1,1,1,1,1,1,1,1,1,1,1,1,1,1,4),(-2.333266794431,-2.227209212866,
    -2.121151631301,-2.015094049736,-1.909036468171,-1.802978886606,
    -1.69692130504,-1.590863723475,-1.48480614191,-1.378748560345,
    -1.27269097878,-1.166633397215,-1.06057581565,-0.954518234085,
    -0.84846065252,-0.742403070955,-0.63634548939,-0.530287907825,
    -0.42423032626,-0.318172744695,-0.21211516313,-0.106057581565,0.),
  .UNSPECIFIED.);
#253 = CARTESIAN_POINT('',(0.,-1.201721238055));
#254 = CARTESIAN_POINT('',(0.,-1.183513340509));
#255 = CARTESIAN_POINT('',(0.,-1.147097545416));
#256 = CARTESIAN_POINT('',(0.,-1.092473852777));
#257 = CARTESIAN_POINT('',(0.,-1.037850160139));
#258 = CARTESIAN_POINT('',(0.,-0.9832264675));
#259 = CARTESIAN_POINT('',(0.,-0.928602774861));
#260 = CARTESIAN_POINT('',(0.,-0.873979082222));
#261 = CARTESIAN_POINT('',(0.,-0.819355389583));
#262 = CARTESIAN_POINT('',(0.,-0.764731696944));
#263 = CARTESIAN_POINT('',(0.,-0.710108004305));
#264 = CARTESIAN_POINT('',(0.,-0.655484311666));
#265 = CARTESIAN_POINT('',(0.,-0.600860619028));
#266 = CARTESIAN_POINT('',(0.,-0.546236926389));
#267 = CARTESIAN_POINT('',(0.,-0.49161323375));
#268 = CARTESIAN_POINT('',(0.,-0.436989541111));
#269 = CARTESIAN_POINT('',(0.,-0.382365848472));
#270 = CARTESIAN_POINT('',(0.,-0.327742155833));
#271 = CARTESIAN_POINT('',(0.,-0.273118463194));
#272 = CARTESIAN_POINT('',(0.,-0.218494770555));
#273 = CARTESIAN_POINT('',(0.,-0.163871077917));
#274 = CARTESIAN_POINT('',(0.,-0.109247385278));
#275 = CARTESIAN_POINT('',(0.,-5.462369263887E-02));
#276 = CARTESIAN_POINT('',(0.,-1.820789754629E-02));
#277 = CARTESIAN_POINT('',(0.,0.));
#278 = ( GEOMETRIC_REPRESENTATION_CONTEXT(2) 
PARAMETRIC_REPRESENTATION_CONTEXT() REPRESENTATION_CONTEXT('2D SPACE',''
  ) );
#279 = ADVANCED_FACE('',(#280),#294,.F.);
#280 = FACE_BOUND('',#281,.F.);
#281 = EDGE_LOOP('',(#282,#317,#345,#368));
#282 = ORIENTED_EDGE('',*,*,#283,.T.);
#283 = EDGE_CURVE('',#284,#286,#288,.T.);
#284 = VERTEX_POINT('',#285);
#285 = CARTESIAN_POINT('',(44.5,74.,50.));
#286 = VERTEX_POINT('',#287);
#287 = CARTESIAN_POINT('',(44.5,74.,60.));
#288 = SURFACE_CURVE('',#289,(#293,#305),.PCURVE_S1.);
#289 = LINE('',#290,#291);
#290 = CARTESIAN_POINT('',(44.5,74.,60.));
#291 = VECTOR('',#292,1.);
#292 = DIRECTION('',(-0.,-0.,1.));
#293 = PCURVE('',#294,#299);
#294 = CYLINDRICAL_SURFACE('',#295,2.);
#295 = AXIS2_PLACEMENT_3D('',#296,#297,#298);
#296 = CARTESIAN_POINT('',(42.5,74.,60.));
#297 = DIRECTION('',(-0.,-0.,1.));
#298 = DIRECTION('',(1.,0.,0.));
#299 = DEFINITIONAL_REPRESENTATION('',(#300),#304);
#300 = LINE('',#301,#302);
#301 = CARTESIAN_POINT('',(6.28318530718,0.));
#302 = VECTOR('',#303,1.);
#303 = DIRECTION('',(0.,1.));
#304 = ( GEOMETRIC_REPRESENTATION_CONTEXT(2) 
PARAMETRIC_REPRESENTATION_CONTEXT() REPRESENTATION_CONTEXT('2D SPACE',''
  ) );
#305 = PCURVE('',#306,#311);
#306 = CYLINDRICAL_SURFACE('',#307,2.);
#307 = AXIS2_PLACEMENT_3D('',#308,#309,#310);
#308 = CARTESIAN_POINT('',(42.5,74.,60.));
#309 = DIRECTION('',(-0.,-0.,1.));
#310 = DIRECTION('',(1.,0.,0.));
#311 = DEFINITIONAL_REPRESENTATION('',(#312),#316);
#312 = LINE('',#313,#314);
#313 = CARTESIAN_POINT('',(0.,0.));
#314 = VECTOR('',#315,1.);
#315 = DIRECTION('',(0.,1.));
#316 = ( GEOMETRIC_REPRESENTATION_CONTEXT(2) 
PARAMETRIC_REPRESENTATION_CONTEXT() REPRESENTATION_CONTEXT('2D SPACE',''
  ) );
#317 = ORIENTED_EDGE('',*,*,#318,.F.);
#318 = EDGE_CURVE('',#319,#286,#321,.T.);
#319 = VERTEX_POINT('',#320);
#320 = CARTESIAN_POINT('',(40.5,74.,60.));
#321 = SURFACE_CURVE('',#322,(#327,#334),.PCURVE_S1.);
#322 = CIRCLE('',#323,2.);
#323 = AXIS2_PLACEMENT_3D('',#324,#325,#326);
#324 = CARTESIAN_POINT('',(42.5,74.,60.));
#325 = DIRECTION('',(0.,-0.,1.));
#326 = DIRECTION('',(1.,0.,0.));
#327 = PCURVE('',#294,#328);
#328 = DEFINITIONAL_REPRESENTATION('',(#329),#333);
#329 = LINE('',#330,#331);
#330 = CARTESIAN_POINT('',(0.,0.));
#331 = VECTOR('',#332,1.);
#332 = DIRECTION('',(1.,0.));
#333 = ( GEOMETRIC_REPRESENTATION_CONTEXT(2) 
PARAMETRIC_REPRESENTATION_CONTEXT() REPRESENTATION_CONTEXT('2D SPACE',''
  ) );
#334 = PCURVE('',#73,#335);
#335 = DEFINITIONAL_REPRESENTATION('',(#336),#344);
#336 = ( BOUNDED_CURVE() B_SPLINE_CURVE(2,(#337,#338,#339,#340,#341,#342
,#343),.UNSPECIFIED.,.T.,.F.) B_SPLINE_CURVE_WITH_KNOTS((1,2,2,2,2,1),(
    -2.094395102393,0.,2.094395102393,4.188790204786,6.28318530718,
8.377580409573),.UNSPECIFIED.) CURVE() GEOMETRIC_REPRESENTATION_ITEM() 
RATIONAL_B_SPLINE_CURVE((1.,0.5,1.,0.5,1.,0.5,1.)) REPRESENTATION_ITEM(
  '') );
#337 = CARTESIAN_POINT('',(-44.5,74.));
#338 = CARTESIAN_POINT('',(-44.5,77.464101615138));
#339 = CARTESIAN_POINT('',(-41.5,75.732050807569));
#340 = CARTESIAN_POINT('',(-38.5,74.));
#341 = CARTESIAN_POINT('',(-41.5,72.267949192431));
#342 = CARTESIAN_POINT('',(-44.5,70.535898384862));
#343 = CARTESIAN_POINT('',(-44.5,74.));
#344 = ( GEOMETRIC_REPRESENTATION_CONTEXT(2) 
PARAMETRIC_REPRESENTATION_CONTEXT() REPRESENTATION_CONTEXT('2D SPACE',''
  ) );
#345 = ORIENTED_EDGE('',*,*,#346,.F.);
#346 = EDGE_CURVE('',#347,#319,#349,.T.);
#347 = VERTEX_POINT('',#348);
#348 = CARTESIAN_POINT('',(40.5,74.,50.));
#349 = SURFACE_CURVE('',#350,(#354,#361),.PCURVE_S1.);
#350 = LINE('',#351,#352);
#351 = CARTESIAN_POINT('',(40.5,74.,60.));
#352 = VECTOR('',#353,1.);
#353 = DIRECTION('',(-0.,-0.,1.));
#354 = PCURVE('',#294,#355);
#355 = DEFINITIONAL_REPRESENTATION('',(#356),#360);
#356 = LINE('',#357,#358);
#357 = CARTESIAN_POINT('',(3.14159265359,0.));
#358 = VECTOR('',#359,1.);
#359 = DIRECTION('',(0.,1.));
#360 = ( GEOMETRIC_REPRESENTATION_CONTEXT(2) 
PARAMETRIC_REPRESENTATION_CONTEXT() REPRESENTATION_CONTEXT('2D SPACE',''
  ) );
#361 = PCURVE('',#306,#362);
#362 = DEFINITIONAL_REPRESENTATION('',(#363),#367);
#363 = LINE('',#364,#365);
#364 = CARTESIAN_POINT('',(3.14159265359,0.));
#365 = VECTOR('',#366,1.);
#366 = DIRECTION('',(0.,1.));
#367 = ( GEOMETRIC_REPRESENTATION_CONTEXT(2) 
PARAMETRIC_REPRESENTATION_CONTEXT() REPRESENTATION_CONTEXT('2D SPACE',''
  ) );
#368 = ORIENTED_EDGE('',*,*,#369,.T.);
#369 = EDGE_CURVE('',#347,#284,#370,.T.);
#370 = SURFACE_CURVE('',#371,(#376,#383),.PCURVE_S1.);
#371 = CIRCLE('',#372,2.);
#372 = AXIS2_PLACEMENT_3D('',#373,#374,#375);
#373 = CARTESIAN_POINT('',(42.5,74.,50.));
#374 = DIRECTION('',(0.,-0.,1.));
#375 = DIRECTION('',(1.,0.,0.));
#376 = PCURVE('',#294,#377);
#377 = DEFINITIONAL_REPRESENTATION('',(#378),#382);
#378 = LINE('',#379,#380);
#379 = CARTESIAN_POINT('',(0.,-10.));
#380 = VECTOR('',#381,1.);
#381 = DIRECTION('',(1.,0.));
#382 = ( GEOMETRIC_REPRESENTATION_CONTEXT(2) 
PARAMETRIC_REPRESENTATION_CONTEXT() REPRESENTATION_CONTEXT('2D SPACE',''
  ) );
#383 = PCURVE('',#384,#389);
#384 = CONICAL_SURFACE('',#385,2.,1.029744258677);
#385 = AXIS2_PLACEMENT_3D('',#386,#387,#388);
#386 = CARTESIAN_POINT('',(42.5,74.,50.));
#387 = DIRECTION('',(-0.,-0.,1.));
#388 = DIRECTION('',(1.,0.,0.));
#389 = DEFINITIONAL_REPRESENTATION('',(#390),#394);
#390 = LINE('',#391,#392);
#391 = CARTESIAN_POINT('',(0.,-7.842149977035E-16));
#392 = VECTOR('',#393,1.);
#393 = DIRECTION('',(1.,0.));
#394 = ( GEOMETRIC_REPRESENTATION_CONTEXT(2) 
PARAMETRIC_REPRESENTATION_CONTEXT() REPRESENTATION_CONTEXT('2D SPACE',''
  ) );
#395 = ADVANCED_FACE('',(#396),#384,.F.);
#396 = FACE_BOUND('',#397,.F.);
#397 = EDGE_LOOP('',(#398,#399,#471));
#398 = ORIENTED_EDGE('',*,*,#369,.F.);
#399 = ORIENTED_EDGE('',*,*,#400,.F.);
#400 = EDGE_CURVE('',#401,#347,#403,.T.);
#401 = VERTEX_POINT('',#402);
#402 = CARTESIAN_POINT('',(42.5,74.,48.798278761945));
#403 = SURFACE_CURVE('',#404,(#408,#437),.PCURVE_S1.);
#404 = LINE('',#405,#406);
#405 = CARTESIAN_POINT('',(40.5,74.,50.));
#406 = VECTOR('',#407,1.);
#407 = DIRECTION('',(-0.857167300702,1.049727191139E-16,0.51503807491));
#408 = PCURVE('',#384,#409);
#409 = DEFINITIONAL_REPRESENTATION('',(#410),#436);
#410 = B_SPLINE_CURVE_WITH_KNOTS('',3,(#411,#412,#413,#414,#415,#416,
    #417,#418,#419,#420,#421,#422,#423,#424,#425,#426,#427,#428,#429,
    #430,#431,#432,#433,#434,#435),.UNSPECIFIED.,.F.,.F.,(4,1,1,1,1,1,1,
    1,1,1,1,1,1,1,1,1,1,1,1,1,1,1,4),(-2.333266794431,-2.227209212866,
    -2.121151631301,-2.015094049736,-1.909036468171,-1.802978886606,
    -1.69692130504,-1.590863723475,-1.48480614191,-1.378748560345,
    -1.27269097878,-1.166633397215,-1.06057581565,-0.954518234085,
    -0.84846065252,-0.742403070955,-0.63634548939,-0.530287907825,
    -0.42423032626,-0.318172744695,-0.21211516313,-0.106057581565,0.),
  .QUASI_UNIFORM_KNOTS.);
#411 = CARTESIAN_POINT('',(3.14159265359,-1.201721238055));
#412 = CARTESIAN_POINT('',(3.14159265359,-1.183513340509));
#413 = CARTESIAN_POINT('',(3.14159265359,-1.147097545416));
#414 = CARTESIAN_POINT('',(3.14159265359,-1.092473852777));
#415 = CARTESIAN_POINT('',(3.14159265359,-1.037850160139));
#416 = CARTESIAN_POINT('',(3.14159265359,-0.9832264675));
#417 = CARTESIAN_POINT('',(3.14159265359,-0.928602774861));
#418 = CARTESIAN_POINT('',(3.14159265359,-0.873979082222));
#419 = CARTESIAN_POINT('',(3.14159265359,-0.819355389583));
#420 = CARTESIAN_POINT('',(3.14159265359,-0.764731696944));
#421 = CARTESIAN_POINT('',(3.14159265359,-0.710108004305));
#422 = CARTESIAN_POINT('',(3.14159265359,-0.655484311666));
#423 = CARTESIAN_POINT('',(3.14159265359,-0.600860619028));
#424 = CARTESIAN_POINT('',(3.14159265359,-0.546236926389));
#425 = CARTESIAN_POINT('',(3.14159265359,-0.49161323375));
#426 = CARTESIAN_POINT('',(3.14159265359,-0.436989541111));
#427 = CARTESIAN_POINT('',(3.14159265359,-0.382365848472));
#428 = CARTESIAN_POINT('',(3.14159265359,-0.327742155833));
#429 = CARTESIAN_POINT('',(3.14159265359,-0.273118463194));
#430 = CARTESIAN_POINT('',(3.14159265359,-0.218494770555));
#431 = CARTESIAN_POINT('',(3.14159265359,-0.163871077917));
#432 = CARTESIAN_POINT('',(3.14159265359,-0.109247385278));
#433 = CARTESIAN_POINT('',(3.14159265359,-5.462369263887E-02));
#434 = CARTESIAN_POINT('',(3.14159265359,-1.820789754629E-02));
#435 = CARTESIAN_POINT('',(3.14159265359,-7.842149977035E-16));
#436 = ( GEOMETRIC_REPRESENTATION_CONTEXT(2) 
PARAMETRIC_REPRESENTATION_CONTEXT() REPRESENTATION_CONTEXT('2D SPACE',''
  ) );
#437 = PCURVE('',#438,#443);
#438 = CONICAL_SURFACE('',#439,2.,1.029744258677);
#439 = AXIS2_PLACEMENT_3D('',#440,#441,#442);
#440 = CARTESIAN_POINT('',(42.5,74.,50.));
#441 = DIRECTION('',(-0.,-0.,1.));
#442 = DIRECTION('',(1.,0.,0.));
#443 = DEFINITIONAL_REPRESENTATION('',(#444),#470);
#444 = B_SPLINE_CURVE_WITH_KNOTS('',3,(#445,#446,#447,#448,#449,#450,
    #451,#452,#453,#454,#455,#456,#457,#458,#459,#460,#461,#462,#463,
    #464,#465,#466,#467,#468,#469),.UNSPECIFIED.,.F.,.F.,(4,1,1,1,1,1,1,
    1,1,1,1,1,1,1,1,1,1,1,1,1,1,1,4),(-2.333266794431,-2.227209212866,
    -2.121151631301,-2.015094049736,-1.909036468171,-1.802978886606,
    -1.69692130504,-1.590863723475,-1.48480614191,-1.378748560345,
    -1.27269097878,-1.166633397215,-1.06057581565,-0.954518234085,
    -0.84846065252,-0.742403070955,-0.63634548939,-0.530287907825,
    -0.42423032626,-0.318172744695,-0.21211516313,-0.106057581565,0.),
  .QUASI_UNIFORM_KNOTS.);
#445 = CARTESIAN_POINT('',(3.14159265359,-1.201721238055));
#446 = CARTESIAN_POINT('',(3.14159265359,-1.183513340509));
#447 = CARTESIAN_POINT('',(3.14159265359,-1.147097545416));
#448 = CARTESIAN_POINT('',(3.14159265359,-1.092473852777));
#449 = CARTESIAN_POINT('',(3.14159265359,-1.037850160139));
#450 = CARTESIAN_POINT('',(3.14159265359,-0.9832264675));
#451 = CARTESIAN_POINT('',(3.14159265359,-0.928602774861));
#452 = CARTESIAN_POINT('',(3.14159265359,-0.873979082222));
#453 = CARTESIAN_POINT('',(3.14159265359,-0.819355389583));
#454 = CARTESIAN_POINT('',(3.14159265359,-0.764731696944));
#455 = CARTESIAN_POINT('',(3.14159265359,-0.710108004305));
#456 = CARTESIAN_POINT('',(3.14159265359,-0.655484311666));
#457 = CARTESIAN_POINT('',(3.14159265359,-0.600860619028));
#458 = CARTESIAN_POINT('',(3.14159265359,-0.546236926389));
#459 = CARTESIAN_POINT('',(3.14159265359,-0.49161323375));
#460 = CARTESIAN_POINT('',(3.14159265359,-0.436989541111));
#461 = CARTESIAN_POINT('',(3.14159265359,-0.382365848472));
#462 = CARTESIAN_POINT('',(3.14159265359,-0.327742155833));
#463 = CARTESIAN_POINT('',(3.14159265359,-0.273118463194));
#464 = CARTESIAN_POINT('',(3.14159265359,-0.218494770555));
#465 = CARTESIAN_POINT('',(3.14159265359,-0.163871077917));
#466 = CARTESIAN_POINT('',(3.14159265359,-0.109247385278));
#467 = CARTESIAN_POINT('',(3.14159265359,-5.462369263887E-02));
#468 = CARTESIAN_POINT('',(3.14159265359,-1.820789754629E-02));
#469 = CARTESIAN_POINT('',(3.14159265359,-7.842149977035E-16));
#470 = ( GEOMETRIC_REPRESENTATION_CONTEXT(2) 
PARAMETRIC_REPRESENTATION_CONTEXT() REPRESENTATION_CONTEXT('2D SPACE',''
  ) );
#471 = ORIENTED_EDGE('',*,*,#472,.T.);
#472 = EDGE_CURVE('',#401,#284,#473,.T.);
#473 = SURFACE_CURVE('',#474,(#478,#507),.PCURVE_S1.);
#474 = LINE('',#475,#476);
#475 = CARTESIAN_POINT('',(44.5,74.,50.));
#476 = VECTOR('',#477,1.);
#477 = DIRECTION('',(0.857167300702,0.,0.51503807491));
#478 = PCURVE('',#384,#479);
#479 = DEFINITIONAL_REPRESENTATION('',(#480),#506);
#480 = B_SPLINE_CURVE_WITH_KNOTS('',3,(#481,#482,#483,#484,#485,#486,
    #487,#488,#489,#490,#491,#492,#493,#494,#495,#496,#497,#498,#499,
    #500,#501,#502,#503,#504,#505),.UNSPECIFIED.,.F.,.F.,(4,1,1,1,1,1,1,
    1,1,1,1,1,1,1,1,1,1,1,1,1,1,1,4),(-2.333266794431,-2.227209212866,
    -2.121151631301,-2.015094049736,-1.909036468171,-1.802978886606,
    -1.69692130504,-1.590863723475,-1.48480614191,-1.378748560345,
    -1.27269097878,-1.166633397215,-1.06057581565,-0.954518234085,
    -0.84846065252,-0.742403070955,-0.63634548939,-0.530287907825,
    -0.42423032626,-0.318172744695,-0.21211516313,-0.106057581565,0.),
  .QUASI_UNIFORM_KNOTS.);
#481 = CARTESIAN_POINT('',(6.28318530718,-1.201721238055));
#482 = CARTESIAN_POINT('',(6.28318530718,-1.183513340509));
#483 = CARTESIAN_POINT('',(6.28318530718,-1.147097545416));
#484 = CARTESIAN_POINT('',(6.28318530718,-1.092473852777));
#485 = CARTESIAN_POINT('',(6.28318530718,-1.037850160139));
#486 = CARTESIAN_POINT('',(6.28318530718,-0.9832264675));
#487 = CARTESIAN_POINT('',(6.28318530718,-0.928602774861));
#488 = CARTESIAN_POINT('',(6.28318530718,-0.873979082222));
#489 = CARTESIAN_POINT('',(6.28318530718,-0.819355389583));
#490 = CARTESIAN_POINT('',(6.28318530718,-0.764731696944));
#491 = CARTESIAN_POINT('',(6.28318530718,-0.710108004305));
#492 = CARTESIAN_POINT('',(6.28318530718,-0.655484311666));
#493 = CARTESIAN_POINT('',(6.28318530718,-0.600860619028));
#494 = CARTESIAN_POINT('',(6.28318530718,-0.546236926389));
#495 = CARTESIAN_POINT('',(6.28318530718,-0.49161323375));
#496 = CARTESIAN_POINT('',(6.28318530718,-0.436989541111));
#497 = CARTESIAN_POINT('',(6.28318530718,-0.382365848472));
#498 = CARTESIAN_POINT('',(6.28318530718,-0.327742155833));
#499 = CARTESIAN_POINT('',(6.28318530718,-0.273118463194));
#500 = CARTESIAN_POINT('',(6.28318530718,-0.218494770555));
#501 = CARTESIAN_POINT('',(6.28318530718,-0.163871077917));
#502 = CARTESIAN_POINT('',(6.28318530718,-0.109247385278));
#503 = CARTESIAN_POINT('',(6.28318530718,-5.462369263887E-02));
#504 = CARTESIAN_POINT('',(6.28318530718,-1.820789754629E-02));
#505 = CARTESIAN_POINT('',(6.28318530718,3.136859990814E-15));
#506 = ( GEOMETRIC_REPRESENTATION_CONTEXT(2) 
PARAMETRIC_REPRESENTATION_CONTEXT() REPRESENTATION_CONTEXT('2D SPACE',''
  ) );
#507 = PCURVE('',#438,#508);
#508 = DEFINITIONAL_REPRESENTATION('',(#509),#535);
#509 = B_SPLINE_CURVE_WITH_KNOTS('',3,(#510,#511,#512,#513,#514,#515,
    #516,#517,#518,#519,#520,#521,#522,#523,#524,#525,#526,#527,#528,
    #529,#530,#531,#532,#533,#534),.UNSPECIFIED.,.F.,.F.,(4,1,1,1,1,1,1,
    1,1,1,1,1,1,1,1,1,1,1,1,1,1,1,4),(-2.333266794431,-2.227209212866,
    -2.121151631301,-2.015094049736,-1.909036468171,-1.802978886606,
    -1.69692130504,-1.590863723475,-1.48480614191,-1.378748560345,
    -1.27269097878,-1.166633397215,-1.06057581565,-0.954518234085,
    -0.84846065252,-0.742403070955,-0.63634548939,-0.530287907825,
    -0.42423032626,-0.318172744695,-0.21211516313,-0.106057581565,0.),
  .QUASI_UNIFORM_KNOTS.);
#510 = CARTESIAN_POINT('',(0.,-1.201721238055));
#511 = CARTESIAN_POINT('',(0.,-1.183513340509));
#512 = CARTESIAN_POINT('',(0.,-1.147097545416));
#513 = CARTESIAN_POINT('',(0.,-1.092473852777));
#514 = CARTESIAN_POINT('',(0.,-1.037850160139));
#515 = CARTESIAN_POINT('',(0.,-0.9832264675));
#516 = CARTESIAN_POINT('',(0.,-0.928602774861));
#517 = CARTESIAN_POINT('',(0.,-0.873979082222));
#518 = CARTESIAN_POINT('',(0.,-0.819355389583));
#519 = CARTESIAN_POINT('',(0.,-0.764731696944));
#520 = CARTESIAN_POINT('',(0.,-0.710108004305));
#521 = CARTESIAN_POINT('',(0.,-0.655484311666));
#522 = CARTESIAN_POINT('',(0.,-0.600860619028));
#523 = CARTESIAN_POINT('',(0.,-0.546236926389));
#524 = CARTESIAN_POINT('',(0.,-0.49161323375));
#525 = CARTESIAN_POINT('',(0.,-0.436989541111));
#526 = CARTESIAN_POINT('',(0.,-0.382365848472));
#527 = CARTESIAN_POINT('',(0.,-0.327742155833));
#528 = CARTESIAN_POINT('',(0.,-0.273118463194));
#529 = CARTESIAN_POINT('',(0.,-0.218494770555));
#530 = CARTESIAN_POINT('',(0.,-0.163871077917));
#531 = CARTESIAN_POINT('',(0.,-0.109247385278));
#532 = CARTESIAN_POINT('',(0.,-5.462369263887E-02));
#533 = CARTESIAN_POINT('',(0.,-1.820789754629E-02));
#534 = CARTESIAN_POINT('',(0.,3.136859990814E-15));
#535 = ( GEOMETRIC_REPRESENTATION_CONTEXT(2) 
PARAMETRIC_REPRESENTATION_CONTEXT() REPRESENTATION_CONTEXT('2D SPACE',''
  ) );
#536 = ADVANCED_FACE('',(#537),#551,.F.);
#537 = FACE_BOUND('',#538,.F.);
#538 = EDGE_LOOP('',(#539,#574,#607,#630));
#539 = ORIENTED_EDGE('',*,*,#540,.T.);
#540 = EDGE_CURVE('',#541,#543,#545,.T.);
#541 = VERTEX_POINT('',#542);
#542 = CARTESIAN_POINT('',(159.,80.,38.));
#543 = VERTEX_POINT('',#544);
#544 = CARTESIAN_POINT('',(159.,68.,38.));
#545 = SURFACE_CURVE('',#546,(#550,#562),.PCURVE_S1.);
#546 = LINE('',#547,#548);
#547 = CARTESIAN_POINT('',(159.,68.,38.));
#548 = VECTOR('',#549,1.);
#549 = DIRECTION('',(-0.,-1.,-0.));
#550 = PCURVE('',#551,#556);
#551 = CYLINDRICAL_SURFACE('',#552,2.);
#552 = AXIS2_PLACEMENT_3D('',#553,#554,#555);
#553 = CARTESIAN_POINT('',(159.,68.,40.));
#554 = DIRECTION('',(-0.,-1.,-0.));
#555 = DIRECTION('',(0.,0.,-1.));
#556 = DEFINITIONAL_REPRESENTATION('',(#557),#561);
#557 = LINE('',#558,#559);
#558 = CARTESIAN_POINT('',(6.28318530718,0.));
#559 = VECTOR('',#560,1.);
#560 = DIRECTION('',(0.,1.));
#561 = ( GEOMETRIC_REPRESENTATION_CONTEXT(2) 
PARAMETRIC_REPRESENTATION_CONTEXT() REPRESENTATION_CONTEXT('2D SPACE',''
  ) );
#562 = PCURVE('',#563,#568);
#563 = CYLINDRICAL_SURFACE('',#564,2.);
#564 = AXIS2_PLACEMENT_3D('',#565,#566,#567);
#565 = CARTESIAN_POINT('',(159.,68.,40.));
#566 = DIRECTION('',(-0.,-1.,-0.));
#567 = DIRECTION('',(0.,0.,-1.));
#568 = DEFINITIONAL_REPRESENTATION('',(#569),#573);
#569 = LINE('',#570,#571);
#570 = CARTESIAN_POINT('',(0.,0.));
#571 = VECTOR('',#572,1.);
#572 = DIRECTION('',(0.,1.));
#573 = ( GEOMETRIC_REPRESENTATION_CONTEXT(2) 
PARAMETRIC_REPRESENTATION_CONTEXT() REPRESENTATION_CONTEXT('2D SPACE',''
  ) );
#574 = ORIENTED_EDGE('',*,*,#575,.F.);
#575 = EDGE_CURVE('',#576,#543,#578,.T.);
#576 = VERTEX_POINT('',#577);
#577 = CARTESIAN_POINT('',(159.,68.,42.));
#578 = SURFACE_CURVE('',#579,(#584,#591),.PCURVE_S1.);
#579 = CIRCLE('',#580,2.);
#580 = AXIS2_PLACEMENT_3D('',#581,#582,#583);
#581 = CARTESIAN_POINT('',(159.,68.,40.));
#582 = DIRECTION('',(0.,-1.,-0.));
#583 = DIRECTION('',(0.,0.,-1.));
#584 = PCURVE('',#551,#585);
#585 = DEFINITIONAL_REPRESENTATION('',(#586),#590);
#586 = LINE('',#587,#588);
#587 = CARTESIAN_POINT('',(0.,0.));
#588 = VECTOR('',#589,1.);
#589 = DIRECTION('',(1.,0.));
#590 = ( GEOMETRIC_REPRESENTATION_CONTEXT(2) 
PARAMETRIC_REPRESENTATION_CONTEXT() REPRESENTATION_CONTEXT('2D SPACE',''
  ) );
#591 = PCURVE('',#592,#597);
#592 = PLANE('',#593);
#593 = AXIS2_PLACEMENT_3D('',#594,#595,#596);
#594 = CARTESIAN_POINT('',(291.,68.,60.));
#595 = DIRECTION('',(-9.948234987681E-17,1.,0.));
#596 = DIRECTION('',(-1.,-9.948234987681E-17,0.));
#597 = DEFINITIONAL_REPRESENTATION('',(#598),#606);
#598 = ( BOUNDED_CURVE() B_SPLINE_CURVE(2,(#599,#600,#601,#602,#603,#604
,#605),.UNSPECIFIED.,.T.,.F.) B_SPLINE_CURVE_WITH_KNOTS((1,2,2,2,2,1),(
    -2.094395102393,0.,2.094395102393,4.188790204786,6.28318530718,
8.377580409573),.UNSPECIFIED.) CURVE() GEOMETRIC_REPRESENTATION_ITEM() 
RATIONAL_B_SPLINE_CURVE((1.,0.5,1.,0.5,1.,0.5,1.)) REPRESENTATION_ITEM(
  '') );
#599 = CARTESIAN_POINT('',(132.,-22.));
#600 = CARTESIAN_POINT('',(128.53589838486,-22.));
#601 = CARTESIAN_POINT('',(130.26794919243,-19.));
#602 = CARTESIAN_POINT('',(132.,-16.));
#603 = CARTESIAN_POINT('',(133.73205080756,-19.));
#604 = CARTESIAN_POINT('',(135.46410161513,-22.));
#605 = CARTESIAN_POINT('',(132.,-22.));
#606 = ( GEOMETRIC_REPRESENTATION_CONTEXT(2) 
PARAMETRIC_REPRESENTATION_CONTEXT() REPRESENTATION_CONTEXT('2D SPACE',''
  ) );
#607 = ORIENTED_EDGE('',*,*,#608,.F.);
#608 = EDGE_CURVE('',#609,#576,#611,.T.);
#609 = VERTEX_POINT('',#610);
#610 = CARTESIAN_POINT('',(159.,80.,42.));
#611 = SURFACE_CURVE('',#612,(#616,#623),.PCURVE_S1.);
#612 = LINE('',#613,#614);
#613 = CARTESIAN_POINT('',(159.,68.,42.));
#614 = VECTOR('',#615,1.);
#615 = DIRECTION('',(-0.,-1.,-0.));
#616 = PCURVE('',#551,#617);
#617 = DEFINITIONAL_REPRESENTATION('',(#618),#622);
#618 = LINE('',#619,#620);
#619 = CARTESIAN_POINT('',(3.14159265359,0.));
#620 = VECTOR('',#621,1.);
#621 = DIRECTION('',(0.,1.));
#622 = ( GEOMETRIC_REPRESENTATION_CONTEXT(2) 
PARAMETRIC_REPRESENTATION_CONTEXT() REPRESENTATION_CONTEXT('2D SPACE',''
  ) );
#623 = PCURVE('',#563,#624);
#624 = DEFINITIONAL_REPRESENTATION('',(#625),#629);
#625 = LINE('',#626,#627);
#626 = CARTESIAN_POINT('',(3.14159265359,0.));
#627 = VECTOR('',#628,1.);
#628 = DIRECTION('',(0.,1.));
#629 = ( GEOMETRIC_REPRESENTATION_CONTEXT(2) 
PARAMETRIC_REPRESENTATION_CONTEXT() REPRESENTATION_CONTEXT('2D SPACE',''
  ) );
#630 = ORIENTED_EDGE('',*,*,#631,.T.);
#631 = EDGE_CURVE('',#609,#541,#632,.T.);
#632 = SURFACE_CURVE('',#633,(#638,#645),.PCURVE_S1.);
#633 = CIRCLE('',#634,2.);
#634 = AXIS2_PLACEMENT_3D('',#635,#636,#637);
#635 = CARTESIAN_POINT('',(159.,80.,40.));
#636 = DIRECTION('',(0.,-1.,-0.));
#637 = DIRECTION('',(0.,0.,-1.));
#638 = PCURVE('',#551,#639);
#639 = DEFINITIONAL_REPRESENTATION('',(#640),#644);
#640 = LINE('',#641,#642);
#641 = CARTESIAN_POINT('',(0.,-12.));
#642 = VECTOR('',#643,1.);
#643 = DIRECTION('',(1.,0.));
#644 = ( GEOMETRIC_REPRESENTATION_CONTEXT(2) 
PARAMETRIC_REPRESENTATION_CONTEXT() REPRESENTATION_CONTEXT('2D SPACE',''
  ) );
#645 = PCURVE('',#646,#651);
#646 = PLANE('',#647);
#647 = AXIS2_PLACEMENT_3D('',#648,#649,#650);
#648 = CARTESIAN_POINT('',(0.,80.,60.));
#649 = DIRECTION('',(0.,-1.,0.));
#650 = DIRECTION('',(0.,-0.,-1.));
#651 = DEFINITIONAL_REPRESENTATION('',(#652),#656);
#652 = CIRCLE('',#653,2.);
#653 = AXIS2_PLACEMENT_2D('',#654,#655);
#654 = CARTESIAN_POINT('',(20.,159.));
#655 = DIRECTION('',(1.,0.));
#656 = ( GEOMETRIC_REPRESENTATION_CONTEXT(2) 
PARAMETRIC_REPRESENTATION_CONTEXT() REPRESENTATION_CONTEXT('2D SPACE',''
  ) );
#657 = ADVANCED_FACE('',(#658),#672,.F.);
#658 = FACE_BOUND('',#659,.F.);
#659 = EDGE_LOOP('',(#660,#695,#723,#746));
#660 = ORIENTED_EDGE('',*,*,#661,.T.);
#661 = EDGE_CURVE('',#662,#664,#666,.T.);
#662 = VERTEX_POINT('',#663);
#663 = CARTESIAN_POINT('',(232.,80.,38.));
#664 = VERTEX_POINT('',#665);
#665 = CARTESIAN_POINT('',(232.,68.,38.));
#666 = SURFACE_CURVE('',#667,(#671,#683),.PCURVE_S1.);
#667 = LINE('',#668,#669);
#668 = CARTESIAN_POINT('',(232.,68.,38.));
#669 = VECTOR('',#670,1.);
#670 = DIRECTION('',(-0.,-1.,-0.));
#671 = PCURVE('',#672,#677);
#672 = CYLINDRICAL_SURFACE('',#673,2.);
#673 = AXIS2_PLACEMENT_3D('',#674,#675,#676);
#674 = CARTESIAN_POINT('',(232.,68.,40.));
#675 = DIRECTION('',(-0.,-1.,-0.));
#676 = DIRECTION('',(0.,0.,-1.));
#677 = DEFINITIONAL_REPRESENTATION('',(#678),#682);
#678 = LINE('',#679,#680);
#679 = CARTESIAN_POINT('',(6.28318530718,0.));
#680 = VECTOR('',#681,1.);
#681 = DIRECTION('',(0.,1.));
#682 = ( GEOMETRIC_REPRESENTATION_CONTEXT(2) 
PARAMETRIC_REPRESENTATION_CONTEXT() REPRESENTATION_CONTEXT('2D SPACE',''
  ) );
#683 = PCURVE('',#684,#689);
#684 = CYLINDRICAL_SURFACE('',#685,2.);
#685 = AXIS2_PLACEMENT_3D('',#686,#687,#688);
#686 = CARTESIAN_POINT('',(232.,68.,40.));
#687 = DIRECTION('',(-0.,-1.,-0.));
#688 = DIRECTION('',(0.,0.,-1.));
#689 = DEFINITIONAL_REPRESENTATION('',(#690),#694);
#690 = LINE('',#691,#692);
#691 = CARTESIAN_POINT('',(0.,0.));
#692 = VECTOR('',#693,1.);
#693 = DIRECTION('',(0.,1.));
#694 = ( GEOMETRIC_REPRESENTATION_CONTEXT(2) 
PARAMETRIC_REPRESENTATION_CONTEXT() REPRESENTATION_CONTEXT('2D SPACE',''
  ) );
#695 = ORIENTED_EDGE('',*,*,#696,.F.);
#696 = EDGE_CURVE('',#697,#664,#699,.T.);
#697 = VERTEX_POINT('',#698);
#698 = CARTESIAN_POINT('',(232.,68.,42.));
#699 = SURFACE_CURVE('',#700,(#705,#712),.PCURVE_S1.);
#700 = CIRCLE('',#701,2.);
#701 = AXIS2_PLACEMENT_3D('',#702,#703,#704);
#702 = CARTESIAN_POINT('',(232.,68.,40.));
#703 = DIRECTION('',(0.,-1.,-0.));
#704 = DIRECTION('',(0.,0.,-1.));
#705 = PCURVE('',#672,#706);
#706 = DEFINITIONAL_REPRESENTATION('',(#707),#711);
#707 = LINE('',#708,#709);
#708 = CARTESIAN_POINT('',(0.,0.));
#709 = VECTOR('',#710,1.);
#710 = DIRECTION('',(1.,0.));
#711 = ( GEOMETRIC_REPRESENTATION_CONTEXT(2) 
PARAMETRIC_REPRESENTATION_CONTEXT() REPRESENTATION_CONTEXT('2D SPACE',''
  ) );
#712 = PCURVE('',#592,#713);
#713 = DEFINITIONAL_REPRESENTATION('',(#714),#722);
#714 = ( BOUNDED_CURVE() B_SPLINE_CURVE(2,(#715,#716,#717,#718,#719,#720
,#721),.UNSPECIFIED.,.T.,.F.) B_SPLINE_CURVE_WITH_KNOTS((1,2,2,2,2,1),(
    -2.094395102393,0.,2.094395102393,4.188790204786,6.28318530718,
8.377580409573),.UNSPECIFIED.) CURVE() GEOMETRIC_REPRESENTATION_ITEM() 
RATIONAL_B_SPLINE_CURVE((1.,0.5,1.,0.5,1.,0.5,1.)) REPRESENTATION_ITEM(
  '') );
#715 = CARTESIAN_POINT('',(59.,-22.));
#716 = CARTESIAN_POINT('',(55.535898384862,-22.));
#717 = CARTESIAN_POINT('',(57.267949192431,-19.));
#718 = CARTESIAN_POINT('',(59.,-16.));
#719 = CARTESIAN_POINT('',(60.732050807569,-19.));
#720 = CARTESIAN_POINT('',(62.464101615138,-22.));
#721 = CARTESIAN_POINT('',(59.,-22.));
#722 = ( GEOMETRIC_REPRESENTATION_CONTEXT(2) 
PARAMETRIC_REPRESENTATION_CONTEXT() REPRESENTATION_CONTEXT('2D SPACE',''
  ) );
#723 = ORIENTED_EDGE('',*,*,#724,.F.);
#724 = EDGE_CURVE('',#725,#697,#727,.T.);
#725 = VERTEX_POINT('',#726);
#726 = CARTESIAN_POINT('',(232.,80.,42.));
#727 = SURFACE_CURVE('',#728,(#732,#739),.PCURVE_S1.);
#728 = LINE('',#729,#730);
#729 = CARTESIAN_POINT('',(232.,68.,42.));
#730 = VECTOR('',#731,1.);
#731 = DIRECTION('',(-0.,-1.,-0.));
#732 = PCURVE('',#672,#733);
#733 = DEFINITIONAL_REPRESENTATION('',(#734),#738);
#734 = LINE('',#735,#736);
#735 = CARTESIAN_POINT('',(3.14159265359,0.));
#736 = VECTOR('',#737,1.);
#737 = DIRECTION('',(0.,1.));
#738 = ( GEOMETRIC_REPRESENTATION_CONTEXT(2) 
PARAMETRIC_REPRESENTATION_CONTEXT() REPRESENTATION_CONTEXT('2D SPACE',''
  ) );
#739 = PCURVE('',#684,#740);
#740 = DEFINITIONAL_REPRESENTATION('',(#741),#745);
#741 = LINE('',#742,#743);
#742 = CARTESIAN_POINT('',(3.14159265359,0.));
#743 = VECTOR('',#744,1.);
#744 = DIRECTION('',(0.,1.));
#745 = ( GEOMETRIC_REPRESENTATION_CONTEXT(2) 
PARAMETRIC_REPRESENTATION_CONTEXT() REPRESENTATION_CONTEXT('2D SPACE',''
  ) );
#746 = ORIENTED_EDGE('',*,*,#747,.T.);
#747 = EDGE_CURVE('',#725,#662,#748,.T.);
#748 = SURFACE_CURVE('',#749,(#754,#761),.PCURVE_S1.);
#749 = CIRCLE('',#750,2.);
#750 = AXIS2_PLACEMENT_3D('',#751,#752,#753);
#751 = CARTESIAN_POINT('',(232.,80.,40.));
#752 = DIRECTION('',(0.,-1.,-0.));
#753 = DIRECTION('',(0.,0.,-1.));
#754 = PCURVE('',#672,#755);
#755 = DEFINITIONAL_REPRESENTATION('',(#756),#760);
#756 = LINE('',#757,#758);
#757 = CARTESIAN_POINT('',(0.,-12.));
#758 = VECTOR('',#759,1.);
#759 = DIRECTION('',(1.,0.));
#760 = ( GEOMETRIC_REPRESENTATION_CONTEXT(2) 
PARAMETRIC_REPRESENTATION_CONTEXT() REPRESENTATION_CONTEXT('2D SPACE',''
  ) );
#761 = PCURVE('',#646,#762);
#762 = DEFINITIONAL_REPRESENTATION('',(#763),#767);
#763 = CIRCLE('',#764,2.);
#764 = AXIS2_PLACEMENT_2D('',#765,#766);
#765 = CARTESIAN_POINT('',(20.,232.));
#766 = DIRECTION('',(1.,0.));
#767 = ( GEOMETRIC_REPRESENTATION_CONTEXT(2) 
PARAMETRIC_REPRESENTATION_CONTEXT() REPRESENTATION_CONTEXT('2D SPACE',''
  ) );
#768 = ADVANCED_FACE('',(#769),#783,.F.);
#769 = FACE_BOUND('',#770,.F.);
#770 = EDGE_LOOP('',(#771,#806,#834,#857));
#771 = ORIENTED_EDGE('',*,*,#772,.T.);
#772 = EDGE_CURVE('',#773,#775,#777,.T.);
#773 = VERTEX_POINT('',#774);
#774 = CARTESIAN_POINT('',(145.,80.,38.));
#775 = VERTEX_POINT('',#776);
#776 = CARTESIAN_POINT('',(145.,68.,38.));
#777 = SURFACE_CURVE('',#778,(#782,#794),.PCURVE_S1.);
#778 = LINE('',#779,#780);
#779 = CARTESIAN_POINT('',(145.,68.,38.));
#780 = VECTOR('',#781,1.);
#781 = DIRECTION('',(-0.,-1.,-0.));
#782 = PCURVE('',#783,#788);
#783 = CYLINDRICAL_SURFACE('',#784,2.);
#784 = AXIS2_PLACEMENT_3D('',#785,#786,#787);
#785 = CARTESIAN_POINT('',(145.,68.,40.));
#786 = DIRECTION('',(-0.,-1.,-0.));
#787 = DIRECTION('',(0.,0.,-1.));
#788 = DEFINITIONAL_REPRESENTATION('',(#789),#793);
#789 = LINE('',#790,#791);
#790 = CARTESIAN_POINT('',(6.28318530718,0.));
#791 = VECTOR('',#792,1.);
#792 = DIRECTION('',(0.,1.));
#793 = ( GEOMETRIC_REPRESENTATION_CONTEXT(2) 
PARAMETRIC_REPRESENTATION_CONTEXT() REPRESENTATION_CONTEXT('2D SPACE',''
  ) );
#794 = PCURVE('',#795,#800);
#795 = CYLINDRICAL_SURFACE('',#796,2.);
#796 = AXIS2_PLACEMENT_3D('',#797,#798,#799);
#797 = CARTESIAN_POINT('',(145.,68.,40.));
#798 = DIRECTION('',(-0.,-1.,-0.));
#799 = DIRECTION('',(0.,0.,-1.));
#800 = DEFINITIONAL_REPRESENTATION('',(#801),#805);
#801 = LINE('',#802,#803);
#802 = CARTESIAN_POINT('',(0.,0.));
#803 = VECTOR('',#804,1.);
#804 = DIRECTION('',(0.,1.));
#805 = ( GEOMETRIC_REPRESENTATION_CONTEXT(2) 
PARAMETRIC_REPRESENTATION_CONTEXT() REPRESENTATION_CONTEXT('2D SPACE',''
  ) );
#806 = ORIENTED_EDGE('',*,*,#807,.F.);
#807 = EDGE_CURVE('',#808,#775,#810,.T.);
#808 = VERTEX_POINT('',#809);
#809 = CARTESIAN_POINT('',(145.,68.,42.));
#810 = SURFACE_CURVE('',#811,(#816,#823),.PCURVE_S1.);
#811 = CIRCLE('',#812,2.);
#812 = AXIS2_PLACEMENT_3D('',#813,#814,#815);
#813 = CARTESIAN_POINT('',(145.,68.,40.));
#814 = DIRECTION('',(0.,-1.,-0.));
#815 = DIRECTION('',(0.,0.,-1.));
#816 = PCURVE('',#783,#817);
#817 = DEFINITIONAL_REPRESENTATION('',(#818),#822);
#818 = LINE('',#819,#820);
#819 = CARTESIAN_POINT('',(0.,0.));
#820 = VECTOR('',#821,1.);
#821 = DIRECTION('',(1.,0.));
#822 = ( GEOMETRIC_REPRESENTATION_CONTEXT(2) 
PARAMETRIC_REPRESENTATION_CONTEXT() REPRESENTATION_CONTEXT('2D SPACE',''
  ) );
#823 = PCURVE('',#592,#824);
#824 = DEFINITIONAL_REPRESENTATION('',(#825),#833);
#825 = ( BOUNDED_CURVE() B_SPLINE_CURVE(2,(#826,#827,#828,#829,#830,#831
,#832),.UNSPECIFIED.,.T.,.F.) B_SPLINE_CURVE_WITH_KNOTS((1,2,2,2,2,1),(
    -2.094395102393,0.,2.094395102393,4.188790204786,6.28318530718,
8.377580409573),.UNSPECIFIED.) CURVE() GEOMETRIC_REPRESENTATION_ITEM() 
RATIONAL_B_SPLINE_CURVE((1.,0.5,1.,0.5,1.,0.5,1.)) REPRESENTATION_ITEM(
  '') );
#826 = CARTESIAN_POINT('',(146.,-22.));
#827 = CARTESIAN_POINT('',(142.53589838486,-22.));
#828 = CARTESIAN_POINT('',(144.26794919243,-19.));
#829 = CARTESIAN_POINT('',(146.,-16.));
#830 = CARTESIAN_POINT('',(147.73205080756,-19.));
#831 = CARTESIAN_POINT('',(149.46410161513,-22.));
#832 = CARTESIAN_POINT('',(146.,-22.));
#833 = ( GEOMETRIC_REPRESENTATION_CONTEXT(2) 
PARAMETRIC_REPRESENTATION_CONTEXT() REPRESENTATION_CONTEXT('2D SPACE',''
  ) );
#834 = ORIENTED_EDGE('',*,*,#835,.F.);
#835 = EDGE_CURVE('',#836,#808,#838,.T.);
#836 = VERTEX_POINT('',#837);
#837 = CARTESIAN_POINT('',(145.,80.,42.));
#838 = SURFACE_CURVE('',#839,(#843,#850),.PCURVE_S1.);
#839 = LINE('',#840,#841);
#840 = CARTESIAN_POINT('',(145.,68.,42.));
#841 = VECTOR('',#842,1.);
#842 = DIRECTION('',(-0.,-1.,-0.));
#843 = PCURVE('',#783,#844);
#844 = DEFINITIONAL_REPRESENTATION('',(#845),#849);
#845 = LINE('',#846,#847);
#846 = CARTESIAN_POINT('',(3.14159265359,0.));
#847 = VECTOR('',#848,1.);
#848 = DIRECTION('',(0.,1.));
#849 = ( GEOMETRIC_REPRESENTATION_CONTEXT(2) 
PARAMETRIC_REPRESENTATION_CONTEXT() REPRESENTATION_CONTEXT('2D SPACE',''
  ) );
#850 = PCURVE('',#795,#851);
#851 = DEFINITIONAL_REPRESENTATION('',(#852),#856);
#852 = LINE('',#853,#854);
#853 = CARTESIAN_POINT('',(3.14159265359,0.));
#854 = VECTOR('',#855,1.);
#855 = DIRECTION('',(0.,1.));
#856 = ( GEOMETRIC_REPRESENTATION_CONTEXT(2) 
PARAMETRIC_REPRESENTATION_CONTEXT() REPRESENTATION_CONTEXT('2D SPACE',''
  ) );
#857 = ORIENTED_EDGE('',*,*,#858,.T.);
#858 = EDGE_CURVE('',#836,#773,#859,.T.);
#859 = SURFACE_CURVE('',#860,(#865,#872),.PCURVE_S1.);
#860 = CIRCLE('',#861,2.);
#861 = AXIS2_PLACEMENT_3D('',#862,#863,#864);
#862 = CARTESIAN_POINT('',(145.,80.,40.));
#863 = DIRECTION('',(0.,-1.,-0.));
#864 = DIRECTION('',(0.,0.,-1.));
#865 = PCURVE('',#783,#866);
#866 = DEFINITIONAL_REPRESENTATION('',(#867),#871);
#867 = LINE('',#868,#869);
#868 = CARTESIAN_POINT('',(0.,-12.));
#869 = VECTOR('',#870,1.);
#870 = DIRECTION('',(1.,0.));
#871 = ( GEOMETRIC_REPRESENTATION_CONTEXT(2) 
PARAMETRIC_REPRESENTATION_CONTEXT() REPRESENTATION_CONTEXT('2D SPACE',''
  ) );
#872 = PCURVE('',#646,#873);
#873 = DEFINITIONAL_REPRESENTATION('',(#874),#878);
#874 = CIRCLE('',#875,2.);
#875 = AXIS2_PLACEMENT_2D('',#876,#877);
#876 = CARTESIAN_POINT('',(20.,145.));
#877 = DIRECTION('',(1.,0.));
#878 = ( GEOMETRIC_REPRESENTATION_CONTEXT(2) 
PARAMETRIC_REPRESENTATION_CONTEXT() REPRESENTATION_CONTEXT('2D SPACE',''
  ) );
#879 = ADVANCED_FACE('',(#880),#894,.F.);
#880 = FACE_BOUND('',#881,.F.);
#881 = EDGE_LOOP('',(#882,#917,#945,#968));
#882 = ORIENTED_EDGE('',*,*,#883,.T.);
#883 = EDGE_CURVE('',#884,#886,#888,.T.);
#884 = VERTEX_POINT('',#885);
#885 = CARTESIAN_POINT('',(105.,80.,38.));
#886 = VERTEX_POINT('',#887);
#887 = CARTESIAN_POINT('',(105.,68.,38.));
#888 = SURFACE_CURVE('',#889,(#893,#905),.PCURVE_S1.);
#889 = LINE('',#890,#891);
#890 = CARTESIAN_POINT('',(105.,68.,38.));
#891 = VECTOR('',#892,1.);
#892 = DIRECTION('',(-0.,-1.,-0.));
#893 = PCURVE('',#894,#899);
#894 = CYLINDRICAL_SURFACE('',#895,2.);
#895 = AXIS2_PLACEMENT_3D('',#896,#897,#898);
#896 = CARTESIAN_POINT('',(105.,68.,40.));
#897 = DIRECTION('',(-0.,-1.,-0.));
#898 = DIRECTION('',(0.,0.,-1.));
#899 = DEFINITIONAL_REPRESENTATION('',(#900),#904);
#900 = LINE('',#901,#902);
#901 = CARTESIAN_POINT('',(6.28318530718,0.));
#902 = VECTOR('',#903,1.);
#903 = DIRECTION('',(0.,1.));
#904 = ( GEOMETRIC_REPRESENTATION_CONTEXT(2) 
PARAMETRIC_REPRESENTATION_CONTEXT() REPRESENTATION_CONTEXT('2D SPACE',''
  ) );
#905 = PCURVE('',#906,#911);
#906 = CYLINDRICAL_SURFACE('',#907,2.);
#907 = AXIS2_PLACEMENT_3D('',#908,#909,#910);
#908 = CARTESIAN_POINT('',(105.,68.,40.));
#909 = DIRECTION('',(-0.,-1.,-0.));
#910 = DIRECTION('',(0.,0.,-1.));
#911 = DEFINITIONAL_REPRESENTATION('',(#912),#916);
#912 = LINE('',#913,#914);
#913 = CARTESIAN_POINT('',(0.,0.));
#914 = VECTOR('',#915,1.);
#915 = DIRECTION('',(0.,1.));
#916 = ( GEOMETRIC_REPRESENTATION_CONTEXT(2) 
PARAMETRIC_REPRESENTATION_CONTEXT() REPRESENTATION_CONTEXT('2D SPACE',''
  ) );
#917 = ORIENTED_EDGE('',*,*,#918,.F.);
#918 = EDGE_CURVE('',#919,#886,#921,.T.);
#919 = VERTEX_POINT('',#920);
#920 = CARTESIAN_POINT('',(105.,68.,42.));
#921 = SURFACE_CURVE('',#922,(#927,#934),.PCURVE_S1.);
#922 = CIRCLE('',#923,2.);
#923 = AXIS2_PLACEMENT_3D('',#924,#925,#926);
#924 = CARTESIAN_POINT('',(105.,68.,40.));
#925 = DIRECTION('',(0.,-1.,-0.));
#926 = DIRECTION('',(0.,0.,-1.));
#927 = PCURVE('',#894,#928);
#928 = DEFINITIONAL_REPRESENTATION('',(#929),#933);
#929 = LINE('',#930,#931);
#930 = CARTESIAN_POINT('',(0.,0.));
#931 = VECTOR('',#932,1.);
#932 = DIRECTION('',(1.,0.));
#933 = ( GEOMETRIC_REPRESENTATION_CONTEXT(2) 
PARAMETRIC_REPRESENTATION_CONTEXT() REPRESENTATION_CONTEXT('2D SPACE',''
  ) );
#934 = PCURVE('',#592,#935);
#935 = DEFINITIONAL_REPRESENTATION('',(#936),#944);
#936 = ( BOUNDED_CURVE() B_SPLINE_CURVE(2,(#937,#938,#939,#940,#941,#942
,#943),.UNSPECIFIED.,.T.,.F.) B_SPLINE_CURVE_WITH_KNOTS((1,2,2,2,2,1),(
    -2.094395102393,0.,2.094395102393,4.188790204786,6.28318530718,
8.377580409573),.UNSPECIFIED.) CURVE() GEOMETRIC_REPRESENTATION_ITEM() 
RATIONAL_B_SPLINE_CURVE((1.,0.5,1.,0.5,1.,0.5,1.)) REPRESENTATION_ITEM(
  '') );
#937 = CARTESIAN_POINT('',(186.,-22.));
#938 = CARTESIAN_POINT('',(182.53589838486,-22.));
#939 = CARTESIAN_POINT('',(184.26794919243,-19.));
#940 = CARTESIAN_POINT('',(186.,-16.));
#941 = CARTESIAN_POINT('',(187.73205080756,-19.));
#942 = CARTESIAN_POINT('',(189.46410161513,-22.));
#943 = CARTESIAN_POINT('',(186.,-22.));
#944 = ( GEOMETRIC_REPRESENTATION_CONTEXT(2) 
PARAMETRIC_REPRESENTATION_CONTEXT() REPRESENTATION_CONTEXT('2D SPACE',''
  ) );
#945 = ORIENTED_EDGE('',*,*,#946,.F.);
#946 = EDGE_CURVE('',#947,#919,#949,.T.);
#947 = VERTEX_POINT('',#948);
#948 = CARTESIAN_POINT('',(105.,80.,42.));
#949 = SURFACE_CURVE('',#950,(#954,#961),.PCURVE_S1.);
#950 = LINE('',#951,#952);
#951 = CARTESIAN_POINT('',(105.,68.,42.));
#952 = VECTOR('',#953,1.);
#953 = DIRECTION('',(-0.,-1.,-0.));
#954 = PCURVE('',#894,#955);
#955 = DEFINITIONAL_REPRESENTATION('',(#956),#960);
#956 = LINE('',#957,#958);
#957 = CARTESIAN_POINT('',(3.14159265359,0.));
#958 = VECTOR('',#959,1.);
#959 = DIRECTION('',(0.,1.));
#960 = ( GEOMETRIC_REPRESENTATION_CONTEXT(2) 
PARAMETRIC_REPRESENTATION_CONTEXT() REPRESENTATION_CONTEXT('2D SPACE',''
  ) );
#961 = PCURVE('',#906,#962);
#962 = DEFINITIONAL_REPRESENTATION('',(#963),#967);
#963 = LINE('',#964,#965);
#964 = CARTESIAN_POINT('',(3.14159265359,0.));
#965 = VECTOR('',#966,1.);
#966 = DIRECTION('',(0.,1.));
#967 = ( GEOMETRIC_REPRESENTATION_CONTEXT(2) 
PARAMETRIC_REPRESENTATION_CONTEXT() REPRESENTATION_CONTEXT('2D SPACE',''
  ) );
#968 = ORIENTED_EDGE('',*,*,#969,.T.);
#969 = EDGE_CURVE('',#947,#884,#970,.T.);
#970 = SURFACE_CURVE('',#971,(#976,#983),.PCURVE_S1.);
#971 = CIRCLE('',#972,2.);
#972 = AXIS2_PLACEMENT_3D('',#973,#974,#975);
#973 = CARTESIAN_POINT('',(105.,80.,40.));
#974 = DIRECTION('',(0.,-1.,-0.));
#975 = DIRECTION('',(0.,0.,-1.));
#976 = PCURVE('',#894,#977);
#977 = DEFINITIONAL_REPRESENTATION('',(#978),#982);
#978 = LINE('',#979,#980);
#979 = CARTESIAN_POINT('',(0.,-12.));
#980 = VECTOR('',#981,1.);
#981 = DIRECTION('',(1.,0.));
#982 = ( GEOMETRIC_REPRESENTATION_CONTEXT(2) 
PARAMETRIC_REPRESENTATION_CONTEXT() REPRESENTATION_CONTEXT('2D SPACE',''
  ) );
#983 = PCURVE('',#646,#984);
#984 = DEFINITIONAL_REPRESENTATION('',(#985),#989);
#985 = CIRCLE('',#986,2.);
#986 = AXIS2_PLACEMENT_2D('',#987,#988);
#987 = CARTESIAN_POINT('',(20.,105.));
#988 = DIRECTION('',(1.,0.));
#989 = ( GEOMETRIC_REPRESENTATION_CONTEXT(2) 
PARAMETRIC_REPRESENTATION_CONTEXT() REPRESENTATION_CONTEXT('2D SPACE',''
  ) );
#990 = ADVANCED_FACE('',(#991),#1005,.F.);
#991 = FACE_BOUND('',#992,.F.);
#992 = EDGE_LOOP('',(#993,#1028,#1056,#1079));
#993 = ORIENTED_EDGE('',*,*,#994,.T.);
#994 = EDGE_CURVE('',#995,#997,#999,.T.);
#995 = VERTEX_POINT('',#996);
#996 = CARTESIAN_POINT('',(232.,74.,47.));
#997 = VERTEX_POINT('',#998);
#998 = CARTESIAN_POINT('',(232.,68.,47.));
#999 = SURFACE_CURVE('',#1000,(#1004,#1016),.PCURVE_S1.);
#1000 = LINE('',#1001,#1002);
#1001 = CARTESIAN_POINT('',(232.,68.,47.));
#1002 = VECTOR('',#1003,1.);
#1003 = DIRECTION('',(-0.,-1.,-0.));
#1004 = PCURVE('',#1005,#1010);
#1005 = CYLINDRICAL_SURFACE('',#1006,5.5);
#1006 = AXIS2_PLACEMENT_3D('',#1007,#1008,#1009);
#1007 = CARTESIAN_POINT('',(232.,68.,52.5));
#1008 = DIRECTION('',(-0.,-1.,-0.));
#1009 = DIRECTION('',(0.,0.,-1.));
#1010 = DEFINITIONAL_REPRESENTATION('',(#1011),#1015);
#1011 = LINE('',#1012,#1013);
#1012 = CARTESIAN_POINT('',(6.28318530718,0.));
#1013 = VECTOR('',#1014,1.);
#1014 = DIRECTION('',(0.,1.));
#1015 = ( GEOMETRIC_REPRESENTATION_CONTEXT(2) 
PARAMETRIC_REPRESENTATION_CONTEXT() REPRESENTATION_CONTEXT('2D SPACE',''
  ) );
#1016 = PCURVE('',#1017,#1022);
#1017 = CYLINDRICAL_SURFACE('',#1018,5.5);
#1018 = AXIS2_PLACEMENT_3D('',#1019,#1020,#1021);
#1019 = CARTESIAN_POINT('',(232.,68.,52.5));
#1020 = DIRECTION('',(-0.,-1.,-0.));
#1021 = DIRECTION('',(0.,0.,-1.));
#1022 = DEFINITIONAL_REPRESENTATION('',(#1023),#1027);
#1023 = LINE('',#1024,#1025);
#1024 = CARTESIAN_POINT('',(0.,0.));
#1025 = VECTOR('',#1026,1.);
#1026 = DIRECTION('',(0.,1.));
#1027 = ( GEOMETRIC_REPRESENTATION_CONTEXT(2) 
PARAMETRIC_REPRESENTATION_CONTEXT() REPRESENTATION_CONTEXT('2D SPACE',''
  ) );
#1028 = ORIENTED_EDGE('',*,*,#1029,.F.);
#1029 = EDGE_CURVE('',#1030,#997,#1032,.T.);
#1030 = VERTEX_POINT('',#1031);
#1031 = CARTESIAN_POINT('',(232.,68.,58.));
#1032 = SURFACE_CURVE('',#1033,(#1038,#1045),.PCURVE_S1.);
#1033 = CIRCLE('',#1034,5.5);
#1034 = AXIS2_PLACEMENT_3D('',#1035,#1036,#1037);
#1035 = CARTESIAN_POINT('',(232.,68.,52.5));
#1036 = DIRECTION('',(0.,-1.,-0.));
#1037 = DIRECTION('',(0.,0.,-1.));
#1038 = PCURVE('',#1005,#1039);
#1039 = DEFINITIONAL_REPRESENTATION('',(#1040),#1044);
#1040 = LINE('',#1041,#1042);
#1041 = CARTESIAN_POINT('',(0.,0.));
#1042 = VECTOR('',#1043,1.);
#1043 = DIRECTION('',(1.,0.));
#1044 = ( GEOMETRIC_REPRESENTATION_CONTEXT(2) 
PARAMETRIC_REPRESENTATION_CONTEXT() REPRESENTATION_CONTEXT('2D SPACE',''
  ) );
#1045 = PCURVE('',#592,#1046);
#1046 = DEFINITIONAL_REPRESENTATION('',(#1047),#1055);
#1047 = ( BOUNDED_CURVE() B_SPLINE_CURVE(2,(#1048,#1049,#1050,#1051,
#1052,#1053,#1054),.UNSPECIFIED.,.T.,.F.) B_SPLINE_CURVE_WITH_KNOTS((1,2
    ,2,2,2,1),(-2.094395102393,0.,2.094395102393,4.188790204786,
6.28318530718,8.377580409573),.UNSPECIFIED.) CURVE() 
GEOMETRIC_REPRESENTATION_ITEM() RATIONAL_B_SPLINE_CURVE((1.,0.5,1.,0.5,
1.,0.5,1.)) REPRESENTATION_ITEM('') );
#1048 = CARTESIAN_POINT('',(59.,-13.));
#1049 = CARTESIAN_POINT('',(49.473720558371,-13.));
#1050 = CARTESIAN_POINT('',(54.236860279186,-4.75));
#1051 = CARTESIAN_POINT('',(59.,3.5));
#1052 = CARTESIAN_POINT('',(63.763139720814,-4.75));
#1053 = CARTESIAN_POINT('',(68.526279441629,-13.));
#1054 = CARTESIAN_POINT('',(59.,-13.));
#1055 = ( GEOMETRIC_REPRESENTATION_CONTEXT(2) 
PARAMETRIC_REPRESENTATION_CONTEXT() REPRESENTATION_CONTEXT('2D SPACE',''
  ) );
#1056 = ORIENTED_EDGE('',*,*,#1057,.F.);
#1057 = EDGE_CURVE('',#1058,#1030,#1060,.T.);
#1058 = VERTEX_POINT('',#1059);
#1059 = CARTESIAN_POINT('',(232.,74.,58.));
#1060 = SURFACE_CURVE('',#1061,(#1065,#1072),.PCURVE_S1.);
#1061 = LINE('',#1062,#1063);
#1062 = CARTESIAN_POINT('',(232.,68.,58.));
#1063 = VECTOR('',#1064,1.);
#1064 = DIRECTION('',(-0.,-1.,-0.));
#1065 = PCURVE('',#1005,#1066);
#1066 = DEFINITIONAL_REPRESENTATION('',(#1067),#1071);
#1067 = LINE('',#1068,#1069);
#1068 = CARTESIAN_POINT('',(3.14159265359,0.));
#1069 = VECTOR('',#1070,1.);
#1070 = DIRECTION('',(0.,1.));
#1071 = ( GEOMETRIC_REPRESENTATION_CONTEXT(2) 
PARAMETRIC_REPRESENTATION_CONTEXT() REPRESENTATION_CONTEXT('2D SPACE',''
  ) );
#1072 = PCURVE('',#1017,#1073);
#1073 = DEFINITIONAL_REPRESENTATION('',(#1074),#1078);
#1074 = LINE('',#1075,#1076);
#1075 = CARTESIAN_POINT('',(3.14159265359,0.));
#1076 = VECTOR('',#1077,1.);
#1077 = DIRECTION('',(0.,1.));
#1078 = ( GEOMETRIC_REPRESENTATION_CONTEXT(2) 
PARAMETRIC_REPRESENTATION_CONTEXT() REPRESENTATION_CONTEXT('2D SPACE',''
  ) );
#1079 = ORIENTED_EDGE('',*,*,#1080,.T.);
#1080 = EDGE_CURVE('',#1058,#995,#1081,.T.);
#1081 = SURFACE_CURVE('',#1082,(#1087,#1094),.PCURVE_S1.);
#1082 = CIRCLE('',#1083,5.5);
#1083 = AXIS2_PLACEMENT_3D('',#1084,#1085,#1086);
#1084 = CARTESIAN_POINT('',(232.,74.,52.5));
#1085 = DIRECTION('',(0.,-1.,-0.));
#1086 = DIRECTION('',(0.,0.,-1.));
#1087 = PCURVE('',#1005,#1088);
#1088 = DEFINITIONAL_REPRESENTATION('',(#1089),#1093);
#1089 = LINE('',#1090,#1091);
#1090 = CARTESIAN_POINT('',(0.,-6.));
#1091 = VECTOR('',#1092,1.);
#1092 = DIRECTION('',(1.,0.));
#1093 = ( GEOMETRIC_REPRESENTATION_CONTEXT(2) 
PARAMETRIC_REPRESENTATION_CONTEXT() REPRESENTATION_CONTEXT('2D SPACE',''
  ) );
#1094 = PCURVE('',#1095,#1100);
#1095 = PLANE('',#1096);
#1096 = AXIS2_PLACEMENT_3D('',#1097,#1098,#1099);
#1097 = CARTESIAN_POINT('',(235.25,74.,52.5));
#1098 = DIRECTION('',(0.,1.,0.));
#1099 = DIRECTION('',(0.,-0.,1.));
#1100 = DEFINITIONAL_REPRESENTATION('',(#1101),#1109);
#1101 = ( BOUNDED_CURVE() B_SPLINE_CURVE(2,(#1102,#1103,#1104,#1105,
#1106,#1107,#1108),.UNSPECIFIED.,.T.,.F.) B_SPLINE_CURVE_WITH_KNOTS((1,2
    ,2,2,2,1),(-2.094395102393,0.,2.094395102393,4.188790204786,
6.28318530718,8.377580409573),.UNSPECIFIED.) CURVE() 
GEOMETRIC_REPRESENTATION_ITEM() RATIONAL_B_SPLINE_CURVE((1.,0.5,1.,0.5,
1.,0.5,1.)) REPRESENTATION_ITEM('') );
#1102 = CARTESIAN_POINT('',(-5.5,-3.25));
#1103 = CARTESIAN_POINT('',(-5.5,6.276279441629));
#1104 = CARTESIAN_POINT('',(2.75,1.513139720814));
#1105 = CARTESIAN_POINT('',(11.,-3.25));
#1106 = CARTESIAN_POINT('',(2.75,-8.013139720814));
#1107 = CARTESIAN_POINT('',(-5.5,-12.77627944162));
#1108 = CARTESIAN_POINT('',(-5.5,-3.25));
#1109 = ( GEOMETRIC_REPRESENTATION_CONTEXT(2) 
PARAMETRIC_REPRESENTATION_CONTEXT() REPRESENTATION_CONTEXT('2D SPACE',''
  ) );
#1110 = ADVANCED_FACE('',(#1111),#1125,.F.);
#1111 = FACE_BOUND('',#1112,.F.);
#1112 = EDGE_LOOP('',(#1113,#1148,#1176,#1199));
#1113 = ORIENTED_EDGE('',*,*,#1114,.T.);
#1114 = EDGE_CURVE('',#1115,#1117,#1119,.T.);
#1115 = VERTEX_POINT('',#1116);
#1116 = CARTESIAN_POINT('',(232.,80.,49.25));
#1117 = VERTEX_POINT('',#1118);
#1118 = CARTESIAN_POINT('',(232.,74.,49.25));
#1119 = SURFACE_CURVE('',#1120,(#1124,#1136),.PCURVE_S1.);
#1120 = LINE('',#1121,#1122);
#1121 = CARTESIAN_POINT('',(232.,68.,49.25));
#1122 = VECTOR('',#1123,1.);
#1123 = DIRECTION('',(-0.,-1.,-0.));
#1124 = PCURVE('',#1125,#1130);
#1125 = CYLINDRICAL_SURFACE('',#1126,3.25);
#1126 = AXIS2_PLACEMENT_3D('',#1127,#1128,#1129);
#1127 = CARTESIAN_POINT('',(232.,68.,52.5));
#1128 = DIRECTION('',(-0.,-1.,-0.));
#1129 = DIRECTION('',(0.,0.,-1.));
#1130 = DEFINITIONAL_REPRESENTATION('',(#1131),#1135);
#1131 = LINE('',#1132,#1133);
#1132 = CARTESIAN_POINT('',(6.28318530718,0.));
#1133 = VECTOR('',#1134,1.);
#1134 = DIRECTION('',(0.,1.));
#1135 = ( GEOMETRIC_REPRESENTATION_CONTEXT(2) 
PARAMETRIC_REPRESENTATION_CONTEXT() REPRESENTATION_CONTEXT('2D SPACE',''
  ) );
#1136 = PCURVE('',#1137,#1142);
#1137 = CYLINDRICAL_SURFACE('',#1138,3.25);
#1138 = AXIS2_PLACEMENT_3D('',#1139,#1140,#1141);
#1139 = CARTESIAN_POINT('',(232.,68.,52.5));
#1140 = DIRECTION('',(-0.,-1.,-0.));
#1141 = DIRECTION('',(0.,0.,-1.));
#1142 = DEFINITIONAL_REPRESENTATION('',(#1143),#1147);
#1143 = LINE('',#1144,#1145);
#1144 = CARTESIAN_POINT('',(0.,0.));
#1145 = VECTOR('',#1146,1.);
#1146 = DIRECTION('',(0.,1.));
#1147 = ( GEOMETRIC_REPRESENTATION_CONTEXT(2) 
PARAMETRIC_REPRESENTATION_CONTEXT() REPRESENTATION_CONTEXT('2D SPACE',''
  ) );
#1148 = ORIENTED_EDGE('',*,*,#1149,.F.);
#1149 = EDGE_CURVE('',#1150,#1117,#1152,.T.);
#1150 = VERTEX_POINT('',#1151);
#1151 = CARTESIAN_POINT('',(232.,74.,55.75));
#1152 = SURFACE_CURVE('',#1153,(#1158,#1165),.PCURVE_S1.);
#1153 = CIRCLE('',#1154,3.25);
#1154 = AXIS2_PLACEMENT_3D('',#1155,#1156,#1157);
#1155 = CARTESIAN_POINT('',(232.,74.,52.5));
#1156 = DIRECTION('',(0.,-1.,-0.));
#1157 = DIRECTION('',(0.,0.,-1.));
#1158 = PCURVE('',#1125,#1159);
#1159 = DEFINITIONAL_REPRESENTATION('',(#1160),#1164);
#1160 = LINE('',#1161,#1162);
#1161 = CARTESIAN_POINT('',(0.,-6.));
#1162 = VECTOR('',#1163,1.);
#1163 = DIRECTION('',(1.,0.));
#1164 = ( GEOMETRIC_REPRESENTATION_CONTEXT(2) 
PARAMETRIC_REPRESENTATION_CONTEXT() REPRESENTATION_CONTEXT('2D SPACE',''
  ) );
#1165 = PCURVE('',#1095,#1166);
#1166 = DEFINITIONAL_REPRESENTATION('',(#1167),#1175);
#1167 = ( BOUNDED_CURVE() B_SPLINE_CURVE(2,(#1168,#1169,#1170,#1171,
#1172,#1173,#1174),.UNSPECIFIED.,.T.,.F.) B_SPLINE_CURVE_WITH_KNOTS((1,2
    ,2,2,2,1),(-2.094395102393,0.,2.094395102393,4.188790204786,
6.28318530718,8.377580409573),.UNSPECIFIED.) CURVE() 
GEOMETRIC_REPRESENTATION_ITEM() RATIONAL_B_SPLINE_CURVE((1.,0.5,1.,0.5,
1.,0.5,1.)) REPRESENTATION_ITEM('') );
#1168 = CARTESIAN_POINT('',(-3.25,-3.25));
#1169 = CARTESIAN_POINT('',(-3.25,2.379165124599));
#1170 = CARTESIAN_POINT('',(1.625,-0.435417437701));
#1171 = CARTESIAN_POINT('',(6.5,-3.25));
#1172 = CARTESIAN_POINT('',(1.625,-6.064582562299));
#1173 = CARTESIAN_POINT('',(-3.25,-8.879165124599));
#1174 = CARTESIAN_POINT('',(-3.25,-3.25));
#1175 = ( GEOMETRIC_REPRESENTATION_CONTEXT(2) 
PARAMETRIC_REPRESENTATION_CONTEXT() REPRESENTATION_CONTEXT('2D SPACE',''
  ) );
#1176 = ORIENTED_EDGE('',*,*,#1177,.F.);
#1177 = EDGE_CURVE('',#1178,#1150,#1180,.T.);
#1178 = VERTEX_POINT('',#1179);
#1179 = CARTESIAN_POINT('',(232.,80.,55.75));
#1180 = SURFACE_CURVE('',#1181,(#1185,#1192),.PCURVE_S1.);
#1181 = LINE('',#1182,#1183);
#1182 = CARTESIAN_POINT('',(232.,68.,55.75));
#1183 = VECTOR('',#1184,1.);
#1184 = DIRECTION('',(-0.,-1.,-0.));
#1185 = PCURVE('',#1125,#1186);
#1186 = DEFINITIONAL_REPRESENTATION('',(#1187),#1191);
#1187 = LINE('',#1188,#1189);
#1188 = CARTESIAN_POINT('',(3.14159265359,0.));
#1189 = VECTOR('',#1190,1.);
#1190 = DIRECTION('',(0.,1.));
#1191 = ( GEOMETRIC_REPRESENTATION_CONTEXT(2) 
PARAMETRIC_REPRESENTATION_CONTEXT() REPRESENTATION_CONTEXT('2D SPACE',''
  ) );
#1192 = PCURVE('',#1137,#1193);
#1193 = DEFINITIONAL_REPRESENTATION('',(#1194),#1198);
#1194 = LINE('',#1195,#1196);
#1195 = CARTESIAN_POINT('',(3.14159265359,0.));
#1196 = VECTOR('',#1197,1.);
#1197 = DIRECTION('',(0.,1.));
#1198 = ( GEOMETRIC_REPRESENTATION_CONTEXT(2) 
PARAMETRIC_REPRESENTATION_CONTEXT() REPRESENTATION_CONTEXT('2D SPACE',''
  ) );
#1199 = ORIENTED_EDGE('',*,*,#1200,.T.);
#1200 = EDGE_CURVE('',#1178,#1115,#1201,.T.);
#1201 = SURFACE_CURVE('',#1202,(#1207,#1214),.PCURVE_S1.);
#1202 = CIRCLE('',#1203,3.25);
#1203 = AXIS2_PLACEMENT_3D('',#1204,#1205,#1206);
#1204 = CARTESIAN_POINT('',(232.,80.,52.5));
#1205 = DIRECTION('',(0.,-1.,-0.));
#1206 = DIRECTION('',(0.,0.,-1.));
#1207 = PCURVE('',#1125,#1208);
#1208 = DEFINITIONAL_REPRESENTATION('',(#1209),#1213);
#1209 = LINE('',#1210,#1211);
#1210 = CARTESIAN_POINT('',(0.,-12.));
#1211 = VECTOR('',#1212,1.);
#1212 = DIRECTION('',(1.,0.));
#1213 = ( GEOMETRIC_REPRESENTATION_CONTEXT(2) 
PARAMETRIC_REPRESENTATION_CONTEXT() REPRESENTATION_CONTEXT('2D SPACE',''
  ) );
#1214 = PCURVE('',#646,#1215);
#1215 = DEFINITIONAL_REPRESENTATION('',(#1216),#1220);
#1216 = CIRCLE('',#1217,3.25);
#1217 = AXIS2_PLACEMENT_2D('',#1218,#1219);
#1218 = CARTESIAN_POINT('',(7.5,232.));
#1219 = DIRECTION('',(1.,0.));
#1220 = ( GEOMETRIC_REPRESENTATION_CONTEXT(2) 
PARAMETRIC_REPRESENTATION_CONTEXT() REPRESENTATION_CONTEXT('2D SPACE',''
  ) );
#1221 = ADVANCED_FACE('',(#1222),#1236,.F.);
#1222 = FACE_BOUND('',#1223,.F.);
#1223 = EDGE_LOOP('',(#1224,#1259,#1287,#1310));
#1224 = ORIENTED_EDGE('',*,*,#1225,.T.);
#1225 = EDGE_CURVE('',#1226,#1228,#1230,.T.);
#1226 = VERTEX_POINT('',#1227);
#1227 = CARTESIAN_POINT('',(232.,74.,2.));
#1228 = VERTEX_POINT('',#1229);
#1229 = CARTESIAN_POINT('',(232.,68.,2.));
#1230 = SURFACE_CURVE('',#1231,(#1235,#1247),.PCURVE_S1.);
#1231 = LINE('',#1232,#1233);
#1232 = CARTESIAN_POINT('',(232.,68.,2.));
#1233 = VECTOR('',#1234,1.);
#1234 = DIRECTION('',(-0.,-1.,-0.));
#1235 = PCURVE('',#1236,#1241);
#1236 = CYLINDRICAL_SURFACE('',#1237,5.5);
#1237 = AXIS2_PLACEMENT_3D('',#1238,#1239,#1240);
#1238 = CARTESIAN_POINT('',(232.,68.,7.5));
#1239 = DIRECTION('',(-0.,-1.,-0.));
#1240 = DIRECTION('',(0.,0.,-1.));
#1241 = DEFINITIONAL_REPRESENTATION('',(#1242),#1246);
#1242 = LINE('',#1243,#1244);
#1243 = CARTESIAN_POINT('',(6.28318530718,0.));
#1244 = VECTOR('',#1245,1.);
#1245 = DIRECTION('',(0.,1.));
#1246 = ( GEOMETRIC_REPRESENTATION_CONTEXT(2) 
PARAMETRIC_REPRESENTATION_CONTEXT() REPRESENTATION_CONTEXT('2D SPACE',''
  ) );
#1247 = PCURVE('',#1248,#1253);
#1248 = CYLINDRICAL_SURFACE('',#1249,5.5);
#1249 = AXIS2_PLACEMENT_3D('',#1250,#1251,#1252);
#1250 = CARTESIAN_POINT('',(232.,68.,7.5));
#1251 = DIRECTION('',(-0.,-1.,-0.));
#1252 = DIRECTION('',(0.,0.,-1.));
#1253 = DEFINITIONAL_REPRESENTATION('',(#1254),#1258);
#1254 = LINE('',#1255,#1256);
#1255 = CARTESIAN_POINT('',(0.,0.));
#1256 = VECTOR('',#1257,1.);
#1257 = DIRECTION('',(0.,1.));
#1258 = ( GEOMETRIC_REPRESENTATION_CONTEXT(2) 
PARAMETRIC_REPRESENTATION_CONTEXT() REPRESENTATION_CONTEXT('2D SPACE',''
  ) );
#1259 = ORIENTED_EDGE('',*,*,#1260,.F.);
#1260 = EDGE_CURVE('',#1261,#1228,#1263,.T.);
#1261 = VERTEX_POINT('',#1262);
#1262 = CARTESIAN_POINT('',(232.,68.,13.));
#1263 = SURFACE_CURVE('',#1264,(#1269,#1276),.PCURVE_S1.);
#1264 = CIRCLE('',#1265,5.5);
#1265 = AXIS2_PLACEMENT_3D('',#1266,#1267,#1268);
#1266 = CARTESIAN_POINT('',(232.,68.,7.5));
#1267 = DIRECTION('',(0.,-1.,-0.));
#1268 = DIRECTION('',(0.,0.,-1.));
#1269 = PCURVE('',#1236,#1270);
#1270 = DEFINITIONAL_REPRESENTATION('',(#1271),#1275);
#1271 = LINE('',#1272,#1273);
#1272 = CARTESIAN_POINT('',(0.,0.));
#1273 = VECTOR('',#1274,1.);
#1274 = DIRECTION('',(1.,0.));
#1275 = ( GEOMETRIC_REPRESENTATION_CONTEXT(2) 
PARAMETRIC_REPRESENTATION_CONTEXT() REPRESENTATION_CONTEXT('2D SPACE',''
  ) );
#1276 = PCURVE('',#592,#1277);
#1277 = DEFINITIONAL_REPRESENTATION('',(#1278),#1286);
#1278 = ( BOUNDED_CURVE() B_SPLINE_CURVE(2,(#1279,#1280,#1281,#1282,
#1283,#1284,#1285),.UNSPECIFIED.,.T.,.F.) B_SPLINE_CURVE_WITH_KNOTS((1,2
    ,2,2,2,1),(-2.094395102393,0.,2.094395102393,4.188790204786,
6.28318530718,8.377580409573),.UNSPECIFIED.) CURVE() 
GEOMETRIC_REPRESENTATION_ITEM() RATIONAL_B_SPLINE_CURVE((1.,0.5,1.,0.5,
1.,0.5,1.)) REPRESENTATION_ITEM('') );
#1279 = CARTESIAN_POINT('',(59.,-58.));
#1280 = CARTESIAN_POINT('',(49.473720558371,-58.));
#1281 = CARTESIAN_POINT('',(54.236860279186,-49.75));
#1282 = CARTESIAN_POINT('',(59.,-41.5));
#1283 = CARTESIAN_POINT('',(63.763139720814,-49.75));
#1284 = CARTESIAN_POINT('',(68.526279441629,-58.));
#1285 = CARTESIAN_POINT('',(59.,-58.));
#1286 = ( GEOMETRIC_REPRESENTATION_CONTEXT(2) 
PARAMETRIC_REPRESENTATION_CONTEXT() REPRESENTATION_CONTEXT('2D SPACE',''
  ) );
#1287 = ORIENTED_EDGE('',*,*,#1288,.F.);
#1288 = EDGE_CURVE('',#1289,#1261,#1291,.T.);
#1289 = VERTEX_POINT('',#1290);
#1290 = CARTESIAN_POINT('',(232.,74.,13.));
#1291 = SURFACE_CURVE('',#1292,(#1296,#1303),.PCURVE_S1.);
#1292 = LINE('',#1293,#1294);
#1293 = CARTESIAN_POINT('',(232.,68.,13.));
#1294 = VECTOR('',#1295,1.);
#1295 = DIRECTION('',(-0.,-1.,-0.));
#1296 = PCURVE('',#1236,#1297);
#1297 = DEFINITIONAL_REPRESENTATION('',(#1298),#1302);
#1298 = LINE('',#1299,#1300);
#1299 = CARTESIAN_POINT('',(3.14159265359,0.));
#1300 = VECTOR('',#1301,1.);
#1301 = DIRECTION('',(0.,1.));
#1302 = ( GEOMETRIC_REPRESENTATION_CONTEXT(2) 
PARAMETRIC_REPRESENTATION_CONTEXT() REPRESENTATION_CONTEXT('2D SPACE',''
  ) );
#1303 = PCURVE('',#1248,#1304);
#1304 = DEFINITIONAL_REPRESENTATION('',(#1305),#1309);
#1305 = LINE('',#1306,#1307);
#1306 = CARTESIAN_POINT('',(3.14159265359,0.));
#1307 = VECTOR('',#1308,1.);
#1308 = DIRECTION('',(0.,1.));
#1309 = ( GEOMETRIC_REPRESENTATION_CONTEXT(2) 
PARAMETRIC_REPRESENTATION_CONTEXT() REPRESENTATION_CONTEXT('2D SPACE',''
  ) );
#1310 = ORIENTED_EDGE('',*,*,#1311,.T.);
#1311 = EDGE_CURVE('',#1289,#1226,#1312,.T.);
#1312 = SURFACE_CURVE('',#1313,(#1318,#1325),.PCURVE_S1.);
#1313 = CIRCLE('',#1314,5.5);
#1314 = AXIS2_PLACEMENT_3D('',#1315,#1316,#1317);
#1315 = CARTESIAN_POINT('',(232.,74.,7.5));
#1316 = DIRECTION('',(0.,-1.,-0.));
#1317 = DIRECTION('',(0.,0.,-1.));
#1318 = PCURVE('',#1236,#1319);
#1319 = DEFINITIONAL_REPRESENTATION('',(#1320),#1324);
#1320 = LINE('',#1321,#1322);
#1321 = CARTESIAN_POINT('',(0.,-6.));
#1322 = VECTOR('',#1323,1.);
#1323 = DIRECTION('',(1.,0.));
#1324 = ( GEOMETRIC_REPRESENTATION_CONTEXT(2) 
PARAMETRIC_REPRESENTATION_CONTEXT() REPRESENTATION_CONTEXT('2D SPACE',''
  ) );
#1325 = PCURVE('',#1326,#1331);
#1326 = PLANE('',#1327);
#1327 = AXIS2_PLACEMENT_3D('',#1328,#1329,#1330);
#1328 = CARTESIAN_POINT('',(235.25,74.,7.5));
#1329 = DIRECTION('',(0.,1.,0.));
#1330 = DIRECTION('',(0.,-0.,1.));
#1331 = DEFINITIONAL_REPRESENTATION('',(#1332),#1340);
#1332 = ( BOUNDED_CURVE() B_SPLINE_CURVE(2,(#1333,#1334,#1335,#1336,
#1337,#1338,#1339),.UNSPECIFIED.,.T.,.F.) B_SPLINE_CURVE_WITH_KNOTS((1,2
    ,2,2,2,1),(-2.094395102393,0.,2.094395102393,4.188790204786,
6.28318530718,8.377580409573),.UNSPECIFIED.) CURVE() 
GEOMETRIC_REPRESENTATION_ITEM() RATIONAL_B_SPLINE_CURVE((1.,0.5,1.,0.5,
1.,0.5,1.)) REPRESENTATION_ITEM('') );
#1333 = CARTESIAN_POINT('',(-5.5,-3.25));
#1334 = CARTESIAN_POINT('',(-5.5,6.276279441629));
#1335 = CARTESIAN_POINT('',(2.75,1.513139720814));
#1336 = CARTESIAN_POINT('',(11.,-3.25));
#1337 = CARTESIAN_POINT('',(2.75,-8.013139720814));
#1338 = CARTESIAN_POINT('',(-5.5,-12.77627944162));
#1339 = CARTESIAN_POINT('',(-5.5,-3.25));
#1340 = ( GEOMETRIC_REPRESENTATION_CONTEXT(2) 
PARAMETRIC_REPRESENTATION_CONTEXT() REPRESENTATION_CONTEXT('2D SPACE',''
  ) );
#1341 = ADVANCED_FACE('',(#1342),#1356,.F.);
#1342 = FACE_BOUND('',#1343,.F.);
#1343 = EDGE_LOOP('',(#1344,#1379,#1407,#1430));
#1344 = ORIENTED_EDGE('',*,*,#1345,.T.);
#1345 = EDGE_CURVE('',#1346,#1348,#1350,.T.);
#1346 = VERTEX_POINT('',#1347);
#1347 = CARTESIAN_POINT('',(232.,80.,4.25));
#1348 = VERTEX_POINT('',#1349);
#1349 = CARTESIAN_POINT('',(232.,74.,4.25));
#1350 = SURFACE_CURVE('',#1351,(#1355,#1367),.PCURVE_S1.);
#1351 = LINE('',#1352,#1353);
#1352 = CARTESIAN_POINT('',(232.,68.,4.25));
#1353 = VECTOR('',#1354,1.);
#1354 = DIRECTION('',(-0.,-1.,-0.));
#1355 = PCURVE('',#1356,#1361);
#1356 = CYLINDRICAL_SURFACE('',#1357,3.25);
#1357 = AXIS2_PLACEMENT_3D('',#1358,#1359,#1360);
#1358 = CARTESIAN_POINT('',(232.,68.,7.5));
#1359 = DIRECTION('',(-0.,-1.,-0.));
#1360 = DIRECTION('',(0.,0.,-1.));
#1361 = DEFINITIONAL_REPRESENTATION('',(#1362),#1366);
#1362 = LINE('',#1363,#1364);
#1363 = CARTESIAN_POINT('',(6.28318530718,0.));
#1364 = VECTOR('',#1365,1.);
#1365 = DIRECTION('',(0.,1.));
#1366 = ( GEOMETRIC_REPRESENTATION_CONTEXT(2) 
PARAMETRIC_REPRESENTATION_CONTEXT() REPRESENTATION_CONTEXT('2D SPACE',''
  ) );
#1367 = PCURVE('',#1368,#1373);
#1368 = CYLINDRICAL_SURFACE('',#1369,3.25);
#1369 = AXIS2_PLACEMENT_3D('',#1370,#1371,#1372);
#1370 = CARTESIAN_POINT('',(232.,68.,7.5));
#1371 = DIRECTION('',(-0.,-1.,-0.));
#1372 = DIRECTION('',(0.,0.,-1.));
#1373 = DEFINITIONAL_REPRESENTATION('',(#1374),#1378);
#1374 = LINE('',#1375,#1376);
#1375 = CARTESIAN_POINT('',(0.,0.));
#1376 = VECTOR('',#1377,1.);
#1377 = DIRECTION('',(0.,1.));
#1378 = ( GEOMETRIC_REPRESENTATION_CONTEXT(2) 
PARAMETRIC_REPRESENTATION_CONTEXT() REPRESENTATION_CONTEXT('2D SPACE',''
  ) );
#1379 = ORIENTED_EDGE('',*,*,#1380,.F.);
#1380 = EDGE_CURVE('',#1381,#1348,#1383,.T.);
#1381 = VERTEX_POINT('',#1382);
#1382 = CARTESIAN_POINT('',(232.,74.,10.75));
#1383 = SURFACE_CURVE('',#1384,(#1389,#1396),.PCURVE_S1.);
#1384 = CIRCLE('',#1385,3.25);
#1385 = AXIS2_PLACEMENT_3D('',#1386,#1387,#1388);
#1386 = CARTESIAN_POINT('',(232.,74.,7.5));
#1387 = DIRECTION('',(0.,-1.,-0.));
#1388 = DIRECTION('',(0.,0.,-1.));
#1389 = PCURVE('',#1356,#1390);
#1390 = DEFINITIONAL_REPRESENTATION('',(#1391),#1395);
#1391 = LINE('',#1392,#1393);
#1392 = CARTESIAN_POINT('',(0.,-6.));
#1393 = VECTOR('',#1394,1.);
#1394 = DIRECTION('',(1.,0.));
#1395 = ( GEOMETRIC_REPRESENTATION_CONTEXT(2) 
PARAMETRIC_REPRESENTATION_CONTEXT() REPRESENTATION_CONTEXT('2D SPACE',''
  ) );
#1396 = PCURVE('',#1326,#1397);
#1397 = DEFINITIONAL_REPRESENTATION('',(#1398),#1406);
#1398 = ( BOUNDED_CURVE() B_SPLINE_CURVE(2,(#1399,#1400,#1401,#1402,
#1403,#1404,#1405),.UNSPECIFIED.,.T.,.F.) B_SPLINE_CURVE_WITH_KNOTS((1,2
    ,2,2,2,1),(-2.094395102393,0.,2.094395102393,4.188790204786,
6.28318530718,8.377580409573),.UNSPECIFIED.) CURVE() 
GEOMETRIC_REPRESENTATION_ITEM() RATIONAL_B_SPLINE_CURVE((1.,0.5,1.,0.5,
1.,0.5,1.)) REPRESENTATION_ITEM('') );
#1399 = CARTESIAN_POINT('',(-3.25,-3.25));
#1400 = CARTESIAN_POINT('',(-3.25,2.379165124599));
#1401 = CARTESIAN_POINT('',(1.625,-0.435417437701));
#1402 = CARTESIAN_POINT('',(6.5,-3.25));
#1403 = CARTESIAN_POINT('',(1.625,-6.064582562299));
#1404 = CARTESIAN_POINT('',(-3.25,-8.879165124599));
#1405 = CARTESIAN_POINT('',(-3.25,-3.25));
#1406 = ( GEOMETRIC_REPRESENTATION_CONTEXT(2) 
PARAMETRIC_REPRESENTATION_CONTEXT() REPRESENTATION_CONTEXT('2D SPACE',''
  ) );
#1407 = ORIENTED_EDGE('',*,*,#1408,.F.);
#1408 = EDGE_CURVE('',#1409,#1381,#1411,.T.);
#1409 = VERTEX_POINT('',#1410);
#1410 = CARTESIAN_POINT('',(232.,80.,10.75));
#1411 = SURFACE_CURVE('',#1412,(#1416,#1423),.PCURVE_S1.);
#1412 = LINE('',#1413,#1414);
#1413 = CARTESIAN_POINT('',(232.,68.,10.75));
#1414 = VECTOR('',#1415,1.);
#1415 = DIRECTION('',(-0.,-1.,-0.));
#1416 = PCURVE('',#1356,#1417);
#1417 = DEFINITIONAL_REPRESENTATION('',(#1418),#1422);
#1418 = LINE('',#1419,#1420);
#1419 = CARTESIAN_POINT('',(3.14159265359,0.));
#1420 = VECTOR('',#1421,1.);
#1421 = DIRECTION('',(0.,1.));
#1422 = ( GEOMETRIC_REPRESENTATION_CONTEXT(2) 
PARAMETRIC_REPRESENTATION_CONTEXT() REPRESENTATION_CONTEXT('2D SPACE',''
  ) );
#1423 = PCURVE('',#1368,#1424);
#1424 = DEFINITIONAL_REPRESENTATION('',(#1425),#1429);
#1425 = LINE('',#1426,#1427);
#1426 = CARTESIAN_POINT('',(3.14159265359,0.));
#1427 = VECTOR('',#1428,1.);
#1428 = DIRECTION('',(0.,1.));
#1429 = ( GEOMETRIC_REPRESENTATION_CONTEXT(2) 
PARAMETRIC_REPRESENTATION_CONTEXT() REPRESENTATION_CONTEXT('2D SPACE',''
  ) );
#1430 = ORIENTED_EDGE('',*,*,#1431,.T.);
#1431 = EDGE_CURVE('',#1409,#1346,#1432,.T.);
#1432 = SURFACE_CURVE('',#1433,(#1438,#1445),.PCURVE_S1.);
#1433 = CIRCLE('',#1434,3.25);
#1434 = AXIS2_PLACEMENT_3D('',#1435,#1436,#1437);
#1435 = CARTESIAN_POINT('',(232.,80.,7.5));
#1436 = DIRECTION('',(0.,-1.,-0.));
#1437 = DIRECTION('',(0.,0.,-1.));
#1438 = PCURVE('',#1356,#1439);
#1439 = DEFINITIONAL_REPRESENTATION('',(#1440),#1444);
#1440 = LINE('',#1441,#1442);
#1441 = CARTESIAN_POINT('',(0.,-12.));
#1442 = VECTOR('',#1443,1.);
#1443 = DIRECTION('',(1.,0.));
#1444 = ( GEOMETRIC_REPRESENTATION_CONTEXT(2) 
PARAMETRIC_REPRESENTATION_CONTEXT() REPRESENTATION_CONTEXT('2D SPACE',''
  ) );
#1445 = PCURVE('',#646,#1446);
#1446 = DEFINITIONAL_REPRESENTATION('',(#1447),#1451);
#1447 = CIRCLE('',#1448,3.25);
#1448 = AXIS2_PLACEMENT_2D('',#1449,#1450);
#1449 = CARTESIAN_POINT('',(52.5,232.));
#1450 = DIRECTION('',(1.,0.));
#1451 = ( GEOMETRIC_REPRESENTATION_CONTEXT(2) 
PARAMETRIC_REPRESENTATION_CONTEXT() REPRESENTATION_CONTEXT('2D SPACE',''
  ) );
#1452 = ADVANCED_FACE('',(#1453),#1467,.F.);
#1453 = FACE_BOUND('',#1454,.F.);
#1454 = EDGE_LOOP('',(#1455,#1490,#1518,#1541));
#1455 = ORIENTED_EDGE('',*,*,#1456,.T.);
#1456 = EDGE_CURVE('',#1457,#1459,#1461,.T.);
#1457 = VERTEX_POINT('',#1458);
#1458 = CARTESIAN_POINT('',(159.,74.,2.));
#1459 = VERTEX_POINT('',#1460);
#1460 = CARTESIAN_POINT('',(159.,68.,2.));
#1461 = SURFACE_CURVE('',#1462,(#1466,#1478),.PCURVE_S1.);
#1462 = LINE('',#1463,#1464);
#1463 = CARTESIAN_POINT('',(159.,68.,2.));
#1464 = VECTOR('',#1465,1.);
#1465 = DIRECTION('',(-0.,-1.,-0.));
#1466 = PCURVE('',#1467,#1472);
#1467 = CYLINDRICAL_SURFACE('',#1468,5.5);
#1468 = AXIS2_PLACEMENT_3D('',#1469,#1470,#1471);
#1469 = CARTESIAN_POINT('',(159.,68.,7.5));
#1470 = DIRECTION('',(-0.,-1.,-0.));
#1471 = DIRECTION('',(0.,0.,-1.));
#1472 = DEFINITIONAL_REPRESENTATION('',(#1473),#1477);
#1473 = LINE('',#1474,#1475);
#1474 = CARTESIAN_POINT('',(6.28318530718,0.));
#1475 = VECTOR('',#1476,1.);
#1476 = DIRECTION('',(0.,1.));
#1477 = ( GEOMETRIC_REPRESENTATION_CONTEXT(2) 
PARAMETRIC_REPRESENTATION_CONTEXT() REPRESENTATION_CONTEXT('2D SPACE',''
  ) );
#1478 = PCURVE('',#1479,#1484);
#1479 = CYLINDRICAL_SURFACE('',#1480,5.5);
#1480 = AXIS2_PLACEMENT_3D('',#1481,#1482,#1483);
#1481 = CARTESIAN_POINT('',(159.,68.,7.5));
#1482 = DIRECTION('',(-0.,-1.,-0.));
#1483 = DIRECTION('',(0.,0.,-1.));
#1484 = DEFINITIONAL_REPRESENTATION('',(#1485),#1489);
#1485 = LINE('',#1486,#1487);
#1486 = CARTESIAN_POINT('',(0.,0.));
#1487 = VECTOR('',#1488,1.);
#1488 = DIRECTION('',(0.,1.));
#1489 = ( GEOMETRIC_REPRESENTATION_CONTEXT(2) 
PARAMETRIC_REPRESENTATION_CONTEXT() REPRESENTATION_CONTEXT('2D SPACE',''
  ) );
#1490 = ORIENTED_EDGE('',*,*,#1491,.F.);
#1491 = EDGE_CURVE('',#1492,#1459,#1494,.T.);
#1492 = VERTEX_POINT('',#1493);
#1493 = CARTESIAN_POINT('',(159.,68.,13.));
#1494 = SURFACE_CURVE('',#1495,(#1500,#1507),.PCURVE_S1.);
#1495 = CIRCLE('',#1496,5.5);
#1496 = AXIS2_PLACEMENT_3D('',#1497,#1498,#1499);
#1497 = CARTESIAN_POINT('',(159.,68.,7.5));
#1498 = DIRECTION('',(0.,-1.,-0.));
#1499 = DIRECTION('',(0.,0.,-1.));
#1500 = PCURVE('',#1467,#1501);
#1501 = DEFINITIONAL_REPRESENTATION('',(#1502),#1506);
#1502 = LINE('',#1503,#1504);
#1503 = CARTESIAN_POINT('',(0.,0.));
#1504 = VECTOR('',#1505,1.);
#1505 = DIRECTION('',(1.,0.));
#1506 = ( GEOMETRIC_REPRESENTATION_CONTEXT(2) 
PARAMETRIC_REPRESENTATION_CONTEXT() REPRESENTATION_CONTEXT('2D SPACE',''
  ) );
#1507 = PCURVE('',#592,#1508);
#1508 = DEFINITIONAL_REPRESENTATION('',(#1509),#1517);
#1509 = ( BOUNDED_CURVE() B_SPLINE_CURVE(2,(#1510,#1511,#1512,#1513,
#1514,#1515,#1516),.UNSPECIFIED.,.T.,.F.) B_SPLINE_CURVE_WITH_KNOTS((1,2
    ,2,2,2,1),(-2.094395102393,0.,2.094395102393,4.188790204786,
6.28318530718,8.377580409573),.UNSPECIFIED.) CURVE() 
GEOMETRIC_REPRESENTATION_ITEM() RATIONAL_B_SPLINE_CURVE((1.,0.5,1.,0.5,
1.,0.5,1.)) REPRESENTATION_ITEM('') );
#1510 = CARTESIAN_POINT('',(132.,-58.));
#1511 = CARTESIAN_POINT('',(122.47372055837,-58.));
#1512 = CARTESIAN_POINT('',(127.23686027918,-49.75));
#1513 = CARTESIAN_POINT('',(132.,-41.5));
#1514 = CARTESIAN_POINT('',(136.76313972081,-49.75));
#1515 = CARTESIAN_POINT('',(141.52627944162,-58.));
#1516 = CARTESIAN_POINT('',(132.,-58.));
#1517 = ( GEOMETRIC_REPRESENTATION_CONTEXT(2) 
PARAMETRIC_REPRESENTATION_CONTEXT() REPRESENTATION_CONTEXT('2D SPACE',''
  ) );
#1518 = ORIENTED_EDGE('',*,*,#1519,.F.);
#1519 = EDGE_CURVE('',#1520,#1492,#1522,.T.);
#1520 = VERTEX_POINT('',#1521);
#1521 = CARTESIAN_POINT('',(159.,74.,13.));
#1522 = SURFACE_CURVE('',#1523,(#1527,#1534),.PCURVE_S1.);
#1523 = LINE('',#1524,#1525);
#1524 = CARTESIAN_POINT('',(159.,68.,13.));
#1525 = VECTOR('',#1526,1.);
#1526 = DIRECTION('',(-0.,-1.,-0.));
#1527 = PCURVE('',#1467,#1528);
#1528 = DEFINITIONAL_REPRESENTATION('',(#1529),#1533);
#1529 = LINE('',#1530,#1531);
#1530 = CARTESIAN_POINT('',(3.14159265359,0.));
#1531 = VECTOR('',#1532,1.);
#1532 = DIRECTION('',(0.,1.));
#1533 = ( GEOMETRIC_REPRESENTATION_CONTEXT(2) 
PARAMETRIC_REPRESENTATION_CONTEXT() REPRESENTATION_CONTEXT('2D SPACE',''
  ) );
#1534 = PCURVE('',#1479,#1535);
#1535 = DEFINITIONAL_REPRESENTATION('',(#1536),#1540);
#1536 = LINE('',#1537,#1538);
#1537 = CARTESIAN_POINT('',(3.14159265359,0.));
#1538 = VECTOR('',#1539,1.);
#1539 = DIRECTION('',(0.,1.));
#1540 = ( GEOMETRIC_REPRESENTATION_CONTEXT(2) 
PARAMETRIC_REPRESENTATION_CONTEXT() REPRESENTATION_CONTEXT('2D SPACE',''
  ) );
#1541 = ORIENTED_EDGE('',*,*,#1542,.T.);
#1542 = EDGE_CURVE('',#1520,#1457,#1543,.T.);
#1543 = SURFACE_CURVE('',#1544,(#1549,#1556),.PCURVE_S1.);
#1544 = CIRCLE('',#1545,5.5);
#1545 = AXIS2_PLACEMENT_3D('',#1546,#1547,#1548);
#1546 = CARTESIAN_POINT('',(159.,74.,7.5));
#1547 = DIRECTION('',(0.,-1.,-0.));
#1548 = DIRECTION('',(0.,0.,-1.));
#1549 = PCURVE('',#1467,#1550);
#1550 = DEFINITIONAL_REPRESENTATION('',(#1551),#1555);
#1551 = LINE('',#1552,#1553);
#1552 = CARTESIAN_POINT('',(0.,-6.));
#1553 = VECTOR('',#1554,1.);
#1554 = DIRECTION('',(1.,0.));
#1555 = ( GEOMETRIC_REPRESENTATION_CONTEXT(2) 
PARAMETRIC_REPRESENTATION_CONTEXT() REPRESENTATION_CONTEXT('2D SPACE',''
  ) );
#1556 = PCURVE('',#1557,#1562);
#1557 = PLANE('',#1558);
#1558 = AXIS2_PLACEMENT_3D('',#1559,#1560,#1561);
#1559 = CARTESIAN_POINT('',(162.25,74.,7.5));
#1560 = DIRECTION('',(0.,1.,0.));
#1561 = DIRECTION('',(0.,-0.,1.));
#1562 = DEFINITIONAL_REPRESENTATION('',(#1563),#1571);
#1563 = ( BOUNDED_CURVE() B_SPLINE_CURVE(2,(#1564,#1565,#1566,#1567,
#1568,#1569,#1570),.UNSPECIFIED.,.T.,.F.) B_SPLINE_CURVE_WITH_KNOTS((1,2
    ,2,2,2,1),(-2.094395102393,0.,2.094395102393,4.188790204786,
6.28318530718,8.377580409573),.UNSPECIFIED.) CURVE() 
GEOMETRIC_REPRESENTATION_ITEM() RATIONAL_B_SPLINE_CURVE((1.,0.5,1.,0.5,
1.,0.5,1.)) REPRESENTATION_ITEM('') );
#1564 = CARTESIAN_POINT('',(-5.5,-3.25));
#1565 = CARTESIAN_POINT('',(-5.5,6.276279441629));
#1566 = CARTESIAN_POINT('',(2.75,1.513139720814));
#1567 = CARTESIAN_POINT('',(11.,-3.25));
#1568 = CARTESIAN_POINT('',(2.75,-8.013139720814));
#1569 = CARTESIAN_POINT('',(-5.5,-12.77627944162));
#1570 = CARTESIAN_POINT('',(-5.5,-3.25));
#1571 = ( GEOMETRIC_REPRESENTATION_CONTEXT(2) 
PARAMETRIC_REPRESENTATION_CONTEXT() REPRESENTATION_CONTEXT('2D SPACE',''
  ) );
#1572 = ADVANCED_FACE('',(#1573),#1587,.F.);
#1573 = FACE_BOUND('',#1574,.F.);
#1574 = EDGE_LOOP('',(#1575,#1610,#1638,#1661));
#1575 = ORIENTED_EDGE('',*,*,#1576,.T.);
#1576 = EDGE_CURVE('',#1577,#1579,#1581,.T.);
#1577 = VERTEX_POINT('',#1578);
#1578 = CARTESIAN_POINT('',(159.,80.,4.25));
#1579 = VERTEX_POINT('',#1580);
#1580 = CARTESIAN_POINT('',(159.,74.,4.25));
#1581 = SURFACE_CURVE('',#1582,(#1586,#1598),.PCURVE_S1.);
#1582 = LINE('',#1583,#1584);
#1583 = CARTESIAN_POINT('',(159.,68.,4.25));
#1584 = VECTOR('',#1585,1.);
#1585 = DIRECTION('',(-0.,-1.,-0.));
#1586 = PCURVE('',#1587,#1592);
#1587 = CYLINDRICAL_SURFACE('',#1588,3.25);
#1588 = AXIS2_PLACEMENT_3D('',#1589,#1590,#1591);
#1589 = CARTESIAN_POINT('',(159.,68.,7.5));
#1590 = DIRECTION('',(-0.,-1.,-0.));
#1591 = DIRECTION('',(0.,0.,-1.));
#1592 = DEFINITIONAL_REPRESENTATION('',(#1593),#1597);
#1593 = LINE('',#1594,#1595);
#1594 = CARTESIAN_POINT('',(6.28318530718,0.));
#1595 = VECTOR('',#1596,1.);
#1596 = DIRECTION('',(0.,1.));
#1597 = ( GEOMETRIC_REPRESENTATION_CONTEXT(2) 
PARAMETRIC_REPRESENTATION_CONTEXT() REPRESENTATION_CONTEXT('2D SPACE',''
  ) );
#1598 = PCURVE('',#1599,#1604);
#1599 = CYLINDRICAL_SURFACE('',#1600,3.25);
#1600 = AXIS2_PLACEMENT_3D('',#1601,#1602,#1603);
#1601 = CARTESIAN_POINT('',(159.,68.,7.5));
#1602 = DIRECTION('',(-0.,-1.,-0.));
#1603 = DIRECTION('',(0.,0.,-1.));
#1604 = DEFINITIONAL_REPRESENTATION('',(#1605),#1609);
#1605 = LINE('',#1606,#1607);
#1606 = CARTESIAN_POINT('',(0.,0.));
#1607 = VECTOR('',#1608,1.);
#1608 = DIRECTION('',(0.,1.));
#1609 = ( GEOMETRIC_REPRESENTATION_CONTEXT(2) 
PARAMETRIC_REPRESENTATION_CONTEXT() REPRESENTATION_CONTEXT('2D SPACE',''
  ) );
#1610 = ORIENTED_EDGE('',*,*,#1611,.F.);
#1611 = EDGE_CURVE('',#1612,#1579,#1614,.T.);
#1612 = VERTEX_POINT('',#1613);
#1613 = CARTESIAN_POINT('',(159.,74.,10.75));
#1614 = SURFACE_CURVE('',#1615,(#1620,#1627),.PCURVE_S1.);
#1615 = CIRCLE('',#1616,3.25);
#1616 = AXIS2_PLACEMENT_3D('',#1617,#1618,#1619);
#1617 = CARTESIAN_POINT('',(159.,74.,7.5));
#1618 = DIRECTION('',(0.,-1.,-0.));
#1619 = DIRECTION('',(0.,0.,-1.));
#1620 = PCURVE('',#1587,#1621);
#1621 = DEFINITIONAL_REPRESENTATION('',(#1622),#1626);
#1622 = LINE('',#1623,#1624);
#1623 = CARTESIAN_POINT('',(0.,-6.));
#1624 = VECTOR('',#1625,1.);
#1625 = DIRECTION('',(1.,0.));
#1626 = ( GEOMETRIC_REPRESENTATION_CONTEXT(2) 
PARAMETRIC_REPRESENTATION_CONTEXT() REPRESENTATION_CONTEXT('2D SPACE',''
  ) );
#1627 = PCURVE('',#1557,#1628);
#1628 = DEFINITIONAL_REPRESENTATION('',(#1629),#1637);
#1629 = ( BOUNDED_CURVE() B_SPLINE_CURVE(2,(#1630,#1631,#1632,#1633,
#1634,#1635,#1636),.UNSPECIFIED.,.T.,.F.) B_SPLINE_CURVE_WITH_KNOTS((1,2
    ,2,2,2,1),(-2.094395102393,0.,2.094395102393,4.188790204786,
6.28318530718,8.377580409573),.UNSPECIFIED.) CURVE() 
GEOMETRIC_REPRESENTATION_ITEM() RATIONAL_B_SPLINE_CURVE((1.,0.5,1.,0.5,
1.,0.5,1.)) REPRESENTATION_ITEM('') );
#1630 = CARTESIAN_POINT('',(-3.25,-3.25));
#1631 = CARTESIAN_POINT('',(-3.25,2.379165124599));
#1632 = CARTESIAN_POINT('',(1.625,-0.435417437701));
#1633 = CARTESIAN_POINT('',(6.5,-3.25));
#1634 = CARTESIAN_POINT('',(1.625,-6.064582562299));
#1635 = CARTESIAN_POINT('',(-3.25,-8.879165124599));
#1636 = CARTESIAN_POINT('',(-3.25,-3.25));
#1637 = ( GEOMETRIC_REPRESENTATION_CONTEXT(2) 
PARAMETRIC_REPRESENTATION_CONTEXT() REPRESENTATION_CONTEXT('2D SPACE',''
  ) );
#1638 = ORIENTED_EDGE('',*,*,#1639,.F.);
#1639 = EDGE_CURVE('',#1640,#1612,#1642,.T.);
#1640 = VERTEX_POINT('',#1641);
#1641 = CARTESIAN_POINT('',(159.,80.,10.75));
#1642 = SURFACE_CURVE('',#1643,(#1647,#1654),.PCURVE_S1.);
#1643 = LINE('',#1644,#1645);
#1644 = CARTESIAN_POINT('',(159.,68.,10.75));
#1645 = VECTOR('',#1646,1.);
#1646 = DIRECTION('',(-0.,-1.,-0.));
#1647 = PCURVE('',#1587,#1648);
#1648 = DEFINITIONAL_REPRESENTATION('',(#1649),#1653);
#1649 = LINE('',#1650,#1651);
#1650 = CARTESIAN_POINT('',(3.14159265359,0.));
#1651 = VECTOR('',#1652,1.);
#1652 = DIRECTION('',(0.,1.));
#1653 = ( GEOMETRIC_REPRESENTATION_CONTEXT(2) 
PARAMETRIC_REPRESENTATION_CONTEXT() REPRESENTATION_CONTEXT('2D SPACE',''
  ) );
#1654 = PCURVE('',#1599,#1655);
#1655 = DEFINITIONAL_REPRESENTATION('',(#1656),#1660);
#1656 = LINE('',#1657,#1658);
#1657 = CARTESIAN_POINT('',(3.14159265359,0.));
#1658 = VECTOR('',#1659,1.);
#1659 = DIRECTION('',(0.,1.));
#1660 = ( GEOMETRIC_REPRESENTATION_CONTEXT(2) 
PARAMETRIC_REPRESENTATION_CONTEXT() REPRESENTATION_CONTEXT('2D SPACE',''
  ) );
#1661 = ORIENTED_EDGE('',*,*,#1662,.T.);
#1662 = EDGE_CURVE('',#1640,#1577,#1663,.T.);
#1663 = SURFACE_CURVE('',#1664,(#1669,#1676),.PCURVE_S1.);
#1664 = CIRCLE('',#1665,3.25);
#1665 = AXIS2_PLACEMENT_3D('',#1666,#1667,#1668);
#1666 = CARTESIAN_POINT('',(159.,80.,7.5));
#1667 = DIRECTION('',(0.,-1.,-0.));
#1668 = DIRECTION('',(0.,0.,-1.));
#1669 = PCURVE('',#1587,#1670);
#1670 = DEFINITIONAL_REPRESENTATION('',(#1671),#1675);
#1671 = LINE('',#1672,#1673);
#1672 = CARTESIAN_POINT('',(0.,-12.));
#1673 = VECTOR('',#1674,1.);
#1674 = DIRECTION('',(1.,0.));
#1675 = ( GEOMETRIC_REPRESENTATION_CONTEXT(2) 
PARAMETRIC_REPRESENTATION_CONTEXT() REPRESENTATION_CONTEXT('2D SPACE',''
  ) );
#1676 = PCURVE('',#646,#1677);
#1677 = DEFINITIONAL_REPRESENTATION('',(#1678),#1682);
#1678 = CIRCLE('',#1679,3.25);
#1679 = AXIS2_PLACEMENT_2D('',#1680,#1681);
#1680 = CARTESIAN_POINT('',(52.5,159.));
#1681 = DIRECTION('',(1.,0.));
#1682 = ( GEOMETRIC_REPRESENTATION_CONTEXT(2) 
PARAMETRIC_REPRESENTATION_CONTEXT() REPRESENTATION_CONTEXT('2D SPACE',''
  ) );
#1683 = ADVANCED_FACE('',(#1684),#1698,.F.);
#1684 = FACE_BOUND('',#1685,.F.);
#1685 = EDGE_LOOP('',(#1686,#1721,#1749,#1772));
#1686 = ORIENTED_EDGE('',*,*,#1687,.T.);
#1687 = EDGE_CURVE('',#1688,#1690,#1692,.T.);
#1688 = VERTEX_POINT('',#1689);
#1689 = CARTESIAN_POINT('',(145.,74.,2.));
#1690 = VERTEX_POINT('',#1691);
#1691 = CARTESIAN_POINT('',(145.,68.,2.));
#1692 = SURFACE_CURVE('',#1693,(#1697,#1709),.PCURVE_S1.);
#1693 = LINE('',#1694,#1695);
#1694 = CARTESIAN_POINT('',(145.,68.,2.));
#1695 = VECTOR('',#1696,1.);
#1696 = DIRECTION('',(-0.,-1.,-0.));
#1697 = PCURVE('',#1698,#1703);
#1698 = CYLINDRICAL_SURFACE('',#1699,5.5);
#1699 = AXIS2_PLACEMENT_3D('',#1700,#1701,#1702);
#1700 = CARTESIAN_POINT('',(145.,68.,7.5));
#1701 = DIRECTION('',(-0.,-1.,-0.));
#1702 = DIRECTION('',(0.,0.,-1.));
#1703 = DEFINITIONAL_REPRESENTATION('',(#1704),#1708);
#1704 = LINE('',#1705,#1706);
#1705 = CARTESIAN_POINT('',(6.28318530718,0.));
#1706 = VECTOR('',#1707,1.);
#1707 = DIRECTION('',(0.,1.));
#1708 = ( GEOMETRIC_REPRESENTATION_CONTEXT(2) 
PARAMETRIC_REPRESENTATION_CONTEXT() REPRESENTATION_CONTEXT('2D SPACE',''
  ) );
#1709 = PCURVE('',#1710,#1715);
#1710 = CYLINDRICAL_SURFACE('',#1711,5.5);
#1711 = AXIS2_PLACEMENT_3D('',#1712,#1713,#1714);
#1712 = CARTESIAN_POINT('',(145.,68.,7.5));
#1713 = DIRECTION('',(-0.,-1.,-0.));
#1714 = DIRECTION('',(0.,0.,-1.));
#1715 = DEFINITIONAL_REPRESENTATION('',(#1716),#1720);
#1716 = LINE('',#1717,#1718);
#1717 = CARTESIAN_POINT('',(0.,0.));
#1718 = VECTOR('',#1719,1.);
#1719 = DIRECTION('',(0.,1.));
#1720 = ( GEOMETRIC_REPRESENTATION_CONTEXT(2) 
PARAMETRIC_REPRESENTATION_CONTEXT() REPRESENTATION_CONTEXT('2D SPACE',''
  ) );
#1721 = ORIENTED_EDGE('',*,*,#1722,.F.);
#1722 = EDGE_CURVE('',#1723,#1690,#1725,.T.);
#1723 = VERTEX_POINT('',#1724);
#1724 = CARTESIAN_POINT('',(145.,68.,13.));
#1725 = SURFACE_CURVE('',#1726,(#1731,#1738),.PCURVE_S1.);
#1726 = CIRCLE('',#1727,5.5);
#1727 = AXIS2_PLACEMENT_3D('',#1728,#1729,#1730);
#1728 = CARTESIAN_POINT('',(145.,68.,7.5));
#1729 = DIRECTION('',(0.,-1.,-0.));
#1730 = DIRECTION('',(0.,0.,-1.));
#1731 = PCURVE('',#1698,#1732);
#1732 = DEFINITIONAL_REPRESENTATION('',(#1733),#1737);
#1733 = LINE('',#1734,#1735);
#1734 = CARTESIAN_POINT('',(0.,0.));
#1735 = VECTOR('',#1736,1.);
#1736 = DIRECTION('',(1.,0.));
#1737 = ( GEOMETRIC_REPRESENTATION_CONTEXT(2) 
PARAMETRIC_REPRESENTATION_CONTEXT() REPRESENTATION_CONTEXT('2D SPACE',''
  ) );
#1738 = PCURVE('',#592,#1739);
#1739 = DEFINITIONAL_REPRESENTATION('',(#1740),#1748);
#1740 = ( BOUNDED_CURVE() B_SPLINE_CURVE(2,(#1741,#1742,#1743,#1744,
#1745,#1746,#1747),.UNSPECIFIED.,.T.,.F.) B_SPLINE_CURVE_WITH_KNOTS((1,2
    ,2,2,2,1),(-2.094395102393,0.,2.094395102393,4.188790204786,
6.28318530718,8.377580409573),.UNSPECIFIED.) CURVE() 
GEOMETRIC_REPRESENTATION_ITEM() RATIONAL_B_SPLINE_CURVE((1.,0.5,1.,0.5,
1.,0.5,1.)) REPRESENTATION_ITEM('') );
#1741 = CARTESIAN_POINT('',(146.,-58.));
#1742 = CARTESIAN_POINT('',(136.47372055837,-58.));
#1743 = CARTESIAN_POINT('',(141.23686027918,-49.75));
#1744 = CARTESIAN_POINT('',(146.,-41.5));
#1745 = CARTESIAN_POINT('',(150.76313972081,-49.75));
#1746 = CARTESIAN_POINT('',(155.52627944162,-58.));
#1747 = CARTESIAN_POINT('',(146.,-58.));
#1748 = ( GEOMETRIC_REPRESENTATION_CONTEXT(2) 
PARAMETRIC_REPRESENTATION_CONTEXT() REPRESENTATION_CONTEXT('2D SPACE',''
  ) );
#1749 = ORIENTED_EDGE('',*,*,#1750,.F.);
#1750 = EDGE_CURVE('',#1751,#1723,#1753,.T.);
#1751 = VERTEX_POINT('',#1752);
#1752 = CARTESIAN_POINT('',(145.,74.,13.));
#1753 = SURFACE_CURVE('',#1754,(#1758,#1765),.PCURVE_S1.);
#1754 = LINE('',#1755,#1756);
#1755 = CARTESIAN_POINT('',(145.,68.,13.));
#1756 = VECTOR('',#1757,1.);
#1757 = DIRECTION('',(-0.,-1.,-0.));
#1758 = PCURVE('',#1698,#1759);
#1759 = DEFINITIONAL_REPRESENTATION('',(#1760),#1764);
#1760 = LINE('',#1761,#1762);
#1761 = CARTESIAN_POINT('',(3.14159265359,0.));
#1762 = VECTOR('',#1763,1.);
#1763 = DIRECTION('',(0.,1.));
#1764 = ( GEOMETRIC_REPRESENTATION_CONTEXT(2) 
PARAMETRIC_REPRESENTATION_CONTEXT() REPRESENTATION_CONTEXT('2D SPACE',''
  ) );
#1765 = PCURVE('',#1710,#1766);
#1766 = DEFINITIONAL_REPRESENTATION('',(#1767),#1771);
#1767 = LINE('',#1768,#1769);
#1768 = CARTESIAN_POINT('',(3.14159265359,0.));
#1769 = VECTOR('',#1770,1.);
#1770 = DIRECTION('',(0.,1.));
#1771 = ( GEOMETRIC_REPRESENTATION_CONTEXT(2) 
PARAMETRIC_REPRESENTATION_CONTEXT() REPRESENTATION_CONTEXT('2D SPACE',''
  ) );
#1772 = ORIENTED_EDGE('',*,*,#1773,.T.);
#1773 = EDGE_CURVE('',#1751,#1688,#1774,.T.);
#1774 = SURFACE_CURVE('',#1775,(#1780,#1787),.PCURVE_S1.);
#1775 = CIRCLE('',#1776,5.5);
#1776 = AXIS2_PLACEMENT_3D('',#1777,#1778,#1779);
#1777 = CARTESIAN_POINT('',(145.,74.,7.5));
#1778 = DIRECTION('',(0.,-1.,-0.));
#1779 = DIRECTION('',(0.,0.,-1.));
#1780 = PCURVE('',#1698,#1781);
#1781 = DEFINITIONAL_REPRESENTATION('',(#1782),#1786);
#1782 = LINE('',#1783,#1784);
#1783 = CARTESIAN_POINT('',(0.,-6.));
#1784 = VECTOR('',#1785,1.);
#1785 = DIRECTION('',(1.,0.));
#1786 = ( GEOMETRIC_REPRESENTATION_CONTEXT(2) 
PARAMETRIC_REPRESENTATION_CONTEXT() REPRESENTATION_CONTEXT('2D SPACE',''
  ) );
#1787 = PCURVE('',#1788,#1793);
#1788 = PLANE('',#1789);
#1789 = AXIS2_PLACEMENT_3D('',#1790,#1791,#1792);
#1790 = CARTESIAN_POINT('',(148.25,74.,7.5));
#1791 = DIRECTION('',(0.,1.,0.));
#1792 = DIRECTION('',(0.,-0.,1.));
#1793 = DEFINITIONAL_REPRESENTATION('',(#1794),#1802);
#1794 = ( BOUNDED_CURVE() B_SPLINE_CURVE(2,(#1795,#1796,#1797,#1798,
#1799,#1800,#1801),.UNSPECIFIED.,.T.,.F.) B_SPLINE_CURVE_WITH_KNOTS((1,2
    ,2,2,2,1),(-2.094395102393,0.,2.094395102393,4.188790204786,
6.28318530718,8.377580409573),.UNSPECIFIED.) CURVE() 
GEOMETRIC_REPRESENTATION_ITEM() RATIONAL_B_SPLINE_CURVE((1.,0.5,1.,0.5,
1.,0.5,1.)) REPRESENTATION_ITEM('') );
#1795 = CARTESIAN_POINT('',(-5.5,-3.25));
#1796 = CARTESIAN_POINT('',(-5.5,6.276279441629));
#1797 = CARTESIAN_POINT('',(2.75,1.513139720814));
#1798 = CARTESIAN_POINT('',(11.,-3.25));
#1799 = CARTESIAN_POINT('',(2.75,-8.013139720814));
#1800 = CARTESIAN_POINT('',(-5.5,-12.77627944162));
#1801 = CARTESIAN_POINT('',(-5.5,-3.25));
#1802 = ( GEOMETRIC_REPRESENTATION_CONTEXT(2) 
PARAMETRIC_REPRESENTATION_CONTEXT() REPRESENTATION_CONTEXT('2D SPACE',''
  ) );
#1803 = ADVANCED_FACE('',(#1804),#1818,.F.);
#1804 = FACE_BOUND('',#1805,.F.);
#1805 = EDGE_LOOP('',(#1806,#1841,#1869,#1892));
#1806 = ORIENTED_EDGE('',*,*,#1807,.T.);
#1807 = EDGE_CURVE('',#1808,#1810,#1812,.T.);
#1808 = VERTEX_POINT('',#1809);
#1809 = CARTESIAN_POINT('',(145.,80.,4.25));
#1810 = VERTEX_POINT('',#1811);
#1811 = CARTESIAN_POINT('',(145.,74.,4.25));
#1812 = SURFACE_CURVE('',#1813,(#1817,#1829),.PCURVE_S1.);
#1813 = LINE('',#1814,#1815);
#1814 = CARTESIAN_POINT('',(145.,68.,4.25));
#1815 = VECTOR('',#1816,1.);
#1816 = DIRECTION('',(-0.,-1.,-0.));
#1817 = PCURVE('',#1818,#1823);
#1818 = CYLINDRICAL_SURFACE('',#1819,3.25);
#1819 = AXIS2_PLACEMENT_3D('',#1820,#1821,#1822);
#1820 = CARTESIAN_POINT('',(145.,68.,7.5));
#1821 = DIRECTION('',(-0.,-1.,-0.));
#1822 = DIRECTION('',(0.,0.,-1.));
#1823 = DEFINITIONAL_REPRESENTATION('',(#1824),#1828);
#1824 = LINE('',#1825,#1826);
#1825 = CARTESIAN_POINT('',(6.28318530718,0.));
#1826 = VECTOR('',#1827,1.);
#1827 = DIRECTION('',(0.,1.));
#1828 = ( GEOMETRIC_REPRESENTATION_CONTEXT(2) 
PARAMETRIC_REPRESENTATION_CONTEXT() REPRESENTATION_CONTEXT('2D SPACE',''
  ) );
#1829 = PCURVE('',#1830,#1835);
#1830 = CYLINDRICAL_SURFACE('',#1831,3.25);
#1831 = AXIS2_PLACEMENT_3D('',#1832,#1833,#1834);
#1832 = CARTESIAN_POINT('',(145.,68.,7.5));
#1833 = DIRECTION('',(-0.,-1.,-0.));
#1834 = DIRECTION('',(0.,0.,-1.));
#1835 = DEFINITIONAL_REPRESENTATION('',(#1836),#1840);
#1836 = LINE('',#1837,#1838);
#1837 = CARTESIAN_POINT('',(0.,0.));
#1838 = VECTOR('',#1839,1.);
#1839 = DIRECTION('',(0.,1.));
#1840 = ( GEOMETRIC_REPRESENTATION_CONTEXT(2) 
PARAMETRIC_REPRESENTATION_CONTEXT() REPRESENTATION_CONTEXT('2D SPACE',''
  ) );
#1841 = ORIENTED_EDGE('',*,*,#1842,.F.);
#1842 = EDGE_CURVE('',#1843,#1810,#1845,.T.);
#1843 = VERTEX_POINT('',#1844);
#1844 = CARTESIAN_POINT('',(145.,74.,10.75));
#1845 = SURFACE_CURVE('',#1846,(#1851,#1858),.PCURVE_S1.);
#1846 = CIRCLE('',#1847,3.25);
#1847 = AXIS2_PLACEMENT_3D('',#1848,#1849,#1850);
#1848 = CARTESIAN_POINT('',(145.,74.,7.5));
#1849 = DIRECTION('',(0.,-1.,-0.));
#1850 = DIRECTION('',(0.,0.,-1.));
#1851 = PCURVE('',#1818,#1852);
#1852 = DEFINITIONAL_REPRESENTATION('',(#1853),#1857);
#1853 = LINE('',#1854,#1855);
#1854 = CARTESIAN_POINT('',(0.,-6.));
#1855 = VECTOR('',#1856,1.);
#1856 = DIRECTION('',(1.,0.));
#1857 = ( GEOMETRIC_REPRESENTATION_CONTEXT(2) 
PARAMETRIC_REPRESENTATION_CONTEXT() REPRESENTATION_CONTEXT('2D SPACE',''
  ) );
#1858 = PCURVE('',#1788,#1859);
#1859 = DEFINITIONAL_REPRESENTATION('',(#1860),#1868);
#1860 = ( BOUNDED_CURVE() B_SPLINE_CURVE(2,(#1861,#1862,#1863,#1864,
#1865,#1866,#1867),.UNSPECIFIED.,.T.,.F.) B_SPLINE_CURVE_WITH_KNOTS((1,2
    ,2,2,2,1),(-2.094395102393,0.,2.094395102393,4.188790204786,
6.28318530718,8.377580409573),.UNSPECIFIED.) CURVE() 
GEOMETRIC_REPRESENTATION_ITEM() RATIONAL_B_SPLINE_CURVE((1.,0.5,1.,0.5,
1.,0.5,1.)) REPRESENTATION_ITEM('') );
#1861 = CARTESIAN_POINT('',(-3.25,-3.25));
#1862 = CARTESIAN_POINT('',(-3.25,2.379165124599));
#1863 = CARTESIAN_POINT('',(1.625,-0.435417437701));
#1864 = CARTESIAN_POINT('',(6.5,-3.25));
#1865 = CARTESIAN_POINT('',(1.625,-6.064582562299));
#1866 = CARTESIAN_POINT('',(-3.25,-8.879165124599));
#1867 = CARTESIAN_POINT('',(-3.25,-3.25));
#1868 = ( GEOMETRIC_REPRESENTATION_CONTEXT(2) 
PARAMETRIC_REPRESENTATION_CONTEXT() REPRESENTATION_CONTEXT('2D SPACE',''
  ) );
#1869 = ORIENTED_EDGE('',*,*,#1870,.F.);
#1870 = EDGE_CURVE('',#1871,#1843,#1873,.T.);
#1871 = VERTEX_POINT('',#1872);
#1872 = CARTESIAN_POINT('',(145.,80.,10.75));
#1873 = SURFACE_CURVE('',#1874,(#1878,#1885),.PCURVE_S1.);
#1874 = LINE('',#1875,#1876);
#1875 = CARTESIAN_POINT('',(145.,68.,10.75));
#1876 = VECTOR('',#1877,1.);
#1877 = DIRECTION('',(-0.,-1.,-0.));
#1878 = PCURVE('',#1818,#1879);
#1879 = DEFINITIONAL_REPRESENTATION('',(#1880),#1884);
#1880 = LINE('',#1881,#1882);
#1881 = CARTESIAN_POINT('',(3.14159265359,0.));
#1882 = VECTOR('',#1883,1.);
#1883 = DIRECTION('',(0.,1.));
#1884 = ( GEOMETRIC_REPRESENTATION_CONTEXT(2) 
PARAMETRIC_REPRESENTATION_CONTEXT() REPRESENTATION_CONTEXT('2D SPACE',''
  ) );
#1885 = PCURVE('',#1830,#1886);
#1886 = DEFINITIONAL_REPRESENTATION('',(#1887),#1891);
#1887 = LINE('',#1888,#1889);
#1888 = CARTESIAN_POINT('',(3.14159265359,0.));
#1889 = VECTOR('',#1890,1.);
#1890 = DIRECTION('',(0.,1.));
#1891 = ( GEOMETRIC_REPRESENTATION_CONTEXT(2) 
PARAMETRIC_REPRESENTATION_CONTEXT() REPRESENTATION_CONTEXT('2D SPACE',''
  ) );
#1892 = ORIENTED_EDGE('',*,*,#1893,.T.);
#1893 = EDGE_CURVE('',#1871,#1808,#1894,.T.);
#1894 = SURFACE_CURVE('',#1895,(#1900,#1907),.PCURVE_S1.);
#1895 = CIRCLE('',#1896,3.25);
#1896 = AXIS2_PLACEMENT_3D('',#1897,#1898,#1899);
#1897 = CARTESIAN_POINT('',(145.,80.,7.5));
#1898 = DIRECTION('',(0.,-1.,-0.));
#1899 = DIRECTION('',(0.,0.,-1.));
#1900 = PCURVE('',#1818,#1901);
#1901 = DEFINITIONAL_REPRESENTATION('',(#1902),#1906);
#1902 = LINE('',#1903,#1904);
#1903 = CARTESIAN_POINT('',(0.,-12.));
#1904 = VECTOR('',#1905,1.);
#1905 = DIRECTION('',(1.,0.));
#1906 = ( GEOMETRIC_REPRESENTATION_CONTEXT(2) 
PARAMETRIC_REPRESENTATION_CONTEXT() REPRESENTATION_CONTEXT('2D SPACE',''
  ) );
#1907 = PCURVE('',#646,#1908);
#1908 = DEFINITIONAL_REPRESENTATION('',(#1909),#1913);
#1909 = CIRCLE('',#1910,3.25);
#1910 = AXIS2_PLACEMENT_2D('',#1911,#1912);
#1911 = CARTESIAN_POINT('',(52.5,145.));
#1912 = DIRECTION('',(1.,0.));
#1913 = ( GEOMETRIC_REPRESENTATION_CONTEXT(2) 
PARAMETRIC_REPRESENTATION_CONTEXT() REPRESENTATION_CONTEXT('2D SPACE',''
  ) );
#1914 = ADVANCED_FACE('',(#1915),#1929,.F.);
#1915 = FACE_BOUND('',#1916,.F.);
#1916 = EDGE_LOOP('',(#1917,#1952,#1980,#2003));
#1917 = ORIENTED_EDGE('',*,*,#1918,.T.);
#1918 = EDGE_CURVE('',#1919,#1921,#1923,.T.);
#1919 = VERTEX_POINT('',#1920);
#1920 = CARTESIAN_POINT('',(105.,74.,2.));
#1921 = VERTEX_POINT('',#1922);
#1922 = CARTESIAN_POINT('',(105.,68.,2.));
#1923 = SURFACE_CURVE('',#1924,(#1928,#1940),.PCURVE_S1.);
#1924 = LINE('',#1925,#1926);
#1925 = CARTESIAN_POINT('',(105.,68.,2.));
#1926 = VECTOR('',#1927,1.);
#1927 = DIRECTION('',(-0.,-1.,-0.));
#1928 = PCURVE('',#1929,#1934);
#1929 = CYLINDRICAL_SURFACE('',#1930,5.5);
#1930 = AXIS2_PLACEMENT_3D('',#1931,#1932,#1933);
#1931 = CARTESIAN_POINT('',(105.,68.,7.5));
#1932 = DIRECTION('',(-0.,-1.,-0.));
#1933 = DIRECTION('',(0.,0.,-1.));
#1934 = DEFINITIONAL_REPRESENTATION('',(#1935),#1939);
#1935 = LINE('',#1936,#1937);
#1936 = CARTESIAN_POINT('',(6.28318530718,0.));
#1937 = VECTOR('',#1938,1.);
#1938 = DIRECTION('',(0.,1.));
#1939 = ( GEOMETRIC_REPRESENTATION_CONTEXT(2) 
PARAMETRIC_REPRESENTATION_CONTEXT() REPRESENTATION_CONTEXT('2D SPACE',''
  ) );
#1940 = PCURVE('',#1941,#1946);
#1941 = CYLINDRICAL_SURFACE('',#1942,5.5);
#1942 = AXIS2_PLACEMENT_3D('',#1943,#1944,#1945);
#1943 = CARTESIAN_POINT('',(105.,68.,7.5));
#1944 = DIRECTION('',(-0.,-1.,-0.));
#1945 = DIRECTION('',(0.,0.,-1.));
#1946 = DEFINITIONAL_REPRESENTATION('',(#1947),#1951);
#1947 = LINE('',#1948,#1949);
#1948 = CARTESIAN_POINT('',(0.,0.));
#1949 = VECTOR('',#1950,1.);
#1950 = DIRECTION('',(0.,1.));
#1951 = ( GEOMETRIC_REPRESENTATION_CONTEXT(2) 
PARAMETRIC_REPRESENTATION_CONTEXT() REPRESENTATION_CONTEXT('2D SPACE',''
  ) );
#1952 = ORIENTED_EDGE('',*,*,#1953,.F.);
#1953 = EDGE_CURVE('',#1954,#1921,#1956,.T.);
#1954 = VERTEX_POINT('',#1955);
#1955 = CARTESIAN_POINT('',(105.,68.,13.));
#1956 = SURFACE_CURVE('',#1957,(#1962,#1969),.PCURVE_S1.);
#1957 = CIRCLE('',#1958,5.5);
#1958 = AXIS2_PLACEMENT_3D('',#1959,#1960,#1961);
#1959 = CARTESIAN_POINT('',(105.,68.,7.5));
#1960 = DIRECTION('',(0.,-1.,-0.));
#1961 = DIRECTION('',(0.,0.,-1.));
#1962 = PCURVE('',#1929,#1963);
#1963 = DEFINITIONAL_REPRESENTATION('',(#1964),#1968);
#1964 = LINE('',#1965,#1966);
#1965 = CARTESIAN_POINT('',(0.,0.));
#1966 = VECTOR('',#1967,1.);
#1967 = DIRECTION('',(1.,0.));
#1968 = ( GEOMETRIC_REPRESENTATION_CONTEXT(2) 
PARAMETRIC_REPRESENTATION_CONTEXT() REPRESENTATION_CONTEXT('2D SPACE',''
  ) );
#1969 = PCURVE('',#592,#1970);
#1970 = DEFINITIONAL_REPRESENTATION('',(#1971),#1979);
#1971 = ( BOUNDED_CURVE() B_SPLINE_CURVE(2,(#1972,#1973,#1974,#1975,
#1976,#1977,#1978),.UNSPECIFIED.,.T.,.F.) B_SPLINE_CURVE_WITH_KNOTS((1,2
    ,2,2,2,1),(-2.094395102393,0.,2.094395102393,4.188790204786,
6.28318530718,8.377580409573),.UNSPECIFIED.) CURVE() 
GEOMETRIC_REPRESENTATION_ITEM() RATIONAL_B_SPLINE_CURVE((1.,0.5,1.,0.5,
1.,0.5,1.)) REPRESENTATION_ITEM('') );
#1972 = CARTESIAN_POINT('',(186.,-58.));
#1973 = CARTESIAN_POINT('',(176.47372055837,-58.));
#1974 = CARTESIAN_POINT('',(181.23686027918,-49.75));
#1975 = CARTESIAN_POINT('',(186.,-41.5));
#1976 = CARTESIAN_POINT('',(190.76313972081,-49.75));
#1977 = CARTESIAN_POINT('',(195.52627944162,-58.));
#1978 = CARTESIAN_POINT('',(186.,-58.));
#1979 = ( GEOMETRIC_REPRESENTATION_CONTEXT(2) 
PARAMETRIC_REPRESENTATION_CONTEXT() REPRESENTATION_CONTEXT('2D SPACE',''
  ) );
#1980 = ORIENTED_EDGE('',*,*,#1981,.F.);
#1981 = EDGE_CURVE('',#1982,#1954,#1984,.T.);
#1982 = VERTEX_POINT('',#1983);
#1983 = CARTESIAN_POINT('',(105.,74.,13.));
#1984 = SURFACE_CURVE('',#1985,(#1989,#1996),.PCURVE_S1.);
#1985 = LINE('',#1986,#1987);
#1986 = CARTESIAN_POINT('',(105.,68.,13.));
#1987 = VECTOR('',#1988,1.);
#1988 = DIRECTION('',(-0.,-1.,-0.));
#1989 = PCURVE('',#1929,#1990);
#1990 = DEFINITIONAL_REPRESENTATION('',(#1991),#1995);
#1991 = LINE('',#1992,#1993);
#1992 = CARTESIAN_POINT('',(3.14159265359,0.));
#1993 = VECTOR('',#1994,1.);
#1994 = DIRECTION('',(0.,1.));
#1995 = ( GEOMETRIC_REPRESENTATION_CONTEXT(2) 
PARAMETRIC_REPRESENTATION_CONTEXT() REPRESENTATION_CONTEXT('2D SPACE',''
  ) );
#1996 = PCURVE('',#1941,#1997);
#1997 = DEFINITIONAL_REPRESENTATION('',(#1998),#2002);
#1998 = LINE('',#1999,#2000);
#1999 = CARTESIAN_POINT('',(3.14159265359,0.));
#2000 = VECTOR('',#2001,1.);
#2001 = DIRECTION('',(0.,1.));
#2002 = ( GEOMETRIC_REPRESENTATION_CONTEXT(2) 
PARAMETRIC_REPRESENTATION_CONTEXT() REPRESENTATION_CONTEXT('2D SPACE',''
  ) );
#2003 = ORIENTED_EDGE('',*,*,#2004,.T.);
#2004 = EDGE_CURVE('',#1982,#1919,#2005,.T.);
#2005 = SURFACE_CURVE('',#2006,(#2011,#2018),.PCURVE_S1.);
#2006 = CIRCLE('',#2007,5.5);
#2007 = AXIS2_PLACEMENT_3D('',#2008,#2009,#2010);
#2008 = CARTESIAN_POINT('',(105.,74.,7.5));
#2009 = DIRECTION('',(0.,-1.,-0.));
#2010 = DIRECTION('',(0.,0.,-1.));
#2011 = PCURVE('',#1929,#2012);
#2012 = DEFINITIONAL_REPRESENTATION('',(#2013),#2017);
#2013 = LINE('',#2014,#2015);
#2014 = CARTESIAN_POINT('',(0.,-6.));
#2015 = VECTOR('',#2016,1.);
#2016 = DIRECTION('',(1.,0.));
#2017 = ( GEOMETRIC_REPRESENTATION_CONTEXT(2) 
PARAMETRIC_REPRESENTATION_CONTEXT() REPRESENTATION_CONTEXT('2D SPACE',''
  ) );
#2018 = PCURVE('',#2019,#2024);
#2019 = PLANE('',#2020);
#2020 = AXIS2_PLACEMENT_3D('',#2021,#2022,#2023);
#2021 = CARTESIAN_POINT('',(108.25,74.,7.5));
#2022 = DIRECTION('',(0.,1.,0.));
#2023 = DIRECTION('',(0.,-0.,1.));
#2024 = DEFINITIONAL_REPRESENTATION('',(#2025),#2033);
#2025 = ( BOUNDED_CURVE() B_SPLINE_CURVE(2,(#2026,#2027,#2028,#2029,
#2030,#2031,#2032),.UNSPECIFIED.,.T.,.F.) B_SPLINE_CURVE_WITH_KNOTS((1,2
    ,2,2,2,1),(-2.094395102393,0.,2.094395102393,4.188790204786,
6.28318530718,8.377580409573),.UNSPECIFIED.) CURVE() 
GEOMETRIC_REPRESENTATION_ITEM() RATIONAL_B_SPLINE_CURVE((1.,0.5,1.,0.5,
1.,0.5,1.)) REPRESENTATION_ITEM('') );
#2026 = CARTESIAN_POINT('',(-5.5,-3.25));
#2027 = CARTESIAN_POINT('',(-5.5,6.276279441629));
#2028 = CARTESIAN_POINT('',(2.75,1.513139720814));
#2029 = CARTESIAN_POINT('',(11.,-3.25));
#2030 = CARTESIAN_POINT('',(2.75,-8.013139720814));
#2031 = CARTESIAN_POINT('',(-5.5,-12.77627944162));
#2032 = CARTESIAN_POINT('',(-5.5,-3.25));
#2033 = ( GEOMETRIC_REPRESENTATION_CONTEXT(2) 
PARAMETRIC_REPRESENTATION_CONTEXT() REPRESENTATION_CONTEXT('2D SPACE',''
  ) );
#2034 = ADVANCED_FACE('',(#2035),#2049,.F.);
#2035 = FACE_BOUND('',#2036,.F.);
#2036 = EDGE_LOOP('',(#2037,#2072,#2100,#2123));
#2037 = ORIENTED_EDGE('',*,*,#2038,.T.);
#2038 = EDGE_CURVE('',#2039,#2041,#2043,.T.);
#2039 = VERTEX_POINT('',#2040);
#2040 = CARTESIAN_POINT('',(105.,80.,4.25));
#2041 = VERTEX_POINT('',#2042);
#2042 = CARTESIAN_POINT('',(105.,74.,4.25));
#2043 = SURFACE_CURVE('',#2044,(#2048,#2060),.PCURVE_S1.);
#2044 = LINE('',#2045,#2046);
#2045 = CARTESIAN_POINT('',(105.,68.,4.25));
#2046 = VECTOR('',#2047,1.);
#2047 = DIRECTION('',(-0.,-1.,-0.));
#2048 = PCURVE('',#2049,#2054);
#2049 = CYLINDRICAL_SURFACE('',#2050,3.25);
#2050 = AXIS2_PLACEMENT_3D('',#2051,#2052,#2053);
#2051 = CARTESIAN_POINT('',(105.,68.,7.5));
#2052 = DIRECTION('',(-0.,-1.,-0.));
#2053 = DIRECTION('',(0.,0.,-1.));
#2054 = DEFINITIONAL_REPRESENTATION('',(#2055),#2059);
#2055 = LINE('',#2056,#2057);
#2056 = CARTESIAN_POINT('',(6.28318530718,0.));
#2057 = VECTOR('',#2058,1.);
#2058 = DIRECTION('',(0.,1.));
#2059 = ( GEOMETRIC_REPRESENTATION_CONTEXT(2) 
PARAMETRIC_REPRESENTATION_CONTEXT() REPRESENTATION_CONTEXT('2D SPACE',''
  ) );
#2060 = PCURVE('',#2061,#2066);
#2061 = CYLINDRICAL_SURFACE('',#2062,3.25);
#2062 = AXIS2_PLACEMENT_3D('',#2063,#2064,#2065);
#2063 = CARTESIAN_POINT('',(105.,68.,7.5));
#2064 = DIRECTION('',(-0.,-1.,-0.));
#2065 = DIRECTION('',(0.,0.,-1.));
#2066 = DEFINITIONAL_REPRESENTATION('',(#2067),#2071);
#2067 = LINE('',#2068,#2069);
#2068 = CARTESIAN_POINT('',(0.,0.));
#2069 = VECTOR('',#2070,1.);
#2070 = DIRECTION('',(0.,1.));
#2071 = ( GEOMETRIC_REPRESENTATION_CONTEXT(2) 
PARAMETRIC_REPRESENTATION_CONTEXT() REPRESENTATION_CONTEXT('2D SPACE',''
  ) );
#2072 = ORIENTED_EDGE('',*,*,#2073,.F.);
#2073 = EDGE_CURVE('',#2074,#2041,#2076,.T.);
#2074 = VERTEX_POINT('',#2075);
#2075 = CARTESIAN_POINT('',(105.,74.,10.75));
#2076 = SURFACE_CURVE('',#2077,(#2082,#2089),.PCURVE_S1.);
#2077 = CIRCLE('',#2078,3.25);
#2078 = AXIS2_PLACEMENT_3D('',#2079,#2080,#2081);
#2079 = CARTESIAN_POINT('',(105.,74.,7.5));
#2080 = DIRECTION('',(0.,-1.,-0.));
#2081 = DIRECTION('',(0.,0.,-1.));
#2082 = PCURVE('',#2049,#2083);
#2083 = DEFINITIONAL_REPRESENTATION('',(#2084),#2088);
#2084 = LINE('',#2085,#2086);
#2085 = CARTESIAN_POINT('',(0.,-6.));
#2086 = VECTOR('',#2087,1.);
#2087 = DIRECTION('',(1.,0.));
#2088 = ( GEOMETRIC_REPRESENTATION_CONTEXT(2) 
PARAMETRIC_REPRESENTATION_CONTEXT() REPRESENTATION_CONTEXT('2D SPACE',''
  ) );
#2089 = PCURVE('',#2019,#2090);
#2090 = DEFINITIONAL_REPRESENTATION('',(#2091),#2099);
#2091 = ( BOUNDED_CURVE() B_SPLINE_CURVE(2,(#2092,#2093,#2094,#2095,
#2096,#2097,#2098),.UNSPECIFIED.,.T.,.F.) B_SPLINE_CURVE_WITH_KNOTS((1,2
    ,2,2,2,1),(-2.094395102393,0.,2.094395102393,4.188790204786,
6.28318530718,8.377580409573),.UNSPECIFIED.) CURVE() 
GEOMETRIC_REPRESENTATION_ITEM() RATIONAL_B_SPLINE_CURVE((1.,0.5,1.,0.5,
1.,0.5,1.)) REPRESENTATION_ITEM('') );
#2092 = CARTESIAN_POINT('',(-3.25,-3.25));
#2093 = CARTESIAN_POINT('',(-3.25,2.379165124599));
#2094 = CARTESIAN_POINT('',(1.625,-0.435417437701));
#2095 = CARTESIAN_POINT('',(6.5,-3.25));
#2096 = CARTESIAN_POINT('',(1.625,-6.064582562299));
#2097 = CARTESIAN_POINT('',(-3.25,-8.879165124599));
#2098 = CARTESIAN_POINT('',(-3.25,-3.25));
#2099 = ( GEOMETRIC_REPRESENTATION_CONTEXT(2) 
PARAMETRIC_REPRESENTATION_CONTEXT() REPRESENTATION_CONTEXT('2D SPACE',''
  ) );
#2100 = ORIENTED_EDGE('',*,*,#2101,.F.);
#2101 = EDGE_CURVE('',#2102,#2074,#2104,.T.);
#2102 = VERTEX_POINT('',#2103);
#2103 = CARTESIAN_POINT('',(105.,80.,10.75));
#2104 = SURFACE_CURVE('',#2105,(#2109,#2116),.PCURVE_S1.);
#2105 = LINE('',#2106,#2107);
#2106 = CARTESIAN_POINT('',(105.,68.,10.75));
#2107 = VECTOR('',#2108,1.);
#2108 = DIRECTION('',(-0.,-1.,-0.));
#2109 = PCURVE('',#2049,#2110);
#2110 = DEFINITIONAL_REPRESENTATION('',(#2111),#2115);
#2111 = LINE('',#2112,#2113);
#2112 = CARTESIAN_POINT('',(3.14159265359,0.));
#2113 = VECTOR('',#2114,1.);
#2114 = DIRECTION('',(0.,1.));
#2115 = ( GEOMETRIC_REPRESENTATION_CONTEXT(2) 
PARAMETRIC_REPRESENTATION_CONTEXT() REPRESENTATION_CONTEXT('2D SPACE',''
  ) );
#2116 = PCURVE('',#2061,#2117);
#2117 = DEFINITIONAL_REPRESENTATION('',(#2118),#2122);
#2118 = LINE('',#2119,#2120);
#2119 = CARTESIAN_POINT('',(3.14159265359,0.));
#2120 = VECTOR('',#2121,1.);
#2121 = DIRECTION('',(0.,1.));
#2122 = ( GEOMETRIC_REPRESENTATION_CONTEXT(2) 
PARAMETRIC_REPRESENTATION_CONTEXT() REPRESENTATION_CONTEXT('2D SPACE',''
  ) );
#2123 = ORIENTED_EDGE('',*,*,#2124,.T.);
#2124 = EDGE_CURVE('',#2102,#2039,#2125,.T.);
#2125 = SURFACE_CURVE('',#2126,(#2131,#2138),.PCURVE_S1.);
#2126 = CIRCLE('',#2127,3.25);
#2127 = AXIS2_PLACEMENT_3D('',#2128,#2129,#2130);
#2128 = CARTESIAN_POINT('',(105.,80.,7.5));
#2129 = DIRECTION('',(0.,-1.,-0.));
#2130 = DIRECTION('',(0.,0.,-1.));
#2131 = PCURVE('',#2049,#2132);
#2132 = DEFINITIONAL_REPRESENTATION('',(#2133),#2137);
#2133 = LINE('',#2134,#2135);
#2134 = CARTESIAN_POINT('',(0.,-12.));
#2135 = VECTOR('',#2136,1.);
#2136 = DIRECTION('',(1.,0.));
#2137 = ( GEOMETRIC_REPRESENTATION_CONTEXT(2) 
PARAMETRIC_REPRESENTATION_CONTEXT() REPRESENTATION_CONTEXT('2D SPACE',''
  ) );
#2138 = PCURVE('',#646,#2139);
#2139 = DEFINITIONAL_REPRESENTATION('',(#2140),#2144);
#2140 = CIRCLE('',#2141,3.25);
#2141 = AXIS2_PLACEMENT_2D('',#2142,#2143);
#2142 = CARTESIAN_POINT('',(52.5,105.));
#2143 = DIRECTION('',(1.,0.));
#2144 = ( GEOMETRIC_REPRESENTATION_CONTEXT(2) 
PARAMETRIC_REPRESENTATION_CONTEXT() REPRESENTATION_CONTEXT('2D SPACE',''
  ) );
#2145 = ADVANCED_FACE('',(#2146),#2160,.F.);
#2146 = FACE_BOUND('',#2147,.F.);
#2147 = EDGE_LOOP('',(#2148,#2183,#2211,#2234));
#2148 = ORIENTED_EDGE('',*,*,#2149,.T.);
#2149 = EDGE_CURVE('',#2150,#2152,#2154,.T.);
#2150 = VERTEX_POINT('',#2151);
#2151 = CARTESIAN_POINT('',(159.,74.,47.));
#2152 = VERTEX_POINT('',#2153);
#2153 = CARTESIAN_POINT('',(159.,68.,47.));
#2154 = SURFACE_CURVE('',#2155,(#2159,#2171),.PCURVE_S1.);
#2155 = LINE('',#2156,#2157);
#2156 = CARTESIAN_POINT('',(159.,68.,47.));
#2157 = VECTOR('',#2158,1.);
#2158 = DIRECTION('',(-0.,-1.,-0.));
#2159 = PCURVE('',#2160,#2165);
#2160 = CYLINDRICAL_SURFACE('',#2161,5.5);
#2161 = AXIS2_PLACEMENT_3D('',#2162,#2163,#2164);
#2162 = CARTESIAN_POINT('',(159.,68.,52.5));
#2163 = DIRECTION('',(-0.,-1.,-0.));
#2164 = DIRECTION('',(0.,0.,-1.));
#2165 = DEFINITIONAL_REPRESENTATION('',(#2166),#2170);
#2166 = LINE('',#2167,#2168);
#2167 = CARTESIAN_POINT('',(6.28318530718,0.));
#2168 = VECTOR('',#2169,1.);
#2169 = DIRECTION('',(0.,1.));
#2170 = ( GEOMETRIC_REPRESENTATION_CONTEXT(2) 
PARAMETRIC_REPRESENTATION_CONTEXT() REPRESENTATION_CONTEXT('2D SPACE',''
  ) );
#2171 = PCURVE('',#2172,#2177);
#2172 = CYLINDRICAL_SURFACE('',#2173,5.5);
#2173 = AXIS2_PLACEMENT_3D('',#2174,#2175,#2176);
#2174 = CARTESIAN_POINT('',(159.,68.,52.5));
#2175 = DIRECTION('',(-0.,-1.,-0.));
#2176 = DIRECTION('',(0.,0.,-1.));
#2177 = DEFINITIONAL_REPRESENTATION('',(#2178),#2182);
#2178 = LINE('',#2179,#2180);
#2179 = CARTESIAN_POINT('',(0.,0.));
#2180 = VECTOR('',#2181,1.);
#2181 = DIRECTION('',(0.,1.));
#2182 = ( GEOMETRIC_REPRESENTATION_CONTEXT(2) 
PARAMETRIC_REPRESENTATION_CONTEXT() REPRESENTATION_CONTEXT('2D SPACE',''
  ) );
#2183 = ORIENTED_EDGE('',*,*,#2184,.F.);
#2184 = EDGE_CURVE('',#2185,#2152,#2187,.T.);
#2185 = VERTEX_POINT('',#2186);
#2186 = CARTESIAN_POINT('',(159.,68.,58.));
#2187 = SURFACE_CURVE('',#2188,(#2193,#2200),.PCURVE_S1.);
#2188 = CIRCLE('',#2189,5.5);
#2189 = AXIS2_PLACEMENT_3D('',#2190,#2191,#2192);
#2190 = CARTESIAN_POINT('',(159.,68.,52.5));
#2191 = DIRECTION('',(0.,-1.,-0.));
#2192 = DIRECTION('',(0.,0.,-1.));
#2193 = PCURVE('',#2160,#2194);
#2194 = DEFINITIONAL_REPRESENTATION('',(#2195),#2199);
#2195 = LINE('',#2196,#2197);
#2196 = CARTESIAN_POINT('',(0.,0.));
#2197 = VECTOR('',#2198,1.);
#2198 = DIRECTION('',(1.,0.));
#2199 = ( GEOMETRIC_REPRESENTATION_CONTEXT(2) 
PARAMETRIC_REPRESENTATION_CONTEXT() REPRESENTATION_CONTEXT('2D SPACE',''
  ) );
#2200 = PCURVE('',#592,#2201);
#2201 = DEFINITIONAL_REPRESENTATION('',(#2202),#2210);
#2202 = ( BOUNDED_CURVE() B_SPLINE_CURVE(2,(#2203,#2204,#2205,#2206,
#2207,#2208,#2209),.UNSPECIFIED.,.T.,.F.) B_SPLINE_CURVE_WITH_KNOTS((1,2
    ,2,2,2,1),(-2.094395102393,0.,2.094395102393,4.188790204786,
6.28318530718,8.377580409573),.UNSPECIFIED.) CURVE() 
GEOMETRIC_REPRESENTATION_ITEM() RATIONAL_B_SPLINE_CURVE((1.,0.5,1.,0.5,
1.,0.5,1.)) REPRESENTATION_ITEM('') );
#2203 = CARTESIAN_POINT('',(132.,-13.));
#2204 = CARTESIAN_POINT('',(122.47372055837,-13.));
#2205 = CARTESIAN_POINT('',(127.23686027918,-4.75));
#2206 = CARTESIAN_POINT('',(132.,3.5));
#2207 = CARTESIAN_POINT('',(136.76313972081,-4.75));
#2208 = CARTESIAN_POINT('',(141.52627944162,-13.));
#2209 = CARTESIAN_POINT('',(132.,-13.));
#2210 = ( GEOMETRIC_REPRESENTATION_CONTEXT(2) 
PARAMETRIC_REPRESENTATION_CONTEXT() REPRESENTATION_CONTEXT('2D SPACE',''
  ) );
#2211 = ORIENTED_EDGE('',*,*,#2212,.F.);
#2212 = EDGE_CURVE('',#2213,#2185,#2215,.T.);
#2213 = VERTEX_POINT('',#2214);
#2214 = CARTESIAN_POINT('',(159.,74.,58.));
#2215 = SURFACE_CURVE('',#2216,(#2220,#2227),.PCURVE_S1.);
#2216 = LINE('',#2217,#2218);
#2217 = CARTESIAN_POINT('',(159.,68.,58.));
#2218 = VECTOR('',#2219,1.);
#2219 = DIRECTION('',(-0.,-1.,-0.));
#2220 = PCURVE('',#2160,#2221);
#2221 = DEFINITIONAL_REPRESENTATION('',(#2222),#2226);
#2222 = LINE('',#2223,#2224);
#2223 = CARTESIAN_POINT('',(3.14159265359,0.));
#2224 = VECTOR('',#2225,1.);
#2225 = DIRECTION('',(0.,1.));
#2226 = ( GEOMETRIC_REPRESENTATION_CONTEXT(2) 
PARAMETRIC_REPRESENTATION_CONTEXT() REPRESENTATION_CONTEXT('2D SPACE',''
  ) );
#2227 = PCURVE('',#2172,#2228);
#2228 = DEFINITIONAL_REPRESENTATION('',(#2229),#2233);
#2229 = LINE('',#2230,#2231);
#2230 = CARTESIAN_POINT('',(3.14159265359,0.));
#2231 = VECTOR('',#2232,1.);
#2232 = DIRECTION('',(0.,1.));
#2233 = ( GEOMETRIC_REPRESENTATION_CONTEXT(2) 
PARAMETRIC_REPRESENTATION_CONTEXT() REPRESENTATION_CONTEXT('2D SPACE',''
  ) );
#2234 = ORIENTED_EDGE('',*,*,#2235,.T.);
#2235 = EDGE_CURVE('',#2213,#2150,#2236,.T.);
#2236 = SURFACE_CURVE('',#2237,(#2242,#2249),.PCURVE_S1.);
#2237 = CIRCLE('',#2238,5.5);
#2238 = AXIS2_PLACEMENT_3D('',#2239,#2240,#2241);
#2239 = CARTESIAN_POINT('',(159.,74.,52.5));
#2240 = DIRECTION('',(0.,-1.,-0.));
#2241 = DIRECTION('',(0.,0.,-1.));
#2242 = PCURVE('',#2160,#2243);
#2243 = DEFINITIONAL_REPRESENTATION('',(#2244),#2248);
#2244 = LINE('',#2245,#2246);
#2245 = CARTESIAN_POINT('',(0.,-6.));
#2246 = VECTOR('',#2247,1.);
#2247 = DIRECTION('',(1.,0.));
#2248 = ( GEOMETRIC_REPRESENTATION_CONTEXT(2) 
PARAMETRIC_REPRESENTATION_CONTEXT() REPRESENTATION_CONTEXT('2D SPACE',''
  ) );
#2249 = PCURVE('',#2250,#2255);
#2250 = PLANE('',#2251);
#2251 = AXIS2_PLACEMENT_3D('',#2252,#2253,#2254);
#2252 = CARTESIAN_POINT('',(162.25,74.,52.5));
#2253 = DIRECTION('',(0.,1.,0.));
#2254 = DIRECTION('',(0.,-0.,1.));
#2255 = DEFINITIONAL_REPRESENTATION('',(#2256),#2264);
#2256 = ( BOUNDED_CURVE() B_SPLINE_CURVE(2,(#2257,#2258,#2259,#2260,
#2261,#2262,#2263),.UNSPECIFIED.,.T.,.F.) B_SPLINE_CURVE_WITH_KNOTS((1,2
    ,2,2,2,1),(-2.094395102393,0.,2.094395102393,4.188790204786,
6.28318530718,8.377580409573),.UNSPECIFIED.) CURVE() 
GEOMETRIC_REPRESENTATION_ITEM() RATIONAL_B_SPLINE_CURVE((1.,0.5,1.,0.5,
1.,0.5,1.)) REPRESENTATION_ITEM('') );
#2257 = CARTESIAN_POINT('',(-5.5,-3.25));
#2258 = CARTESIAN_POINT('',(-5.5,6.276279441629));
#2259 = CARTESIAN_POINT('',(2.75,1.513139720814));
#2260 = CARTESIAN_POINT('',(11.,-3.25));
#2261 = CARTESIAN_POINT('',(2.75,-8.013139720814));
#2262 = CARTESIAN_POINT('',(-5.5,-12.77627944162));
#2263 = CARTESIAN_POINT('',(-5.5,-3.25));
#2264 = ( GEOMETRIC_REPRESENTATION_CONTEXT(2) 
PARAMETRIC_REPRESENTATION_CONTEXT() REPRESENTATION_CONTEXT('2D SPACE',''
  ) );
#2265 = ADVANCED_FACE('',(#2266),#2280,.F.);
#2266 = FACE_BOUND('',#2267,.F.);
#2267 = EDGE_LOOP('',(#2268,#2303,#2331,#2354));
#2268 = ORIENTED_EDGE('',*,*,#2269,.T.);
#2269 = EDGE_CURVE('',#2270,#2272,#2274,.T.);
#2270 = VERTEX_POINT('',#2271);
#2271 = CARTESIAN_POINT('',(159.,80.,49.25));
#2272 = VERTEX_POINT('',#2273);
#2273 = CARTESIAN_POINT('',(159.,74.,49.25));
#2274 = SURFACE_CURVE('',#2275,(#2279,#2291),.PCURVE_S1.);
#2275 = LINE('',#2276,#2277);
#2276 = CARTESIAN_POINT('',(159.,68.,49.25));
#2277 = VECTOR('',#2278,1.);
#2278 = DIRECTION('',(-0.,-1.,-0.));
#2279 = PCURVE('',#2280,#2285);
#2280 = CYLINDRICAL_SURFACE('',#2281,3.25);
#2281 = AXIS2_PLACEMENT_3D('',#2282,#2283,#2284);
#2282 = CARTESIAN_POINT('',(159.,68.,52.5));
#2283 = DIRECTION('',(-0.,-1.,-0.));
#2284 = DIRECTION('',(0.,0.,-1.));
#2285 = DEFINITIONAL_REPRESENTATION('',(#2286),#2290);
#2286 = LINE('',#2287,#2288);
#2287 = CARTESIAN_POINT('',(6.28318530718,0.));
#2288 = VECTOR('',#2289,1.);
#2289 = DIRECTION('',(0.,1.));
#2290 = ( GEOMETRIC_REPRESENTATION_CONTEXT(2) 
PARAMETRIC_REPRESENTATION_CONTEXT() REPRESENTATION_CONTEXT('2D SPACE',''
  ) );
#2291 = PCURVE('',#2292,#2297);
#2292 = CYLINDRICAL_SURFACE('',#2293,3.25);
#2293 = AXIS2_PLACEMENT_3D('',#2294,#2295,#2296);
#2294 = CARTESIAN_POINT('',(159.,68.,52.5));
#2295 = DIRECTION('',(-0.,-1.,-0.));
#2296 = DIRECTION('',(0.,0.,-1.));
#2297 = DEFINITIONAL_REPRESENTATION('',(#2298),#2302);
#2298 = LINE('',#2299,#2300);
#2299 = CARTESIAN_POINT('',(0.,0.));
#2300 = VECTOR('',#2301,1.);
#2301 = DIRECTION('',(0.,1.));
#2302 = ( GEOMETRIC_REPRESENTATION_CONTEXT(2) 
PARAMETRIC_REPRESENTATION_CONTEXT() REPRESENTATION_CONTEXT('2D SPACE',''
  ) );
#2303 = ORIENTED_EDGE('',*,*,#2304,.F.);
#2304 = EDGE_CURVE('',#2305,#2272,#2307,.T.);
#2305 = VERTEX_POINT('',#2306);
#2306 = CARTESIAN_POINT('',(159.,74.,55.75));
#2307 = SURFACE_CURVE('',#2308,(#2313,#2320),.PCURVE_S1.);
#2308 = CIRCLE('',#2309,3.25);
#2309 = AXIS2_PLACEMENT_3D('',#2310,#2311,#2312);
#2310 = CARTESIAN_POINT('',(159.,74.,52.5));
#2311 = DIRECTION('',(0.,-1.,-0.));
#2312 = DIRECTION('',(0.,0.,-1.));
#2313 = PCURVE('',#2280,#2314);
#2314 = DEFINITIONAL_REPRESENTATION('',(#2315),#2319);
#2315 = LINE('',#2316,#2317);
#2316 = CARTESIAN_POINT('',(0.,-6.));
#2317 = VECTOR('',#2318,1.);
#2318 = DIRECTION('',(1.,0.));
#2319 = ( GEOMETRIC_REPRESENTATION_CONTEXT(2) 
PARAMETRIC_REPRESENTATION_CONTEXT() REPRESENTATION_CONTEXT('2D SPACE',''
  ) );
#2320 = PCURVE('',#2250,#2321);
#2321 = DEFINITIONAL_REPRESENTATION('',(#2322),#2330);
#2322 = ( BOUNDED_CURVE() B_SPLINE_CURVE(2,(#2323,#2324,#2325,#2326,
#2327,#2328,#2329),.UNSPECIFIED.,.T.,.F.) B_SPLINE_CURVE_WITH_KNOTS((1,2
    ,2,2,2,1),(-2.094395102393,0.,2.094395102393,4.188790204786,
6.28318530718,8.377580409573),.UNSPECIFIED.) CURVE() 
GEOMETRIC_REPRESENTATION_ITEM() RATIONAL_B_SPLINE_CURVE((1.,0.5,1.,0.5,
1.,0.5,1.)) REPRESENTATION_ITEM('') );
#2323 = CARTESIAN_POINT('',(-3.25,-3.25));
#2324 = CARTESIAN_POINT('',(-3.25,2.379165124599));
#2325 = CARTESIAN_POINT('',(1.625,-0.435417437701));
#2326 = CARTESIAN_POINT('',(6.5,-3.25));
#2327 = CARTESIAN_POINT('',(1.625,-6.064582562299));
#2328 = CARTESIAN_POINT('',(-3.25,-8.879165124599));
#2329 = CARTESIAN_POINT('',(-3.25,-3.25));
#2330 = ( GEOMETRIC_REPRESENTATION_CONTEXT(2) 
PARAMETRIC_REPRESENTATION_CONTEXT() REPRESENTATION_CONTEXT('2D SPACE',''
  ) );
#2331 = ORIENTED_EDGE('',*,*,#2332,.F.);
#2332 = EDGE_CURVE('',#2333,#2305,#2335,.T.);
#2333 = VERTEX_POINT('',#2334);
#2334 = CARTESIAN_POINT('',(159.,80.,55.75));
#2335 = SURFACE_CURVE('',#2336,(#2340,#2347),.PCURVE_S1.);
#2336 = LINE('',#2337,#2338);
#2337 = CARTESIAN_POINT('',(159.,68.,55.75));
#2338 = VECTOR('',#2339,1.);
#2339 = DIRECTION('',(-0.,-1.,-0.));
#2340 = PCURVE('',#2280,#2341);
#2341 = DEFINITIONAL_REPRESENTATION('',(#2342),#2346);
#2342 = LINE('',#2343,#2344);
#2343 = CARTESIAN_POINT('',(3.14159265359,0.));
#2344 = VECTOR('',#2345,1.);
#2345 = DIRECTION('',(0.,1.));
#2346 = ( GEOMETRIC_REPRESENTATION_CONTEXT(2) 
PARAMETRIC_REPRESENTATION_CONTEXT() REPRESENTATION_CONTEXT('2D SPACE',''
  ) );
#2347 = PCURVE('',#2292,#2348);
#2348 = DEFINITIONAL_REPRESENTATION('',(#2349),#2353);
#2349 = LINE('',#2350,#2351);
#2350 = CARTESIAN_POINT('',(3.14159265359,0.));
#2351 = VECTOR('',#2352,1.);
#2352 = DIRECTION('',(0.,1.));
#2353 = ( GEOMETRIC_REPRESENTATION_CONTEXT(2) 
PARAMETRIC_REPRESENTATION_CONTEXT() REPRESENTATION_CONTEXT('2D SPACE',''
  ) );
#2354 = ORIENTED_EDGE('',*,*,#2355,.T.);
#2355 = EDGE_CURVE('',#2333,#2270,#2356,.T.);
#2356 = SURFACE_CURVE('',#2357,(#2362,#2369),.PCURVE_S1.);
#2357 = CIRCLE('',#2358,3.25);
#2358 = AXIS2_PLACEMENT_3D('',#2359,#2360,#2361);
#2359 = CARTESIAN_POINT('',(159.,80.,52.5));
#2360 = DIRECTION('',(0.,-1.,-0.));
#2361 = DIRECTION('',(0.,0.,-1.));
#2362 = PCURVE('',#2280,#2363);
#2363 = DEFINITIONAL_REPRESENTATION('',(#2364),#2368);
#2364 = LINE('',#2365,#2366);
#2365 = CARTESIAN_POINT('',(0.,-12.));
#2366 = VECTOR('',#2367,1.);
#2367 = DIRECTION('',(1.,0.));
#2368 = ( GEOMETRIC_REPRESENTATION_CONTEXT(2) 
PARAMETRIC_REPRESENTATION_CONTEXT() REPRESENTATION_CONTEXT('2D SPACE',''
  ) );
#2369 = PCURVE('',#646,#2370);
#2370 = DEFINITIONAL_REPRESENTATION('',(#2371),#2375);
#2371 = CIRCLE('',#2372,3.25);
#2372 = AXIS2_PLACEMENT_2D('',#2373,#2374);
#2373 = CARTESIAN_POINT('',(7.5,159.));
#2374 = DIRECTION('',(1.,0.));
#2375 = ( GEOMETRIC_REPRESENTATION_CONTEXT(2) 
PARAMETRIC_REPRESENTATION_CONTEXT() REPRESENTATION_CONTEXT('2D SPACE',''
  ) );
#2376 = ADVANCED_FACE('',(#2377),#2391,.F.);
#2377 = FACE_BOUND('',#2378,.F.);
#2378 = EDGE_LOOP('',(#2379,#2414,#2442,#2465));
#2379 = ORIENTED_EDGE('',*,*,#2380,.T.);
#2380 = EDGE_CURVE('',#2381,#2383,#2385,.T.);
#2381 = VERTEX_POINT('',#2382);
#2382 = CARTESIAN_POINT('',(145.,74.,47.));
#2383 = VERTEX_POINT('',#2384);
#2384 = CARTESIAN_POINT('',(145.,68.,47.));
#2385 = SURFACE_CURVE('',#2386,(#2390,#2402),.PCURVE_S1.);
#2386 = LINE('',#2387,#2388);
#2387 = CARTESIAN_POINT('',(145.,68.,47.));
#2388 = VECTOR('',#2389,1.);
#2389 = DIRECTION('',(-0.,-1.,-0.));
#2390 = PCURVE('',#2391,#2396);
#2391 = CYLINDRICAL_SURFACE('',#2392,5.5);
#2392 = AXIS2_PLACEMENT_3D('',#2393,#2394,#2395);
#2393 = CARTESIAN_POINT('',(145.,68.,52.5));
#2394 = DIRECTION('',(-0.,-1.,-0.));
#2395 = DIRECTION('',(0.,0.,-1.));
#2396 = DEFINITIONAL_REPRESENTATION('',(#2397),#2401);
#2397 = LINE('',#2398,#2399);
#2398 = CARTESIAN_POINT('',(6.28318530718,0.));
#2399 = VECTOR('',#2400,1.);
#2400 = DIRECTION('',(0.,1.));
#2401 = ( GEOMETRIC_REPRESENTATION_CONTEXT(2) 
PARAMETRIC_REPRESENTATION_CONTEXT() REPRESENTATION_CONTEXT('2D SPACE',''
  ) );
#2402 = PCURVE('',#2403,#2408);
#2403 = CYLINDRICAL_SURFACE('',#2404,5.5);
#2404 = AXIS2_PLACEMENT_3D('',#2405,#2406,#2407);
#2405 = CARTESIAN_POINT('',(145.,68.,52.5));
#2406 = DIRECTION('',(-0.,-1.,-0.));
#2407 = DIRECTION('',(0.,0.,-1.));
#2408 = DEFINITIONAL_REPRESENTATION('',(#2409),#2413);
#2409 = LINE('',#2410,#2411);
#2410 = CARTESIAN_POINT('',(0.,0.));
#2411 = VECTOR('',#2412,1.);
#2412 = DIRECTION('',(0.,1.));
#2413 = ( GEOMETRIC_REPRESENTATION_CONTEXT(2) 
PARAMETRIC_REPRESENTATION_CONTEXT() REPRESENTATION_CONTEXT('2D SPACE',''
  ) );
#2414 = ORIENTED_EDGE('',*,*,#2415,.F.);
#2415 = EDGE_CURVE('',#2416,#2383,#2418,.T.);
#2416 = VERTEX_POINT('',#2417);
#2417 = CARTESIAN_POINT('',(145.,68.,58.));
#2418 = SURFACE_CURVE('',#2419,(#2424,#2431),.PCURVE_S1.);
#2419 = CIRCLE('',#2420,5.5);
#2420 = AXIS2_PLACEMENT_3D('',#2421,#2422,#2423);
#2421 = CARTESIAN_POINT('',(145.,68.,52.5));
#2422 = DIRECTION('',(0.,-1.,-0.));
#2423 = DIRECTION('',(0.,0.,-1.));
#2424 = PCURVE('',#2391,#2425);
#2425 = DEFINITIONAL_REPRESENTATION('',(#2426),#2430);
#2426 = LINE('',#2427,#2428);
#2427 = CARTESIAN_POINT('',(0.,0.));
#2428 = VECTOR('',#2429,1.);
#2429 = DIRECTION('',(1.,0.));
#2430 = ( GEOMETRIC_REPRESENTATION_CONTEXT(2) 
PARAMETRIC_REPRESENTATION_CONTEXT() REPRESENTATION_CONTEXT('2D SPACE',''
  ) );
#2431 = PCURVE('',#592,#2432);
#2432 = DEFINITIONAL_REPRESENTATION('',(#2433),#2441);
#2433 = ( BOUNDED_CURVE() B_SPLINE_CURVE(2,(#2434,#2435,#2436,#2437,
#2438,#2439,#2440),.UNSPECIFIED.,.T.,.F.) B_SPLINE_CURVE_WITH_KNOTS((1,2
    ,2,2,2,1),(-2.094395102393,0.,2.094395102393,4.188790204786,
6.28318530718,8.377580409573),.UNSPECIFIED.) CURVE() 
GEOMETRIC_REPRESENTATION_ITEM() RATIONAL_B_SPLINE_CURVE((1.,0.5,1.,0.5,
1.,0.5,1.)) REPRESENTATION_ITEM('') );
#2434 = CARTESIAN_POINT('',(146.,-13.));
#2435 = CARTESIAN_POINT('',(136.47372055837,-13.));
#2436 = CARTESIAN_POINT('',(141.23686027918,-4.75));
#2437 = CARTESIAN_POINT('',(146.,3.5));
#2438 = CARTESIAN_POINT('',(150.76313972081,-4.75));
#2439 = CARTESIAN_POINT('',(155.52627944162,-13.));
#2440 = CARTESIAN_POINT('',(146.,-13.));
#2441 = ( GEOMETRIC_REPRESENTATION_CONTEXT(2) 
PARAMETRIC_REPRESENTATION_CONTEXT() REPRESENTATION_CONTEXT('2D SPACE',''
  ) );
#2442 = ORIENTED_EDGE('',*,*,#2443,.F.);
#2443 = EDGE_CURVE('',#2444,#2416,#2446,.T.);
#2444 = VERTEX_POINT('',#2445);
#2445 = CARTESIAN_POINT('',(145.,74.,58.));
#2446 = SURFACE_CURVE('',#2447,(#2451,#2458),.PCURVE_S1.);
#2447 = LINE('',#2448,#2449);
#2448 = CARTESIAN_POINT('',(145.,68.,58.));
#2449 = VECTOR('',#2450,1.);
#2450 = DIRECTION('',(-0.,-1.,-0.));
#2451 = PCURVE('',#2391,#2452);
#2452 = DEFINITIONAL_REPRESENTATION('',(#2453),#2457);
#2453 = LINE('',#2454,#2455);
#2454 = CARTESIAN_POINT('',(3.14159265359,0.));
#2455 = VECTOR('',#2456,1.);
#2456 = DIRECTION('',(0.,1.));
#2457 = ( GEOMETRIC_REPRESENTATION_CONTEXT(2) 
PARAMETRIC_REPRESENTATION_CONTEXT() REPRESENTATION_CONTEXT('2D SPACE',''
  ) );
#2458 = PCURVE('',#2403,#2459);
#2459 = DEFINITIONAL_REPRESENTATION('',(#2460),#2464);
#2460 = LINE('',#2461,#2462);
#2461 = CARTESIAN_POINT('',(3.14159265359,0.));
#2462 = VECTOR('',#2463,1.);
#2463 = DIRECTION('',(0.,1.));
#2464 = ( GEOMETRIC_REPRESENTATION_CONTEXT(2) 
PARAMETRIC_REPRESENTATION_CONTEXT() REPRESENTATION_CONTEXT('2D SPACE',''
  ) );
#2465 = ORIENTED_EDGE('',*,*,#2466,.T.);
#2466 = EDGE_CURVE('',#2444,#2381,#2467,.T.);
#2467 = SURFACE_CURVE('',#2468,(#2473,#2480),.PCURVE_S1.);
#2468 = CIRCLE('',#2469,5.5);
#2469 = AXIS2_PLACEMENT_3D('',#2470,#2471,#2472);
#2470 = CARTESIAN_POINT('',(145.,74.,52.5));
#2471 = DIRECTION('',(0.,-1.,-0.));
#2472 = DIRECTION('',(0.,0.,-1.));
#2473 = PCURVE('',#2391,#2474);
#2474 = DEFINITIONAL_REPRESENTATION('',(#2475),#2479);
#2475 = LINE('',#2476,#2477);
#2476 = CARTESIAN_POINT('',(0.,-6.));
#2477 = VECTOR('',#2478,1.);
#2478 = DIRECTION('',(1.,0.));
#2479 = ( GEOMETRIC_REPRESENTATION_CONTEXT(2) 
PARAMETRIC_REPRESENTATION_CONTEXT() REPRESENTATION_CONTEXT('2D SPACE',''
  ) );
#2480 = PCURVE('',#2481,#2486);
#2481 = PLANE('',#2482);
#2482 = AXIS2_PLACEMENT_3D('',#2483,#2484,#2485);
#2483 = CARTESIAN_POINT('',(148.25,74.,52.5));
#2484 = DIRECTION('',(0.,1.,0.));
#2485 = DIRECTION('',(0.,-0.,1.));
#2486 = DEFINITIONAL_REPRESENTATION('',(#2487),#2495);
#2487 = ( BOUNDED_CURVE() B_SPLINE_CURVE(2,(#2488,#2489,#2490,#2491,
#2492,#2493,#2494),.UNSPECIFIED.,.T.,.F.) B_SPLINE_CURVE_WITH_KNOTS((1,2
    ,2,2,2,1),(-2.094395102393,0.,2.094395102393,4.188790204786,
6.28318530718,8.377580409573),.UNSPECIFIED.) CURVE() 
GEOMETRIC_REPRESENTATION_ITEM() RATIONAL_B_SPLINE_CURVE((1.,0.5,1.,0.5,
1.,0.5,1.)) REPRESENTATION_ITEM('') );
#2488 = CARTESIAN_POINT('',(-5.5,-3.25));
#2489 = CARTESIAN_POINT('',(-5.5,6.276279441629));
#2490 = CARTESIAN_POINT('',(2.75,1.513139720814));
#2491 = CARTESIAN_POINT('',(11.,-3.25));
#2492 = CARTESIAN_POINT('',(2.75,-8.013139720814));
#2493 = CARTESIAN_POINT('',(-5.5,-12.77627944162));
#2494 = CARTESIAN_POINT('',(-5.5,-3.25));
#2495 = ( GEOMETRIC_REPRESENTATION_CONTEXT(2) 
PARAMETRIC_REPRESENTATION_CONTEXT() REPRESENTATION_CONTEXT('2D SPACE',''
  ) );
#2496 = ADVANCED_FACE('',(#2497),#2511,.F.);
#2497 = FACE_BOUND('',#2498,.F.);
#2498 = EDGE_LOOP('',(#2499,#2534,#2562,#2585));
#2499 = ORIENTED_EDGE('',*,*,#2500,.T.);
#2500 = EDGE_CURVE('',#2501,#2503,#2505,.T.);
#2501 = VERTEX_POINT('',#2502);
#2502 = CARTESIAN_POINT('',(145.,80.,49.25));
#2503 = VERTEX_POINT('',#2504);
#2504 = CARTESIAN_POINT('',(145.,74.,49.25));
#2505 = SURFACE_CURVE('',#2506,(#2510,#2522),.PCURVE_S1.);
#2506 = LINE('',#2507,#2508);
#2507 = CARTESIAN_POINT('',(145.,68.,49.25));
#2508 = VECTOR('',#2509,1.);
#2509 = DIRECTION('',(-0.,-1.,-0.));
#2510 = PCURVE('',#2511,#2516);
#2511 = CYLINDRICAL_SURFACE('',#2512,3.25);
#2512 = AXIS2_PLACEMENT_3D('',#2513,#2514,#2515);
#2513 = CARTESIAN_POINT('',(145.,68.,52.5));
#2514 = DIRECTION('',(-0.,-1.,-0.));
#2515 = DIRECTION('',(0.,0.,-1.));
#2516 = DEFINITIONAL_REPRESENTATION('',(#2517),#2521);
#2517 = LINE('',#2518,#2519);
#2518 = CARTESIAN_POINT('',(6.28318530718,0.));
#2519 = VECTOR('',#2520,1.);
#2520 = DIRECTION('',(0.,1.));
#2521 = ( GEOMETRIC_REPRESENTATION_CONTEXT(2) 
PARAMETRIC_REPRESENTATION_CONTEXT() REPRESENTATION_CONTEXT('2D SPACE',''
  ) );
#2522 = PCURVE('',#2523,#2528);
#2523 = CYLINDRICAL_SURFACE('',#2524,3.25);
#2524 = AXIS2_PLACEMENT_3D('',#2525,#2526,#2527);
#2525 = CARTESIAN_POINT('',(145.,68.,52.5));
#2526 = DIRECTION('',(-0.,-1.,-0.));
#2527 = DIRECTION('',(0.,0.,-1.));
#2528 = DEFINITIONAL_REPRESENTATION('',(#2529),#2533);
#2529 = LINE('',#2530,#2531);
#2530 = CARTESIAN_POINT('',(0.,0.));
#2531 = VECTOR('',#2532,1.);
#2532 = DIRECTION('',(0.,1.));
#2533 = ( GEOMETRIC_REPRESENTATION_CONTEXT(2) 
PARAMETRIC_REPRESENTATION_CONTEXT() REPRESENTATION_CONTEXT('2D SPACE',''
  ) );
#2534 = ORIENTED_EDGE('',*,*,#2535,.F.);
#2535 = EDGE_CURVE('',#2536,#2503,#2538,.T.);
#2536 = VERTEX_POINT('',#2537);
#2537 = CARTESIAN_POINT('',(145.,74.,55.75));
#2538 = SURFACE_CURVE('',#2539,(#2544,#2551),.PCURVE_S1.);
#2539 = CIRCLE('',#2540,3.25);
#2540 = AXIS2_PLACEMENT_3D('',#2541,#2542,#2543);
#2541 = CARTESIAN_POINT('',(145.,74.,52.5));
#2542 = DIRECTION('',(0.,-1.,-0.));
#2543 = DIRECTION('',(0.,0.,-1.));
#2544 = PCURVE('',#2511,#2545);
#2545 = DEFINITIONAL_REPRESENTATION('',(#2546),#2550);
#2546 = LINE('',#2547,#2548);
#2547 = CARTESIAN_POINT('',(0.,-6.));
#2548 = VECTOR('',#2549,1.);
#2549 = DIRECTION('',(1.,0.));
#2550 = ( GEOMETRIC_REPRESENTATION_CONTEXT(2) 
PARAMETRIC_REPRESENTATION_CONTEXT() REPRESENTATION_CONTEXT('2D SPACE',''
  ) );
#2551 = PCURVE('',#2481,#2552);
#2552 = DEFINITIONAL_REPRESENTATION('',(#2553),#2561);
#2553 = ( BOUNDED_CURVE() B_SPLINE_CURVE(2,(#2554,#2555,#2556,#2557,
#2558,#2559,#2560),.UNSPECIFIED.,.T.,.F.) B_SPLINE_CURVE_WITH_KNOTS((1,2
    ,2,2,2,1),(-2.094395102393,0.,2.094395102393,4.188790204786,
6.28318530718,8.377580409573),.UNSPECIFIED.) CURVE() 
GEOMETRIC_REPRESENTATION_ITEM() RATIONAL_B_SPLINE_CURVE((1.,0.5,1.,0.5,
1.,0.5,1.)) REPRESENTATION_ITEM('') );
#2554 = CARTESIAN_POINT('',(-3.25,-3.25));
#2555 = CARTESIAN_POINT('',(-3.25,2.379165124599));
#2556 = CARTESIAN_POINT('',(1.625,-0.435417437701));
#2557 = CARTESIAN_POINT('',(6.5,-3.25));
#2558 = CARTESIAN_POINT('',(1.625,-6.064582562299));
#2559 = CARTESIAN_POINT('',(-3.25,-8.879165124599));
#2560 = CARTESIAN_POINT('',(-3.25,-3.25));
#2561 = ( GEOMETRIC_REPRESENTATION_CONTEXT(2) 
PARAMETRIC_REPRESENTATION_CONTEXT() REPRESENTATION_CONTEXT('2D SPACE',''
  ) );
#2562 = ORIENTED_EDGE('',*,*,#2563,.F.);
#2563 = EDGE_CURVE('',#2564,#2536,#2566,.T.);
#2564 = VERTEX_POINT('',#2565);
#2565 = CARTESIAN_POINT('',(145.,80.,55.75));
#2566 = SURFACE_CURVE('',#2567,(#2571,#2578),.PCURVE_S1.);
#2567 = LINE('',#2568,#2569);
#2568 = CARTESIAN_POINT('',(145.,68.,55.75));
#2569 = VECTOR('',#2570,1.);
#2570 = DIRECTION('',(-0.,-1.,-0.));
#2571 = PCURVE('',#2511,#2572);
#2572 = DEFINITIONAL_REPRESENTATION('',(#2573),#2577);
#2573 = LINE('',#2574,#2575);
#2574 = CARTESIAN_POINT('',(3.14159265359,0.));
#2575 = VECTOR('',#2576,1.);
#2576 = DIRECTION('',(0.,1.));
#2577 = ( GEOMETRIC_REPRESENTATION_CONTEXT(2) 
PARAMETRIC_REPRESENTATION_CONTEXT() REPRESENTATION_CONTEXT('2D SPACE',''
  ) );
#2578 = PCURVE('',#2523,#2579);
#2579 = DEFINITIONAL_REPRESENTATION('',(#2580),#2584);
#2580 = LINE('',#2581,#2582);
#2581 = CARTESIAN_POINT('',(3.14159265359,0.));
#2582 = VECTOR('',#2583,1.);
#2583 = DIRECTION('',(0.,1.));
#2584 = ( GEOMETRIC_REPRESENTATION_CONTEXT(2) 
PARAMETRIC_REPRESENTATION_CONTEXT() REPRESENTATION_CONTEXT('2D SPACE',''
  ) );
#2585 = ORIENTED_EDGE('',*,*,#2586,.T.);
#2586 = EDGE_CURVE('',#2564,#2501,#2587,.T.);
#2587 = SURFACE_CURVE('',#2588,(#2593,#2600),.PCURVE_S1.);
#2588 = CIRCLE('',#2589,3.25);
#2589 = AXIS2_PLACEMENT_3D('',#2590,#2591,#2592);
#2590 = CARTESIAN_POINT('',(145.,80.,52.5));
#2591 = DIRECTION('',(0.,-1.,-0.));
#2592 = DIRECTION('',(0.,0.,-1.));
#2593 = PCURVE('',#2511,#2594);
#2594 = DEFINITIONAL_REPRESENTATION('',(#2595),#2599);
#2595 = LINE('',#2596,#2597);
#2596 = CARTESIAN_POINT('',(0.,-12.));
#2597 = VECTOR('',#2598,1.);
#2598 = DIRECTION('',(1.,0.));
#2599 = ( GEOMETRIC_REPRESENTATION_CONTEXT(2) 
PARAMETRIC_REPRESENTATION_CONTEXT() REPRESENTATION_CONTEXT('2D SPACE',''
  ) );
#2600 = PCURVE('',#646,#2601);
#2601 = DEFINITIONAL_REPRESENTATION('',(#2602),#2606);
#2602 = CIRCLE('',#2603,3.25);
#2603 = AXIS2_PLACEMENT_2D('',#2604,#2605);
#2604 = CARTESIAN_POINT('',(7.5,145.));
#2605 = DIRECTION('',(1.,0.));
#2606 = ( GEOMETRIC_REPRESENTATION_CONTEXT(2) 
PARAMETRIC_REPRESENTATION_CONTEXT() REPRESENTATION_CONTEXT('2D SPACE',''
  ) );
#2607 = ADVANCED_FACE('',(#2608),#2622,.F.);
#2608 = FACE_BOUND('',#2609,.F.);
#2609 = EDGE_LOOP('',(#2610,#2645,#2673,#2696));
#2610 = ORIENTED_EDGE('',*,*,#2611,.T.);
#2611 = EDGE_CURVE('',#2612,#2614,#2616,.T.);
#2612 = VERTEX_POINT('',#2613);
#2613 = CARTESIAN_POINT('',(105.,74.,47.));
#2614 = VERTEX_POINT('',#2615);
#2615 = CARTESIAN_POINT('',(105.,68.,47.));
#2616 = SURFACE_CURVE('',#2617,(#2621,#2633),.PCURVE_S1.);
#2617 = LINE('',#2618,#2619);
#2618 = CARTESIAN_POINT('',(105.,68.,47.));
#2619 = VECTOR('',#2620,1.);
#2620 = DIRECTION('',(-0.,-1.,-0.));
#2621 = PCURVE('',#2622,#2627);
#2622 = CYLINDRICAL_SURFACE('',#2623,5.5);
#2623 = AXIS2_PLACEMENT_3D('',#2624,#2625,#2626);
#2624 = CARTESIAN_POINT('',(105.,68.,52.5));
#2625 = DIRECTION('',(-0.,-1.,-0.));
#2626 = DIRECTION('',(0.,0.,-1.));
#2627 = DEFINITIONAL_REPRESENTATION('',(#2628),#2632);
#2628 = LINE('',#2629,#2630);
#2629 = CARTESIAN_POINT('',(6.28318530718,0.));
#2630 = VECTOR('',#2631,1.);
#2631 = DIRECTION('',(0.,1.));
#2632 = ( GEOMETRIC_REPRESENTATION_CONTEXT(2) 
PARAMETRIC_REPRESENTATION_CONTEXT() REPRESENTATION_CONTEXT('2D SPACE',''
  ) );
#2633 = PCURVE('',#2634,#2639);
#2634 = CYLINDRICAL_SURFACE('',#2635,5.5);
#2635 = AXIS2_PLACEMENT_3D('',#2636,#2637,#2638);
#2636 = CARTESIAN_POINT('',(105.,68.,52.5));
#2637 = DIRECTION('',(-0.,-1.,-0.));
#2638 = DIRECTION('',(0.,0.,-1.));
#2639 = DEFINITIONAL_REPRESENTATION('',(#2640),#2644);
#2640 = LINE('',#2641,#2642);
#2641 = CARTESIAN_POINT('',(0.,0.));
#2642 = VECTOR('',#2643,1.);
#2643 = DIRECTION('',(0.,1.));
#2644 = ( GEOMETRIC_REPRESENTATION_CONTEXT(2) 
PARAMETRIC_REPRESENTATION_CONTEXT() REPRESENTATION_CONTEXT('2D SPACE',''
  ) );
#2645 = ORIENTED_EDGE('',*,*,#2646,.F.);
#2646 = EDGE_CURVE('',#2647,#2614,#2649,.T.);
#2647 = VERTEX_POINT('',#2648);
#2648 = CARTESIAN_POINT('',(105.,68.,58.));
#2649 = SURFACE_CURVE('',#2650,(#2655,#2662),.PCURVE_S1.);
#2650 = CIRCLE('',#2651,5.5);
#2651 = AXIS2_PLACEMENT_3D('',#2652,#2653,#2654);
#2652 = CARTESIAN_POINT('',(105.,68.,52.5));
#2653 = DIRECTION('',(0.,-1.,-0.));
#2654 = DIRECTION('',(0.,0.,-1.));
#2655 = PCURVE('',#2622,#2656);
#2656 = DEFINITIONAL_REPRESENTATION('',(#2657),#2661);
#2657 = LINE('',#2658,#2659);
#2658 = CARTESIAN_POINT('',(0.,0.));
#2659 = VECTOR('',#2660,1.);
#2660 = DIRECTION('',(1.,0.));
#2661 = ( GEOMETRIC_REPRESENTATION_CONTEXT(2) 
PARAMETRIC_REPRESENTATION_CONTEXT() REPRESENTATION_CONTEXT('2D SPACE',''
  ) );
#2662 = PCURVE('',#592,#2663);
#2663 = DEFINITIONAL_REPRESENTATION('',(#2664),#2672);
#2664 = ( BOUNDED_CURVE() B_SPLINE_CURVE(2,(#2665,#2666,#2667,#2668,
#2669,#2670,#2671),.UNSPECIFIED.,.T.,.F.) B_SPLINE_CURVE_WITH_KNOTS((1,2
    ,2,2,2,1),(-2.094395102393,0.,2.094395102393,4.188790204786,
6.28318530718,8.377580409573),.UNSPECIFIED.) CURVE() 
GEOMETRIC_REPRESENTATION_ITEM() RATIONAL_B_SPLINE_CURVE((1.,0.5,1.,0.5,
1.,0.5,1.)) REPRESENTATION_ITEM('') );
#2665 = CARTESIAN_POINT('',(186.,-13.));
#2666 = CARTESIAN_POINT('',(176.47372055837,-13.));
#2667 = CARTESIAN_POINT('',(181.23686027918,-4.75));
#2668 = CARTESIAN_POINT('',(186.,3.5));
#2669 = CARTESIAN_POINT('',(190.76313972081,-4.75));
#2670 = CARTESIAN_POINT('',(195.52627944162,-13.));
#2671 = CARTESIAN_POINT('',(186.,-13.));
#2672 = ( GEOMETRIC_REPRESENTATION_CONTEXT(2) 
PARAMETRIC_REPRESENTATION_CONTEXT() REPRESENTATION_CONTEXT('2D SPACE',''
  ) );
#2673 = ORIENTED_EDGE('',*,*,#2674,.F.);
#2674 = EDGE_CURVE('',#2675,#2647,#2677,.T.);
#2675 = VERTEX_POINT('',#2676);
#2676 = CARTESIAN_POINT('',(105.,74.,58.));
#2677 = SURFACE_CURVE('',#2678,(#2682,#2689),.PCURVE_S1.);
#2678 = LINE('',#2679,#2680);
#2679 = CARTESIAN_POINT('',(105.,68.,58.));
#2680 = VECTOR('',#2681,1.);
#2681 = DIRECTION('',(-0.,-1.,-0.));
#2682 = PCURVE('',#2622,#2683);
#2683 = DEFINITIONAL_REPRESENTATION('',(#2684),#2688);
#2684 = LINE('',#2685,#2686);
#2685 = CARTESIAN_POINT('',(3.14159265359,0.));
#2686 = VECTOR('',#2687,1.);
#2687 = DIRECTION('',(0.,1.));
#2688 = ( GEOMETRIC_REPRESENTATION_CONTEXT(2) 
PARAMETRIC_REPRESENTATION_CONTEXT() REPRESENTATION_CONTEXT('2D SPACE',''
  ) );
#2689 = PCURVE('',#2634,#2690);
#2690 = DEFINITIONAL_REPRESENTATION('',(#2691),#2695);
#2691 = LINE('',#2692,#2693);
#2692 = CARTESIAN_POINT('',(3.14159265359,0.));
#2693 = VECTOR('',#2694,1.);
#2694 = DIRECTION('',(0.,1.));
#2695 = ( GEOMETRIC_REPRESENTATION_CONTEXT(2) 
PARAMETRIC_REPRESENTATION_CONTEXT() REPRESENTATION_CONTEXT('2D SPACE',''
  ) );
#2696 = ORIENTED_EDGE('',*,*,#2697,.T.);
#2697 = EDGE_CURVE('',#2675,#2612,#2698,.T.);
#2698 = SURFACE_CURVE('',#2699,(#2704,#2711),.PCURVE_S1.);
#2699 = CIRCLE('',#2700,5.5);
#2700 = AXIS2_PLACEMENT_3D('',#2701,#2702,#2703);
#2701 = CARTESIAN_POINT('',(105.,74.,52.5));
#2702 = DIRECTION('',(0.,-1.,-0.));
#2703 = DIRECTION('',(0.,0.,-1.));
#2704 = PCURVE('',#2622,#2705);
#2705 = DEFINITIONAL_REPRESENTATION('',(#2706),#2710);
#2706 = LINE('',#2707,#2708);
#2707 = CARTESIAN_POINT('',(0.,-6.));
#2708 = VECTOR('',#2709,1.);
#2709 = DIRECTION('',(1.,0.));
#2710 = ( GEOMETRIC_REPRESENTATION_CONTEXT(2) 
PARAMETRIC_REPRESENTATION_CONTEXT() REPRESENTATION_CONTEXT('2D SPACE',''
  ) );
#2711 = PCURVE('',#2712,#2717);
#2712 = PLANE('',#2713);
#2713 = AXIS2_PLACEMENT_3D('',#2714,#2715,#2716);
#2714 = CARTESIAN_POINT('',(108.25,74.,52.5));
#2715 = DIRECTION('',(0.,1.,0.));
#2716 = DIRECTION('',(0.,-0.,1.));
#2717 = DEFINITIONAL_REPRESENTATION('',(#2718),#2726);
#2718 = ( BOUNDED_CURVE() B_SPLINE_CURVE(2,(#2719,#2720,#2721,#2722,
#2723,#2724,#2725),.UNSPECIFIED.,.T.,.F.) B_SPLINE_CURVE_WITH_KNOTS((1,2
    ,2,2,2,1),(-2.094395102393,0.,2.094395102393,4.188790204786,
6.28318530718,8.377580409573),.UNSPECIFIED.) CURVE() 
GEOMETRIC_REPRESENTATION_ITEM() RATIONAL_B_SPLINE_CURVE((1.,0.5,1.,0.5,
1.,0.5,1.)) REPRESENTATION_ITEM('') );
#2719 = CARTESIAN_POINT('',(-5.5,-3.25));
#2720 = CARTESIAN_POINT('',(-5.5,6.276279441629));
#2721 = CARTESIAN_POINT('',(2.75,1.513139720814));
#2722 = CARTESIAN_POINT('',(11.,-3.25));
#2723 = CARTESIAN_POINT('',(2.75,-8.013139720814));
#2724 = CARTESIAN_POINT('',(-5.5,-12.77627944162));
#2725 = CARTESIAN_POINT('',(-5.5,-3.25));
#2726 = ( GEOMETRIC_REPRESENTATION_CONTEXT(2) 
PARAMETRIC_REPRESENTATION_CONTEXT() REPRESENTATION_CONTEXT('2D SPACE',''
  ) );
#2727 = ADVANCED_FACE('',(#2728),#2742,.F.);
#2728 = FACE_BOUND('',#2729,.F.);
#2729 = EDGE_LOOP('',(#2730,#2765,#2793,#2816));
#2730 = ORIENTED_EDGE('',*,*,#2731,.T.);
#2731 = EDGE_CURVE('',#2732,#2734,#2736,.T.);
#2732 = VERTEX_POINT('',#2733);
#2733 = CARTESIAN_POINT('',(105.,80.,49.25));
#2734 = VERTEX_POINT('',#2735);
#2735 = CARTESIAN_POINT('',(105.,74.,49.25));
#2736 = SURFACE_CURVE('',#2737,(#2741,#2753),.PCURVE_S1.);
#2737 = LINE('',#2738,#2739);
#2738 = CARTESIAN_POINT('',(105.,68.,49.25));
#2739 = VECTOR('',#2740,1.);
#2740 = DIRECTION('',(-0.,-1.,-0.));
#2741 = PCURVE('',#2742,#2747);
#2742 = CYLINDRICAL_SURFACE('',#2743,3.25);
#2743 = AXIS2_PLACEMENT_3D('',#2744,#2745,#2746);
#2744 = CARTESIAN_POINT('',(105.,68.,52.5));
#2745 = DIRECTION('',(-0.,-1.,-0.));
#2746 = DIRECTION('',(0.,0.,-1.));
#2747 = DEFINITIONAL_REPRESENTATION('',(#2748),#2752);
#2748 = LINE('',#2749,#2750);
#2749 = CARTESIAN_POINT('',(6.28318530718,0.));
#2750 = VECTOR('',#2751,1.);
#2751 = DIRECTION('',(0.,1.));
#2752 = ( GEOMETRIC_REPRESENTATION_CONTEXT(2) 
PARAMETRIC_REPRESENTATION_CONTEXT() REPRESENTATION_CONTEXT('2D SPACE',''
  ) );
#2753 = PCURVE('',#2754,#2759);
#2754 = CYLINDRICAL_SURFACE('',#2755,3.25);
#2755 = AXIS2_PLACEMENT_3D('',#2756,#2757,#2758);
#2756 = CARTESIAN_POINT('',(105.,68.,52.5));
#2757 = DIRECTION('',(-0.,-1.,-0.));
#2758 = DIRECTION('',(0.,0.,-1.));
#2759 = DEFINITIONAL_REPRESENTATION('',(#2760),#2764);
#2760 = LINE('',#2761,#2762);
#2761 = CARTESIAN_POINT('',(0.,0.));
#2762 = VECTOR('',#2763,1.);
#2763 = DIRECTION('',(0.,1.));
#2764 = ( GEOMETRIC_REPRESENTATION_CONTEXT(2) 
PARAMETRIC_REPRESENTATION_CONTEXT() REPRESENTATION_CONTEXT('2D SPACE',''
  ) );
#2765 = ORIENTED_EDGE('',*,*,#2766,.F.);
#2766 = EDGE_CURVE('',#2767,#2734,#2769,.T.);
#2767 = VERTEX_POINT('',#2768);
#2768 = CARTESIAN_POINT('',(105.,74.,55.75));
#2769 = SURFACE_CURVE('',#2770,(#2775,#2782),.PCURVE_S1.);
#2770 = CIRCLE('',#2771,3.25);
#2771 = AXIS2_PLACEMENT_3D('',#2772,#2773,#2774);
#2772 = CARTESIAN_POINT('',(105.,74.,52.5));
#2773 = DIRECTION('',(0.,-1.,-0.));
#2774 = DIRECTION('',(0.,0.,-1.));
#2775 = PCURVE('',#2742,#2776);
#2776 = DEFINITIONAL_REPRESENTATION('',(#2777),#2781);
#2777 = LINE('',#2778,#2779);
#2778 = CARTESIAN_POINT('',(0.,-6.));
#2779 = VECTOR('',#2780,1.);
#2780 = DIRECTION('',(1.,0.));
#2781 = ( GEOMETRIC_REPRESENTATION_CONTEXT(2) 
PARAMETRIC_REPRESENTATION_CONTEXT() REPRESENTATION_CONTEXT('2D SPACE',''
  ) );
#2782 = PCURVE('',#2712,#2783);
#2783 = DEFINITIONAL_REPRESENTATION('',(#2784),#2792);
#2784 = ( BOUNDED_CURVE() B_SPLINE_CURVE(2,(#2785,#2786,#2787,#2788,
#2789,#2790,#2791),.UNSPECIFIED.,.T.,.F.) B_SPLINE_CURVE_WITH_KNOTS((1,2
    ,2,2,2,1),(-2.094395102393,0.,2.094395102393,4.188790204786,
6.28318530718,8.377580409573),.UNSPECIFIED.) CURVE() 
GEOMETRIC_REPRESENTATION_ITEM() RATIONAL_B_SPLINE_CURVE((1.,0.5,1.,0.5,
1.,0.5,1.)) REPRESENTATION_ITEM('') );
#2785 = CARTESIAN_POINT('',(-3.25,-3.25));
#2786 = CARTESIAN_POINT('',(-3.25,2.379165124599));
#2787 = CARTESIAN_POINT('',(1.625,-0.435417437701));
#2788 = CARTESIAN_POINT('',(6.5,-3.25));
#2789 = CARTESIAN_POINT('',(1.625,-6.064582562299));
#2790 = CARTESIAN_POINT('',(-3.25,-8.879165124599));
#2791 = CARTESIAN_POINT('',(-3.25,-3.25));
#2792 = ( GEOMETRIC_REPRESENTATION_CONTEXT(2) 
PARAMETRIC_REPRESENTATION_CONTEXT() REPRESENTATION_CONTEXT('2D SPACE',''
  ) );
#2793 = ORIENTED_EDGE('',*,*,#2794,.F.);
#2794 = EDGE_CURVE('',#2795,#2767,#2797,.T.);
#2795 = VERTEX_POINT('',#2796);
#2796 = CARTESIAN_POINT('',(105.,80.,55.75));
#2797 = SURFACE_CURVE('',#2798,(#2802,#2809),.PCURVE_S1.);
#2798 = LINE('',#2799,#2800);
#2799 = CARTESIAN_POINT('',(105.,68.,55.75));
#2800 = VECTOR('',#2801,1.);
#2801 = DIRECTION('',(-0.,-1.,-0.));
#2802 = PCURVE('',#2742,#2803);
#2803 = DEFINITIONAL_REPRESENTATION('',(#2804),#2808);
#2804 = LINE('',#2805,#2806);
#2805 = CARTESIAN_POINT('',(3.14159265359,0.));
#2806 = VECTOR('',#2807,1.);
#2807 = DIRECTION('',(0.,1.));
#2808 = ( GEOMETRIC_REPRESENTATION_CONTEXT(2) 
PARAMETRIC_REPRESENTATION_CONTEXT() REPRESENTATION_CONTEXT('2D SPACE',''
  ) );
#2809 = PCURVE('',#2754,#2810);
#2810 = DEFINITIONAL_REPRESENTATION('',(#2811),#2815);
#2811 = LINE('',#2812,#2813);
#2812 = CARTESIAN_POINT('',(3.14159265359,0.));
#2813 = VECTOR('',#2814,1.);
#2814 = DIRECTION('',(0.,1.));
#2815 = ( GEOMETRIC_REPRESENTATION_CONTEXT(2) 
PARAMETRIC_REPRESENTATION_CONTEXT() REPRESENTATION_CONTEXT('2D SPACE',''
  ) );
#2816 = ORIENTED_EDGE('',*,*,#2817,.T.);
#2817 = EDGE_CURVE('',#2795,#2732,#2818,.T.);
#2818 = SURFACE_CURVE('',#2819,(#2824,#2831),.PCURVE_S1.);
#2819 = CIRCLE('',#2820,3.25);
#2820 = AXIS2_PLACEMENT_3D('',#2821,#2822,#2823);
#2821 = CARTESIAN_POINT('',(105.,80.,52.5));
#2822 = DIRECTION('',(0.,-1.,-0.));
#2823 = DIRECTION('',(0.,0.,-1.));
#2824 = PCURVE('',#2742,#2825);
#2825 = DEFINITIONAL_REPRESENTATION('',(#2826),#2830);
#2826 = LINE('',#2827,#2828);
#2827 = CARTESIAN_POINT('',(0.,-12.));
#2828 = VECTOR('',#2829,1.);
#2829 = DIRECTION('',(1.,0.));
#2830 = ( GEOMETRIC_REPRESENTATION_CONTEXT(2) 
PARAMETRIC_REPRESENTATION_CONTEXT() REPRESENTATION_CONTEXT('2D SPACE',''
  ) );
#2831 = PCURVE('',#646,#2832);
#2832 = DEFINITIONAL_REPRESENTATION('',(#2833),#2837);
#2833 = CIRCLE('',#2834,3.25);
#2834 = AXIS2_PLACEMENT_2D('',#2835,#2836);
#2835 = CARTESIAN_POINT('',(7.5,105.));
#2836 = DIRECTION('',(1.,0.));
#2837 = ( GEOMETRIC_REPRESENTATION_CONTEXT(2) 
PARAMETRIC_REPRESENTATION_CONTEXT() REPRESENTATION_CONTEXT('2D SPACE',''
  ) );
#2838 = ADVANCED_FACE('',(#2839),#2853,.F.);
#2839 = FACE_BOUND('',#2840,.F.);
#2840 = EDGE_LOOP('',(#2841,#2876,#2905,#2928));
#2841 = ORIENTED_EDGE('',*,*,#2842,.T.);
#2842 = EDGE_CURVE('',#2843,#2845,#2847,.T.);
#2843 = VERTEX_POINT('',#2844);
#2844 = CARTESIAN_POINT('',(268.5,74.,14.));
#2845 = VERTEX_POINT('',#2846);
#2846 = CARTESIAN_POINT('',(268.5,74.,-1.24913973513E-15));
#2847 = SURFACE_CURVE('',#2848,(#2852,#2864),.PCURVE_S1.);
#2848 = LINE('',#2849,#2850);
#2849 = CARTESIAN_POINT('',(268.5,74.,0.));
#2850 = VECTOR('',#2851,1.);
#2851 = DIRECTION('',(-0.,-0.,-1.));
#2852 = PCURVE('',#2853,#2858);
#2853 = CYLINDRICAL_SURFACE('',#2854,2.5);
#2854 = AXIS2_PLACEMENT_3D('',#2855,#2856,#2857);
#2855 = CARTESIAN_POINT('',(271.,74.,0.));
#2856 = DIRECTION('',(-0.,-0.,-1.));
#2857 = DIRECTION('',(-1.,0.,0.));
#2858 = DEFINITIONAL_REPRESENTATION('',(#2859),#2863);
#2859 = LINE('',#2860,#2861);
#2860 = CARTESIAN_POINT('',(6.28318530718,0.));
#2861 = VECTOR('',#2862,1.);
#2862 = DIRECTION('',(0.,1.));
#2863 = ( GEOMETRIC_REPRESENTATION_CONTEXT(2) 
PARAMETRIC_REPRESENTATION_CONTEXT() REPRESENTATION_CONTEXT('2D SPACE',''
  ) );
#2864 = PCURVE('',#2865,#2870);
#2865 = CYLINDRICAL_SURFACE('',#2866,2.5);
#2866 = AXIS2_PLACEMENT_3D('',#2867,#2868,#2869);
#2867 = CARTESIAN_POINT('',(271.,74.,0.));
#2868 = DIRECTION('',(-0.,-0.,-1.));
#2869 = DIRECTION('',(-1.,0.,0.));
#2870 = DEFINITIONAL_REPRESENTATION('',(#2871),#2875);
#2871 = LINE('',#2872,#2873);
#2872 = CARTESIAN_POINT('',(0.,0.));
#2873 = VECTOR('',#2874,1.);
#2874 = DIRECTION('',(0.,1.));
#2875 = ( GEOMETRIC_REPRESENTATION_CONTEXT(2) 
PARAMETRIC_REPRESENTATION_CONTEXT() REPRESENTATION_CONTEXT('2D SPACE',''
  ) );
#2876 = ORIENTED_EDGE('',*,*,#2877,.F.);
#2877 = EDGE_CURVE('',#2878,#2845,#2880,.T.);
#2878 = VERTEX_POINT('',#2879);
#2879 = CARTESIAN_POINT('',(273.5,74.,-1.24913973513E-15));
#2880 = SURFACE_CURVE('',#2881,(#2886,#2893),.PCURVE_S1.);
#2881 = CIRCLE('',#2882,2.5);
#2882 = AXIS2_PLACEMENT_3D('',#2883,#2884,#2885);
#2883 = CARTESIAN_POINT('',(271.,74.,-1.24913973513E-15));
#2884 = DIRECTION('',(-0.,0.,-1.));
#2885 = DIRECTION('',(-1.,0.,0.));
#2886 = PCURVE('',#2853,#2887);
#2887 = DEFINITIONAL_REPRESENTATION('',(#2888),#2892);
#2888 = LINE('',#2889,#2890);
#2889 = CARTESIAN_POINT('',(0.,1.24913973513E-15));
#2890 = VECTOR('',#2891,1.);
#2891 = DIRECTION('',(1.,0.));
#2892 = ( GEOMETRIC_REPRESENTATION_CONTEXT(2) 
PARAMETRIC_REPRESENTATION_CONTEXT() REPRESENTATION_CONTEXT('2D SPACE',''
  ) );
#2893 = PCURVE('',#2894,#2899);
#2894 = PLANE('',#2895);
#2895 = AXIS2_PLACEMENT_3D('',#2896,#2897,#2898);
#2896 = CARTESIAN_POINT('',(0.,0.,0.));
#2897 = DIRECTION('',(0.,0.,-1.));
#2898 = DIRECTION('',(-1.,0.,0.));
#2899 = DEFINITIONAL_REPRESENTATION('',(#2900),#2904);
#2900 = CIRCLE('',#2901,2.5);
#2901 = AXIS2_PLACEMENT_2D('',#2902,#2903);
#2902 = CARTESIAN_POINT('',(-271.,74.));
#2903 = DIRECTION('',(1.,0.));
#2904 = ( GEOMETRIC_REPRESENTATION_CONTEXT(2) 
PARAMETRIC_REPRESENTATION_CONTEXT() REPRESENTATION_CONTEXT('2D SPACE',''
  ) );
#2905 = ORIENTED_EDGE('',*,*,#2906,.F.);
#2906 = EDGE_CURVE('',#2907,#2878,#2909,.T.);
#2907 = VERTEX_POINT('',#2908);
#2908 = CARTESIAN_POINT('',(273.5,74.,14.));
#2909 = SURFACE_CURVE('',#2910,(#2914,#2921),.PCURVE_S1.);
#2910 = LINE('',#2911,#2912);
#2911 = CARTESIAN_POINT('',(273.5,74.,0.));
#2912 = VECTOR('',#2913,1.);
#2913 = DIRECTION('',(-0.,-0.,-1.));
#2914 = PCURVE('',#2853,#2915);
#2915 = DEFINITIONAL_REPRESENTATION('',(#2916),#2920);
#2916 = LINE('',#2917,#2918);
#2917 = CARTESIAN_POINT('',(3.14159265359,0.));
#2918 = VECTOR('',#2919,1.);
#2919 = DIRECTION('',(0.,1.));
#2920 = ( GEOMETRIC_REPRESENTATION_CONTEXT(2) 
PARAMETRIC_REPRESENTATION_CONTEXT() REPRESENTATION_CONTEXT('2D SPACE',''
  ) );
#2921 = PCURVE('',#2865,#2922);
#2922 = DEFINITIONAL_REPRESENTATION('',(#2923),#2927);
#2923 = LINE('',#2924,#2925);
#2924 = CARTESIAN_POINT('',(3.14159265359,0.));
#2925 = VECTOR('',#2926,1.);
#2926 = DIRECTION('',(0.,1.));
#2927 = ( GEOMETRIC_REPRESENTATION_CONTEXT(2) 
PARAMETRIC_REPRESENTATION_CONTEXT() REPRESENTATION_CONTEXT('2D SPACE',''
  ) );
#2928 = ORIENTED_EDGE('',*,*,#2929,.T.);
#2929 = EDGE_CURVE('',#2907,#2843,#2930,.T.);
#2930 = SURFACE_CURVE('',#2931,(#2936,#2943),.PCURVE_S1.);
#2931 = CIRCLE('',#2932,2.5);
#2932 = AXIS2_PLACEMENT_3D('',#2933,#2934,#2935);
#2933 = CARTESIAN_POINT('',(271.,74.,14.));
#2934 = DIRECTION('',(-0.,0.,-1.));
#2935 = DIRECTION('',(-1.,0.,0.));
#2936 = PCURVE('',#2853,#2937);
#2937 = DEFINITIONAL_REPRESENTATION('',(#2938),#2942);
#2938 = LINE('',#2939,#2940);
#2939 = CARTESIAN_POINT('',(0.,-14.));
#2940 = VECTOR('',#2941,1.);
#2941 = DIRECTION('',(1.,0.));
#2942 = ( GEOMETRIC_REPRESENTATION_CONTEXT(2) 
PARAMETRIC_REPRESENTATION_CONTEXT() REPRESENTATION_CONTEXT('2D SPACE',''
  ) );
#2943 = PCURVE('',#2944,#2949);
#2944 = CONICAL_SURFACE('',#2945,2.5,1.029744258677);
#2945 = AXIS2_PLACEMENT_3D('',#2946,#2947,#2948);
#2946 = CARTESIAN_POINT('',(271.,74.,14.));
#2947 = DIRECTION('',(-0.,-0.,-1.));
#2948 = DIRECTION('',(-1.,0.,0.));
#2949 = DEFINITIONAL_REPRESENTATION('',(#2950),#2954);
#2950 = LINE('',#2951,#2952);
#2951 = CARTESIAN_POINT('',(0.,-9.802687471293E-16));
#2952 = VECTOR('',#2953,1.);
#2953 = DIRECTION('',(1.,0.));
#2954 = ( GEOMETRIC_REPRESENTATION_CONTEXT(2) 
PARAMETRIC_REPRESENTATION_CONTEXT() REPRESENTATION_CONTEXT('2D SPACE',''
  ) );
#2955 = ADVANCED_FACE('',(#2956),#2944,.F.);
#2956 = FACE_BOUND('',#2957,.F.);
#2957 = EDGE_LOOP('',(#2958,#2959,#3031));
#2958 = ORIENTED_EDGE('',*,*,#2929,.F.);
#2959 = ORIENTED_EDGE('',*,*,#2960,.F.);
#2960 = EDGE_CURVE('',#2961,#2907,#2963,.T.);
#2961 = VERTEX_POINT('',#2962);
#2962 = CARTESIAN_POINT('',(271.,74.,15.502151547569));
#2963 = SURFACE_CURVE('',#2964,(#2968,#2997),.PCURVE_S1.);
#2964 = LINE('',#2965,#2966);
#2965 = CARTESIAN_POINT('',(273.5,74.,14.));
#2966 = VECTOR('',#2967,1.);
#2967 = DIRECTION('',(0.857167300702,1.049727191139E-16,-0.51503807491)
  );
#2968 = PCURVE('',#2944,#2969);
#2969 = DEFINITIONAL_REPRESENTATION('',(#2970),#2996);
#2970 = B_SPLINE_CURVE_WITH_KNOTS('',3,(#2971,#2972,#2973,#2974,#2975,
    #2976,#2977,#2978,#2979,#2980,#2981,#2982,#2983,#2984,#2985,#2986,
    #2987,#2988,#2989,#2990,#2991,#2992,#2993,#2994,#2995),
  .UNSPECIFIED.,.F.,.F.,(4,1,1,1,1,1,1,1,1,1,1,1,1,1,1,1,1,1,1,1,1,1,4),
  (-2.916583493038,-2.784011516082,-2.651439539126,-2.518867562169,
    -2.386295585213,-2.253723608257,-2.121151631301,-1.988579654344,
    -1.856007677388,-1.723435700432,-1.590863723475,-1.458291746519,
    -1.325719769563,-1.193147792607,-1.06057581565,-0.928003838694,
    -0.795431861738,-0.662859884781,-0.530287907825,-0.397715930869,
    -0.265143953913,-0.132571976956,0.),.QUASI_UNIFORM_KNOTS.);
#2971 = CARTESIAN_POINT('',(3.14159265359,-1.502151547569));
#2972 = CARTESIAN_POINT('',(3.14159265359,-1.479391675636));
#2973 = CARTESIAN_POINT('',(3.14159265359,-1.43387193177));
#2974 = CARTESIAN_POINT('',(3.14159265359,-1.365592315972));
#2975 = CARTESIAN_POINT('',(3.14159265359,-1.297312700173));
#2976 = CARTESIAN_POINT('',(3.14159265359,-1.229033084375));
#2977 = CARTESIAN_POINT('',(3.14159265359,-1.160753468576));
#2978 = CARTESIAN_POINT('',(3.14159265359,-1.092473852777));
#2979 = CARTESIAN_POINT('',(3.14159265359,-1.024194236979));
#2980 = CARTESIAN_POINT('',(3.14159265359,-0.95591462118));
#2981 = CARTESIAN_POINT('',(3.14159265359,-0.887635005382));
#2982 = CARTESIAN_POINT('',(3.14159265359,-0.819355389583));
#2983 = CARTESIAN_POINT('',(3.14159265359,-0.751075773784));
#2984 = CARTESIAN_POINT('',(3.14159265359,-0.682796157986));
#2985 = CARTESIAN_POINT('',(3.14159265359,-0.614516542187));
#2986 = CARTESIAN_POINT('',(3.14159265359,-0.546236926389));
#2987 = CARTESIAN_POINT('',(3.14159265359,-0.47795731059));
#2988 = CARTESIAN_POINT('',(3.14159265359,-0.409677694792));
#2989 = CARTESIAN_POINT('',(3.14159265359,-0.341398078993));
#2990 = CARTESIAN_POINT('',(3.14159265359,-0.273118463194));
#2991 = CARTESIAN_POINT('',(3.14159265359,-0.204838847396));
#2992 = CARTESIAN_POINT('',(3.14159265359,-0.136559231597));
#2993 = CARTESIAN_POINT('',(3.14159265359,-6.827961579859E-02));
#2994 = CARTESIAN_POINT('',(3.14159265359,-2.275987193286E-02));
#2995 = CARTESIAN_POINT('',(3.14159265359,-9.802687471293E-16));
#2996 = ( GEOMETRIC_REPRESENTATION_CONTEXT(2) 
PARAMETRIC_REPRESENTATION_CONTEXT() REPRESENTATION_CONTEXT('2D SPACE',''
  ) );
#2997 = PCURVE('',#2998,#3003);
#2998 = CONICAL_SURFACE('',#2999,2.5,1.029744258677);
#2999 = AXIS2_PLACEMENT_3D('',#3000,#3001,#3002);
#3000 = CARTESIAN_POINT('',(271.,74.,14.));
#3001 = DIRECTION('',(-0.,-0.,-1.));
#3002 = DIRECTION('',(-1.,0.,0.));
#3003 = DEFINITIONAL_REPRESENTATION('',(#3004),#3030);
#3004 = B_SPLINE_CURVE_WITH_KNOTS('',3,(#3005,#3006,#3007,#3008,#3009,
    #3010,#3011,#3012,#3013,#3014,#3015,#3016,#3017,#3018,#3019,#3020,
    #3021,#3022,#3023,#3024,#3025,#3026,#3027,#3028,#3029),
  .UNSPECIFIED.,.F.,.F.,(4,1,1,1,1,1,1,1,1,1,1,1,1,1,1,1,1,1,1,1,1,1,4),
  (-2.916583493038,-2.784011516082,-2.651439539126,-2.518867562169,
    -2.386295585213,-2.253723608257,-2.121151631301,-1.988579654344,
    -1.856007677388,-1.723435700432,-1.590863723475,-1.458291746519,
    -1.325719769563,-1.193147792607,-1.06057581565,-0.928003838694,
    -0.795431861738,-0.662859884781,-0.530287907825,-0.397715930869,
    -0.265143953913,-0.132571976956,0.),.QUASI_UNIFORM_KNOTS.);
#3005 = CARTESIAN_POINT('',(3.14159265359,-1.502151547569));
#3006 = CARTESIAN_POINT('',(3.14159265359,-1.479391675636));
#3007 = CARTESIAN_POINT('',(3.14159265359,-1.43387193177));
#3008 = CARTESIAN_POINT('',(3.14159265359,-1.365592315972));
#3009 = CARTESIAN_POINT('',(3.14159265359,-1.297312700173));
#3010 = CARTESIAN_POINT('',(3.14159265359,-1.229033084375));
#3011 = CARTESIAN_POINT('',(3.14159265359,-1.160753468576));
#3012 = CARTESIAN_POINT('',(3.14159265359,-1.092473852777));
#3013 = CARTESIAN_POINT('',(3.14159265359,-1.024194236979));
#3014 = CARTESIAN_POINT('',(3.14159265359,-0.95591462118));
#3015 = CARTESIAN_POINT('',(3.14159265359,-0.887635005382));
#3016 = CARTESIAN_POINT('',(3.14159265359,-0.819355389583));
#3017 = CARTESIAN_POINT('',(3.14159265359,-0.751075773784));
#3018 = CARTESIAN_POINT('',(3.14159265359,-0.682796157986));
#3019 = CARTESIAN_POINT('',(3.14159265359,-0.614516542187));
#3020 = CARTESIAN_POINT('',(3.14159265359,-0.546236926389));
#3021 = CARTESIAN_POINT('',(3.14159265359,-0.47795731059));
#3022 = CARTESIAN_POINT('',(3.14159265359,-0.409677694792));
#3023 = CARTESIAN_POINT('',(3.14159265359,-0.341398078993));
#3024 = CARTESIAN_POINT('',(3.14159265359,-0.273118463194));
#3025 = CARTESIAN_POINT('',(3.14159265359,-0.204838847396));
#3026 = CARTESIAN_POINT('',(3.14159265359,-0.136559231597));
#3027 = CARTESIAN_POINT('',(3.14159265359,-6.827961579859E-02));
#3028 = CARTESIAN_POINT('',(3.14159265359,-2.275987193286E-02));
#3029 = CARTESIAN_POINT('',(3.14159265359,-9.802687471293E-16));
#3030 = ( GEOMETRIC_REPRESENTATION_CONTEXT(2) 
PARAMETRIC_REPRESENTATION_CONTEXT() REPRESENTATION_CONTEXT('2D SPACE',''
  ) );
#3031 = ORIENTED_EDGE('',*,*,#3032,.T.);
#3032 = EDGE_CURVE('',#2961,#2843,#3033,.T.);
#3033 = SURFACE_CURVE('',#3034,(#3038,#3045),.PCURVE_S1.);
#3034 = LINE('',#3035,#3036);
#3035 = CARTESIAN_POINT('',(268.5,74.,14.));
#3036 = VECTOR('',#3037,1.);
#3037 = DIRECTION('',(-0.857167300702,0.,-0.51503807491));
#3038 = PCURVE('',#2944,#3039);
#3039 = DEFINITIONAL_REPRESENTATION('',(#3040),#3044);
#3040 = LINE('',#3041,#3042);
#3041 = CARTESIAN_POINT('',(6.28318530718,-1.143614258648E-15));
#3042 = VECTOR('',#3043,1.);
#3043 = DIRECTION('',(0.,1.));
#3044 = ( GEOMETRIC_REPRESENTATION_CONTEXT(2) 
PARAMETRIC_REPRESENTATION_CONTEXT() REPRESENTATION_CONTEXT('2D SPACE',''
  ) );
#3045 = PCURVE('',#2998,#3046);
#3046 = DEFINITIONAL_REPRESENTATION('',(#3047),#3051);
#3047 = LINE('',#3048,#3049);
#3048 = CARTESIAN_POINT('',(0.,-1.143614258648E-15));
#3049 = VECTOR('',#3050,1.);
#3050 = DIRECTION('',(0.,1.));
#3051 = ( GEOMETRIC_REPRESENTATION_CONTEXT(2) 
PARAMETRIC_REPRESENTATION_CONTEXT() REPRESENTATION_CONTEXT('2D SPACE',''
  ) );
#3052 = ADVANCED_FACE('',(#3053),#3067,.F.);
#3053 = FACE_BOUND('',#3054,.F.);
#3054 = EDGE_LOOP('',(#3055,#3090,#3114,#3137));
#3055 = ORIENTED_EDGE('',*,*,#3056,.T.);
#3056 = EDGE_CURVE('',#3057,#3059,#3061,.T.);
#3057 = VERTEX_POINT('',#3058);
#3058 = CARTESIAN_POINT('',(180.5,74.,14.));
#3059 = VERTEX_POINT('',#3060);
#3060 = CARTESIAN_POINT('',(180.5,74.,-1.24913973513E-15));
#3061 = SURFACE_CURVE('',#3062,(#3066,#3078),.PCURVE_S1.);
#3062 = LINE('',#3063,#3064);
#3063 = CARTESIAN_POINT('',(180.5,74.,0.));
#3064 = VECTOR('',#3065,1.);
#3065 = DIRECTION('',(-0.,-0.,-1.));
#3066 = PCURVE('',#3067,#3072);
#3067 = CYLINDRICAL_SURFACE('',#3068,2.5);
#3068 = AXIS2_PLACEMENT_3D('',#3069,#3070,#3071);
#3069 = CARTESIAN_POINT('',(183.,74.,0.));
#3070 = DIRECTION('',(-0.,-0.,-1.));
#3071 = DIRECTION('',(-1.,0.,0.));
#3072 = DEFINITIONAL_REPRESENTATION('',(#3073),#3077);
#3073 = LINE('',#3074,#3075);
#3074 = CARTESIAN_POINT('',(6.28318530718,0.));
#3075 = VECTOR('',#3076,1.);
#3076 = DIRECTION('',(0.,1.));
#3077 = ( GEOMETRIC_REPRESENTATION_CONTEXT(2) 
PARAMETRIC_REPRESENTATION_CONTEXT() REPRESENTATION_CONTEXT('2D SPACE',''
  ) );
#3078 = PCURVE('',#3079,#3084);
#3079 = CYLINDRICAL_SURFACE('',#3080,2.5);
#3080 = AXIS2_PLACEMENT_3D('',#3081,#3082,#3083);
#3081 = CARTESIAN_POINT('',(183.,74.,0.));
#3082 = DIRECTION('',(-0.,-0.,-1.));
#3083 = DIRECTION('',(-1.,0.,0.));
#3084 = DEFINITIONAL_REPRESENTATION('',(#3085),#3089);
#3085 = LINE('',#3086,#3087);
#3086 = CARTESIAN_POINT('',(0.,0.));
#3087 = VECTOR('',#3088,1.);
#3088 = DIRECTION('',(0.,1.));
#3089 = ( GEOMETRIC_REPRESENTATION_CONTEXT(2) 
PARAMETRIC_REPRESENTATION_CONTEXT() REPRESENTATION_CONTEXT('2D SPACE',''
  ) );
#3090 = ORIENTED_EDGE('',*,*,#3091,.F.);
#3091 = EDGE_CURVE('',#3092,#3059,#3094,.T.);
#3092 = VERTEX_POINT('',#3093);
#3093 = CARTESIAN_POINT('',(185.5,74.,-1.24913973513E-15));
#3094 = SURFACE_CURVE('',#3095,(#3100,#3107),.PCURVE_S1.);
#3095 = CIRCLE('',#3096,2.5);
#3096 = AXIS2_PLACEMENT_3D('',#3097,#3098,#3099);
#3097 = CARTESIAN_POINT('',(183.,74.,-1.24913973513E-15));
#3098 = DIRECTION('',(-0.,0.,-1.));
#3099 = DIRECTION('',(-1.,0.,0.));
#3100 = PCURVE('',#3067,#3101);
#3101 = DEFINITIONAL_REPRESENTATION('',(#3102),#3106);
#3102 = LINE('',#3103,#3104);
#3103 = CARTESIAN_POINT('',(0.,1.24913973513E-15));
#3104 = VECTOR('',#3105,1.);
#3105 = DIRECTION('',(1.,0.));
#3106 = ( GEOMETRIC_REPRESENTATION_CONTEXT(2) 
PARAMETRIC_REPRESENTATION_CONTEXT() REPRESENTATION_CONTEXT('2D SPACE',''
  ) );
#3107 = PCURVE('',#2894,#3108);
#3108 = DEFINITIONAL_REPRESENTATION('',(#3109),#3113);
#3109 = CIRCLE('',#3110,2.5);
#3110 = AXIS2_PLACEMENT_2D('',#3111,#3112);
#3111 = CARTESIAN_POINT('',(-183.,74.));
#3112 = DIRECTION('',(1.,0.));
#3113 = ( GEOMETRIC_REPRESENTATION_CONTEXT(2) 
PARAMETRIC_REPRESENTATION_CONTEXT() REPRESENTATION_CONTEXT('2D SPACE',''
  ) );
#3114 = ORIENTED_EDGE('',*,*,#3115,.F.);
#3115 = EDGE_CURVE('',#3116,#3092,#3118,.T.);
#3116 = VERTEX_POINT('',#3117);
#3117 = CARTESIAN_POINT('',(185.5,74.,14.));
#3118 = SURFACE_CURVE('',#3119,(#3123,#3130),.PCURVE_S1.);
#3119 = LINE('',#3120,#3121);
#3120 = CARTESIAN_POINT('',(185.5,74.,0.));
#3121 = VECTOR('',#3122,1.);
#3122 = DIRECTION('',(-0.,-0.,-1.));
#3123 = PCURVE('',#3067,#3124);
#3124 = DEFINITIONAL_REPRESENTATION('',(#3125),#3129);
#3125 = LINE('',#3126,#3127);
#3126 = CARTESIAN_POINT('',(3.14159265359,0.));
#3127 = VECTOR('',#3128,1.);
#3128 = DIRECTION('',(0.,1.));
#3129 = ( GEOMETRIC_REPRESENTATION_CONTEXT(2) 
PARAMETRIC_REPRESENTATION_CONTEXT() REPRESENTATION_CONTEXT('2D SPACE',''
  ) );
#3130 = PCURVE('',#3079,#3131);
#3131 = DEFINITIONAL_REPRESENTATION('',(#3132),#3136);
#3132 = LINE('',#3133,#3134);
#3133 = CARTESIAN_POINT('',(3.14159265359,0.));
#3134 = VECTOR('',#3135,1.);
#3135 = DIRECTION('',(0.,1.));
#3136 = ( GEOMETRIC_REPRESENTATION_CONTEXT(2) 
PARAMETRIC_REPRESENTATION_CONTEXT() REPRESENTATION_CONTEXT('2D SPACE',''
  ) );
#3137 = ORIENTED_EDGE('',*,*,#3138,.T.);
#3138 = EDGE_CURVE('',#3116,#3057,#3139,.T.);
#3139 = SURFACE_CURVE('',#3140,(#3145,#3152),.PCURVE_S1.);
#3140 = CIRCLE('',#3141,2.5);
#3141 = AXIS2_PLACEMENT_3D('',#3142,#3143,#3144);
#3142 = CARTESIAN_POINT('',(183.,74.,14.));
#3143 = DIRECTION('',(-0.,0.,-1.));
#3144 = DIRECTION('',(-1.,0.,0.));
#3145 = PCURVE('',#3067,#3146);
#3146 = DEFINITIONAL_REPRESENTATION('',(#3147),#3151);
#3147 = LINE('',#3148,#3149);
#3148 = CARTESIAN_POINT('',(0.,-14.));
#3149 = VECTOR('',#3150,1.);
#3150 = DIRECTION('',(1.,0.));
#3151 = ( GEOMETRIC_REPRESENTATION_CONTEXT(2) 
PARAMETRIC_REPRESENTATION_CONTEXT() REPRESENTATION_CONTEXT('2D SPACE',''
  ) );
#3152 = PCURVE('',#3153,#3158);
#3153 = CONICAL_SURFACE('',#3154,2.5,1.029744258677);
#3154 = AXIS2_PLACEMENT_3D('',#3155,#3156,#3157);
#3155 = CARTESIAN_POINT('',(183.,74.,14.));
#3156 = DIRECTION('',(-0.,-0.,-1.));
#3157 = DIRECTION('',(-1.,0.,0.));
#3158 = DEFINITIONAL_REPRESENTATION('',(#3159),#3163);
#3159 = LINE('',#3160,#3161);
#3160 = CARTESIAN_POINT('',(0.,-9.802687471293E-16));
#3161 = VECTOR('',#3162,1.);
#3162 = DIRECTION('',(1.,0.));
#3163 = ( GEOMETRIC_REPRESENTATION_CONTEXT(2) 
PARAMETRIC_REPRESENTATION_CONTEXT() REPRESENTATION_CONTEXT('2D SPACE',''
  ) );
#3164 = ADVANCED_FACE('',(#3165),#3153,.F.);
#3165 = FACE_BOUND('',#3166,.F.);
#3166 = EDGE_LOOP('',(#3167,#3168,#3240));
#3167 = ORIENTED_EDGE('',*,*,#3138,.F.);
#3168 = ORIENTED_EDGE('',*,*,#3169,.F.);
#3169 = EDGE_CURVE('',#3170,#3116,#3172,.T.);
#3170 = VERTEX_POINT('',#3171);
#3171 = CARTESIAN_POINT('',(183.,74.,15.502151547569));
#3172 = SURFACE_CURVE('',#3173,(#3177,#3206),.PCURVE_S1.);
#3173 = LINE('',#3174,#3175);
#3174 = CARTESIAN_POINT('',(185.5,74.,14.));
#3175 = VECTOR('',#3176,1.);
#3176 = DIRECTION('',(0.857167300702,1.049727191139E-16,-0.51503807491)
  );
#3177 = PCURVE('',#3153,#3178);
#3178 = DEFINITIONAL_REPRESENTATION('',(#3179),#3205);
#3179 = B_SPLINE_CURVE_WITH_KNOTS('',3,(#3180,#3181,#3182,#3183,#3184,
    #3185,#3186,#3187,#3188,#3189,#3190,#3191,#3192,#3193,#3194,#3195,
    #3196,#3197,#3198,#3199,#3200,#3201,#3202,#3203,#3204),
  .UNSPECIFIED.,.F.,.F.,(4,1,1,1,1,1,1,1,1,1,1,1,1,1,1,1,1,1,1,1,1,1,4),
  (-2.916583493038,-2.784011516082,-2.651439539126,-2.518867562169,
    -2.386295585213,-2.253723608257,-2.121151631301,-1.988579654344,
    -1.856007677388,-1.723435700432,-1.590863723475,-1.458291746519,
    -1.325719769563,-1.193147792607,-1.06057581565,-0.928003838694,
    -0.795431861738,-0.662859884781,-0.530287907825,-0.397715930869,
    -0.265143953913,-0.132571976956,0.),.QUASI_UNIFORM_KNOTS.);
#3180 = CARTESIAN_POINT('',(3.14159265359,-1.502151547569));
#3181 = CARTESIAN_POINT('',(3.14159265359,-1.479391675636));
#3182 = CARTESIAN_POINT('',(3.14159265359,-1.43387193177));
#3183 = CARTESIAN_POINT('',(3.14159265359,-1.365592315972));
#3184 = CARTESIAN_POINT('',(3.14159265359,-1.297312700173));
#3185 = CARTESIAN_POINT('',(3.14159265359,-1.229033084375));
#3186 = CARTESIAN_POINT('',(3.14159265359,-1.160753468576));
#3187 = CARTESIAN_POINT('',(3.14159265359,-1.092473852777));
#3188 = CARTESIAN_POINT('',(3.14159265359,-1.024194236979));
#3189 = CARTESIAN_POINT('',(3.14159265359,-0.95591462118));
#3190 = CARTESIAN_POINT('',(3.14159265359,-0.887635005382));
#3191 = CARTESIAN_POINT('',(3.14159265359,-0.819355389583));
#3192 = CARTESIAN_POINT('',(3.14159265359,-0.751075773784));
#3193 = CARTESIAN_POINT('',(3.14159265359,-0.682796157986));
#3194 = CARTESIAN_POINT('',(3.14159265359,-0.614516542187));
#3195 = CARTESIAN_POINT('',(3.14159265359,-0.546236926389));
#3196 = CARTESIAN_POINT('',(3.14159265359,-0.47795731059));
#3197 = CARTESIAN_POINT('',(3.14159265359,-0.409677694792));
#3198 = CARTESIAN_POINT('',(3.14159265359,-0.341398078993));
#3199 = CARTESIAN_POINT('',(3.14159265359,-0.273118463194));
#3200 = CARTESIAN_POINT('',(3.14159265359,-0.204838847396));
#3201 = CARTESIAN_POINT('',(3.14159265359,-0.136559231597));
#3202 = CARTESIAN_POINT('',(3.14159265359,-6.827961579859E-02));
#3203 = CARTESIAN_POINT('',(3.14159265359,-2.275987193287E-02));
#3204 = CARTESIAN_POINT('',(3.14159265359,-9.802687471293E-16));
#3205 = ( GEOMETRIC_REPRESENTATION_CONTEXT(2) 
PARAMETRIC_REPRESENTATION_CONTEXT() REPRESENTATION_CONTEXT('2D SPACE',''
  ) );
#3206 = PCURVE('',#3207,#3212);
#3207 = CONICAL_SURFACE('',#3208,2.5,1.029744258677);
#3208 = AXIS2_PLACEMENT_3D('',#3209,#3210,#3211);
#3209 = CARTESIAN_POINT('',(183.,74.,14.));
#3210 = DIRECTION('',(-0.,-0.,-1.));
#3211 = DIRECTION('',(-1.,0.,0.));
#3212 = DEFINITIONAL_REPRESENTATION('',(#3213),#3239);
#3213 = B_SPLINE_CURVE_WITH_KNOTS('',3,(#3214,#3215,#3216,#3217,#3218,
    #3219,#3220,#3221,#3222,#3223,#3224,#3225,#3226,#3227,#3228,#3229,
    #3230,#3231,#3232,#3233,#3234,#3235,#3236,#3237,#3238),
  .UNSPECIFIED.,.F.,.F.,(4,1,1,1,1,1,1,1,1,1,1,1,1,1,1,1,1,1,1,1,1,1,4),
  (-2.916583493038,-2.784011516082,-2.651439539126,-2.518867562169,
    -2.386295585213,-2.253723608257,-2.121151631301,-1.988579654344,
    -1.856007677388,-1.723435700432,-1.590863723475,-1.458291746519,
    -1.325719769563,-1.193147792607,-1.06057581565,-0.928003838694,
    -0.795431861738,-0.662859884781,-0.530287907825,-0.397715930869,
    -0.265143953913,-0.132571976956,0.),.QUASI_UNIFORM_KNOTS.);
#3214 = CARTESIAN_POINT('',(3.14159265359,-1.502151547569));
#3215 = CARTESIAN_POINT('',(3.14159265359,-1.479391675636));
#3216 = CARTESIAN_POINT('',(3.14159265359,-1.43387193177));
#3217 = CARTESIAN_POINT('',(3.14159265359,-1.365592315972));
#3218 = CARTESIAN_POINT('',(3.14159265359,-1.297312700173));
#3219 = CARTESIAN_POINT('',(3.14159265359,-1.229033084375));
#3220 = CARTESIAN_POINT('',(3.14159265359,-1.160753468576));
#3221 = CARTESIAN_POINT('',(3.14159265359,-1.092473852777));
#3222 = CARTESIAN_POINT('',(3.14159265359,-1.024194236979));
#3223 = CARTESIAN_POINT('',(3.14159265359,-0.95591462118));
#3224 = CARTESIAN_POINT('',(3.14159265359,-0.887635005382));
#3225 = CARTESIAN_POINT('',(3.14159265359,-0.819355389583));
#3226 = CARTESIAN_POINT('',(3.14159265359,-0.751075773784));
#3227 = CARTESIAN_POINT('',(3.14159265359,-0.682796157986));
#3228 = CARTESIAN_POINT('',(3.14159265359,-0.614516542187));
#3229 = CARTESIAN_POINT('',(3.14159265359,-0.546236926389));
#3230 = CARTESIAN_POINT('',(3.14159265359,-0.47795731059));
#3231 = CARTESIAN_POINT('',(3.14159265359,-0.409677694792));
#3232 = CARTESIAN_POINT('',(3.14159265359,-0.341398078993));
#3233 = CARTESIAN_POINT('',(3.14159265359,-0.273118463194));
#3234 = CARTESIAN_POINT('',(3.14159265359,-0.204838847396));
#3235 = CARTESIAN_POINT('',(3.14159265359,-0.136559231597));
#3236 = CARTESIAN_POINT('',(3.14159265359,-6.827961579859E-02));
#3237 = CARTESIAN_POINT('',(3.14159265359,-2.275987193287E-02));
#3238 = CARTESIAN_POINT('',(3.14159265359,-9.802687471293E-16));
#3239 = ( GEOMETRIC_REPRESENTATION_CONTEXT(2) 
PARAMETRIC_REPRESENTATION_CONTEXT() REPRESENTATION_CONTEXT('2D SPACE',''
  ) );
#3240 = ORIENTED_EDGE('',*,*,#3241,.T.);
#3241 = EDGE_CURVE('',#3170,#3057,#3242,.T.);
#3242 = SURFACE_CURVE('',#3243,(#3247,#3254),.PCURVE_S1.);
#3243 = LINE('',#3244,#3245);
#3244 = CARTESIAN_POINT('',(180.5,74.,14.));
#3245 = VECTOR('',#3246,1.);
#3246 = DIRECTION('',(-0.857167300702,0.,-0.51503807491));
#3247 = PCURVE('',#3153,#3248);
#3248 = DEFINITIONAL_REPRESENTATION('',(#3249),#3253);
#3249 = LINE('',#3250,#3251);
#3250 = CARTESIAN_POINT('',(6.28318530718,-1.143614258648E-15));
#3251 = VECTOR('',#3252,1.);
#3252 = DIRECTION('',(0.,1.));
#3253 = ( GEOMETRIC_REPRESENTATION_CONTEXT(2) 
PARAMETRIC_REPRESENTATION_CONTEXT() REPRESENTATION_CONTEXT('2D SPACE',''
  ) );
#3254 = PCURVE('',#3207,#3255);
#3255 = DEFINITIONAL_REPRESENTATION('',(#3256),#3260);
#3256 = LINE('',#3257,#3258);
#3257 = CARTESIAN_POINT('',(0.,-1.143614258648E-15));
#3258 = VECTOR('',#3259,1.);
#3259 = DIRECTION('',(0.,1.));
#3260 = ( GEOMETRIC_REPRESENTATION_CONTEXT(2) 
PARAMETRIC_REPRESENTATION_CONTEXT() REPRESENTATION_CONTEXT('2D SPACE',''
  ) );
#3261 = ADVANCED_FACE('',(#3262),#3276,.F.);
#3262 = FACE_BOUND('',#3263,.F.);
#3263 = EDGE_LOOP('',(#3264,#3299,#3323,#3346));
#3264 = ORIENTED_EDGE('',*,*,#3265,.T.);
#3265 = EDGE_CURVE('',#3266,#3268,#3270,.T.);
#3266 = VERTEX_POINT('',#3267);
#3267 = CARTESIAN_POINT('',(92.5,74.,14.));
#3268 = VERTEX_POINT('',#3269);
#3269 = CARTESIAN_POINT('',(92.5,74.,-1.24913973513E-15));
#3270 = SURFACE_CURVE('',#3271,(#3275,#3287),.PCURVE_S1.);
#3271 = LINE('',#3272,#3273);
#3272 = CARTESIAN_POINT('',(92.5,74.,0.));
#3273 = VECTOR('',#3274,1.);
#3274 = DIRECTION('',(-0.,-0.,-1.));
#3275 = PCURVE('',#3276,#3281);
#3276 = CYLINDRICAL_SURFACE('',#3277,2.5);
#3277 = AXIS2_PLACEMENT_3D('',#3278,#3279,#3280);
#3278 = CARTESIAN_POINT('',(95.,74.,0.));
#3279 = DIRECTION('',(-0.,-0.,-1.));
#3280 = DIRECTION('',(-1.,0.,0.));
#3281 = DEFINITIONAL_REPRESENTATION('',(#3282),#3286);
#3282 = LINE('',#3283,#3284);
#3283 = CARTESIAN_POINT('',(6.28318530718,0.));
#3284 = VECTOR('',#3285,1.);
#3285 = DIRECTION('',(0.,1.));
#3286 = ( GEOMETRIC_REPRESENTATION_CONTEXT(2) 
PARAMETRIC_REPRESENTATION_CONTEXT() REPRESENTATION_CONTEXT('2D SPACE',''
  ) );
#3287 = PCURVE('',#3288,#3293);
#3288 = CYLINDRICAL_SURFACE('',#3289,2.5);
#3289 = AXIS2_PLACEMENT_3D('',#3290,#3291,#3292);
#3290 = CARTESIAN_POINT('',(95.,74.,0.));
#3291 = DIRECTION('',(-0.,-0.,-1.));
#3292 = DIRECTION('',(-1.,0.,0.));
#3293 = DEFINITIONAL_REPRESENTATION('',(#3294),#3298);
#3294 = LINE('',#3295,#3296);
#3295 = CARTESIAN_POINT('',(0.,0.));
#3296 = VECTOR('',#3297,1.);
#3297 = DIRECTION('',(0.,1.));
#3298 = ( GEOMETRIC_REPRESENTATION_CONTEXT(2) 
PARAMETRIC_REPRESENTATION_CONTEXT() REPRESENTATION_CONTEXT('2D SPACE',''
  ) );
#3299 = ORIENTED_EDGE('',*,*,#3300,.F.);
#3300 = EDGE_CURVE('',#3301,#3268,#3303,.T.);
#3301 = VERTEX_POINT('',#3302);
#3302 = CARTESIAN_POINT('',(97.5,74.,-1.24913973513E-15));
#3303 = SURFACE_CURVE('',#3304,(#3309,#3316),.PCURVE_S1.);
#3304 = CIRCLE('',#3305,2.5);
#3305 = AXIS2_PLACEMENT_3D('',#3306,#3307,#3308);
#3306 = CARTESIAN_POINT('',(95.,74.,-1.24913973513E-15));
#3307 = DIRECTION('',(-0.,0.,-1.));
#3308 = DIRECTION('',(-1.,0.,0.));
#3309 = PCURVE('',#3276,#3310);
#3310 = DEFINITIONAL_REPRESENTATION('',(#3311),#3315);
#3311 = LINE('',#3312,#3313);
#3312 = CARTESIAN_POINT('',(0.,1.24913973513E-15));
#3313 = VECTOR('',#3314,1.);
#3314 = DIRECTION('',(1.,0.));
#3315 = ( GEOMETRIC_REPRESENTATION_CONTEXT(2) 
PARAMETRIC_REPRESENTATION_CONTEXT() REPRESENTATION_CONTEXT('2D SPACE',''
  ) );
#3316 = PCURVE('',#2894,#3317);
#3317 = DEFINITIONAL_REPRESENTATION('',(#3318),#3322);
#3318 = CIRCLE('',#3319,2.5);
#3319 = AXIS2_PLACEMENT_2D('',#3320,#3321);
#3320 = CARTESIAN_POINT('',(-95.,74.));
#3321 = DIRECTION('',(1.,0.));
#3322 = ( GEOMETRIC_REPRESENTATION_CONTEXT(2) 
PARAMETRIC_REPRESENTATION_CONTEXT() REPRESENTATION_CONTEXT('2D SPACE',''
  ) );
#3323 = ORIENTED_EDGE('',*,*,#3324,.F.);
#3324 = EDGE_CURVE('',#3325,#3301,#3327,.T.);
#3325 = VERTEX_POINT('',#3326);
#3326 = CARTESIAN_POINT('',(97.5,74.,14.));
#3327 = SURFACE_CURVE('',#3328,(#3332,#3339),.PCURVE_S1.);
#3328 = LINE('',#3329,#3330);
#3329 = CARTESIAN_POINT('',(97.5,74.,0.));
#3330 = VECTOR('',#3331,1.);
#3331 = DIRECTION('',(-0.,-0.,-1.));
#3332 = PCURVE('',#3276,#3333);
#3333 = DEFINITIONAL_REPRESENTATION('',(#3334),#3338);
#3334 = LINE('',#3335,#3336);
#3335 = CARTESIAN_POINT('',(3.14159265359,0.));
#3336 = VECTOR('',#3337,1.);
#3337 = DIRECTION('',(0.,1.));
#3338 = ( GEOMETRIC_REPRESENTATION_CONTEXT(2) 
PARAMETRIC_REPRESENTATION_CONTEXT() REPRESENTATION_CONTEXT('2D SPACE',''
  ) );
#3339 = PCURVE('',#3288,#3340);
#3340 = DEFINITIONAL_REPRESENTATION('',(#3341),#3345);
#3341 = LINE('',#3342,#3343);
#3342 = CARTESIAN_POINT('',(3.14159265359,0.));
#3343 = VECTOR('',#3344,1.);
#3344 = DIRECTION('',(0.,1.));
#3345 = ( GEOMETRIC_REPRESENTATION_CONTEXT(2) 
PARAMETRIC_REPRESENTATION_CONTEXT() REPRESENTATION_CONTEXT('2D SPACE',''
  ) );
#3346 = ORIENTED_EDGE('',*,*,#3347,.T.);
#3347 = EDGE_CURVE('',#3325,#3266,#3348,.T.);
#3348 = SURFACE_CURVE('',#3349,(#3354,#3361),.PCURVE_S1.);
#3349 = CIRCLE('',#3350,2.5);
#3350 = AXIS2_PLACEMENT_3D('',#3351,#3352,#3353);
#3351 = CARTESIAN_POINT('',(95.,74.,14.));
#3352 = DIRECTION('',(-0.,0.,-1.));
#3353 = DIRECTION('',(-1.,0.,0.));
#3354 = PCURVE('',#3276,#3355);
#3355 = DEFINITIONAL_REPRESENTATION('',(#3356),#3360);
#3356 = LINE('',#3357,#3358);
#3357 = CARTESIAN_POINT('',(0.,-14.));
#3358 = VECTOR('',#3359,1.);
#3359 = DIRECTION('',(1.,0.));
#3360 = ( GEOMETRIC_REPRESENTATION_CONTEXT(2) 
PARAMETRIC_REPRESENTATION_CONTEXT() REPRESENTATION_CONTEXT('2D SPACE',''
  ) );
#3361 = PCURVE('',#3362,#3367);
#3362 = CONICAL_SURFACE('',#3363,2.5,1.029744258677);
#3363 = AXIS2_PLACEMENT_3D('',#3364,#3365,#3366);
#3364 = CARTESIAN_POINT('',(95.,74.,14.));
#3365 = DIRECTION('',(-0.,-0.,-1.));
#3366 = DIRECTION('',(-1.,0.,0.));
#3367 = DEFINITIONAL_REPRESENTATION('',(#3368),#3372);
#3368 = LINE('',#3369,#3370);
#3369 = CARTESIAN_POINT('',(0.,-9.802687471293E-16));
#3370 = VECTOR('',#3371,1.);
#3371 = DIRECTION('',(1.,0.));
#3372 = ( GEOMETRIC_REPRESENTATION_CONTEXT(2) 
PARAMETRIC_REPRESENTATION_CONTEXT() REPRESENTATION_CONTEXT('2D SPACE',''
  ) );
#3373 = ADVANCED_FACE('',(#3374),#3362,.F.);
#3374 = FACE_BOUND('',#3375,.F.);
#3375 = EDGE_LOOP('',(#3376,#3377,#3449));
#3376 = ORIENTED_EDGE('',*,*,#3347,.F.);
#3377 = ORIENTED_EDGE('',*,*,#3378,.F.);
#3378 = EDGE_CURVE('',#3379,#3325,#3381,.T.);
#3379 = VERTEX_POINT('',#3380);
#3380 = CARTESIAN_POINT('',(95.,74.,15.502151547569));
#3381 = SURFACE_CURVE('',#3382,(#3386,#3415),.PCURVE_S1.);
#3382 = LINE('',#3383,#3384);
#3383 = CARTESIAN_POINT('',(97.5,74.,14.));
#3384 = VECTOR('',#3385,1.);
#3385 = DIRECTION('',(0.857167300702,1.049727191139E-16,-0.51503807491)
  );
#3386 = PCURVE('',#3362,#3387);
#3387 = DEFINITIONAL_REPRESENTATION('',(#3388),#3414);
#3388 = B_SPLINE_CURVE_WITH_KNOTS('',3,(#3389,#3390,#3391,#3392,#3393,
    #3394,#3395,#3396,#3397,#3398,#3399,#3400,#3401,#3402,#3403,#3404,
    #3405,#3406,#3407,#3408,#3409,#3410,#3411,#3412,#3413),
  .UNSPECIFIED.,.F.,.F.,(4,1,1,1,1,1,1,1,1,1,1,1,1,1,1,1,1,1,1,1,1,1,4),
  (-2.916583493038,-2.784011516082,-2.651439539126,-2.518867562169,
    -2.386295585213,-2.253723608257,-2.121151631301,-1.988579654344,
    -1.856007677388,-1.723435700432,-1.590863723475,-1.458291746519,
    -1.325719769563,-1.193147792607,-1.06057581565,-0.928003838694,
    -0.795431861738,-0.662859884781,-0.530287907825,-0.397715930869,
    -0.265143953913,-0.132571976956,0.),.QUASI_UNIFORM_KNOTS.);
#3389 = CARTESIAN_POINT('',(3.14159265359,-1.502151547569));
#3390 = CARTESIAN_POINT('',(3.14159265359,-1.479391675636));
#3391 = CARTESIAN_POINT('',(3.14159265359,-1.43387193177));
#3392 = CARTESIAN_POINT('',(3.14159265359,-1.365592315972));
#3393 = CARTESIAN_POINT('',(3.14159265359,-1.297312700173));
#3394 = CARTESIAN_POINT('',(3.14159265359,-1.229033084375));
#3395 = CARTESIAN_POINT('',(3.14159265359,-1.160753468576));
#3396 = CARTESIAN_POINT('',(3.14159265359,-1.092473852777));
#3397 = CARTESIAN_POINT('',(3.14159265359,-1.024194236979));
#3398 = CARTESIAN_POINT('',(3.14159265359,-0.95591462118));
#3399 = CARTESIAN_POINT('',(3.14159265359,-0.887635005382));
#3400 = CARTESIAN_POINT('',(3.14159265359,-0.819355389583));
#3401 = CARTESIAN_POINT('',(3.14159265359,-0.751075773784));
#3402 = CARTESIAN_POINT('',(3.14159265359,-0.682796157986));
#3403 = CARTESIAN_POINT('',(3.14159265359,-0.614516542187));
#3404 = CARTESIAN_POINT('',(3.14159265359,-0.546236926389));
#3405 = CARTESIAN_POINT('',(3.14159265359,-0.47795731059));
#3406 = CARTESIAN_POINT('',(3.14159265359,-0.409677694792));
#3407 = CARTESIAN_POINT('',(3.14159265359,-0.341398078993));
#3408 = CARTESIAN_POINT('',(3.14159265359,-0.273118463194));
#3409 = CARTESIAN_POINT('',(3.14159265359,-0.204838847396));
#3410 = CARTESIAN_POINT('',(3.14159265359,-0.136559231597));
#3411 = CARTESIAN_POINT('',(3.14159265359,-6.827961579858E-02));
#3412 = CARTESIAN_POINT('',(3.14159265359,-2.275987193286E-02));
#3413 = CARTESIAN_POINT('',(3.14159265359,-9.802687471293E-16));
#3414 = ( GEOMETRIC_REPRESENTATION_CONTEXT(2) 
PARAMETRIC_REPRESENTATION_CONTEXT() REPRESENTATION_CONTEXT('2D SPACE',''
  ) );
#3415 = PCURVE('',#3416,#3421);
#3416 = CONICAL_SURFACE('',#3417,2.5,1.029744258677);
#3417 = AXIS2_PLACEMENT_3D('',#3418,#3419,#3420);
#3418 = CARTESIAN_POINT('',(95.,74.,14.));
#3419 = DIRECTION('',(-0.,-0.,-1.));
#3420 = DIRECTION('',(-1.,0.,0.));
#3421 = DEFINITIONAL_REPRESENTATION('',(#3422),#3448);
#3422 = B_SPLINE_CURVE_WITH_KNOTS('',3,(#3423,#3424,#3425,#3426,#3427,
    #3428,#3429,#3430,#3431,#3432,#3433,#3434,#3435,#3436,#3437,#3438,
    #3439,#3440,#3441,#3442,#3443,#3444,#3445,#3446,#3447),
  .UNSPECIFIED.,.F.,.F.,(4,1,1,1,1,1,1,1,1,1,1,1,1,1,1,1,1,1,1,1,1,1,4),
  (-2.916583493038,-2.784011516082,-2.651439539126,-2.518867562169,
    -2.386295585213,-2.253723608257,-2.121151631301,-1.988579654344,
    -1.856007677388,-1.723435700432,-1.590863723475,-1.458291746519,
    -1.325719769563,-1.193147792607,-1.06057581565,-0.928003838694,
    -0.795431861738,-0.662859884781,-0.530287907825,-0.397715930869,
    -0.265143953913,-0.132571976956,0.),.QUASI_UNIFORM_KNOTS.);
#3423 = CARTESIAN_POINT('',(3.14159265359,-1.502151547569));
#3424 = CARTESIAN_POINT('',(3.14159265359,-1.479391675636));
#3425 = CARTESIAN_POINT('',(3.14159265359,-1.43387193177));
#3426 = CARTESIAN_POINT('',(3.14159265359,-1.365592315972));
#3427 = CARTESIAN_POINT('',(3.14159265359,-1.297312700173));
#3428 = CARTESIAN_POINT('',(3.14159265359,-1.229033084375));
#3429 = CARTESIAN_POINT('',(3.14159265359,-1.160753468576));
#3430 = CARTESIAN_POINT('',(3.14159265359,-1.092473852777));
#3431 = CARTESIAN_POINT('',(3.14159265359,-1.024194236979));
#3432 = CARTESIAN_POINT('',(3.14159265359,-0.95591462118));
#3433 = CARTESIAN_POINT('',(3.14159265359,-0.887635005382));
#3434 = CARTESIAN_POINT('',(3.14159265359,-0.819355389583));
#3435 = CARTESIAN_POINT('',(3.14159265359,-0.751075773784));
#3436 = CARTESIAN_POINT('',(3.14159265359,-0.682796157986));
#3437 = CARTESIAN_POINT('',(3.14159265359,-0.614516542187));
#3438 = CARTESIAN_POINT('',(3.14159265359,-0.546236926389));
#3439 = CARTESIAN_POINT('',(3.14159265359,-0.47795731059));
#3440 = CARTESIAN_POINT('',(3.14159265359,-0.409677694792));
#3441 = CARTESIAN_POINT('',(3.14159265359,-0.341398078993));
#3442 = CARTESIAN_POINT('',(3.14159265359,-0.273118463194));
#3443 = CARTESIAN_POINT('',(3.14159265359,-0.204838847396));
#3444 = CARTESIAN_POINT('',(3.14159265359,-0.136559231597));
#3445 = CARTESIAN_POINT('',(3.14159265359,-6.827961579858E-02));
#3446 = CARTESIAN_POINT('',(3.14159265359,-2.275987193286E-02));
#3447 = CARTESIAN_POINT('',(3.14159265359,-9.802687471293E-16));
#3448 = ( GEOMETRIC_REPRESENTATION_CONTEXT(2) 
PARAMETRIC_REPRESENTATION_CONTEXT() REPRESENTATION_CONTEXT('2D SPACE',''
  ) );
#3449 = ORIENTED_EDGE('',*,*,#3450,.T.);
#3450 = EDGE_CURVE('',#3379,#3266,#3451,.T.);
#3451 = SURFACE_CURVE('',#3452,(#3456,#3463),.PCURVE_S1.);
#3452 = LINE('',#3453,#3454);
#3453 = CARTESIAN_POINT('',(92.5,74.,14.));
#3454 = VECTOR('',#3455,1.);
#3455 = DIRECTION('',(-0.857167300702,0.,-0.51503807491));
#3456 = PCURVE('',#3362,#3457);
#3457 = DEFINITIONAL_REPRESENTATION('',(#3458),#3462);
#3458 = LINE('',#3459,#3460);
#3459 = CARTESIAN_POINT('',(6.28318530718,-1.143614258648E-15));
#3460 = VECTOR('',#3461,1.);
#3461 = DIRECTION('',(0.,1.));
#3462 = ( GEOMETRIC_REPRESENTATION_CONTEXT(2) 
PARAMETRIC_REPRESENTATION_CONTEXT() REPRESENTATION_CONTEXT('2D SPACE',''
  ) );
#3463 = PCURVE('',#3416,#3464);
#3464 = DEFINITIONAL_REPRESENTATION('',(#3465),#3469);
#3465 = LINE('',#3466,#3467);
#3466 = CARTESIAN_POINT('',(0.,-1.143614258648E-15));
#3467 = VECTOR('',#3468,1.);
#3468 = DIRECTION('',(0.,1.));
#3469 = ( GEOMETRIC_REPRESENTATION_CONTEXT(2) 
PARAMETRIC_REPRESENTATION_CONTEXT() REPRESENTATION_CONTEXT('2D SPACE',''
  ) );
#3470 = ADVANCED_FACE('',(#3471),#3485,.F.);
#3471 = FACE_BOUND('',#3472,.F.);
#3472 = EDGE_LOOP('',(#3473,#3508,#3532,#3555));
#3473 = ORIENTED_EDGE('',*,*,#3474,.T.);
#3474 = EDGE_CURVE('',#3475,#3477,#3479,.T.);
#3475 = VERTEX_POINT('',#3476);
#3476 = CARTESIAN_POINT('',(3.5,74.,14.));
#3477 = VERTEX_POINT('',#3478);
#3478 = CARTESIAN_POINT('',(3.5,74.,-1.24913973513E-15));
#3479 = SURFACE_CURVE('',#3480,(#3484,#3496),.PCURVE_S1.);
#3480 = LINE('',#3481,#3482);
#3481 = CARTESIAN_POINT('',(3.5,74.,0.));
#3482 = VECTOR('',#3483,1.);
#3483 = DIRECTION('',(-0.,-0.,-1.));
#3484 = PCURVE('',#3485,#3490);
#3485 = CYLINDRICAL_SURFACE('',#3486,2.5);
#3486 = AXIS2_PLACEMENT_3D('',#3487,#3488,#3489);
#3487 = CARTESIAN_POINT('',(6.,74.,0.));
#3488 = DIRECTION('',(-0.,-0.,-1.));
#3489 = DIRECTION('',(-1.,0.,0.));
#3490 = DEFINITIONAL_REPRESENTATION('',(#3491),#3495);
#3491 = LINE('',#3492,#3493);
#3492 = CARTESIAN_POINT('',(6.28318530718,0.));
#3493 = VECTOR('',#3494,1.);
#3494 = DIRECTION('',(0.,1.));
#3495 = ( GEOMETRIC_REPRESENTATION_CONTEXT(2) 
PARAMETRIC_REPRESENTATION_CONTEXT() REPRESENTATION_CONTEXT('2D SPACE',''
  ) );
#3496 = PCURVE('',#3497,#3502);
#3497 = CYLINDRICAL_SURFACE('',#3498,2.5);
#3498 = AXIS2_PLACEMENT_3D('',#3499,#3500,#3501);
#3499 = CARTESIAN_POINT('',(6.,74.,0.));
#3500 = DIRECTION('',(-0.,-0.,-1.));
#3501 = DIRECTION('',(-1.,0.,0.));
#3502 = DEFINITIONAL_REPRESENTATION('',(#3503),#3507);
#3503 = LINE('',#3504,#3505);
#3504 = CARTESIAN_POINT('',(0.,0.));
#3505 = VECTOR('',#3506,1.);
#3506 = DIRECTION('',(0.,1.));
#3507 = ( GEOMETRIC_REPRESENTATION_CONTEXT(2) 
PARAMETRIC_REPRESENTATION_CONTEXT() REPRESENTATION_CONTEXT('2D SPACE',''
  ) );
#3508 = ORIENTED_EDGE('',*,*,#3509,.F.);
#3509 = EDGE_CURVE('',#3510,#3477,#3512,.T.);
#3510 = VERTEX_POINT('',#3511);
#3511 = CARTESIAN_POINT('',(8.5,74.,-1.24913973513E-15));
#3512 = SURFACE_CURVE('',#3513,(#3518,#3525),.PCURVE_S1.);
#3513 = CIRCLE('',#3514,2.5);
#3514 = AXIS2_PLACEMENT_3D('',#3515,#3516,#3517);
#3515 = CARTESIAN_POINT('',(6.,74.,-1.24913973513E-15));
#3516 = DIRECTION('',(-0.,0.,-1.));
#3517 = DIRECTION('',(-1.,0.,0.));
#3518 = PCURVE('',#3485,#3519);
#3519 = DEFINITIONAL_REPRESENTATION('',(#3520),#3524);
#3520 = LINE('',#3521,#3522);
#3521 = CARTESIAN_POINT('',(0.,1.24913973513E-15));
#3522 = VECTOR('',#3523,1.);
#3523 = DIRECTION('',(1.,0.));
#3524 = ( GEOMETRIC_REPRESENTATION_CONTEXT(2) 
PARAMETRIC_REPRESENTATION_CONTEXT() REPRESENTATION_CONTEXT('2D SPACE',''
  ) );
#3525 = PCURVE('',#2894,#3526);
#3526 = DEFINITIONAL_REPRESENTATION('',(#3527),#3531);
#3527 = CIRCLE('',#3528,2.5);
#3528 = AXIS2_PLACEMENT_2D('',#3529,#3530);
#3529 = CARTESIAN_POINT('',(-6.,74.));
#3530 = DIRECTION('',(1.,0.));
#3531 = ( GEOMETRIC_REPRESENTATION_CONTEXT(2) 
PARAMETRIC_REPRESENTATION_CONTEXT() REPRESENTATION_CONTEXT('2D SPACE',''
  ) );
#3532 = ORIENTED_EDGE('',*,*,#3533,.F.);
#3533 = EDGE_CURVE('',#3534,#3510,#3536,.T.);
#3534 = VERTEX_POINT('',#3535);
#3535 = CARTESIAN_POINT('',(8.5,74.,14.));
#3536 = SURFACE_CURVE('',#3537,(#3541,#3548),.PCURVE_S1.);
#3537 = LINE('',#3538,#3539);
#3538 = CARTESIAN_POINT('',(8.5,74.,0.));
#3539 = VECTOR('',#3540,1.);
#3540 = DIRECTION('',(-0.,-0.,-1.));
#3541 = PCURVE('',#3485,#3542);
#3542 = DEFINITIONAL_REPRESENTATION('',(#3543),#3547);
#3543 = LINE('',#3544,#3545);
#3544 = CARTESIAN_POINT('',(3.14159265359,0.));
#3545 = VECTOR('',#3546,1.);
#3546 = DIRECTION('',(0.,1.));
#3547 = ( GEOMETRIC_REPRESENTATION_CONTEXT(2) 
PARAMETRIC_REPRESENTATION_CONTEXT() REPRESENTATION_CONTEXT('2D SPACE',''
  ) );
#3548 = PCURVE('',#3497,#3549);
#3549 = DEFINITIONAL_REPRESENTATION('',(#3550),#3554);
#3550 = LINE('',#3551,#3552);
#3551 = CARTESIAN_POINT('',(3.14159265359,0.));
#3552 = VECTOR('',#3553,1.);
#3553 = DIRECTION('',(0.,1.));
#3554 = ( GEOMETRIC_REPRESENTATION_CONTEXT(2) 
PARAMETRIC_REPRESENTATION_CONTEXT() REPRESENTATION_CONTEXT('2D SPACE',''
  ) );
#3555 = ORIENTED_EDGE('',*,*,#3556,.T.);
#3556 = EDGE_CURVE('',#3534,#3475,#3557,.T.);
#3557 = SURFACE_CURVE('',#3558,(#3563,#3570),.PCURVE_S1.);
#3558 = CIRCLE('',#3559,2.5);
#3559 = AXIS2_PLACEMENT_3D('',#3560,#3561,#3562);
#3560 = CARTESIAN_POINT('',(6.,74.,14.));
#3561 = DIRECTION('',(-0.,0.,-1.));
#3562 = DIRECTION('',(-1.,0.,0.));
#3563 = PCURVE('',#3485,#3564);
#3564 = DEFINITIONAL_REPRESENTATION('',(#3565),#3569);
#3565 = LINE('',#3566,#3567);
#3566 = CARTESIAN_POINT('',(0.,-14.));
#3567 = VECTOR('',#3568,1.);
#3568 = DIRECTION('',(1.,0.));
#3569 = ( GEOMETRIC_REPRESENTATION_CONTEXT(2) 
PARAMETRIC_REPRESENTATION_CONTEXT() REPRESENTATION_CONTEXT('2D SPACE',''
  ) );
#3570 = PCURVE('',#3571,#3576);
#3571 = CONICAL_SURFACE('',#3572,2.5,1.029744258677);
#3572 = AXIS2_PLACEMENT_3D('',#3573,#3574,#3575);
#3573 = CARTESIAN_POINT('',(6.,74.,14.));
#3574 = DIRECTION('',(-0.,-0.,-1.));
#3575 = DIRECTION('',(-1.,0.,0.));
#3576 = DEFINITIONAL_REPRESENTATION('',(#3577),#3581);
#3577 = LINE('',#3578,#3579);
#3578 = CARTESIAN_POINT('',(0.,-3.921074988517E-16));
#3579 = VECTOR('',#3580,1.);
#3580 = DIRECTION('',(1.,6.240584666565E-17));
#3581 = ( GEOMETRIC_REPRESENTATION_CONTEXT(2) 
PARAMETRIC_REPRESENTATION_CONTEXT() REPRESENTATION_CONTEXT('2D SPACE',''
  ) );
#3582 = ADVANCED_FACE('',(#3583),#3571,.F.);
#3583 = FACE_BOUND('',#3584,.F.);
#3584 = EDGE_LOOP('',(#3585,#3586,#3614));
#3585 = ORIENTED_EDGE('',*,*,#3556,.F.);
#3586 = ORIENTED_EDGE('',*,*,#3587,.F.);
#3587 = EDGE_CURVE('',#3588,#3534,#3590,.T.);
#3588 = VERTEX_POINT('',#3589);
#3589 = CARTESIAN_POINT('',(6.,74.,15.502151547569));
#3590 = SURFACE_CURVE('',#3591,(#3595,#3602),.PCURVE_S1.);
#3591 = LINE('',#3592,#3593);
#3592 = CARTESIAN_POINT('',(8.5,74.,14.));
#3593 = VECTOR('',#3594,1.);
#3594 = DIRECTION('',(0.857167300702,1.049727191139E-16,-0.51503807491)
  );
#3595 = PCURVE('',#3571,#3596);
#3596 = DEFINITIONAL_REPRESENTATION('',(#3597),#3601);
#3597 = LINE('',#3598,#3599);
#3598 = CARTESIAN_POINT('',(3.14159265359,-4.57445703459E-16));
#3599 = VECTOR('',#3600,1.);
#3600 = DIRECTION('',(0.,1.));
#3601 = ( GEOMETRIC_REPRESENTATION_CONTEXT(2) 
PARAMETRIC_REPRESENTATION_CONTEXT() REPRESENTATION_CONTEXT('2D SPACE',''
  ) );
#3602 = PCURVE('',#3603,#3608);
#3603 = CONICAL_SURFACE('',#3604,2.5,1.029744258677);
#3604 = AXIS2_PLACEMENT_3D('',#3605,#3606,#3607);
#3605 = CARTESIAN_POINT('',(6.,74.,14.));
#3606 = DIRECTION('',(-0.,-0.,-1.));
#3607 = DIRECTION('',(-1.,0.,0.));
#3608 = DEFINITIONAL_REPRESENTATION('',(#3609),#3613);
#3609 = LINE('',#3610,#3611);
#3610 = CARTESIAN_POINT('',(3.14159265359,-4.57445703459E-16));
#3611 = VECTOR('',#3612,1.);
#3612 = DIRECTION('',(0.,1.));
#3613 = ( GEOMETRIC_REPRESENTATION_CONTEXT(2) 
PARAMETRIC_REPRESENTATION_CONTEXT() REPRESENTATION_CONTEXT('2D SPACE',''
  ) );
#3614 = ORIENTED_EDGE('',*,*,#3615,.T.);
#3615 = EDGE_CURVE('',#3588,#3475,#3616,.T.);
#3616 = SURFACE_CURVE('',#3617,(#3621,#3628),.PCURVE_S1.);
#3617 = LINE('',#3618,#3619);
#3618 = CARTESIAN_POINT('',(3.5,74.,14.));
#3619 = VECTOR('',#3620,1.);
#3620 = DIRECTION('',(-0.857167300702,0.,-0.51503807491));
#3621 = PCURVE('',#3571,#3622);
#3622 = DEFINITIONAL_REPRESENTATION('',(#3623),#3627);
#3623 = LINE('',#3624,#3625);
#3624 = CARTESIAN_POINT('',(6.28318530718,2.287228517295E-16));
#3625 = VECTOR('',#3626,1.);
#3626 = DIRECTION('',(0.,1.));
#3627 = ( GEOMETRIC_REPRESENTATION_CONTEXT(2) 
PARAMETRIC_REPRESENTATION_CONTEXT() REPRESENTATION_CONTEXT('2D SPACE',''
  ) );
#3628 = PCURVE('',#3603,#3629);
#3629 = DEFINITIONAL_REPRESENTATION('',(#3630),#3634);
#3630 = LINE('',#3631,#3632);
#3631 = CARTESIAN_POINT('',(0.,2.287228517295E-16));
#3632 = VECTOR('',#3633,1.);
#3633 = DIRECTION('',(0.,1.));
#3634 = ( GEOMETRIC_REPRESENTATION_CONTEXT(2) 
PARAMETRIC_REPRESENTATION_CONTEXT() REPRESENTATION_CONTEXT('2D SPACE',''
  ) );
#3635 = ADVANCED_FACE('',(#3636),#3650,.F.);
#3636 = FACE_BOUND('',#3637,.F.);
#3637 = EDGE_LOOP('',(#3638,#3673,#3697,#3720));
#3638 = ORIENTED_EDGE('',*,*,#3639,.T.);
#3639 = EDGE_CURVE('',#3640,#3642,#3644,.T.);
#3640 = VERTEX_POINT('',#3641);
#3641 = CARTESIAN_POINT('',(3.5,10.,8.25));
#3642 = VERTEX_POINT('',#3643);
#3643 = CARTESIAN_POINT('',(3.5,10.,-1.24913973513E-15));
#3644 = SURFACE_CURVE('',#3645,(#3649,#3661),.PCURVE_S1.);
#3645 = LINE('',#3646,#3647);
#3646 = CARTESIAN_POINT('',(3.5,10.,0.));
#3647 = VECTOR('',#3648,1.);
#3648 = DIRECTION('',(-0.,-0.,-1.));
#3649 = PCURVE('',#3650,#3655);
#3650 = CYLINDRICAL_SURFACE('',#3651,2.5);
#3651 = AXIS2_PLACEMENT_3D('',#3652,#3653,#3654);
#3652 = CARTESIAN_POINT('',(6.,10.,0.));
#3653 = DIRECTION('',(-0.,-0.,-1.));
#3654 = DIRECTION('',(-1.,0.,0.));
#3655 = DEFINITIONAL_REPRESENTATION('',(#3656),#3660);
#3656 = LINE('',#3657,#3658);
#3657 = CARTESIAN_POINT('',(6.28318530718,0.));
#3658 = VECTOR('',#3659,1.);
#3659 = DIRECTION('',(0.,1.));
#3660 = ( GEOMETRIC_REPRESENTATION_CONTEXT(2) 
PARAMETRIC_REPRESENTATION_CONTEXT() REPRESENTATION_CONTEXT('2D SPACE',''
  ) );
#3661 = PCURVE('',#3662,#3667);
#3662 = CYLINDRICAL_SURFACE('',#3663,2.5);
#3663 = AXIS2_PLACEMENT_3D('',#3664,#3665,#3666);
#3664 = CARTESIAN_POINT('',(6.,10.,0.));
#3665 = DIRECTION('',(-0.,-0.,-1.));
#3666 = DIRECTION('',(-1.,0.,0.));
#3667 = DEFINITIONAL_REPRESENTATION('',(#3668),#3672);
#3668 = LINE('',#3669,#3670);
#3669 = CARTESIAN_POINT('',(0.,0.));
#3670 = VECTOR('',#3671,1.);
#3671 = DIRECTION('',(0.,1.));
#3672 = ( GEOMETRIC_REPRESENTATION_CONTEXT(2) 
PARAMETRIC_REPRESENTATION_CONTEXT() REPRESENTATION_CONTEXT('2D SPACE',''
  ) );
#3673 = ORIENTED_EDGE('',*,*,#3674,.F.);
#3674 = EDGE_CURVE('',#3675,#3642,#3677,.T.);
#3675 = VERTEX_POINT('',#3676);
#3676 = CARTESIAN_POINT('',(8.5,10.,-1.24913973513E-15));
#3677 = SURFACE_CURVE('',#3678,(#3683,#3690),.PCURVE_S1.);
#3678 = CIRCLE('',#3679,2.5);
#3679 = AXIS2_PLACEMENT_3D('',#3680,#3681,#3682);
#3680 = CARTESIAN_POINT('',(6.,10.,-1.24913973513E-15));
#3681 = DIRECTION('',(-0.,0.,-1.));
#3682 = DIRECTION('',(-1.,0.,0.));
#3683 = PCURVE('',#3650,#3684);
#3684 = DEFINITIONAL_REPRESENTATION('',(#3685),#3689);
#3685 = LINE('',#3686,#3687);
#3686 = CARTESIAN_POINT('',(0.,1.24913973513E-15));
#3687 = VECTOR('',#3688,1.);
#3688 = DIRECTION('',(1.,0.));
#3689 = ( GEOMETRIC_REPRESENTATION_CONTEXT(2) 
PARAMETRIC_REPRESENTATION_CONTEXT() REPRESENTATION_CONTEXT('2D SPACE',''
  ) );
#3690 = PCURVE('',#2894,#3691);
#3691 = DEFINITIONAL_REPRESENTATION('',(#3692),#3696);
#3692 = CIRCLE('',#3693,2.5);
#3693 = AXIS2_PLACEMENT_2D('',#3694,#3695);
#3694 = CARTESIAN_POINT('',(-6.,10.));
#3695 = DIRECTION('',(1.,0.));
#3696 = ( GEOMETRIC_REPRESENTATION_CONTEXT(2) 
PARAMETRIC_REPRESENTATION_CONTEXT() REPRESENTATION_CONTEXT('2D SPACE',''
  ) );
#3697 = ORIENTED_EDGE('',*,*,#3698,.F.);
#3698 = EDGE_CURVE('',#3699,#3675,#3701,.T.);
#3699 = VERTEX_POINT('',#3700);
#3700 = CARTESIAN_POINT('',(8.5,10.,8.25));
#3701 = SURFACE_CURVE('',#3702,(#3706,#3713),.PCURVE_S1.);
#3702 = LINE('',#3703,#3704);
#3703 = CARTESIAN_POINT('',(8.5,10.,0.));
#3704 = VECTOR('',#3705,1.);
#3705 = DIRECTION('',(-0.,-0.,-1.));
#3706 = PCURVE('',#3650,#3707);
#3707 = DEFINITIONAL_REPRESENTATION('',(#3708),#3712);
#3708 = LINE('',#3709,#3710);
#3709 = CARTESIAN_POINT('',(3.14159265359,0.));
#3710 = VECTOR('',#3711,1.);
#3711 = DIRECTION('',(0.,1.));
#3712 = ( GEOMETRIC_REPRESENTATION_CONTEXT(2) 
PARAMETRIC_REPRESENTATION_CONTEXT() REPRESENTATION_CONTEXT('2D SPACE',''
  ) );
#3713 = PCURVE('',#3662,#3714);
#3714 = DEFINITIONAL_REPRESENTATION('',(#3715),#3719);
#3715 = LINE('',#3716,#3717);
#3716 = CARTESIAN_POINT('',(3.14159265359,0.));
#3717 = VECTOR('',#3718,1.);
#3718 = DIRECTION('',(0.,1.));
#3719 = ( GEOMETRIC_REPRESENTATION_CONTEXT(2) 
PARAMETRIC_REPRESENTATION_CONTEXT() REPRESENTATION_CONTEXT('2D SPACE',''
  ) );
#3720 = ORIENTED_EDGE('',*,*,#3721,.T.);
#3721 = EDGE_CURVE('',#3699,#3640,#3722,.T.);
#3722 = SURFACE_CURVE('',#3723,(#3728,#3735),.PCURVE_S1.);
#3723 = CIRCLE('',#3724,2.5);
#3724 = AXIS2_PLACEMENT_3D('',#3725,#3726,#3727);
#3725 = CARTESIAN_POINT('',(6.,10.,8.25));
#3726 = DIRECTION('',(0.,0.,-1.));
#3727 = DIRECTION('',(-1.,0.,0.));
#3728 = PCURVE('',#3650,#3729);
#3729 = DEFINITIONAL_REPRESENTATION('',(#3730),#3734);
#3730 = LINE('',#3731,#3732);
#3731 = CARTESIAN_POINT('',(0.,-8.25));
#3732 = VECTOR('',#3733,1.);
#3733 = DIRECTION('',(1.,0.));
#3734 = ( GEOMETRIC_REPRESENTATION_CONTEXT(2) 
PARAMETRIC_REPRESENTATION_CONTEXT() REPRESENTATION_CONTEXT('2D SPACE',''
  ) );
#3735 = PCURVE('',#3736,#3741);
#3736 = PLANE('',#3737);
#3737 = AXIS2_PLACEMENT_3D('',#3738,#3739,#3740);
#3738 = CARTESIAN_POINT('',(-5.20417042793E-15,6.,8.25));
#3739 = DIRECTION('',(0.,0.,-1.));
#3740 = DIRECTION('',(-1.,0.,0.));
#3741 = DEFINITIONAL_REPRESENTATION('',(#3742),#3746);
#3742 = CIRCLE('',#3743,2.5);
#3743 = AXIS2_PLACEMENT_2D('',#3744,#3745);
#3744 = CARTESIAN_POINT('',(-6.,4.));
#3745 = DIRECTION('',(1.,0.));
#3746 = ( GEOMETRIC_REPRESENTATION_CONTEXT(2) 
PARAMETRIC_REPRESENTATION_CONTEXT() REPRESENTATION_CONTEXT('2D SPACE',''
  ) );
#3747 = ADVANCED_FACE('',(#3748),#3762,.F.);
#3748 = FACE_BOUND('',#3749,.F.);
#3749 = EDGE_LOOP('',(#3750,#3785,#3809,#3832));
#3750 = ORIENTED_EDGE('',*,*,#3751,.T.);
#3751 = EDGE_CURVE('',#3752,#3754,#3756,.T.);
#3752 = VERTEX_POINT('',#3753);
#3753 = CARTESIAN_POINT('',(219.,74.,10.));
#3754 = VERTEX_POINT('',#3755);
#3755 = CARTESIAN_POINT('',(219.,74.,-1.310372075088E-15));
#3756 = SURFACE_CURVE('',#3757,(#3761,#3773),.PCURVE_S1.);
#3757 = LINE('',#3758,#3759);
#3758 = CARTESIAN_POINT('',(219.,74.,0.));
#3759 = VECTOR('',#3760,1.);
#3760 = DIRECTION('',(-0.,-0.,-1.));
#3761 = PCURVE('',#3762,#3767);
#3762 = CYLINDRICAL_SURFACE('',#3763,2.);
#3763 = AXIS2_PLACEMENT_3D('',#3764,#3765,#3766);
#3764 = CARTESIAN_POINT('',(221.,74.,0.));
#3765 = DIRECTION('',(-0.,-0.,-1.));
#3766 = DIRECTION('',(-1.,0.,0.));
#3767 = DEFINITIONAL_REPRESENTATION('',(#3768),#3772);
#3768 = LINE('',#3769,#3770);
#3769 = CARTESIAN_POINT('',(6.28318530718,0.));
#3770 = VECTOR('',#3771,1.);
#3771 = DIRECTION('',(0.,1.));
#3772 = ( GEOMETRIC_REPRESENTATION_CONTEXT(2) 
PARAMETRIC_REPRESENTATION_CONTEXT() REPRESENTATION_CONTEXT('2D SPACE',''
  ) );
#3773 = PCURVE('',#3774,#3779);
#3774 = CYLINDRICAL_SURFACE('',#3775,2.);
#3775 = AXIS2_PLACEMENT_3D('',#3776,#3777,#3778);
#3776 = CARTESIAN_POINT('',(221.,74.,0.));
#3777 = DIRECTION('',(-0.,-0.,-1.));
#3778 = DIRECTION('',(-1.,0.,0.));
#3779 = DEFINITIONAL_REPRESENTATION('',(#3780),#3784);
#3780 = LINE('',#3781,#3782);
#3781 = CARTESIAN_POINT('',(0.,0.));
#3782 = VECTOR('',#3783,1.);
#3783 = DIRECTION('',(0.,1.));
#3784 = ( GEOMETRIC_REPRESENTATION_CONTEXT(2) 
PARAMETRIC_REPRESENTATION_CONTEXT() REPRESENTATION_CONTEXT('2D SPACE',''
  ) );
#3785 = ORIENTED_EDGE('',*,*,#3786,.F.);
#3786 = EDGE_CURVE('',#3787,#3754,#3789,.T.);
#3787 = VERTEX_POINT('',#3788);
#3788 = CARTESIAN_POINT('',(223.,74.,-1.310372075088E-15));
#3789 = SURFACE_CURVE('',#3790,(#3795,#3802),.PCURVE_S1.);
#3790 = CIRCLE('',#3791,2.);
#3791 = AXIS2_PLACEMENT_3D('',#3792,#3793,#3794);
#3792 = CARTESIAN_POINT('',(221.,74.,-1.310372075088E-15));
#3793 = DIRECTION('',(-0.,0.,-1.));
#3794 = DIRECTION('',(-1.,0.,0.));
#3795 = PCURVE('',#3762,#3796);
#3796 = DEFINITIONAL_REPRESENTATION('',(#3797),#3801);
#3797 = LINE('',#3798,#3799);
#3798 = CARTESIAN_POINT('',(0.,1.310372075088E-15));
#3799 = VECTOR('',#3800,1.);
#3800 = DIRECTION('',(1.,0.));
#3801 = ( GEOMETRIC_REPRESENTATION_CONTEXT(2) 
PARAMETRIC_REPRESENTATION_CONTEXT() REPRESENTATION_CONTEXT('2D SPACE',''
  ) );
#3802 = PCURVE('',#2894,#3803);
#3803 = DEFINITIONAL_REPRESENTATION('',(#3804),#3808);
#3804 = CIRCLE('',#3805,2.);
#3805 = AXIS2_PLACEMENT_2D('',#3806,#3807);
#3806 = CARTESIAN_POINT('',(-221.,74.));
#3807 = DIRECTION('',(1.,0.));
#3808 = ( GEOMETRIC_REPRESENTATION_CONTEXT(2) 
PARAMETRIC_REPRESENTATION_CONTEXT() REPRESENTATION_CONTEXT('2D SPACE',''
  ) );
#3809 = ORIENTED_EDGE('',*,*,#3810,.F.);
#3810 = EDGE_CURVE('',#3811,#3787,#3813,.T.);
#3811 = VERTEX_POINT('',#3812);
#3812 = CARTESIAN_POINT('',(223.,74.,10.));
#3813 = SURFACE_CURVE('',#3814,(#3818,#3825),.PCURVE_S1.);
#3814 = LINE('',#3815,#3816);
#3815 = CARTESIAN_POINT('',(223.,74.,0.));
#3816 = VECTOR('',#3817,1.);
#3817 = DIRECTION('',(-0.,-0.,-1.));
#3818 = PCURVE('',#3762,#3819);
#3819 = DEFINITIONAL_REPRESENTATION('',(#3820),#3824);
#3820 = LINE('',#3821,#3822);
#3821 = CARTESIAN_POINT('',(3.14159265359,0.));
#3822 = VECTOR('',#3823,1.);
#3823 = DIRECTION('',(0.,1.));
#3824 = ( GEOMETRIC_REPRESENTATION_CONTEXT(2) 
PARAMETRIC_REPRESENTATION_CONTEXT() REPRESENTATION_CONTEXT('2D SPACE',''
  ) );
#3825 = PCURVE('',#3774,#3826);
#3826 = DEFINITIONAL_REPRESENTATION('',(#3827),#3831);
#3827 = LINE('',#3828,#3829);
#3828 = CARTESIAN_POINT('',(3.14159265359,0.));
#3829 = VECTOR('',#3830,1.);
#3830 = DIRECTION('',(0.,1.));
#3831 = ( GEOMETRIC_REPRESENTATION_CONTEXT(2) 
PARAMETRIC_REPRESENTATION_CONTEXT() REPRESENTATION_CONTEXT('2D SPACE',''
  ) );
#3832 = ORIENTED_EDGE('',*,*,#3833,.T.);
#3833 = EDGE_CURVE('',#3811,#3752,#3834,.T.);
#3834 = SURFACE_CURVE('',#3835,(#3840,#3847),.PCURVE_S1.);
#3835 = CIRCLE('',#3836,2.);
#3836 = AXIS2_PLACEMENT_3D('',#3837,#3838,#3839);
#3837 = CARTESIAN_POINT('',(221.,74.,10.));
#3838 = DIRECTION('',(-0.,0.,-1.));
#3839 = DIRECTION('',(-1.,0.,0.));
#3840 = PCURVE('',#3762,#3841);
#3841 = DEFINITIONAL_REPRESENTATION('',(#3842),#3846);
#3842 = LINE('',#3843,#3844);
#3843 = CARTESIAN_POINT('',(0.,-10.));
#3844 = VECTOR('',#3845,1.);
#3845 = DIRECTION('',(1.,0.));
#3846 = ( GEOMETRIC_REPRESENTATION_CONTEXT(2) 
PARAMETRIC_REPRESENTATION_CONTEXT() REPRESENTATION_CONTEXT('2D SPACE',''
  ) );
#3847 = PCURVE('',#3848,#3853);
#3848 = CONICAL_SURFACE('',#3849,2.,1.029744258677);
#3849 = AXIS2_PLACEMENT_3D('',#3850,#3851,#3852);
#3850 = CARTESIAN_POINT('',(221.,74.,10.));
#3851 = DIRECTION('',(-0.,-0.,-1.));
#3852 = DIRECTION('',(-1.,0.,0.));
#3853 = DEFINITIONAL_REPRESENTATION('',(#3854),#3858);
#3854 = LINE('',#3855,#3856);
#3855 = CARTESIAN_POINT('',(0.,-7.842149977035E-16));
#3856 = VECTOR('',#3857,1.);
#3857 = DIRECTION('',(1.,0.));
#3858 = ( GEOMETRIC_REPRESENTATION_CONTEXT(2) 
PARAMETRIC_REPRESENTATION_CONTEXT() REPRESENTATION_CONTEXT('2D SPACE',''
  ) );
#3859 = ADVANCED_FACE('',(#3860),#3848,.F.);
#3860 = FACE_BOUND('',#3861,.F.);
#3861 = EDGE_LOOP('',(#3862,#3863,#3935));
#3862 = ORIENTED_EDGE('',*,*,#3833,.F.);
#3863 = ORIENTED_EDGE('',*,*,#3864,.F.);
#3864 = EDGE_CURVE('',#3865,#3811,#3867,.T.);
#3865 = VERTEX_POINT('',#3866);
#3866 = CARTESIAN_POINT('',(221.,74.,11.201721238055));
#3867 = SURFACE_CURVE('',#3868,(#3872,#3901),.PCURVE_S1.);
#3868 = LINE('',#3869,#3870);
#3869 = CARTESIAN_POINT('',(223.,74.,10.));
#3870 = VECTOR('',#3871,1.);
#3871 = DIRECTION('',(0.857167300702,1.049727191139E-16,-0.51503807491)
  );
#3872 = PCURVE('',#3848,#3873);
#3873 = DEFINITIONAL_REPRESENTATION('',(#3874),#3900);
#3874 = B_SPLINE_CURVE_WITH_KNOTS('',3,(#3875,#3876,#3877,#3878,#3879,
    #3880,#3881,#3882,#3883,#3884,#3885,#3886,#3887,#3888,#3889,#3890,
    #3891,#3892,#3893,#3894,#3895,#3896,#3897,#3898,#3899),
  .UNSPECIFIED.,.F.,.F.,(4,1,1,1,1,1,1,1,1,1,1,1,1,1,1,1,1,1,1,1,1,1,4),
  (-2.333266794431,-2.227209212866,-2.121151631301,-2.015094049736,
    -1.909036468171,-1.802978886606,-1.69692130504,-1.590863723475,
    -1.48480614191,-1.378748560345,-1.27269097878,-1.166633397215,
    -1.06057581565,-0.954518234085,-0.84846065252,-0.742403070955,
    -0.63634548939,-0.530287907825,-0.42423032626,-0.318172744695,
    -0.21211516313,-0.106057581565,0.),.UNSPECIFIED.);
#3875 = CARTESIAN_POINT('',(3.14159265359,-1.201721238055));
#3876 = CARTESIAN_POINT('',(3.14159265359,-1.183513340509));
#3877 = CARTESIAN_POINT('',(3.14159265359,-1.147097545416));
#3878 = CARTESIAN_POINT('',(3.14159265359,-1.092473852777));
#3879 = CARTESIAN_POINT('',(3.14159265359,-1.037850160139));
#3880 = CARTESIAN_POINT('',(3.14159265359,-0.9832264675));
#3881 = CARTESIAN_POINT('',(3.14159265359,-0.928602774861));
#3882 = CARTESIAN_POINT('',(3.14159265359,-0.873979082222));
#3883 = CARTESIAN_POINT('',(3.14159265359,-0.819355389583));
#3884 = CARTESIAN_POINT('',(3.14159265359,-0.764731696944));
#3885 = CARTESIAN_POINT('',(3.14159265359,-0.710108004305));
#3886 = CARTESIAN_POINT('',(3.14159265359,-0.655484311666));
#3887 = CARTESIAN_POINT('',(3.14159265359,-0.600860619028));
#3888 = CARTESIAN_POINT('',(3.14159265359,-0.546236926389));
#3889 = CARTESIAN_POINT('',(3.14159265359,-0.49161323375));
#3890 = CARTESIAN_POINT('',(3.14159265359,-0.436989541111));
#3891 = CARTESIAN_POINT('',(3.14159265359,-0.382365848472));
#3892 = CARTESIAN_POINT('',(3.14159265359,-0.327742155833));
#3893 = CARTESIAN_POINT('',(3.14159265359,-0.273118463194));
#3894 = CARTESIAN_POINT('',(3.14159265359,-0.218494770555));
#3895 = CARTESIAN_POINT('',(3.14159265359,-0.163871077917));
#3896 = CARTESIAN_POINT('',(3.14159265359,-0.109247385278));
#3897 = CARTESIAN_POINT('',(3.14159265359,-5.462369263887E-02));
#3898 = CARTESIAN_POINT('',(3.14159265359,-1.820789754629E-02));
#3899 = CARTESIAN_POINT('',(3.14159265359,-7.842149977035E-16));
#3900 = ( GEOMETRIC_REPRESENTATION_CONTEXT(2) 
PARAMETRIC_REPRESENTATION_CONTEXT() REPRESENTATION_CONTEXT('2D SPACE',''
  ) );
#3901 = PCURVE('',#3902,#3907);
#3902 = CONICAL_SURFACE('',#3903,2.,1.029744258677);
#3903 = AXIS2_PLACEMENT_3D('',#3904,#3905,#3906);
#3904 = CARTESIAN_POINT('',(221.,74.,10.));
#3905 = DIRECTION('',(-0.,-0.,-1.));
#3906 = DIRECTION('',(-1.,0.,0.));
#3907 = DEFINITIONAL_REPRESENTATION('',(#3908),#3934);
#3908 = B_SPLINE_CURVE_WITH_KNOTS('',3,(#3909,#3910,#3911,#3912,#3913,
    #3914,#3915,#3916,#3917,#3918,#3919,#3920,#3921,#3922,#3923,#3924,
    #3925,#3926,#3927,#3928,#3929,#3930,#3931,#3932,#3933),
  .UNSPECIFIED.,.F.,.F.,(4,1,1,1,1,1,1,1,1,1,1,1,1,1,1,1,1,1,1,1,1,1,4),
  (-2.333266794431,-2.227209212866,-2.121151631301,-2.015094049736,
    -1.909036468171,-1.802978886606,-1.69692130504,-1.590863723475,
    -1.48480614191,-1.378748560345,-1.27269097878,-1.166633397215,
    -1.06057581565,-0.954518234085,-0.84846065252,-0.742403070955,
    -0.63634548939,-0.530287907825,-0.42423032626,-0.318172744695,
    -0.21211516313,-0.106057581565,0.),.UNSPECIFIED.);
#3909 = CARTESIAN_POINT('',(3.14159265359,-1.201721238055));
#3910 = CARTESIAN_POINT('',(3.14159265359,-1.183513340509));
#3911 = CARTESIAN_POINT('',(3.14159265359,-1.147097545416));
#3912 = CARTESIAN_POINT('',(3.14159265359,-1.092473852777));
#3913 = CARTESIAN_POINT('',(3.14159265359,-1.037850160139));
#3914 = CARTESIAN_POINT('',(3.14159265359,-0.9832264675));
#3915 = CARTESIAN_POINT('',(3.14159265359,-0.928602774861));
#3916 = CARTESIAN_POINT('',(3.14159265359,-0.873979082222));
#3917 = CARTESIAN_POINT('',(3.14159265359,-0.819355389583));
#3918 = CARTESIAN_POINT('',(3.14159265359,-0.764731696944));
#3919 = CARTESIAN_POINT('',(3.14159265359,-0.710108004305));
#3920 = CARTESIAN_POINT('',(3.14159265359,-0.655484311666));
#3921 = CARTESIAN_POINT('',(3.14159265359,-0.600860619028));
#3922 = CARTESIAN_POINT('',(3.14159265359,-0.546236926389));
#3923 = CARTESIAN_POINT('',(3.14159265359,-0.49161323375));
#3924 = CARTESIAN_POINT('',(3.14159265359,-0.436989541111));
#3925 = CARTESIAN_POINT('',(3.14159265359,-0.382365848472));
#3926 = CARTESIAN_POINT('',(3.14159265359,-0.327742155833));
#3927 = CARTESIAN_POINT('',(3.14159265359,-0.273118463194));
#3928 = CARTESIAN_POINT('',(3.14159265359,-0.218494770555));
#3929 = CARTESIAN_POINT('',(3.14159265359,-0.163871077917));
#3930 = CARTESIAN_POINT('',(3.14159265359,-0.109247385278));
#3931 = CARTESIAN_POINT('',(3.14159265359,-5.462369263887E-02));
#3932 = CARTESIAN_POINT('',(3.14159265359,-1.820789754629E-02));
#3933 = CARTESIAN_POINT('',(3.14159265359,-7.842149977035E-16));
#3934 = ( GEOMETRIC_REPRESENTATION_CONTEXT(2) 
PARAMETRIC_REPRESENTATION_CONTEXT() REPRESENTATION_CONTEXT('2D SPACE',''
  ) );
#3935 = ORIENTED_EDGE('',*,*,#3936,.T.);
#3936 = EDGE_CURVE('',#3865,#3752,#3937,.T.);
#3937 = SURFACE_CURVE('',#3938,(#3942,#3949),.PCURVE_S1.);
#3938 = LINE('',#3939,#3940);
#3939 = CARTESIAN_POINT('',(219.,74.,10.));
#3940 = VECTOR('',#3941,1.);
#3941 = DIRECTION('',(-0.857167300702,0.,-0.51503807491));
#3942 = PCURVE('',#3848,#3943);
#3943 = DEFINITIONAL_REPRESENTATION('',(#3944),#3948);
#3944 = LINE('',#3945,#3946);
#3945 = CARTESIAN_POINT('',(6.28318530718,-9.14891406918E-16));
#3946 = VECTOR('',#3947,1.);
#3947 = DIRECTION('',(0.,1.));
#3948 = ( GEOMETRIC_REPRESENTATION_CONTEXT(2) 
PARAMETRIC_REPRESENTATION_CONTEXT() REPRESENTATION_CONTEXT('2D SPACE',''
  ) );
#3949 = PCURVE('',#3902,#3950);
#3950 = DEFINITIONAL_REPRESENTATION('',(#3951),#3955);
#3951 = LINE('',#3952,#3953);
#3952 = CARTESIAN_POINT('',(0.,-9.14891406918E-16));
#3953 = VECTOR('',#3954,1.);
#3954 = DIRECTION('',(0.,1.));
#3955 = ( GEOMETRIC_REPRESENTATION_CONTEXT(2) 
PARAMETRIC_REPRESENTATION_CONTEXT() REPRESENTATION_CONTEXT('2D SPACE',''
  ) );
#3956 = ADVANCED_FACE('',(#3957),#3971,.F.);
#3957 = FACE_BOUND('',#3958,.F.);
#3958 = EDGE_LOOP('',(#3959,#3994,#4023,#4051));
#3959 = ORIENTED_EDGE('',*,*,#3960,.T.);
#3960 = EDGE_CURVE('',#3961,#3963,#3965,.T.);
#3961 = VERTEX_POINT('',#3962);
#3962 = CARTESIAN_POINT('',(5.770559268949,42.,11.063859338365));
#3963 = VERTEX_POINT('',#3964);
#3964 = CARTESIAN_POINT('',(4.,42.,10.));
#3965 = SURFACE_CURVE('',#3966,(#3970,#3982),.PCURVE_S1.);
#3966 = LINE('',#3967,#3968);
#3967 = CARTESIAN_POINT('',(4.,42.,10.));
#3968 = VECTOR('',#3969,1.);
#3969 = DIRECTION('',(-0.857167300702,0.,-0.51503807491));
#3970 = PCURVE('',#3971,#3976);
#3971 = CONICAL_SURFACE('',#3972,2.,1.029744258677);
#3972 = AXIS2_PLACEMENT_3D('',#3973,#3974,#3975);
#3973 = CARTESIAN_POINT('',(6.,42.,10.));
#3974 = DIRECTION('',(-0.,-0.,-1.));
#3975 = DIRECTION('',(-1.,0.,0.));
#3976 = DEFINITIONAL_REPRESENTATION('',(#3977),#3981);
#3977 = LINE('',#3978,#3979);
#3978 = CARTESIAN_POINT('',(6.28318530718,-2.287228517295E-16));
#3979 = VECTOR('',#3980,1.);
#3980 = DIRECTION('',(0.,1.));
#3981 = ( GEOMETRIC_REPRESENTATION_CONTEXT(2) 
PARAMETRIC_REPRESENTATION_CONTEXT() REPRESENTATION_CONTEXT('2D SPACE',''
  ) );
#3982 = PCURVE('',#3983,#3988);
#3983 = CONICAL_SURFACE('',#3984,2.,1.029744258677);
#3984 = AXIS2_PLACEMENT_3D('',#3985,#3986,#3987);
#3985 = CARTESIAN_POINT('',(6.,42.,10.));
#3986 = DIRECTION('',(-0.,-0.,-1.));
#3987 = DIRECTION('',(-1.,0.,0.));
#3988 = DEFINITIONAL_REPRESENTATION('',(#3989),#3993);
#3989 = LINE('',#3990,#3991);
#3990 = CARTESIAN_POINT('',(0.,-2.287228517295E-16));
#3991 = VECTOR('',#3992,1.);
#3992 = DIRECTION('',(0.,1.));
#3993 = ( GEOMETRIC_REPRESENTATION_CONTEXT(2) 
PARAMETRIC_REPRESENTATION_CONTEXT() REPRESENTATION_CONTEXT('2D SPACE',''
  ) );
#3994 = ORIENTED_EDGE('',*,*,#3995,.F.);
#3995 = EDGE_CURVE('',#3996,#3963,#3998,.T.);
#3996 = VERTEX_POINT('',#3997);
#3997 = CARTESIAN_POINT('',(8.,42.,10.));
#3998 = SURFACE_CURVE('',#3999,(#4004,#4011),.PCURVE_S1.);
#3999 = CIRCLE('',#4000,2.);
#4000 = AXIS2_PLACEMENT_3D('',#4001,#4002,#4003);
#4001 = CARTESIAN_POINT('',(6.,42.,10.));
#4002 = DIRECTION('',(-0.,0.,-1.));
#4003 = DIRECTION('',(-1.,0.,0.));
#4004 = PCURVE('',#3971,#4005);
#4005 = DEFINITIONAL_REPRESENTATION('',(#4006),#4010);
#4006 = LINE('',#4007,#4008);
#4007 = CARTESIAN_POINT('',(0.,-1.960537494259E-16));
#4008 = VECTOR('',#4009,1.);
#4009 = DIRECTION('',(1.,0.));
#4010 = ( GEOMETRIC_REPRESENTATION_CONTEXT(2) 
PARAMETRIC_REPRESENTATION_CONTEXT() REPRESENTATION_CONTEXT('2D SPACE',''
  ) );
#4011 = PCURVE('',#4012,#4017);
#4012 = CYLINDRICAL_SURFACE('',#4013,2.);
#4013 = AXIS2_PLACEMENT_3D('',#4014,#4015,#4016);
#4014 = CARTESIAN_POINT('',(6.,42.,0.));
#4015 = DIRECTION('',(-0.,-0.,-1.));
#4016 = DIRECTION('',(-1.,0.,0.));
#4017 = DEFINITIONAL_REPRESENTATION('',(#4018),#4022);
#4018 = LINE('',#4019,#4020);
#4019 = CARTESIAN_POINT('',(0.,-10.));
#4020 = VECTOR('',#4021,1.);
#4021 = DIRECTION('',(1.,0.));
#4022 = ( GEOMETRIC_REPRESENTATION_CONTEXT(2) 
PARAMETRIC_REPRESENTATION_CONTEXT() REPRESENTATION_CONTEXT('2D SPACE',''
  ) );
#4023 = ORIENTED_EDGE('',*,*,#4024,.F.);
#4024 = EDGE_CURVE('',#4025,#3996,#4027,.T.);
#4025 = VERTEX_POINT('',#4026);
#4026 = CARTESIAN_POINT('',(6.229440731051,42.,11.063859338365));
#4027 = SURFACE_CURVE('',#4028,(#4032,#4039),.PCURVE_S1.);
#4028 = LINE('',#4029,#4030);
#4029 = CARTESIAN_POINT('',(8.,42.,10.));
#4030 = VECTOR('',#4031,1.);
#4031 = DIRECTION('',(0.857167300702,1.049727191139E-16,-0.51503807491)
  );
#4032 = PCURVE('',#3971,#4033);
#4033 = DEFINITIONAL_REPRESENTATION('',(#4034),#4038);
#4034 = LINE('',#4035,#4036);
#4035 = CARTESIAN_POINT('',(3.14159265359,-4.57445703459E-16));
#4036 = VECTOR('',#4037,1.);
#4037 = DIRECTION('',(0.,1.));
#4038 = ( GEOMETRIC_REPRESENTATION_CONTEXT(2) 
PARAMETRIC_REPRESENTATION_CONTEXT() REPRESENTATION_CONTEXT('2D SPACE',''
  ) );
#4039 = PCURVE('',#4040,#4045);
#4040 = CONICAL_SURFACE('',#4041,2.,1.029744258677);
#4041 = AXIS2_PLACEMENT_3D('',#4042,#4043,#4044);
#4042 = CARTESIAN_POINT('',(6.,42.,10.));
#4043 = DIRECTION('',(-0.,-0.,-1.));
#4044 = DIRECTION('',(-1.,0.,0.));
#4045 = DEFINITIONAL_REPRESENTATION('',(#4046),#4050);
#4046 = LINE('',#4047,#4048);
#4047 = CARTESIAN_POINT('',(3.14159265359,-4.57445703459E-16));
#4048 = VECTOR('',#4049,1.);
#4049 = DIRECTION('',(0.,1.));
#4050 = ( GEOMETRIC_REPRESENTATION_CONTEXT(2) 
PARAMETRIC_REPRESENTATION_CONTEXT() REPRESENTATION_CONTEXT('2D SPACE',''
  ) );
#4051 = ORIENTED_EDGE('',*,*,#4052,.T.);
#4052 = EDGE_CURVE('',#4025,#3961,#4053,.T.);
#4053 = SURFACE_CURVE('',#4054,(#4069,#4120),.PCURVE_S1.);
#4054 = B_SPLINE_CURVE_WITH_KNOTS('',3,(#4055,#4056,#4057,#4058,#4059,
    #4060,#4061,#4062,#4063,#4064,#4065,#4066,#4067,#4068),
  .UNSPECIFIED.,.F.,.F.,(4,2,2,2,2,2,4),(2.310935327184E-03,
    2.44177068464E-03,2.507188363368E-03,2.572606042096E-03,
    2.638023720824E-03,2.703441399552E-03,2.834276757008E-03),
  .UNSPECIFIED.);
#4055 = CARTESIAN_POINT('',(6.229440731051,42.,11.063859338365));
#4056 = CARTESIAN_POINT('',(6.192596516761,41.992051594271,
    11.085997575771));
#4057 = CARTESIAN_POINT('',(6.155682578512,41.984329566767,
    11.108096067503));
#4058 = CARTESIAN_POINT('',(6.099449756609,41.973452374961,
    11.140021831167));
#4059 = CARTESIAN_POINT('',(6.080605776,41.96992043232,11.150534696686)
  );
#4060 = CARTESIAN_POINT('',(6.041644670962,41.963679916916,
    11.169316674196));
#4061 = CARTESIAN_POINT('',(6.02082461555,41.960711011876,
    11.178393200255));
#4062 = CARTESIAN_POINT('',(5.977460669239,41.96086678463,
    11.177917199566));
#4063 = CARTESIAN_POINT('',(5.95700895191,41.963871829536,
    11.168734639705));
#4064 = CARTESIAN_POINT('',(5.918308745768,41.970119586165,
    11.149940031655));
#4065 = CARTESIAN_POINT('',(5.89959346525,41.973632693849,
    11.139488681824));
#4066 = CARTESIAN_POINT('',(5.843788859847,41.984441630756,
    11.10777519527));
#4067 = CARTESIAN_POINT('',(5.807138984545,41.992108654598,
    11.085838648923));
#4068 = CARTESIAN_POINT('',(5.770559268949,42.,11.063859338365));
#4069 = PCURVE('',#3971,#4070);
#4070 = DEFINITIONAL_REPRESENTATION('',(#4071),#4119);
#4071 = B_SPLINE_CURVE_WITH_KNOTS('',3,(#4072,#4073,#4074,#4075,#4076,
    #4077,#4078,#4079,#4080,#4081,#4082,#4083,#4084,#4085,#4086,#4087,
    #4088,#4089,#4090,#4091,#4092,#4093,#4094,#4095,#4096,#4097,#4098,
    #4099,#4100,#4101,#4102,#4103,#4104,#4105,#4106,#4107,#4108,#4109,
    #4110,#4111,#4112,#4113,#4114,#4115,#4116,#4117,#4118),
  .UNSPECIFIED.,.F.,.F.,(4,1,1,1,1,1,1,1,1,1,1,1,1,1,1,1,1,1,1,1,1,1,1,1
    ,1,1,1,1,1,1,1,1,1,1,1,1,1,1,1,1,1,1,1,1,4),(2.310935327184E-03,
    2.322829450589E-03,2.334723573994E-03,2.346617697399E-03,
    2.358511820804E-03,2.370405944209E-03,2.382300067614E-03,
    2.394194191019E-03,2.406088314425E-03,2.41798243783E-03,
    2.429876561235E-03,2.44177068464E-03,2.453664808045E-03,
    2.46555893145E-03,2.477453054855E-03,2.48934717826E-03,
    2.501241301665E-03,2.513135425071E-03,2.525029548476E-03,
    2.536923671881E-03,2.548817795286E-03,2.560711918691E-03,
    2.572606042096E-03,2.584500165501E-03,2.596394288906E-03,
    2.608288412311E-03,2.620182535717E-03,2.632076659122E-03,
    2.643970782527E-03,2.655864905932E-03,2.667759029337E-03,
    2.679653152742E-03,2.691547276147E-03,2.703441399552E-03,
    2.715335522957E-03,2.727229646363E-03,2.739123769768E-03,
    2.751017893173E-03,2.762912016578E-03,2.774806139983E-03,
    2.786700263388E-03,2.798594386793E-03,2.810488510198E-03,
    2.822382633603E-03,2.834276757008E-03),.QUASI_UNIFORM_KNOTS.);
#4072 = CARTESIAN_POINT('',(3.14159265359,-1.063859338365));
#4073 = CARTESIAN_POINT('',(3.144743805769,-1.065871887304));
#4074 = CARTESIAN_POINT('',(3.151298818774,-1.069894373265));
#4075 = CARTESIAN_POINT('',(3.162018616676,-1.075918972627));
#4076 = CARTESIAN_POINT('',(3.173745001233,-1.081933246226));
#4077 = CARTESIAN_POINT('',(3.186631735372,-1.087935656117));
#4078 = CARTESIAN_POINT('',(3.20086364035,-1.093924353225));
#4079 = CARTESIAN_POINT('',(3.216668778067,-1.099897052115));
#4080 = CARTESIAN_POINT('',(3.234330300516,-1.105850905852));
#4081 = CARTESIAN_POINT('',(3.254204021112,-1.111782318637));
#4082 = CARTESIAN_POINT('',(3.276741697289,-1.117686693281));
#4083 = CARTESIAN_POINT('',(3.302526261491,-1.123558040825));
#4084 = CARTESIAN_POINT('',(3.332312315549,-1.129388518536));
#4085 = CARTESIAN_POINT('',(3.367119737498,-1.135167344708));
#4086 = CARTESIAN_POINT('',(3.408251879368,-1.140879578767));
#4087 = CARTESIAN_POINT('',(3.457492572492,-1.146505190921));
#4088 = CARTESIAN_POINT('',(3.517349830315,-1.15201567817));
#4089 = CARTESIAN_POINT('',(3.591461722617,-1.157369895857));
#4090 = CARTESIAN_POINT('',(3.684864691493,-1.162503543548));
#4091 = CARTESIAN_POINT('',(3.806595037195,-1.167377855678));
#4092 = CARTESIAN_POINT('',(3.965702926856,-1.171743701431));
#4093 = CARTESIAN_POINT('',(4.172889769796,-1.175304677076));
#4094 = CARTESIAN_POINT('',(4.433196634341,-1.177677354612));
#4095 = CARTESIAN_POINT('',(4.734953524724,-1.178457903304));
#4096 = CARTESIAN_POINT('',(5.032493298822,-1.177422231635));
#4097 = CARTESIAN_POINT('',(5.283869147359,-1.174870369357));
#4098 = CARTESIAN_POINT('',(5.482367322181,-1.171208835152));
#4099 = CARTESIAN_POINT('',(5.634852881646,-1.166800409674));
#4100 = CARTESIAN_POINT('',(5.75201368381,-1.161916143784));
#4101 = CARTESIAN_POINT('',(5.842440106531,-1.156779436359));
#4102 = CARTESIAN_POINT('',(5.914372455712,-1.151435943153));
#4103 = CARTESIAN_POINT('',(5.972635086865,-1.145945536524));
#4104 = CARTESIAN_POINT('',(6.020677619171,-1.140347122828));
#4105 = CARTESIAN_POINT('',(6.060896027618,-1.134667449618));
#4106 = CARTESIAN_POINT('',(6.094994898257,-1.12892571719));
#4107 = CARTESIAN_POINT('',(6.124231327708,-1.123134799452));
#4108 = CARTESIAN_POINT('',(6.149586910924,-1.117303839449));
#4109 = CARTESIAN_POINT('',(6.171784395518,-1.111440689409));
#4110 = CARTESIAN_POINT('',(6.191385376191,-1.10555104191));
#4111 = CARTESIAN_POINT('',(6.208825822032,-1.099639369975));
#4112 = CARTESIAN_POINT('',(6.224450071717,-1.093709160285));
#4113 = CARTESIAN_POINT('',(6.238532727701,-1.087763188892));
#4114 = CARTESIAN_POINT('',(6.251295424127,-1.081803689739));
#4115 = CARTESIAN_POINT('',(6.262918106836,-1.075832476537));
#4116 = CARTESIAN_POINT('',(6.273550725392,-1.069851062252));
#4117 = CARTESIAN_POINT('',(6.280056819687,-1.065857439956));
#4118 = CARTESIAN_POINT('',(6.28318530718,-1.063859338365));
#4119 = ( GEOMETRIC_REPRESENTATION_CONTEXT(2) 
PARAMETRIC_REPRESENTATION_CONTEXT() REPRESENTATION_CONTEXT('2D SPACE',''
  ) );
#4120 = PCURVE('',#4121,#4126);
#4121 = CYLINDRICAL_SURFACE('',#4122,4.25);
#4122 = AXIS2_PLACEMENT_3D('',#4123,#4124,#4125);
#4123 = CARTESIAN_POINT('',(-1.214306433184E-14,46.,12.5));
#4124 = DIRECTION('',(1.,2.040851148208E-16,-0.));
#4125 = DIRECTION('',(-2.040851148208E-16,1.,0.));
#4126 = DEFINITIONAL_REPRESENTATION('',(#4127),#4175);
#4127 = B_SPLINE_CURVE_WITH_KNOTS('',3,(#4128,#4129,#4130,#4131,#4132,
    #4133,#4134,#4135,#4136,#4137,#4138,#4139,#4140,#4141,#4142,#4143,
    #4144,#4145,#4146,#4147,#4148,#4149,#4150,#4151,#4152,#4153,#4154,
    #4155,#4156,#4157,#4158,#4159,#4160,#4161,#4162,#4163,#4164,#4165,
    #4166,#4167,#4168,#4169,#4170,#4171,#4172,#4173,#4174),
  .UNSPECIFIED.,.F.,.F.,(4,1,1,1,1,1,1,1,1,1,1,1,1,1,1,1,1,1,1,1,1,1,1,1
    ,1,1,1,1,1,1,1,1,1,1,1,1,1,1,1,1,1,1,1,1,4),(2.310935327184E-03,
    2.322829450589E-03,2.334723573994E-03,2.346617697399E-03,
    2.358511820804E-03,2.370405944209E-03,2.382300067614E-03,
    2.394194191019E-03,2.406088314425E-03,2.41798243783E-03,
    2.429876561235E-03,2.44177068464E-03,2.453664808045E-03,
    2.46555893145E-03,2.477453054855E-03,2.48934717826E-03,
    2.501241301665E-03,2.513135425071E-03,2.525029548476E-03,
    2.536923671881E-03,2.548817795286E-03,2.560711918691E-03,
    2.572606042096E-03,2.584500165501E-03,2.596394288906E-03,
    2.608288412311E-03,2.620182535717E-03,2.632076659122E-03,
    2.643970782527E-03,2.655864905932E-03,2.667759029337E-03,
    2.679653152742E-03,2.691547276147E-03,2.703441399552E-03,
    2.715335522957E-03,2.727229646363E-03,2.739123769768E-03,
    2.751017893173E-03,2.762912016578E-03,2.774806139983E-03,
    2.786700263388E-03,2.798594386793E-03,2.810488510198E-03,
    2.822382633603E-03,2.834276757008E-03),.QUASI_UNIFORM_KNOTS.);
#4128 = CARTESIAN_POINT('',(3.486293833388,6.229440731051));
#4129 = CARTESIAN_POINT('',(3.485790691643,6.226091257025));
#4130 = CARTESIAN_POINT('',(3.484784851092,6.219391156509));
#4131 = CARTESIAN_POINT('',(3.483278276783,6.209335272388));
#4132 = CARTESIAN_POINT('',(3.481774746646,6.199271378912));
#4133 = CARTESIAN_POINT('',(3.480275118471,6.189197200259));
#4134 = CARTESIAN_POINT('',(3.478780250447,6.179110459915));
#4135 = CARTESIAN_POINT('',(3.477290999791,6.169008883948));
#4136 = CARTESIAN_POINT('',(3.475808227859,6.158890188781));
#4137 = CARTESIAN_POINT('',(3.474332780953,6.148752126842));
#4138 = CARTESIAN_POINT('',(3.472865561863,6.138592316188));
#4139 = CARTESIAN_POINT('',(3.471407262793,6.128408876352));
#4140 = CARTESIAN_POINT('',(3.469959361988,6.118198055328));
#4141 = CARTESIAN_POINT('',(3.468520404206,6.107963085797));
#4142 = CARTESIAN_POINT('',(3.467096900226,6.09769019772));
#4143 = CARTESIAN_POINT('',(3.465698362509,6.087358307003));
#4144 = CARTESIAN_POINT('',(3.46433328166,6.07694935387));
#4145 = CARTESIAN_POINT('',(3.463011236917,6.066440495329));
#4146 = CARTESIAN_POINT('',(3.461738476651,6.055824996939));
#4147 = CARTESIAN_POINT('',(3.460512713791,6.04493647805));
#4148 = CARTESIAN_POINT('',(3.459425873492,6.033813372753));
#4149 = CARTESIAN_POINT('',(3.458555246212,6.022462523298));
#4150 = CARTESIAN_POINT('',(3.457981074081,6.010921465824));
#4151 = CARTESIAN_POINT('',(3.457786431695,5.999136552766));
#4152 = CARTESIAN_POINT('',(3.458040114708,5.98738817748));
#4153 = CARTESIAN_POINT('',(3.458652728101,5.975934820646));
#4154 = CARTESIAN_POINT('',(3.459549771715,5.964701123049));
#4155 = CARTESIAN_POINT('',(3.460651761459,5.953702205581));
#4156 = CARTESIAN_POINT('',(3.461884256574,5.942925108597));
#4157 = CARTESIAN_POINT('',(3.46315763149,5.932378714495));
#4158 = CARTESIAN_POINT('',(3.464477516178,5.92194140889));
#4159 = CARTESIAN_POINT('',(3.465837805041,5.911603833758));
#4160 = CARTESIAN_POINT('',(3.467229539315,5.901344614567));
#4161 = CARTESIAN_POINT('',(3.468644731883,5.891145857489));
#4162 = CARTESIAN_POINT('',(3.470074363909,5.880987762388));
#4163 = CARTESIAN_POINT('',(3.471512574473,5.870854673657));
#4164 = CARTESIAN_POINT('',(3.472960975917,5.860747488331));
#4165 = CARTESIAN_POINT('',(3.474418080894,5.85066320513));
#4166 = CARTESIAN_POINT('',(3.47588323263,5.840599867325));
#4167 = CARTESIAN_POINT('',(3.477355551839,5.830555238299));
#4168 = CARTESIAN_POINT('',(3.478834218911,5.820527156431));
#4169 = CARTESIAN_POINT('',(3.480318398326,5.810513440005));
#4170 = CARTESIAN_POINT('',(3.481807258933,5.800511912691));
#4171 = CARTESIAN_POINT('',(3.483299968537,5.790520396714));
#4172 = CARTESIAN_POINT('',(3.48479569536,5.780536714686));
#4173 = CARTESIAN_POINT('',(3.485794303616,5.773884697639));
#4174 = CARTESIAN_POINT('',(3.486293833388,5.770559268949));
#4175 = ( GEOMETRIC_REPRESENTATION_CONTEXT(2) 
PARAMETRIC_REPRESENTATION_CONTEXT() REPRESENTATION_CONTEXT('2D SPACE',''
  ) );
#4176 = ADVANCED_FACE('',(#4177),#3983,.F.);
#4177 = FACE_BOUND('',#4178,.F.);
#4178 = EDGE_LOOP('',(#4179,#4208,#4209));
#4179 = ORIENTED_EDGE('',*,*,#4180,.F.);
#4180 = EDGE_CURVE('',#3963,#4181,#4183,.T.);
#4181 = VERTEX_POINT('',#4182);
#4182 = CARTESIAN_POINT('',(4.080897561426,42.563068228783,10.));
#4183 = SURFACE_CURVE('',#4184,(#4189,#4196),.PCURVE_S1.);
#4184 = CIRCLE('',#4185,2.);
#4185 = AXIS2_PLACEMENT_3D('',#4186,#4187,#4188);
#4186 = CARTESIAN_POINT('',(6.,42.,10.));
#4187 = DIRECTION('',(-0.,0.,-1.));
#4188 = DIRECTION('',(-1.,0.,0.));
#4189 = PCURVE('',#3983,#4190);
#4190 = DEFINITIONAL_REPRESENTATION('',(#4191),#4195);
#4191 = LINE('',#4192,#4193);
#4192 = CARTESIAN_POINT('',(0.,-1.960537494259E-16));
#4193 = VECTOR('',#4194,1.);
#4194 = DIRECTION('',(1.,-3.434808848363E-16));
#4195 = ( GEOMETRIC_REPRESENTATION_CONTEXT(2) 
PARAMETRIC_REPRESENTATION_CONTEXT() REPRESENTATION_CONTEXT('2D SPACE',''
  ) );
#4196 = PCURVE('',#4197,#4202);
#4197 = CYLINDRICAL_SURFACE('',#4198,2.);
#4198 = AXIS2_PLACEMENT_3D('',#4199,#4200,#4201);
#4199 = CARTESIAN_POINT('',(6.,42.,0.));
#4200 = DIRECTION('',(-0.,-0.,-1.));
#4201 = DIRECTION('',(-1.,0.,0.));
#4202 = DEFINITIONAL_REPRESENTATION('',(#4203),#4207);
#4203 = LINE('',#4204,#4205);
#4204 = CARTESIAN_POINT('',(0.,-10.));
#4205 = VECTOR('',#4206,1.);
#4206 = DIRECTION('',(1.,0.));
#4207 = ( GEOMETRIC_REPRESENTATION_CONTEXT(2) 
PARAMETRIC_REPRESENTATION_CONTEXT() REPRESENTATION_CONTEXT('2D SPACE',''
  ) );
#4208 = ORIENTED_EDGE('',*,*,#3960,.F.);
#4209 = ORIENTED_EDGE('',*,*,#4210,.T.);
#4210 = EDGE_CURVE('',#3961,#4181,#4211,.T.);
#4211 = SURFACE_CURVE('',#4212,(#4219,#4248),.PCURVE_S1.);
#4212 = B_SPLINE_CURVE_WITH_KNOTS('',3,(#4213,#4214,#4215,#4216,#4217,
    #4218),.UNSPECIFIED.,.F.,.F.,(4,2,4),(2.834276757008E-03,
    3.87935525624E-03,4.924433755471E-03),.UNSPECIFIED.);
#4213 = CARTESIAN_POINT('',(5.770559268949,42.,11.063859338365));
#4214 = CARTESIAN_POINT('',(5.478370100657,42.063033996081,
    10.888294373833));
#4215 = CARTESIAN_POINT('',(5.191915247918,42.140465346248,
    10.709262644903));
#4216 = CARTESIAN_POINT('',(4.626463383023,42.326313044488,
    10.353660751104));
#4217 = CARTESIAN_POINT('',(4.349591982623,42.434571009446,
    10.176654470261));
#4218 = CARTESIAN_POINT('',(4.080897561426,42.563068228783,10.));
#4219 = PCURVE('',#3983,#4220);
#4220 = DEFINITIONAL_REPRESENTATION('',(#4221),#4247);
#4221 = B_SPLINE_CURVE_WITH_KNOTS('',3,(#4222,#4223,#4224,#4225,#4226,
    #4227,#4228,#4229,#4230,#4231,#4232,#4233,#4234,#4235,#4236,#4237,
    #4238,#4239,#4240,#4241,#4242,#4243,#4244,#4245,#4246),
  .UNSPECIFIED.,.F.,.F.,(4,1,1,1,1,1,1,1,1,1,1,1,1,1,1,1,1,1,1,1,1,1,4),
  (2.834276757008E-03,2.929283893302E-03,3.024291029596E-03,
    3.11929816589E-03,3.214305302184E-03,3.309312438477E-03,
    3.404319574771E-03,3.499326711065E-03,3.594333847359E-03,
    3.689340983652E-03,3.784348119946E-03,3.87935525624E-03,
    3.974362392534E-03,4.069369528827E-03,4.164376665121E-03,
    4.259383801415E-03,4.354390937709E-03,4.449398074002E-03,
    4.544405210296E-03,4.63941234659E-03,4.734419482884E-03,
    4.829426619177E-03,4.924433755471E-03),.QUASI_UNIFORM_KNOTS.);
#4222 = CARTESIAN_POINT('',(0.,-1.063859338365));
#4223 = CARTESIAN_POINT('',(2.371293164619E-02,-1.04788581475));
#4224 = CARTESIAN_POINT('',(6.039407382265E-02,-1.0158336493));
#4225 = CARTESIAN_POINT('',(9.345365890834E-02,-0.96754386632));
#4226 = CARTESIAN_POINT('',(0.11772323251,-0.919176171668));
#4227 = CARTESIAN_POINT('',(0.136224625981,-0.870759876978));
#4228 = CARTESIAN_POINT('',(0.151320010904,-0.822317765296));
#4229 = CARTESIAN_POINT('',(0.164094044647,-0.773859586619));
#4230 = CARTESIAN_POINT('',(0.175265394449,-0.72539133725));
#4231 = CARTESIAN_POINT('',(0.185272767464,-0.676916320976));
#4232 = CARTESIAN_POINT('',(0.19441308939,-0.628435762974));
#4233 = CARTESIAN_POINT('',(0.202890705368,-0.579952261053));
#4234 = CARTESIAN_POINT('',(0.210848811183,-0.531459076513));
#4235 = CARTESIAN_POINT('',(0.218401972255,-0.482981620918));
#4236 = CARTESIAN_POINT('',(0.225653676217,-0.434545416499));
#4237 = CARTESIAN_POINT('',(0.232674184739,-0.386142944239));
#4238 = CARTESIAN_POINT('',(0.239520419963,-0.337775007471));
#4239 = CARTESIAN_POINT('',(0.246236606693,-0.28943971144));
#4240 = CARTESIAN_POINT('',(0.25285824603,-0.241135457812));
#4241 = CARTESIAN_POINT('',(0.259413983014,-0.19286016886));
#4242 = CARTESIAN_POINT('',(0.265927246011,-0.144611515375));
#4243 = CARTESIAN_POINT('',(0.272417295022,-9.638685764673E-02));
#4244 = CARTESIAN_POINT('',(0.278900362284,-4.818330113761E-02));
#4245 = CARTESIAN_POINT('',(0.283226288047,-1.605947359758E-02));
#4246 = CARTESIAN_POINT('',(0.285392518305,6.14371379021E-13));
#4247 = ( GEOMETRIC_REPRESENTATION_CONTEXT(2) 
PARAMETRIC_REPRESENTATION_CONTEXT() REPRESENTATION_CONTEXT('2D SPACE',''
  ) );
#4248 = PCURVE('',#4121,#4249);
#4249 = DEFINITIONAL_REPRESENTATION('',(#4250),#4276);
#4250 = B_SPLINE_CURVE_WITH_KNOTS('',3,(#4251,#4252,#4253,#4254,#4255,
    #4256,#4257,#4258,#4259,#4260,#4261,#4262,#4263,#4264,#4265,#4266,
    #4267,#4268,#4269,#4270,#4271,#4272,#4273,#4274,#4275),
  .UNSPECIFIED.,.F.,.F.,(4,1,1,1,1,1,1,1,1,1,1,1,1,1,1,1,1,1,1,1,1,1,4),
  (2.834276757008E-03,2.929283893302E-03,3.024291029596E-03,
    3.11929816589E-03,3.214305302184E-03,3.309312438477E-03,
    3.404319574771E-03,3.499326711065E-03,3.594333847359E-03,
    3.689340983652E-03,3.784348119946E-03,3.87935525624E-03,
    3.974362392534E-03,4.069369528827E-03,4.164376665121E-03,
    4.259383801415E-03,4.354390937709E-03,4.449398074002E-03,
    4.544405210296E-03,4.63941234659E-03,4.734419482884E-03,
    4.829426619177E-03,4.924433755471E-03),.QUASI_UNIFORM_KNOTS.);
#4251 = CARTESIAN_POINT('',(3.486293833388,5.770559268949));
#4252 = CARTESIAN_POINT('',(3.490283950972,5.743996617286));
#4253 = CARTESIAN_POINT('',(3.498295778994,5.690966096017));
#4254 = CARTESIAN_POINT('',(3.510405847977,5.611695620349));
#4255 = CARTESIAN_POINT('',(3.52260576892,5.532691410332));
#4256 = CARTESIAN_POINT('',(3.534893148654,5.453944427645));
#4257 = CARTESIAN_POINT('',(3.547265652785,5.375445625562));
#4258 = CARTESIAN_POINT('',(3.559721018753,5.297185988715));
#4259 = CARTESIAN_POINT('',(3.572257053284,5.219156384709));
#4260 = CARTESIAN_POINT('',(3.58487165667,5.141348117899));
#4261 = CARTESIAN_POINT('',(3.597562755707,5.063750862666));
#4262 = CARTESIAN_POINT('',(3.610328575486,4.986360376539));
#4263 = CARTESIAN_POINT('',(3.623166647302,4.909149714428));
#4264 = CARTESIAN_POINT('',(3.63607753338,4.832176658573));
#4265 = CARTESIAN_POINT('',(3.649068470764,4.755518500647));
#4266 = CARTESIAN_POINT('',(3.66214390774,4.679167804993));
#4267 = CARTESIAN_POINT('',(3.675309217223,4.603139838572));
#4268 = CARTESIAN_POINT('',(3.688569693498,4.527443785197));
#4269 = CARTESIAN_POINT('',(3.701930812193,4.452090458655));
#4270 = CARTESIAN_POINT('',(3.715398151382,4.377090235984));
#4271 = CARTESIAN_POINT('',(3.72897740202,4.302453611249));
#4272 = CARTESIAN_POINT('',(3.742674356572,4.228191047156));
#4273 = CARTESIAN_POINT('',(3.756494891802,4.154313014815));
#4274 = CARTESIAN_POINT('',(3.765794958944,4.10532432699));
#4275 = CARTESIAN_POINT('',(3.770467579085,4.080897561426));
#4276 = ( GEOMETRIC_REPRESENTATION_CONTEXT(2) 
PARAMETRIC_REPRESENTATION_CONTEXT() REPRESENTATION_CONTEXT('2D SPACE',''
  ) );
#4277 = ADVANCED_FACE('',(#4278),#4012,.F.);
#4278 = FACE_BOUND('',#4279,.F.);
#4279 = EDGE_LOOP('',(#4280,#4303,#4327,#4348));
#4280 = ORIENTED_EDGE('',*,*,#4281,.T.);
#4281 = EDGE_CURVE('',#3963,#4282,#4284,.T.);
#4282 = VERTEX_POINT('',#4283);
#4283 = CARTESIAN_POINT('',(4.,42.,-1.310372075088E-15));
#4284 = SURFACE_CURVE('',#4285,(#4289,#4296),.PCURVE_S1.);
#4285 = LINE('',#4286,#4287);
#4286 = CARTESIAN_POINT('',(4.,42.,0.));
#4287 = VECTOR('',#4288,1.);
#4288 = DIRECTION('',(-0.,-0.,-1.));
#4289 = PCURVE('',#4012,#4290);
#4290 = DEFINITIONAL_REPRESENTATION('',(#4291),#4295);
#4291 = LINE('',#4292,#4293);
#4292 = CARTESIAN_POINT('',(6.28318530718,0.));
#4293 = VECTOR('',#4294,1.);
#4294 = DIRECTION('',(0.,1.));
#4295 = ( GEOMETRIC_REPRESENTATION_CONTEXT(2) 
PARAMETRIC_REPRESENTATION_CONTEXT() REPRESENTATION_CONTEXT('2D SPACE',''
  ) );
#4296 = PCURVE('',#4197,#4297);
#4297 = DEFINITIONAL_REPRESENTATION('',(#4298),#4302);
#4298 = LINE('',#4299,#4300);
#4299 = CARTESIAN_POINT('',(0.,0.));
#4300 = VECTOR('',#4301,1.);
#4301 = DIRECTION('',(0.,1.));
#4302 = ( GEOMETRIC_REPRESENTATION_CONTEXT(2) 
PARAMETRIC_REPRESENTATION_CONTEXT() REPRESENTATION_CONTEXT('2D SPACE',''
  ) );
#4303 = ORIENTED_EDGE('',*,*,#4304,.F.);
#4304 = EDGE_CURVE('',#4305,#4282,#4307,.T.);
#4305 = VERTEX_POINT('',#4306);
#4306 = CARTESIAN_POINT('',(8.,42.,-1.310372075088E-15));
#4307 = SURFACE_CURVE('',#4308,(#4313,#4320),.PCURVE_S1.);
#4308 = CIRCLE('',#4309,2.);
#4309 = AXIS2_PLACEMENT_3D('',#4310,#4311,#4312);
#4310 = CARTESIAN_POINT('',(6.,42.,-1.310372075088E-15));
#4311 = DIRECTION('',(-0.,0.,-1.));
#4312 = DIRECTION('',(-1.,0.,0.));
#4313 = PCURVE('',#4012,#4314);
#4314 = DEFINITIONAL_REPRESENTATION('',(#4315),#4319);
#4315 = LINE('',#4316,#4317);
#4316 = CARTESIAN_POINT('',(0.,1.310372075088E-15));
#4317 = VECTOR('',#4318,1.);
#4318 = DIRECTION('',(1.,0.));
#4319 = ( GEOMETRIC_REPRESENTATION_CONTEXT(2) 
PARAMETRIC_REPRESENTATION_CONTEXT() REPRESENTATION_CONTEXT('2D SPACE',''
  ) );
#4320 = PCURVE('',#2894,#4321);
#4321 = DEFINITIONAL_REPRESENTATION('',(#4322),#4326);
#4322 = CIRCLE('',#4323,2.);
#4323 = AXIS2_PLACEMENT_2D('',#4324,#4325);
#4324 = CARTESIAN_POINT('',(-6.,42.));
#4325 = DIRECTION('',(1.,0.));
#4326 = ( GEOMETRIC_REPRESENTATION_CONTEXT(2) 
PARAMETRIC_REPRESENTATION_CONTEXT() REPRESENTATION_CONTEXT('2D SPACE',''
  ) );
#4327 = ORIENTED_EDGE('',*,*,#4328,.F.);
#4328 = EDGE_CURVE('',#3996,#4305,#4329,.T.);
#4329 = SURFACE_CURVE('',#4330,(#4334,#4341),.PCURVE_S1.);
#4330 = LINE('',#4331,#4332);
#4331 = CARTESIAN_POINT('',(8.,42.,0.));
#4332 = VECTOR('',#4333,1.);
#4333 = DIRECTION('',(-0.,-0.,-1.));
#4334 = PCURVE('',#4012,#4335);
#4335 = DEFINITIONAL_REPRESENTATION('',(#4336),#4340);
#4336 = LINE('',#4337,#4338);
#4337 = CARTESIAN_POINT('',(3.14159265359,0.));
#4338 = VECTOR('',#4339,1.);
#4339 = DIRECTION('',(0.,1.));
#4340 = ( GEOMETRIC_REPRESENTATION_CONTEXT(2) 
PARAMETRIC_REPRESENTATION_CONTEXT() REPRESENTATION_CONTEXT('2D SPACE',''
  ) );
#4341 = PCURVE('',#4197,#4342);
#4342 = DEFINITIONAL_REPRESENTATION('',(#4343),#4347);
#4343 = LINE('',#4344,#4345);
#4344 = CARTESIAN_POINT('',(3.14159265359,0.));
#4345 = VECTOR('',#4346,1.);
#4346 = DIRECTION('',(0.,1.));
#4347 = ( GEOMETRIC_REPRESENTATION_CONTEXT(2) 
PARAMETRIC_REPRESENTATION_CONTEXT() REPRESENTATION_CONTEXT('2D SPACE',''
  ) );
#4348 = ORIENTED_EDGE('',*,*,#3995,.T.);
#4349 = ADVANCED_FACE('',(#4350),#4364,.F.);
#4350 = FACE_BOUND('',#4351,.F.);
#4351 = EDGE_LOOP('',(#4352,#4387,#4411,#4434));
#4352 = ORIENTED_EDGE('',*,*,#4353,.T.);
#4353 = EDGE_CURVE('',#4354,#4356,#4358,.T.);
#4354 = VERTEX_POINT('',#4355);
#4355 = CARTESIAN_POINT('',(49.,74.,10.));
#4356 = VERTEX_POINT('',#4357);
#4357 = CARTESIAN_POINT('',(49.,74.,-1.310372075088E-15));
#4358 = SURFACE_CURVE('',#4359,(#4363,#4375),.PCURVE_S1.);
#4359 = LINE('',#4360,#4361);
#4360 = CARTESIAN_POINT('',(49.,74.,0.));
#4361 = VECTOR('',#4362,1.);
#4362 = DIRECTION('',(-0.,-0.,-1.));
#4363 = PCURVE('',#4364,#4369);
#4364 = CYLINDRICAL_SURFACE('',#4365,2.);
#4365 = AXIS2_PLACEMENT_3D('',#4366,#4367,#4368);
#4366 = CARTESIAN_POINT('',(51.,74.,0.));
#4367 = DIRECTION('',(-0.,-0.,-1.));
#4368 = DIRECTION('',(-1.,0.,0.));
#4369 = DEFINITIONAL_REPRESENTATION('',(#4370),#4374);
#4370 = LINE('',#4371,#4372);
#4371 = CARTESIAN_POINT('',(6.28318530718,0.));
#4372 = VECTOR('',#4373,1.);
#4373 = DIRECTION('',(0.,1.));
#4374 = ( GEOMETRIC_REPRESENTATION_CONTEXT(2) 
PARAMETRIC_REPRESENTATION_CONTEXT() REPRESENTATION_CONTEXT('2D SPACE',''
  ) );
#4375 = PCURVE('',#4376,#4381);
#4376 = CYLINDRICAL_SURFACE('',#4377,2.);
#4377 = AXIS2_PLACEMENT_3D('',#4378,#4379,#4380);
#4378 = CARTESIAN_POINT('',(51.,74.,0.));
#4379 = DIRECTION('',(-0.,-0.,-1.));
#4380 = DIRECTION('',(-1.,0.,0.));
#4381 = DEFINITIONAL_REPRESENTATION('',(#4382),#4386);
#4382 = LINE('',#4383,#4384);
#4383 = CARTESIAN_POINT('',(0.,0.));
#4384 = VECTOR('',#4385,1.);
#4385 = DIRECTION('',(0.,1.));
#4386 = ( GEOMETRIC_REPRESENTATION_CONTEXT(2) 
PARAMETRIC_REPRESENTATION_CONTEXT() REPRESENTATION_CONTEXT('2D SPACE',''
  ) );
#4387 = ORIENTED_EDGE('',*,*,#4388,.F.);
#4388 = EDGE_CURVE('',#4389,#4356,#4391,.T.);
#4389 = VERTEX_POINT('',#4390);
#4390 = CARTESIAN_POINT('',(53.,74.,-1.310372075088E-15));
#4391 = SURFACE_CURVE('',#4392,(#4397,#4404),.PCURVE_S1.);
#4392 = CIRCLE('',#4393,2.);
#4393 = AXIS2_PLACEMENT_3D('',#4394,#4395,#4396);
#4394 = CARTESIAN_POINT('',(51.,74.,-1.310372075088E-15));
#4395 = DIRECTION('',(-0.,0.,-1.));
#4396 = DIRECTION('',(-1.,0.,0.));
#4397 = PCURVE('',#4364,#4398);
#4398 = DEFINITIONAL_REPRESENTATION('',(#4399),#4403);
#4399 = LINE('',#4400,#4401);
#4400 = CARTESIAN_POINT('',(0.,1.310372075088E-15));
#4401 = VECTOR('',#4402,1.);
#4402 = DIRECTION('',(1.,0.));
#4403 = ( GEOMETRIC_REPRESENTATION_CONTEXT(2) 
PARAMETRIC_REPRESENTATION_CONTEXT() REPRESENTATION_CONTEXT('2D SPACE',''
  ) );
#4404 = PCURVE('',#2894,#4405);
#4405 = DEFINITIONAL_REPRESENTATION('',(#4406),#4410);
#4406 = CIRCLE('',#4407,2.);
#4407 = AXIS2_PLACEMENT_2D('',#4408,#4409);
#4408 = CARTESIAN_POINT('',(-51.,74.));
#4409 = DIRECTION('',(1.,0.));
#4410 = ( GEOMETRIC_REPRESENTATION_CONTEXT(2) 
PARAMETRIC_REPRESENTATION_CONTEXT() REPRESENTATION_CONTEXT('2D SPACE',''
  ) );
#4411 = ORIENTED_EDGE('',*,*,#4412,.F.);
#4412 = EDGE_CURVE('',#4413,#4389,#4415,.T.);
#4413 = VERTEX_POINT('',#4414);
#4414 = CARTESIAN_POINT('',(53.,74.,10.));
#4415 = SURFACE_CURVE('',#4416,(#4420,#4427),.PCURVE_S1.);
#4416 = LINE('',#4417,#4418);
#4417 = CARTESIAN_POINT('',(53.,74.,0.));
#4418 = VECTOR('',#4419,1.);
#4419 = DIRECTION('',(-0.,-0.,-1.));
#4420 = PCURVE('',#4364,#4421);
#4421 = DEFINITIONAL_REPRESENTATION('',(#4422),#4426);
#4422 = LINE('',#4423,#4424);
#4423 = CARTESIAN_POINT('',(3.14159265359,0.));
#4424 = VECTOR('',#4425,1.);
#4425 = DIRECTION('',(0.,1.));
#4426 = ( GEOMETRIC_REPRESENTATION_CONTEXT(2) 
PARAMETRIC_REPRESENTATION_CONTEXT() REPRESENTATION_CONTEXT('2D SPACE',''
  ) );
#4427 = PCURVE('',#4376,#4428);
#4428 = DEFINITIONAL_REPRESENTATION('',(#4429),#4433);
#4429 = LINE('',#4430,#4431);
#4430 = CARTESIAN_POINT('',(3.14159265359,0.));
#4431 = VECTOR('',#4432,1.);
#4432 = DIRECTION('',(0.,1.));
#4433 = ( GEOMETRIC_REPRESENTATION_CONTEXT(2) 
PARAMETRIC_REPRESENTATION_CONTEXT() REPRESENTATION_CONTEXT('2D SPACE',''
  ) );
#4434 = ORIENTED_EDGE('',*,*,#4435,.T.);
#4435 = EDGE_CURVE('',#4413,#4354,#4436,.T.);
#4436 = SURFACE_CURVE('',#4437,(#4442,#4449),.PCURVE_S1.);
#4437 = CIRCLE('',#4438,2.);
#4438 = AXIS2_PLACEMENT_3D('',#4439,#4440,#4441);
#4439 = CARTESIAN_POINT('',(51.,74.,10.));
#4440 = DIRECTION('',(-0.,0.,-1.));
#4441 = DIRECTION('',(-1.,0.,0.));
#4442 = PCURVE('',#4364,#4443);
#4443 = DEFINITIONAL_REPRESENTATION('',(#4444),#4448);
#4444 = LINE('',#4445,#4446);
#4445 = CARTESIAN_POINT('',(0.,-10.));
#4446 = VECTOR('',#4447,1.);
#4447 = DIRECTION('',(1.,0.));
#4448 = ( GEOMETRIC_REPRESENTATION_CONTEXT(2) 
PARAMETRIC_REPRESENTATION_CONTEXT() REPRESENTATION_CONTEXT('2D SPACE',''
  ) );
#4449 = PCURVE('',#4450,#4455);
#4450 = CONICAL_SURFACE('',#4451,2.,1.029744258677);
#4451 = AXIS2_PLACEMENT_3D('',#4452,#4453,#4454);
#4452 = CARTESIAN_POINT('',(51.,74.,10.));
#4453 = DIRECTION('',(-0.,-0.,-1.));
#4454 = DIRECTION('',(-1.,0.,0.));
#4455 = DEFINITIONAL_REPRESENTATION('',(#4456),#4460);
#4456 = LINE('',#4457,#4458);
#4457 = CARTESIAN_POINT('',(0.,-9.802687471293E-16));
#4458 = VECTOR('',#4459,1.);
#4459 = DIRECTION('',(1.,0.));
#4460 = ( GEOMETRIC_REPRESENTATION_CONTEXT(2) 
PARAMETRIC_REPRESENTATION_CONTEXT() REPRESENTATION_CONTEXT('2D SPACE',''
  ) );
#4461 = ADVANCED_FACE('',(#4462),#4450,.F.);
#4462 = FACE_BOUND('',#4463,.F.);
#4463 = EDGE_LOOP('',(#4464,#4465,#4537));
#4464 = ORIENTED_EDGE('',*,*,#4435,.F.);
#4465 = ORIENTED_EDGE('',*,*,#4466,.F.);
#4466 = EDGE_CURVE('',#4467,#4413,#4469,.T.);
#4467 = VERTEX_POINT('',#4468);
#4468 = CARTESIAN_POINT('',(51.,74.,11.201721238055));
#4469 = SURFACE_CURVE('',#4470,(#4474,#4503),.PCURVE_S1.);
#4470 = LINE('',#4471,#4472);
#4471 = CARTESIAN_POINT('',(53.,74.,10.));
#4472 = VECTOR('',#4473,1.);
#4473 = DIRECTION('',(0.857167300702,1.049727191139E-16,-0.51503807491)
  );
#4474 = PCURVE('',#4450,#4475);
#4475 = DEFINITIONAL_REPRESENTATION('',(#4476),#4502);
#4476 = B_SPLINE_CURVE_WITH_KNOTS('',3,(#4477,#4478,#4479,#4480,#4481,
    #4482,#4483,#4484,#4485,#4486,#4487,#4488,#4489,#4490,#4491,#4492,
    #4493,#4494,#4495,#4496,#4497,#4498,#4499,#4500,#4501),
  .UNSPECIFIED.,.F.,.F.,(4,1,1,1,1,1,1,1,1,1,1,1,1,1,1,1,1,1,1,1,1,1,4),
  (-2.333266794431,-2.227209212866,-2.121151631301,-2.015094049736,
    -1.909036468171,-1.802978886606,-1.69692130504,-1.590863723475,
    -1.48480614191,-1.378748560345,-1.27269097878,-1.166633397215,
    -1.06057581565,-0.954518234085,-0.84846065252,-0.742403070955,
    -0.63634548939,-0.530287907825,-0.42423032626,-0.318172744695,
    -0.21211516313,-0.106057581565,0.),.UNSPECIFIED.);
#4477 = CARTESIAN_POINT('',(3.14159265359,-1.201721238055));
#4478 = CARTESIAN_POINT('',(3.14159265359,-1.183513340509));
#4479 = CARTESIAN_POINT('',(3.14159265359,-1.147097545416));
#4480 = CARTESIAN_POINT('',(3.14159265359,-1.092473852777));
#4481 = CARTESIAN_POINT('',(3.14159265359,-1.037850160139));
#4482 = CARTESIAN_POINT('',(3.14159265359,-0.9832264675));
#4483 = CARTESIAN_POINT('',(3.14159265359,-0.928602774861));
#4484 = CARTESIAN_POINT('',(3.14159265359,-0.873979082222));
#4485 = CARTESIAN_POINT('',(3.14159265359,-0.819355389583));
#4486 = CARTESIAN_POINT('',(3.14159265359,-0.764731696944));
#4487 = CARTESIAN_POINT('',(3.14159265359,-0.710108004305));
#4488 = CARTESIAN_POINT('',(3.14159265359,-0.655484311666));
#4489 = CARTESIAN_POINT('',(3.14159265359,-0.600860619028));
#4490 = CARTESIAN_POINT('',(3.14159265359,-0.546236926389));
#4491 = CARTESIAN_POINT('',(3.14159265359,-0.49161323375));
#4492 = CARTESIAN_POINT('',(3.14159265359,-0.436989541111));
#4493 = CARTESIAN_POINT('',(3.14159265359,-0.382365848472));
#4494 = CARTESIAN_POINT('',(3.14159265359,-0.327742155833));
#4495 = CARTESIAN_POINT('',(3.14159265359,-0.273118463194));
#4496 = CARTESIAN_POINT('',(3.14159265359,-0.218494770555));
#4497 = CARTESIAN_POINT('',(3.14159265359,-0.163871077917));
#4498 = CARTESIAN_POINT('',(3.14159265359,-0.109247385278));
#4499 = CARTESIAN_POINT('',(3.14159265359,-5.462369263887E-02));
#4500 = CARTESIAN_POINT('',(3.14159265359,-1.820789754629E-02));
#4501 = CARTESIAN_POINT('',(3.14159265359,-9.802687471293E-16));
#4502 = ( GEOMETRIC_REPRESENTATION_CONTEXT(2) 
PARAMETRIC_REPRESENTATION_CONTEXT() REPRESENTATION_CONTEXT('2D SPACE',''
  ) );
#4503 = PCURVE('',#4504,#4509);
#4504 = CONICAL_SURFACE('',#4505,2.,1.029744258677);
#4505 = AXIS2_PLACEMENT_3D('',#4506,#4507,#4508);
#4506 = CARTESIAN_POINT('',(51.,74.,10.));
#4507 = DIRECTION('',(-0.,-0.,-1.));
#4508 = DIRECTION('',(-1.,0.,0.));
#4509 = DEFINITIONAL_REPRESENTATION('',(#4510),#4536);
#4510 = B_SPLINE_CURVE_WITH_KNOTS('',3,(#4511,#4512,#4513,#4514,#4515,
    #4516,#4517,#4518,#4519,#4520,#4521,#4522,#4523,#4524,#4525,#4526,
    #4527,#4528,#4529,#4530,#4531,#4532,#4533,#4534,#4535),
  .UNSPECIFIED.,.F.,.F.,(4,1,1,1,1,1,1,1,1,1,1,1,1,1,1,1,1,1,1,1,1,1,4),
  (-2.333266794431,-2.227209212866,-2.121151631301,-2.015094049736,
    -1.909036468171,-1.802978886606,-1.69692130504,-1.590863723475,
    -1.48480614191,-1.378748560345,-1.27269097878,-1.166633397215,
    -1.06057581565,-0.954518234085,-0.84846065252,-0.742403070955,
    -0.63634548939,-0.530287907825,-0.42423032626,-0.318172744695,
    -0.21211516313,-0.106057581565,0.),.UNSPECIFIED.);
#4511 = CARTESIAN_POINT('',(3.14159265359,-1.201721238055));
#4512 = CARTESIAN_POINT('',(3.14159265359,-1.183513340509));
#4513 = CARTESIAN_POINT('',(3.14159265359,-1.147097545416));
#4514 = CARTESIAN_POINT('',(3.14159265359,-1.092473852777));
#4515 = CARTESIAN_POINT('',(3.14159265359,-1.037850160139));
#4516 = CARTESIAN_POINT('',(3.14159265359,-0.9832264675));
#4517 = CARTESIAN_POINT('',(3.14159265359,-0.928602774861));
#4518 = CARTESIAN_POINT('',(3.14159265359,-0.873979082222));
#4519 = CARTESIAN_POINT('',(3.14159265359,-0.819355389583));
#4520 = CARTESIAN_POINT('',(3.14159265359,-0.764731696944));
#4521 = CARTESIAN_POINT('',(3.14159265359,-0.710108004305));
#4522 = CARTESIAN_POINT('',(3.14159265359,-0.655484311666));
#4523 = CARTESIAN_POINT('',(3.14159265359,-0.600860619028));
#4524 = CARTESIAN_POINT('',(3.14159265359,-0.546236926389));
#4525 = CARTESIAN_POINT('',(3.14159265359,-0.49161323375));
#4526 = CARTESIAN_POINT('',(3.14159265359,-0.436989541111));
#4527 = CARTESIAN_POINT('',(3.14159265359,-0.382365848472));
#4528 = CARTESIAN_POINT('',(3.14159265359,-0.327742155833));
#4529 = CARTESIAN_POINT('',(3.14159265359,-0.273118463194));
#4530 = CARTESIAN_POINT('',(3.14159265359,-0.218494770555));
#4531 = CARTESIAN_POINT('',(3.14159265359,-0.163871077917));
#4532 = CARTESIAN_POINT('',(3.14159265359,-0.109247385278));
#4533 = CARTESIAN_POINT('',(3.14159265359,-5.462369263887E-02));
#4534 = CARTESIAN_POINT('',(3.14159265359,-1.820789754629E-02));
#4535 = CARTESIAN_POINT('',(3.14159265359,-9.802687471293E-16));
#4536 = ( GEOMETRIC_REPRESENTATION_CONTEXT(2) 
PARAMETRIC_REPRESENTATION_CONTEXT() REPRESENTATION_CONTEXT('2D SPACE',''
  ) );
#4537 = ORIENTED_EDGE('',*,*,#4538,.T.);
#4538 = EDGE_CURVE('',#4467,#4354,#4539,.T.);
#4539 = SURFACE_CURVE('',#4540,(#4544,#4551),.PCURVE_S1.);
#4540 = LINE('',#4541,#4542);
#4541 = CARTESIAN_POINT('',(49.,74.,10.));
#4542 = VECTOR('',#4543,1.);
#4543 = DIRECTION('',(-0.857167300702,0.,-0.51503807491));
#4544 = PCURVE('',#4450,#4545);
#4545 = DEFINITIONAL_REPRESENTATION('',(#4546),#4550);
#4546 = LINE('',#4547,#4548);
#4547 = CARTESIAN_POINT('',(6.28318530718,1.372337110377E-15));
#4548 = VECTOR('',#4549,1.);
#4549 = DIRECTION('',(0.,1.));
#4550 = ( GEOMETRIC_REPRESENTATION_CONTEXT(2) 
PARAMETRIC_REPRESENTATION_CONTEXT() REPRESENTATION_CONTEXT('2D SPACE',''
  ) );
#4551 = PCURVE('',#4504,#4552);
#4552 = DEFINITIONAL_REPRESENTATION('',(#4553),#4557);
#4553 = LINE('',#4554,#4555);
#4554 = CARTESIAN_POINT('',(0.,1.372337110377E-15));
#4555 = VECTOR('',#4556,1.);
#4556 = DIRECTION('',(0.,1.));
#4557 = ( GEOMETRIC_REPRESENTATION_CONTEXT(2) 
PARAMETRIC_REPRESENTATION_CONTEXT() REPRESENTATION_CONTEXT('2D SPACE',''
  ) );
#4558 = ADVANCED_FACE('',(#4559),#4573,.F.);
#4559 = FACE_BOUND('',#4560,.F.);
#4560 = EDGE_LOOP('',(#4561,#4596,#4629,#4657));
#4561 = ORIENTED_EDGE('',*,*,#4562,.T.);
#4562 = EDGE_CURVE('',#4563,#4565,#4567,.T.);
#4563 = VERTEX_POINT('',#4564);
#4564 = CARTESIAN_POINT('',(-6.938893903907E-15,18.,16.75));
#4565 = VERTEX_POINT('',#4566);
#4566 = CARTESIAN_POINT('',(12.,18.,16.75));
#4567 = SURFACE_CURVE('',#4568,(#4572,#4584),.PCURVE_S1.);
#4568 = LINE('',#4569,#4570);
#4569 = CARTESIAN_POINT('',(-6.938893903907E-15,18.,16.75));
#4570 = VECTOR('',#4571,1.);
#4571 = DIRECTION('',(1.,2.040851148208E-16,-0.));
#4572 = PCURVE('',#4573,#4578);
#4573 = CYLINDRICAL_SURFACE('',#4574,4.25);
#4574 = AXIS2_PLACEMENT_3D('',#4575,#4576,#4577);
#4575 = CARTESIAN_POINT('',(-6.938893903907E-15,18.,12.5));
#4576 = DIRECTION('',(1.,2.040851148208E-16,-0.));
#4577 = DIRECTION('',(-2.040851148208E-16,1.,0.));
#4578 = DEFINITIONAL_REPRESENTATION('',(#4579),#4583);
#4579 = LINE('',#4580,#4581);
#4580 = CARTESIAN_POINT('',(1.570796326795,0.));
#4581 = VECTOR('',#4582,1.);
#4582 = DIRECTION('',(0.,1.));
#4583 = ( GEOMETRIC_REPRESENTATION_CONTEXT(2) 
PARAMETRIC_REPRESENTATION_CONTEXT() REPRESENTATION_CONTEXT('2D SPACE',''
  ) );
#4584 = PCURVE('',#4585,#4590);
#4585 = PLANE('',#4586);
#4586 = AXIS2_PLACEMENT_3D('',#4587,#4588,#4589);
#4587 = CARTESIAN_POINT('',(-5.20417042793E-15,6.,16.75));
#4588 = DIRECTION('',(0.,0.,1.));
#4589 = DIRECTION('',(1.,0.,-0.));
#4590 = DEFINITIONAL_REPRESENTATION('',(#4591),#4595);
#4591 = LINE('',#4592,#4593);
#4592 = CARTESIAN_POINT('',(-1.734723475977E-15,12.));
#4593 = VECTOR('',#4594,1.);
#4594 = DIRECTION('',(1.,2.040851148208E-16));
#4595 = ( GEOMETRIC_REPRESENTATION_CONTEXT(2) 
PARAMETRIC_REPRESENTATION_CONTEXT() REPRESENTATION_CONTEXT('2D SPACE',''
  ) );
#4596 = ORIENTED_EDGE('',*,*,#4597,.F.);
#4597 = EDGE_CURVE('',#4598,#4565,#4600,.T.);
#4598 = VERTEX_POINT('',#4599);
#4599 = CARTESIAN_POINT('',(12.,22.25,12.5));
#4600 = SURFACE_CURVE('',#4601,(#4606,#4613),.PCURVE_S1.);
#4601 = CIRCLE('',#4602,4.25);
#4602 = AXIS2_PLACEMENT_3D('',#4603,#4604,#4605);
#4603 = CARTESIAN_POINT('',(12.,18.,12.5));
#4604 = DIRECTION('',(1.,2.040851148208E-16,0.));
#4605 = DIRECTION('',(-2.040851148208E-16,1.,0.));
#4606 = PCURVE('',#4573,#4607);
#4607 = DEFINITIONAL_REPRESENTATION('',(#4608),#4612);
#4608 = LINE('',#4609,#4610);
#4609 = CARTESIAN_POINT('',(0.,12.));
#4610 = VECTOR('',#4611,1.);
#4611 = DIRECTION('',(1.,-1.130863886743E-15));
#4612 = ( GEOMETRIC_REPRESENTATION_CONTEXT(2) 
PARAMETRIC_REPRESENTATION_CONTEXT() REPRESENTATION_CONTEXT('2D SPACE',''
  ) );
#4613 = PCURVE('',#4614,#4619);
#4614 = PLANE('',#4615);
#4615 = AXIS2_PLACEMENT_3D('',#4616,#4617,#4618);
#4616 = CARTESIAN_POINT('',(12.,68.,60.));
#4617 = DIRECTION('',(-1.,-2.040851148208E-16,0.));
#4618 = DIRECTION('',(2.040851148208E-16,-1.,0.));
#4619 = DEFINITIONAL_REPRESENTATION('',(#4620),#4628);
#4620 = ( BOUNDED_CURVE() B_SPLINE_CURVE(2,(#4621,#4622,#4623,#4624,
#4625,#4626,#4627),.UNSPECIFIED.,.T.,.F.) B_SPLINE_CURVE_WITH_KNOTS((1,2
    ,2,2,2,1),(-2.094395102393,0.,2.094395102393,4.188790204786,
6.28318530718,8.377580409573),.UNSPECIFIED.) CURVE() 
GEOMETRIC_REPRESENTATION_ITEM() RATIONAL_B_SPLINE_CURVE((1.,0.5,1.,0.5,
1.,0.5,1.)) REPRESENTATION_ITEM('') );
#4621 = CARTESIAN_POINT('',(45.75,-47.5));
#4622 = CARTESIAN_POINT('',(45.75,-40.13878406783));
#4623 = CARTESIAN_POINT('',(52.125,-43.81939203391));
#4624 = CARTESIAN_POINT('',(58.5,-47.5));
#4625 = CARTESIAN_POINT('',(52.125,-51.18060796608));
#4626 = CARTESIAN_POINT('',(45.75,-54.86121593216));
#4627 = CARTESIAN_POINT('',(45.75,-47.5));
#4628 = ( GEOMETRIC_REPRESENTATION_CONTEXT(2) 
PARAMETRIC_REPRESENTATION_CONTEXT() REPRESENTATION_CONTEXT('2D SPACE',''
  ) );
#4629 = ORIENTED_EDGE('',*,*,#4630,.F.);
#4630 = EDGE_CURVE('',#4631,#4598,#4633,.T.);
#4631 = VERTEX_POINT('',#4632);
#4632 = CARTESIAN_POINT('',(-7.806255641896E-15,22.25,12.5));
#4633 = SURFACE_CURVE('',#4634,(#4638,#4645),.PCURVE_S1.);
#4634 = LINE('',#4635,#4636);
#4635 = CARTESIAN_POINT('',(-7.806255641896E-15,22.25,12.5));
#4636 = VECTOR('',#4637,1.);
#4637 = DIRECTION('',(1.,2.040851148208E-16,-0.));
#4638 = PCURVE('',#4573,#4639);
#4639 = DEFINITIONAL_REPRESENTATION('',(#4640),#4644);
#4640 = LINE('',#4641,#4642);
#4641 = CARTESIAN_POINT('',(0.,0.));
#4642 = VECTOR('',#4643,1.);
#4643 = DIRECTION('',(0.,1.));
#4644 = ( GEOMETRIC_REPRESENTATION_CONTEXT(2) 
PARAMETRIC_REPRESENTATION_CONTEXT() REPRESENTATION_CONTEXT('2D SPACE',''
  ) );
#4645 = PCURVE('',#4646,#4651);
#4646 = CYLINDRICAL_SURFACE('',#4647,4.25);
#4647 = AXIS2_PLACEMENT_3D('',#4648,#4649,#4650);
#4648 = CARTESIAN_POINT('',(-6.938893903907E-15,18.,12.5));
#4649 = DIRECTION('',(1.,2.040851148208E-16,-0.));
#4650 = DIRECTION('',(-2.040851148208E-16,1.,0.));
#4651 = DEFINITIONAL_REPRESENTATION('',(#4652),#4656);
#4652 = LINE('',#4653,#4654);
#4653 = CARTESIAN_POINT('',(6.28318530718,0.));
#4654 = VECTOR('',#4655,1.);
#4655 = DIRECTION('',(0.,1.));
#4656 = ( GEOMETRIC_REPRESENTATION_CONTEXT(2) 
PARAMETRIC_REPRESENTATION_CONTEXT() REPRESENTATION_CONTEXT('2D SPACE',''
  ) );
#4657 = ORIENTED_EDGE('',*,*,#4658,.T.);
#4658 = EDGE_CURVE('',#4631,#4563,#4659,.T.);
#4659 = SURFACE_CURVE('',#4660,(#4665,#4672),.PCURVE_S1.);
#4660 = CIRCLE('',#4661,4.25);
#4661 = AXIS2_PLACEMENT_3D('',#4662,#4663,#4664);
#4662 = CARTESIAN_POINT('',(-6.938893903907E-15,18.,12.5));
#4663 = DIRECTION('',(1.,2.040851148208E-16,0.));
#4664 = DIRECTION('',(-2.040851148208E-16,1.,0.));
#4665 = PCURVE('',#4573,#4666);
#4666 = DEFINITIONAL_REPRESENTATION('',(#4667),#4671);
#4667 = LINE('',#4668,#4669);
#4668 = CARTESIAN_POINT('',(0.,0.));
#4669 = VECTOR('',#4670,1.);
#4670 = DIRECTION('',(1.,0.));
#4671 = ( GEOMETRIC_REPRESENTATION_CONTEXT(2) 
PARAMETRIC_REPRESENTATION_CONTEXT() REPRESENTATION_CONTEXT('2D SPACE',''
  ) );
#4672 = PCURVE('',#4673,#4678);
#4673 = PLANE('',#4674);
#4674 = AXIS2_PLACEMENT_3D('',#4675,#4676,#4677);
#4675 = CARTESIAN_POINT('',(0.,0.,60.));
#4676 = DIRECTION('',(1.,0.,0.));
#4677 = DIRECTION('',(0.,0.,-1.));
#4678 = DEFINITIONAL_REPRESENTATION('',(#4679),#4683);
#4679 = CIRCLE('',#4680,4.25);
#4680 = AXIS2_PLACEMENT_2D('',#4681,#4682);
#4681 = CARTESIAN_POINT('',(47.5,18.));
#4682 = DIRECTION('',(0.,1.));
#4683 = ( GEOMETRIC_REPRESENTATION_CONTEXT(2) 
PARAMETRIC_REPRESENTATION_CONTEXT() REPRESENTATION_CONTEXT('2D SPACE',''
  ) );
#4684 = ADVANCED_FACE('',(#4685),#4699,.F.);
#4685 = FACE_BOUND('',#4686,.F.);
#4686 = EDGE_LOOP('',(#4687,#4722,#4750,#4778));
#4687 = ORIENTED_EDGE('',*,*,#4688,.T.);
#4688 = EDGE_CURVE('',#4689,#4691,#4693,.T.);
#4689 = VERTEX_POINT('',#4690);
#4690 = CARTESIAN_POINT('',(-1.561251128379E-14,58.,16.75));
#4691 = VERTEX_POINT('',#4692);
#4692 = CARTESIAN_POINT('',(12.,58.,16.75));
#4693 = SURFACE_CURVE('',#4694,(#4698,#4710),.PCURVE_S1.);
#4694 = LINE('',#4695,#4696);
#4695 = CARTESIAN_POINT('',(-1.561251128379E-14,58.,16.75));
#4696 = VECTOR('',#4697,1.);
#4697 = DIRECTION('',(1.,2.040851148208E-16,-0.));
#4698 = PCURVE('',#4699,#4704);
#4699 = CYLINDRICAL_SURFACE('',#4700,4.25);
#4700 = AXIS2_PLACEMENT_3D('',#4701,#4702,#4703);
#4701 = CARTESIAN_POINT('',(-1.561251128379E-14,58.,12.5));
#4702 = DIRECTION('',(1.,2.040851148208E-16,-0.));
#4703 = DIRECTION('',(-2.040851148208E-16,1.,0.));
#4704 = DEFINITIONAL_REPRESENTATION('',(#4705),#4709);
#4705 = LINE('',#4706,#4707);
#4706 = CARTESIAN_POINT('',(1.570796326795,0.));
#4707 = VECTOR('',#4708,1.);
#4708 = DIRECTION('',(0.,1.));
#4709 = ( GEOMETRIC_REPRESENTATION_CONTEXT(2) 
PARAMETRIC_REPRESENTATION_CONTEXT() REPRESENTATION_CONTEXT('2D SPACE',''
  ) );
#4710 = PCURVE('',#4711,#4716);
#4711 = PLANE('',#4712);
#4712 = AXIS2_PLACEMENT_3D('',#4713,#4714,#4715);
#4713 = CARTESIAN_POINT('',(-1.214306433184E-14,46.,16.75));
#4714 = DIRECTION('',(0.,0.,1.));
#4715 = DIRECTION('',(1.,0.,-0.));
#4716 = DEFINITIONAL_REPRESENTATION('',(#4717),#4721);
#4717 = LINE('',#4718,#4719);
#4718 = CARTESIAN_POINT('',(-3.469446951954E-15,12.));
#4719 = VECTOR('',#4720,1.);
#4720 = DIRECTION('',(1.,2.040851148208E-16));
#4721 = ( GEOMETRIC_REPRESENTATION_CONTEXT(2) 
PARAMETRIC_REPRESENTATION_CONTEXT() REPRESENTATION_CONTEXT('2D SPACE',''
  ) );
#4722 = ORIENTED_EDGE('',*,*,#4723,.F.);
#4723 = EDGE_CURVE('',#4724,#4691,#4726,.T.);
#4724 = VERTEX_POINT('',#4725);
#4725 = CARTESIAN_POINT('',(12.,62.25,12.5));
#4726 = SURFACE_CURVE('',#4727,(#4732,#4739),.PCURVE_S1.);
#4727 = CIRCLE('',#4728,4.25);
#4728 = AXIS2_PLACEMENT_3D('',#4729,#4730,#4731);
#4729 = CARTESIAN_POINT('',(12.,58.,12.5));
#4730 = DIRECTION('',(1.,2.040851148208E-16,0.));
#4731 = DIRECTION('',(-2.040851148208E-16,1.,0.));
#4732 = PCURVE('',#4699,#4733);
#4733 = DEFINITIONAL_REPRESENTATION('',(#4734),#4738);
#4734 = LINE('',#4735,#4736);
#4735 = CARTESIAN_POINT('',(0.,12.));
#4736 = VECTOR('',#4737,1.);
#4737 = DIRECTION('',(1.,0.));
#4738 = ( GEOMETRIC_REPRESENTATION_CONTEXT(2) 
PARAMETRIC_REPRESENTATION_CONTEXT() REPRESENTATION_CONTEXT('2D SPACE',''
  ) );
#4739 = PCURVE('',#4614,#4740);
#4740 = DEFINITIONAL_REPRESENTATION('',(#4741),#4749);
#4741 = ( BOUNDED_CURVE() B_SPLINE_CURVE(2,(#4742,#4743,#4744,#4745,
#4746,#4747,#4748),.UNSPECIFIED.,.T.,.F.) B_SPLINE_CURVE_WITH_KNOTS((1,2
    ,2,2,2,1),(-2.094395102393,0.,2.094395102393,4.188790204786,
6.28318530718,8.377580409573),.UNSPECIFIED.) CURVE() 
GEOMETRIC_REPRESENTATION_ITEM() RATIONAL_B_SPLINE_CURVE((1.,0.5,1.,0.5,
1.,0.5,1.)) REPRESENTATION_ITEM('') );
#4742 = CARTESIAN_POINT('',(5.75,-47.5));
#4743 = CARTESIAN_POINT('',(5.75,-40.13878406783));
#4744 = CARTESIAN_POINT('',(12.125,-43.81939203391));
#4745 = CARTESIAN_POINT('',(18.5,-47.5));
#4746 = CARTESIAN_POINT('',(12.125,-51.18060796608));
#4747 = CARTESIAN_POINT('',(5.75,-54.86121593216));
#4748 = CARTESIAN_POINT('',(5.75,-47.5));
#4749 = ( GEOMETRIC_REPRESENTATION_CONTEXT(2) 
PARAMETRIC_REPRESENTATION_CONTEXT() REPRESENTATION_CONTEXT('2D SPACE',''
  ) );
#4750 = ORIENTED_EDGE('',*,*,#4751,.F.);
#4751 = EDGE_CURVE('',#4752,#4724,#4754,.T.);
#4752 = VERTEX_POINT('',#4753);
#4753 = CARTESIAN_POINT('',(-1.647987302178E-14,62.25,12.5));
#4754 = SURFACE_CURVE('',#4755,(#4759,#4766),.PCURVE_S1.);
#4755 = LINE('',#4756,#4757);
#4756 = CARTESIAN_POINT('',(-1.647987302178E-14,62.25,12.5));
#4757 = VECTOR('',#4758,1.);
#4758 = DIRECTION('',(1.,2.040851148208E-16,-0.));
#4759 = PCURVE('',#4699,#4760);
#4760 = DEFINITIONAL_REPRESENTATION('',(#4761),#4765);
#4761 = LINE('',#4762,#4763);
#4762 = CARTESIAN_POINT('',(0.,0.));
#4763 = VECTOR('',#4764,1.);
#4764 = DIRECTION('',(0.,1.));
#4765 = ( GEOMETRIC_REPRESENTATION_CONTEXT(2) 
PARAMETRIC_REPRESENTATION_CONTEXT() REPRESENTATION_CONTEXT('2D SPACE',''
  ) );
#4766 = PCURVE('',#4767,#4772);
#4767 = CYLINDRICAL_SURFACE('',#4768,4.25);
#4768 = AXIS2_PLACEMENT_3D('',#4769,#4770,#4771);
#4769 = CARTESIAN_POINT('',(-1.561251128379E-14,58.,12.5));
#4770 = DIRECTION('',(1.,2.040851148208E-16,-0.));
#4771 = DIRECTION('',(-2.040851148208E-16,1.,0.));
#4772 = DEFINITIONAL_REPRESENTATION('',(#4773),#4777);
#4773 = LINE('',#4774,#4775);
#4774 = CARTESIAN_POINT('',(6.28318530718,0.));
#4775 = VECTOR('',#4776,1.);
#4776 = DIRECTION('',(0.,1.));
#4777 = ( GEOMETRIC_REPRESENTATION_CONTEXT(2) 
PARAMETRIC_REPRESENTATION_CONTEXT() REPRESENTATION_CONTEXT('2D SPACE',''
  ) );
#4778 = ORIENTED_EDGE('',*,*,#4779,.T.);
#4779 = EDGE_CURVE('',#4752,#4689,#4780,.T.);
#4780 = SURFACE_CURVE('',#4781,(#4786,#4793),.PCURVE_S1.);
#4781 = CIRCLE('',#4782,4.25);
#4782 = AXIS2_PLACEMENT_3D('',#4783,#4784,#4785);
#4783 = CARTESIAN_POINT('',(-1.561251128379E-14,58.,12.5));
#4784 = DIRECTION('',(1.,2.040851148208E-16,0.));
#4785 = DIRECTION('',(-2.040851148208E-16,1.,0.));
#4786 = PCURVE('',#4699,#4787);
#4787 = DEFINITIONAL_REPRESENTATION('',(#4788),#4792);
#4788 = LINE('',#4789,#4790);
#4789 = CARTESIAN_POINT('',(0.,0.));
#4790 = VECTOR('',#4791,1.);
#4791 = DIRECTION('',(1.,0.));
#4792 = ( GEOMETRIC_REPRESENTATION_CONTEXT(2) 
PARAMETRIC_REPRESENTATION_CONTEXT() REPRESENTATION_CONTEXT('2D SPACE',''
  ) );
#4793 = PCURVE('',#4673,#4794);
#4794 = DEFINITIONAL_REPRESENTATION('',(#4795),#4799);
#4795 = CIRCLE('',#4796,4.25);
#4796 = AXIS2_PLACEMENT_2D('',#4797,#4798);
#4797 = CARTESIAN_POINT('',(47.5,58.));
#4798 = DIRECTION('',(0.,1.));
#4799 = ( GEOMETRIC_REPRESENTATION_CONTEXT(2) 
PARAMETRIC_REPRESENTATION_CONTEXT() REPRESENTATION_CONTEXT('2D SPACE',''
  ) );
#4800 = ADVANCED_FACE('',(#4801),#4815,.F.);
#4801 = FACE_BOUND('',#4802,.F.);
#4802 = EDGE_LOOP('',(#4803,#4838,#4866,#4894));
#4803 = ORIENTED_EDGE('',*,*,#4804,.T.);
#4804 = EDGE_CURVE('',#4805,#4807,#4809,.T.);
#4805 = VERTEX_POINT('',#4806);
#4806 = CARTESIAN_POINT('',(-6.938893903907E-15,18.,51.75));
#4807 = VERTEX_POINT('',#4808);
#4808 = CARTESIAN_POINT('',(12.,18.,51.75));
#4809 = SURFACE_CURVE('',#4810,(#4814,#4826),.PCURVE_S1.);
#4810 = LINE('',#4811,#4812);
#4811 = CARTESIAN_POINT('',(-6.938893903907E-15,18.,51.75));
#4812 = VECTOR('',#4813,1.);
#4813 = DIRECTION('',(1.,2.040851148208E-16,-0.));
#4814 = PCURVE('',#4815,#4820);
#4815 = CYLINDRICAL_SURFACE('',#4816,4.25);
#4816 = AXIS2_PLACEMENT_3D('',#4817,#4818,#4819);
#4817 = CARTESIAN_POINT('',(-6.938893903907E-15,18.,47.5));
#4818 = DIRECTION('',(1.,2.040851148208E-16,-0.));
#4819 = DIRECTION('',(-2.040851148208E-16,1.,0.));
#4820 = DEFINITIONAL_REPRESENTATION('',(#4821),#4825);
#4821 = LINE('',#4822,#4823);
#4822 = CARTESIAN_POINT('',(1.570796326795,0.));
#4823 = VECTOR('',#4824,1.);
#4824 = DIRECTION('',(0.,1.));
#4825 = ( GEOMETRIC_REPRESENTATION_CONTEXT(2) 
PARAMETRIC_REPRESENTATION_CONTEXT() REPRESENTATION_CONTEXT('2D SPACE',''
  ) );
#4826 = PCURVE('',#4827,#4832);
#4827 = PLANE('',#4828);
#4828 = AXIS2_PLACEMENT_3D('',#4829,#4830,#4831);
#4829 = CARTESIAN_POINT('',(-5.20417042793E-15,6.,51.75));
#4830 = DIRECTION('',(0.,0.,1.));
#4831 = DIRECTION('',(1.,0.,-0.));
#4832 = DEFINITIONAL_REPRESENTATION('',(#4833),#4837);
#4833 = LINE('',#4834,#4835);
#4834 = CARTESIAN_POINT('',(-1.734723475977E-15,12.));
#4835 = VECTOR('',#4836,1.);
#4836 = DIRECTION('',(1.,2.040851148208E-16));
#4837 = ( GEOMETRIC_REPRESENTATION_CONTEXT(2) 
PARAMETRIC_REPRESENTATION_CONTEXT() REPRESENTATION_CONTEXT('2D SPACE',''
  ) );
#4838 = ORIENTED_EDGE('',*,*,#4839,.F.);
#4839 = EDGE_CURVE('',#4840,#4807,#4842,.T.);
#4840 = VERTEX_POINT('',#4841);
#4841 = CARTESIAN_POINT('',(12.,22.25,47.5));
#4842 = SURFACE_CURVE('',#4843,(#4848,#4855),.PCURVE_S1.);
#4843 = CIRCLE('',#4844,4.25);
#4844 = AXIS2_PLACEMENT_3D('',#4845,#4846,#4847);
#4845 = CARTESIAN_POINT('',(12.,18.,47.5));
#4846 = DIRECTION('',(1.,2.040851148208E-16,0.));
#4847 = DIRECTION('',(-2.040851148208E-16,1.,0.));
#4848 = PCURVE('',#4815,#4849);
#4849 = DEFINITIONAL_REPRESENTATION('',(#4850),#4854);
#4850 = LINE('',#4851,#4852);
#4851 = CARTESIAN_POINT('',(0.,12.));
#4852 = VECTOR('',#4853,1.);
#4853 = DIRECTION('',(1.,-1.130863886743E-15));
#4854 = ( GEOMETRIC_REPRESENTATION_CONTEXT(2) 
PARAMETRIC_REPRESENTATION_CONTEXT() REPRESENTATION_CONTEXT('2D SPACE',''
  ) );
#4855 = PCURVE('',#4614,#4856);
#4856 = DEFINITIONAL_REPRESENTATION('',(#4857),#4865);
#4857 = ( BOUNDED_CURVE() B_SPLINE_CURVE(2,(#4858,#4859,#4860,#4861,
#4862,#4863,#4864),.UNSPECIFIED.,.T.,.F.) B_SPLINE_CURVE_WITH_KNOTS((1,2
    ,2,2,2,1),(-2.094395102393,0.,2.094395102393,4.188790204786,
6.28318530718,8.377580409573),.UNSPECIFIED.) CURVE() 
GEOMETRIC_REPRESENTATION_ITEM() RATIONAL_B_SPLINE_CURVE((1.,0.5,1.,0.5,
1.,0.5,1.)) REPRESENTATION_ITEM('') );
#4858 = CARTESIAN_POINT('',(45.75,-12.5));
#4859 = CARTESIAN_POINT('',(45.75,-5.138784067832));
#4860 = CARTESIAN_POINT('',(52.125,-8.819392033916));
#4861 = CARTESIAN_POINT('',(58.5,-12.5));
#4862 = CARTESIAN_POINT('',(52.125,-16.18060796608));
#4863 = CARTESIAN_POINT('',(45.75,-19.86121593216));
#4864 = CARTESIAN_POINT('',(45.75,-12.5));
#4865 = ( GEOMETRIC_REPRESENTATION_CONTEXT(2) 
PARAMETRIC_REPRESENTATION_CONTEXT() REPRESENTATION_CONTEXT('2D SPACE',''
  ) );
#4866 = ORIENTED_EDGE('',*,*,#4867,.F.);
#4867 = EDGE_CURVE('',#4868,#4840,#4870,.T.);
#4868 = VERTEX_POINT('',#4869);
#4869 = CARTESIAN_POINT('',(-7.806255641896E-15,22.25,47.5));
#4870 = SURFACE_CURVE('',#4871,(#4875,#4882),.PCURVE_S1.);
#4871 = LINE('',#4872,#4873);
#4872 = CARTESIAN_POINT('',(-7.806255641896E-15,22.25,47.5));
#4873 = VECTOR('',#4874,1.);
#4874 = DIRECTION('',(1.,2.040851148208E-16,-0.));
#4875 = PCURVE('',#4815,#4876);
#4876 = DEFINITIONAL_REPRESENTATION('',(#4877),#4881);
#4877 = LINE('',#4878,#4879);
#4878 = CARTESIAN_POINT('',(0.,-7.88860905221E-31));
#4879 = VECTOR('',#4880,1.);
#4880 = DIRECTION('',(0.,1.));
#4881 = ( GEOMETRIC_REPRESENTATION_CONTEXT(2) 
PARAMETRIC_REPRESENTATION_CONTEXT() REPRESENTATION_CONTEXT('2D SPACE',''
  ) );
#4882 = PCURVE('',#4883,#4888);
#4883 = CYLINDRICAL_SURFACE('',#4884,4.25);
#4884 = AXIS2_PLACEMENT_3D('',#4885,#4886,#4887);
#4885 = CARTESIAN_POINT('',(-6.938893903907E-15,18.,47.5));
#4886 = DIRECTION('',(1.,2.040851148208E-16,-0.));
#4887 = DIRECTION('',(-2.040851148208E-16,1.,0.));
#4888 = DEFINITIONAL_REPRESENTATION('',(#4889),#4893);
#4889 = LINE('',#4890,#4891);
#4890 = CARTESIAN_POINT('',(6.28318530718,-7.88860905221E-31));
#4891 = VECTOR('',#4892,1.);
#4892 = DIRECTION('',(0.,1.));
#4893 = ( GEOMETRIC_REPRESENTATION_CONTEXT(2) 
PARAMETRIC_REPRESENTATION_CONTEXT() REPRESENTATION_CONTEXT('2D SPACE',''
  ) );
#4894 = ORIENTED_EDGE('',*,*,#4895,.T.);
#4895 = EDGE_CURVE('',#4868,#4805,#4896,.T.);
#4896 = SURFACE_CURVE('',#4897,(#4902,#4909),.PCURVE_S1.);
#4897 = CIRCLE('',#4898,4.25);
#4898 = AXIS2_PLACEMENT_3D('',#4899,#4900,#4901);
#4899 = CARTESIAN_POINT('',(-6.938893903907E-15,18.,47.5));
#4900 = DIRECTION('',(1.,2.040851148208E-16,0.));
#4901 = DIRECTION('',(-2.040851148208E-16,1.,0.));
#4902 = PCURVE('',#4815,#4903);
#4903 = DEFINITIONAL_REPRESENTATION('',(#4904),#4908);
#4904 = LINE('',#4905,#4906);
#4905 = CARTESIAN_POINT('',(0.,-7.88860905221E-31));
#4906 = VECTOR('',#4907,1.);
#4907 = DIRECTION('',(1.,5.022044499115E-31));
#4908 = ( GEOMETRIC_REPRESENTATION_CONTEXT(2) 
PARAMETRIC_REPRESENTATION_CONTEXT() REPRESENTATION_CONTEXT('2D SPACE',''
  ) );
#4909 = PCURVE('',#4673,#4910);
#4910 = DEFINITIONAL_REPRESENTATION('',(#4911),#4915);
#4911 = CIRCLE('',#4912,4.25);
#4912 = AXIS2_PLACEMENT_2D('',#4913,#4914);
#4913 = CARTESIAN_POINT('',(12.5,18.));
#4914 = DIRECTION('',(0.,1.));
#4915 = ( GEOMETRIC_REPRESENTATION_CONTEXT(2) 
PARAMETRIC_REPRESENTATION_CONTEXT() REPRESENTATION_CONTEXT('2D SPACE',''
  ) );
#4916 = ADVANCED_FACE('',(#4917),#4931,.F.);
#4917 = FACE_BOUND('',#4918,.F.);
#4918 = EDGE_LOOP('',(#4919,#4954,#4982,#5010));
#4919 = ORIENTED_EDGE('',*,*,#4920,.T.);
#4920 = EDGE_CURVE('',#4921,#4923,#4925,.T.);
#4921 = VERTEX_POINT('',#4922);
#4922 = CARTESIAN_POINT('',(-1.561251128379E-14,58.,51.75));
#4923 = VERTEX_POINT('',#4924);
#4924 = CARTESIAN_POINT('',(12.,58.,51.75));
#4925 = SURFACE_CURVE('',#4926,(#4930,#4942),.PCURVE_S1.);
#4926 = LINE('',#4927,#4928);
#4927 = CARTESIAN_POINT('',(-1.561251128379E-14,58.,51.75));
#4928 = VECTOR('',#4929,1.);
#4929 = DIRECTION('',(1.,2.040851148208E-16,-0.));
#4930 = PCURVE('',#4931,#4936);
#4931 = CYLINDRICAL_SURFACE('',#4932,4.25);
#4932 = AXIS2_PLACEMENT_3D('',#4933,#4934,#4935);
#4933 = CARTESIAN_POINT('',(-1.561251128379E-14,58.,47.5));
#4934 = DIRECTION('',(1.,2.040851148208E-16,-0.));
#4935 = DIRECTION('',(-2.040851148208E-16,1.,0.));
#4936 = DEFINITIONAL_REPRESENTATION('',(#4937),#4941);
#4937 = LINE('',#4938,#4939);
#4938 = CARTESIAN_POINT('',(1.570796326795,0.));
#4939 = VECTOR('',#4940,1.);
#4940 = DIRECTION('',(0.,1.));
#4941 = ( GEOMETRIC_REPRESENTATION_CONTEXT(2) 
PARAMETRIC_REPRESENTATION_CONTEXT() REPRESENTATION_CONTEXT('2D SPACE',''
  ) );
#4942 = PCURVE('',#4943,#4948);
#4943 = PLANE('',#4944);
#4944 = AXIS2_PLACEMENT_3D('',#4945,#4946,#4947);
#4945 = CARTESIAN_POINT('',(-1.561251128379E-14,58.,51.75));
#4946 = DIRECTION('',(0.,0.,1.));
#4947 = DIRECTION('',(1.,0.,-0.));
#4948 = DEFINITIONAL_REPRESENTATION('',(#4949),#4953);
#4949 = LINE('',#4950,#4951);
#4950 = CARTESIAN_POINT('',(0.,0.));
#4951 = VECTOR('',#4952,1.);
#4952 = DIRECTION('',(1.,2.040851148208E-16));
#4953 = ( GEOMETRIC_REPRESENTATION_CONTEXT(2) 
PARAMETRIC_REPRESENTATION_CONTEXT() REPRESENTATION_CONTEXT('2D SPACE',''
  ) );
#4954 = ORIENTED_EDGE('',*,*,#4955,.F.);
#4955 = EDGE_CURVE('',#4956,#4923,#4958,.T.);
#4956 = VERTEX_POINT('',#4957);
#4957 = CARTESIAN_POINT('',(12.,62.25,47.5));
#4958 = SURFACE_CURVE('',#4959,(#4964,#4971),.PCURVE_S1.);
#4959 = CIRCLE('',#4960,4.25);
#4960 = AXIS2_PLACEMENT_3D('',#4961,#4962,#4963);
#4961 = CARTESIAN_POINT('',(12.,58.,47.5));
#4962 = DIRECTION('',(1.,2.040851148208E-16,0.));
#4963 = DIRECTION('',(-2.040851148208E-16,1.,0.));
#4964 = PCURVE('',#4931,#4965);
#4965 = DEFINITIONAL_REPRESENTATION('',(#4966),#4970);
#4966 = LINE('',#4967,#4968);
#4967 = CARTESIAN_POINT('',(0.,12.));
#4968 = VECTOR('',#4969,1.);
#4969 = DIRECTION('',(1.,0.));
#4970 = ( GEOMETRIC_REPRESENTATION_CONTEXT(2) 
PARAMETRIC_REPRESENTATION_CONTEXT() REPRESENTATION_CONTEXT('2D SPACE',''
  ) );
#4971 = PCURVE('',#4614,#4972);
#4972 = DEFINITIONAL_REPRESENTATION('',(#4973),#4981);
#4973 = ( BOUNDED_CURVE() B_SPLINE_CURVE(2,(#4974,#4975,#4976,#4977,
#4978,#4979,#4980),.UNSPECIFIED.,.T.,.F.) B_SPLINE_CURVE_WITH_KNOTS((1,2
    ,2,2,2,1),(-2.094395102393,0.,2.094395102393,4.188790204786,
6.28318530718,8.377580409573),.UNSPECIFIED.) CURVE() 
GEOMETRIC_REPRESENTATION_ITEM() RATIONAL_B_SPLINE_CURVE((1.,0.5,1.,0.5,
1.,0.5,1.)) REPRESENTATION_ITEM('') );
#4974 = CARTESIAN_POINT('',(5.75,-12.5));
#4975 = CARTESIAN_POINT('',(5.75,-5.138784067832));
#4976 = CARTESIAN_POINT('',(12.125,-8.819392033916));
#4977 = CARTESIAN_POINT('',(18.5,-12.5));
#4978 = CARTESIAN_POINT('',(12.125,-16.18060796608));
#4979 = CARTESIAN_POINT('',(5.75,-19.86121593216));
#4980 = CARTESIAN_POINT('',(5.75,-12.5));
#4981 = ( GEOMETRIC_REPRESENTATION_CONTEXT(2) 
PARAMETRIC_REPRESENTATION_CONTEXT() REPRESENTATION_CONTEXT('2D SPACE',''
  ) );
#4982 = ORIENTED_EDGE('',*,*,#4983,.F.);
#4983 = EDGE_CURVE('',#4984,#4956,#4986,.T.);
#4984 = VERTEX_POINT('',#4985);
#4985 = CARTESIAN_POINT('',(-1.647987302178E-14,62.25,47.5));
#4986 = SURFACE_CURVE('',#4987,(#4991,#4998),.PCURVE_S1.);
#4987 = LINE('',#4988,#4989);
#4988 = CARTESIAN_POINT('',(-1.647987302178E-14,62.25,47.5));
#4989 = VECTOR('',#4990,1.);
#4990 = DIRECTION('',(1.,2.040851148208E-16,-0.));
#4991 = PCURVE('',#4931,#4992);
#4992 = DEFINITIONAL_REPRESENTATION('',(#4993),#4997);
#4993 = LINE('',#4994,#4995);
#4994 = CARTESIAN_POINT('',(0.,0.));
#4995 = VECTOR('',#4996,1.);
#4996 = DIRECTION('',(0.,1.));
#4997 = ( GEOMETRIC_REPRESENTATION_CONTEXT(2) 
PARAMETRIC_REPRESENTATION_CONTEXT() REPRESENTATION_CONTEXT('2D SPACE',''
  ) );
#4998 = PCURVE('',#4999,#5004);
#4999 = CYLINDRICAL_SURFACE('',#5000,4.25);
#5000 = AXIS2_PLACEMENT_3D('',#5001,#5002,#5003);
#5001 = CARTESIAN_POINT('',(-1.561251128379E-14,58.,47.5));
#5002 = DIRECTION('',(1.,2.040851148208E-16,-0.));
#5003 = DIRECTION('',(-2.040851148208E-16,1.,0.));
#5004 = DEFINITIONAL_REPRESENTATION('',(#5005),#5009);
#5005 = LINE('',#5006,#5007);
#5006 = CARTESIAN_POINT('',(6.28318530718,0.));
#5007 = VECTOR('',#5008,1.);
#5008 = DIRECTION('',(0.,1.));
#5009 = ( GEOMETRIC_REPRESENTATION_CONTEXT(2) 
PARAMETRIC_REPRESENTATION_CONTEXT() REPRESENTATION_CONTEXT('2D SPACE',''
  ) );
#5010 = ORIENTED_EDGE('',*,*,#5011,.T.);
#5011 = EDGE_CURVE('',#4984,#4921,#5012,.T.);
#5012 = SURFACE_CURVE('',#5013,(#5018,#5025),.PCURVE_S1.);
#5013 = CIRCLE('',#5014,4.25);
#5014 = AXIS2_PLACEMENT_3D('',#5015,#5016,#5017);
#5015 = CARTESIAN_POINT('',(-1.561251128379E-14,58.,47.5));
#5016 = DIRECTION('',(1.,2.040851148208E-16,0.));
#5017 = DIRECTION('',(-2.040851148208E-16,1.,0.));
#5018 = PCURVE('',#4931,#5019);
#5019 = DEFINITIONAL_REPRESENTATION('',(#5020),#5024);
#5020 = LINE('',#5021,#5022);
#5021 = CARTESIAN_POINT('',(0.,0.));
#5022 = VECTOR('',#5023,1.);
#5023 = DIRECTION('',(1.,0.));
#5024 = ( GEOMETRIC_REPRESENTATION_CONTEXT(2) 
PARAMETRIC_REPRESENTATION_CONTEXT() REPRESENTATION_CONTEXT('2D SPACE',''
  ) );
#5025 = PCURVE('',#4673,#5026);
#5026 = DEFINITIONAL_REPRESENTATION('',(#5027),#5031);
#5027 = CIRCLE('',#5028,4.25);
#5028 = AXIS2_PLACEMENT_2D('',#5029,#5030);
#5029 = CARTESIAN_POINT('',(12.5,58.));
#5030 = DIRECTION('',(0.,1.));
#5031 = ( GEOMETRIC_REPRESENTATION_CONTEXT(2) 
PARAMETRIC_REPRESENTATION_CONTEXT() REPRESENTATION_CONTEXT('2D SPACE',''
  ) );
#5032 = ADVANCED_FACE('',(#5033),#5047,.F.);
#5033 = FACE_BOUND('',#5034,.F.);
#5034 = EDGE_LOOP('',(#5035,#5070,#5098,#5121));
#5035 = ORIENTED_EDGE('',*,*,#5036,.T.);
#5036 = EDGE_CURVE('',#5037,#5039,#5041,.T.);
#5037 = VERTEX_POINT('',#5038);
#5038 = CARTESIAN_POINT('',(62.5,74.,46.));
#5039 = VERTEX_POINT('',#5040);
#5040 = CARTESIAN_POINT('',(62.5,74.,60.));
#5041 = SURFACE_CURVE('',#5042,(#5046,#5058),.PCURVE_S1.);
#5042 = LINE('',#5043,#5044);
#5043 = CARTESIAN_POINT('',(62.5,74.,60.));
#5044 = VECTOR('',#5045,1.);
#5045 = DIRECTION('',(-0.,-0.,1.));
#5046 = PCURVE('',#5047,#5052);
#5047 = CYLINDRICAL_SURFACE('',#5048,2.5);
#5048 = AXIS2_PLACEMENT_3D('',#5049,#5050,#5051);
#5049 = CARTESIAN_POINT('',(60.,74.,60.));
#5050 = DIRECTION('',(-0.,-0.,1.));
#5051 = DIRECTION('',(1.,0.,0.));
#5052 = DEFINITIONAL_REPRESENTATION('',(#5053),#5057);
#5053 = LINE('',#5054,#5055);
#5054 = CARTESIAN_POINT('',(6.28318530718,0.));
#5055 = VECTOR('',#5056,1.);
#5056 = DIRECTION('',(0.,1.));
#5057 = ( GEOMETRIC_REPRESENTATION_CONTEXT(2) 
PARAMETRIC_REPRESENTATION_CONTEXT() REPRESENTATION_CONTEXT('2D SPACE',''
  ) );
#5058 = PCURVE('',#5059,#5064);
#5059 = CYLINDRICAL_SURFACE('',#5060,2.5);
#5060 = AXIS2_PLACEMENT_3D('',#5061,#5062,#5063);
#5061 = CARTESIAN_POINT('',(60.,74.,60.));
#5062 = DIRECTION('',(-0.,-0.,1.));
#5063 = DIRECTION('',(1.,0.,0.));
#5064 = DEFINITIONAL_REPRESENTATION('',(#5065),#5069);
#5065 = LINE('',#5066,#5067);
#5066 = CARTESIAN_POINT('',(0.,0.));
#5067 = VECTOR('',#5068,1.);
#5068 = DIRECTION('',(0.,1.));
#5069 = ( GEOMETRIC_REPRESENTATION_CONTEXT(2) 
PARAMETRIC_REPRESENTATION_CONTEXT() REPRESENTATION_CONTEXT('2D SPACE',''
  ) );
#5070 = ORIENTED_EDGE('',*,*,#5071,.F.);
#5071 = EDGE_CURVE('',#5072,#5039,#5074,.T.);
#5072 = VERTEX_POINT('',#5073);
#5073 = CARTESIAN_POINT('',(57.5,74.,60.));
#5074 = SURFACE_CURVE('',#5075,(#5080,#5087),.PCURVE_S1.);
#5075 = CIRCLE('',#5076,2.5);
#5076 = AXIS2_PLACEMENT_3D('',#5077,#5078,#5079);
#5077 = CARTESIAN_POINT('',(60.,74.,60.));
#5078 = DIRECTION('',(0.,-0.,1.));
#5079 = DIRECTION('',(1.,0.,0.));
#5080 = PCURVE('',#5047,#5081);
#5081 = DEFINITIONAL_REPRESENTATION('',(#5082),#5086);
#5082 = LINE('',#5083,#5084);
#5083 = CARTESIAN_POINT('',(0.,0.));
#5084 = VECTOR('',#5085,1.);
#5085 = DIRECTION('',(1.,0.));
#5086 = ( GEOMETRIC_REPRESENTATION_CONTEXT(2) 
PARAMETRIC_REPRESENTATION_CONTEXT() REPRESENTATION_CONTEXT('2D SPACE',''
  ) );
#5087 = PCURVE('',#73,#5088);
#5088 = DEFINITIONAL_REPRESENTATION('',(#5089),#5097);
#5089 = ( BOUNDED_CURVE() B_SPLINE_CURVE(2,(#5090,#5091,#5092,#5093,
#5094,#5095,#5096),.UNSPECIFIED.,.T.,.F.) B_SPLINE_CURVE_WITH_KNOTS((1,2
    ,2,2,2,1),(-2.094395102393,0.,2.094395102393,4.188790204786,
6.28318530718,8.377580409573),.UNSPECIFIED.) CURVE() 
GEOMETRIC_REPRESENTATION_ITEM() RATIONAL_B_SPLINE_CURVE((1.,0.5,1.,0.5,
1.,0.5,1.)) REPRESENTATION_ITEM('') );
#5090 = CARTESIAN_POINT('',(-62.5,74.));
#5091 = CARTESIAN_POINT('',(-62.5,78.330127018922));
#5092 = CARTESIAN_POINT('',(-58.75,76.165063509461));
#5093 = CARTESIAN_POINT('',(-55.,74.));
#5094 = CARTESIAN_POINT('',(-58.75,71.834936490539));
#5095 = CARTESIAN_POINT('',(-62.5,69.669872981078));
#5096 = CARTESIAN_POINT('',(-62.5,74.));
#5097 = ( GEOMETRIC_REPRESENTATION_CONTEXT(2) 
PARAMETRIC_REPRESENTATION_CONTEXT() REPRESENTATION_CONTEXT('2D SPACE',''
  ) );
#5098 = ORIENTED_EDGE('',*,*,#5099,.F.);
#5099 = EDGE_CURVE('',#5100,#5072,#5102,.T.);
#5100 = VERTEX_POINT('',#5101);
#5101 = CARTESIAN_POINT('',(57.5,74.,46.));
#5102 = SURFACE_CURVE('',#5103,(#5107,#5114),.PCURVE_S1.);
#5103 = LINE('',#5104,#5105);
#5104 = CARTESIAN_POINT('',(57.5,74.,60.));
#5105 = VECTOR('',#5106,1.);
#5106 = DIRECTION('',(-0.,-0.,1.));
#5107 = PCURVE('',#5047,#5108);
#5108 = DEFINITIONAL_REPRESENTATION('',(#5109),#5113);
#5109 = LINE('',#5110,#5111);
#5110 = CARTESIAN_POINT('',(3.14159265359,0.));
#5111 = VECTOR('',#5112,1.);
#5112 = DIRECTION('',(0.,1.));
#5113 = ( GEOMETRIC_REPRESENTATION_CONTEXT(2) 
PARAMETRIC_REPRESENTATION_CONTEXT() REPRESENTATION_CONTEXT('2D SPACE',''
  ) );
#5114 = PCURVE('',#5059,#5115);
#5115 = DEFINITIONAL_REPRESENTATION('',(#5116),#5120);
#5116 = LINE('',#5117,#5118);
#5117 = CARTESIAN_POINT('',(3.14159265359,0.));
#5118 = VECTOR('',#5119,1.);
#5119 = DIRECTION('',(0.,1.));
#5120 = ( GEOMETRIC_REPRESENTATION_CONTEXT(2) 
PARAMETRIC_REPRESENTATION_CONTEXT() REPRESENTATION_CONTEXT('2D SPACE',''
  ) );
#5121 = ORIENTED_EDGE('',*,*,#5122,.T.);
#5122 = EDGE_CURVE('',#5100,#5037,#5123,.T.);
#5123 = SURFACE_CURVE('',#5124,(#5129,#5136),.PCURVE_S1.);
#5124 = CIRCLE('',#5125,2.5);
#5125 = AXIS2_PLACEMENT_3D('',#5126,#5127,#5128);
#5126 = CARTESIAN_POINT('',(60.,74.,46.));
#5127 = DIRECTION('',(0.,-0.,1.));
#5128 = DIRECTION('',(1.,0.,0.));
#5129 = PCURVE('',#5047,#5130);
#5130 = DEFINITIONAL_REPRESENTATION('',(#5131),#5135);
#5131 = LINE('',#5132,#5133);
#5132 = CARTESIAN_POINT('',(0.,-14.));
#5133 = VECTOR('',#5134,1.);
#5134 = DIRECTION('',(1.,0.));
#5135 = ( GEOMETRIC_REPRESENTATION_CONTEXT(2) 
PARAMETRIC_REPRESENTATION_CONTEXT() REPRESENTATION_CONTEXT('2D SPACE',''
  ) );
#5136 = PCURVE('',#5137,#5142);
#5137 = CONICAL_SURFACE('',#5138,2.5,1.029744258677);
#5138 = AXIS2_PLACEMENT_3D('',#5139,#5140,#5141);
#5139 = CARTESIAN_POINT('',(60.,74.,46.));
#5140 = DIRECTION('',(-0.,-0.,1.));
#5141 = DIRECTION('',(1.,0.,0.));
#5142 = DEFINITIONAL_REPRESENTATION('',(#5143),#5147);
#5143 = LINE('',#5144,#5145);
#5144 = CARTESIAN_POINT('',(0.,-9.802687471293E-16));
#5145 = VECTOR('',#5146,1.);
#5146 = DIRECTION('',(1.,0.));
#5147 = ( GEOMETRIC_REPRESENTATION_CONTEXT(2) 
PARAMETRIC_REPRESENTATION_CONTEXT() REPRESENTATION_CONTEXT('2D SPACE',''
  ) );
#5148 = ADVANCED_FACE('',(#5149),#5137,.F.);
#5149 = FACE_BOUND('',#5150,.F.);
#5150 = EDGE_LOOP('',(#5151,#5152,#5180));
#5151 = ORIENTED_EDGE('',*,*,#5122,.F.);
#5152 = ORIENTED_EDGE('',*,*,#5153,.F.);
#5153 = EDGE_CURVE('',#5154,#5100,#5156,.T.);
#5154 = VERTEX_POINT('',#5155);
#5155 = CARTESIAN_POINT('',(60.,74.,44.497848452431));
#5156 = SURFACE_CURVE('',#5157,(#5161,#5168),.PCURVE_S1.);
#5157 = LINE('',#5158,#5159);
#5158 = CARTESIAN_POINT('',(57.5,74.,46.));
#5159 = VECTOR('',#5160,1.);
#5160 = DIRECTION('',(-0.857167300702,1.049727191139E-16,0.51503807491)
  );
#5161 = PCURVE('',#5137,#5162);
#5162 = DEFINITIONAL_REPRESENTATION('',(#5163),#5167);
#5163 = LINE('',#5164,#5165);
#5164 = CARTESIAN_POINT('',(3.14159265359,1.829782813836E-15));
#5165 = VECTOR('',#5166,1.);
#5166 = DIRECTION('',(0.,1.));
#5167 = ( GEOMETRIC_REPRESENTATION_CONTEXT(2) 
PARAMETRIC_REPRESENTATION_CONTEXT() REPRESENTATION_CONTEXT('2D SPACE',''
  ) );
#5168 = PCURVE('',#5169,#5174);
#5169 = CONICAL_SURFACE('',#5170,2.5,1.029744258677);
#5170 = AXIS2_PLACEMENT_3D('',#5171,#5172,#5173);
#5171 = CARTESIAN_POINT('',(60.,74.,46.));
#5172 = DIRECTION('',(-0.,-0.,1.));
#5173 = DIRECTION('',(1.,0.,0.));
#5174 = DEFINITIONAL_REPRESENTATION('',(#5175),#5179);
#5175 = LINE('',#5176,#5177);
#5176 = CARTESIAN_POINT('',(3.14159265359,1.829782813836E-15));
#5177 = VECTOR('',#5178,1.);
#5178 = DIRECTION('',(0.,1.));
#5179 = ( GEOMETRIC_REPRESENTATION_CONTEXT(2) 
PARAMETRIC_REPRESENTATION_CONTEXT() REPRESENTATION_CONTEXT('2D SPACE',''
  ) );
#5180 = ORIENTED_EDGE('',*,*,#5181,.T.);
#5181 = EDGE_CURVE('',#5154,#5037,#5182,.T.);
#5182 = SURFACE_CURVE('',#5183,(#5187,#5194),.PCURVE_S1.);
#5183 = LINE('',#5184,#5185);
#5184 = CARTESIAN_POINT('',(62.5,74.,46.));
#5185 = VECTOR('',#5186,1.);
#5186 = DIRECTION('',(0.857167300702,0.,0.51503807491));
#5187 = PCURVE('',#5137,#5188);
#5188 = DEFINITIONAL_REPRESENTATION('',(#5189),#5193);
#5189 = LINE('',#5190,#5191);
#5190 = CARTESIAN_POINT('',(6.28318530718,-3.202119924213E-15));
#5191 = VECTOR('',#5192,1.);
#5192 = DIRECTION('',(0.,1.));
#5193 = ( GEOMETRIC_REPRESENTATION_CONTEXT(2) 
PARAMETRIC_REPRESENTATION_CONTEXT() REPRESENTATION_CONTEXT('2D SPACE',''
  ) );
#5194 = PCURVE('',#5169,#5195);
#5195 = DEFINITIONAL_REPRESENTATION('',(#5196),#5200);
#5196 = LINE('',#5197,#5198);
#5197 = CARTESIAN_POINT('',(0.,-3.202119924213E-15));
#5198 = VECTOR('',#5199,1.);
#5199 = DIRECTION('',(0.,1.));
#5200 = ( GEOMETRIC_REPRESENTATION_CONTEXT(2) 
PARAMETRIC_REPRESENTATION_CONTEXT() REPRESENTATION_CONTEXT('2D SPACE',''
  ) );
#5201 = ADVANCED_FACE('',(#5202),#5216,.F.);
#5202 = FACE_BOUND('',#5203,.F.);
#5203 = EDGE_LOOP('',(#5204,#5239,#5267,#5290));
#5204 = ORIENTED_EDGE('',*,*,#5205,.T.);
#5205 = EDGE_CURVE('',#5206,#5208,#5210,.T.);
#5206 = VERTEX_POINT('',#5207);
#5207 = CARTESIAN_POINT('',(27.5,74.,46.));
#5208 = VERTEX_POINT('',#5209);
#5209 = CARTESIAN_POINT('',(27.5,74.,60.));
#5210 = SURFACE_CURVE('',#5211,(#5215,#5227),.PCURVE_S1.);
#5211 = LINE('',#5212,#5213);
#5212 = CARTESIAN_POINT('',(27.5,74.,60.));
#5213 = VECTOR('',#5214,1.);
#5214 = DIRECTION('',(-0.,-0.,1.));
#5215 = PCURVE('',#5216,#5221);
#5216 = CYLINDRICAL_SURFACE('',#5217,2.5);
#5217 = AXIS2_PLACEMENT_3D('',#5218,#5219,#5220);
#5218 = CARTESIAN_POINT('',(25.,74.,60.));
#5219 = DIRECTION('',(-0.,-0.,1.));
#5220 = DIRECTION('',(1.,0.,0.));
#5221 = DEFINITIONAL_REPRESENTATION('',(#5222),#5226);
#5222 = LINE('',#5223,#5224);
#5223 = CARTESIAN_POINT('',(6.28318530718,0.));
#5224 = VECTOR('',#5225,1.);
#5225 = DIRECTION('',(0.,1.));
#5226 = ( GEOMETRIC_REPRESENTATION_CONTEXT(2) 
PARAMETRIC_REPRESENTATION_CONTEXT() REPRESENTATION_CONTEXT('2D SPACE',''
  ) );
#5227 = PCURVE('',#5228,#5233);
#5228 = CYLINDRICAL_SURFACE('',#5229,2.5);
#5229 = AXIS2_PLACEMENT_3D('',#5230,#5231,#5232);
#5230 = CARTESIAN_POINT('',(25.,74.,60.));
#5231 = DIRECTION('',(-0.,-0.,1.));
#5232 = DIRECTION('',(1.,0.,0.));
#5233 = DEFINITIONAL_REPRESENTATION('',(#5234),#5238);
#5234 = LINE('',#5235,#5236);
#5235 = CARTESIAN_POINT('',(0.,0.));
#5236 = VECTOR('',#5237,1.);
#5237 = DIRECTION('',(0.,1.));
#5238 = ( GEOMETRIC_REPRESENTATION_CONTEXT(2) 
PARAMETRIC_REPRESENTATION_CONTEXT() REPRESENTATION_CONTEXT('2D SPACE',''
  ) );
#5239 = ORIENTED_EDGE('',*,*,#5240,.F.);
#5240 = EDGE_CURVE('',#5241,#5208,#5243,.T.);
#5241 = VERTEX_POINT('',#5242);
#5242 = CARTESIAN_POINT('',(22.5,74.,60.));
#5243 = SURFACE_CURVE('',#5244,(#5249,#5256),.PCURVE_S1.);
#5244 = CIRCLE('',#5245,2.5);
#5245 = AXIS2_PLACEMENT_3D('',#5246,#5247,#5248);
#5246 = CARTESIAN_POINT('',(25.,74.,60.));
#5247 = DIRECTION('',(0.,-0.,1.));
#5248 = DIRECTION('',(1.,0.,0.));
#5249 = PCURVE('',#5216,#5250);
#5250 = DEFINITIONAL_REPRESENTATION('',(#5251),#5255);
#5251 = LINE('',#5252,#5253);
#5252 = CARTESIAN_POINT('',(0.,0.));
#5253 = VECTOR('',#5254,1.);
#5254 = DIRECTION('',(1.,0.));
#5255 = ( GEOMETRIC_REPRESENTATION_CONTEXT(2) 
PARAMETRIC_REPRESENTATION_CONTEXT() REPRESENTATION_CONTEXT('2D SPACE',''
  ) );
#5256 = PCURVE('',#73,#5257);
#5257 = DEFINITIONAL_REPRESENTATION('',(#5258),#5266);
#5258 = ( BOUNDED_CURVE() B_SPLINE_CURVE(2,(#5259,#5260,#5261,#5262,
#5263,#5264,#5265),.UNSPECIFIED.,.T.,.F.) B_SPLINE_CURVE_WITH_KNOTS((1,2
    ,2,2,2,1),(-2.094395102393,0.,2.094395102393,4.188790204786,
6.28318530718,8.377580409573),.UNSPECIFIED.) CURVE() 
GEOMETRIC_REPRESENTATION_ITEM() RATIONAL_B_SPLINE_CURVE((1.,0.5,1.,0.5,
1.,0.5,1.)) REPRESENTATION_ITEM('') );
#5259 = CARTESIAN_POINT('',(-27.5,74.));
#5260 = CARTESIAN_POINT('',(-27.5,78.330127018922));
#5261 = CARTESIAN_POINT('',(-23.75,76.165063509461));
#5262 = CARTESIAN_POINT('',(-20.,74.));
#5263 = CARTESIAN_POINT('',(-23.75,71.834936490539));
#5264 = CARTESIAN_POINT('',(-27.5,69.669872981078));
#5265 = CARTESIAN_POINT('',(-27.5,74.));
#5266 = ( GEOMETRIC_REPRESENTATION_CONTEXT(2) 
PARAMETRIC_REPRESENTATION_CONTEXT() REPRESENTATION_CONTEXT('2D SPACE',''
  ) );
#5267 = ORIENTED_EDGE('',*,*,#5268,.F.);
#5268 = EDGE_CURVE('',#5269,#5241,#5271,.T.);
#5269 = VERTEX_POINT('',#5270);
#5270 = CARTESIAN_POINT('',(22.5,74.,46.));
#5271 = SURFACE_CURVE('',#5272,(#5276,#5283),.PCURVE_S1.);
#5272 = LINE('',#5273,#5274);
#5273 = CARTESIAN_POINT('',(22.5,74.,60.));
#5274 = VECTOR('',#5275,1.);
#5275 = DIRECTION('',(-0.,-0.,1.));
#5276 = PCURVE('',#5216,#5277);
#5277 = DEFINITIONAL_REPRESENTATION('',(#5278),#5282);
#5278 = LINE('',#5279,#5280);
#5279 = CARTESIAN_POINT('',(3.14159265359,0.));
#5280 = VECTOR('',#5281,1.);
#5281 = DIRECTION('',(0.,1.));
#5282 = ( GEOMETRIC_REPRESENTATION_CONTEXT(2) 
PARAMETRIC_REPRESENTATION_CONTEXT() REPRESENTATION_CONTEXT('2D SPACE',''
  ) );
#5283 = PCURVE('',#5228,#5284);
#5284 = DEFINITIONAL_REPRESENTATION('',(#5285),#5289);
#5285 = LINE('',#5286,#5287);
#5286 = CARTESIAN_POINT('',(3.14159265359,0.));
#5287 = VECTOR('',#5288,1.);
#5288 = DIRECTION('',(0.,1.));
#5289 = ( GEOMETRIC_REPRESENTATION_CONTEXT(2) 
PARAMETRIC_REPRESENTATION_CONTEXT() REPRESENTATION_CONTEXT('2D SPACE',''
  ) );
#5290 = ORIENTED_EDGE('',*,*,#5291,.T.);
#5291 = EDGE_CURVE('',#5269,#5206,#5292,.T.);
#5292 = SURFACE_CURVE('',#5293,(#5298,#5305),.PCURVE_S1.);
#5293 = CIRCLE('',#5294,2.5);
#5294 = AXIS2_PLACEMENT_3D('',#5295,#5296,#5297);
#5295 = CARTESIAN_POINT('',(25.,74.,46.));
#5296 = DIRECTION('',(0.,-0.,1.));
#5297 = DIRECTION('',(1.,0.,0.));
#5298 = PCURVE('',#5216,#5299);
#5299 = DEFINITIONAL_REPRESENTATION('',(#5300),#5304);
#5300 = LINE('',#5301,#5302);
#5301 = CARTESIAN_POINT('',(0.,-14.));
#5302 = VECTOR('',#5303,1.);
#5303 = DIRECTION('',(1.,0.));
#5304 = ( GEOMETRIC_REPRESENTATION_CONTEXT(2) 
PARAMETRIC_REPRESENTATION_CONTEXT() REPRESENTATION_CONTEXT('2D SPACE',''
  ) );
#5305 = PCURVE('',#5306,#5311);
#5306 = CONICAL_SURFACE('',#5307,2.5,1.029744258677);
#5307 = AXIS2_PLACEMENT_3D('',#5308,#5309,#5310);
#5308 = CARTESIAN_POINT('',(25.,74.,46.));
#5309 = DIRECTION('',(-0.,-0.,1.));
#5310 = DIRECTION('',(1.,0.,0.));
#5311 = DEFINITIONAL_REPRESENTATION('',(#5312),#5316);
#5312 = LINE('',#5313,#5314);
#5313 = CARTESIAN_POINT('',(0.,5.881612482776E-16));
#5314 = VECTOR('',#5315,1.);
#5315 = DIRECTION('',(1.,0.));
#5316 = ( GEOMETRIC_REPRESENTATION_CONTEXT(2) 
PARAMETRIC_REPRESENTATION_CONTEXT() REPRESENTATION_CONTEXT('2D SPACE',''
  ) );
#5317 = ADVANCED_FACE('',(#5318),#5306,.F.);
#5318 = FACE_BOUND('',#5319,.F.);
#5319 = EDGE_LOOP('',(#5320,#5321,#5349));
#5320 = ORIENTED_EDGE('',*,*,#5291,.F.);
#5321 = ORIENTED_EDGE('',*,*,#5322,.F.);
#5322 = EDGE_CURVE('',#5323,#5269,#5325,.T.);
#5323 = VERTEX_POINT('',#5324);
#5324 = CARTESIAN_POINT('',(25.,74.,44.497848452431));
#5325 = SURFACE_CURVE('',#5326,(#5330,#5337),.PCURVE_S1.);
#5326 = LINE('',#5327,#5328);
#5327 = CARTESIAN_POINT('',(22.5,74.,46.));
#5328 = VECTOR('',#5329,1.);
#5329 = DIRECTION('',(-0.857167300702,1.049727191139E-16,0.51503807491)
  );
#5330 = PCURVE('',#5306,#5331);
#5331 = DEFINITIONAL_REPRESENTATION('',(#5332),#5336);
#5332 = LINE('',#5333,#5334);
#5333 = CARTESIAN_POINT('',(3.14159265359,-9.14891406918E-16));
#5334 = VECTOR('',#5335,1.);
#5335 = DIRECTION('',(0.,1.));
#5336 = ( GEOMETRIC_REPRESENTATION_CONTEXT(2) 
PARAMETRIC_REPRESENTATION_CONTEXT() REPRESENTATION_CONTEXT('2D SPACE',''
  ) );
#5337 = PCURVE('',#5338,#5343);
#5338 = CONICAL_SURFACE('',#5339,2.5,1.029744258677);
#5339 = AXIS2_PLACEMENT_3D('',#5340,#5341,#5342);
#5340 = CARTESIAN_POINT('',(25.,74.,46.));
#5341 = DIRECTION('',(-0.,-0.,1.));
#5342 = DIRECTION('',(1.,0.,0.));
#5343 = DEFINITIONAL_REPRESENTATION('',(#5344),#5348);
#5344 = LINE('',#5345,#5346);
#5345 = CARTESIAN_POINT('',(3.14159265359,-9.14891406918E-16));
#5346 = VECTOR('',#5347,1.);
#5347 = DIRECTION('',(0.,1.));
#5348 = ( GEOMETRIC_REPRESENTATION_CONTEXT(2) 
PARAMETRIC_REPRESENTATION_CONTEXT() REPRESENTATION_CONTEXT('2D SPACE',''
  ) );
#5349 = ORIENTED_EDGE('',*,*,#5350,.T.);
#5350 = EDGE_CURVE('',#5323,#5206,#5351,.T.);
#5351 = SURFACE_CURVE('',#5352,(#5356,#5363),.PCURVE_S1.);
#5352 = LINE('',#5353,#5354);
#5353 = CARTESIAN_POINT('',(27.5,74.,46.));
#5354 = VECTOR('',#5355,1.);
#5355 = DIRECTION('',(0.857167300702,0.,0.51503807491));
#5356 = PCURVE('',#5306,#5357);
#5357 = DEFINITIONAL_REPRESENTATION('',(#5358),#5362);
#5358 = LINE('',#5359,#5360);
#5359 = CARTESIAN_POINT('',(6.28318530718,2.287228517295E-16));
#5360 = VECTOR('',#5361,1.);
#5361 = DIRECTION('',(0.,1.));
#5362 = ( GEOMETRIC_REPRESENTATION_CONTEXT(2) 
PARAMETRIC_REPRESENTATION_CONTEXT() REPRESENTATION_CONTEXT('2D SPACE',''
  ) );
#5363 = PCURVE('',#5338,#5364);
#5364 = DEFINITIONAL_REPRESENTATION('',(#5365),#5369);
#5365 = LINE('',#5366,#5367);
#5366 = CARTESIAN_POINT('',(0.,2.287228517295E-16));
#5367 = VECTOR('',#5368,1.);
#5368 = DIRECTION('',(0.,1.));
#5369 = ( GEOMETRIC_REPRESENTATION_CONTEXT(2) 
PARAMETRIC_REPRESENTATION_CONTEXT() REPRESENTATION_CONTEXT('2D SPACE',''
  ) );
#5370 = ADVANCED_FACE('',(#5371),#5385,.F.);
#5371 = FACE_BOUND('',#5372,.F.);
#5372 = EDGE_LOOP('',(#5373,#5408,#5436,#5459));
#5373 = ORIENTED_EDGE('',*,*,#5374,.T.);
#5374 = EDGE_CURVE('',#5375,#5377,#5379,.T.);
#5375 = VERTEX_POINT('',#5376);
#5376 = CARTESIAN_POINT('',(8.5,30.,46.));
#5377 = VERTEX_POINT('',#5378);
#5378 = CARTESIAN_POINT('',(8.5,30.,60.));
#5379 = SURFACE_CURVE('',#5380,(#5384,#5396),.PCURVE_S1.);
#5380 = LINE('',#5381,#5382);
#5381 = CARTESIAN_POINT('',(8.5,30.,60.));
#5382 = VECTOR('',#5383,1.);
#5383 = DIRECTION('',(-0.,-0.,1.));
#5384 = PCURVE('',#5385,#5390);
#5385 = CYLINDRICAL_SURFACE('',#5386,2.5);
#5386 = AXIS2_PLACEMENT_3D('',#5387,#5388,#5389);
#5387 = CARTESIAN_POINT('',(6.,30.,60.));
#5388 = DIRECTION('',(-0.,-0.,1.));
#5389 = DIRECTION('',(1.,0.,0.));
#5390 = DEFINITIONAL_REPRESENTATION('',(#5391),#5395);
#5391 = LINE('',#5392,#5393);
#5392 = CARTESIAN_POINT('',(6.28318530718,0.));
#5393 = VECTOR('',#5394,1.);
#5394 = DIRECTION('',(0.,1.));
#5395 = ( GEOMETRIC_REPRESENTATION_CONTEXT(2) 
PARAMETRIC_REPRESENTATION_CONTEXT() REPRESENTATION_CONTEXT('2D SPACE',''
  ) );
#5396 = PCURVE('',#5397,#5402);
#5397 = CYLINDRICAL_SURFACE('',#5398,2.5);
#5398 = AXIS2_PLACEMENT_3D('',#5399,#5400,#5401);
#5399 = CARTESIAN_POINT('',(6.,30.,60.));
#5400 = DIRECTION('',(-0.,-0.,1.));
#5401 = DIRECTION('',(1.,0.,0.));
#5402 = DEFINITIONAL_REPRESENTATION('',(#5403),#5407);
#5403 = LINE('',#5404,#5405);
#5404 = CARTESIAN_POINT('',(0.,0.));
#5405 = VECTOR('',#5406,1.);
#5406 = DIRECTION('',(0.,1.));
#5407 = ( GEOMETRIC_REPRESENTATION_CONTEXT(2) 
PARAMETRIC_REPRESENTATION_CONTEXT() REPRESENTATION_CONTEXT('2D SPACE',''
  ) );
#5408 = ORIENTED_EDGE('',*,*,#5409,.F.);
#5409 = EDGE_CURVE('',#5410,#5377,#5412,.T.);
#5410 = VERTEX_POINT('',#5411);
#5411 = CARTESIAN_POINT('',(3.5,30.,60.));
#5412 = SURFACE_CURVE('',#5413,(#5418,#5425),.PCURVE_S1.);
#5413 = CIRCLE('',#5414,2.5);
#5414 = AXIS2_PLACEMENT_3D('',#5415,#5416,#5417);
#5415 = CARTESIAN_POINT('',(6.,30.,60.));
#5416 = DIRECTION('',(0.,-0.,1.));
#5417 = DIRECTION('',(1.,0.,0.));
#5418 = PCURVE('',#5385,#5419);
#5419 = DEFINITIONAL_REPRESENTATION('',(#5420),#5424);
#5420 = LINE('',#5421,#5422);
#5421 = CARTESIAN_POINT('',(0.,0.));
#5422 = VECTOR('',#5423,1.);
#5423 = DIRECTION('',(1.,0.));
#5424 = ( GEOMETRIC_REPRESENTATION_CONTEXT(2) 
PARAMETRIC_REPRESENTATION_CONTEXT() REPRESENTATION_CONTEXT('2D SPACE',''
  ) );
#5425 = PCURVE('',#73,#5426);
#5426 = DEFINITIONAL_REPRESENTATION('',(#5427),#5435);
#5427 = ( BOUNDED_CURVE() B_SPLINE_CURVE(2,(#5428,#5429,#5430,#5431,
#5432,#5433,#5434),.UNSPECIFIED.,.T.,.F.) B_SPLINE_CURVE_WITH_KNOTS((1,2
    ,2,2,2,1),(-2.094395102393,0.,2.094395102393,4.188790204786,
6.28318530718,8.377580409573),.UNSPECIFIED.) CURVE() 
GEOMETRIC_REPRESENTATION_ITEM() RATIONAL_B_SPLINE_CURVE((1.,0.5,1.,0.5,
1.,0.5,1.)) REPRESENTATION_ITEM('') );
#5428 = CARTESIAN_POINT('',(-8.5,30.));
#5429 = CARTESIAN_POINT('',(-8.5,34.330127018922));
#5430 = CARTESIAN_POINT('',(-4.75,32.165063509461));
#5431 = CARTESIAN_POINT('',(-1.,30.));
#5432 = CARTESIAN_POINT('',(-4.75,27.834936490539));
#5433 = CARTESIAN_POINT('',(-8.5,25.669872981078));
#5434 = CARTESIAN_POINT('',(-8.5,30.));
#5435 = ( GEOMETRIC_REPRESENTATION_CONTEXT(2) 
PARAMETRIC_REPRESENTATION_CONTEXT() REPRESENTATION_CONTEXT('2D SPACE',''
  ) );
#5436 = ORIENTED_EDGE('',*,*,#5437,.F.);
#5437 = EDGE_CURVE('',#5438,#5410,#5440,.T.);
#5438 = VERTEX_POINT('',#5439);
#5439 = CARTESIAN_POINT('',(3.5,30.,46.));
#5440 = SURFACE_CURVE('',#5441,(#5445,#5452),.PCURVE_S1.);
#5441 = LINE('',#5442,#5443);
#5442 = CARTESIAN_POINT('',(3.5,30.,60.));
#5443 = VECTOR('',#5444,1.);
#5444 = DIRECTION('',(-0.,-0.,1.));
#5445 = PCURVE('',#5385,#5446);
#5446 = DEFINITIONAL_REPRESENTATION('',(#5447),#5451);
#5447 = LINE('',#5448,#5449);
#5448 = CARTESIAN_POINT('',(3.14159265359,0.));
#5449 = VECTOR('',#5450,1.);
#5450 = DIRECTION('',(0.,1.));
#5451 = ( GEOMETRIC_REPRESENTATION_CONTEXT(2) 
PARAMETRIC_REPRESENTATION_CONTEXT() REPRESENTATION_CONTEXT('2D SPACE',''
  ) );
#5452 = PCURVE('',#5397,#5453);
#5453 = DEFINITIONAL_REPRESENTATION('',(#5454),#5458);
#5454 = LINE('',#5455,#5456);
#5455 = CARTESIAN_POINT('',(3.14159265359,0.));
#5456 = VECTOR('',#5457,1.);
#5457 = DIRECTION('',(0.,1.));
#5458 = ( GEOMETRIC_REPRESENTATION_CONTEXT(2) 
PARAMETRIC_REPRESENTATION_CONTEXT() REPRESENTATION_CONTEXT('2D SPACE',''
  ) );
#5459 = ORIENTED_EDGE('',*,*,#5460,.T.);
#5460 = EDGE_CURVE('',#5438,#5375,#5461,.T.);
#5461 = SURFACE_CURVE('',#5462,(#5467,#5474),.PCURVE_S1.);
#5462 = CIRCLE('',#5463,2.5);
#5463 = AXIS2_PLACEMENT_3D('',#5464,#5465,#5466);
#5464 = CARTESIAN_POINT('',(6.,30.,46.));
#5465 = DIRECTION('',(0.,-0.,1.));
#5466 = DIRECTION('',(1.,0.,0.));
#5467 = PCURVE('',#5385,#5468);
#5468 = DEFINITIONAL_REPRESENTATION('',(#5469),#5473);
#5469 = LINE('',#5470,#5471);
#5470 = CARTESIAN_POINT('',(0.,-14.));
#5471 = VECTOR('',#5472,1.);
#5472 = DIRECTION('',(1.,0.));
#5473 = ( GEOMETRIC_REPRESENTATION_CONTEXT(2) 
PARAMETRIC_REPRESENTATION_CONTEXT() REPRESENTATION_CONTEXT('2D SPACE',''
  ) );
#5474 = PCURVE('',#5475,#5480);
#5475 = CONICAL_SURFACE('',#5476,2.5,1.029744258677);
#5476 = AXIS2_PLACEMENT_3D('',#5477,#5478,#5479);
#5477 = CARTESIAN_POINT('',(6.,30.,46.));
#5478 = DIRECTION('',(-0.,-0.,1.));
#5479 = DIRECTION('',(1.,0.,0.));
#5480 = DEFINITIONAL_REPRESENTATION('',(#5481),#5485);
#5481 = LINE('',#5482,#5483);
#5482 = CARTESIAN_POINT('',(0.,-1.960537494259E-16));
#5483 = VECTOR('',#5484,1.);
#5484 = DIRECTION('',(1.,6.240584666565E-17));
#5485 = ( GEOMETRIC_REPRESENTATION_CONTEXT(2) 
PARAMETRIC_REPRESENTATION_CONTEXT() REPRESENTATION_CONTEXT('2D SPACE',''
  ) );
#5486 = ADVANCED_FACE('',(#5487),#5475,.F.);
#5487 = FACE_BOUND('',#5488,.F.);
#5488 = EDGE_LOOP('',(#5489,#5490,#5518));
#5489 = ORIENTED_EDGE('',*,*,#5460,.F.);
#5490 = ORIENTED_EDGE('',*,*,#5491,.F.);
#5491 = EDGE_CURVE('',#5492,#5438,#5494,.T.);
#5492 = VERTEX_POINT('',#5493);
#5493 = CARTESIAN_POINT('',(6.,30.,44.497848452431));
#5494 = SURFACE_CURVE('',#5495,(#5499,#5506),.PCURVE_S1.);
#5495 = LINE('',#5496,#5497);
#5496 = CARTESIAN_POINT('',(3.5,30.,46.));
#5497 = VECTOR('',#5498,1.);
#5498 = DIRECTION('',(-0.857167300702,1.049727191139E-16,0.51503807491)
  );
#5499 = PCURVE('',#5475,#5500);
#5500 = DEFINITIONAL_REPRESENTATION('',(#5501),#5505);
#5501 = LINE('',#5502,#5503);
#5502 = CARTESIAN_POINT('',(3.14159265359,2.287228517295E-16));
#5503 = VECTOR('',#5504,1.);
#5504 = DIRECTION('',(0.,1.));
#5505 = ( GEOMETRIC_REPRESENTATION_CONTEXT(2) 
PARAMETRIC_REPRESENTATION_CONTEXT() REPRESENTATION_CONTEXT('2D SPACE',''
  ) );
#5506 = PCURVE('',#5507,#5512);
#5507 = CONICAL_SURFACE('',#5508,2.5,1.029744258677);
#5508 = AXIS2_PLACEMENT_3D('',#5509,#5510,#5511);
#5509 = CARTESIAN_POINT('',(6.,30.,46.));
#5510 = DIRECTION('',(-0.,-0.,1.));
#5511 = DIRECTION('',(1.,0.,0.));
#5512 = DEFINITIONAL_REPRESENTATION('',(#5513),#5517);
#5513 = LINE('',#5514,#5515);
#5514 = CARTESIAN_POINT('',(3.14159265359,2.287228517295E-16));
#5515 = VECTOR('',#5516,1.);
#5516 = DIRECTION('',(0.,1.));
#5517 = ( GEOMETRIC_REPRESENTATION_CONTEXT(2) 
PARAMETRIC_REPRESENTATION_CONTEXT() REPRESENTATION_CONTEXT('2D SPACE',''
  ) );
#5518 = ORIENTED_EDGE('',*,*,#5519,.T.);
#5519 = EDGE_CURVE('',#5492,#5375,#5520,.T.);
#5520 = SURFACE_CURVE('',#5521,(#5525,#5554),.PCURVE_S1.);
#5521 = LINE('',#5522,#5523);
#5522 = CARTESIAN_POINT('',(8.5,30.,46.));
#5523 = VECTOR('',#5524,1.);
#5524 = DIRECTION('',(0.857167300702,0.,0.51503807491));
#5525 = PCURVE('',#5475,#5526);
#5526 = DEFINITIONAL_REPRESENTATION('',(#5527),#5553);
#5527 = B_SPLINE_CURVE_WITH_KNOTS('',3,(#5528,#5529,#5530,#5531,#5532,
    #5533,#5534,#5535,#5536,#5537,#5538,#5539,#5540,#5541,#5542,#5543,
    #5544,#5545,#5546,#5547,#5548,#5549,#5550,#5551,#5552),
  .UNSPECIFIED.,.F.,.F.,(4,1,1,1,1,1,1,1,1,1,1,1,1,1,1,1,1,1,1,1,1,1,4),
  (-2.916583493038,-2.784011516082,-2.651439539126,-2.518867562169,
    -2.386295585213,-2.253723608257,-2.121151631301,-1.988579654344,
    -1.856007677388,-1.723435700432,-1.590863723475,-1.458291746519,
    -1.325719769563,-1.193147792607,-1.06057581565,-0.928003838694,
    -0.795431861738,-0.662859884781,-0.530287907825,-0.397715930869,
    -0.265143953913,-0.132571976956,0.),.QUASI_UNIFORM_KNOTS.);
#5528 = CARTESIAN_POINT('',(6.28318530718,-1.502151547569));
#5529 = CARTESIAN_POINT('',(6.28318530718,-1.479391675636));
#5530 = CARTESIAN_POINT('',(6.28318530718,-1.43387193177));
#5531 = CARTESIAN_POINT('',(6.28318530718,-1.365592315972));
#5532 = CARTESIAN_POINT('',(6.28318530718,-1.297312700173));
#5533 = CARTESIAN_POINT('',(6.28318530718,-1.229033084375));
#5534 = CARTESIAN_POINT('',(6.28318530718,-1.160753468576));
#5535 = CARTESIAN_POINT('',(6.28318530718,-1.092473852777));
#5536 = CARTESIAN_POINT('',(6.28318530718,-1.024194236979));
#5537 = CARTESIAN_POINT('',(6.28318530718,-0.95591462118));
#5538 = CARTESIAN_POINT('',(6.28318530718,-0.887635005382));
#5539 = CARTESIAN_POINT('',(6.28318530718,-0.819355389583));
#5540 = CARTESIAN_POINT('',(6.28318530718,-0.751075773784));
#5541 = CARTESIAN_POINT('',(6.28318530718,-0.682796157986));
#5542 = CARTESIAN_POINT('',(6.28318530718,-0.614516542187));
#5543 = CARTESIAN_POINT('',(6.28318530718,-0.546236926389));
#5544 = CARTESIAN_POINT('',(6.28318530718,-0.47795731059));
#5545 = CARTESIAN_POINT('',(6.28318530718,-0.409677694792));
#5546 = CARTESIAN_POINT('',(6.28318530718,-0.341398078993));
#5547 = CARTESIAN_POINT('',(6.28318530718,-0.273118463194));
#5548 = CARTESIAN_POINT('',(6.28318530718,-0.204838847396));
#5549 = CARTESIAN_POINT('',(6.28318530718,-0.136559231597));
#5550 = CARTESIAN_POINT('',(6.28318530718,-6.827961579859E-02));
#5551 = CARTESIAN_POINT('',(6.28318530718,-2.275987193286E-02));
#5552 = CARTESIAN_POINT('',(6.28318530718,0.));
#5553 = ( GEOMETRIC_REPRESENTATION_CONTEXT(2) 
PARAMETRIC_REPRESENTATION_CONTEXT() REPRESENTATION_CONTEXT('2D SPACE',''
  ) );
#5554 = PCURVE('',#5507,#5555);
#5555 = DEFINITIONAL_REPRESENTATION('',(#5556),#5582);
#5556 = B_SPLINE_CURVE_WITH_KNOTS('',3,(#5557,#5558,#5559,#5560,#5561,
    #5562,#5563,#5564,#5565,#5566,#5567,#5568,#5569,#5570,#5571,#5572,
    #5573,#5574,#5575,#5576,#5577,#5578,#5579,#5580,#5581),
  .UNSPECIFIED.,.F.,.F.,(4,1,1,1,1,1,1,1,1,1,1,1,1,1,1,1,1,1,1,1,1,1,4),
  (-2.916583493038,-2.784011516082,-2.651439539126,-2.518867562169,
    -2.386295585213,-2.253723608257,-2.121151631301,-1.988579654344,
    -1.856007677388,-1.723435700432,-1.590863723475,-1.458291746519,
    -1.325719769563,-1.193147792607,-1.06057581565,-0.928003838694,
    -0.795431861738,-0.662859884781,-0.530287907825,-0.397715930869,
    -0.265143953913,-0.132571976956,0.),.QUASI_UNIFORM_KNOTS.);
#5557 = CARTESIAN_POINT('',(0.,-1.502151547569));
#5558 = CARTESIAN_POINT('',(0.,-1.479391675636));
#5559 = CARTESIAN_POINT('',(0.,-1.43387193177));
#5560 = CARTESIAN_POINT('',(0.,-1.365592315972));
#5561 = CARTESIAN_POINT('',(0.,-1.297312700173));
#5562 = CARTESIAN_POINT('',(0.,-1.229033084375));
#5563 = CARTESIAN_POINT('',(0.,-1.160753468576));
#5564 = CARTESIAN_POINT('',(0.,-1.092473852777));
#5565 = CARTESIAN_POINT('',(0.,-1.024194236979));
#5566 = CARTESIAN_POINT('',(0.,-0.95591462118));
#5567 = CARTESIAN_POINT('',(0.,-0.887635005382));
#5568 = CARTESIAN_POINT('',(0.,-0.819355389583));
#5569 = CARTESIAN_POINT('',(0.,-0.751075773784));
#5570 = CARTESIAN_POINT('',(0.,-0.682796157986));
#5571 = CARTESIAN_POINT('',(0.,-0.614516542187));
#5572 = CARTESIAN_POINT('',(0.,-0.546236926389));
#5573 = CARTESIAN_POINT('',(0.,-0.47795731059));
#5574 = CARTESIAN_POINT('',(0.,-0.409677694792));
#5575 = CARTESIAN_POINT('',(0.,-0.341398078993));
#5576 = CARTESIAN_POINT('',(0.,-0.273118463194));
#5577 = CARTESIAN_POINT('',(0.,-0.204838847396));
#5578 = CARTESIAN_POINT('',(0.,-0.136559231597));
#5579 = CARTESIAN_POINT('',(0.,-6.827961579859E-02));
#5580 = CARTESIAN_POINT('',(0.,-2.275987193286E-02));
#5581 = CARTESIAN_POINT('',(0.,0.));
#5582 = ( GEOMETRIC_REPRESENTATION_CONTEXT(2) 
PARAMETRIC_REPRESENTATION_CONTEXT() REPRESENTATION_CONTEXT('2D SPACE',''
  ) );
#5583 = ADVANCED_FACE('',(#5584),#5598,.F.);
#5584 = FACE_BOUND('',#5585,.F.);
#5585 = EDGE_LOOP('',(#5586,#5621,#5649,#5672));
#5586 = ORIENTED_EDGE('',*,*,#5587,.T.);
#5587 = EDGE_CURVE('',#5588,#5590,#5592,.T.);
#5588 = VERTEX_POINT('',#5589);
#5589 = CARTESIAN_POINT('',(8.5,50.,51.75));
#5590 = VERTEX_POINT('',#5591);
#5591 = CARTESIAN_POINT('',(8.5,50.,60.));
#5592 = SURFACE_CURVE('',#5593,(#5597,#5609),.PCURVE_S1.);
#5593 = LINE('',#5594,#5595);
#5594 = CARTESIAN_POINT('',(8.5,50.,60.));
#5595 = VECTOR('',#5596,1.);
#5596 = DIRECTION('',(-0.,-0.,1.));
#5597 = PCURVE('',#5598,#5603);
#5598 = CYLINDRICAL_SURFACE('',#5599,2.5);
#5599 = AXIS2_PLACEMENT_3D('',#5600,#5601,#5602);
#5600 = CARTESIAN_POINT('',(6.,50.,60.));
#5601 = DIRECTION('',(-0.,-0.,1.));
#5602 = DIRECTION('',(1.,0.,0.));
#5603 = DEFINITIONAL_REPRESENTATION('',(#5604),#5608);
#5604 = LINE('',#5605,#5606);
#5605 = CARTESIAN_POINT('',(6.28318530718,0.));
#5606 = VECTOR('',#5607,1.);
#5607 = DIRECTION('',(0.,1.));
#5608 = ( GEOMETRIC_REPRESENTATION_CONTEXT(2) 
PARAMETRIC_REPRESENTATION_CONTEXT() REPRESENTATION_CONTEXT('2D SPACE',''
  ) );
#5609 = PCURVE('',#5610,#5615);
#5610 = CYLINDRICAL_SURFACE('',#5611,2.5);
#5611 = AXIS2_PLACEMENT_3D('',#5612,#5613,#5614);
#5612 = CARTESIAN_POINT('',(6.,50.,60.));
#5613 = DIRECTION('',(-0.,-0.,1.));
#5614 = DIRECTION('',(1.,0.,0.));
#5615 = DEFINITIONAL_REPRESENTATION('',(#5616),#5620);
#5616 = LINE('',#5617,#5618);
#5617 = CARTESIAN_POINT('',(0.,0.));
#5618 = VECTOR('',#5619,1.);
#5619 = DIRECTION('',(0.,1.));
#5620 = ( GEOMETRIC_REPRESENTATION_CONTEXT(2) 
PARAMETRIC_REPRESENTATION_CONTEXT() REPRESENTATION_CONTEXT('2D SPACE',''
  ) );
#5621 = ORIENTED_EDGE('',*,*,#5622,.F.);
#5622 = EDGE_CURVE('',#5623,#5590,#5625,.T.);
#5623 = VERTEX_POINT('',#5624);
#5624 = CARTESIAN_POINT('',(3.5,50.,60.));
#5625 = SURFACE_CURVE('',#5626,(#5631,#5638),.PCURVE_S1.);
#5626 = CIRCLE('',#5627,2.5);
#5627 = AXIS2_PLACEMENT_3D('',#5628,#5629,#5630);
#5628 = CARTESIAN_POINT('',(6.,50.,60.));
#5629 = DIRECTION('',(0.,-0.,1.));
#5630 = DIRECTION('',(1.,0.,0.));
#5631 = PCURVE('',#5598,#5632);
#5632 = DEFINITIONAL_REPRESENTATION('',(#5633),#5637);
#5633 = LINE('',#5634,#5635);
#5634 = CARTESIAN_POINT('',(0.,0.));
#5635 = VECTOR('',#5636,1.);
#5636 = DIRECTION('',(1.,0.));
#5637 = ( GEOMETRIC_REPRESENTATION_CONTEXT(2) 
PARAMETRIC_REPRESENTATION_CONTEXT() REPRESENTATION_CONTEXT('2D SPACE',''
  ) );
#5638 = PCURVE('',#73,#5639);
#5639 = DEFINITIONAL_REPRESENTATION('',(#5640),#5648);
#5640 = ( BOUNDED_CURVE() B_SPLINE_CURVE(2,(#5641,#5642,#5643,#5644,
#5645,#5646,#5647),.UNSPECIFIED.,.T.,.F.) B_SPLINE_CURVE_WITH_KNOTS((1,2
    ,2,2,2,1),(-2.094395102393,0.,2.094395102393,4.188790204786,
6.28318530718,8.377580409573),.UNSPECIFIED.) CURVE() 
GEOMETRIC_REPRESENTATION_ITEM() RATIONAL_B_SPLINE_CURVE((1.,0.5,1.,0.5,
1.,0.5,1.)) REPRESENTATION_ITEM('') );
#5641 = CARTESIAN_POINT('',(-8.5,50.));
#5642 = CARTESIAN_POINT('',(-8.5,54.330127018922));
#5643 = CARTESIAN_POINT('',(-4.75,52.165063509461));
#5644 = CARTESIAN_POINT('',(-1.,50.));
#5645 = CARTESIAN_POINT('',(-4.75,47.834936490539));
#5646 = CARTESIAN_POINT('',(-8.5,45.669872981078));
#5647 = CARTESIAN_POINT('',(-8.5,50.));
#5648 = ( GEOMETRIC_REPRESENTATION_CONTEXT(2) 
PARAMETRIC_REPRESENTATION_CONTEXT() REPRESENTATION_CONTEXT('2D SPACE',''
  ) );
#5649 = ORIENTED_EDGE('',*,*,#5650,.F.);
#5650 = EDGE_CURVE('',#5651,#5623,#5653,.T.);
#5651 = VERTEX_POINT('',#5652);
#5652 = CARTESIAN_POINT('',(3.5,50.,51.75));
#5653 = SURFACE_CURVE('',#5654,(#5658,#5665),.PCURVE_S1.);
#5654 = LINE('',#5655,#5656);
#5655 = CARTESIAN_POINT('',(3.5,50.,60.));
#5656 = VECTOR('',#5657,1.);
#5657 = DIRECTION('',(-0.,-0.,1.));
#5658 = PCURVE('',#5598,#5659);
#5659 = DEFINITIONAL_REPRESENTATION('',(#5660),#5664);
#5660 = LINE('',#5661,#5662);
#5661 = CARTESIAN_POINT('',(3.14159265359,0.));
#5662 = VECTOR('',#5663,1.);
#5663 = DIRECTION('',(0.,1.));
#5664 = ( GEOMETRIC_REPRESENTATION_CONTEXT(2) 
PARAMETRIC_REPRESENTATION_CONTEXT() REPRESENTATION_CONTEXT('2D SPACE',''
  ) );
#5665 = PCURVE('',#5610,#5666);
#5666 = DEFINITIONAL_REPRESENTATION('',(#5667),#5671);
#5667 = LINE('',#5668,#5669);
#5668 = CARTESIAN_POINT('',(3.14159265359,0.));
#5669 = VECTOR('',#5670,1.);
#5670 = DIRECTION('',(0.,1.));
#5671 = ( GEOMETRIC_REPRESENTATION_CONTEXT(2) 
PARAMETRIC_REPRESENTATION_CONTEXT() REPRESENTATION_CONTEXT('2D SPACE',''
  ) );
#5672 = ORIENTED_EDGE('',*,*,#5673,.F.);
#5673 = EDGE_CURVE('',#5588,#5651,#5674,.T.);
#5674 = SURFACE_CURVE('',#5675,(#5680,#5687),.PCURVE_S1.);
#5675 = CIRCLE('',#5676,2.5);
#5676 = AXIS2_PLACEMENT_3D('',#5677,#5678,#5679);
#5677 = CARTESIAN_POINT('',(6.,50.,51.75));
#5678 = DIRECTION('',(0.,0.,-1.));
#5679 = DIRECTION('',(1.,0.,0.));
#5680 = PCURVE('',#5598,#5681);
#5681 = DEFINITIONAL_REPRESENTATION('',(#5682),#5686);
#5682 = LINE('',#5683,#5684);
#5683 = CARTESIAN_POINT('',(6.28318530718,-8.25));
#5684 = VECTOR('',#5685,1.);
#5685 = DIRECTION('',(-1.,0.));
#5686 = ( GEOMETRIC_REPRESENTATION_CONTEXT(2) 
PARAMETRIC_REPRESENTATION_CONTEXT() REPRESENTATION_CONTEXT('2D SPACE',''
  ) );
#5687 = PCURVE('',#4943,#5688);
#5688 = DEFINITIONAL_REPRESENTATION('',(#5689),#5697);
#5689 = ( BOUNDED_CURVE() B_SPLINE_CURVE(2,(#5690,#5691,#5692,#5693,
#5694,#5695,#5696),.UNSPECIFIED.,.T.,.F.) B_SPLINE_CURVE_WITH_KNOTS((1,2
    ,2,2,2,1),(-2.094395102393,0.,2.094395102393,4.188790204786,
6.28318530718,8.377580409573),.UNSPECIFIED.) CURVE() 
GEOMETRIC_REPRESENTATION_ITEM() RATIONAL_B_SPLINE_CURVE((1.,0.5,1.,0.5,
1.,0.5,1.)) REPRESENTATION_ITEM('') );
#5690 = CARTESIAN_POINT('',(8.5,-8.));
#5691 = CARTESIAN_POINT('',(8.5,-12.33012701892));
#5692 = CARTESIAN_POINT('',(4.75,-10.16506350946));
#5693 = CARTESIAN_POINT('',(1.,-8.));
#5694 = CARTESIAN_POINT('',(4.75,-5.834936490539));
#5695 = CARTESIAN_POINT('',(8.5,-3.669872981078));
#5696 = CARTESIAN_POINT('',(8.5,-8.));
#5697 = ( GEOMETRIC_REPRESENTATION_CONTEXT(2) 
PARAMETRIC_REPRESENTATION_CONTEXT() REPRESENTATION_CONTEXT('2D SPACE',''
  ) );
#5698 = ADVANCED_FACE('',(#5699),#5713,.F.);
#5699 = FACE_BOUND('',#5700,.F.);
#5700 = EDGE_LOOP('',(#5701,#5736,#5764,#5787));
#5701 = ORIENTED_EDGE('',*,*,#5702,.T.);
#5702 = EDGE_CURVE('',#5703,#5705,#5707,.T.);
#5703 = VERTEX_POINT('',#5704);
#5704 = CARTESIAN_POINT('',(262.5,74.,50.));
#5705 = VERTEX_POINT('',#5706);
#5706 = CARTESIAN_POINT('',(262.5,74.,60.));
#5707 = SURFACE_CURVE('',#5708,(#5712,#5724),.PCURVE_S1.);
#5708 = LINE('',#5709,#5710);
#5709 = CARTESIAN_POINT('',(262.5,74.,60.));
#5710 = VECTOR('',#5711,1.);
#5711 = DIRECTION('',(-0.,-0.,1.));
#5712 = PCURVE('',#5713,#5718);
#5713 = CYLINDRICAL_SURFACE('',#5714,2.);
#5714 = AXIS2_PLACEMENT_3D('',#5715,#5716,#5717);
#5715 = CARTESIAN_POINT('',(260.5,74.,60.));
#5716 = DIRECTION('',(-0.,-0.,1.));
#5717 = DIRECTION('',(1.,0.,0.));
#5718 = DEFINITIONAL_REPRESENTATION('',(#5719),#5723);
#5719 = LINE('',#5720,#5721);
#5720 = CARTESIAN_POINT('',(6.28318530718,0.));
#5721 = VECTOR('',#5722,1.);
#5722 = DIRECTION('',(0.,1.));
#5723 = ( GEOMETRIC_REPRESENTATION_CONTEXT(2) 
PARAMETRIC_REPRESENTATION_CONTEXT() REPRESENTATION_CONTEXT('2D SPACE',''
  ) );
#5724 = PCURVE('',#5725,#5730);
#5725 = CYLINDRICAL_SURFACE('',#5726,2.);
#5726 = AXIS2_PLACEMENT_3D('',#5727,#5728,#5729);
#5727 = CARTESIAN_POINT('',(260.5,74.,60.));
#5728 = DIRECTION('',(-0.,-0.,1.));
#5729 = DIRECTION('',(1.,0.,0.));
#5730 = DEFINITIONAL_REPRESENTATION('',(#5731),#5735);
#5731 = LINE('',#5732,#5733);
#5732 = CARTESIAN_POINT('',(0.,0.));
#5733 = VECTOR('',#5734,1.);
#5734 = DIRECTION('',(0.,1.));
#5735 = ( GEOMETRIC_REPRESENTATION_CONTEXT(2) 
PARAMETRIC_REPRESENTATION_CONTEXT() REPRESENTATION_CONTEXT('2D SPACE',''
  ) );
#5736 = ORIENTED_EDGE('',*,*,#5737,.F.);
#5737 = EDGE_CURVE('',#5738,#5705,#5740,.T.);
#5738 = VERTEX_POINT('',#5739);
#5739 = CARTESIAN_POINT('',(258.5,74.,60.));
#5740 = SURFACE_CURVE('',#5741,(#5746,#5753),.PCURVE_S1.);
#5741 = CIRCLE('',#5742,2.);
#5742 = AXIS2_PLACEMENT_3D('',#5743,#5744,#5745);
#5743 = CARTESIAN_POINT('',(260.5,74.,60.));
#5744 = DIRECTION('',(0.,-0.,1.));
#5745 = DIRECTION('',(1.,0.,0.));
#5746 = PCURVE('',#5713,#5747);
#5747 = DEFINITIONAL_REPRESENTATION('',(#5748),#5752);
#5748 = LINE('',#5749,#5750);
#5749 = CARTESIAN_POINT('',(0.,0.));
#5750 = VECTOR('',#5751,1.);
#5751 = DIRECTION('',(1.,0.));
#5752 = ( GEOMETRIC_REPRESENTATION_CONTEXT(2) 
PARAMETRIC_REPRESENTATION_CONTEXT() REPRESENTATION_CONTEXT('2D SPACE',''
  ) );
#5753 = PCURVE('',#73,#5754);
#5754 = DEFINITIONAL_REPRESENTATION('',(#5755),#5763);
#5755 = ( BOUNDED_CURVE() B_SPLINE_CURVE(2,(#5756,#5757,#5758,#5759,
#5760,#5761,#5762),.UNSPECIFIED.,.T.,.F.) B_SPLINE_CURVE_WITH_KNOTS((1,2
    ,2,2,2,1),(-2.094395102393,0.,2.094395102393,4.188790204786,
6.28318530718,8.377580409573),.UNSPECIFIED.) CURVE() 
GEOMETRIC_REPRESENTATION_ITEM() RATIONAL_B_SPLINE_CURVE((1.,0.5,1.,0.5,
1.,0.5,1.)) REPRESENTATION_ITEM('') );
#5756 = CARTESIAN_POINT('',(-262.5,74.));
#5757 = CARTESIAN_POINT('',(-262.5,77.464101615138));
#5758 = CARTESIAN_POINT('',(-259.5,75.732050807569));
#5759 = CARTESIAN_POINT('',(-256.5,74.));
#5760 = CARTESIAN_POINT('',(-259.5,72.267949192431));
#5761 = CARTESIAN_POINT('',(-262.5,70.535898384862));
#5762 = CARTESIAN_POINT('',(-262.5,74.));
#5763 = ( GEOMETRIC_REPRESENTATION_CONTEXT(2) 
PARAMETRIC_REPRESENTATION_CONTEXT() REPRESENTATION_CONTEXT('2D SPACE',''
  ) );
#5764 = ORIENTED_EDGE('',*,*,#5765,.F.);
#5765 = EDGE_CURVE('',#5766,#5738,#5768,.T.);
#5766 = VERTEX_POINT('',#5767);
#5767 = CARTESIAN_POINT('',(258.5,74.,50.));
#5768 = SURFACE_CURVE('',#5769,(#5773,#5780),.PCURVE_S1.);
#5769 = LINE('',#5770,#5771);
#5770 = CARTESIAN_POINT('',(258.5,74.,60.));
#5771 = VECTOR('',#5772,1.);
#5772 = DIRECTION('',(-0.,-0.,1.));
#5773 = PCURVE('',#5713,#5774);
#5774 = DEFINITIONAL_REPRESENTATION('',(#5775),#5779);
#5775 = LINE('',#5776,#5777);
#5776 = CARTESIAN_POINT('',(3.14159265359,0.));
#5777 = VECTOR('',#5778,1.);
#5778 = DIRECTION('',(0.,1.));
#5779 = ( GEOMETRIC_REPRESENTATION_CONTEXT(2) 
PARAMETRIC_REPRESENTATION_CONTEXT() REPRESENTATION_CONTEXT('2D SPACE',''
  ) );
#5780 = PCURVE('',#5725,#5781);
#5781 = DEFINITIONAL_REPRESENTATION('',(#5782),#5786);
#5782 = LINE('',#5783,#5784);
#5783 = CARTESIAN_POINT('',(3.14159265359,0.));
#5784 = VECTOR('',#5785,1.);
#5785 = DIRECTION('',(0.,1.));
#5786 = ( GEOMETRIC_REPRESENTATION_CONTEXT(2) 
PARAMETRIC_REPRESENTATION_CONTEXT() REPRESENTATION_CONTEXT('2D SPACE',''
  ) );
#5787 = ORIENTED_EDGE('',*,*,#5788,.T.);
#5788 = EDGE_CURVE('',#5766,#5703,#5789,.T.);
#5789 = SURFACE_CURVE('',#5790,(#5795,#5802),.PCURVE_S1.);
#5790 = CIRCLE('',#5791,2.);
#5791 = AXIS2_PLACEMENT_3D('',#5792,#5793,#5794);
#5792 = CARTESIAN_POINT('',(260.5,74.,50.));
#5793 = DIRECTION('',(0.,-0.,1.));
#5794 = DIRECTION('',(1.,0.,0.));
#5795 = PCURVE('',#5713,#5796);
#5796 = DEFINITIONAL_REPRESENTATION('',(#5797),#5801);
#5797 = LINE('',#5798,#5799);
#5798 = CARTESIAN_POINT('',(0.,-10.));
#5799 = VECTOR('',#5800,1.);
#5800 = DIRECTION('',(1.,0.));
#5801 = ( GEOMETRIC_REPRESENTATION_CONTEXT(2) 
PARAMETRIC_REPRESENTATION_CONTEXT() REPRESENTATION_CONTEXT('2D SPACE',''
  ) );
#5802 = PCURVE('',#5803,#5808);
#5803 = CONICAL_SURFACE('',#5804,2.,1.029744258677);
#5804 = AXIS2_PLACEMENT_3D('',#5805,#5806,#5807);
#5805 = CARTESIAN_POINT('',(260.5,74.,50.));
#5806 = DIRECTION('',(-0.,-0.,1.));
#5807 = DIRECTION('',(1.,0.,0.));
#5808 = DEFINITIONAL_REPRESENTATION('',(#5809),#5813);
#5809 = LINE('',#5810,#5811);
#5810 = CARTESIAN_POINT('',(0.,-7.842149977035E-16));
#5811 = VECTOR('',#5812,1.);
#5812 = DIRECTION('',(1.,0.));
#5813 = ( GEOMETRIC_REPRESENTATION_CONTEXT(2) 
PARAMETRIC_REPRESENTATION_CONTEXT() REPRESENTATION_CONTEXT('2D SPACE',''
  ) );
#5814 = ADVANCED_FACE('',(#5815),#5803,.F.);
#5815 = FACE_BOUND('',#5816,.F.);
#5816 = EDGE_LOOP('',(#5817,#5818,#5890));
#5817 = ORIENTED_EDGE('',*,*,#5788,.F.);
#5818 = ORIENTED_EDGE('',*,*,#5819,.F.);
#5819 = EDGE_CURVE('',#5820,#5766,#5822,.T.);
#5820 = VERTEX_POINT('',#5821);
#5821 = CARTESIAN_POINT('',(260.5,74.,48.798278761945));
#5822 = SURFACE_CURVE('',#5823,(#5827,#5856),.PCURVE_S1.);
#5823 = LINE('',#5824,#5825);
#5824 = CARTESIAN_POINT('',(258.5,74.,50.));
#5825 = VECTOR('',#5826,1.);
#5826 = DIRECTION('',(-0.857167300702,1.049727191139E-16,0.51503807491)
  );
#5827 = PCURVE('',#5803,#5828);
#5828 = DEFINITIONAL_REPRESENTATION('',(#5829),#5855);
#5829 = B_SPLINE_CURVE_WITH_KNOTS('',3,(#5830,#5831,#5832,#5833,#5834,
    #5835,#5836,#5837,#5838,#5839,#5840,#5841,#5842,#5843,#5844,#5845,
    #5846,#5847,#5848,#5849,#5850,#5851,#5852,#5853,#5854),
  .UNSPECIFIED.,.F.,.F.,(4,1,1,1,1,1,1,1,1,1,1,1,1,1,1,1,1,1,1,1,1,1,4),
  (-2.333266794431,-2.227209212866,-2.121151631301,-2.015094049736,
    -1.909036468171,-1.802978886606,-1.69692130504,-1.590863723475,
    -1.48480614191,-1.378748560345,-1.27269097878,-1.166633397215,
    -1.06057581565,-0.954518234085,-0.84846065252,-0.742403070955,
    -0.63634548939,-0.530287907825,-0.42423032626,-0.318172744695,
    -0.21211516313,-0.106057581565,0.),.QUASI_UNIFORM_KNOTS.);
#5830 = CARTESIAN_POINT('',(3.14159265359,-1.201721238055));
#5831 = CARTESIAN_POINT('',(3.14159265359,-1.183513340509));
#5832 = CARTESIAN_POINT('',(3.14159265359,-1.147097545416));
#5833 = CARTESIAN_POINT('',(3.14159265359,-1.092473852777));
#5834 = CARTESIAN_POINT('',(3.14159265359,-1.037850160139));
#5835 = CARTESIAN_POINT('',(3.14159265359,-0.9832264675));
#5836 = CARTESIAN_POINT('',(3.14159265359,-0.928602774861));
#5837 = CARTESIAN_POINT('',(3.14159265359,-0.873979082222));
#5838 = CARTESIAN_POINT('',(3.14159265359,-0.819355389583));
#5839 = CARTESIAN_POINT('',(3.14159265359,-0.764731696944));
#5840 = CARTESIAN_POINT('',(3.14159265359,-0.710108004305));
#5841 = CARTESIAN_POINT('',(3.14159265359,-0.655484311666));
#5842 = CARTESIAN_POINT('',(3.14159265359,-0.600860619028));
#5843 = CARTESIAN_POINT('',(3.14159265359,-0.546236926389));
#5844 = CARTESIAN_POINT('',(3.14159265359,-0.49161323375));
#5845 = CARTESIAN_POINT('',(3.14159265359,-0.436989541111));
#5846 = CARTESIAN_POINT('',(3.14159265359,-0.382365848472));
#5847 = CARTESIAN_POINT('',(3.14159265359,-0.327742155833));
#5848 = CARTESIAN_POINT('',(3.14159265359,-0.273118463194));
#5849 = CARTESIAN_POINT('',(3.14159265359,-0.218494770555));
#5850 = CARTESIAN_POINT('',(3.14159265359,-0.163871077917));
#5851 = CARTESIAN_POINT('',(3.14159265359,-0.109247385278));
#5852 = CARTESIAN_POINT('',(3.14159265359,-5.462369263885E-02));
#5853 = CARTESIAN_POINT('',(3.14159265359,-1.820789754628E-02));
#5854 = CARTESIAN_POINT('',(3.14159265359,-7.842149977035E-16));
#5855 = ( GEOMETRIC_REPRESENTATION_CONTEXT(2) 
PARAMETRIC_REPRESENTATION_CONTEXT() REPRESENTATION_CONTEXT('2D SPACE',''
  ) );
#5856 = PCURVE('',#5857,#5862);
#5857 = CONICAL_SURFACE('',#5858,2.,1.029744258677);
#5858 = AXIS2_PLACEMENT_3D('',#5859,#5860,#5861);
#5859 = CARTESIAN_POINT('',(260.5,74.,50.));
#5860 = DIRECTION('',(-0.,-0.,1.));
#5861 = DIRECTION('',(1.,0.,0.));
#5862 = DEFINITIONAL_REPRESENTATION('',(#5863),#5889);
#5863 = B_SPLINE_CURVE_WITH_KNOTS('',3,(#5864,#5865,#5866,#5867,#5868,
    #5869,#5870,#5871,#5872,#5873,#5874,#5875,#5876,#5877,#5878,#5879,
    #5880,#5881,#5882,#5883,#5884,#5885,#5886,#5887,#5888),
  .UNSPECIFIED.,.F.,.F.,(4,1,1,1,1,1,1,1,1,1,1,1,1,1,1,1,1,1,1,1,1,1,4),
  (-2.333266794431,-2.227209212866,-2.121151631301,-2.015094049736,
    -1.909036468171,-1.802978886606,-1.69692130504,-1.590863723475,
    -1.48480614191,-1.378748560345,-1.27269097878,-1.166633397215,
    -1.06057581565,-0.954518234085,-0.84846065252,-0.742403070955,
    -0.63634548939,-0.530287907825,-0.42423032626,-0.318172744695,
    -0.21211516313,-0.106057581565,0.),.QUASI_UNIFORM_KNOTS.);
#5864 = CARTESIAN_POINT('',(3.14159265359,-1.201721238055));
#5865 = CARTESIAN_POINT('',(3.14159265359,-1.183513340509));
#5866 = CARTESIAN_POINT('',(3.14159265359,-1.147097545416));
#5867 = CARTESIAN_POINT('',(3.14159265359,-1.092473852777));
#5868 = CARTESIAN_POINT('',(3.14159265359,-1.037850160139));
#5869 = CARTESIAN_POINT('',(3.14159265359,-0.9832264675));
#5870 = CARTESIAN_POINT('',(3.14159265359,-0.928602774861));
#5871 = CARTESIAN_POINT('',(3.14159265359,-0.873979082222));
#5872 = CARTESIAN_POINT('',(3.14159265359,-0.819355389583));
#5873 = CARTESIAN_POINT('',(3.14159265359,-0.764731696944));
#5874 = CARTESIAN_POINT('',(3.14159265359,-0.710108004305));
#5875 = CARTESIAN_POINT('',(3.14159265359,-0.655484311666));
#5876 = CARTESIAN_POINT('',(3.14159265359,-0.600860619028));
#5877 = CARTESIAN_POINT('',(3.14159265359,-0.546236926389));
#5878 = CARTESIAN_POINT('',(3.14159265359,-0.49161323375));
#5879 = CARTESIAN_POINT('',(3.14159265359,-0.436989541111));
#5880 = CARTESIAN_POINT('',(3.14159265359,-0.382365848472));
#5881 = CARTESIAN_POINT('',(3.14159265359,-0.327742155833));
#5882 = CARTESIAN_POINT('',(3.14159265359,-0.273118463194));
#5883 = CARTESIAN_POINT('',(3.14159265359,-0.218494770555));
#5884 = CARTESIAN_POINT('',(3.14159265359,-0.163871077917));
#5885 = CARTESIAN_POINT('',(3.14159265359,-0.109247385278));
#5886 = CARTESIAN_POINT('',(3.14159265359,-5.462369263885E-02));
#5887 = CARTESIAN_POINT('',(3.14159265359,-1.820789754628E-02));
#5888 = CARTESIAN_POINT('',(3.14159265359,-7.842149977035E-16));
#5889 = ( GEOMETRIC_REPRESENTATION_CONTEXT(2) 
PARAMETRIC_REPRESENTATION_CONTEXT() REPRESENTATION_CONTEXT('2D SPACE',''
  ) );
#5890 = ORIENTED_EDGE('',*,*,#5891,.T.);
#5891 = EDGE_CURVE('',#5820,#5703,#5892,.T.);
#5892 = SURFACE_CURVE('',#5893,(#5897,#5904),.PCURVE_S1.);
#5893 = LINE('',#5894,#5895);
#5894 = CARTESIAN_POINT('',(262.5,74.,50.));
#5895 = VECTOR('',#5896,1.);
#5896 = DIRECTION('',(0.857167300702,0.,0.51503807491));
#5897 = PCURVE('',#5803,#5898);
#5898 = DEFINITIONAL_REPRESENTATION('',(#5899),#5903);
#5899 = LINE('',#5900,#5901);
#5900 = CARTESIAN_POINT('',(6.28318530718,-6.861685551885E-16));
#5901 = VECTOR('',#5902,1.);
#5902 = DIRECTION('',(0.,1.));
#5903 = ( GEOMETRIC_REPRESENTATION_CONTEXT(2) 
PARAMETRIC_REPRESENTATION_CONTEXT() REPRESENTATION_CONTEXT('2D SPACE',''
  ) );
#5904 = PCURVE('',#5857,#5905);
#5905 = DEFINITIONAL_REPRESENTATION('',(#5906),#5910);
#5906 = LINE('',#5907,#5908);
#5907 = CARTESIAN_POINT('',(0.,-6.861685551885E-16));
#5908 = VECTOR('',#5909,1.);
#5909 = DIRECTION('',(0.,1.));
#5910 = ( GEOMETRIC_REPRESENTATION_CONTEXT(2) 
PARAMETRIC_REPRESENTATION_CONTEXT() REPRESENTATION_CONTEXT('2D SPACE',''
  ) );
#5911 = ADVANCED_FACE('',(#5912),#5954,.F.);
#5912 = FACE_BOUND('',#5913,.F.);
#5913 = EDGE_LOOP('',(#5914,#6065,#6093));
#5914 = ORIENTED_EDGE('',*,*,#5915,.F.);
#5915 = EDGE_CURVE('',#5916,#5918,#5920,.T.);
#5916 = VERTEX_POINT('',#5917);
#5917 = CARTESIAN_POINT('',(275.50083658868,74.064670267905,
    52.50497309386));
#5918 = VERTEX_POINT('',#5919);
#5919 = CARTESIAN_POINT('',(275.50083658868,74.064670267904,
    52.495026906138));
#5920 = SURFACE_CURVE('',#5921,(#5953,#6009),.PCURVE_S1.);
#5921 = B_SPLINE_CURVE_WITH_KNOTS('',3,(#5922,#5923,#5924,#5925,#5926,
    #5927,#5928,#5929,#5930,#5931,#5932,#5933,#5934,#5935,#5936,#5937,
    #5938,#5939,#5940,#5941,#5942,#5943,#5944,#5945,#5946,#5947,#5948,
    #5949,#5950,#5951,#5952),.UNSPECIFIED.,.F.,.F.,(4,3,3,3,3,3,3,3,3,3,
    4),(2.012985957767E-05,2.177183589468E-05,2.345236906516E-05,
    2.51295447071E-05,2.680206096537E-05,2.847059116076E-05,
    3.013740121048E-05,3.116784819211E-05,3.284210408649E-05,
    3.451667126843E-05,3.52813275745E-05),.UNSPECIFIED.);
#5922 = CARTESIAN_POINT('',(275.50083658868,74.064670267905,
    52.50497309386));
#5923 = CARTESIAN_POINT('',(275.50082244412,74.064123655344,
    52.50494955335));
#5924 = CARTESIAN_POINT('',(275.50080840398,74.063573785891,
    52.504833627856));
#5925 = CARTESIAN_POINT('',(275.50079554531,74.06306420302,52.5046343806
    ));
#5926 = CARTESIAN_POINT('',(275.5007823852,74.062542674044,
    52.504430462408));
#5927 = CARTESIAN_POINT('',(275.50077010144,74.062049128746,
    52.504133556902));
#5928 = CARTESIAN_POINT('',(275.50075963682,74.061624727974,
    52.50376814923));
#5929 = CARTESIAN_POINT('',(275.50074919308,74.061201173435,
    52.503403470162));
#5930 = CARTESIAN_POINT('',(275.50074026802,74.060834774276,
    52.502960448738));
#5931 = CARTESIAN_POINT('',(275.50073351908,74.060556233263,
    52.50247581723));
#5932 = CARTESIAN_POINT('',(275.50072678866,74.06027845645,
    52.501992515347));
#5933 = CARTESIAN_POINT('',(275.50072203261,74.060080380343,
    52.501454452903));
#5934 = CARTESIAN_POINT('',(275.50071959086,74.05997863362,
    52.500906340133));
#5935 = CARTESIAN_POINT('',(275.5007171548,74.059877124358,
    52.500359506572));
#5936 = CARTESIAN_POINT('',(275.50071695336,74.059868690202,
    52.499787568774));
#5937 = CARTESIAN_POINT('',(275.50071900072,74.059954038049,
    52.499237979327));
#5938 = CARTESIAN_POINT('',(275.50072104607,74.060039301672,
    52.498688932231));
#5939 = CARTESIAN_POINT('',(275.50072539315,74.060220497147,
    52.49814706191));
#5940 = CARTESIAN_POINT('',(275.50073173375,74.060482504589,
    52.497657124486));
#5941 = CARTESIAN_POINT('',(275.50073568816,74.060645909339,
    52.497351567887));
#5942 = CARTESIAN_POINT('',(275.50074043425,74.060842468914,
    52.497061628643));
#5943 = CARTESIAN_POINT('',(275.50074589022,74.061065766679,
    52.49679669483));
#5944 = CARTESIAN_POINT('',(275.50075467709,74.061425389094,
    52.496370017305));
#5945 = CARTESIAN_POINT('',(275.50076549387,74.061863675972,
    52.495999653426));
#5946 = CARTESIAN_POINT('',(275.50077748027,74.062344180823,
    52.49571605051));
#5947 = CARTESIAN_POINT('',(275.5007894694,74.062824795037,
    52.495432383045));
#5948 = CARTESIAN_POINT('',(275.50080298878,74.063360861977,
    52.495227692248));
#5949 = CARTESIAN_POINT('',(275.50081698371,74.063908145756,
    52.495118671152));
#5950 = CARTESIAN_POINT('',(275.50082340085,74.06415909371,
    52.495068681325));
#5951 = CARTESIAN_POINT('',(275.50082997363,74.064414631298,
    52.49503791543));
#5952 = CARTESIAN_POINT('',(275.50083658868,74.064670267904,
    52.495026906138));
#5953 = PCURVE('',#5954,#5959);
#5954 = CONICAL_SURFACE('',#5955,2.5,1.029744258677);
#5955 = AXIS2_PLACEMENT_3D('',#5956,#5957,#5958);
#5956 = CARTESIAN_POINT('',(277.,74.064670267905,52.5));
#5957 = DIRECTION('',(1.,-0.,-0.));
#5958 = DIRECTION('',(0.,0.,-1.));
#5959 = DEFINITIONAL_REPRESENTATION('',(#5960),#6008);
#5960 = B_SPLINE_CURVE_WITH_KNOTS('',3,(#5961,#5962,#5963,#5964,#5965,
    #5966,#5967,#5968,#5969,#5970,#5971,#5972,#5973,#5974,#5975,#5976,
    #5977,#5978,#5979,#5980,#5981,#5982,#5983,#5984,#5985,#5986,#5987,
    #5988,#5989,#5990,#5991,#5992,#5993,#5994,#5995,#5996,#5997,#5998,
    #5999,#6000,#6001,#6002,#6003,#6004,#6005,#6006,#6007),
  .UNSPECIFIED.,.F.,.F.,(4,1,1,1,1,1,1,1,1,1,1,1,1,1,1,1,1,1,1,1,1,1,1,1
    ,1,1,1,1,1,1,1,1,1,1,1,1,1,1,1,1,1,1,1,1,4),(2.012985957767E-05,
    2.047421112305E-05,2.081856266843E-05,2.116291421382E-05,
    2.15072657592E-05,2.185161730458E-05,2.219596884996E-05,
    2.254032039535E-05,2.288467194073E-05,2.322902348611E-05,
    2.35733750315E-05,2.391772657688E-05,2.426207812226E-05,
    2.460642966764E-05,2.495078121303E-05,2.529513275841E-05,
    2.563948430379E-05,2.598383584917E-05,2.632818739456E-05,
    2.667253893994E-05,2.701689048532E-05,2.73612420307E-05,
    2.770559357609E-05,2.804994512147E-05,2.839429666685E-05,
    2.873864821223E-05,2.908299975762E-05,2.9427351303E-05,
    2.977170284838E-05,3.011605439376E-05,3.046040593915E-05,
    3.080475748453E-05,3.114910902991E-05,3.149346057529E-05,
    3.183781212068E-05,3.218216366606E-05,3.252651521144E-05,
    3.287086675682E-05,3.321521830221E-05,3.355956984759E-05,
    3.390392139297E-05,3.424827293835E-05,3.459262448374E-05,
    3.493697602912E-05,3.52813275745E-05),.QUASI_UNIFORM_KNOTS.);
#5961 = CARTESIAN_POINT('',(3.141592653556,-1.499163411314));
#5962 = CARTESIAN_POINT('',(3.164641682839,-1.499166389934));
#5963 = CARTESIAN_POINT('',(3.210941647899,-1.499172386439));
#5964 = CARTESIAN_POINT('',(3.280835588489,-1.499181318894));
#5965 = CARTESIAN_POINT('',(3.350999564113,-1.499189950612));
#5966 = CARTESIAN_POINT('',(3.421302427018,-1.499198247359));
#5967 = CARTESIAN_POINT('',(3.491386072324,-1.499206327913));
#5968 = CARTESIAN_POINT('',(3.561900993529,-1.499214423064));
#5969 = CARTESIAN_POINT('',(3.632859859814,-1.499222175491));
#5970 = CARTESIAN_POINT('',(3.704026829496,-1.499229439519));
#5971 = CARTESIAN_POINT('',(3.775270659113,-1.499236197358));
#5972 = CARTESIAN_POINT('',(3.846242007543,-1.49924264312));
#5973 = CARTESIAN_POINT('',(3.917704841854,-1.499248927108));
#5974 = CARTESIAN_POINT('',(3.989522900813,-1.499254688504));
#5975 = CARTESIAN_POINT('',(4.061490939748,-1.499259824162));
#5976 = CARTESIAN_POINT('',(4.133444830109,-1.49926434275));
#5977 = CARTESIAN_POINT('',(4.205096066553,-1.499268502988));
#5978 = CARTESIAN_POINT('',(4.277255197231,-1.499272350693));
#5979 = CARTESIAN_POINT('',(4.349660498419,-1.499275553395));
#5980 = CARTESIAN_POINT('',(4.422137568024,-1.499278047658));
#5981 = CARTESIAN_POINT('',(4.494479877185,-1.499279877719));
#5982 = CARTESIAN_POINT('',(4.566516379504,-1.499281356939));
#5983 = CARTESIAN_POINT('',(4.639030967425,-1.499282405836));
#5984 = CARTESIAN_POINT('',(4.71167221206,-1.499282748613));
#5985 = CARTESIAN_POINT('',(4.784295557599,-1.499282357334));
#5986 = CARTESIAN_POINT('',(4.856642961942,-1.499281323678));
#5987 = CARTESIAN_POINT('',(4.928723461717,-1.499279985987));
#5988 = CARTESIAN_POINT('',(5.001209619182,-1.499278142828));
#5989 = CARTESIAN_POINT('',(5.073688162063,-1.499275597892));
#5990 = CARTESIAN_POINT('',(5.146127851017,-1.499272341246));
#5991 = CARTESIAN_POINT('',(5.217883905408,-1.499268570698));
#5992 = CARTESIAN_POINT('',(5.290429725188,-1.499264432648));
#5993 = CARTESIAN_POINT('',(5.362804446406,-1.499259718507));
#5994 = CARTESIAN_POINT('',(5.435195355217,-1.499254420647));
#5995 = CARTESIAN_POINT('',(5.506439476087,-1.499248903551));
#5996 = CARTESIAN_POINT('',(5.578122668693,-1.499242932885));
#5997 = CARTESIAN_POINT('',(5.649633897131,-1.499236384875));
#5998 = CARTESIAN_POINT('',(5.720938201596,-1.499229300688));
#5999 = CARTESIAN_POINT('',(5.791659085689,-1.499221912603));
#6000 = CARTESIAN_POINT('',(5.86230184987,-1.499214458555));
#6001 = CARTESIAN_POINT('',(5.933065290783,-1.499206634317));
#6002 = CARTESIAN_POINT('',(6.003661846287,-1.499198390423));
#6003 = CARTESIAN_POINT('',(6.073968982905,-1.49918977528));
#6004 = CARTESIAN_POINT('',(6.143690864444,-1.499181121639));
#6005 = CARTESIAN_POINT('',(6.213617388423,-1.499172342847));
#6006 = CARTESIAN_POINT('',(6.260042256234,-1.499166405534));
#6007 = CARTESIAN_POINT('',(6.28318530718,-1.499163411313));
#6008 = ( GEOMETRIC_REPRESENTATION_CONTEXT(2) 
PARAMETRIC_REPRESENTATION_CONTEXT() REPRESENTATION_CONTEXT('2D SPACE',''
  ) );
#6009 = PCURVE('',#6010,#6015);
#6010 = CYLINDRICAL_SURFACE('',#6011,2.5);
#6011 = AXIS2_PLACEMENT_3D('',#6012,#6013,#6014);
#6012 = CARTESIAN_POINT('',(278.,74.,60.));
#6013 = DIRECTION('',(-0.,-0.,1.));
#6014 = DIRECTION('',(1.,0.,0.));
#6015 = DEFINITIONAL_REPRESENTATION('',(#6016),#6064);
#6016 = B_SPLINE_CURVE_WITH_KNOTS('',3,(#6017,#6018,#6019,#6020,#6021,
    #6022,#6023,#6024,#6025,#6026,#6027,#6028,#6029,#6030,#6031,#6032,
    #6033,#6034,#6035,#6036,#6037,#6038,#6039,#6040,#6041,#6042,#6043,
    #6044,#6045,#6046,#6047,#6048,#6049,#6050,#6051,#6052,#6053,#6054,
    #6055,#6056,#6057,#6058,#6059,#6060,#6061,#6062,#6063),
  .UNSPECIFIED.,.F.,.F.,(4,1,1,1,1,1,1,1,1,1,1,1,1,1,1,1,1,1,1,1,1,1,1,1
    ,1,1,1,1,1,1,1,1,1,1,1,1,1,1,1,1,1,1,1,1,4),(2.012985957767E-05,
    2.047421112305E-05,2.081856266843E-05,2.116291421382E-05,
    2.15072657592E-05,2.185161730458E-05,2.219596884996E-05,
    2.254032039535E-05,2.288467194073E-05,2.322902348611E-05,
    2.35733750315E-05,2.391772657688E-05,2.426207812226E-05,
    2.460642966764E-05,2.495078121303E-05,2.529513275841E-05,
    2.563948430379E-05,2.598383584917E-05,2.632818739456E-05,
    2.667253893994E-05,2.701689048532E-05,2.73612420307E-05,
    2.770559357609E-05,2.804994512147E-05,2.839429666685E-05,
    2.873864821223E-05,2.908299975762E-05,2.9427351303E-05,
    2.977170284838E-05,3.011605439376E-05,3.046040593915E-05,
    3.080475748453E-05,3.114910902991E-05,3.149346057529E-05,
    3.183781212068E-05,3.218216366606E-05,3.252651521144E-05,
    3.287086675682E-05,3.321521830221E-05,3.355956984759E-05,
    3.390392139297E-05,3.424827293835E-05,3.459262448374E-05,
    3.493697602912E-05,3.52813275745E-05),.QUASI_UNIFORM_KNOTS.);
#6017 = CARTESIAN_POINT('',(3.115721660579,-7.49502690614));
#6018 = CARTESIAN_POINT('',(3.115767529667,-7.495031843002));
#6019 = CARTESIAN_POINT('',(3.115859381389,-7.495049842393));
#6020 = CARTESIAN_POINT('',(3.115996543631,-7.495100724089));
#6021 = CARTESIAN_POINT('',(3.116132101642,-7.495174965248));
#6022 = CARTESIAN_POINT('',(3.116265181711,-7.495272143372));
#6023 = CARTESIAN_POINT('',(3.116394482316,-7.495391462122));
#6024 = CARTESIAN_POINT('',(3.116520523383,-7.495533735252));
#6025 = CARTESIAN_POINT('',(3.116642764533,-7.495697931304));
#6026 = CARTESIAN_POINT('',(3.116760255445,-7.495882692486));
#6027 = CARTESIAN_POINT('',(3.116872237148,-7.496086897918));
#6028 = CARTESIAN_POINT('',(3.11697759522,-7.49630880541));
#6029 = CARTESIAN_POINT('',(3.117076894903,-7.496549842663));
#6030 = CARTESIAN_POINT('',(3.117169563124,-7.496808126699));
#6031 = CARTESIAN_POINT('',(3.117254936026,-7.49708171708));
#6032 = CARTESIAN_POINT('',(3.117332414679,-7.497368813404));
#6033 = CARTESIAN_POINT('',(3.11740123123,-7.497667112582));
#6034 = CARTESIAN_POINT('',(3.117461809107,-7.497978524808));
#6035 = CARTESIAN_POINT('',(3.117513749974,-7.49830031358));
#6036 = CARTESIAN_POINT('',(3.117556716639,-7.498630247146));
#6037 = CARTESIAN_POINT('',(3.117590365933,-7.498965941337));
#6038 = CARTESIAN_POINT('',(3.117614317449,-7.49930511691));
#6039 = CARTESIAN_POINT('',(3.11762876513,-7.499649757206));
#6040 = CARTESIAN_POINT('',(3.11763366656,-7.499996573557));
#6041 = CARTESIAN_POINT('',(3.117629008736,-7.50034332963));
#6042 = CARTESIAN_POINT('',(3.117614796596,-7.500687243013));
#6043 = CARTESIAN_POINT('',(3.117590933894,-7.50102666327));
#6044 = CARTESIAN_POINT('',(3.117557428358,-7.501363133437));
#6045 = CARTESIAN_POINT('',(3.11751470031,-7.501693261635));
#6046 = CARTESIAN_POINT('',(3.117462943171,-7.502015414322));
#6047 = CARTESIAN_POINT('',(3.117402883138,-7.502325310533));
#6048 = CARTESIAN_POINT('',(3.117333342198,-7.502627500659));
#6049 = CARTESIAN_POINT('',(3.117255607705,-7.502916623805));
#6050 = CARTESIAN_POINT('',(3.117169825175,-7.503192067111));
#6051 = CARTESIAN_POINT('',(3.117077779453,-7.503448067232));
#6052 = CARTESIAN_POINT('',(3.116978057875,-7.503689470477));
#6053 = CARTESIAN_POINT('',(3.116871952,-7.503913144454));
#6054 = CARTESIAN_POINT('',(3.116760011404,-7.504118019835));
#6055 = CARTESIAN_POINT('',(3.116643313723,-7.504301969756));
#6056 = CARTESIAN_POINT('',(3.116521535871,-7.50446508001));
#6057 = CARTESIAN_POINT('',(3.11639499881,-7.504607407378));
#6058 = CARTESIAN_POINT('',(3.116264803059,-7.504727817375));
#6059 = CARTESIAN_POINT('',(3.116131766192,-7.504825565555));
#6060 = CARTESIAN_POINT('',(3.115997058004,-7.504899538591));
#6061 = CARTESIAN_POINT('',(3.115859817472,-7.504950214652));
#6062 = CARTESIAN_POINT('',(3.115767713577,-7.504968135619));
#6063 = CARTESIAN_POINT('',(3.11572166058,-7.504973093862));
#6064 = ( GEOMETRIC_REPRESENTATION_CONTEXT(2) 
PARAMETRIC_REPRESENTATION_CONTEXT() REPRESENTATION_CONTEXT('2D SPACE',''
  ) );
#6065 = ORIENTED_EDGE('',*,*,#6066,.F.);
#6066 = EDGE_CURVE('',#6067,#5916,#6069,.T.);
#6067 = VERTEX_POINT('',#6068);
#6068 = CARTESIAN_POINT('',(275.49784845243,74.064670267905,52.5));
#6069 = SURFACE_CURVE('',#6070,(#6074,#6081),.PCURVE_S1.);
#6070 = LINE('',#6071,#6072);
#6071 = CARTESIAN_POINT('',(277.,74.064670267905,55.));
#6072 = VECTOR('',#6073,1.);
#6073 = DIRECTION('',(0.51503807491,1.049727191139E-16,0.857167300702));
#6074 = PCURVE('',#5954,#6075);
#6075 = DEFINITIONAL_REPRESENTATION('',(#6076),#6080);
#6076 = LINE('',#6077,#6078);
#6077 = CARTESIAN_POINT('',(3.14159265359,2.058505665566E-15));
#6078 = VECTOR('',#6079,1.);
#6079 = DIRECTION('',(0.,1.));
#6080 = ( GEOMETRIC_REPRESENTATION_CONTEXT(2) 
PARAMETRIC_REPRESENTATION_CONTEXT() REPRESENTATION_CONTEXT('2D SPACE',''
  ) );
#6081 = PCURVE('',#6082,#6087);
#6082 = CONICAL_SURFACE('',#6083,2.5,1.029744258677);
#6083 = AXIS2_PLACEMENT_3D('',#6084,#6085,#6086);
#6084 = CARTESIAN_POINT('',(277.,74.064670267905,52.5));
#6085 = DIRECTION('',(1.,-0.,-0.));
#6086 = DIRECTION('',(0.,0.,-1.));
#6087 = DEFINITIONAL_REPRESENTATION('',(#6088),#6092);
#6088 = LINE('',#6089,#6090);
#6089 = CARTESIAN_POINT('',(3.14159265359,2.058505665566E-15));
#6090 = VECTOR('',#6091,1.);
#6091 = DIRECTION('',(0.,1.));
#6092 = ( GEOMETRIC_REPRESENTATION_CONTEXT(2) 
PARAMETRIC_REPRESENTATION_CONTEXT() REPRESENTATION_CONTEXT('2D SPACE',''
  ) );
#6093 = ORIENTED_EDGE('',*,*,#6094,.T.);
#6094 = EDGE_CURVE('',#6067,#5918,#6095,.T.);
#6095 = SURFACE_CURVE('',#6096,(#6100,#6107),.PCURVE_S1.);
#6096 = LINE('',#6097,#6098);
#6097 = CARTESIAN_POINT('',(277.,74.064670267905,50.));
#6098 = VECTOR('',#6099,1.);
#6099 = DIRECTION('',(0.51503807491,0.,-0.857167300702));
#6100 = PCURVE('',#5954,#6101);
#6101 = DEFINITIONAL_REPRESENTATION('',(#6102),#6106);
#6102 = LINE('',#6103,#6104);
#6103 = CARTESIAN_POINT('',(6.28318530718,5.260625589779E-15));
#6104 = VECTOR('',#6105,1.);
#6105 = DIRECTION('',(0.,1.));
#6106 = ( GEOMETRIC_REPRESENTATION_CONTEXT(2) 
PARAMETRIC_REPRESENTATION_CONTEXT() REPRESENTATION_CONTEXT('2D SPACE',''
  ) );
#6107 = PCURVE('',#6082,#6108);
#6108 = DEFINITIONAL_REPRESENTATION('',(#6109),#6113);
#6109 = LINE('',#6110,#6111);
#6110 = CARTESIAN_POINT('',(0.,5.260625589779E-15));
#6111 = VECTOR('',#6112,1.);
#6112 = DIRECTION('',(0.,1.));
#6113 = ( GEOMETRIC_REPRESENTATION_CONTEXT(2) 
PARAMETRIC_REPRESENTATION_CONTEXT() REPRESENTATION_CONTEXT('2D SPACE',''
  ) );
#6114 = ADVANCED_FACE('',(#6115),#6130,.F.);
#6115 = FACE_BOUND('',#6116,.F.);
#6116 = EDGE_LOOP('',(#6117,#6153,#6225));
#6117 = ORIENTED_EDGE('',*,*,#6118,.F.);
#6118 = EDGE_CURVE('',#6119,#6121,#6123,.T.);
#6119 = VERTEX_POINT('',#6120);
#6120 = CARTESIAN_POINT('',(275.5,74.,46.));
#6121 = VERTEX_POINT('',#6122);
#6122 = CARTESIAN_POINT('',(280.5,74.,46.));
#6123 = SURFACE_CURVE('',#6124,(#6129,#6141),.PCURVE_S1.);
#6124 = CIRCLE('',#6125,2.5);
#6125 = AXIS2_PLACEMENT_3D('',#6126,#6127,#6128);
#6126 = CARTESIAN_POINT('',(278.,74.,46.));
#6127 = DIRECTION('',(0.,-0.,1.));
#6128 = DIRECTION('',(1.,0.,0.));
#6129 = PCURVE('',#6130,#6135);
#6130 = CONICAL_SURFACE('',#6131,2.5,1.029744258677);
#6131 = AXIS2_PLACEMENT_3D('',#6132,#6133,#6134);
#6132 = CARTESIAN_POINT('',(278.,74.,46.));
#6133 = DIRECTION('',(-0.,-0.,1.));
#6134 = DIRECTION('',(1.,0.,0.));
#6135 = DEFINITIONAL_REPRESENTATION('',(#6136),#6140);
#6136 = LINE('',#6137,#6138);
#6137 = CARTESIAN_POINT('',(0.,-9.802687471293E-16));
#6138 = VECTOR('',#6139,1.);
#6139 = DIRECTION('',(1.,0.));
#6140 = ( GEOMETRIC_REPRESENTATION_CONTEXT(2) 
PARAMETRIC_REPRESENTATION_CONTEXT() REPRESENTATION_CONTEXT('2D SPACE',''
  ) );
#6141 = PCURVE('',#6142,#6147);
#6142 = CYLINDRICAL_SURFACE('',#6143,2.5);
#6143 = AXIS2_PLACEMENT_3D('',#6144,#6145,#6146);
#6144 = CARTESIAN_POINT('',(278.,74.,60.));
#6145 = DIRECTION('',(-0.,-0.,1.));
#6146 = DIRECTION('',(1.,0.,0.));
#6147 = DEFINITIONAL_REPRESENTATION('',(#6148),#6152);
#6148 = LINE('',#6149,#6150);
#6149 = CARTESIAN_POINT('',(0.,-14.));
#6150 = VECTOR('',#6151,1.);
#6151 = DIRECTION('',(1.,0.));
#6152 = ( GEOMETRIC_REPRESENTATION_CONTEXT(2) 
PARAMETRIC_REPRESENTATION_CONTEXT() REPRESENTATION_CONTEXT('2D SPACE',''
  ) );
#6153 = ORIENTED_EDGE('',*,*,#6154,.F.);
#6154 = EDGE_CURVE('',#6155,#6119,#6157,.T.);
#6155 = VERTEX_POINT('',#6156);
#6156 = CARTESIAN_POINT('',(278.,74.,44.497848452431));
#6157 = SURFACE_CURVE('',#6158,(#6162,#6191),.PCURVE_S1.);
#6158 = LINE('',#6159,#6160);
#6159 = CARTESIAN_POINT('',(275.5,74.,46.));
#6160 = VECTOR('',#6161,1.);
#6161 = DIRECTION('',(-0.857167300702,1.049727191139E-16,0.51503807491)
  );
#6162 = PCURVE('',#6130,#6163);
#6163 = DEFINITIONAL_REPRESENTATION('',(#6164),#6190);
#6164 = B_SPLINE_CURVE_WITH_KNOTS('',3,(#6165,#6166,#6167,#6168,#6169,
    #6170,#6171,#6172,#6173,#6174,#6175,#6176,#6177,#6178,#6179,#6180,
    #6181,#6182,#6183,#6184,#6185,#6186,#6187,#6188,#6189),
  .UNSPECIFIED.,.F.,.F.,(4,1,1,1,1,1,1,1,1,1,1,1,1,1,1,1,1,1,1,1,1,1,4),
  (-2.916583493038,-2.784011516082,-2.651439539126,-2.518867562169,
    -2.386295585213,-2.253723608257,-2.121151631301,-1.988579654344,
    -1.856007677388,-1.723435700432,-1.590863723475,-1.458291746519,
    -1.325719769563,-1.193147792607,-1.06057581565,-0.928003838694,
    -0.795431861738,-0.662859884781,-0.530287907825,-0.397715930869,
    -0.265143953913,-0.132571976956,0.),.UNSPECIFIED.);
#6165 = CARTESIAN_POINT('',(3.14159265359,-1.502151547569));
#6166 = CARTESIAN_POINT('',(3.14159265359,-1.479391675636));
#6167 = CARTESIAN_POINT('',(3.14159265359,-1.43387193177));
#6168 = CARTESIAN_POINT('',(3.14159265359,-1.365592315972));
#6169 = CARTESIAN_POINT('',(3.14159265359,-1.297312700173));
#6170 = CARTESIAN_POINT('',(3.14159265359,-1.229033084375));
#6171 = CARTESIAN_POINT('',(3.14159265359,-1.160753468576));
#6172 = CARTESIAN_POINT('',(3.14159265359,-1.092473852777));
#6173 = CARTESIAN_POINT('',(3.14159265359,-1.024194236979));
#6174 = CARTESIAN_POINT('',(3.14159265359,-0.95591462118));
#6175 = CARTESIAN_POINT('',(3.14159265359,-0.887635005382));
#6176 = CARTESIAN_POINT('',(3.14159265359,-0.819355389583));
#6177 = CARTESIAN_POINT('',(3.14159265359,-0.751075773784));
#6178 = CARTESIAN_POINT('',(3.14159265359,-0.682796157986));
#6179 = CARTESIAN_POINT('',(3.14159265359,-0.614516542187));
#6180 = CARTESIAN_POINT('',(3.14159265359,-0.546236926389));
#6181 = CARTESIAN_POINT('',(3.14159265359,-0.47795731059));
#6182 = CARTESIAN_POINT('',(3.14159265359,-0.409677694792));
#6183 = CARTESIAN_POINT('',(3.14159265359,-0.341398078993));
#6184 = CARTESIAN_POINT('',(3.14159265359,-0.273118463194));
#6185 = CARTESIAN_POINT('',(3.14159265359,-0.204838847396));
#6186 = CARTESIAN_POINT('',(3.14159265359,-0.136559231597));
#6187 = CARTESIAN_POINT('',(3.14159265359,-6.827961579859E-02));
#6188 = CARTESIAN_POINT('',(3.14159265359,-2.275987193286E-02));
#6189 = CARTESIAN_POINT('',(3.14159265359,-9.802687471293E-16));
#6190 = ( GEOMETRIC_REPRESENTATION_CONTEXT(2) 
PARAMETRIC_REPRESENTATION_CONTEXT() REPRESENTATION_CONTEXT('2D SPACE',''
  ) );
#6191 = PCURVE('',#6192,#6197);
#6192 = CONICAL_SURFACE('',#6193,2.5,1.029744258677);
#6193 = AXIS2_PLACEMENT_3D('',#6194,#6195,#6196);
#6194 = CARTESIAN_POINT('',(278.,74.,46.));
#6195 = DIRECTION('',(-0.,-0.,1.));
#6196 = DIRECTION('',(1.,0.,0.));
#6197 = DEFINITIONAL_REPRESENTATION('',(#6198),#6224);
#6198 = B_SPLINE_CURVE_WITH_KNOTS('',3,(#6199,#6200,#6201,#6202,#6203,
    #6204,#6205,#6206,#6207,#6208,#6209,#6210,#6211,#6212,#6213,#6214,
    #6215,#6216,#6217,#6218,#6219,#6220,#6221,#6222,#6223),
  .UNSPECIFIED.,.F.,.F.,(4,1,1,1,1,1,1,1,1,1,1,1,1,1,1,1,1,1,1,1,1,1,4),
  (-2.916583493038,-2.784011516082,-2.651439539126,-2.518867562169,
    -2.386295585213,-2.253723608257,-2.121151631301,-1.988579654344,
    -1.856007677388,-1.723435700432,-1.590863723475,-1.458291746519,
    -1.325719769563,-1.193147792607,-1.06057581565,-0.928003838694,
    -0.795431861738,-0.662859884781,-0.530287907825,-0.397715930869,
    -0.265143953913,-0.132571976956,0.),.UNSPECIFIED.);
#6199 = CARTESIAN_POINT('',(3.14159265359,-1.502151547569));
#6200 = CARTESIAN_POINT('',(3.14159265359,-1.479391675636));
#6201 = CARTESIAN_POINT('',(3.14159265359,-1.43387193177));
#6202 = CARTESIAN_POINT('',(3.14159265359,-1.365592315972));
#6203 = CARTESIAN_POINT('',(3.14159265359,-1.297312700173));
#6204 = CARTESIAN_POINT('',(3.14159265359,-1.229033084375));
#6205 = CARTESIAN_POINT('',(3.14159265359,-1.160753468576));
#6206 = CARTESIAN_POINT('',(3.14159265359,-1.092473852777));
#6207 = CARTESIAN_POINT('',(3.14159265359,-1.024194236979));
#6208 = CARTESIAN_POINT('',(3.14159265359,-0.95591462118));
#6209 = CARTESIAN_POINT('',(3.14159265359,-0.887635005382));
#6210 = CARTESIAN_POINT('',(3.14159265359,-0.819355389583));
#6211 = CARTESIAN_POINT('',(3.14159265359,-0.751075773784));
#6212 = CARTESIAN_POINT('',(3.14159265359,-0.682796157986));
#6213 = CARTESIAN_POINT('',(3.14159265359,-0.614516542187));
#6214 = CARTESIAN_POINT('',(3.14159265359,-0.546236926389));
#6215 = CARTESIAN_POINT('',(3.14159265359,-0.47795731059));
#6216 = CARTESIAN_POINT('',(3.14159265359,-0.409677694792));
#6217 = CARTESIAN_POINT('',(3.14159265359,-0.341398078993));
#6218 = CARTESIAN_POINT('',(3.14159265359,-0.273118463194));
#6219 = CARTESIAN_POINT('',(3.14159265359,-0.204838847396));
#6220 = CARTESIAN_POINT('',(3.14159265359,-0.136559231597));
#6221 = CARTESIAN_POINT('',(3.14159265359,-6.827961579859E-02));
#6222 = CARTESIAN_POINT('',(3.14159265359,-2.275987193286E-02));
#6223 = CARTESIAN_POINT('',(3.14159265359,-9.802687471293E-16));
#6224 = ( GEOMETRIC_REPRESENTATION_CONTEXT(2) 
PARAMETRIC_REPRESENTATION_CONTEXT() REPRESENTATION_CONTEXT('2D SPACE',''
  ) );
#6225 = ORIENTED_EDGE('',*,*,#6226,.T.);
#6226 = EDGE_CURVE('',#6155,#6121,#6227,.T.);
#6227 = SURFACE_CURVE('',#6228,(#6232,#6239),.PCURVE_S1.);
#6228 = LINE('',#6229,#6230);
#6229 = CARTESIAN_POINT('',(280.5,74.,46.));
#6230 = VECTOR('',#6231,1.);
#6231 = DIRECTION('',(0.857167300702,0.,0.51503807491));
#6232 = PCURVE('',#6130,#6233);
#6233 = DEFINITIONAL_REPRESENTATION('',(#6234),#6238);
#6234 = LINE('',#6235,#6236);
#6235 = CARTESIAN_POINT('',(6.28318530718,1.829782813836E-14));
#6236 = VECTOR('',#6237,1.);
#6237 = DIRECTION('',(0.,1.));
#6238 = ( GEOMETRIC_REPRESENTATION_CONTEXT(2) 
PARAMETRIC_REPRESENTATION_CONTEXT() REPRESENTATION_CONTEXT('2D SPACE',''
  ) );
#6239 = PCURVE('',#6192,#6240);
#6240 = DEFINITIONAL_REPRESENTATION('',(#6241),#6245);
#6241 = LINE('',#6242,#6243);
#6242 = CARTESIAN_POINT('',(0.,1.829782813836E-14));
#6243 = VECTOR('',#6244,1.);
#6244 = DIRECTION('',(0.,1.));
#6245 = ( GEOMETRIC_REPRESENTATION_CONTEXT(2) 
PARAMETRIC_REPRESENTATION_CONTEXT() REPRESENTATION_CONTEXT('2D SPACE',''
  ) );
#6246 = ADVANCED_FACE('',(#6247,#6453),#6142,.F.);
#6247 = FACE_BOUND('',#6248,.F.);
#6248 = EDGE_LOOP('',(#6249,#6378));
#6249 = ORIENTED_EDGE('',*,*,#6250,.T.);
#6250 = EDGE_CURVE('',#6251,#6253,#6255,.T.);
#6251 = VERTEX_POINT('',#6252);
#6252 = CARTESIAN_POINT('',(277.,71.708712152522,53.336338064757));
#6253 = VERTEX_POINT('',#6254);
#6254 = CARTESIAN_POINT('',(277.,71.708712152522,51.663661935243));
#6255 = SURFACE_CURVE('',#6256,(#6271,#6322),.PCURVE_S1.);
#6256 = B_SPLINE_CURVE_WITH_KNOTS('',3,(#6257,#6258,#6259,#6260,#6261,
    #6262,#6263,#6264,#6265,#6266,#6267,#6268,#6269,#6270),
  .UNSPECIFIED.,.F.,.F.,(4,2,2,2,2,2,4),(0.,4.8638170666E-04,
    7.2957255999E-04,9.7276341332E-04,1.21595426665E-03,
    1.45914511998E-03,1.94552682664E-03),.UNSPECIFIED.);
#6257 = CARTESIAN_POINT('',(277.,71.708712152522,53.336338064757));
#6258 = CARTESIAN_POINT('',(277.09886313329,71.665564743781,
    53.214792134868));
#6259 = CARTESIAN_POINT('',(277.19632656661,71.631087121207,
    53.089096041632));
#6260 = CARTESIAN_POINT('',(277.32187606455,71.593330572786,
    52.88382337197));
#6261 = CARTESIAN_POINT('',(277.35976725884,71.583189428698,
    52.813106457447));
#6262 = CARTESIAN_POINT('',(277.41700892733,71.568746679263,
    52.661704201265));
#6263 = CARTESIAN_POINT('',(277.43506283752,71.564667167995,
    52.581771734303));
#6264 = CARTESIAN_POINT('',(277.43503609651,71.564673371404,
    52.418038828843));
#6265 = CARTESIAN_POINT('',(277.41696960099,71.568754927775,
    52.338096104057));
#6266 = CARTESIAN_POINT('',(277.35954025996,71.583248384965,
    52.186389261211));
#6267 = CARTESIAN_POINT('',(277.32165878172,71.593394302799,
    52.115808502211));
#6268 = CARTESIAN_POINT('',(277.19650612376,71.631036354926,
    51.911223312004));
#6269 = CARTESIAN_POINT('',(277.09881680184,71.665584964484,
    51.78515090356));
#6270 = CARTESIAN_POINT('',(277.,71.708712152522,51.663661935243));
#6271 = PCURVE('',#6142,#6272);
#6272 = DEFINITIONAL_REPRESENTATION('',(#6273),#6321);
#6273 = B_SPLINE_CURVE_WITH_KNOTS('',3,(#6274,#6275,#6276,#6277,#6278,
    #6279,#6280,#6281,#6282,#6283,#6284,#6285,#6286,#6287,#6288,#6289,
    #6290,#6291,#6292,#6293,#6294,#6295,#6296,#6297,#6298,#6299,#6300,
    #6301,#6302,#6303,#6304,#6305,#6306,#6307,#6308,#6309,#6310,#6311,
    #6312,#6313,#6314,#6315,#6316,#6317,#6318,#6319,#6320),
  .UNSPECIFIED.,.F.,.F.,(4,1,1,1,1,1,1,1,1,1,1,1,1,1,1,1,1,1,1,1,1,1,1,1
    ,1,1,1,1,1,1,1,1,1,1,1,1,1,1,1,1,1,1,1,1,4),(0.,4.421651878727E-05,
    8.843303757455E-05,1.326495563618E-04,1.768660751491E-04,
    2.210825939364E-04,2.652991127236E-04,3.095156315109E-04,
    3.537321502982E-04,3.979486690855E-04,4.421651878727E-04,
    4.8638170666E-04,5.305982254473E-04,5.748147442345E-04,
    6.190312630218E-04,6.632477818091E-04,7.074643005964E-04,
    7.516808193836E-04,7.958973381709E-04,8.401138569582E-04,
    8.843303757455E-04,9.285468945327E-04,9.7276341332E-04,
    1.016979932107E-03,1.061196450895E-03,1.105412969682E-03,
    1.149629488469E-03,1.193846007256E-03,1.238062526044E-03,
    1.282279044831E-03,1.326495563618E-03,1.370712082405E-03,
    1.414928601193E-03,1.45914511998E-03,1.503361638767E-03,
    1.547578157555E-03,1.591794676342E-03,1.636011195129E-03,
    1.680227713916E-03,1.724444232704E-03,1.768660751491E-03,
    1.812877270278E-03,1.857093789065E-03,1.901310307853E-03,
    1.94552682664E-03),.QUASI_UNIFORM_KNOTS.);
#6274 = CARTESIAN_POINT('',(4.300872134317,-6.663661935243));
#6275 = CARTESIAN_POINT('',(4.30479460436,-6.674711565233));
#6276 = CARTESIAN_POINT('',(4.312608217542,-6.696879422971));
#6277 = CARTESIAN_POINT('',(4.324215246625,-6.730368567794));
#6278 = CARTESIAN_POINT('',(4.335689570219,-6.76412663638));
#6279 = CARTESIAN_POINT('',(4.347011540368,-6.798185192162));
#6280 = CARTESIAN_POINT('',(4.358161332874,-6.832575806417));
#6281 = CARTESIAN_POINT('',(4.369118927554,-6.867330021165));
#6282 = CARTESIAN_POINT('',(4.379864203591,-6.90247948761));
#6283 = CARTESIAN_POINT('',(4.390376741629,-6.938055449477));
#6284 = CARTESIAN_POINT('',(4.40063667113,-6.974090671216));
#6285 = CARTESIAN_POINT('',(4.410621614267,-7.010612241868));
#6286 = CARTESIAN_POINT('',(4.420318180103,-7.047668431376));
#6287 = CARTESIAN_POINT('',(4.429679140383,-7.085228461483));
#6288 = CARTESIAN_POINT('',(4.438603396357,-7.123327283726));
#6289 = CARTESIAN_POINT('',(4.447022904142,-7.16207797694));
#6290 = CARTESIAN_POINT('',(4.454861714049,-7.201575662241));
#6291 = CARTESIAN_POINT('',(4.462040890188,-7.241909164318));
#6292 = CARTESIAN_POINT('',(4.468500121357,-7.283210451284));
#6293 = CARTESIAN_POINT('',(4.474024500525,-7.325310726805));
#6294 = CARTESIAN_POINT('',(4.478514689401,-7.368123865669));
#6295 = CARTESIAN_POINT('',(4.48186007228,-7.411576558269));
#6296 = CARTESIAN_POINT('',(4.483952993697,-7.455551070059));
#6297 = CARTESIAN_POINT('',(4.48468464384,-7.500094550636));
#6298 = CARTESIAN_POINT('',(4.483947342918,-7.544639037962));
#6299 = CARTESIAN_POINT('',(4.481848815166,-7.588621385646));
#6300 = CARTESIAN_POINT('',(4.478496079445,-7.632093305595));
#6301 = CARTESIAN_POINT('',(4.473995327786,-7.674942512263));
#6302 = CARTESIAN_POINT('',(4.468456232316,-7.717097851614));
#6303 = CARTESIAN_POINT('',(4.461974774817,-7.75848764102));
#6304 = CARTESIAN_POINT('',(4.454783157274,-7.798847920132));
#6305 = CARTESIAN_POINT('',(4.446940397669,-7.838328038518));
#6306 = CARTESIAN_POINT('',(4.438526449514,-7.877020423095));
#6307 = CARTESIAN_POINT('',(4.42961657053,-7.915030694646));
#6308 = CARTESIAN_POINT('',(4.420282664125,-7.95246862114));
#6309 = CARTESIAN_POINT('',(4.410613214668,-7.98941418794));
#6310 = CARTESIAN_POINT('',(4.400643923038,-8.025868820404));
#6311 = CARTESIAN_POINT('',(4.390393093419,-8.061864912448));
#6312 = CARTESIAN_POINT('',(4.37988361651,-8.097426559986));
#6313 = CARTESIAN_POINT('',(4.3691370587,-8.132580082375));
#6314 = CARTESIAN_POINT('',(4.358175220646,-8.167351203203));
#6315 = CARTESIAN_POINT('',(4.347019689224,-8.201765805695));
#6316 = CARTESIAN_POINT('',(4.335691926258,-8.235849730298));
#6317 = CARTESIAN_POINT('',(4.3242131996,-8.269628828925));
#6318 = CARTESIAN_POINT('',(4.312604594255,-8.303128950414));
#6319 = CARTESIAN_POINT('',(4.304792765305,-8.325293613092));
#6320 = CARTESIAN_POINT('',(4.300872134317,-8.336338064757));
#6321 = ( GEOMETRIC_REPRESENTATION_CONTEXT(2) 
PARAMETRIC_REPRESENTATION_CONTEXT() REPRESENTATION_CONTEXT('2D SPACE',''
  ) );
#6322 = PCURVE('',#6323,#6328);
#6323 = CYLINDRICAL_SURFACE('',#6324,2.5);
#6324 = AXIS2_PLACEMENT_3D('',#6325,#6326,#6327);
#6325 = CARTESIAN_POINT('',(291.,74.064670267905,52.5));
#6326 = DIRECTION('',(1.,-0.,-0.));
#6327 = DIRECTION('',(0.,0.,-1.));
#6328 = DEFINITIONAL_REPRESENTATION('',(#6329),#6377);
#6329 = B_SPLINE_CURVE_WITH_KNOTS('',3,(#6330,#6331,#6332,#6333,#6334,
    #6335,#6336,#6337,#6338,#6339,#6340,#6341,#6342,#6343,#6344,#6345,
    #6346,#6347,#6348,#6349,#6350,#6351,#6352,#6353,#6354,#6355,#6356,
    #6357,#6358,#6359,#6360,#6361,#6362,#6363,#6364,#6365,#6366,#6367,
    #6368,#6369,#6370,#6371,#6372,#6373,#6374,#6375,#6376),
  .UNSPECIFIED.,.F.,.F.,(4,1,1,1,1,1,1,1,1,1,1,1,1,1,1,1,1,1,1,1,1,1,1,1
    ,1,1,1,1,1,1,1,1,1,1,1,1,1,1,1,1,1,1,1,1,4),(0.,4.421651878727E-05,
    8.843303757455E-05,1.326495563618E-04,1.768660751491E-04,
    2.210825939364E-04,2.652991127236E-04,3.095156315109E-04,
    3.537321502982E-04,3.979486690855E-04,4.421651878727E-04,
    4.8638170666E-04,5.305982254473E-04,5.748147442345E-04,
    6.190312630218E-04,6.632477818091E-04,7.074643005964E-04,
    7.516808193836E-04,7.958973381709E-04,8.401138569582E-04,
    8.843303757455E-04,9.285468945327E-04,9.7276341332E-04,
    1.016979932107E-03,1.061196450895E-03,1.105412969682E-03,
    1.149629488469E-03,1.193846007256E-03,1.238062526044E-03,
    1.282279044831E-03,1.326495563618E-03,1.370712082405E-03,
    1.414928601193E-03,1.45914511998E-03,1.503361638767E-03,
    1.547578157555E-03,1.591794676342E-03,1.636011195129E-03,
    1.680227713916E-03,1.724444232704E-03,1.768660751491E-03,
    1.812877270278E-03,1.857093789065E-03,1.901310307853E-03,
    1.94552682664E-03),.QUASI_UNIFORM_KNOTS.);
#6330 = CARTESIAN_POINT('',(4.371276983594,-14.));
#6331 = CARTESIAN_POINT('',(4.375967082964,-13.99101244242));
#6332 = CARTESIAN_POINT('',(4.385353886447,-13.9730604628));
#6333 = CARTESIAN_POINT('',(4.399468252883,-13.94625763592));
#6334 = CARTESIAN_POINT('',(4.413631038374,-13.91963568697));
#6335 = CARTESIAN_POINT('',(4.427856812762,-13.89325035353));
#6336 = CARTESIAN_POINT('',(4.442160321913,-13.86715736498));
#6337 = CARTESIAN_POINT('',(4.456556477346,-13.84141248128));
#6338 = CARTESIAN_POINT('',(4.471060378329,-13.81607134828));
#6339 = CARTESIAN_POINT('',(4.485687073852,-13.79119003766));
#6340 = CARTESIAN_POINT('',(4.500452325372,-13.76682303191));
#6341 = CARTESIAN_POINT('',(4.515369616556,-13.7430307445));
#6342 = CARTESIAN_POINT('',(4.530461161382,-13.71985145412));
#6343 = CARTESIAN_POINT('',(4.545716655875,-13.69740604756));
#6344 = CARTESIAN_POINT('',(4.561151001219,-13.67595098612));
#6345 = CARTESIAN_POINT('',(4.576811778343,-13.65566111044));
#6346 = CARTESIAN_POINT('',(4.59273962232,-13.63672993986));
#6347 = CARTESIAN_POINT('',(4.608973034439,-13.61935789961));
#6348 = CARTESIAN_POINT('',(4.62556818789,-13.60369911271));
#6349 = CARTESIAN_POINT('',(4.642459438389,-13.59028874849));
#6350 = CARTESIAN_POINT('',(4.659616405535,-13.57937540051));
#6351 = CARTESIAN_POINT('',(4.677013894281,-13.57123545352));
#6352 = CARTESIAN_POINT('',(4.694609396752,-13.56613769212));
#6353 = CARTESIAN_POINT('',(4.712426798778,-13.56435351027));
#6354 = CARTESIAN_POINT('',(4.730244614668,-13.56615146465));
#6355 = CARTESIAN_POINT('',(4.747843280007,-13.57126289684));
#6356 = CARTESIAN_POINT('',(4.765248520743,-13.57942071916));
#6357 = CARTESIAN_POINT('',(4.782420040846,-13.59035966753));
#6358 = CARTESIAN_POINT('',(4.799333538382,-13.60380561277));
#6359 = CARTESIAN_POINT('',(4.815964481155,-13.61951806254));
#6360 = CARTESIAN_POINT('',(4.832208947278,-13.63691982381));
#6361 = CARTESIAN_POINT('',(4.84813003004,-13.65586008387));
#6362 = CARTESIAN_POINT('',(4.863767598075,-13.67613611065));
#6363 = CARTESIAN_POINT('',(4.879166438604,-13.69755618818));
#6364 = CARTESIAN_POINT('',(4.894372570563,-13.71993645546));
#6365 = CARTESIAN_POINT('',(4.909419240765,-13.74305061552));
#6366 = CARTESIAN_POINT('',(4.92430947972,-13.76680516842));
#6367 = CARTESIAN_POINT('',(4.939058982235,-13.79115013793));
#6368 = CARTESIAN_POINT('',(4.953680014652,-13.81602388568));
#6369 = CARTESIAN_POINT('',(4.968185690328,-13.84136789816));
#6370 = CARTESIAN_POINT('',(4.98258879033,-13.86712282456));
#6371 = CARTESIAN_POINT('',(4.996902047355,-13.89322953842));
#6372 = CARTESIAN_POINT('',(5.011138041718,-13.91962885317));
#6373 = CARTESIAN_POINT('',(5.025309193986,-13.94626159834));
#6374 = CARTESIAN_POINT('',(5.039427765119,-13.97306859915));
#6375 = CARTESIAN_POINT('',(5.048813077864,-13.99101665437));
#6376 = CARTESIAN_POINT('',(5.053500977175,-14.));
#6377 = ( GEOMETRIC_REPRESENTATION_CONTEXT(2) 
PARAMETRIC_REPRESENTATION_CONTEXT() REPRESENTATION_CONTEXT('2D SPACE',''
  ) );
#6378 = ORIENTED_EDGE('',*,*,#6379,.T.);
#6379 = EDGE_CURVE('',#6253,#6251,#6380,.T.);
#6380 = SURFACE_CURVE('',#6381,(#6390,#6419),.PCURVE_S1.);
#6381 = B_SPLINE_CURVE_WITH_KNOTS('',3,(#6382,#6383,#6384,#6385,#6386,
    #6387,#6388,#6389),.UNSPECIFIED.,.F.,.F.,(4,2,2,4),(
    5.024935209643E-04,9.275644074014E-04,1.352635293839E-03,
    2.202777066713E-03),.UNSPECIFIED.);
#6382 = CARTESIAN_POINT('',(277.,71.708712152522,51.663661935243));
#6383 = CARTESIAN_POINT('',(276.96365367247,71.724574990345,
    51.799795804086));
#6384 = CARTESIAN_POINT('',(276.93329746096,71.738872408825,
    51.9374639334));
#6385 = CARTESIAN_POINT('',(276.89097896992,71.759324957694,
    52.217840575439));
#6386 = CARTESIAN_POINT('',(276.87930812173,71.765262927136,
    52.362341373089));
#6387 = CARTESIAN_POINT('',(276.8800219644,71.764905039337,
    52.788747736859));
#6388 = CARTESIAN_POINT('',(276.92744935023,71.740375851974,
    53.064602202838));
#6389 = CARTESIAN_POINT('',(277.,71.708712152522,53.336338064757));
#6390 = PCURVE('',#6142,#6391);
#6391 = DEFINITIONAL_REPRESENTATION('',(#6392),#6418);
#6392 = B_SPLINE_CURVE_WITH_KNOTS('',3,(#6393,#6394,#6395,#6396,#6397,
    #6398,#6399,#6400,#6401,#6402,#6403,#6404,#6405,#6406,#6407,#6408,
    #6409,#6410,#6411,#6412,#6413,#6414,#6415,#6416,#6417),
  .UNSPECIFIED.,.F.,.F.,(4,1,1,1,1,1,1,1,1,1,1,1,1,1,1,1,1,1,1,1,1,1,4),
  (5.024935209643E-04,5.797791366801E-04,6.57064752396E-04,
    7.343503681118E-04,8.116359838276E-04,8.889215995435E-04,
    9.662072152593E-04,1.043492830975E-03,1.120778446691E-03,
    1.198064062407E-03,1.275349678123E-03,1.352635293839E-03,
    1.429920909554E-03,1.50720652527E-03,1.584492140986E-03,
    1.661777756702E-03,1.739063372418E-03,1.816348988134E-03,
    1.893634603849E-03,1.970920219565E-03,2.048205835281E-03,
    2.125491450997E-03,2.202777066713E-03),.QUASI_UNIFORM_KNOTS.);
#6393 = CARTESIAN_POINT('',(4.300872134317,-8.336338064757));
#6394 = CARTESIAN_POINT('',(4.297988001816,-8.31158645224));
#6395 = CARTESIAN_POINT('',(4.292381412386,-8.26198177872));
#6396 = CARTESIAN_POINT('',(4.284513116735,-8.187234955231));
#6397 = CARTESIAN_POINT('',(4.277242934049,-8.112112498795));
#6398 = CARTESIAN_POINT('',(4.270627519353,-8.036579821633));
#6399 = CARTESIAN_POINT('',(4.264724294875,-7.960597760119));
#6400 = CARTESIAN_POINT('',(4.259588558153,-7.884144222049));
#6401 = CARTESIAN_POINT('',(4.255303668545,-7.806901331826));
#6402 = CARTESIAN_POINT('',(4.251907320813,-7.729178760263));
#6403 = CARTESIAN_POINT('',(4.249443472766,-7.651199469157));
#6404 = CARTESIAN_POINT('',(4.247953847513,-7.573206878204));
#6405 = CARTESIAN_POINT('',(4.247483144015,-7.49544928452));
#6406 = CARTESIAN_POINT('',(4.248066660001,-7.41813501764));
#6407 = CARTESIAN_POINT('',(4.249647984042,-7.341211758877));
#6408 = CARTESIAN_POINT('',(4.252180003667,-7.264668961504));
#6409 = CARTESIAN_POINT('',(4.255613180648,-7.18848488603));
#6410 = CARTESIAN_POINT('',(4.259898739214,-7.112640792057));
#6411 = CARTESIAN_POINT('',(4.264987835427,-7.037117135582));
#6412 = CARTESIAN_POINT('',(4.270831789929,-6.96189458793));
#6413 = CARTESIAN_POINT('',(4.277382027559,-6.886953762724));
#6414 = CARTESIAN_POINT('',(4.284590101204,-6.812275289053));
#6415 = CARTESIAN_POINT('',(4.292407673964,-6.737839791858));
#6416 = CARTESIAN_POINT('',(4.29799362924,-6.688365195418));
#6417 = CARTESIAN_POINT('',(4.300872134317,-6.663661935243));
#6418 = ( GEOMETRIC_REPRESENTATION_CONTEXT(2) 
PARAMETRIC_REPRESENTATION_CONTEXT() REPRESENTATION_CONTEXT('2D SPACE',''
  ) );
#6419 = PCURVE('',#6420,#6425);
#6420 = CONICAL_SURFACE('',#6421,2.5,1.029744258677);
#6421 = AXIS2_PLACEMENT_3D('',#6422,#6423,#6424);
#6422 = CARTESIAN_POINT('',(277.,74.064670267905,52.5));
#6423 = DIRECTION('',(1.,-0.,-0.));
#6424 = DIRECTION('',(0.,0.,-1.));
#6425 = DEFINITIONAL_REPRESENTATION('',(#6426),#6452);
#6426 = B_SPLINE_CURVE_WITH_KNOTS('',3,(#6427,#6428,#6429,#6430,#6431,
    #6432,#6433,#6434,#6435,#6436,#6437,#6438,#6439,#6440,#6441,#6442,
    #6443,#6444,#6445,#6446,#6447,#6448,#6449,#6450,#6451),
  .UNSPECIFIED.,.F.,.F.,(4,1,1,1,1,1,1,1,1,1,1,1,1,1,1,1,1,1,1,1,1,1,4),
  (5.024935209643E-04,5.797791366801E-04,6.57064752396E-04,
    7.343503681118E-04,8.116359838276E-04,8.889215995435E-04,
    9.662072152593E-04,1.043492830975E-03,1.120778446691E-03,
    1.198064062407E-03,1.275349678123E-03,1.352635293839E-03,
    1.429920909554E-03,1.50720652527E-03,1.584492140986E-03,
    1.661777756702E-03,1.739063372418E-03,1.816348988134E-03,
    1.893634603849E-03,1.970920219565E-03,2.048205835281E-03,
    2.125491450997E-03,2.202777066713E-03),.QUASI_UNIFORM_KNOTS.);
#6427 = CARTESIAN_POINT('',(5.053500977175,1.372376245981E-15));
#6428 = CARTESIAN_POINT('',(5.044557537007,-6.608178785613E-03));
#6429 = CARTESIAN_POINT('',(5.026379391508,-1.942745703047E-02));
#6430 = CARTESIAN_POINT('',(4.998238541972,-3.735189111348E-02));
#6431 = CARTESIAN_POINT('',(4.969219874174,-5.385957427362E-02));
#6432 = CARTESIAN_POINT('',(4.939334430249,-6.883481703928E-02));
#6433 = CARTESIAN_POINT('',(4.908602471372,-8.215951787343E-02));
#6434 = CARTESIAN_POINT('',(4.877065828867,-9.371723636614E-02));
#6435 = CARTESIAN_POINT('',(4.84465184306,-0.103373955397));
#6436 = CARTESIAN_POINT('',(4.811573381538,-0.111007415051));
#6437 = CARTESIAN_POINT('',(4.778025512351,-0.116514812752));
#6438 = CARTESIAN_POINT('',(4.744226858523,-0.119813138953));
#6439 = CARTESIAN_POINT('',(4.710408730897,-0.120838578111));
#6440 = CARTESIAN_POINT('',(4.676791029967,-0.119556132874));
#6441 = CARTESIAN_POINT('',(4.643476890797,-0.116053816449));
#6442 = CARTESIAN_POINT('',(4.610577325715,-0.110418030938));
#6443 = CARTESIAN_POINT('',(4.5781873733,-0.102741767024));
#6444 = CARTESIAN_POINT('',(4.546390985648,-9.312125682729E-02));
#6445 = CARTESIAN_POINT('',(4.515258819333,-8.165568297068E-02));
#6446 = CARTESIAN_POINT('',(4.484848469612,-6.84460718307E-02));
#6447 = CARTESIAN_POINT('',(4.455204666116,-5.359447050673E-02));
#6448 = CARTESIAN_POINT('',(4.426359524515,-3.720306382865E-02));
#6449 = CARTESIAN_POINT('',(4.398334574976,-1.937364965369E-02));
#6450 = CARTESIAN_POINT('',(4.380202965932,-6.595379422166E-03));
#6451 = CARTESIAN_POINT('',(4.371276983594,1.568429995407E-15));
#6452 = ( GEOMETRIC_REPRESENTATION_CONTEXT(2) 
PARAMETRIC_REPRESENTATION_CONTEXT() REPRESENTATION_CONTEXT('2D SPACE',''
  ) );
#6453 = FACE_BOUND('',#6454,.F.);
#6454 = EDGE_LOOP('',(#6455,#6478,#6669,#6692,#6720,#6741));
#6455 = ORIENTED_EDGE('',*,*,#6456,.T.);
#6456 = EDGE_CURVE('',#6121,#6457,#6459,.T.);
#6457 = VERTEX_POINT('',#6458);
#6458 = CARTESIAN_POINT('',(280.5,74.,50.000836588686));
#6459 = SURFACE_CURVE('',#6460,(#6464,#6471),.PCURVE_S1.);
#6460 = LINE('',#6461,#6462);
#6461 = CARTESIAN_POINT('',(280.5,74.,60.));
#6462 = VECTOR('',#6463,1.);
#6463 = DIRECTION('',(-0.,-0.,1.));
#6464 = PCURVE('',#6142,#6465);
#6465 = DEFINITIONAL_REPRESENTATION('',(#6466),#6470);
#6466 = LINE('',#6467,#6468);
#6467 = CARTESIAN_POINT('',(6.28318530718,0.));
#6468 = VECTOR('',#6469,1.);
#6469 = DIRECTION('',(0.,1.));
#6470 = ( GEOMETRIC_REPRESENTATION_CONTEXT(2) 
PARAMETRIC_REPRESENTATION_CONTEXT() REPRESENTATION_CONTEXT('2D SPACE',''
  ) );
#6471 = PCURVE('',#6010,#6472);
#6472 = DEFINITIONAL_REPRESENTATION('',(#6473),#6477);
#6473 = LINE('',#6474,#6475);
#6474 = CARTESIAN_POINT('',(0.,0.));
#6475 = VECTOR('',#6476,1.);
#6476 = DIRECTION('',(0.,1.));
#6477 = ( GEOMETRIC_REPRESENTATION_CONTEXT(2) 
PARAMETRIC_REPRESENTATION_CONTEXT() REPRESENTATION_CONTEXT('2D SPACE',''
  ) );
#6478 = ORIENTED_EDGE('',*,*,#6479,.T.);
#6479 = EDGE_CURVE('',#6457,#6480,#6482,.T.);
#6480 = VERTEX_POINT('',#6481);
#6481 = CARTESIAN_POINT('',(280.5,74.,54.999163411314));
#6482 = SURFACE_CURVE('',#6483,(#6518,#6591),.PCURVE_S1.);
#6483 = B_SPLINE_CURVE_WITH_KNOTS('',3,(#6484,#6485,#6486,#6487,#6488,
    #6489,#6490,#6491,#6492,#6493,#6494,#6495,#6496,#6497,#6498,#6499,
    #6500,#6501,#6502,#6503,#6504,#6505,#6506,#6507,#6508,#6509,#6510,
    #6511,#6512,#6513,#6514,#6515,#6516,#6517),.UNSPECIFIED.,.F.,.F.,(4,
    2,2,2,2,2,2,2,2,2,2,2,2,2,2,2,4),(5.653380778907E-03,
    6.753302640344E-03,7.303263571062E-03,7.85322450178E-03,
    8.953146363217E-03,9.503107293935E-03,9.778087759294E-03,
    1.005306822465E-02,1.032804869001E-02,1.060302915537E-02,
    1.115299008609E-02,1.170295101681E-02,1.225291194753E-02,
    1.280287287824E-02,1.335283380896E-02,1.390279473968E-02,
    1.44527556704E-02),.UNSPECIFIED.);
#6484 = CARTESIAN_POINT('',(280.5,74.,50.000836588686));
#6485 = CARTESIAN_POINT('',(280.5,73.629800295561,50.010416159976));
#6486 = CARTESIAN_POINT('',(280.41433451003,73.269045781319,
    50.105548196494));
#6487 = CARTESIAN_POINT('',(280.20485141315,72.809640161575,
    50.331128433275));
#6488 = CARTESIAN_POINT('',(280.1214996167,72.668322933536,
    50.420211277408));
#6489 = CARTESIAN_POINT('',(279.94035192468,72.415967537776,
    50.613976056227));
#6490 = CARTESIAN_POINT('',(279.84165281696,72.303031531293,
    50.719595866464));
#6491 = CARTESIAN_POINT('',(279.52602266602,71.998299934851,
    51.060224560965));
#6492 = CARTESIAN_POINT('',(279.29942574955,71.849659259493,
    51.305094532681));
#6493 = CARTESIAN_POINT('',(278.96084687257,71.688638619301,
    51.709119594606));
#6494 = CARTESIAN_POINT('',(278.84730242882,71.645677741129,
    51.84974803749));
#6495 = CARTESIAN_POINT('',(278.69887799313,71.599113033306,
    52.079148912611));
#6496 = CARTESIAN_POINT('',(278.65320363059,71.586583987471,
    52.158827768901));
#6497 = CARTESIAN_POINT('',(278.58464396602,71.569065351445,
    52.328926315613));
#6498 = CARTESIAN_POINT('',(278.56296874795,71.564210397022,
    52.420264076655));
#6499 = CARTESIAN_POINT('',(278.56723762755,71.565200978513,
    52.606351562072));
#6500 = CARTESIAN_POINT('',(278.59276770477,71.57099822599,
    52.696838399651));
#6501 = CARTESIAN_POINT('',(278.66578825039,71.589989797614,
    52.864831712116));
#6502 = CARTESIAN_POINT('',(278.71202986241,71.60297054123,
    52.942668755769));
#6503 = CARTESIAN_POINT('',(278.86150680317,71.650797362336,
    53.168507503585));
#6504 = CARTESIAN_POINT('',(278.97456717588,71.694433021203,
    53.307801682223));
#6505 = CARTESIAN_POINT('',(279.19824759945,71.802359682652,
    53.573554367186));
#6506 = CARTESIAN_POINT('',(279.31089165671,71.867001241983,
    53.700486403076));
#6507 = CARTESIAN_POINT('',(279.53235158334,72.0200961482,
    53.945902285944));
#6508 = CARTESIAN_POINT('',(279.64216088769,72.109436388709,
    54.065163595992));
#6509 = CARTESIAN_POINT('',(279.84924623816,72.311446921163,
    54.288542563378));
#6510 = CARTESIAN_POINT('',(279.94694177466,72.424063518807,
    54.393076132582));
#6511 = CARTESIAN_POINT('',(280.12715077246,72.677355808283,
    54.585829892167));
#6512 = CARTESIAN_POINT('',(280.20962902158,72.818750014829,
    54.673994105948));
#6513 = CARTESIAN_POINT('',(280.34694947473,73.122708655281,
    54.821912136595));
#6514 = CARTESIAN_POINT('',(280.40352066607,73.289670228037,
    54.883537005134));
#6515 = CARTESIAN_POINT('',(280.47974939209,73.636237811764,
    54.969477545385));
#6516 = CARTESIAN_POINT('',(280.5,73.815028566485,54.994376948729));
#6517 = CARTESIAN_POINT('',(280.5,74.,54.999163411314));
#6518 = PCURVE('',#6142,#6519);
#6519 = DEFINITIONAL_REPRESENTATION('',(#6520),#6590);
#6520 = B_SPLINE_CURVE_WITH_KNOTS('',3,(#6521,#6522,#6523,#6524,#6525,
    #6526,#6527,#6528,#6529,#6530,#6531,#6532,#6533,#6534,#6535,#6536,
    #6537,#6538,#6539,#6540,#6541,#6542,#6543,#6544,#6545,#6546,#6547,
    #6548,#6549,#6550,#6551,#6552,#6553,#6554,#6555,#6556,#6557,#6558,
    #6559,#6560,#6561,#6562,#6563,#6564,#6565,#6566,#6567,#6568,#6569,
    #6570,#6571,#6572,#6573,#6574,#6575,#6576,#6577,#6578,#6579,#6580,
    #6581,#6582,#6583,#6584,#6585,#6586,#6587,#6588,#6589),
  .UNSPECIFIED.,.F.,.F.,(4,1,1,1,1,1,1,1,1,1,1,1,1,1,1,1,1,1,1,1,1,1,1,1
    ,1,1,1,1,1,1,1,1,1,1,1,1,1,1,1,1,1,1,1,1,1,1,1,1,1,1,1,1,1,1,1,1,1,1
    ,1,1,1,1,1,1,1,1,4),(5.653380778907E-03,5.786704640899E-03,
    5.920028502892E-03,6.053352364884E-03,6.186676226876E-03,
    6.320000088869E-03,6.453323950861E-03,6.586647812853E-03,
    6.719971674846E-03,6.853295536838E-03,6.98661939883E-03,
    7.119943260822E-03,7.253267122815E-03,7.386590984807E-03,
    7.519914846799E-03,7.653238708792E-03,7.786562570784E-03,
    7.919886432776E-03,8.053210294769E-03,8.186534156761E-03,
    8.319858018753E-03,8.453181880745E-03,8.586505742738E-03,
    8.71982960473E-03,8.853153466722E-03,8.986477328715E-03,
    9.119801190707E-03,9.253125052699E-03,9.386448914692E-03,
    9.519772776684E-03,9.653096638676E-03,9.786420500668E-03,
    9.919744362661E-03,1.005306822465E-02,1.018639208665E-02,
    1.031971594864E-02,1.045303981063E-02,1.058636367262E-02,
    1.071968753461E-02,1.085301139661E-02,1.09863352586E-02,
    1.111965912059E-02,1.125298298258E-02,1.138630684458E-02,
    1.151963070657E-02,1.165295456856E-02,1.178627843055E-02,
    1.191960229255E-02,1.205292615454E-02,1.218625001653E-02,
    1.231957387852E-02,1.245289774051E-02,1.258622160251E-02,
    1.27195454645E-02,1.285286932649E-02,1.298619318848E-02,
    1.311951705048E-02,1.325284091247E-02,1.338616477446E-02,
    1.351948863645E-02,1.365281249845E-02,1.378613636044E-02,
    1.391946022243E-02,1.405278408442E-02,1.418610794641E-02,
    1.431943180841E-02,1.44527556704E-02),.QUASI_UNIFORM_KNOTS.);
#6521 = CARTESIAN_POINT('',(6.28318530718,-9.999163411314));
#6522 = CARTESIAN_POINT('',(6.265237885015,-9.998002251157));
#6523 = CARTESIAN_POINT('',(6.229447689643,-9.993165992144));
#6524 = CARTESIAN_POINT('',(6.176126432066,-9.978693532248));
#6525 = CARTESIAN_POINT('',(6.123212261886,-9.957326733893));
#6526 = CARTESIAN_POINT('',(6.070772859471,-9.929389371314));
#6527 = CARTESIAN_POINT('',(6.018887270466,-9.895205065281));
#6528 = CARTESIAN_POINT('',(5.967645884595,-9.855098009114));
#6529 = CARTESIAN_POINT('',(5.917141572312,-9.809390259392));
#6530 = CARTESIAN_POINT('',(5.867482843396,-9.758411847112));
#6531 = CARTESIAN_POINT('',(5.818728453116,-9.702463042336));
#6532 = CARTESIAN_POINT('',(5.770714492957,-9.641993160765));
#6533 = CARTESIAN_POINT('',(5.723587264101,-9.577542772338));
#6534 = CARTESIAN_POINT('',(5.677431933376,-9.509615686749));
#6535 = CARTESIAN_POINT('',(5.632390433327,-9.438779583329));
#6536 = CARTESIAN_POINT('',(5.588100495668,-9.364885771177));
#6537 = CARTESIAN_POINT('',(5.54449297335,-9.288022809295));
#6538 = CARTESIAN_POINT('',(5.501476141466,-9.208287084878));
#6539 = CARTESIAN_POINT('',(5.458907418017,-9.125622159503));
#6540 = CARTESIAN_POINT('',(5.417275239834,-9.041476972928));
#6541 = CARTESIAN_POINT('',(5.376472791045,-8.95562368808));
#6542 = CARTESIAN_POINT('',(5.336466295034,-8.868032618812));
#6543 = CARTESIAN_POINT('',(5.297210816347,-8.778621058307));
#6544 = CARTESIAN_POINT('',(5.258673264921,-8.68732023149));
#6545 = CARTESIAN_POINT('',(5.22082614697,-8.594058656999));
#6546 = CARTESIAN_POINT('',(5.183650323249,-8.498761746875));
#6547 = CARTESIAN_POINT('',(5.147130316192,-8.401370045831));
#6548 = CARTESIAN_POINT('',(5.111259504946,-8.301770322737));
#6549 = CARTESIAN_POINT('',(5.076507098455,-8.19938929921));
#6550 = CARTESIAN_POINT('',(5.043346906112,-8.093673389463));
#6551 = CARTESIAN_POINT('',(5.01218539443,-7.984152263176));
#6552 = CARTESIAN_POINT('',(4.983754622659,-7.869992092405));
#6553 = CARTESIAN_POINT('',(4.960069404324,-7.74971847484));
#6554 = CARTESIAN_POINT('',(4.943695232977,-7.621378065096));
#6555 = CARTESIAN_POINT('',(4.938133411417,-7.486587959223));
#6556 = CARTESIAN_POINT('',(4.946176077194,-7.352423181835));
#6557 = CARTESIAN_POINT('',(4.964411198552,-7.225363403874));
#6558 = CARTESIAN_POINT('',(4.989047179294,-7.107035844344));
#6559 = CARTESIAN_POINT('',(5.017842524747,-6.995115402043));
#6560 = CARTESIAN_POINT('',(5.049212467129,-6.887109597883));
#6561 = CARTESIAN_POINT('',(5.082435618813,-6.782740035944));
#6562 = CARTESIAN_POINT('',(5.117129412984,-6.681555789011));
#6563 = CARTESIAN_POINT('',(5.152828500574,-6.583165977966));
#6564 = CARTESIAN_POINT('',(5.18911743702,-6.487098954822));
#6565 = CARTESIAN_POINT('',(5.22618381177,-6.392977096433));
#6566 = CARTESIAN_POINT('',(5.263975107921,-6.30070194015));
#6567 = CARTESIAN_POINT('',(5.302494150086,-6.210127182787));
#6568 = CARTESIAN_POINT('',(5.341753304322,-6.121054207112));
#6569 = CARTESIAN_POINT('',(5.381900233323,-6.033342219681));
#6570 = CARTESIAN_POINT('',(5.422782546442,-5.947440926813));
#6571 = CARTESIAN_POINT('',(5.464319364672,-5.863666093048));
#6572 = CARTESIAN_POINT('',(5.50639568232,-5.782420756382));
#6573 = CARTESIAN_POINT('',(5.54905934924,-5.703749423976));
#6574 = CARTESIAN_POINT('',(5.592420296673,-5.627725618619));
#6575 = CARTESIAN_POINT('',(5.636580685016,-5.554447429375));
#6576 = CARTESIAN_POINT('',(5.68166124377,-5.483962272219));
#6577 = CARTESIAN_POINT('',(5.727784254389,-5.416526518603));
#6578 = CARTESIAN_POINT('',(5.774774389047,-5.352709306264));
#6579 = CARTESIAN_POINT('',(5.822549043018,-5.292970221706));
#6580 = CARTESIAN_POINT('',(5.870843058647,-5.23797533651));
#6581 = CARTESIAN_POINT('',(5.920221678044,-5.187551065275));
#6582 = CARTESIAN_POINT('',(5.970552329317,-5.142131138685));
#6583 = CARTESIAN_POINT('',(6.021574844597,-5.102270784845));
#6584 = CARTESIAN_POINT('',(6.073092226992,-5.068557104936));
#6585 = CARTESIAN_POINT('',(6.124854407317,-5.041317847648));
#6586 = CARTESIAN_POINT('',(6.176992264222,-5.02062549047));
#6587 = CARTESIAN_POINT('',(6.229665730711,-5.006681984517));
#6588 = CARTESIAN_POINT('',(6.265249212087,-5.001996943252));
#6589 = CARTESIAN_POINT('',(6.28318530718,-5.000836588686));
#6590 = ( GEOMETRIC_REPRESENTATION_CONTEXT(2) 
PARAMETRIC_REPRESENTATION_CONTEXT() REPRESENTATION_CONTEXT('2D SPACE',''
  ) );
#6591 = PCURVE('',#6592,#6597);
#6592 = CYLINDRICAL_SURFACE('',#6593,2.5);
#6593 = AXIS2_PLACEMENT_3D('',#6594,#6595,#6596);
#6594 = CARTESIAN_POINT('',(291.,74.064670267905,52.5));
#6595 = DIRECTION('',(1.,-0.,-0.));
#6596 = DIRECTION('',(0.,0.,-1.));
#6597 = DEFINITIONAL_REPRESENTATION('',(#6598),#6668);
#6598 = B_SPLINE_CURVE_WITH_KNOTS('',3,(#6599,#6600,#6601,#6602,#6603,
    #6604,#6605,#6606,#6607,#6608,#6609,#6610,#6611,#6612,#6613,#6614,
    #6615,#6616,#6617,#6618,#6619,#6620,#6621,#6622,#6623,#6624,#6625,
    #6626,#6627,#6628,#6629,#6630,#6631,#6632,#6633,#6634,#6635,#6636,
    #6637,#6638,#6639,#6640,#6641,#6642,#6643,#6644,#6645,#6646,#6647,
    #6648,#6649,#6650,#6651,#6652,#6653,#6654,#6655,#6656,#6657,#6658,
    #6659,#6660,#6661,#6662,#6663,#6664,#6665,#6666,#6667),
  .UNSPECIFIED.,.F.,.F.,(4,1,1,1,1,1,1,1,1,1,1,1,1,1,1,1,1,1,1,1,1,1,1,1
    ,1,1,1,1,1,1,1,1,1,1,1,1,1,1,1,1,1,1,1,1,1,1,1,1,1,1,1,1,1,1,1,1,1,1
    ,1,1,1,1,1,1,1,1,4),(5.653380778907E-03,5.786704640899E-03,
    5.920028502892E-03,6.053352364884E-03,6.186676226876E-03,
    6.320000088869E-03,6.453323950861E-03,6.586647812853E-03,
    6.719971674846E-03,6.853295536838E-03,6.98661939883E-03,
    7.119943260822E-03,7.253267122815E-03,7.386590984807E-03,
    7.519914846799E-03,7.653238708792E-03,7.786562570784E-03,
    7.919886432776E-03,8.053210294769E-03,8.186534156761E-03,
    8.319858018753E-03,8.453181880745E-03,8.586505742738E-03,
    8.71982960473E-03,8.853153466722E-03,8.986477328715E-03,
    9.119801190707E-03,9.253125052699E-03,9.386448914692E-03,
    9.519772776684E-03,9.653096638676E-03,9.786420500668E-03,
    9.919744362661E-03,1.005306822465E-02,1.018639208665E-02,
    1.031971594864E-02,1.045303981063E-02,1.058636367262E-02,
    1.071968753461E-02,1.085301139661E-02,1.09863352586E-02,
    1.111965912059E-02,1.125298298258E-02,1.138630684458E-02,
    1.151963070657E-02,1.165295456856E-02,1.178627843055E-02,
    1.191960229255E-02,1.205292615454E-02,1.218625001653E-02,
    1.231957387852E-02,1.245289774051E-02,1.258622160251E-02,
    1.27195454645E-02,1.285286932649E-02,1.298619318848E-02,
    1.311951705048E-02,1.325284091247E-02,1.338616477446E-02,
    1.351948863645E-02,1.365281249845E-02,1.378613636044E-02,
    1.391946022243E-02,1.405278408442E-02,1.418610794641E-02,
    1.431943180841E-02,1.44527556704E-02),.QUASI_UNIFORM_KNOTS.);
#6599 = CARTESIAN_POINT('',(6.257314314169,-10.5));
#6600 = CARTESIAN_POINT('',(6.23936079436,-10.5));
#6601 = CARTESIAN_POINT('',(6.203532692386,-10.50251725986));
#6602 = CARTESIAN_POINT('',(6.150078593237,-10.51350646146));
#6603 = CARTESIAN_POINT('',(6.096957177753,-10.53137051752));
#6604 = CARTESIAN_POINT('',(6.044236214373,-10.55577093403));
#6605 = CARTESIAN_POINT('',(5.991993827996,-10.58636935328));
#6606 = CARTESIAN_POINT('',(5.940318327703,-10.62282690894));
#6607 = CARTESIAN_POINT('',(5.889299321005,-10.66480663294));
#6608 = CARTESIAN_POINT('',(5.839040948174,-10.71196447278));
#6609 = CARTESIAN_POINT('',(5.789595998618,-10.76398281533));
#6610 = CARTESIAN_POINT('',(5.740795707416,-10.82037673336));
#6611 = CARTESIAN_POINT('',(5.692781484009,-10.88059169558));
#6612 = CARTESIAN_POINT('',(5.645632013752,-10.94410333827));
#6613 = CARTESIAN_POINT('',(5.599483440466,-11.01033134252));
#6614 = CARTESIAN_POINT('',(5.553956210916,-11.07936010303));
#6615 = CARTESIAN_POINT('',(5.508957241889,-11.15102939519));
#6616 = CARTESIAN_POINT('',(5.464372678993,-11.22518097273));
#6617 = CARTESIAN_POINT('',(5.420026528567,-11.30178006505));
#6618 = CARTESIAN_POINT('',(5.376483536123,-11.37963813023));
#6619 = CARTESIAN_POINT('',(5.333538621491,-11.45866925243));
#6620 = CARTESIAN_POINT('',(5.291072445174,-11.5386654057));
#6621 = CARTESIAN_POINT('',(5.248942084475,-11.61945120941));
#6622 = CARTESIAN_POINT('',(5.207012854335,-11.70084281182));
#6623 = CARTESIAN_POINT('',(5.16515180616,-11.7826576003));
#6624 = CARTESIAN_POINT('',(5.12323239986,-11.86471647687));
#6625 = CARTESIAN_POINT('',(5.081132355574,-11.94682504586));
#6626 = CARTESIAN_POINT('',(5.038753246423,-12.02888881057));
#6627 = CARTESIAN_POINT('',(4.995825726799,-12.1095595406));
#6628 = CARTESIAN_POINT('',(4.952065703096,-12.1874999734));
#6629 = CARTESIAN_POINT('',(4.907214156825,-12.26157050037));
#6630 = CARTESIAN_POINT('',(4.860873795788,-12.32981230438));
#6631 = CARTESIAN_POINT('',(4.812401460401,-12.387068944));
#6632 = CARTESIAN_POINT('',(4.760936951982,-12.42685700855));
#6633 = CARTESIAN_POINT('',(4.707026773448,-12.44042614868));
#6634 = CARTESIAN_POINT('',(4.653350919225,-12.42081927018));
#6635 = CARTESIAN_POINT('',(4.602356826052,-12.37654385619));
#6636 = CARTESIAN_POINT('',(4.554608808884,-12.31706857008));
#6637 = CARTESIAN_POINT('',(4.509104473159,-12.24806657364));
#6638 = CARTESIAN_POINT('',(4.464791799209,-12.17364215876));
#6639 = CARTESIAN_POINT('',(4.421496928532,-12.09572250225));
#6640 = CARTESIAN_POINT('',(4.378973044064,-12.01538090656));
#6641 = CARTESIAN_POINT('',(4.337006271189,-11.93392137823));
#6642 = CARTESIAN_POINT('',(4.295364342182,-11.85255789019));
#6643 = CARTESIAN_POINT('',(4.253810428217,-11.77099991973));
#6644 = CARTESIAN_POINT('',(4.212220539019,-11.68958656822));
#6645 = CARTESIAN_POINT('',(4.170449557446,-11.6085280684));
#6646 = CARTESIAN_POINT('',(4.12833101409,-11.52803841246));
#6647 = CARTESIAN_POINT('',(4.085671381925,-11.44808975972));
#6648 = CARTESIAN_POINT('',(4.042580755539,-11.36922943077));
#6649 = CARTESIAN_POINT('',(3.999097927787,-11.29187828849));
#6650 = CARTESIAN_POINT('',(3.955297724184,-11.21654749581));
#6651 = CARTESIAN_POINT('',(3.911100504928,-11.14336404419));
#6652 = CARTESIAN_POINT('',(3.866374415981,-11.07246135557));
#6653 = CARTESIAN_POINT('',(3.82099515909,-11.00400074201));
#6654 = CARTESIAN_POINT('',(3.774819933614,-10.93809797489));
#6655 = CARTESIAN_POINT('',(3.727715719382,-10.8750483868));
#6656 = CARTESIAN_POINT('',(3.679851815663,-10.81543229216));
#6657 = CARTESIAN_POINT('',(3.631303823632,-10.7597305699));
#6658 = CARTESIAN_POINT('',(3.58233347432,-10.70861513513));
#6659 = CARTESIAN_POINT('',(3.532363412594,-10.66197911558));
#6660 = CARTESIAN_POINT('',(3.481522312598,-10.62026762257));
#6661 = CARTESIAN_POINT('',(3.430068972883,-10.58403794203));
#6662 = CARTESIAN_POINT('',(3.378200414294,-10.55388184453));
#6663 = CARTESIAN_POINT('',(3.326164456255,-10.53013051994));
#6664 = CARTESIAN_POINT('',(3.273826564057,-10.51288630226));
#6665 = CARTESIAN_POINT('',(3.221025720289,-10.50238051235));
#6666 = CARTESIAN_POINT('',(3.185405844448,-10.5));
#6667 = CARTESIAN_POINT('',(3.1674636466,-10.5));
#6668 = ( GEOMETRIC_REPRESENTATION_CONTEXT(2) 
PARAMETRIC_REPRESENTATION_CONTEXT() REPRESENTATION_CONTEXT('2D SPACE',''
  ) );
#6669 = ORIENTED_EDGE('',*,*,#6670,.T.);
#6670 = EDGE_CURVE('',#6480,#6671,#6673,.T.);
#6671 = VERTEX_POINT('',#6672);
#6672 = CARTESIAN_POINT('',(280.5,74.,60.));
#6673 = SURFACE_CURVE('',#6674,(#6678,#6685),.PCURVE_S1.);
#6674 = LINE('',#6675,#6676);
#6675 = CARTESIAN_POINT('',(280.5,74.,60.));
#6676 = VECTOR('',#6677,1.);
#6677 = DIRECTION('',(-0.,-0.,1.));
#6678 = PCURVE('',#6142,#6679);
#6679 = DEFINITIONAL_REPRESENTATION('',(#6680),#6684);
#6680 = LINE('',#6681,#6682);
#6681 = CARTESIAN_POINT('',(6.28318530718,0.));
#6682 = VECTOR('',#6683,1.);
#6683 = DIRECTION('',(0.,1.));
#6684 = ( GEOMETRIC_REPRESENTATION_CONTEXT(2) 
PARAMETRIC_REPRESENTATION_CONTEXT() REPRESENTATION_CONTEXT('2D SPACE',''
  ) );
#6685 = PCURVE('',#6010,#6686);
#6686 = DEFINITIONAL_REPRESENTATION('',(#6687),#6691);
#6687 = LINE('',#6688,#6689);
#6688 = CARTESIAN_POINT('',(0.,0.));
#6689 = VECTOR('',#6690,1.);
#6690 = DIRECTION('',(0.,1.));
#6691 = ( GEOMETRIC_REPRESENTATION_CONTEXT(2) 
PARAMETRIC_REPRESENTATION_CONTEXT() REPRESENTATION_CONTEXT('2D SPACE',''
  ) );
#6692 = ORIENTED_EDGE('',*,*,#6693,.F.);
#6693 = EDGE_CURVE('',#6694,#6671,#6696,.T.);
#6694 = VERTEX_POINT('',#6695);
#6695 = CARTESIAN_POINT('',(275.5,74.,60.));
#6696 = SURFACE_CURVE('',#6697,(#6702,#6709),.PCURVE_S1.);
#6697 = CIRCLE('',#6698,2.5);
#6698 = AXIS2_PLACEMENT_3D('',#6699,#6700,#6701);
#6699 = CARTESIAN_POINT('',(278.,74.,60.));
#6700 = DIRECTION('',(0.,-0.,1.));
#6701 = DIRECTION('',(1.,0.,0.));
#6702 = PCURVE('',#6142,#6703);
#6703 = DEFINITIONAL_REPRESENTATION('',(#6704),#6708);
#6704 = LINE('',#6705,#6706);
#6705 = CARTESIAN_POINT('',(0.,0.));
#6706 = VECTOR('',#6707,1.);
#6707 = DIRECTION('',(1.,0.));
#6708 = ( GEOMETRIC_REPRESENTATION_CONTEXT(2) 
PARAMETRIC_REPRESENTATION_CONTEXT() REPRESENTATION_CONTEXT('2D SPACE',''
  ) );
#6709 = PCURVE('',#73,#6710);
#6710 = DEFINITIONAL_REPRESENTATION('',(#6711),#6719);
#6711 = ( BOUNDED_CURVE() B_SPLINE_CURVE(2,(#6712,#6713,#6714,#6715,
#6716,#6717,#6718),.UNSPECIFIED.,.T.,.F.) B_SPLINE_CURVE_WITH_KNOTS((1,2
    ,2,2,2,1),(-2.094395102393,0.,2.094395102393,4.188790204786,
6.28318530718,8.377580409573),.UNSPECIFIED.) CURVE() 
GEOMETRIC_REPRESENTATION_ITEM() RATIONAL_B_SPLINE_CURVE((1.,0.5,1.,0.5,
1.,0.5,1.)) REPRESENTATION_ITEM('') );
#6712 = CARTESIAN_POINT('',(-280.5,74.));
#6713 = CARTESIAN_POINT('',(-280.5,78.330127018922));
#6714 = CARTESIAN_POINT('',(-276.75,76.165063509461));
#6715 = CARTESIAN_POINT('',(-273.,74.));
#6716 = CARTESIAN_POINT('',(-276.75,71.834936490539));
#6717 = CARTESIAN_POINT('',(-280.5,69.669872981078));
#6718 = CARTESIAN_POINT('',(-280.5,74.));
#6719 = ( GEOMETRIC_REPRESENTATION_CONTEXT(2) 
PARAMETRIC_REPRESENTATION_CONTEXT() REPRESENTATION_CONTEXT('2D SPACE',''
  ) );
#6720 = ORIENTED_EDGE('',*,*,#6721,.F.);
#6721 = EDGE_CURVE('',#6119,#6694,#6722,.T.);
#6722 = SURFACE_CURVE('',#6723,(#6727,#6734),.PCURVE_S1.);
#6723 = LINE('',#6724,#6725);
#6724 = CARTESIAN_POINT('',(275.5,74.,60.));
#6725 = VECTOR('',#6726,1.);
#6726 = DIRECTION('',(-0.,-0.,1.));
#6727 = PCURVE('',#6142,#6728);
#6728 = DEFINITIONAL_REPRESENTATION('',(#6729),#6733);
#6729 = LINE('',#6730,#6731);
#6730 = CARTESIAN_POINT('',(3.14159265359,0.));
#6731 = VECTOR('',#6732,1.);
#6732 = DIRECTION('',(0.,1.));
#6733 = ( GEOMETRIC_REPRESENTATION_CONTEXT(2) 
PARAMETRIC_REPRESENTATION_CONTEXT() REPRESENTATION_CONTEXT('2D SPACE',''
  ) );
#6734 = PCURVE('',#6010,#6735);
#6735 = DEFINITIONAL_REPRESENTATION('',(#6736),#6740);
#6736 = LINE('',#6737,#6738);
#6737 = CARTESIAN_POINT('',(3.14159265359,0.));
#6738 = VECTOR('',#6739,1.);
#6739 = DIRECTION('',(0.,1.));
#6740 = ( GEOMETRIC_REPRESENTATION_CONTEXT(2) 
PARAMETRIC_REPRESENTATION_CONTEXT() REPRESENTATION_CONTEXT('2D SPACE',''
  ) );
#6741 = ORIENTED_EDGE('',*,*,#6118,.T.);
#6742 = ADVANCED_FACE('',(#6743),#6757,.F.);
#6743 = FACE_BOUND('',#6744,.F.);
#6744 = EDGE_LOOP('',(#6745,#6780,#6808,#6831));
#6745 = ORIENTED_EDGE('',*,*,#6746,.T.);
#6746 = EDGE_CURVE('',#6747,#6749,#6751,.T.);
#6747 = VERTEX_POINT('',#6748);
#6748 = CARTESIAN_POINT('',(245.5,74.,46.));
#6749 = VERTEX_POINT('',#6750);
#6750 = CARTESIAN_POINT('',(245.5,74.,60.));
#6751 = SURFACE_CURVE('',#6752,(#6756,#6768),.PCURVE_S1.);
#6752 = LINE('',#6753,#6754);
#6753 = CARTESIAN_POINT('',(245.5,74.,60.));
#6754 = VECTOR('',#6755,1.);
#6755 = DIRECTION('',(-0.,-0.,1.));
#6756 = PCURVE('',#6757,#6762);
#6757 = CYLINDRICAL_SURFACE('',#6758,2.5);
#6758 = AXIS2_PLACEMENT_3D('',#6759,#6760,#6761);
#6759 = CARTESIAN_POINT('',(243.,74.,60.));
#6760 = DIRECTION('',(-0.,-0.,1.));
#6761 = DIRECTION('',(1.,0.,0.));
#6762 = DEFINITIONAL_REPRESENTATION('',(#6763),#6767);
#6763 = LINE('',#6764,#6765);
#6764 = CARTESIAN_POINT('',(6.28318530718,0.));
#6765 = VECTOR('',#6766,1.);
#6766 = DIRECTION('',(0.,1.));
#6767 = ( GEOMETRIC_REPRESENTATION_CONTEXT(2) 
PARAMETRIC_REPRESENTATION_CONTEXT() REPRESENTATION_CONTEXT('2D SPACE',''
  ) );
#6768 = PCURVE('',#6769,#6774);
#6769 = CYLINDRICAL_SURFACE('',#6770,2.5);
#6770 = AXIS2_PLACEMENT_3D('',#6771,#6772,#6773);
#6771 = CARTESIAN_POINT('',(243.,74.,60.));
#6772 = DIRECTION('',(-0.,-0.,1.));
#6773 = DIRECTION('',(1.,0.,0.));
#6774 = DEFINITIONAL_REPRESENTATION('',(#6775),#6779);
#6775 = LINE('',#6776,#6777);
#6776 = CARTESIAN_POINT('',(0.,0.));
#6777 = VECTOR('',#6778,1.);
#6778 = DIRECTION('',(0.,1.));
#6779 = ( GEOMETRIC_REPRESENTATION_CONTEXT(2) 
PARAMETRIC_REPRESENTATION_CONTEXT() REPRESENTATION_CONTEXT('2D SPACE',''
  ) );
#6780 = ORIENTED_EDGE('',*,*,#6781,.F.);
#6781 = EDGE_CURVE('',#6782,#6749,#6784,.T.);
#6782 = VERTEX_POINT('',#6783);
#6783 = CARTESIAN_POINT('',(240.5,74.,60.));
#6784 = SURFACE_CURVE('',#6785,(#6790,#6797),.PCURVE_S1.);
#6785 = CIRCLE('',#6786,2.5);
#6786 = AXIS2_PLACEMENT_3D('',#6787,#6788,#6789);
#6787 = CARTESIAN_POINT('',(243.,74.,60.));
#6788 = DIRECTION('',(0.,-0.,1.));
#6789 = DIRECTION('',(1.,0.,0.));
#6790 = PCURVE('',#6757,#6791);
#6791 = DEFINITIONAL_REPRESENTATION('',(#6792),#6796);
#6792 = LINE('',#6793,#6794);
#6793 = CARTESIAN_POINT('',(0.,0.));
#6794 = VECTOR('',#6795,1.);
#6795 = DIRECTION('',(1.,0.));
#6796 = ( GEOMETRIC_REPRESENTATION_CONTEXT(2) 
PARAMETRIC_REPRESENTATION_CONTEXT() REPRESENTATION_CONTEXT('2D SPACE',''
  ) );
#6797 = PCURVE('',#73,#6798);
#6798 = DEFINITIONAL_REPRESENTATION('',(#6799),#6807);
#6799 = ( BOUNDED_CURVE() B_SPLINE_CURVE(2,(#6800,#6801,#6802,#6803,
#6804,#6805,#6806),.UNSPECIFIED.,.T.,.F.) B_SPLINE_CURVE_WITH_KNOTS((1,2
    ,2,2,2,1),(-2.094395102393,0.,2.094395102393,4.188790204786,
6.28318530718,8.377580409573),.UNSPECIFIED.) CURVE() 
GEOMETRIC_REPRESENTATION_ITEM() RATIONAL_B_SPLINE_CURVE((1.,0.5,1.,0.5,
1.,0.5,1.)) REPRESENTATION_ITEM('') );
#6800 = CARTESIAN_POINT('',(-245.5,74.));
#6801 = CARTESIAN_POINT('',(-245.5,78.330127018922));
#6802 = CARTESIAN_POINT('',(-241.75,76.165063509461));
#6803 = CARTESIAN_POINT('',(-238.,74.));
#6804 = CARTESIAN_POINT('',(-241.75,71.834936490539));
#6805 = CARTESIAN_POINT('',(-245.5,69.669872981078));
#6806 = CARTESIAN_POINT('',(-245.5,74.));
#6807 = ( GEOMETRIC_REPRESENTATION_CONTEXT(2) 
PARAMETRIC_REPRESENTATION_CONTEXT() REPRESENTATION_CONTEXT('2D SPACE',''
  ) );
#6808 = ORIENTED_EDGE('',*,*,#6809,.F.);
#6809 = EDGE_CURVE('',#6810,#6782,#6812,.T.);
#6810 = VERTEX_POINT('',#6811);
#6811 = CARTESIAN_POINT('',(240.5,74.,46.));
#6812 = SURFACE_CURVE('',#6813,(#6817,#6824),.PCURVE_S1.);
#6813 = LINE('',#6814,#6815);
#6814 = CARTESIAN_POINT('',(240.5,74.,60.));
#6815 = VECTOR('',#6816,1.);
#6816 = DIRECTION('',(-0.,-0.,1.));
#6817 = PCURVE('',#6757,#6818);
#6818 = DEFINITIONAL_REPRESENTATION('',(#6819),#6823);
#6819 = LINE('',#6820,#6821);
#6820 = CARTESIAN_POINT('',(3.14159265359,0.));
#6821 = VECTOR('',#6822,1.);
#6822 = DIRECTION('',(0.,1.));
#6823 = ( GEOMETRIC_REPRESENTATION_CONTEXT(2) 
PARAMETRIC_REPRESENTATION_CONTEXT() REPRESENTATION_CONTEXT('2D SPACE',''
  ) );
#6824 = PCURVE('',#6769,#6825);
#6825 = DEFINITIONAL_REPRESENTATION('',(#6826),#6830);
#6826 = LINE('',#6827,#6828);
#6827 = CARTESIAN_POINT('',(3.14159265359,0.));
#6828 = VECTOR('',#6829,1.);
#6829 = DIRECTION('',(0.,1.));
#6830 = ( GEOMETRIC_REPRESENTATION_CONTEXT(2) 
PARAMETRIC_REPRESENTATION_CONTEXT() REPRESENTATION_CONTEXT('2D SPACE',''
  ) );
#6831 = ORIENTED_EDGE('',*,*,#6832,.T.);
#6832 = EDGE_CURVE('',#6810,#6747,#6833,.T.);
#6833 = SURFACE_CURVE('',#6834,(#6839,#6846),.PCURVE_S1.);
#6834 = CIRCLE('',#6835,2.5);
#6835 = AXIS2_PLACEMENT_3D('',#6836,#6837,#6838);
#6836 = CARTESIAN_POINT('',(243.,74.,46.));
#6837 = DIRECTION('',(0.,-0.,1.));
#6838 = DIRECTION('',(1.,0.,0.));
#6839 = PCURVE('',#6757,#6840);
#6840 = DEFINITIONAL_REPRESENTATION('',(#6841),#6845);
#6841 = LINE('',#6842,#6843);
#6842 = CARTESIAN_POINT('',(0.,-14.));
#6843 = VECTOR('',#6844,1.);
#6844 = DIRECTION('',(1.,0.));
#6845 = ( GEOMETRIC_REPRESENTATION_CONTEXT(2) 
PARAMETRIC_REPRESENTATION_CONTEXT() REPRESENTATION_CONTEXT('2D SPACE',''
  ) );
#6846 = PCURVE('',#6847,#6852);
#6847 = CONICAL_SURFACE('',#6848,2.5,1.029744258677);
#6848 = AXIS2_PLACEMENT_3D('',#6849,#6850,#6851);
#6849 = CARTESIAN_POINT('',(243.,74.,46.));
#6850 = DIRECTION('',(-0.,-0.,1.));
#6851 = DIRECTION('',(1.,0.,0.));
#6852 = DEFINITIONAL_REPRESENTATION('',(#6853),#6857);
#6853 = LINE('',#6854,#6855);
#6854 = CARTESIAN_POINT('',(0.,-9.802687471293E-16));
#6855 = VECTOR('',#6856,1.);
#6856 = DIRECTION('',(1.,0.));
#6857 = ( GEOMETRIC_REPRESENTATION_CONTEXT(2) 
PARAMETRIC_REPRESENTATION_CONTEXT() REPRESENTATION_CONTEXT('2D SPACE',''
  ) );
#6858 = ADVANCED_FACE('',(#6859),#6847,.F.);
#6859 = FACE_BOUND('',#6860,.F.);
#6860 = EDGE_LOOP('',(#6861,#6862,#6934));
#6861 = ORIENTED_EDGE('',*,*,#6832,.F.);
#6862 = ORIENTED_EDGE('',*,*,#6863,.F.);
#6863 = EDGE_CURVE('',#6864,#6810,#6866,.T.);
#6864 = VERTEX_POINT('',#6865);
#6865 = CARTESIAN_POINT('',(243.,74.,44.497848452431));
#6866 = SURFACE_CURVE('',#6867,(#6871,#6900),.PCURVE_S1.);
#6867 = LINE('',#6868,#6869);
#6868 = CARTESIAN_POINT('',(240.5,74.,46.));
#6869 = VECTOR('',#6870,1.);
#6870 = DIRECTION('',(-0.857167300702,1.049727191139E-16,0.51503807491)
  );
#6871 = PCURVE('',#6847,#6872);
#6872 = DEFINITIONAL_REPRESENTATION('',(#6873),#6899);
#6873 = B_SPLINE_CURVE_WITH_KNOTS('',3,(#6874,#6875,#6876,#6877,#6878,
    #6879,#6880,#6881,#6882,#6883,#6884,#6885,#6886,#6887,#6888,#6889,
    #6890,#6891,#6892,#6893,#6894,#6895,#6896,#6897,#6898),
  .UNSPECIFIED.,.F.,.F.,(4,1,1,1,1,1,1,1,1,1,1,1,1,1,1,1,1,1,1,1,1,1,4),
  (-2.916583493038,-2.784011516082,-2.651439539126,-2.518867562169,
    -2.386295585213,-2.253723608257,-2.121151631301,-1.988579654344,
    -1.856007677388,-1.723435700432,-1.590863723475,-1.458291746519,
    -1.325719769563,-1.193147792607,-1.06057581565,-0.928003838694,
    -0.795431861738,-0.662859884781,-0.530287907825,-0.397715930869,
    -0.265143953913,-0.132571976956,0.),.UNSPECIFIED.);
#6874 = CARTESIAN_POINT('',(3.14159265359,-1.502151547569));
#6875 = CARTESIAN_POINT('',(3.14159265359,-1.479391675636));
#6876 = CARTESIAN_POINT('',(3.14159265359,-1.43387193177));
#6877 = CARTESIAN_POINT('',(3.14159265359,-1.365592315972));
#6878 = CARTESIAN_POINT('',(3.14159265359,-1.297312700173));
#6879 = CARTESIAN_POINT('',(3.14159265359,-1.229033084375));
#6880 = CARTESIAN_POINT('',(3.14159265359,-1.160753468576));
#6881 = CARTESIAN_POINT('',(3.14159265359,-1.092473852777));
#6882 = CARTESIAN_POINT('',(3.14159265359,-1.024194236979));
#6883 = CARTESIAN_POINT('',(3.14159265359,-0.95591462118));
#6884 = CARTESIAN_POINT('',(3.14159265359,-0.887635005382));
#6885 = CARTESIAN_POINT('',(3.14159265359,-0.819355389583));
#6886 = CARTESIAN_POINT('',(3.14159265359,-0.751075773784));
#6887 = CARTESIAN_POINT('',(3.14159265359,-0.682796157986));
#6888 = CARTESIAN_POINT('',(3.14159265359,-0.614516542187));
#6889 = CARTESIAN_POINT('',(3.14159265359,-0.546236926389));
#6890 = CARTESIAN_POINT('',(3.14159265359,-0.47795731059));
#6891 = CARTESIAN_POINT('',(3.14159265359,-0.409677694792));
#6892 = CARTESIAN_POINT('',(3.14159265359,-0.341398078993));
#6893 = CARTESIAN_POINT('',(3.14159265359,-0.273118463194));
#6894 = CARTESIAN_POINT('',(3.14159265359,-0.204838847396));
#6895 = CARTESIAN_POINT('',(3.14159265359,-0.136559231597));
#6896 = CARTESIAN_POINT('',(3.14159265359,-6.827961579859E-02));
#6897 = CARTESIAN_POINT('',(3.14159265359,-2.275987193287E-02));
#6898 = CARTESIAN_POINT('',(3.14159265359,-9.802687471293E-16));
#6899 = ( GEOMETRIC_REPRESENTATION_CONTEXT(2) 
PARAMETRIC_REPRESENTATION_CONTEXT() REPRESENTATION_CONTEXT('2D SPACE',''
  ) );
#6900 = PCURVE('',#6901,#6906);
#6901 = CONICAL_SURFACE('',#6902,2.5,1.029744258677);
#6902 = AXIS2_PLACEMENT_3D('',#6903,#6904,#6905);
#6903 = CARTESIAN_POINT('',(243.,74.,46.));
#6904 = DIRECTION('',(-0.,-0.,1.));
#6905 = DIRECTION('',(1.,0.,0.));
#6906 = DEFINITIONAL_REPRESENTATION('',(#6907),#6933);
#6907 = B_SPLINE_CURVE_WITH_KNOTS('',3,(#6908,#6909,#6910,#6911,#6912,
    #6913,#6914,#6915,#6916,#6917,#6918,#6919,#6920,#6921,#6922,#6923,
    #6924,#6925,#6926,#6927,#6928,#6929,#6930,#6931,#6932),
  .UNSPECIFIED.,.F.,.F.,(4,1,1,1,1,1,1,1,1,1,1,1,1,1,1,1,1,1,1,1,1,1,4),
  (-2.916583493038,-2.784011516082,-2.651439539126,-2.518867562169,
    -2.386295585213,-2.253723608257,-2.121151631301,-1.988579654344,
    -1.856007677388,-1.723435700432,-1.590863723475,-1.458291746519,
    -1.325719769563,-1.193147792607,-1.06057581565,-0.928003838694,
    -0.795431861738,-0.662859884781,-0.530287907825,-0.397715930869,
    -0.265143953913,-0.132571976956,0.),.UNSPECIFIED.);
#6908 = CARTESIAN_POINT('',(3.14159265359,-1.502151547569));
#6909 = CARTESIAN_POINT('',(3.14159265359,-1.479391675636));
#6910 = CARTESIAN_POINT('',(3.14159265359,-1.43387193177));
#6911 = CARTESIAN_POINT('',(3.14159265359,-1.365592315972));
#6912 = CARTESIAN_POINT('',(3.14159265359,-1.297312700173));
#6913 = CARTESIAN_POINT('',(3.14159265359,-1.229033084375));
#6914 = CARTESIAN_POINT('',(3.14159265359,-1.160753468576));
#6915 = CARTESIAN_POINT('',(3.14159265359,-1.092473852777));
#6916 = CARTESIAN_POINT('',(3.14159265359,-1.024194236979));
#6917 = CARTESIAN_POINT('',(3.14159265359,-0.95591462118));
#6918 = CARTESIAN_POINT('',(3.14159265359,-0.887635005382));
#6919 = CARTESIAN_POINT('',(3.14159265359,-0.819355389583));
#6920 = CARTESIAN_POINT('',(3.14159265359,-0.751075773784));
#6921 = CARTESIAN_POINT('',(3.14159265359,-0.682796157986));
#6922 = CARTESIAN_POINT('',(3.14159265359,-0.614516542187));
#6923 = CARTESIAN_POINT('',(3.14159265359,-0.546236926389));
#6924 = CARTESIAN_POINT('',(3.14159265359,-0.47795731059));
#6925 = CARTESIAN_POINT('',(3.14159265359,-0.409677694792));
#6926 = CARTESIAN_POINT('',(3.14159265359,-0.341398078993));
#6927 = CARTESIAN_POINT('',(3.14159265359,-0.273118463194));
#6928 = CARTESIAN_POINT('',(3.14159265359,-0.204838847396));
#6929 = CARTESIAN_POINT('',(3.14159265359,-0.136559231597));
#6930 = CARTESIAN_POINT('',(3.14159265359,-6.827961579859E-02));
#6931 = CARTESIAN_POINT('',(3.14159265359,-2.275987193287E-02));
#6932 = CARTESIAN_POINT('',(3.14159265359,-9.802687471293E-16));
#6933 = ( GEOMETRIC_REPRESENTATION_CONTEXT(2) 
PARAMETRIC_REPRESENTATION_CONTEXT() REPRESENTATION_CONTEXT('2D SPACE',''
  ) );
#6934 = ORIENTED_EDGE('',*,*,#6935,.T.);
#6935 = EDGE_CURVE('',#6864,#6747,#6936,.T.);
#6936 = SURFACE_CURVE('',#6937,(#6941,#6948),.PCURVE_S1.);
#6937 = LINE('',#6938,#6939);
#6938 = CARTESIAN_POINT('',(245.5,74.,46.));
#6939 = VECTOR('',#6940,1.);
#6940 = DIRECTION('',(0.857167300702,0.,0.51503807491));
#6941 = PCURVE('',#6847,#6942);
#6942 = DEFINITIONAL_REPRESENTATION('',(#6943),#6947);
#6943 = LINE('',#6944,#6945);
#6944 = CARTESIAN_POINT('',(6.28318530718,-9.14891406918E-16));
#6945 = VECTOR('',#6946,1.);
#6946 = DIRECTION('',(0.,1.));
#6947 = ( GEOMETRIC_REPRESENTATION_CONTEXT(2) 
PARAMETRIC_REPRESENTATION_CONTEXT() REPRESENTATION_CONTEXT('2D SPACE',''
  ) );
#6948 = PCURVE('',#6901,#6949);
#6949 = DEFINITIONAL_REPRESENTATION('',(#6950),#6954);
#6950 = LINE('',#6951,#6952);
#6951 = CARTESIAN_POINT('',(0.,-9.14891406918E-16));
#6952 = VECTOR('',#6953,1.);
#6953 = DIRECTION('',(0.,1.));
#6954 = ( GEOMETRIC_REPRESENTATION_CONTEXT(2) 
PARAMETRIC_REPRESENTATION_CONTEXT() REPRESENTATION_CONTEXT('2D SPACE',''
  ) );
#6955 = ADVANCED_FACE('',(#6956),#6970,.F.);
#6956 = FACE_BOUND('',#6957,.F.);
#6957 = EDGE_LOOP('',(#6958,#6993,#7026,#7049));
#6958 = ORIENTED_EDGE('',*,*,#6959,.T.);
#6959 = EDGE_CURVE('',#6960,#6962,#6964,.T.);
#6960 = VERTEX_POINT('',#6961);
#6961 = CARTESIAN_POINT('',(281.,74.064670267905,38.));
#6962 = VERTEX_POINT('',#6963);
#6963 = CARTESIAN_POINT('',(291.,74.064670267905,38.));
#6964 = SURFACE_CURVE('',#6965,(#6969,#6981),.PCURVE_S1.);
#6965 = LINE('',#6966,#6967);
#6966 = CARTESIAN_POINT('',(291.,74.064670267905,38.));
#6967 = VECTOR('',#6968,1.);
#6968 = DIRECTION('',(1.,-0.,-0.));
#6969 = PCURVE('',#6970,#6975);
#6970 = CYLINDRICAL_SURFACE('',#6971,2.);
#6971 = AXIS2_PLACEMENT_3D('',#6972,#6973,#6974);
#6972 = CARTESIAN_POINT('',(291.,74.064670267905,40.));
#6973 = DIRECTION('',(1.,-0.,-0.));
#6974 = DIRECTION('',(0.,0.,-1.));
#6975 = DEFINITIONAL_REPRESENTATION('',(#6976),#6980);
#6976 = LINE('',#6977,#6978);
#6977 = CARTESIAN_POINT('',(6.28318530718,0.));
#6978 = VECTOR('',#6979,1.);
#6979 = DIRECTION('',(0.,1.));
#6980 = ( GEOMETRIC_REPRESENTATION_CONTEXT(2) 
PARAMETRIC_REPRESENTATION_CONTEXT() REPRESENTATION_CONTEXT('2D SPACE',''
  ) );
#6981 = PCURVE('',#6982,#6987);
#6982 = CYLINDRICAL_SURFACE('',#6983,2.);
#6983 = AXIS2_PLACEMENT_3D('',#6984,#6985,#6986);
#6984 = CARTESIAN_POINT('',(291.,74.064670267905,40.));
#6985 = DIRECTION('',(1.,-0.,-0.));
#6986 = DIRECTION('',(0.,0.,-1.));
#6987 = DEFINITIONAL_REPRESENTATION('',(#6988),#6992);
#6988 = LINE('',#6989,#6990);
#6989 = CARTESIAN_POINT('',(0.,0.));
#6990 = VECTOR('',#6991,1.);
#6991 = DIRECTION('',(0.,1.));
#6992 = ( GEOMETRIC_REPRESENTATION_CONTEXT(2) 
PARAMETRIC_REPRESENTATION_CONTEXT() REPRESENTATION_CONTEXT('2D SPACE',''
  ) );
#6993 = ORIENTED_EDGE('',*,*,#6994,.F.);
#6994 = EDGE_CURVE('',#6995,#6962,#6997,.T.);
#6995 = VERTEX_POINT('',#6996);
#6996 = CARTESIAN_POINT('',(291.,74.064670267905,42.));
#6997 = SURFACE_CURVE('',#6998,(#7003,#7010),.PCURVE_S1.);
#6998 = CIRCLE('',#6999,2.);
#6999 = AXIS2_PLACEMENT_3D('',#7000,#7001,#7002);
#7000 = CARTESIAN_POINT('',(291.,74.064670267905,40.));
#7001 = DIRECTION('',(1.,-0.,0.));
#7002 = DIRECTION('',(0.,0.,-1.));
#7003 = PCURVE('',#6970,#7004);
#7004 = DEFINITIONAL_REPRESENTATION('',(#7005),#7009);
#7005 = LINE('',#7006,#7007);
#7006 = CARTESIAN_POINT('',(0.,0.));
#7007 = VECTOR('',#7008,1.);
#7008 = DIRECTION('',(1.,0.));
#7009 = ( GEOMETRIC_REPRESENTATION_CONTEXT(2) 
PARAMETRIC_REPRESENTATION_CONTEXT() REPRESENTATION_CONTEXT('2D SPACE',''
  ) );
#7010 = PCURVE('',#7011,#7016);
#7011 = PLANE('',#7012);
#7012 = AXIS2_PLACEMENT_3D('',#7013,#7014,#7015);
#7013 = CARTESIAN_POINT('',(291.,80.,60.));
#7014 = DIRECTION('',(-1.,0.,0.));
#7015 = DIRECTION('',(0.,0.,1.));
#7016 = DEFINITIONAL_REPRESENTATION('',(#7017),#7025);
#7017 = ( BOUNDED_CURVE() B_SPLINE_CURVE(2,(#7018,#7019,#7020,#7021,
#7022,#7023,#7024),.UNSPECIFIED.,.T.,.F.) B_SPLINE_CURVE_WITH_KNOTS((1,2
    ,2,2,2,1),(-2.094395102393,0.,2.094395102393,4.188790204786,
6.28318530718,8.377580409573),.UNSPECIFIED.) CURVE() 
GEOMETRIC_REPRESENTATION_ITEM() RATIONAL_B_SPLINE_CURVE((1.,0.5,1.,0.5,
1.,0.5,1.)) REPRESENTATION_ITEM('') );
#7018 = CARTESIAN_POINT('',(-22.,-5.935329732095));
#7019 = CARTESIAN_POINT('',(-22.,-2.471228116957));
#7020 = CARTESIAN_POINT('',(-19.,-4.203278924526));
#7021 = CARTESIAN_POINT('',(-16.,-5.935329732095));
#7022 = CARTESIAN_POINT('',(-19.,-7.667380539664));
#7023 = CARTESIAN_POINT('',(-22.,-9.399431347233));
#7024 = CARTESIAN_POINT('',(-22.,-5.935329732095));
#7025 = ( GEOMETRIC_REPRESENTATION_CONTEXT(2) 
PARAMETRIC_REPRESENTATION_CONTEXT() REPRESENTATION_CONTEXT('2D SPACE',''
  ) );
#7026 = ORIENTED_EDGE('',*,*,#7027,.F.);
#7027 = EDGE_CURVE('',#7028,#6995,#7030,.T.);
#7028 = VERTEX_POINT('',#7029);
#7029 = CARTESIAN_POINT('',(281.,74.064670267905,42.));
#7030 = SURFACE_CURVE('',#7031,(#7035,#7042),.PCURVE_S1.);
#7031 = LINE('',#7032,#7033);
#7032 = CARTESIAN_POINT('',(291.,74.064670267905,42.));
#7033 = VECTOR('',#7034,1.);
#7034 = DIRECTION('',(1.,-0.,-0.));
#7035 = PCURVE('',#6970,#7036);
#7036 = DEFINITIONAL_REPRESENTATION('',(#7037),#7041);
#7037 = LINE('',#7038,#7039);
#7038 = CARTESIAN_POINT('',(3.14159265359,0.));
#7039 = VECTOR('',#7040,1.);
#7040 = DIRECTION('',(0.,1.));
#7041 = ( GEOMETRIC_REPRESENTATION_CONTEXT(2) 
PARAMETRIC_REPRESENTATION_CONTEXT() REPRESENTATION_CONTEXT('2D SPACE',''
  ) );
#7042 = PCURVE('',#6982,#7043);
#7043 = DEFINITIONAL_REPRESENTATION('',(#7044),#7048);
#7044 = LINE('',#7045,#7046);
#7045 = CARTESIAN_POINT('',(3.14159265359,0.));
#7046 = VECTOR('',#7047,1.);
#7047 = DIRECTION('',(0.,1.));
#7048 = ( GEOMETRIC_REPRESENTATION_CONTEXT(2) 
PARAMETRIC_REPRESENTATION_CONTEXT() REPRESENTATION_CONTEXT('2D SPACE',''
  ) );
#7049 = ORIENTED_EDGE('',*,*,#7050,.T.);
#7050 = EDGE_CURVE('',#7028,#6960,#7051,.T.);
#7051 = SURFACE_CURVE('',#7052,(#7057,#7064),.PCURVE_S1.);
#7052 = CIRCLE('',#7053,2.);
#7053 = AXIS2_PLACEMENT_3D('',#7054,#7055,#7056);
#7054 = CARTESIAN_POINT('',(281.,74.064670267905,40.));
#7055 = DIRECTION('',(1.,-0.,0.));
#7056 = DIRECTION('',(0.,0.,-1.));
#7057 = PCURVE('',#6970,#7058);
#7058 = DEFINITIONAL_REPRESENTATION('',(#7059),#7063);
#7059 = LINE('',#7060,#7061);
#7060 = CARTESIAN_POINT('',(0.,-10.));
#7061 = VECTOR('',#7062,1.);
#7062 = DIRECTION('',(1.,0.));
#7063 = ( GEOMETRIC_REPRESENTATION_CONTEXT(2) 
PARAMETRIC_REPRESENTATION_CONTEXT() REPRESENTATION_CONTEXT('2D SPACE',''
  ) );
#7064 = PCURVE('',#7065,#7070);
#7065 = CONICAL_SURFACE('',#7066,2.,1.029744258677);
#7066 = AXIS2_PLACEMENT_3D('',#7067,#7068,#7069);
#7067 = CARTESIAN_POINT('',(281.,74.064670267905,40.));
#7068 = DIRECTION('',(1.,-0.,-0.));
#7069 = DIRECTION('',(0.,0.,-1.));
#7070 = DEFINITIONAL_REPRESENTATION('',(#7071),#7075);
#7071 = LINE('',#7072,#7073);
#7072 = CARTESIAN_POINT('',(0.,-7.842149977035E-16));
#7073 = VECTOR('',#7074,1.);
#7074 = DIRECTION('',(1.,0.));
#7075 = ( GEOMETRIC_REPRESENTATION_CONTEXT(2) 
PARAMETRIC_REPRESENTATION_CONTEXT() REPRESENTATION_CONTEXT('2D SPACE',''
  ) );
#7076 = ADVANCED_FACE('',(#7077),#7065,.F.);
#7077 = FACE_BOUND('',#7078,.F.);
#7078 = EDGE_LOOP('',(#7079,#7080,#7108));
#7079 = ORIENTED_EDGE('',*,*,#7050,.F.);
#7080 = ORIENTED_EDGE('',*,*,#7081,.F.);
#7081 = EDGE_CURVE('',#7082,#7028,#7084,.T.);
#7082 = VERTEX_POINT('',#7083);
#7083 = CARTESIAN_POINT('',(279.79827876194,74.064670267905,40.));
#7084 = SURFACE_CURVE('',#7085,(#7089,#7096),.PCURVE_S1.);
#7085 = LINE('',#7086,#7087);
#7086 = CARTESIAN_POINT('',(281.,74.064670267905,42.));
#7087 = VECTOR('',#7088,1.);
#7088 = DIRECTION('',(0.51503807491,1.049727191139E-16,0.857167300702));
#7089 = PCURVE('',#7065,#7090);
#7090 = DEFINITIONAL_REPRESENTATION('',(#7091),#7095);
#7091 = LINE('',#7092,#7093);
#7092 = CARTESIAN_POINT('',(3.14159265359,-7.090408403615E-15));
#7093 = VECTOR('',#7094,1.);
#7094 = DIRECTION('',(0.,1.));
#7095 = ( GEOMETRIC_REPRESENTATION_CONTEXT(2) 
PARAMETRIC_REPRESENTATION_CONTEXT() REPRESENTATION_CONTEXT('2D SPACE',''
  ) );
#7096 = PCURVE('',#7097,#7102);
#7097 = CONICAL_SURFACE('',#7098,2.,1.029744258677);
#7098 = AXIS2_PLACEMENT_3D('',#7099,#7100,#7101);
#7099 = CARTESIAN_POINT('',(281.,74.064670267905,40.));
#7100 = DIRECTION('',(1.,-0.,-0.));
#7101 = DIRECTION('',(0.,0.,-1.));
#7102 = DEFINITIONAL_REPRESENTATION('',(#7103),#7107);
#7103 = LINE('',#7104,#7105);
#7104 = CARTESIAN_POINT('',(3.14159265359,-7.090408403615E-15));
#7105 = VECTOR('',#7106,1.);
#7106 = DIRECTION('',(0.,1.));
#7107 = ( GEOMETRIC_REPRESENTATION_CONTEXT(2) 
PARAMETRIC_REPRESENTATION_CONTEXT() REPRESENTATION_CONTEXT('2D SPACE',''
  ) );
#7108 = ORIENTED_EDGE('',*,*,#7109,.T.);
#7109 = EDGE_CURVE('',#7082,#6960,#7110,.T.);
#7110 = SURFACE_CURVE('',#7111,(#7115,#7122),.PCURVE_S1.);
#7111 = LINE('',#7112,#7113);
#7112 = CARTESIAN_POINT('',(281.,74.064670267905,38.));
#7113 = VECTOR('',#7114,1.);
#7114 = DIRECTION('',(0.51503807491,0.,-0.857167300702));
#7115 = PCURVE('',#7065,#7116);
#7116 = DEFINITIONAL_REPRESENTATION('',(#7117),#7121);
#7117 = LINE('',#7118,#7119);
#7118 = CARTESIAN_POINT('',(6.28318530718,-7.090408403615E-15));
#7119 = VECTOR('',#7120,1.);
#7120 = DIRECTION('',(0.,1.));
#7121 = ( GEOMETRIC_REPRESENTATION_CONTEXT(2) 
PARAMETRIC_REPRESENTATION_CONTEXT() REPRESENTATION_CONTEXT('2D SPACE',''
  ) );
#7122 = PCURVE('',#7097,#7123);
#7123 = DEFINITIONAL_REPRESENTATION('',(#7124),#7128);
#7124 = LINE('',#7125,#7126);
#7125 = CARTESIAN_POINT('',(0.,-7.090408403615E-15));
#7126 = VECTOR('',#7127,1.);
#7127 = DIRECTION('',(0.,1.));
#7128 = ( GEOMETRIC_REPRESENTATION_CONTEXT(2) 
PARAMETRIC_REPRESENTATION_CONTEXT() REPRESENTATION_CONTEXT('2D SPACE',''
  ) );
#7129 = ADVANCED_FACE('',(#7130),#7144,.F.);
#7130 = FACE_BOUND('',#7131,.F.);
#7131 = EDGE_LOOP('',(#7132,#7167,#7195,#7218));
#7132 = ORIENTED_EDGE('',*,*,#7133,.T.);
#7133 = EDGE_CURVE('',#7134,#7136,#7138,.T.);
#7134 = VERTEX_POINT('',#7135);
#7135 = CARTESIAN_POINT('',(281.,74.064670267905,18.));
#7136 = VERTEX_POINT('',#7137);
#7137 = CARTESIAN_POINT('',(291.,74.064670267905,18.));
#7138 = SURFACE_CURVE('',#7139,(#7143,#7155),.PCURVE_S1.);
#7139 = LINE('',#7140,#7141);
#7140 = CARTESIAN_POINT('',(291.,74.064670267905,18.));
#7141 = VECTOR('',#7142,1.);
#7142 = DIRECTION('',(1.,-0.,-0.));
#7143 = PCURVE('',#7144,#7149);
#7144 = CYLINDRICAL_SURFACE('',#7145,2.);
#7145 = AXIS2_PLACEMENT_3D('',#7146,#7147,#7148);
#7146 = CARTESIAN_POINT('',(291.,74.064670267905,20.));
#7147 = DIRECTION('',(1.,-0.,-0.));
#7148 = DIRECTION('',(0.,0.,-1.));
#7149 = DEFINITIONAL_REPRESENTATION('',(#7150),#7154);
#7150 = LINE('',#7151,#7152);
#7151 = CARTESIAN_POINT('',(6.28318530718,0.));
#7152 = VECTOR('',#7153,1.);
#7153 = DIRECTION('',(0.,1.));
#7154 = ( GEOMETRIC_REPRESENTATION_CONTEXT(2) 
PARAMETRIC_REPRESENTATION_CONTEXT() REPRESENTATION_CONTEXT('2D SPACE',''
  ) );
#7155 = PCURVE('',#7156,#7161);
#7156 = CYLINDRICAL_SURFACE('',#7157,2.);
#7157 = AXIS2_PLACEMENT_3D('',#7158,#7159,#7160);
#7158 = CARTESIAN_POINT('',(291.,74.064670267905,20.));
#7159 = DIRECTION('',(1.,-0.,-0.));
#7160 = DIRECTION('',(0.,0.,-1.));
#7161 = DEFINITIONAL_REPRESENTATION('',(#7162),#7166);
#7162 = LINE('',#7163,#7164);
#7163 = CARTESIAN_POINT('',(0.,0.));
#7164 = VECTOR('',#7165,1.);
#7165 = DIRECTION('',(0.,1.));
#7166 = ( GEOMETRIC_REPRESENTATION_CONTEXT(2) 
PARAMETRIC_REPRESENTATION_CONTEXT() REPRESENTATION_CONTEXT('2D SPACE',''
  ) );
#7167 = ORIENTED_EDGE('',*,*,#7168,.F.);
#7168 = EDGE_CURVE('',#7169,#7136,#7171,.T.);
#7169 = VERTEX_POINT('',#7170);
#7170 = CARTESIAN_POINT('',(291.,74.064670267905,22.));
#7171 = SURFACE_CURVE('',#7172,(#7177,#7184),.PCURVE_S1.);
#7172 = CIRCLE('',#7173,2.);
#7173 = AXIS2_PLACEMENT_3D('',#7174,#7175,#7176);
#7174 = CARTESIAN_POINT('',(291.,74.064670267905,20.));
#7175 = DIRECTION('',(1.,-0.,0.));
#7176 = DIRECTION('',(0.,0.,-1.));
#7177 = PCURVE('',#7144,#7178);
#7178 = DEFINITIONAL_REPRESENTATION('',(#7179),#7183);
#7179 = LINE('',#7180,#7181);
#7180 = CARTESIAN_POINT('',(0.,0.));
#7181 = VECTOR('',#7182,1.);
#7182 = DIRECTION('',(1.,0.));
#7183 = ( GEOMETRIC_REPRESENTATION_CONTEXT(2) 
PARAMETRIC_REPRESENTATION_CONTEXT() REPRESENTATION_CONTEXT('2D SPACE',''
  ) );
#7184 = PCURVE('',#7011,#7185);
#7185 = DEFINITIONAL_REPRESENTATION('',(#7186),#7194);
#7186 = ( BOUNDED_CURVE() B_SPLINE_CURVE(2,(#7187,#7188,#7189,#7190,
#7191,#7192,#7193),.UNSPECIFIED.,.T.,.F.) B_SPLINE_CURVE_WITH_KNOTS((1,2
    ,2,2,2,1),(-2.094395102393,0.,2.094395102393,4.188790204786,
6.28318530718,8.377580409573),.UNSPECIFIED.) CURVE() 
GEOMETRIC_REPRESENTATION_ITEM() RATIONAL_B_SPLINE_CURVE((1.,0.5,1.,0.5,
1.,0.5,1.)) REPRESENTATION_ITEM('') );
#7187 = CARTESIAN_POINT('',(-42.,-5.935329732095));
#7188 = CARTESIAN_POINT('',(-42.,-2.471228116957));
#7189 = CARTESIAN_POINT('',(-39.,-4.203278924526));
#7190 = CARTESIAN_POINT('',(-36.,-5.935329732095));
#7191 = CARTESIAN_POINT('',(-39.,-7.667380539664));
#7192 = CARTESIAN_POINT('',(-42.,-9.399431347233));
#7193 = CARTESIAN_POINT('',(-42.,-5.935329732095));
#7194 = ( GEOMETRIC_REPRESENTATION_CONTEXT(2) 
PARAMETRIC_REPRESENTATION_CONTEXT() REPRESENTATION_CONTEXT('2D SPACE',''
  ) );
#7195 = ORIENTED_EDGE('',*,*,#7196,.F.);
#7196 = EDGE_CURVE('',#7197,#7169,#7199,.T.);
#7197 = VERTEX_POINT('',#7198);
#7198 = CARTESIAN_POINT('',(281.,74.064670267905,22.));
#7199 = SURFACE_CURVE('',#7200,(#7204,#7211),.PCURVE_S1.);
#7200 = LINE('',#7201,#7202);
#7201 = CARTESIAN_POINT('',(291.,74.064670267905,22.));
#7202 = VECTOR('',#7203,1.);
#7203 = DIRECTION('',(1.,-0.,-0.));
#7204 = PCURVE('',#7144,#7205);
#7205 = DEFINITIONAL_REPRESENTATION('',(#7206),#7210);
#7206 = LINE('',#7207,#7208);
#7207 = CARTESIAN_POINT('',(3.14159265359,0.));
#7208 = VECTOR('',#7209,1.);
#7209 = DIRECTION('',(0.,1.));
#7210 = ( GEOMETRIC_REPRESENTATION_CONTEXT(2) 
PARAMETRIC_REPRESENTATION_CONTEXT() REPRESENTATION_CONTEXT('2D SPACE',''
  ) );
#7211 = PCURVE('',#7156,#7212);
#7212 = DEFINITIONAL_REPRESENTATION('',(#7213),#7217);
#7213 = LINE('',#7214,#7215);
#7214 = CARTESIAN_POINT('',(3.14159265359,0.));
#7215 = VECTOR('',#7216,1.);
#7216 = DIRECTION('',(0.,1.));
#7217 = ( GEOMETRIC_REPRESENTATION_CONTEXT(2) 
PARAMETRIC_REPRESENTATION_CONTEXT() REPRESENTATION_CONTEXT('2D SPACE',''
  ) );
#7218 = ORIENTED_EDGE('',*,*,#7219,.T.);
#7219 = EDGE_CURVE('',#7197,#7134,#7220,.T.);
#7220 = SURFACE_CURVE('',#7221,(#7226,#7233),.PCURVE_S1.);
#7221 = CIRCLE('',#7222,2.);
#7222 = AXIS2_PLACEMENT_3D('',#7223,#7224,#7225);
#7223 = CARTESIAN_POINT('',(281.,74.064670267905,20.));
#7224 = DIRECTION('',(1.,-0.,0.));
#7225 = DIRECTION('',(0.,0.,-1.));
#7226 = PCURVE('',#7144,#7227);
#7227 = DEFINITIONAL_REPRESENTATION('',(#7228),#7232);
#7228 = LINE('',#7229,#7230);
#7229 = CARTESIAN_POINT('',(0.,-10.));
#7230 = VECTOR('',#7231,1.);
#7231 = DIRECTION('',(1.,0.));
#7232 = ( GEOMETRIC_REPRESENTATION_CONTEXT(2) 
PARAMETRIC_REPRESENTATION_CONTEXT() REPRESENTATION_CONTEXT('2D SPACE',''
  ) );
#7233 = PCURVE('',#7234,#7239);
#7234 = CONICAL_SURFACE('',#7235,2.,1.029744258677);
#7235 = AXIS2_PLACEMENT_3D('',#7236,#7237,#7238);
#7236 = CARTESIAN_POINT('',(281.,74.064670267905,20.));
#7237 = DIRECTION('',(1.,-0.,-0.));
#7238 = DIRECTION('',(0.,0.,-1.));
#7239 = DEFINITIONAL_REPRESENTATION('',(#7240),#7244);
#7240 = LINE('',#7241,#7242);
#7241 = CARTESIAN_POINT('',(0.,7.842149977035E-16));
#7242 = VECTOR('',#7243,1.);
#7243 = DIRECTION('',(1.,0.));
#7244 = ( GEOMETRIC_REPRESENTATION_CONTEXT(2) 
PARAMETRIC_REPRESENTATION_CONTEXT() REPRESENTATION_CONTEXT('2D SPACE',''
  ) );
#7245 = ADVANCED_FACE('',(#7246),#7234,.F.);
#7246 = FACE_BOUND('',#7247,.F.);
#7247 = EDGE_LOOP('',(#7248,#7249,#7277));
#7248 = ORIENTED_EDGE('',*,*,#7219,.F.);
#7249 = ORIENTED_EDGE('',*,*,#7250,.F.);
#7250 = EDGE_CURVE('',#7251,#7197,#7253,.T.);
#7251 = VERTEX_POINT('',#7252);
#7252 = CARTESIAN_POINT('',(279.79827876194,74.064670267905,20.));
#7253 = SURFACE_CURVE('',#7254,(#7258,#7265),.PCURVE_S1.);
#7254 = LINE('',#7255,#7256);
#7255 = CARTESIAN_POINT('',(281.,74.064670267905,22.));
#7256 = VECTOR('',#7257,1.);
#7257 = DIRECTION('',(0.51503807491,1.049727191139E-16,0.857167300702));
#7258 = PCURVE('',#7234,#7259);
#7259 = DEFINITIONAL_REPRESENTATION('',(#7260),#7264);
#7260 = LINE('',#7261,#7262);
#7261 = CARTESIAN_POINT('',(3.14159265359,-3.888288479402E-15));
#7262 = VECTOR('',#7263,1.);
#7263 = DIRECTION('',(0.,1.));
#7264 = ( GEOMETRIC_REPRESENTATION_CONTEXT(2) 
PARAMETRIC_REPRESENTATION_CONTEXT() REPRESENTATION_CONTEXT('2D SPACE',''
  ) );
#7265 = PCURVE('',#7266,#7271);
#7266 = CONICAL_SURFACE('',#7267,2.,1.029744258677);
#7267 = AXIS2_PLACEMENT_3D('',#7268,#7269,#7270);
#7268 = CARTESIAN_POINT('',(281.,74.064670267905,20.));
#7269 = DIRECTION('',(1.,-0.,-0.));
#7270 = DIRECTION('',(0.,0.,-1.));
#7271 = DEFINITIONAL_REPRESENTATION('',(#7272),#7276);
#7272 = LINE('',#7273,#7274);
#7273 = CARTESIAN_POINT('',(3.14159265359,-3.888288479402E-15));
#7274 = VECTOR('',#7275,1.);
#7275 = DIRECTION('',(0.,1.));
#7276 = ( GEOMETRIC_REPRESENTATION_CONTEXT(2) 
PARAMETRIC_REPRESENTATION_CONTEXT() REPRESENTATION_CONTEXT('2D SPACE',''
  ) );
#7277 = ORIENTED_EDGE('',*,*,#7278,.T.);
#7278 = EDGE_CURVE('',#7251,#7134,#7279,.T.);
#7279 = SURFACE_CURVE('',#7280,(#7284,#7291),.PCURVE_S1.);
#7280 = LINE('',#7281,#7282);
#7281 = CARTESIAN_POINT('',(281.,74.064670267905,18.));
#7282 = VECTOR('',#7283,1.);
#7283 = DIRECTION('',(0.51503807491,0.,-0.857167300702));
#7284 = PCURVE('',#7234,#7285);
#7285 = DEFINITIONAL_REPRESENTATION('',(#7286),#7290);
#7286 = LINE('',#7287,#7288);
#7287 = CARTESIAN_POINT('',(6.28318530718,-5.489348441508E-15));
#7288 = VECTOR('',#7289,1.);
#7289 = DIRECTION('',(0.,1.));
#7290 = ( GEOMETRIC_REPRESENTATION_CONTEXT(2) 
PARAMETRIC_REPRESENTATION_CONTEXT() REPRESENTATION_CONTEXT('2D SPACE',''
  ) );
#7291 = PCURVE('',#7266,#7292);
#7292 = DEFINITIONAL_REPRESENTATION('',(#7293),#7297);
#7293 = LINE('',#7294,#7295);
#7294 = CARTESIAN_POINT('',(0.,-5.489348441508E-15));
#7295 = VECTOR('',#7296,1.);
#7296 = DIRECTION('',(0.,1.));
#7297 = ( GEOMETRIC_REPRESENTATION_CONTEXT(2) 
PARAMETRIC_REPRESENTATION_CONTEXT() REPRESENTATION_CONTEXT('2D SPACE',''
  ) );
#7298 = ADVANCED_FACE('',(#7299),#7313,.F.);
#7299 = FACE_BOUND('',#7300,.F.);
#7300 = EDGE_LOOP('',(#7301,#7336,#7364,#7387));
#7301 = ORIENTED_EDGE('',*,*,#7302,.T.);
#7302 = EDGE_CURVE('',#7303,#7305,#7307,.T.);
#7303 = VERTEX_POINT('',#7304);
#7304 = CARTESIAN_POINT('',(277.,74.064670267905,5.));
#7305 = VERTEX_POINT('',#7306);
#7306 = CARTESIAN_POINT('',(291.,74.064670267905,5.));
#7307 = SURFACE_CURVE('',#7308,(#7312,#7324),.PCURVE_S1.);
#7308 = LINE('',#7309,#7310);
#7309 = CARTESIAN_POINT('',(291.,74.064670267905,5.));
#7310 = VECTOR('',#7311,1.);
#7311 = DIRECTION('',(1.,-0.,-0.));
#7312 = PCURVE('',#7313,#7318);
#7313 = CYLINDRICAL_SURFACE('',#7314,2.5);
#7314 = AXIS2_PLACEMENT_3D('',#7315,#7316,#7317);
#7315 = CARTESIAN_POINT('',(291.,74.064670267905,7.5));
#7316 = DIRECTION('',(1.,-0.,-0.));
#7317 = DIRECTION('',(0.,0.,-1.));
#7318 = DEFINITIONAL_REPRESENTATION('',(#7319),#7323);
#7319 = LINE('',#7320,#7321);
#7320 = CARTESIAN_POINT('',(6.28318530718,0.));
#7321 = VECTOR('',#7322,1.);
#7322 = DIRECTION('',(0.,1.));
#7323 = ( GEOMETRIC_REPRESENTATION_CONTEXT(2) 
PARAMETRIC_REPRESENTATION_CONTEXT() REPRESENTATION_CONTEXT('2D SPACE',''
  ) );
#7324 = PCURVE('',#7325,#7330);
#7325 = CYLINDRICAL_SURFACE('',#7326,2.5);
#7326 = AXIS2_PLACEMENT_3D('',#7327,#7328,#7329);
#7327 = CARTESIAN_POINT('',(291.,74.064670267905,7.5));
#7328 = DIRECTION('',(1.,-0.,-0.));
#7329 = DIRECTION('',(0.,0.,-1.));
#7330 = DEFINITIONAL_REPRESENTATION('',(#7331),#7335);
#7331 = LINE('',#7332,#7333);
#7332 = CARTESIAN_POINT('',(0.,0.));
#7333 = VECTOR('',#7334,1.);
#7334 = DIRECTION('',(0.,1.));
#7335 = ( GEOMETRIC_REPRESENTATION_CONTEXT(2) 
PARAMETRIC_REPRESENTATION_CONTEXT() REPRESENTATION_CONTEXT('2D SPACE',''
  ) );
#7336 = ORIENTED_EDGE('',*,*,#7337,.F.);
#7337 = EDGE_CURVE('',#7338,#7305,#7340,.T.);
#7338 = VERTEX_POINT('',#7339);
#7339 = CARTESIAN_POINT('',(291.,74.064670267905,10.));
#7340 = SURFACE_CURVE('',#7341,(#7346,#7353),.PCURVE_S1.);
#7341 = CIRCLE('',#7342,2.5);
#7342 = AXIS2_PLACEMENT_3D('',#7343,#7344,#7345);
#7343 = CARTESIAN_POINT('',(291.,74.064670267905,7.5));
#7344 = DIRECTION('',(1.,-0.,0.));
#7345 = DIRECTION('',(0.,0.,-1.));
#7346 = PCURVE('',#7313,#7347);
#7347 = DEFINITIONAL_REPRESENTATION('',(#7348),#7352);
#7348 = LINE('',#7349,#7350);
#7349 = CARTESIAN_POINT('',(0.,0.));
#7350 = VECTOR('',#7351,1.);
#7351 = DIRECTION('',(1.,0.));
#7352 = ( GEOMETRIC_REPRESENTATION_CONTEXT(2) 
PARAMETRIC_REPRESENTATION_CONTEXT() REPRESENTATION_CONTEXT('2D SPACE',''
  ) );
#7353 = PCURVE('',#7011,#7354);
#7354 = DEFINITIONAL_REPRESENTATION('',(#7355),#7363);
#7355 = ( BOUNDED_CURVE() B_SPLINE_CURVE(2,(#7356,#7357,#7358,#7359,
#7360,#7361,#7362),.UNSPECIFIED.,.T.,.F.) B_SPLINE_CURVE_WITH_KNOTS((1,2
    ,2,2,2,1),(-2.094395102393,0.,2.094395102393,4.188790204786,
6.28318530718,8.377580409573),.UNSPECIFIED.) CURVE() 
GEOMETRIC_REPRESENTATION_ITEM() RATIONAL_B_SPLINE_CURVE((1.,0.5,1.,0.5,
1.,0.5,1.)) REPRESENTATION_ITEM('') );
#7356 = CARTESIAN_POINT('',(-55.,-5.935329732095));
#7357 = CARTESIAN_POINT('',(-55.,-1.605202713173));
#7358 = CARTESIAN_POINT('',(-51.25,-3.770266222634));
#7359 = CARTESIAN_POINT('',(-47.5,-5.935329732095));
#7360 = CARTESIAN_POINT('',(-51.25,-8.100393241556));
#7361 = CARTESIAN_POINT('',(-55.,-10.26545675101));
#7362 = CARTESIAN_POINT('',(-55.,-5.935329732095));
#7363 = ( GEOMETRIC_REPRESENTATION_CONTEXT(2) 
PARAMETRIC_REPRESENTATION_CONTEXT() REPRESENTATION_CONTEXT('2D SPACE',''
  ) );
#7364 = ORIENTED_EDGE('',*,*,#7365,.F.);
#7365 = EDGE_CURVE('',#7366,#7338,#7368,.T.);
#7366 = VERTEX_POINT('',#7367);
#7367 = CARTESIAN_POINT('',(277.,74.064670267905,10.));
#7368 = SURFACE_CURVE('',#7369,(#7373,#7380),.PCURVE_S1.);
#7369 = LINE('',#7370,#7371);
#7370 = CARTESIAN_POINT('',(291.,74.064670267905,10.));
#7371 = VECTOR('',#7372,1.);
#7372 = DIRECTION('',(1.,-0.,-0.));
#7373 = PCURVE('',#7313,#7374);
#7374 = DEFINITIONAL_REPRESENTATION('',(#7375),#7379);
#7375 = LINE('',#7376,#7377);
#7376 = CARTESIAN_POINT('',(3.14159265359,0.));
#7377 = VECTOR('',#7378,1.);
#7378 = DIRECTION('',(0.,1.));
#7379 = ( GEOMETRIC_REPRESENTATION_CONTEXT(2) 
PARAMETRIC_REPRESENTATION_CONTEXT() REPRESENTATION_CONTEXT('2D SPACE',''
  ) );
#7380 = PCURVE('',#7325,#7381);
#7381 = DEFINITIONAL_REPRESENTATION('',(#7382),#7386);
#7382 = LINE('',#7383,#7384);
#7383 = CARTESIAN_POINT('',(3.14159265359,0.));
#7384 = VECTOR('',#7385,1.);
#7385 = DIRECTION('',(0.,1.));
#7386 = ( GEOMETRIC_REPRESENTATION_CONTEXT(2) 
PARAMETRIC_REPRESENTATION_CONTEXT() REPRESENTATION_CONTEXT('2D SPACE',''
  ) );
#7387 = ORIENTED_EDGE('',*,*,#7388,.T.);
#7388 = EDGE_CURVE('',#7366,#7303,#7389,.T.);
#7389 = SURFACE_CURVE('',#7390,(#7395,#7402),.PCURVE_S1.);
#7390 = CIRCLE('',#7391,2.5);
#7391 = AXIS2_PLACEMENT_3D('',#7392,#7393,#7394);
#7392 = CARTESIAN_POINT('',(277.,74.064670267905,7.5));
#7393 = DIRECTION('',(1.,-0.,0.));
#7394 = DIRECTION('',(0.,0.,-1.));
#7395 = PCURVE('',#7313,#7396);
#7396 = DEFINITIONAL_REPRESENTATION('',(#7397),#7401);
#7397 = LINE('',#7398,#7399);
#7398 = CARTESIAN_POINT('',(0.,-14.));
#7399 = VECTOR('',#7400,1.);
#7400 = DIRECTION('',(1.,0.));
#7401 = ( GEOMETRIC_REPRESENTATION_CONTEXT(2) 
PARAMETRIC_REPRESENTATION_CONTEXT() REPRESENTATION_CONTEXT('2D SPACE',''
  ) );
#7402 = PCURVE('',#7403,#7408);
#7403 = CONICAL_SURFACE('',#7404,2.5,1.029744258677);
#7404 = AXIS2_PLACEMENT_3D('',#7405,#7406,#7407);
#7405 = CARTESIAN_POINT('',(277.,74.064670267905,7.5));
#7406 = DIRECTION('',(1.,-0.,-0.));
#7407 = DIRECTION('',(0.,0.,-1.));
#7408 = DEFINITIONAL_REPRESENTATION('',(#7409),#7413);
#7409 = LINE('',#7410,#7411);
#7410 = CARTESIAN_POINT('',(0.,-1.960537494259E-16));
#7411 = VECTOR('',#7412,1.);
#7412 = DIRECTION('',(1.,0.));
#7413 = ( GEOMETRIC_REPRESENTATION_CONTEXT(2) 
PARAMETRIC_REPRESENTATION_CONTEXT() REPRESENTATION_CONTEXT('2D SPACE',''
  ) );
#7414 = ADVANCED_FACE('',(#7415),#7403,.F.);
#7415 = FACE_BOUND('',#7416,.F.);
#7416 = EDGE_LOOP('',(#7417,#7418,#7446));
#7417 = ORIENTED_EDGE('',*,*,#7388,.F.);
#7418 = ORIENTED_EDGE('',*,*,#7419,.F.);
#7419 = EDGE_CURVE('',#7420,#7366,#7422,.T.);
#7420 = VERTEX_POINT('',#7421);
#7421 = CARTESIAN_POINT('',(275.49784845243,74.064670267905,7.5));
#7422 = SURFACE_CURVE('',#7423,(#7427,#7434),.PCURVE_S1.);
#7423 = LINE('',#7424,#7425);
#7424 = CARTESIAN_POINT('',(277.,74.064670267905,10.));
#7425 = VECTOR('',#7426,1.);
#7426 = DIRECTION('',(0.51503807491,1.049727191139E-16,0.857167300702));
#7427 = PCURVE('',#7403,#7428);
#7428 = DEFINITIONAL_REPRESENTATION('',(#7429),#7433);
#7429 = LINE('',#7430,#7431);
#7430 = CARTESIAN_POINT('',(3.14159265359,2.515951369025E-15));
#7431 = VECTOR('',#7432,1.);
#7432 = DIRECTION('',(0.,1.));
#7433 = ( GEOMETRIC_REPRESENTATION_CONTEXT(2) 
PARAMETRIC_REPRESENTATION_CONTEXT() REPRESENTATION_CONTEXT('2D SPACE',''
  ) );
#7434 = PCURVE('',#7435,#7440);
#7435 = CONICAL_SURFACE('',#7436,2.5,1.029744258677);
#7436 = AXIS2_PLACEMENT_3D('',#7437,#7438,#7439);
#7437 = CARTESIAN_POINT('',(277.,74.064670267905,7.5));
#7438 = DIRECTION('',(1.,-0.,-0.));
#7439 = DIRECTION('',(0.,0.,-1.));
#7440 = DEFINITIONAL_REPRESENTATION('',(#7441),#7445);
#7441 = LINE('',#7442,#7443);
#7442 = CARTESIAN_POINT('',(3.14159265359,2.515951369025E-15));
#7443 = VECTOR('',#7444,1.);
#7444 = DIRECTION('',(0.,1.));
#7445 = ( GEOMETRIC_REPRESENTATION_CONTEXT(2) 
PARAMETRIC_REPRESENTATION_CONTEXT() REPRESENTATION_CONTEXT('2D SPACE',''
  ) );
#7446 = ORIENTED_EDGE('',*,*,#7447,.T.);
#7447 = EDGE_CURVE('',#7420,#7303,#7448,.T.);
#7448 = SURFACE_CURVE('',#7449,(#7453,#7460),.PCURVE_S1.);
#7449 = LINE('',#7450,#7451);
#7450 = CARTESIAN_POINT('',(277.,74.064670267905,5.));
#7451 = VECTOR('',#7452,1.);
#7452 = DIRECTION('',(0.51503807491,0.,-0.857167300702));
#7453 = PCURVE('',#7403,#7454);
#7454 = DEFINITIONAL_REPRESENTATION('',(#7455),#7459);
#7455 = LINE('',#7456,#7457);
#7456 = CARTESIAN_POINT('',(6.28318530718,2.973397072484E-15));
#7457 = VECTOR('',#7458,1.);
#7458 = DIRECTION('',(0.,1.));
#7459 = ( GEOMETRIC_REPRESENTATION_CONTEXT(2) 
PARAMETRIC_REPRESENTATION_CONTEXT() REPRESENTATION_CONTEXT('2D SPACE',''
  ) );
#7460 = PCURVE('',#7435,#7461);
#7461 = DEFINITIONAL_REPRESENTATION('',(#7462),#7466);
#7462 = LINE('',#7463,#7464);
#7463 = CARTESIAN_POINT('',(0.,2.973397072484E-15));
#7464 = VECTOR('',#7465,1.);
#7465 = DIRECTION('',(0.,1.));
#7466 = ( GEOMETRIC_REPRESENTATION_CONTEXT(2) 
PARAMETRIC_REPRESENTATION_CONTEXT() REPRESENTATION_CONTEXT('2D SPACE',''
  ) );
#7467 = ADVANCED_FACE('',(#7468),#6592,.F.);
#7468 = FACE_BOUND('',#7469,.F.);
#7469 = EDGE_LOOP('',(#7470,#7500,#7528,#7551,#7617,#7618));
#7470 = ORIENTED_EDGE('',*,*,#7471,.T.);
#7471 = EDGE_CURVE('',#7472,#7474,#7476,.T.);
#7472 = VERTEX_POINT('',#7473);
#7473 = CARTESIAN_POINT('',(280.49916341131,74.064670267905,50.));
#7474 = VERTEX_POINT('',#7475);
#7475 = CARTESIAN_POINT('',(291.,74.064670267905,50.));
#7476 = SURFACE_CURVE('',#7477,(#7481,#7488),.PCURVE_S1.);
#7477 = LINE('',#7478,#7479);
#7478 = CARTESIAN_POINT('',(291.,74.064670267905,50.));
#7479 = VECTOR('',#7480,1.);
#7480 = DIRECTION('',(1.,-0.,-0.));
#7481 = PCURVE('',#6592,#7482);
#7482 = DEFINITIONAL_REPRESENTATION('',(#7483),#7487);
#7483 = LINE('',#7484,#7485);
#7484 = CARTESIAN_POINT('',(6.28318530718,0.));
#7485 = VECTOR('',#7486,1.);
#7486 = DIRECTION('',(0.,1.));
#7487 = ( GEOMETRIC_REPRESENTATION_CONTEXT(2) 
PARAMETRIC_REPRESENTATION_CONTEXT() REPRESENTATION_CONTEXT('2D SPACE',''
  ) );
#7488 = PCURVE('',#7489,#7494);
#7489 = CYLINDRICAL_SURFACE('',#7490,2.5);
#7490 = AXIS2_PLACEMENT_3D('',#7491,#7492,#7493);
#7491 = CARTESIAN_POINT('',(291.,74.064670267905,52.5));
#7492 = DIRECTION('',(1.,-0.,-0.));
#7493 = DIRECTION('',(0.,0.,-1.));
#7494 = DEFINITIONAL_REPRESENTATION('',(#7495),#7499);
#7495 = LINE('',#7496,#7497);
#7496 = CARTESIAN_POINT('',(0.,0.));
#7497 = VECTOR('',#7498,1.);
#7498 = DIRECTION('',(0.,1.));
#7499 = ( GEOMETRIC_REPRESENTATION_CONTEXT(2) 
PARAMETRIC_REPRESENTATION_CONTEXT() REPRESENTATION_CONTEXT('2D SPACE',''
  ) );
#7500 = ORIENTED_EDGE('',*,*,#7501,.F.);
#7501 = EDGE_CURVE('',#7502,#7474,#7504,.T.);
#7502 = VERTEX_POINT('',#7503);
#7503 = CARTESIAN_POINT('',(291.,74.064670267905,55.));
#7504 = SURFACE_CURVE('',#7505,(#7510,#7517),.PCURVE_S1.);
#7505 = CIRCLE('',#7506,2.5);
#7506 = AXIS2_PLACEMENT_3D('',#7507,#7508,#7509);
#7507 = CARTESIAN_POINT('',(291.,74.064670267905,52.5));
#7508 = DIRECTION('',(1.,-0.,0.));
#7509 = DIRECTION('',(0.,0.,-1.));
#7510 = PCURVE('',#6592,#7511);
#7511 = DEFINITIONAL_REPRESENTATION('',(#7512),#7516);
#7512 = LINE('',#7513,#7514);
#7513 = CARTESIAN_POINT('',(0.,0.));
#7514 = VECTOR('',#7515,1.);
#7515 = DIRECTION('',(1.,0.));
#7516 = ( GEOMETRIC_REPRESENTATION_CONTEXT(2) 
PARAMETRIC_REPRESENTATION_CONTEXT() REPRESENTATION_CONTEXT('2D SPACE',''
  ) );
#7517 = PCURVE('',#7011,#7518);
#7518 = DEFINITIONAL_REPRESENTATION('',(#7519),#7527);
#7519 = ( BOUNDED_CURVE() B_SPLINE_CURVE(2,(#7520,#7521,#7522,#7523,
#7524,#7525,#7526),.UNSPECIFIED.,.T.,.F.) B_SPLINE_CURVE_WITH_KNOTS((1,2
    ,2,2,2,1),(-2.094395102393,0.,2.094395102393,4.188790204786,
6.28318530718,8.377580409573),.UNSPECIFIED.) CURVE() 
GEOMETRIC_REPRESENTATION_ITEM() RATIONAL_B_SPLINE_CURVE((1.,0.5,1.,0.5,
1.,0.5,1.)) REPRESENTATION_ITEM('') );
#7520 = CARTESIAN_POINT('',(-10.,-5.935329732095));
#7521 = CARTESIAN_POINT('',(-10.,-1.605202713173));
#7522 = CARTESIAN_POINT('',(-6.25,-3.770266222634));
#7523 = CARTESIAN_POINT('',(-2.5,-5.935329732095));
#7524 = CARTESIAN_POINT('',(-6.25,-8.100393241556));
#7525 = CARTESIAN_POINT('',(-10.,-10.26545675101));
#7526 = CARTESIAN_POINT('',(-10.,-5.935329732095));
#7527 = ( GEOMETRIC_REPRESENTATION_CONTEXT(2) 
PARAMETRIC_REPRESENTATION_CONTEXT() REPRESENTATION_CONTEXT('2D SPACE',''
  ) );
#7528 = ORIENTED_EDGE('',*,*,#7529,.F.);
#7529 = EDGE_CURVE('',#7530,#7502,#7532,.T.);
#7530 = VERTEX_POINT('',#7531);
#7531 = CARTESIAN_POINT('',(280.49916341131,74.064670267905,55.));
#7532 = SURFACE_CURVE('',#7533,(#7537,#7544),.PCURVE_S1.);
#7533 = LINE('',#7534,#7535);
#7534 = CARTESIAN_POINT('',(291.,74.064670267905,55.));
#7535 = VECTOR('',#7536,1.);
#7536 = DIRECTION('',(1.,-0.,-0.));
#7537 = PCURVE('',#6592,#7538);
#7538 = DEFINITIONAL_REPRESENTATION('',(#7539),#7543);
#7539 = LINE('',#7540,#7541);
#7540 = CARTESIAN_POINT('',(3.14159265359,0.));
#7541 = VECTOR('',#7542,1.);
#7542 = DIRECTION('',(0.,1.));
#7543 = ( GEOMETRIC_REPRESENTATION_CONTEXT(2) 
PARAMETRIC_REPRESENTATION_CONTEXT() REPRESENTATION_CONTEXT('2D SPACE',''
  ) );
#7544 = PCURVE('',#7489,#7545);
#7545 = DEFINITIONAL_REPRESENTATION('',(#7546),#7550);
#7546 = LINE('',#7547,#7548);
#7547 = CARTESIAN_POINT('',(3.14159265359,0.));
#7548 = VECTOR('',#7549,1.);
#7549 = DIRECTION('',(0.,1.));
#7550 = ( GEOMETRIC_REPRESENTATION_CONTEXT(2) 
PARAMETRIC_REPRESENTATION_CONTEXT() REPRESENTATION_CONTEXT('2D SPACE',''
  ) );
#7551 = ORIENTED_EDGE('',*,*,#7552,.F.);
#7552 = EDGE_CURVE('',#6480,#7530,#7553,.T.);
#7553 = SURFACE_CURVE('',#7554,(#7559,#7588),.PCURVE_S1.);
#7554 = B_SPLINE_CURVE_WITH_KNOTS('',3,(#7555,#7556,#7557,#7558),
  .UNSPECIFIED.,.F.,.F.,(4,4),(1.44527556704E-02,1.451685054804E-02),
  .PIECEWISE_BEZIER_KNOTS.);
#7555 = CARTESIAN_POINT('',(280.5,74.,54.999163411314));
#7556 = CARTESIAN_POINT('',(280.5,74.021557388417,54.999721246819));
#7557 = CARTESIAN_POINT('',(280.49971977315,74.043169828842,55.));
#7558 = CARTESIAN_POINT('',(280.49916341131,74.064670267905,55.));
#7559 = PCURVE('',#6592,#7560);
#7560 = DEFINITIONAL_REPRESENTATION('',(#7561),#7587);
#7561 = B_SPLINE_CURVE_WITH_KNOTS('',3,(#7562,#7563,#7564,#7565,#7566,
    #7567,#7568,#7569,#7570,#7571,#7572,#7573,#7574,#7575,#7576,#7577,
    #7578,#7579,#7580,#7581,#7582,#7583,#7584,#7585,#7586),
  .UNSPECIFIED.,.F.,.F.,(4,1,1,1,1,1,1,1,1,1,1,1,1,1,1,1,1,1,1,1,1,1,4),
  (1.44527556704E-02,1.445566907393E-02,1.445858247746E-02,
    1.446149588099E-02,1.446440928452E-02,1.446732268804E-02,
    1.447023609157E-02,1.44731494951E-02,1.447606289863E-02,
    1.447897630216E-02,1.448188970569E-02,1.448480310922E-02,
    1.448771651275E-02,1.449062991628E-02,1.449354331981E-02,
    1.449645672334E-02,1.449937012686E-02,1.450228353039E-02,
    1.450519693392E-02,1.450811033745E-02,1.451102374098E-02,
    1.451393714451E-02,1.451685054804E-02),.QUASI_UNIFORM_KNOTS.);
#7562 = CARTESIAN_POINT('',(3.1674636466,-10.5));
#7563 = CARTESIAN_POINT('',(3.167071562879,-10.5));
#7564 = CARTESIAN_POINT('',(3.166287316403,-10.50000115796));
#7565 = CARTESIAN_POINT('',(3.165110745583,-10.50000636648));
#7566 = CARTESIAN_POINT('',(3.163934009654,-10.50001504428));
#7567 = CARTESIAN_POINT('',(3.162757144617,-10.50002718905));
#7568 = CARTESIAN_POINT('',(3.161580186481,-10.50004279848));
#7569 = CARTESIAN_POINT('',(3.160403171257,-10.50006187027));
#7570 = CARTESIAN_POINT('',(3.159226134963,-10.50008440211));
#7571 = CARTESIAN_POINT('',(3.158049113619,-10.5001103917));
#7572 = CARTESIAN_POINT('',(3.156872143249,-10.50013983673));
#7573 = CARTESIAN_POINT('',(3.155695259881,-10.5001727349));
#7574 = CARTESIAN_POINT('',(3.154518499543,-10.50020908389));
#7575 = CARTESIAN_POINT('',(3.153341898267,-10.50024888141));
#7576 = CARTESIAN_POINT('',(3.152165492086,-10.50029212515));
#7577 = CARTESIAN_POINT('',(3.150989317031,-10.5003388128));
#7578 = CARTESIAN_POINT('',(3.149813409137,-10.50038894206));
#7579 = CARTESIAN_POINT('',(3.148637804437,-10.50044251061));
#7580 = CARTESIAN_POINT('',(3.147462538964,-10.50049951616));
#7581 = CARTESIAN_POINT('',(3.14628764875,-10.50055995641));
#7582 = CARTESIAN_POINT('',(3.145113169822,-10.50062382903));
#7583 = CARTESIAN_POINT('',(3.14393913821,-10.50069113174));
#7584 = CARTESIAN_POINT('',(3.142765589938,-10.50076186221));
#7585 = CARTESIAN_POINT('',(3.141983570663,-10.50081129951));
#7586 = CARTESIAN_POINT('',(3.14159265359,-10.50083658868));
#7587 = ( GEOMETRIC_REPRESENTATION_CONTEXT(2) 
PARAMETRIC_REPRESENTATION_CONTEXT() REPRESENTATION_CONTEXT('2D SPACE',''
  ) );
#7588 = PCURVE('',#6010,#7589);
#7589 = DEFINITIONAL_REPRESENTATION('',(#7590),#7616);
#7590 = B_SPLINE_CURVE_WITH_KNOTS('',3,(#7591,#7592,#7593,#7594,#7595,
    #7596,#7597,#7598,#7599,#7600,#7601,#7602,#7603,#7604,#7605,#7606,
    #7607,#7608,#7609,#7610,#7611,#7612,#7613,#7614,#7615),
  .UNSPECIFIED.,.F.,.F.,(4,1,1,1,1,1,1,1,1,1,1,1,1,1,1,1,1,1,1,1,1,1,4),
  (1.44527556704E-02,1.445566907393E-02,1.445858247746E-02,
    1.446149588099E-02,1.446440928452E-02,1.446732268804E-02,
    1.447023609157E-02,1.44731494951E-02,1.447606289863E-02,
    1.447897630216E-02,1.448188970569E-02,1.448480310922E-02,
    1.448771651275E-02,1.449062991628E-02,1.449354331981E-02,
    1.449645672334E-02,1.449937012686E-02,1.450228353039E-02,
    1.450519693392E-02,1.450811033745E-02,1.451102374098E-02,
    1.451393714451E-02,1.451685054804E-02),.QUASI_UNIFORM_KNOTS.);
#7591 = CARTESIAN_POINT('',(0.,-5.000836588686));
#7592 = CARTESIAN_POINT('',(3.919525161851E-04,-5.000811232527));
#7593 = CARTESIAN_POINT('',(1.175948545511E-03,-5.000761673441));
#7594 = CARTESIAN_POINT('',(2.352179567834E-03,-5.000690794325));
#7595 = CARTESIAN_POINT('',(3.528611558224E-03,-5.000623374536));
#7596 = CARTESIAN_POINT('',(4.705208498484E-03,-5.000559413889));
#7597 = CARTESIAN_POINT('',(5.88193436608E-03,-5.000498912199));
#7598 = CARTESIAN_POINT('',(7.058753133577E-03,-5.000441869279));
#7599 = CARTESIAN_POINT('',(8.235628769643E-03,-5.000388284945));
#7600 = CARTESIAN_POINT('',(9.412525239297E-03,-5.00033815901));
#7601 = CARTESIAN_POINT('',(1.058940650453E-02,-5.00029149129));
#7602 = CARTESIAN_POINT('',(1.176623652478E-02,-5.0002482816));
#7603 = CARTESIAN_POINT('',(1.294297925745E-02,-5.000208529752));
#7604 = CARTESIAN_POINT('',(1.411959865837E-02,-5.000172235563));
#7605 = CARTESIAN_POINT('',(1.529605868245E-02,-5.000139398847));
#7606 = CARTESIAN_POINT('',(1.647232328398E-02,-5.000110019417));
#7607 = CARTESIAN_POINT('',(1.764835641735E-02,-5.00008409709));
#7608 = CARTESIAN_POINT('',(1.882412203731E-02,-5.000061631678));
#7609 = CARTESIAN_POINT('',(1.999958409984E-02,-5.000042622997));
#7610 = CARTESIAN_POINT('',(2.117470656218E-02,-5.000027070862));
#7611 = CARTESIAN_POINT('',(2.234945338383E-02,-5.000014975086));
#7612 = CARTESIAN_POINT('',(2.352378852671E-02,-5.000006335485));
#7613 = CARTESIAN_POINT('',(2.469767595549E-02,-5.000001151873));
#7614 = CARTESIAN_POINT('',(2.547994507835E-02,-5.));
#7615 = CARTESIAN_POINT('',(2.58709930104E-02,-5.));
#7616 = ( GEOMETRIC_REPRESENTATION_CONTEXT(2) 
PARAMETRIC_REPRESENTATION_CONTEXT() REPRESENTATION_CONTEXT('2D SPACE',''
  ) );
#7617 = ORIENTED_EDGE('',*,*,#6479,.F.);
#7618 = ORIENTED_EDGE('',*,*,#7619,.F.);
#7619 = EDGE_CURVE('',#7472,#6457,#7620,.T.);
#7620 = SURFACE_CURVE('',#7621,(#7626,#7655),.PCURVE_S1.);
#7621 = B_SPLINE_CURVE_WITH_KNOTS('',3,(#7622,#7623,#7624,#7625),
  .UNSPECIFIED.,.F.,.F.,(4,4),(5.589153999723E-03,5.653380778907E-03),
  .PIECEWISE_BEZIER_KNOTS.);
#7622 = CARTESIAN_POINT('',(280.49916341131,74.064670267905,50.));
#7623 = CARTESIAN_POINT('',(280.49971968656,74.043173175245,50.));
#7624 = CARTESIAN_POINT('',(280.5,74.021616748884,50.000277217124));
#7625 = CARTESIAN_POINT('',(280.5,74.,50.000836588686));
#7626 = PCURVE('',#6592,#7627);
#7627 = DEFINITIONAL_REPRESENTATION('',(#7628),#7654);
#7628 = B_SPLINE_CURVE_WITH_KNOTS('',3,(#7629,#7630,#7631,#7632,#7633,
    #7634,#7635,#7636,#7637,#7638,#7639,#7640,#7641,#7642,#7643,#7644,
    #7645,#7646,#7647,#7648,#7649,#7650,#7651,#7652,#7653),
  .UNSPECIFIED.,.F.,.F.,(4,1,1,1,1,1,1,1,1,1,1,1,1,1,1,1,1,1,1,1,1,1,4),
  (5.589153999723E-03,5.592073398776E-03,5.59499279783E-03,
    5.597912196884E-03,5.600831595938E-03,5.603750994992E-03,
    5.606670394046E-03,5.6095897931E-03,5.612509192153E-03,
    5.615428591207E-03,5.618347990261E-03,5.621267389315E-03,
    5.624186788369E-03,5.627106187423E-03,5.630025586476E-03,
    5.63294498553E-03,5.635864384584E-03,5.638783783638E-03,
    5.641703182692E-03,5.644622581746E-03,5.647541980799E-03,
    5.650461379853E-03,5.653380778907E-03),.QUASI_UNIFORM_KNOTS.);
#7629 = CARTESIAN_POINT('',(6.28318530718,-10.50083658868));
#7630 = CARTESIAN_POINT('',(6.282794450949,-10.50081130344));
#7631 = CARTESIAN_POINT('',(6.282012640417,-10.5007618733));
#7632 = CARTESIAN_POINT('',(6.280839628566,-10.50069115156));
#7633 = CARTESIAN_POINT('',(6.279666318825,-10.50062385574));
#7634 = CARTESIAN_POINT('',(6.278492709353,-10.50055998829));
#7635 = CARTESIAN_POINT('',(6.277318798307,-10.50049955165));
#7636 = CARTESIAN_POINT('',(6.276144583839,-10.5004425483));
#7637 = CARTESIAN_POINT('',(6.2749700641,-10.50038898067));
#7638 = CARTESIAN_POINT('',(6.273795237239,-10.50033885122));
#7639 = CARTESIAN_POINT('',(6.272620101402,-10.5002921624));
#7640 = CARTESIAN_POINT('',(6.27144465473,-10.50024891666));
#7641 = CARTESIAN_POINT('',(6.270268895365,-10.50020911646));
#7642 = CARTESIAN_POINT('',(6.269092821443,-10.50017276424));
#7643 = CARTESIAN_POINT('',(6.267916431099,-10.50013986247));
#7644 = CARTESIAN_POINT('',(6.266739722467,-10.50011041358));
#7645 = CARTESIAN_POINT('',(6.265562693675,-10.50008442004));
#7646 = CARTESIAN_POINT('',(6.264385342851,-10.50006188429));
#7647 = CARTESIAN_POINT('',(6.26320766812,-10.50004280879));
#7648 = CARTESIAN_POINT('',(6.262029667603,-10.50002719599));
#7649 = CARTESIAN_POINT('',(6.260851339421,-10.50001504835));
#7650 = CARTESIAN_POINT('',(6.25967268169,-10.5000063683));
#7651 = CARTESIAN_POINT('',(6.258493692525,-10.50000115832));
#7652 = CARTESIAN_POINT('',(6.257707477533,-10.5));
#7653 = CARTESIAN_POINT('',(6.257314314169,-10.5));
#7654 = ( GEOMETRIC_REPRESENTATION_CONTEXT(2) 
PARAMETRIC_REPRESENTATION_CONTEXT() REPRESENTATION_CONTEXT('2D SPACE',''
  ) );
#7655 = PCURVE('',#6010,#7656);
#7656 = DEFINITIONAL_REPRESENTATION('',(#7657),#7683);
#7657 = B_SPLINE_CURVE_WITH_KNOTS('',3,(#7658,#7659,#7660,#7661,#7662,
    #7663,#7664,#7665,#7666,#7667,#7668,#7669,#7670,#7671,#7672,#7673,
    #7674,#7675,#7676,#7677,#7678,#7679,#7680,#7681,#7682),
  .UNSPECIFIED.,.F.,.F.,(4,1,1,1,1,1,1,1,1,1,1,1,1,1,1,1,1,1,1,1,1,1,4),
  (5.589153999723E-03,5.592073398776E-03,5.59499279783E-03,
    5.597912196884E-03,5.600831595938E-03,5.603750994992E-03,
    5.606670394046E-03,5.6095897931E-03,5.612509192153E-03,
    5.615428591207E-03,5.618347990261E-03,5.621267389315E-03,
    5.624186788369E-03,5.627106187423E-03,5.630025586476E-03,
    5.63294498553E-03,5.635864384584E-03,5.638783783638E-03,
    5.641703182692E-03,5.644622581746E-03,5.647541980799E-03,
    5.650461379853E-03,5.653380778907E-03),.QUASI_UNIFORM_KNOTS.);
#7658 = CARTESIAN_POINT('',(2.58709930104E-02,-10.));
#7659 = CARTESIAN_POINT('',(2.548000594187E-02,-10.));
#7660 = CARTESIAN_POINT('',(2.469794556554E-02,-9.999998854475));
#7661 = CARTESIAN_POINT('',(2.3524594469E-02,-9.999993696829));
#7662 = CARTESIAN_POINT('',(2.235098102719E-02,-9.999985097043));
#7663 = CARTESIAN_POINT('',(2.117710342346E-02,-9.999973052334));
#7664 = CARTESIAN_POINT('',(2.000295983902E-02,-9.999957559922));
#7665 = CARTESIAN_POINT('',(1.882854845252E-02,-9.999938617022));
#7666 = CARTESIAN_POINT('',(1.765386744029E-02,-9.999916220855));
#7667 = CARTESIAN_POINT('',(1.647891497619E-02,-9.999890368636));
#7668 = CARTESIAN_POINT('',(1.530368923178E-02,-9.999861057585));
#7669 = CARTESIAN_POINT('',(1.412818837615E-02,-9.999828284919));
#7670 = CARTESIAN_POINT('',(1.295241057617E-02,-9.999792047856));
#7671 = CARTESIAN_POINT('',(1.177635399625E-02,-9.999752343614));
#7672 = CARTESIAN_POINT('',(1.06000167986E-02,-9.99970916941));
#7673 = CARTESIAN_POINT('',(9.423397143052E-03,-9.999662522464));
#7674 = CARTESIAN_POINT('',(8.246493187208E-03,-9.999612399991));
#7675 = CARTESIAN_POINT('',(7.069303086374E-03,-9.999558799212));
#7676 = CARTESIAN_POINT('',(5.891824993633E-03,-9.999501717342));
#7677 = CARTESIAN_POINT('',(4.714057059802E-03,-9.999441151601));
#7678 = CARTESIAN_POINT('',(3.535997433527E-03,-9.999377099206));
#7679 = CARTESIAN_POINT('',(2.357644261181E-03,-9.999309557376));
#7680 = CARTESIAN_POINT('',(1.178995687183E-03,-9.999238523327));
#7681 = CARTESIAN_POINT('',(3.930317977168E-04,-9.999188837294));
#7682 = CARTESIAN_POINT('',(0.,-9.999163411314));
#7683 = ( GEOMETRIC_REPRESENTATION_CONTEXT(2) 
PARAMETRIC_REPRESENTATION_CONTEXT() REPRESENTATION_CONTEXT('2D SPACE',''
  ) );
#7684 = ADVANCED_FACE('',(#7685,#7714,#7743,#7772,#7978,#8007,#8036,
    #8065,#8094,#8123),#73,.F.);
#7685 = FACE_BOUND('',#7686,.T.);
#7686 = EDGE_LOOP('',(#7687,#7713));
#7687 = ORIENTED_EDGE('',*,*,#7688,.F.);
#7688 = EDGE_CURVE('',#24,#57,#7689,.T.);
#7689 = SURFACE_CURVE('',#7690,(#7695,#7706),.PCURVE_S1.);
#7690 = CIRCLE('',#7691,2.);
#7691 = AXIS2_PLACEMENT_3D('',#7692,#7693,#7694);
#7692 = CARTESIAN_POINT('',(6.,67.,60.));
#7693 = DIRECTION('',(0.,-0.,1.));
#7694 = DIRECTION('',(1.,0.,0.));
#7695 = PCURVE('',#73,#7696);
#7696 = DEFINITIONAL_REPRESENTATION('',(#7697),#7705);
#7697 = ( BOUNDED_CURVE() B_SPLINE_CURVE(2,(#7698,#7699,#7700,#7701,
#7702,#7703,#7704),.UNSPECIFIED.,.T.,.F.) B_SPLINE_CURVE_WITH_KNOTS((1,2
    ,2,2,2,1),(-2.094395102393,0.,2.094395102393,4.188790204786,
6.28318530718,8.377580409573),.UNSPECIFIED.) CURVE() 
GEOMETRIC_REPRESENTATION_ITEM() RATIONAL_B_SPLINE_CURVE((1.,0.5,1.,0.5,
1.,0.5,1.)) REPRESENTATION_ITEM('') );
#7698 = CARTESIAN_POINT('',(-8.,67.));
#7699 = CARTESIAN_POINT('',(-8.,70.464101615138));
#7700 = CARTESIAN_POINT('',(-5.,68.732050807569));
#7701 = CARTESIAN_POINT('',(-2.,67.));
#7702 = CARTESIAN_POINT('',(-5.,65.267949192431));
#7703 = CARTESIAN_POINT('',(-8.,63.535898384862));
#7704 = CARTESIAN_POINT('',(-8.,67.));
#7705 = ( GEOMETRIC_REPRESENTATION_CONTEXT(2) 
PARAMETRIC_REPRESENTATION_CONTEXT() REPRESENTATION_CONTEXT('2D SPACE',''
  ) );
#7706 = PCURVE('',#44,#7707);
#7707 = DEFINITIONAL_REPRESENTATION('',(#7708),#7712);
#7708 = LINE('',#7709,#7710);
#7709 = CARTESIAN_POINT('',(0.,0.));
#7710 = VECTOR('',#7711,1.);
#7711 = DIRECTION('',(1.,0.));
#7712 = ( GEOMETRIC_REPRESENTATION_CONTEXT(2) 
PARAMETRIC_REPRESENTATION_CONTEXT() REPRESENTATION_CONTEXT('2D SPACE',''
  ) );
#7713 = ORIENTED_EDGE('',*,*,#56,.F.);
#7714 = FACE_BOUND('',#7715,.T.);
#7715 = EDGE_LOOP('',(#7716,#7742));
#7716 = ORIENTED_EDGE('',*,*,#7717,.F.);
#7717 = EDGE_CURVE('',#6671,#6694,#7718,.T.);
#7718 = SURFACE_CURVE('',#7719,(#7724,#7735),.PCURVE_S1.);
#7719 = CIRCLE('',#7720,2.5);
#7720 = AXIS2_PLACEMENT_3D('',#7721,#7722,#7723);
#7721 = CARTESIAN_POINT('',(278.,74.,60.));
#7722 = DIRECTION('',(0.,-0.,1.));
#7723 = DIRECTION('',(1.,0.,0.));
#7724 = PCURVE('',#73,#7725);
#7725 = DEFINITIONAL_REPRESENTATION('',(#7726),#7734);
#7726 = ( BOUNDED_CURVE() B_SPLINE_CURVE(2,(#7727,#7728,#7729,#7730,
#7731,#7732,#7733),.UNSPECIFIED.,.T.,.F.) B_SPLINE_CURVE_WITH_KNOTS((1,2
    ,2,2,2,1),(-2.094395102393,0.,2.094395102393,4.188790204786,
6.28318530718,8.377580409573),.UNSPECIFIED.) CURVE() 
GEOMETRIC_REPRESENTATION_ITEM() RATIONAL_B_SPLINE_CURVE((1.,0.5,1.,0.5,
1.,0.5,1.)) REPRESENTATION_ITEM('') );
#7727 = CARTESIAN_POINT('',(-280.5,74.));
#7728 = CARTESIAN_POINT('',(-280.5,78.330127018922));
#7729 = CARTESIAN_POINT('',(-276.75,76.165063509461));
#7730 = CARTESIAN_POINT('',(-273.,74.));
#7731 = CARTESIAN_POINT('',(-276.75,71.834936490539));
#7732 = CARTESIAN_POINT('',(-280.5,69.669872981078));
#7733 = CARTESIAN_POINT('',(-280.5,74.));
#7734 = ( GEOMETRIC_REPRESENTATION_CONTEXT(2) 
PARAMETRIC_REPRESENTATION_CONTEXT() REPRESENTATION_CONTEXT('2D SPACE',''
  ) );
#7735 = PCURVE('',#6010,#7736);
#7736 = DEFINITIONAL_REPRESENTATION('',(#7737),#7741);
#7737 = LINE('',#7738,#7739);
#7738 = CARTESIAN_POINT('',(0.,0.));
#7739 = VECTOR('',#7740,1.);
#7740 = DIRECTION('',(1.,0.));
#7741 = ( GEOMETRIC_REPRESENTATION_CONTEXT(2) 
PARAMETRIC_REPRESENTATION_CONTEXT() REPRESENTATION_CONTEXT('2D SPACE',''
  ) );
#7742 = ORIENTED_EDGE('',*,*,#6693,.F.);
#7743 = FACE_BOUND('',#7744,.T.);
#7744 = EDGE_LOOP('',(#7745,#7771));
#7745 = ORIENTED_EDGE('',*,*,#7746,.F.);
#7746 = EDGE_CURVE('',#6749,#6782,#7747,.T.);
#7747 = SURFACE_CURVE('',#7748,(#7753,#7764),.PCURVE_S1.);
#7748 = CIRCLE('',#7749,2.5);
#7749 = AXIS2_PLACEMENT_3D('',#7750,#7751,#7752);
#7750 = CARTESIAN_POINT('',(243.,74.,60.));
#7751 = DIRECTION('',(0.,-0.,1.));
#7752 = DIRECTION('',(1.,0.,0.));
#7753 = PCURVE('',#73,#7754);
#7754 = DEFINITIONAL_REPRESENTATION('',(#7755),#7763);
#7755 = ( BOUNDED_CURVE() B_SPLINE_CURVE(2,(#7756,#7757,#7758,#7759,
#7760,#7761,#7762),.UNSPECIFIED.,.T.,.F.) B_SPLINE_CURVE_WITH_KNOTS((1,2
    ,2,2,2,1),(-2.094395102393,0.,2.094395102393,4.188790204786,
6.28318530718,8.377580409573),.UNSPECIFIED.) CURVE() 
GEOMETRIC_REPRESENTATION_ITEM() RATIONAL_B_SPLINE_CURVE((1.,0.5,1.,0.5,
1.,0.5,1.)) REPRESENTATION_ITEM('') );
#7756 = CARTESIAN_POINT('',(-245.5,74.));
#7757 = CARTESIAN_POINT('',(-245.5,78.330127018922));
#7758 = CARTESIAN_POINT('',(-241.75,76.165063509461));
#7759 = CARTESIAN_POINT('',(-238.,74.));
#7760 = CARTESIAN_POINT('',(-241.75,71.834936490539));
#7761 = CARTESIAN_POINT('',(-245.5,69.669872981078));
#7762 = CARTESIAN_POINT('',(-245.5,74.));
#7763 = ( GEOMETRIC_REPRESENTATION_CONTEXT(2) 
PARAMETRIC_REPRESENTATION_CONTEXT() REPRESENTATION_CONTEXT('2D SPACE',''
  ) );
#7764 = PCURVE('',#6769,#7765);
#7765 = DEFINITIONAL_REPRESENTATION('',(#7766),#7770);
#7766 = LINE('',#7767,#7768);
#7767 = CARTESIAN_POINT('',(0.,0.));
#7768 = VECTOR('',#7769,1.);
#7769 = DIRECTION('',(1.,0.));
#7770 = ( GEOMETRIC_REPRESENTATION_CONTEXT(2) 
PARAMETRIC_REPRESENTATION_CONTEXT() REPRESENTATION_CONTEXT('2D SPACE',''
  ) );
#7771 = ORIENTED_EDGE('',*,*,#6781,.F.);
#7772 = FACE_BOUND('',#7773,.T.);
#7773 = EDGE_LOOP('',(#7774,#7799,#7827,#7850,#7878,#7901,#7929,#7952));
#7774 = ORIENTED_EDGE('',*,*,#7775,.T.);
#7775 = EDGE_CURVE('',#7776,#7778,#7780,.T.);
#7776 = VERTEX_POINT('',#7777);
#7777 = CARTESIAN_POINT('',(0.,77.,60.));
#7778 = VERTEX_POINT('',#7779);
#7779 = CARTESIAN_POINT('',(0.,3.,60.));
#7780 = SURFACE_CURVE('',#7781,(#7785,#7792),.PCURVE_S1.);
#7781 = LINE('',#7782,#7783);
#7782 = CARTESIAN_POINT('',(0.,0.,60.));
#7783 = VECTOR('',#7784,1.);
#7784 = DIRECTION('',(-0.,-1.,-0.));
#7785 = PCURVE('',#73,#7786);
#7786 = DEFINITIONAL_REPRESENTATION('',(#7787),#7791);
#7787 = LINE('',#7788,#7789);
#7788 = CARTESIAN_POINT('',(0.,0.));
#7789 = VECTOR('',#7790,1.);
#7790 = DIRECTION('',(0.,-1.));
#7791 = ( GEOMETRIC_REPRESENTATION_CONTEXT(2) 
PARAMETRIC_REPRESENTATION_CONTEXT() REPRESENTATION_CONTEXT('2D SPACE',''
  ) );
#7792 = PCURVE('',#4673,#7793);
#7793 = DEFINITIONAL_REPRESENTATION('',(#7794),#7798);
#7794 = LINE('',#7795,#7796);
#7795 = CARTESIAN_POINT('',(0.,0.));
#7796 = VECTOR('',#7797,1.);
#7797 = DIRECTION('',(0.,-1.));
#7798 = ( GEOMETRIC_REPRESENTATION_CONTEXT(2) 
PARAMETRIC_REPRESENTATION_CONTEXT() REPRESENTATION_CONTEXT('2D SPACE',''
  ) );
#7799 = ORIENTED_EDGE('',*,*,#7800,.T.);
#7800 = EDGE_CURVE('',#7778,#7801,#7803,.T.);
#7801 = VERTEX_POINT('',#7802);
#7802 = CARTESIAN_POINT('',(12.,3.,60.));
#7803 = SURFACE_CURVE('',#7804,(#7808,#7815),.PCURVE_S1.);
#7804 = LINE('',#7805,#7806);
#7805 = CARTESIAN_POINT('',(-6.123233995737E-17,3.,60.));
#7806 = VECTOR('',#7807,1.);
#7807 = DIRECTION('',(1.,2.041077998579E-17,0.));
#7808 = PCURVE('',#73,#7809);
#7809 = DEFINITIONAL_REPRESENTATION('',(#7810),#7814);
#7810 = LINE('',#7811,#7812);
#7811 = CARTESIAN_POINT('',(6.123233995737E-17,3.));
#7812 = VECTOR('',#7813,1.);
#7813 = DIRECTION('',(-1.,2.041077998579E-17));
#7814 = ( GEOMETRIC_REPRESENTATION_CONTEXT(2) 
PARAMETRIC_REPRESENTATION_CONTEXT() REPRESENTATION_CONTEXT('2D SPACE',''
  ) );
#7815 = PCURVE('',#7816,#7821);
#7816 = PLANE('',#7817);
#7817 = AXIS2_PLACEMENT_3D('',#7818,#7819,#7820);
#7818 = CARTESIAN_POINT('',(-6.123233995737E-17,3.,60.));
#7819 = DIRECTION('',(-1.443260093726E-17,0.707106781187,-0.707106781187
    ));
#7820 = DIRECTION('',(-2.180978298302E-33,0.707106781187,0.707106781187)
  );
#7821 = DEFINITIONAL_REPRESENTATION('',(#7822),#7826);
#7822 = LINE('',#7823,#7824);
#7823 = CARTESIAN_POINT('',(0.,0.));
#7824 = VECTOR('',#7825,1.);
#7825 = DIRECTION('',(1.443260093726E-17,1.));
#7826 = ( GEOMETRIC_REPRESENTATION_CONTEXT(2) 
PARAMETRIC_REPRESENTATION_CONTEXT() REPRESENTATION_CONTEXT('2D SPACE',''
  ) );
#7827 = ORIENTED_EDGE('',*,*,#7828,.T.);
#7828 = EDGE_CURVE('',#7801,#7829,#7831,.T.);
#7829 = VERTEX_POINT('',#7830);
#7830 = CARTESIAN_POINT('',(12.,65.,60.));
#7831 = SURFACE_CURVE('',#7832,(#7836,#7843),.PCURVE_S1.);
#7832 = LINE('',#7833,#7834);
#7833 = CARTESIAN_POINT('',(12.,68.,60.));
#7834 = VECTOR('',#7835,1.);
#7835 = DIRECTION('',(-2.040851148208E-16,1.,-0.));
#7836 = PCURVE('',#73,#7837);
#7837 = DEFINITIONAL_REPRESENTATION('',(#7838),#7842);
#7838 = LINE('',#7839,#7840);
#7839 = CARTESIAN_POINT('',(-12.,68.));
#7840 = VECTOR('',#7841,1.);
#7841 = DIRECTION('',(2.040851148208E-16,1.));
#7842 = ( GEOMETRIC_REPRESENTATION_CONTEXT(2) 
PARAMETRIC_REPRESENTATION_CONTEXT() REPRESENTATION_CONTEXT('2D SPACE',''
  ) );
#7843 = PCURVE('',#4614,#7844);
#7844 = DEFINITIONAL_REPRESENTATION('',(#7845),#7849);
#7845 = LINE('',#7846,#7847);
#7846 = CARTESIAN_POINT('',(0.,0.));
#7847 = VECTOR('',#7848,1.);
#7848 = DIRECTION('',(-1.,0.));
#7849 = ( GEOMETRIC_REPRESENTATION_CONTEXT(2) 
PARAMETRIC_REPRESENTATION_CONTEXT() REPRESENTATION_CONTEXT('2D SPACE',''
  ) );
#7850 = ORIENTED_EDGE('',*,*,#7851,.T.);
#7851 = EDGE_CURVE('',#7829,#7852,#7854,.T.);
#7852 = VERTEX_POINT('',#7853);
#7853 = CARTESIAN_POINT('',(15.,68.,60.));
#7854 = SURFACE_CURVE('',#7855,(#7859,#7866),.PCURVE_S1.);
#7855 = LINE('',#7856,#7857);
#7856 = CARTESIAN_POINT('',(-26.5,26.5,60.));
#7857 = VECTOR('',#7858,1.);
#7858 = DIRECTION('',(0.707106781187,0.707106781187,-0.));
#7859 = PCURVE('',#73,#7860);
#7860 = DEFINITIONAL_REPRESENTATION('',(#7861),#7865);
#7861 = LINE('',#7862,#7863);
#7862 = CARTESIAN_POINT('',(26.5,26.5));
#7863 = VECTOR('',#7864,1.);
#7864 = DIRECTION('',(-0.707106781187,0.707106781187));
#7865 = ( GEOMETRIC_REPRESENTATION_CONTEXT(2) 
PARAMETRIC_REPRESENTATION_CONTEXT() REPRESENTATION_CONTEXT('2D SPACE',''
  ) );
#7866 = PCURVE('',#7867,#7872);
#7867 = PLANE('',#7868);
#7868 = AXIS2_PLACEMENT_3D('',#7869,#7870,#7871);
#7869 = CARTESIAN_POINT('',(15.,68.,60.));
#7870 = DIRECTION('',(0.707106781187,-0.707106781187,0.));
#7871 = DIRECTION('',(0.707106781187,0.707106781187,0.));
#7872 = DEFINITIONAL_REPRESENTATION('',(#7873),#7877);
#7873 = LINE('',#7874,#7875);
#7874 = CARTESIAN_POINT('',(-58.68986283848,0.));
#7875 = VECTOR('',#7876,1.);
#7876 = DIRECTION('',(1.,0.));
#7877 = ( GEOMETRIC_REPRESENTATION_CONTEXT(2) 
PARAMETRIC_REPRESENTATION_CONTEXT() REPRESENTATION_CONTEXT('2D SPACE',''
  ) );
#7878 = ORIENTED_EDGE('',*,*,#7879,.T.);
#7879 = EDGE_CURVE('',#7852,#7880,#7882,.T.);
#7880 = VERTEX_POINT('',#7881);
#7881 = CARTESIAN_POINT('',(288.,68.,60.));
#7882 = SURFACE_CURVE('',#7883,(#7887,#7894),.PCURVE_S1.);
#7883 = LINE('',#7884,#7885);
#7884 = CARTESIAN_POINT('',(291.,68.,60.));
#7885 = VECTOR('',#7886,1.);
#7886 = DIRECTION('',(1.,9.948234987681E-17,-0.));
#7887 = PCURVE('',#73,#7888);
#7888 = DEFINITIONAL_REPRESENTATION('',(#7889),#7893);
#7889 = LINE('',#7890,#7891);
#7890 = CARTESIAN_POINT('',(-291.,68.));
#7891 = VECTOR('',#7892,1.);
#7892 = DIRECTION('',(-1.,9.948234987681E-17));
#7893 = ( GEOMETRIC_REPRESENTATION_CONTEXT(2) 
PARAMETRIC_REPRESENTATION_CONTEXT() REPRESENTATION_CONTEXT('2D SPACE',''
  ) );
#7894 = PCURVE('',#592,#7895);
#7895 = DEFINITIONAL_REPRESENTATION('',(#7896),#7900);
#7896 = LINE('',#7897,#7898);
#7897 = CARTESIAN_POINT('',(0.,0.));
#7898 = VECTOR('',#7899,1.);
#7899 = DIRECTION('',(-1.,0.));
#7900 = ( GEOMETRIC_REPRESENTATION_CONTEXT(2) 
PARAMETRIC_REPRESENTATION_CONTEXT() REPRESENTATION_CONTEXT('2D SPACE',''
  ) );
#7901 = ORIENTED_EDGE('',*,*,#7902,.T.);
#7902 = EDGE_CURVE('',#7880,#7903,#7905,.T.);
#7903 = VERTEX_POINT('',#7904);
#7904 = CARTESIAN_POINT('',(288.,80.,60.));
#7905 = SURFACE_CURVE('',#7906,(#7910,#7917),.PCURVE_S1.);
#7906 = LINE('',#7907,#7908);
#7907 = CARTESIAN_POINT('',(288.,0.,60.));
#7908 = VECTOR('',#7909,1.);
#7909 = DIRECTION('',(0.,1.,0.));
#7910 = PCURVE('',#73,#7911);
#7911 = DEFINITIONAL_REPRESENTATION('',(#7912),#7916);
#7912 = LINE('',#7913,#7914);
#7913 = CARTESIAN_POINT('',(-288.,0.));
#7914 = VECTOR('',#7915,1.);
#7915 = DIRECTION('',(0.,1.));
#7916 = ( GEOMETRIC_REPRESENTATION_CONTEXT(2) 
PARAMETRIC_REPRESENTATION_CONTEXT() REPRESENTATION_CONTEXT('2D SPACE',''
  ) );
#7917 = PCURVE('',#7918,#7923);
#7918 = PLANE('',#7919);
#7919 = AXIS2_PLACEMENT_3D('',#7920,#7921,#7922);
#7920 = CARTESIAN_POINT('',(288.,0.,60.));
#7921 = DIRECTION('',(-0.707106781187,0.,-0.707106781187));
#7922 = DIRECTION('',(-0.707106781187,0.,0.707106781187));
#7923 = DEFINITIONAL_REPRESENTATION('',(#7924),#7928);
#7924 = LINE('',#7925,#7926);
#7925 = CARTESIAN_POINT('',(0.,0.));
#7926 = VECTOR('',#7927,1.);
#7927 = DIRECTION('',(0.,1.));
#7928 = ( GEOMETRIC_REPRESENTATION_CONTEXT(2) 
PARAMETRIC_REPRESENTATION_CONTEXT() REPRESENTATION_CONTEXT('2D SPACE',''
  ) );
#7929 = ORIENTED_EDGE('',*,*,#7930,.T.);
#7930 = EDGE_CURVE('',#7903,#7931,#7933,.T.);
#7931 = VERTEX_POINT('',#7932);
#7932 = CARTESIAN_POINT('',(3.,80.,60.));
#7933 = SURFACE_CURVE('',#7934,(#7938,#7945),.PCURVE_S1.);
#7934 = LINE('',#7935,#7936);
#7935 = CARTESIAN_POINT('',(0.,80.,60.));
#7936 = VECTOR('',#7937,1.);
#7937 = DIRECTION('',(-1.,-0.,-0.));
#7938 = PCURVE('',#73,#7939);
#7939 = DEFINITIONAL_REPRESENTATION('',(#7940),#7944);
#7940 = LINE('',#7941,#7942);
#7941 = CARTESIAN_POINT('',(0.,80.));
#7942 = VECTOR('',#7943,1.);
#7943 = DIRECTION('',(1.,0.));
#7944 = ( GEOMETRIC_REPRESENTATION_CONTEXT(2) 
PARAMETRIC_REPRESENTATION_CONTEXT() REPRESENTATION_CONTEXT('2D SPACE',''
  ) );
#7945 = PCURVE('',#646,#7946);
#7946 = DEFINITIONAL_REPRESENTATION('',(#7947),#7951);
#7947 = LINE('',#7948,#7949);
#7948 = CARTESIAN_POINT('',(0.,0.));
#7949 = VECTOR('',#7950,1.);
#7950 = DIRECTION('',(0.,-1.));
#7951 = ( GEOMETRIC_REPRESENTATION_CONTEXT(2) 
PARAMETRIC_REPRESENTATION_CONTEXT() REPRESENTATION_CONTEXT('2D SPACE',''
  ) );
#7952 = ORIENTED_EDGE('',*,*,#7953,.T.);
#7953 = EDGE_CURVE('',#7931,#7776,#7954,.T.);
#7954 = SURFACE_CURVE('',#7955,(#7959,#7966),.PCURVE_S1.);
#7955 = LINE('',#7956,#7957);
#7956 = CARTESIAN_POINT('',(0.,77.,60.));
#7957 = VECTOR('',#7958,1.);
#7958 = DIRECTION('',(-0.707106781187,-0.707106781187,-0.));
#7959 = PCURVE('',#73,#7960);
#7960 = DEFINITIONAL_REPRESENTATION('',(#7961),#7965);
#7961 = LINE('',#7962,#7963);
#7962 = CARTESIAN_POINT('',(0.,77.));
#7963 = VECTOR('',#7964,1.);
#7964 = DIRECTION('',(0.707106781187,-0.707106781187));
#7965 = ( GEOMETRIC_REPRESENTATION_CONTEXT(2) 
PARAMETRIC_REPRESENTATION_CONTEXT() REPRESENTATION_CONTEXT('2D SPACE',''
  ) );
#7966 = PCURVE('',#7967,#7972);
#7967 = PLANE('',#7968);
#7968 = AXIS2_PLACEMENT_3D('',#7969,#7970,#7971);
#7969 = CARTESIAN_POINT('',(0.,77.,60.));
#7970 = DIRECTION('',(0.707106781187,-0.707106781187,0.));
#7971 = DIRECTION('',(0.707106781187,0.707106781187,0.));
#7972 = DEFINITIONAL_REPRESENTATION('',(#7973),#7977);
#7973 = LINE('',#7974,#7975);
#7974 = CARTESIAN_POINT('',(0.,0.));
#7975 = VECTOR('',#7976,1.);
#7976 = DIRECTION('',(-1.,0.));
#7977 = ( GEOMETRIC_REPRESENTATION_CONTEXT(2) 
PARAMETRIC_REPRESENTATION_CONTEXT() REPRESENTATION_CONTEXT('2D SPACE',''
  ) );
#7978 = FACE_BOUND('',#7979,.T.);
#7979 = EDGE_LOOP('',(#7980,#8006));
#7980 = ORIENTED_EDGE('',*,*,#7981,.F.);
#7981 = EDGE_CURVE('',#5705,#5738,#7982,.T.);
#7982 = SURFACE_CURVE('',#7983,(#7988,#7999),.PCURVE_S1.);
#7983 = CIRCLE('',#7984,2.);
#7984 = AXIS2_PLACEMENT_3D('',#7985,#7986,#7987);
#7985 = CARTESIAN_POINT('',(260.5,74.,60.));
#7986 = DIRECTION('',(0.,-0.,1.));
#7987 = DIRECTION('',(1.,0.,0.));
#7988 = PCURVE('',#73,#7989);
#7989 = DEFINITIONAL_REPRESENTATION('',(#7990),#7998);
#7990 = ( BOUNDED_CURVE() B_SPLINE_CURVE(2,(#7991,#7992,#7993,#7994,
#7995,#7996,#7997),.UNSPECIFIED.,.T.,.F.) B_SPLINE_CURVE_WITH_KNOTS((1,2
    ,2,2,2,1),(-2.094395102393,0.,2.094395102393,4.188790204786,
6.28318530718,8.377580409573),.UNSPECIFIED.) CURVE() 
GEOMETRIC_REPRESENTATION_ITEM() RATIONAL_B_SPLINE_CURVE((1.,0.5,1.,0.5,
1.,0.5,1.)) REPRESENTATION_ITEM('') );
#7991 = CARTESIAN_POINT('',(-262.5,74.));
#7992 = CARTESIAN_POINT('',(-262.5,77.464101615138));
#7993 = CARTESIAN_POINT('',(-259.5,75.732050807569));
#7994 = CARTESIAN_POINT('',(-256.5,74.));
#7995 = CARTESIAN_POINT('',(-259.5,72.267949192431));
#7996 = CARTESIAN_POINT('',(-262.5,70.535898384862));
#7997 = CARTESIAN_POINT('',(-262.5,74.));
#7998 = ( GEOMETRIC_REPRESENTATION_CONTEXT(2) 
PARAMETRIC_REPRESENTATION_CONTEXT() REPRESENTATION_CONTEXT('2D SPACE',''
  ) );
#7999 = PCURVE('',#5725,#8000);
#8000 = DEFINITIONAL_REPRESENTATION('',(#8001),#8005);
#8001 = LINE('',#8002,#8003);
#8002 = CARTESIAN_POINT('',(0.,0.));
#8003 = VECTOR('',#8004,1.);
#8004 = DIRECTION('',(1.,0.));
#8005 = ( GEOMETRIC_REPRESENTATION_CONTEXT(2) 
PARAMETRIC_REPRESENTATION_CONTEXT() REPRESENTATION_CONTEXT('2D SPACE',''
  ) );
#8006 = ORIENTED_EDGE('',*,*,#5737,.F.);
#8007 = FACE_BOUND('',#8008,.T.);
#8008 = EDGE_LOOP('',(#8009,#8035));
#8009 = ORIENTED_EDGE('',*,*,#8010,.F.);
#8010 = EDGE_CURVE('',#5590,#5623,#8011,.T.);
#8011 = SURFACE_CURVE('',#8012,(#8017,#8028),.PCURVE_S1.);
#8012 = CIRCLE('',#8013,2.5);
#8013 = AXIS2_PLACEMENT_3D('',#8014,#8015,#8016);
#8014 = CARTESIAN_POINT('',(6.,50.,60.));
#8015 = DIRECTION('',(0.,-0.,1.));
#8016 = DIRECTION('',(1.,0.,0.));
#8017 = PCURVE('',#73,#8018);
#8018 = DEFINITIONAL_REPRESENTATION('',(#8019),#8027);
#8019 = ( BOUNDED_CURVE() B_SPLINE_CURVE(2,(#8020,#8021,#8022,#8023,
#8024,#8025,#8026),.UNSPECIFIED.,.T.,.F.) B_SPLINE_CURVE_WITH_KNOTS((1,2
    ,2,2,2,1),(-2.094395102393,0.,2.094395102393,4.188790204786,
6.28318530718,8.377580409573),.UNSPECIFIED.) CURVE() 
GEOMETRIC_REPRESENTATION_ITEM() RATIONAL_B_SPLINE_CURVE((1.,0.5,1.,0.5,
1.,0.5,1.)) REPRESENTATION_ITEM('') );
#8020 = CARTESIAN_POINT('',(-8.5,50.));
#8021 = CARTESIAN_POINT('',(-8.5,54.330127018922));
#8022 = CARTESIAN_POINT('',(-4.75,52.165063509461));
#8023 = CARTESIAN_POINT('',(-1.,50.));
#8024 = CARTESIAN_POINT('',(-4.75,47.834936490539));
#8025 = CARTESIAN_POINT('',(-8.5,45.669872981078));
#8026 = CARTESIAN_POINT('',(-8.5,50.));
#8027 = ( GEOMETRIC_REPRESENTATION_CONTEXT(2) 
PARAMETRIC_REPRESENTATION_CONTEXT() REPRESENTATION_CONTEXT('2D SPACE',''
  ) );
#8028 = PCURVE('',#5610,#8029);
#8029 = DEFINITIONAL_REPRESENTATION('',(#8030),#8034);
#8030 = LINE('',#8031,#8032);
#8031 = CARTESIAN_POINT('',(0.,0.));
#8032 = VECTOR('',#8033,1.);
#8033 = DIRECTION('',(1.,0.));
#8034 = ( GEOMETRIC_REPRESENTATION_CONTEXT(2) 
PARAMETRIC_REPRESENTATION_CONTEXT() REPRESENTATION_CONTEXT('2D SPACE',''
  ) );
#8035 = ORIENTED_EDGE('',*,*,#5622,.F.);
#8036 = FACE_BOUND('',#8037,.T.);
#8037 = EDGE_LOOP('',(#8038,#8064));
#8038 = ORIENTED_EDGE('',*,*,#8039,.F.);
#8039 = EDGE_CURVE('',#5377,#5410,#8040,.T.);
#8040 = SURFACE_CURVE('',#8041,(#8046,#8057),.PCURVE_S1.);
#8041 = CIRCLE('',#8042,2.5);
#8042 = AXIS2_PLACEMENT_3D('',#8043,#8044,#8045);
#8043 = CARTESIAN_POINT('',(6.,30.,60.));
#8044 = DIRECTION('',(0.,-0.,1.));
#8045 = DIRECTION('',(1.,0.,0.));
#8046 = PCURVE('',#73,#8047);
#8047 = DEFINITIONAL_REPRESENTATION('',(#8048),#8056);
#8048 = ( BOUNDED_CURVE() B_SPLINE_CURVE(2,(#8049,#8050,#8051,#8052,
#8053,#8054,#8055),.UNSPECIFIED.,.T.,.F.) B_SPLINE_CURVE_WITH_KNOTS((1,2
    ,2,2,2,1),(-2.094395102393,0.,2.094395102393,4.188790204786,
6.28318530718,8.377580409573),.UNSPECIFIED.) CURVE() 
GEOMETRIC_REPRESENTATION_ITEM() RATIONAL_B_SPLINE_CURVE((1.,0.5,1.,0.5,
1.,0.5,1.)) REPRESENTATION_ITEM('') );
#8049 = CARTESIAN_POINT('',(-8.5,30.));
#8050 = CARTESIAN_POINT('',(-8.5,34.330127018922));
#8051 = CARTESIAN_POINT('',(-4.75,32.165063509461));
#8052 = CARTESIAN_POINT('',(-1.,30.));
#8053 = CARTESIAN_POINT('',(-4.75,27.834936490539));
#8054 = CARTESIAN_POINT('',(-8.5,25.669872981078));
#8055 = CARTESIAN_POINT('',(-8.5,30.));
#8056 = ( GEOMETRIC_REPRESENTATION_CONTEXT(2) 
PARAMETRIC_REPRESENTATION_CONTEXT() REPRESENTATION_CONTEXT('2D SPACE',''
  ) );
#8057 = PCURVE('',#5397,#8058);
#8058 = DEFINITIONAL_REPRESENTATION('',(#8059),#8063);
#8059 = LINE('',#8060,#8061);
#8060 = CARTESIAN_POINT('',(0.,0.));
#8061 = VECTOR('',#8062,1.);
#8062 = DIRECTION('',(1.,0.));
#8063 = ( GEOMETRIC_REPRESENTATION_CONTEXT(2) 
PARAMETRIC_REPRESENTATION_CONTEXT() REPRESENTATION_CONTEXT('2D SPACE',''
  ) );
#8064 = ORIENTED_EDGE('',*,*,#5409,.F.);
#8065 = FACE_BOUND('',#8066,.T.);
#8066 = EDGE_LOOP('',(#8067,#8093));
#8067 = ORIENTED_EDGE('',*,*,#8068,.F.);
#8068 = EDGE_CURVE('',#5208,#5241,#8069,.T.);
#8069 = SURFACE_CURVE('',#8070,(#8075,#8086),.PCURVE_S1.);
#8070 = CIRCLE('',#8071,2.5);
#8071 = AXIS2_PLACEMENT_3D('',#8072,#8073,#8074);
#8072 = CARTESIAN_POINT('',(25.,74.,60.));
#8073 = DIRECTION('',(0.,-0.,1.));
#8074 = DIRECTION('',(1.,0.,0.));
#8075 = PCURVE('',#73,#8076);
#8076 = DEFINITIONAL_REPRESENTATION('',(#8077),#8085);
#8077 = ( BOUNDED_CURVE() B_SPLINE_CURVE(2,(#8078,#8079,#8080,#8081,
#8082,#8083,#8084),.UNSPECIFIED.,.T.,.F.) B_SPLINE_CURVE_WITH_KNOTS((1,2
    ,2,2,2,1),(-2.094395102393,0.,2.094395102393,4.188790204786,
6.28318530718,8.377580409573),.UNSPECIFIED.) CURVE() 
GEOMETRIC_REPRESENTATION_ITEM() RATIONAL_B_SPLINE_CURVE((1.,0.5,1.,0.5,
1.,0.5,1.)) REPRESENTATION_ITEM('') );
#8078 = CARTESIAN_POINT('',(-27.5,74.));
#8079 = CARTESIAN_POINT('',(-27.5,78.330127018922));
#8080 = CARTESIAN_POINT('',(-23.75,76.165063509461));
#8081 = CARTESIAN_POINT('',(-20.,74.));
#8082 = CARTESIAN_POINT('',(-23.75,71.834936490539));
#8083 = CARTESIAN_POINT('',(-27.5,69.669872981078));
#8084 = CARTESIAN_POINT('',(-27.5,74.));
#8085 = ( GEOMETRIC_REPRESENTATION_CONTEXT(2) 
PARAMETRIC_REPRESENTATION_CONTEXT() REPRESENTATION_CONTEXT('2D SPACE',''
  ) );
#8086 = PCURVE('',#5228,#8087);
#8087 = DEFINITIONAL_REPRESENTATION('',(#8088),#8092);
#8088 = LINE('',#8089,#8090);
#8089 = CARTESIAN_POINT('',(0.,0.));
#8090 = VECTOR('',#8091,1.);
#8091 = DIRECTION('',(1.,0.));
#8092 = ( GEOMETRIC_REPRESENTATION_CONTEXT(2) 
PARAMETRIC_REPRESENTATION_CONTEXT() REPRESENTATION_CONTEXT('2D SPACE',''
  ) );
#8093 = ORIENTED_EDGE('',*,*,#5240,.F.);
#8094 = FACE_BOUND('',#8095,.T.);
#8095 = EDGE_LOOP('',(#8096,#8122));
#8096 = ORIENTED_EDGE('',*,*,#8097,.F.);
#8097 = EDGE_CURVE('',#5039,#5072,#8098,.T.);
#8098 = SURFACE_CURVE('',#8099,(#8104,#8115),.PCURVE_S1.);
#8099 = CIRCLE('',#8100,2.5);
#8100 = AXIS2_PLACEMENT_3D('',#8101,#8102,#8103);
#8101 = CARTESIAN_POINT('',(60.,74.,60.));
#8102 = DIRECTION('',(0.,-0.,1.));
#8103 = DIRECTION('',(1.,0.,0.));
#8104 = PCURVE('',#73,#8105);
#8105 = DEFINITIONAL_REPRESENTATION('',(#8106),#8114);
#8106 = ( BOUNDED_CURVE() B_SPLINE_CURVE(2,(#8107,#8108,#8109,#8110,
#8111,#8112,#8113),.UNSPECIFIED.,.T.,.F.) B_SPLINE_CURVE_WITH_KNOTS((1,2
    ,2,2,2,1),(-2.094395102393,0.,2.094395102393,4.188790204786,
6.28318530718,8.377580409573),.UNSPECIFIED.) CURVE() 
GEOMETRIC_REPRESENTATION_ITEM() RATIONAL_B_SPLINE_CURVE((1.,0.5,1.,0.5,
1.,0.5,1.)) REPRESENTATION_ITEM('') );
#8107 = CARTESIAN_POINT('',(-62.5,74.));
#8108 = CARTESIAN_POINT('',(-62.5,78.330127018922));
#8109 = CARTESIAN_POINT('',(-58.75,76.165063509461));
#8110 = CARTESIAN_POINT('',(-55.,74.));
#8111 = CARTESIAN_POINT('',(-58.75,71.834936490539));
#8112 = CARTESIAN_POINT('',(-62.5,69.669872981078));
#8113 = CARTESIAN_POINT('',(-62.5,74.));
#8114 = ( GEOMETRIC_REPRESENTATION_CONTEXT(2) 
PARAMETRIC_REPRESENTATION_CONTEXT() REPRESENTATION_CONTEXT('2D SPACE',''
  ) );
#8115 = PCURVE('',#5059,#8116);
#8116 = DEFINITIONAL_REPRESENTATION('',(#8117),#8121);
#8117 = LINE('',#8118,#8119);
#8118 = CARTESIAN_POINT('',(0.,0.));
#8119 = VECTOR('',#8120,1.);
#8120 = DIRECTION('',(1.,0.));
#8121 = ( GEOMETRIC_REPRESENTATION_CONTEXT(2) 
PARAMETRIC_REPRESENTATION_CONTEXT() REPRESENTATION_CONTEXT('2D SPACE',''
  ) );
#8122 = ORIENTED_EDGE('',*,*,#5071,.F.);
#8123 = FACE_BOUND('',#8124,.T.);
#8124 = EDGE_LOOP('',(#8125,#8151));
#8125 = ORIENTED_EDGE('',*,*,#8126,.F.);
#8126 = EDGE_CURVE('',#286,#319,#8127,.T.);
#8127 = SURFACE_CURVE('',#8128,(#8133,#8144),.PCURVE_S1.);
#8128 = CIRCLE('',#8129,2.);
#8129 = AXIS2_PLACEMENT_3D('',#8130,#8131,#8132);
#8130 = CARTESIAN_POINT('',(42.5,74.,60.));
#8131 = DIRECTION('',(0.,-0.,1.));
#8132 = DIRECTION('',(1.,0.,0.));
#8133 = PCURVE('',#73,#8134);
#8134 = DEFINITIONAL_REPRESENTATION('',(#8135),#8143);
#8135 = ( BOUNDED_CURVE() B_SPLINE_CURVE(2,(#8136,#8137,#8138,#8139,
#8140,#8141,#8142),.UNSPECIFIED.,.T.,.F.) B_SPLINE_CURVE_WITH_KNOTS((1,2
    ,2,2,2,1),(-2.094395102393,0.,2.094395102393,4.188790204786,
6.28318530718,8.377580409573),.UNSPECIFIED.) CURVE() 
GEOMETRIC_REPRESENTATION_ITEM() RATIONAL_B_SPLINE_CURVE((1.,0.5,1.,0.5,
1.,0.5,1.)) REPRESENTATION_ITEM('') );
#8136 = CARTESIAN_POINT('',(-44.5,74.));
#8137 = CARTESIAN_POINT('',(-44.5,77.464101615138));
#8138 = CARTESIAN_POINT('',(-41.5,75.732050807569));
#8139 = CARTESIAN_POINT('',(-38.5,74.));
#8140 = CARTESIAN_POINT('',(-41.5,72.267949192431));
#8141 = CARTESIAN_POINT('',(-44.5,70.535898384862));
#8142 = CARTESIAN_POINT('',(-44.5,74.));
#8143 = ( GEOMETRIC_REPRESENTATION_CONTEXT(2) 
PARAMETRIC_REPRESENTATION_CONTEXT() REPRESENTATION_CONTEXT('2D SPACE',''
  ) );
#8144 = PCURVE('',#306,#8145);
#8145 = DEFINITIONAL_REPRESENTATION('',(#8146),#8150);
#8146 = LINE('',#8147,#8148);
#8147 = CARTESIAN_POINT('',(0.,0.));
#8148 = VECTOR('',#8149,1.);
#8149 = DIRECTION('',(1.,0.));
#8150 = ( GEOMETRIC_REPRESENTATION_CONTEXT(2) 
PARAMETRIC_REPRESENTATION_CONTEXT() REPRESENTATION_CONTEXT('2D SPACE',''
  ) );
#8151 = ORIENTED_EDGE('',*,*,#318,.F.);
#8152 = ADVANCED_FACE('',(#8153,#8277,#8401,#8525,#8554,#8678,#8707,
    #8736,#8765,#8886,#8915,#8944,#8973,#9002,#9031,#9060,#9089),#592,
  .F.);
#8153 = FACE_BOUND('',#8154,.T.);
#8154 = EDGE_LOOP('',(#8155,#8185,#8218,#8246));
#8155 = ORIENTED_EDGE('',*,*,#8156,.F.);
#8156 = EDGE_CURVE('',#8157,#8159,#8161,.T.);
#8157 = VERTEX_POINT('',#8158);
#8158 = CARTESIAN_POINT('',(161.,68.,18.5));
#8159 = VERTEX_POINT('',#8160);
#8160 = CARTESIAN_POINT('',(161.,68.,21.5));
#8161 = SURFACE_CURVE('',#8162,(#8166,#8173),.PCURVE_S1.);
#8162 = LINE('',#8163,#8164);
#8163 = CARTESIAN_POINT('',(161.,68.,18.5));
#8164 = VECTOR('',#8165,1.);
#8165 = DIRECTION('',(0.,0.,1.));
#8166 = PCURVE('',#592,#8167);
#8167 = DEFINITIONAL_REPRESENTATION('',(#8168),#8172);
#8168 = LINE('',#8169,#8170);
#8169 = CARTESIAN_POINT('',(130.,-41.5));
#8170 = VECTOR('',#8171,1.);
#8171 = DIRECTION('',(0.,1.));
#8172 = ( GEOMETRIC_REPRESENTATION_CONTEXT(2) 
PARAMETRIC_REPRESENTATION_CONTEXT() REPRESENTATION_CONTEXT('2D SPACE',''
  ) );
#8173 = PCURVE('',#8174,#8179);
#8174 = PLANE('',#8175);
#8175 = AXIS2_PLACEMENT_3D('',#8176,#8177,#8178);
#8176 = CARTESIAN_POINT('',(161.,80.,18.5));
#8177 = DIRECTION('',(1.,9.948234987681E-17,-0.));
#8178 = DIRECTION('',(-9.948234987681E-17,1.,0.));
#8179 = DEFINITIONAL_REPRESENTATION('',(#8180),#8184);
#8180 = LINE('',#8181,#8182);
#8181 = CARTESIAN_POINT('',(-12.,0.));
#8182 = VECTOR('',#8183,1.);
#8183 = DIRECTION('',(0.,1.));
#8184 = ( GEOMETRIC_REPRESENTATION_CONTEXT(2) 
PARAMETRIC_REPRESENTATION_CONTEXT() REPRESENTATION_CONTEXT('2D SPACE',''
  ) );
#8185 = ORIENTED_EDGE('',*,*,#8186,.F.);
#8186 = EDGE_CURVE('',#8187,#8157,#8189,.T.);
#8187 = VERTEX_POINT('',#8188);
#8188 = CARTESIAN_POINT('',(157.,68.,18.5));
#8189 = SURFACE_CURVE('',#8190,(#8195,#8206),.PCURVE_S1.);
#8190 = CIRCLE('',#8191,2.);
#8191 = AXIS2_PLACEMENT_3D('',#8192,#8193,#8194);
#8192 = CARTESIAN_POINT('',(159.,68.,18.5));
#8193 = DIRECTION('',(9.948234987681E-17,-1.,0.));
#8194 = DIRECTION('',(1.,9.948234987681E-17,0.));
#8195 = PCURVE('',#592,#8196);
#8196 = DEFINITIONAL_REPRESENTATION('',(#8197),#8205);
#8197 = ( BOUNDED_CURVE() B_SPLINE_CURVE(2,(#8198,#8199,#8200,#8201,
#8202,#8203,#8204),.UNSPECIFIED.,.T.,.F.) B_SPLINE_CURVE_WITH_KNOTS((1,2
    ,2,2,2,1),(-2.094395102393,0.,2.094395102393,4.188790204786,
6.28318530718,8.377580409573),.UNSPECIFIED.) CURVE() 
GEOMETRIC_REPRESENTATION_ITEM() RATIONAL_B_SPLINE_CURVE((1.,0.5,1.,0.5,
1.,0.5,1.)) REPRESENTATION_ITEM('') );
#8198 = CARTESIAN_POINT('',(130.,-41.5));
#8199 = CARTESIAN_POINT('',(130.,-38.03589838486));
#8200 = CARTESIAN_POINT('',(133.,-39.76794919243));
#8201 = CARTESIAN_POINT('',(136.,-41.5));
#8202 = CARTESIAN_POINT('',(133.,-43.23205080756));
#8203 = CARTESIAN_POINT('',(130.,-44.96410161513));
#8204 = CARTESIAN_POINT('',(130.,-41.5));
#8205 = ( GEOMETRIC_REPRESENTATION_CONTEXT(2) 
PARAMETRIC_REPRESENTATION_CONTEXT() REPRESENTATION_CONTEXT('2D SPACE',''
  ) );
#8206 = PCURVE('',#8207,#8212);
#8207 = CYLINDRICAL_SURFACE('',#8208,2.);
#8208 = AXIS2_PLACEMENT_3D('',#8209,#8210,#8211);
#8209 = CARTESIAN_POINT('',(159.,80.,18.5));
#8210 = DIRECTION('',(9.948234987681E-17,-1.,-0.));
#8211 = DIRECTION('',(1.,9.948234987681E-17,0.));
#8212 = DEFINITIONAL_REPRESENTATION('',(#8213),#8217);
#8213 = LINE('',#8214,#8215);
#8214 = CARTESIAN_POINT('',(0.,12.));
#8215 = VECTOR('',#8216,1.);
#8216 = DIRECTION('',(1.,0.));
#8217 = ( GEOMETRIC_REPRESENTATION_CONTEXT(2) 
PARAMETRIC_REPRESENTATION_CONTEXT() REPRESENTATION_CONTEXT('2D SPACE',''
  ) );
#8218 = ORIENTED_EDGE('',*,*,#8219,.F.);
#8219 = EDGE_CURVE('',#8220,#8187,#8222,.T.);
#8220 = VERTEX_POINT('',#8221);
#8221 = CARTESIAN_POINT('',(157.,68.,21.5));
#8222 = SURFACE_CURVE('',#8223,(#8227,#8234),.PCURVE_S1.);
#8223 = LINE('',#8224,#8225);
#8224 = CARTESIAN_POINT('',(157.,68.,18.5));
#8225 = VECTOR('',#8226,1.);
#8226 = DIRECTION('',(-0.,-0.,-1.));
#8227 = PCURVE('',#592,#8228);
#8228 = DEFINITIONAL_REPRESENTATION('',(#8229),#8233);
#8229 = LINE('',#8230,#8231);
#8230 = CARTESIAN_POINT('',(134.,-41.5));
#8231 = VECTOR('',#8232,1.);
#8232 = DIRECTION('',(0.,-1.));
#8233 = ( GEOMETRIC_REPRESENTATION_CONTEXT(2) 
PARAMETRIC_REPRESENTATION_CONTEXT() REPRESENTATION_CONTEXT('2D SPACE',''
  ) );
#8234 = PCURVE('',#8235,#8240);
#8235 = PLANE('',#8236);
#8236 = AXIS2_PLACEMENT_3D('',#8237,#8238,#8239);
#8237 = CARTESIAN_POINT('',(157.,80.,18.5));
#8238 = DIRECTION('',(-1.,-9.948234987681E-17,0.));
#8239 = DIRECTION('',(9.948234987681E-17,-1.,0.));
#8240 = DEFINITIONAL_REPRESENTATION('',(#8241),#8245);
#8241 = LINE('',#8242,#8243);
#8242 = CARTESIAN_POINT('',(12.,0.));
#8243 = VECTOR('',#8244,1.);
#8244 = DIRECTION('',(0.,-1.));
#8245 = ( GEOMETRIC_REPRESENTATION_CONTEXT(2) 
PARAMETRIC_REPRESENTATION_CONTEXT() REPRESENTATION_CONTEXT('2D SPACE',''
  ) );
#8246 = ORIENTED_EDGE('',*,*,#8247,.F.);
#8247 = EDGE_CURVE('',#8159,#8220,#8248,.T.);
#8248 = SURFACE_CURVE('',#8249,(#8254,#8265),.PCURVE_S1.);
#8249 = CIRCLE('',#8250,2.);
#8250 = AXIS2_PLACEMENT_3D('',#8251,#8252,#8253);
#8251 = CARTESIAN_POINT('',(159.,68.,21.5));
#8252 = DIRECTION('',(9.948234987681E-17,-1.,0.));
#8253 = DIRECTION('',(1.,9.948234987681E-17,0.));
#8254 = PCURVE('',#592,#8255);
#8255 = DEFINITIONAL_REPRESENTATION('',(#8256),#8264);
#8256 = ( BOUNDED_CURVE() B_SPLINE_CURVE(2,(#8257,#8258,#8259,#8260,
#8261,#8262,#8263),.UNSPECIFIED.,.T.,.F.) B_SPLINE_CURVE_WITH_KNOTS((1,2
    ,2,2,2,1),(-2.094395102393,0.,2.094395102393,4.188790204786,
6.28318530718,8.377580409573),.UNSPECIFIED.) CURVE() 
GEOMETRIC_REPRESENTATION_ITEM() RATIONAL_B_SPLINE_CURVE((1.,0.5,1.,0.5,
1.,0.5,1.)) REPRESENTATION_ITEM('') );
#8257 = CARTESIAN_POINT('',(130.,-38.5));
#8258 = CARTESIAN_POINT('',(130.,-35.03589838486));
#8259 = CARTESIAN_POINT('',(133.,-36.76794919243));
#8260 = CARTESIAN_POINT('',(136.,-38.5));
#8261 = CARTESIAN_POINT('',(133.,-40.23205080756));
#8262 = CARTESIAN_POINT('',(130.,-41.96410161513));
#8263 = CARTESIAN_POINT('',(130.,-38.5));
#8264 = ( GEOMETRIC_REPRESENTATION_CONTEXT(2) 
PARAMETRIC_REPRESENTATION_CONTEXT() REPRESENTATION_CONTEXT('2D SPACE',''
  ) );
#8265 = PCURVE('',#8266,#8271);
#8266 = CYLINDRICAL_SURFACE('',#8267,2.);
#8267 = AXIS2_PLACEMENT_3D('',#8268,#8269,#8270);
#8268 = CARTESIAN_POINT('',(159.,80.,21.5));
#8269 = DIRECTION('',(9.948234987681E-17,-1.,-0.));
#8270 = DIRECTION('',(1.,9.948234987681E-17,0.));
#8271 = DEFINITIONAL_REPRESENTATION('',(#8272),#8276);
#8272 = LINE('',#8273,#8274);
#8273 = CARTESIAN_POINT('',(0.,12.));
#8274 = VECTOR('',#8275,1.);
#8275 = DIRECTION('',(1.,0.));
#8276 = ( GEOMETRIC_REPRESENTATION_CONTEXT(2) 
PARAMETRIC_REPRESENTATION_CONTEXT() REPRESENTATION_CONTEXT('2D SPACE',''
  ) );
#8277 = FACE_BOUND('',#8278,.T.);
#8278 = EDGE_LOOP('',(#8279,#8309,#8342,#8370));
#8279 = ORIENTED_EDGE('',*,*,#8280,.F.);
#8280 = EDGE_CURVE('',#8281,#8283,#8285,.T.);
#8281 = VERTEX_POINT('',#8282);
#8282 = CARTESIAN_POINT('',(234.,68.,18.5));
#8283 = VERTEX_POINT('',#8284);
#8284 = CARTESIAN_POINT('',(234.,68.,21.5));
#8285 = SURFACE_CURVE('',#8286,(#8290,#8297),.PCURVE_S1.);
#8286 = LINE('',#8287,#8288);
#8287 = CARTESIAN_POINT('',(234.,68.,18.5));
#8288 = VECTOR('',#8289,1.);
#8289 = DIRECTION('',(0.,0.,1.));
#8290 = PCURVE('',#592,#8291);
#8291 = DEFINITIONAL_REPRESENTATION('',(#8292),#8296);
#8292 = LINE('',#8293,#8294);
#8293 = CARTESIAN_POINT('',(57.,-41.5));
#8294 = VECTOR('',#8295,1.);
#8295 = DIRECTION('',(0.,1.));
#8296 = ( GEOMETRIC_REPRESENTATION_CONTEXT(2) 
PARAMETRIC_REPRESENTATION_CONTEXT() REPRESENTATION_CONTEXT('2D SPACE',''
  ) );
#8297 = PCURVE('',#8298,#8303);
#8298 = PLANE('',#8299);
#8299 = AXIS2_PLACEMENT_3D('',#8300,#8301,#8302);
#8300 = CARTESIAN_POINT('',(234.,80.,18.5));
#8301 = DIRECTION('',(1.,9.948234987681E-17,-0.));
#8302 = DIRECTION('',(-9.948234987681E-17,1.,0.));
#8303 = DEFINITIONAL_REPRESENTATION('',(#8304),#8308);
#8304 = LINE('',#8305,#8306);
#8305 = CARTESIAN_POINT('',(-12.,0.));
#8306 = VECTOR('',#8307,1.);
#8307 = DIRECTION('',(0.,1.));
#8308 = ( GEOMETRIC_REPRESENTATION_CONTEXT(2) 
PARAMETRIC_REPRESENTATION_CONTEXT() REPRESENTATION_CONTEXT('2D SPACE',''
  ) );
#8309 = ORIENTED_EDGE('',*,*,#8310,.F.);
#8310 = EDGE_CURVE('',#8311,#8281,#8313,.T.);
#8311 = VERTEX_POINT('',#8312);
#8312 = CARTESIAN_POINT('',(230.,68.,18.5));
#8313 = SURFACE_CURVE('',#8314,(#8319,#8330),.PCURVE_S1.);
#8314 = CIRCLE('',#8315,2.);
#8315 = AXIS2_PLACEMENT_3D('',#8316,#8317,#8318);
#8316 = CARTESIAN_POINT('',(232.,68.,18.5));
#8317 = DIRECTION('',(9.948234987681E-17,-1.,0.));
#8318 = DIRECTION('',(1.,9.948234987681E-17,0.));
#8319 = PCURVE('',#592,#8320);
#8320 = DEFINITIONAL_REPRESENTATION('',(#8321),#8329);
#8321 = ( BOUNDED_CURVE() B_SPLINE_CURVE(2,(#8322,#8323,#8324,#8325,
#8326,#8327,#8328),.UNSPECIFIED.,.T.,.F.) B_SPLINE_CURVE_WITH_KNOTS((1,2
    ,2,2,2,1),(-2.094395102393,0.,2.094395102393,4.188790204786,
6.28318530718,8.377580409573),.UNSPECIFIED.) CURVE() 
GEOMETRIC_REPRESENTATION_ITEM() RATIONAL_B_SPLINE_CURVE((1.,0.5,1.,0.5,
1.,0.5,1.)) REPRESENTATION_ITEM('') );
#8322 = CARTESIAN_POINT('',(57.,-41.5));
#8323 = CARTESIAN_POINT('',(57.,-38.03589838486));
#8324 = CARTESIAN_POINT('',(60.,-39.76794919243));
#8325 = CARTESIAN_POINT('',(63.,-41.5));
#8326 = CARTESIAN_POINT('',(60.,-43.23205080756));
#8327 = CARTESIAN_POINT('',(57.,-44.96410161513));
#8328 = CARTESIAN_POINT('',(57.,-41.5));
#8329 = ( GEOMETRIC_REPRESENTATION_CONTEXT(2) 
PARAMETRIC_REPRESENTATION_CONTEXT() REPRESENTATION_CONTEXT('2D SPACE',''
  ) );
#8330 = PCURVE('',#8331,#8336);
#8331 = CYLINDRICAL_SURFACE('',#8332,2.);
#8332 = AXIS2_PLACEMENT_3D('',#8333,#8334,#8335);
#8333 = CARTESIAN_POINT('',(232.,80.,18.5));
#8334 = DIRECTION('',(9.948234987681E-17,-1.,-0.));
#8335 = DIRECTION('',(1.,9.948234987681E-17,0.));
#8336 = DEFINITIONAL_REPRESENTATION('',(#8337),#8341);
#8337 = LINE('',#8338,#8339);
#8338 = CARTESIAN_POINT('',(0.,12.));
#8339 = VECTOR('',#8340,1.);
#8340 = DIRECTION('',(1.,0.));
#8341 = ( GEOMETRIC_REPRESENTATION_CONTEXT(2) 
PARAMETRIC_REPRESENTATION_CONTEXT() REPRESENTATION_CONTEXT('2D SPACE',''
  ) );
#8342 = ORIENTED_EDGE('',*,*,#8343,.F.);
#8343 = EDGE_CURVE('',#8344,#8311,#8346,.T.);
#8344 = VERTEX_POINT('',#8345);
#8345 = CARTESIAN_POINT('',(230.,68.,21.5));
#8346 = SURFACE_CURVE('',#8347,(#8351,#8358),.PCURVE_S1.);
#8347 = LINE('',#8348,#8349);
#8348 = CARTESIAN_POINT('',(230.,68.,18.5));
#8349 = VECTOR('',#8350,1.);
#8350 = DIRECTION('',(-0.,-0.,-1.));
#8351 = PCURVE('',#592,#8352);
#8352 = DEFINITIONAL_REPRESENTATION('',(#8353),#8357);
#8353 = LINE('',#8354,#8355);
#8354 = CARTESIAN_POINT('',(61.,-41.5));
#8355 = VECTOR('',#8356,1.);
#8356 = DIRECTION('',(0.,-1.));
#8357 = ( GEOMETRIC_REPRESENTATION_CONTEXT(2) 
PARAMETRIC_REPRESENTATION_CONTEXT() REPRESENTATION_CONTEXT('2D SPACE',''
  ) );
#8358 = PCURVE('',#8359,#8364);
#8359 = PLANE('',#8360);
#8360 = AXIS2_PLACEMENT_3D('',#8361,#8362,#8363);
#8361 = CARTESIAN_POINT('',(230.,80.,18.5));
#8362 = DIRECTION('',(-1.,-9.948234987681E-17,0.));
#8363 = DIRECTION('',(9.948234987681E-17,-1.,0.));
#8364 = DEFINITIONAL_REPRESENTATION('',(#8365),#8369);
#8365 = LINE('',#8366,#8367);
#8366 = CARTESIAN_POINT('',(12.,0.));
#8367 = VECTOR('',#8368,1.);
#8368 = DIRECTION('',(0.,-1.));
#8369 = ( GEOMETRIC_REPRESENTATION_CONTEXT(2) 
PARAMETRIC_REPRESENTATION_CONTEXT() REPRESENTATION_CONTEXT('2D SPACE',''
  ) );
#8370 = ORIENTED_EDGE('',*,*,#8371,.F.);
#8371 = EDGE_CURVE('',#8283,#8344,#8372,.T.);
#8372 = SURFACE_CURVE('',#8373,(#8378,#8389),.PCURVE_S1.);
#8373 = CIRCLE('',#8374,2.);
#8374 = AXIS2_PLACEMENT_3D('',#8375,#8376,#8377);
#8375 = CARTESIAN_POINT('',(232.,68.,21.5));
#8376 = DIRECTION('',(9.948234987681E-17,-1.,0.));
#8377 = DIRECTION('',(1.,9.948234987681E-17,0.));
#8378 = PCURVE('',#592,#8379);
#8379 = DEFINITIONAL_REPRESENTATION('',(#8380),#8388);
#8380 = ( BOUNDED_CURVE() B_SPLINE_CURVE(2,(#8381,#8382,#8383,#8384,
#8385,#8386,#8387),.UNSPECIFIED.,.T.,.F.) B_SPLINE_CURVE_WITH_KNOTS((1,2
    ,2,2,2,1),(-2.094395102393,0.,2.094395102393,4.188790204786,
6.28318530718,8.377580409573),.UNSPECIFIED.) CURVE() 
GEOMETRIC_REPRESENTATION_ITEM() RATIONAL_B_SPLINE_CURVE((1.,0.5,1.,0.5,
1.,0.5,1.)) REPRESENTATION_ITEM('') );
#8381 = CARTESIAN_POINT('',(57.,-38.5));
#8382 = CARTESIAN_POINT('',(57.,-35.03589838486));
#8383 = CARTESIAN_POINT('',(60.,-36.76794919243));
#8384 = CARTESIAN_POINT('',(63.,-38.5));
#8385 = CARTESIAN_POINT('',(60.,-40.23205080756));
#8386 = CARTESIAN_POINT('',(57.,-41.96410161513));
#8387 = CARTESIAN_POINT('',(57.,-38.5));
#8388 = ( GEOMETRIC_REPRESENTATION_CONTEXT(2) 
PARAMETRIC_REPRESENTATION_CONTEXT() REPRESENTATION_CONTEXT('2D SPACE',''
  ) );
#8389 = PCURVE('',#8390,#8395);
#8390 = CYLINDRICAL_SURFACE('',#8391,2.);
#8391 = AXIS2_PLACEMENT_3D('',#8392,#8393,#8394);
#8392 = CARTESIAN_POINT('',(232.,80.,21.5));
#8393 = DIRECTION('',(9.948234987681E-17,-1.,-0.));
#8394 = DIRECTION('',(1.,9.948234987681E-17,0.));
#8395 = DEFINITIONAL_REPRESENTATION('',(#8396),#8400);
#8396 = LINE('',#8397,#8398);
#8397 = CARTESIAN_POINT('',(0.,12.));
#8398 = VECTOR('',#8399,1.);
#8399 = DIRECTION('',(1.,0.));
#8400 = ( GEOMETRIC_REPRESENTATION_CONTEXT(2) 
PARAMETRIC_REPRESENTATION_CONTEXT() REPRESENTATION_CONTEXT('2D SPACE',''
  ) );
#8401 = FACE_BOUND('',#8402,.T.);
#8402 = EDGE_LOOP('',(#8403,#8433,#8466,#8494));
#8403 = ORIENTED_EDGE('',*,*,#8404,.F.);
#8404 = EDGE_CURVE('',#8405,#8407,#8409,.T.);
#8405 = VERTEX_POINT('',#8406);
#8406 = CARTESIAN_POINT('',(147.,68.,18.5));
#8407 = VERTEX_POINT('',#8408);
#8408 = CARTESIAN_POINT('',(147.,68.,21.5));
#8409 = SURFACE_CURVE('',#8410,(#8414,#8421),.PCURVE_S1.);
#8410 = LINE('',#8411,#8412);
#8411 = CARTESIAN_POINT('',(147.,68.,18.5));
#8412 = VECTOR('',#8413,1.);
#8413 = DIRECTION('',(0.,0.,1.));
#8414 = PCURVE('',#592,#8415);
#8415 = DEFINITIONAL_REPRESENTATION('',(#8416),#8420);
#8416 = LINE('',#8417,#8418);
#8417 = CARTESIAN_POINT('',(144.,-41.5));
#8418 = VECTOR('',#8419,1.);
#8419 = DIRECTION('',(0.,1.));
#8420 = ( GEOMETRIC_REPRESENTATION_CONTEXT(2) 
PARAMETRIC_REPRESENTATION_CONTEXT() REPRESENTATION_CONTEXT('2D SPACE',''
  ) );
#8421 = PCURVE('',#8422,#8427);
#8422 = PLANE('',#8423);
#8423 = AXIS2_PLACEMENT_3D('',#8424,#8425,#8426);
#8424 = CARTESIAN_POINT('',(147.,80.,18.5));
#8425 = DIRECTION('',(1.,9.948234987681E-17,-0.));
#8426 = DIRECTION('',(-9.948234987681E-17,1.,0.));
#8427 = DEFINITIONAL_REPRESENTATION('',(#8428),#8432);
#8428 = LINE('',#8429,#8430);
#8429 = CARTESIAN_POINT('',(-12.,0.));
#8430 = VECTOR('',#8431,1.);
#8431 = DIRECTION('',(0.,1.));
#8432 = ( GEOMETRIC_REPRESENTATION_CONTEXT(2) 
PARAMETRIC_REPRESENTATION_CONTEXT() REPRESENTATION_CONTEXT('2D SPACE',''
  ) );
#8433 = ORIENTED_EDGE('',*,*,#8434,.F.);
#8434 = EDGE_CURVE('',#8435,#8405,#8437,.T.);
#8435 = VERTEX_POINT('',#8436);
#8436 = CARTESIAN_POINT('',(143.,68.,18.5));
#8437 = SURFACE_CURVE('',#8438,(#8443,#8454),.PCURVE_S1.);
#8438 = CIRCLE('',#8439,2.);
#8439 = AXIS2_PLACEMENT_3D('',#8440,#8441,#8442);
#8440 = CARTESIAN_POINT('',(145.,68.,18.5));
#8441 = DIRECTION('',(9.948234987681E-17,-1.,0.));
#8442 = DIRECTION('',(1.,9.948234987681E-17,0.));
#8443 = PCURVE('',#592,#8444);
#8444 = DEFINITIONAL_REPRESENTATION('',(#8445),#8453);
#8445 = ( BOUNDED_CURVE() B_SPLINE_CURVE(2,(#8446,#8447,#8448,#8449,
#8450,#8451,#8452),.UNSPECIFIED.,.T.,.F.) B_SPLINE_CURVE_WITH_KNOTS((1,2
    ,2,2,2,1),(-2.094395102393,0.,2.094395102393,4.188790204786,
6.28318530718,8.377580409573),.UNSPECIFIED.) CURVE() 
GEOMETRIC_REPRESENTATION_ITEM() RATIONAL_B_SPLINE_CURVE((1.,0.5,1.,0.5,
1.,0.5,1.)) REPRESENTATION_ITEM('') );
#8446 = CARTESIAN_POINT('',(144.,-41.5));
#8447 = CARTESIAN_POINT('',(144.,-38.03589838486));
#8448 = CARTESIAN_POINT('',(147.,-39.76794919243));
#8449 = CARTESIAN_POINT('',(150.,-41.5));
#8450 = CARTESIAN_POINT('',(147.,-43.23205080756));
#8451 = CARTESIAN_POINT('',(144.,-44.96410161513));
#8452 = CARTESIAN_POINT('',(144.,-41.5));
#8453 = ( GEOMETRIC_REPRESENTATION_CONTEXT(2) 
PARAMETRIC_REPRESENTATION_CONTEXT() REPRESENTATION_CONTEXT('2D SPACE',''
  ) );
#8454 = PCURVE('',#8455,#8460);
#8455 = CYLINDRICAL_SURFACE('',#8456,2.);
#8456 = AXIS2_PLACEMENT_3D('',#8457,#8458,#8459);
#8457 = CARTESIAN_POINT('',(145.,80.,18.5));
#8458 = DIRECTION('',(9.948234987681E-17,-1.,-0.));
#8459 = DIRECTION('',(1.,9.948234987681E-17,0.));
#8460 = DEFINITIONAL_REPRESENTATION('',(#8461),#8465);
#8461 = LINE('',#8462,#8463);
#8462 = CARTESIAN_POINT('',(0.,12.));
#8463 = VECTOR('',#8464,1.);
#8464 = DIRECTION('',(1.,0.));
#8465 = ( GEOMETRIC_REPRESENTATION_CONTEXT(2) 
PARAMETRIC_REPRESENTATION_CONTEXT() REPRESENTATION_CONTEXT('2D SPACE',''
  ) );
#8466 = ORIENTED_EDGE('',*,*,#8467,.F.);
#8467 = EDGE_CURVE('',#8468,#8435,#8470,.T.);
#8468 = VERTEX_POINT('',#8469);
#8469 = CARTESIAN_POINT('',(143.,68.,21.5));
#8470 = SURFACE_CURVE('',#8471,(#8475,#8482),.PCURVE_S1.);
#8471 = LINE('',#8472,#8473);
#8472 = CARTESIAN_POINT('',(143.,68.,18.5));
#8473 = VECTOR('',#8474,1.);
#8474 = DIRECTION('',(-0.,-0.,-1.));
#8475 = PCURVE('',#592,#8476);
#8476 = DEFINITIONAL_REPRESENTATION('',(#8477),#8481);
#8477 = LINE('',#8478,#8479);
#8478 = CARTESIAN_POINT('',(148.,-41.5));
#8479 = VECTOR('',#8480,1.);
#8480 = DIRECTION('',(0.,-1.));
#8481 = ( GEOMETRIC_REPRESENTATION_CONTEXT(2) 
PARAMETRIC_REPRESENTATION_CONTEXT() REPRESENTATION_CONTEXT('2D SPACE',''
  ) );
#8482 = PCURVE('',#8483,#8488);
#8483 = PLANE('',#8484);
#8484 = AXIS2_PLACEMENT_3D('',#8485,#8486,#8487);
#8485 = CARTESIAN_POINT('',(143.,80.,18.5));
#8486 = DIRECTION('',(-1.,-9.948234987681E-17,0.));
#8487 = DIRECTION('',(9.948234987681E-17,-1.,0.));
#8488 = DEFINITIONAL_REPRESENTATION('',(#8489),#8493);
#8489 = LINE('',#8490,#8491);
#8490 = CARTESIAN_POINT('',(12.,0.));
#8491 = VECTOR('',#8492,1.);
#8492 = DIRECTION('',(0.,-1.));
#8493 = ( GEOMETRIC_REPRESENTATION_CONTEXT(2) 
PARAMETRIC_REPRESENTATION_CONTEXT() REPRESENTATION_CONTEXT('2D SPACE',''
  ) );
#8494 = ORIENTED_EDGE('',*,*,#8495,.F.);
#8495 = EDGE_CURVE('',#8407,#8468,#8496,.T.);
#8496 = SURFACE_CURVE('',#8497,(#8502,#8513),.PCURVE_S1.);
#8497 = CIRCLE('',#8498,2.);
#8498 = AXIS2_PLACEMENT_3D('',#8499,#8500,#8501);
#8499 = CARTESIAN_POINT('',(145.,68.,21.5));
#8500 = DIRECTION('',(9.948234987681E-17,-1.,0.));
#8501 = DIRECTION('',(1.,9.948234987681E-17,0.));
#8502 = PCURVE('',#592,#8503);
#8503 = DEFINITIONAL_REPRESENTATION('',(#8504),#8512);
#8504 = ( BOUNDED_CURVE() B_SPLINE_CURVE(2,(#8505,#8506,#8507,#8508,
#8509,#8510,#8511),.UNSPECIFIED.,.T.,.F.) B_SPLINE_CURVE_WITH_KNOTS((1,2
    ,2,2,2,1),(-2.094395102393,0.,2.094395102393,4.188790204786,
6.28318530718,8.377580409573),.UNSPECIFIED.) CURVE() 
GEOMETRIC_REPRESENTATION_ITEM() RATIONAL_B_SPLINE_CURVE((1.,0.5,1.,0.5,
1.,0.5,1.)) REPRESENTATION_ITEM('') );
#8505 = CARTESIAN_POINT('',(144.,-38.5));
#8506 = CARTESIAN_POINT('',(144.,-35.03589838486));
#8507 = CARTESIAN_POINT('',(147.,-36.76794919243));
#8508 = CARTESIAN_POINT('',(150.,-38.5));
#8509 = CARTESIAN_POINT('',(147.,-40.23205080756));
#8510 = CARTESIAN_POINT('',(144.,-41.96410161513));
#8511 = CARTESIAN_POINT('',(144.,-38.5));
#8512 = ( GEOMETRIC_REPRESENTATION_CONTEXT(2) 
PARAMETRIC_REPRESENTATION_CONTEXT() REPRESENTATION_CONTEXT('2D SPACE',''
  ) );
#8513 = PCURVE('',#8514,#8519);
#8514 = CYLINDRICAL_SURFACE('',#8515,2.);
#8515 = AXIS2_PLACEMENT_3D('',#8516,#8517,#8518);
#8516 = CARTESIAN_POINT('',(145.,80.,21.5));
#8517 = DIRECTION('',(9.948234987681E-17,-1.,-0.));
#8518 = DIRECTION('',(1.,9.948234987681E-17,0.));
#8519 = DEFINITIONAL_REPRESENTATION('',(#8520),#8524);
#8520 = LINE('',#8521,#8522);
#8521 = CARTESIAN_POINT('',(0.,12.));
#8522 = VECTOR('',#8523,1.);
#8523 = DIRECTION('',(1.,0.));
#8524 = ( GEOMETRIC_REPRESENTATION_CONTEXT(2) 
PARAMETRIC_REPRESENTATION_CONTEXT() REPRESENTATION_CONTEXT('2D SPACE',''
  ) );
#8525 = FACE_BOUND('',#8526,.T.);
#8526 = EDGE_LOOP('',(#8527,#8553));
#8527 = ORIENTED_EDGE('',*,*,#8528,.F.);
#8528 = EDGE_CURVE('',#886,#919,#8529,.T.);
#8529 = SURFACE_CURVE('',#8530,(#8535,#8546),.PCURVE_S1.);
#8530 = CIRCLE('',#8531,2.);
#8531 = AXIS2_PLACEMENT_3D('',#8532,#8533,#8534);
#8532 = CARTESIAN_POINT('',(105.,68.,40.));
#8533 = DIRECTION('',(0.,-1.,-0.));
#8534 = DIRECTION('',(0.,0.,-1.));
#8535 = PCURVE('',#592,#8536);
#8536 = DEFINITIONAL_REPRESENTATION('',(#8537),#8545);
#8537 = ( BOUNDED_CURVE() B_SPLINE_CURVE(2,(#8538,#8539,#8540,#8541,
#8542,#8543,#8544),.UNSPECIFIED.,.T.,.F.) B_SPLINE_CURVE_WITH_KNOTS((1,2
    ,2,2,2,1),(-2.094395102393,0.,2.094395102393,4.188790204786,
6.28318530718,8.377580409573),.UNSPECIFIED.) CURVE() 
GEOMETRIC_REPRESENTATION_ITEM() RATIONAL_B_SPLINE_CURVE((1.,0.5,1.,0.5,
1.,0.5,1.)) REPRESENTATION_ITEM('') );
#8538 = CARTESIAN_POINT('',(186.,-22.));
#8539 = CARTESIAN_POINT('',(182.53589838486,-22.));
#8540 = CARTESIAN_POINT('',(184.26794919243,-19.));
#8541 = CARTESIAN_POINT('',(186.,-16.));
#8542 = CARTESIAN_POINT('',(187.73205080756,-19.));
#8543 = CARTESIAN_POINT('',(189.46410161513,-22.));
#8544 = CARTESIAN_POINT('',(186.,-22.));
#8545 = ( GEOMETRIC_REPRESENTATION_CONTEXT(2) 
PARAMETRIC_REPRESENTATION_CONTEXT() REPRESENTATION_CONTEXT('2D SPACE',''
  ) );
#8546 = PCURVE('',#906,#8547);
#8547 = DEFINITIONAL_REPRESENTATION('',(#8548),#8552);
#8548 = LINE('',#8549,#8550);
#8549 = CARTESIAN_POINT('',(0.,0.));
#8550 = VECTOR('',#8551,1.);
#8551 = DIRECTION('',(1.,0.));
#8552 = ( GEOMETRIC_REPRESENTATION_CONTEXT(2) 
PARAMETRIC_REPRESENTATION_CONTEXT() REPRESENTATION_CONTEXT('2D SPACE',''
  ) );
#8553 = ORIENTED_EDGE('',*,*,#918,.F.);
#8554 = FACE_BOUND('',#8555,.T.);
#8555 = EDGE_LOOP('',(#8556,#8586,#8619,#8647));
#8556 = ORIENTED_EDGE('',*,*,#8557,.F.);
#8557 = EDGE_CURVE('',#8558,#8560,#8562,.T.);
#8558 = VERTEX_POINT('',#8559);
#8559 = CARTESIAN_POINT('',(107.,68.,18.5));
#8560 = VERTEX_POINT('',#8561);
#8561 = CARTESIAN_POINT('',(107.,68.,21.5));
#8562 = SURFACE_CURVE('',#8563,(#8567,#8574),.PCURVE_S1.);
#8563 = LINE('',#8564,#8565);
#8564 = CARTESIAN_POINT('',(107.,68.,18.5));
#8565 = VECTOR('',#8566,1.);
#8566 = DIRECTION('',(0.,0.,1.));
#8567 = PCURVE('',#592,#8568);
#8568 = DEFINITIONAL_REPRESENTATION('',(#8569),#8573);
#8569 = LINE('',#8570,#8571);
#8570 = CARTESIAN_POINT('',(184.,-41.5));
#8571 = VECTOR('',#8572,1.);
#8572 = DIRECTION('',(0.,1.));
#8573 = ( GEOMETRIC_REPRESENTATION_CONTEXT(2) 
PARAMETRIC_REPRESENTATION_CONTEXT() REPRESENTATION_CONTEXT('2D SPACE',''
  ) );
#8574 = PCURVE('',#8575,#8580);
#8575 = PLANE('',#8576);
#8576 = AXIS2_PLACEMENT_3D('',#8577,#8578,#8579);
#8577 = CARTESIAN_POINT('',(107.,80.,18.5));
#8578 = DIRECTION('',(1.,9.948234987681E-17,-0.));
#8579 = DIRECTION('',(-9.948234987681E-17,1.,0.));
#8580 = DEFINITIONAL_REPRESENTATION('',(#8581),#8585);
#8581 = LINE('',#8582,#8583);
#8582 = CARTESIAN_POINT('',(-12.,0.));
#8583 = VECTOR('',#8584,1.);
#8584 = DIRECTION('',(0.,1.));
#8585 = ( GEOMETRIC_REPRESENTATION_CONTEXT(2) 
PARAMETRIC_REPRESENTATION_CONTEXT() REPRESENTATION_CONTEXT('2D SPACE',''
  ) );
#8586 = ORIENTED_EDGE('',*,*,#8587,.F.);
#8587 = EDGE_CURVE('',#8588,#8558,#8590,.T.);
#8588 = VERTEX_POINT('',#8589);
#8589 = CARTESIAN_POINT('',(103.,68.,18.5));
#8590 = SURFACE_CURVE('',#8591,(#8596,#8607),.PCURVE_S1.);
#8591 = CIRCLE('',#8592,2.);
#8592 = AXIS2_PLACEMENT_3D('',#8593,#8594,#8595);
#8593 = CARTESIAN_POINT('',(105.,68.,18.5));
#8594 = DIRECTION('',(9.948234987681E-17,-1.,0.));
#8595 = DIRECTION('',(1.,9.948234987681E-17,0.));
#8596 = PCURVE('',#592,#8597);
#8597 = DEFINITIONAL_REPRESENTATION('',(#8598),#8606);
#8598 = ( BOUNDED_CURVE() B_SPLINE_CURVE(2,(#8599,#8600,#8601,#8602,
#8603,#8604,#8605),.UNSPECIFIED.,.T.,.F.) B_SPLINE_CURVE_WITH_KNOTS((1,2
    ,2,2,2,1),(-2.094395102393,0.,2.094395102393,4.188790204786,
6.28318530718,8.377580409573),.UNSPECIFIED.) CURVE() 
GEOMETRIC_REPRESENTATION_ITEM() RATIONAL_B_SPLINE_CURVE((1.,0.5,1.,0.5,
1.,0.5,1.)) REPRESENTATION_ITEM('') );
#8599 = CARTESIAN_POINT('',(184.,-41.5));
#8600 = CARTESIAN_POINT('',(184.,-38.03589838486));
#8601 = CARTESIAN_POINT('',(187.,-39.76794919243));
#8602 = CARTESIAN_POINT('',(190.,-41.5));
#8603 = CARTESIAN_POINT('',(187.,-43.23205080756));
#8604 = CARTESIAN_POINT('',(184.,-44.96410161513));
#8605 = CARTESIAN_POINT('',(184.,-41.5));
#8606 = ( GEOMETRIC_REPRESENTATION_CONTEXT(2) 
PARAMETRIC_REPRESENTATION_CONTEXT() REPRESENTATION_CONTEXT('2D SPACE',''
  ) );
#8607 = PCURVE('',#8608,#8613);
#8608 = CYLINDRICAL_SURFACE('',#8609,2.);
#8609 = AXIS2_PLACEMENT_3D('',#8610,#8611,#8612);
#8610 = CARTESIAN_POINT('',(105.,80.,18.5));
#8611 = DIRECTION('',(9.948234987681E-17,-1.,-0.));
#8612 = DIRECTION('',(1.,9.948234987681E-17,0.));
#8613 = DEFINITIONAL_REPRESENTATION('',(#8614),#8618);
#8614 = LINE('',#8615,#8616);
#8615 = CARTESIAN_POINT('',(0.,12.));
#8616 = VECTOR('',#8617,1.);
#8617 = DIRECTION('',(1.,0.));
#8618 = ( GEOMETRIC_REPRESENTATION_CONTEXT(2) 
PARAMETRIC_REPRESENTATION_CONTEXT() REPRESENTATION_CONTEXT('2D SPACE',''
  ) );
#8619 = ORIENTED_EDGE('',*,*,#8620,.F.);
#8620 = EDGE_CURVE('',#8621,#8588,#8623,.T.);
#8621 = VERTEX_POINT('',#8622);
#8622 = CARTESIAN_POINT('',(103.,68.,21.5));
#8623 = SURFACE_CURVE('',#8624,(#8628,#8635),.PCURVE_S1.);
#8624 = LINE('',#8625,#8626);
#8625 = CARTESIAN_POINT('',(103.,68.,18.5));
#8626 = VECTOR('',#8627,1.);
#8627 = DIRECTION('',(-0.,-0.,-1.));
#8628 = PCURVE('',#592,#8629);
#8629 = DEFINITIONAL_REPRESENTATION('',(#8630),#8634);
#8630 = LINE('',#8631,#8632);
#8631 = CARTESIAN_POINT('',(188.,-41.5));
#8632 = VECTOR('',#8633,1.);
#8633 = DIRECTION('',(0.,-1.));
#8634 = ( GEOMETRIC_REPRESENTATION_CONTEXT(2) 
PARAMETRIC_REPRESENTATION_CONTEXT() REPRESENTATION_CONTEXT('2D SPACE',''
  ) );
#8635 = PCURVE('',#8636,#8641);
#8636 = PLANE('',#8637);
#8637 = AXIS2_PLACEMENT_3D('',#8638,#8639,#8640);
#8638 = CARTESIAN_POINT('',(103.,80.,18.5));
#8639 = DIRECTION('',(-1.,-9.948234987681E-17,0.));
#8640 = DIRECTION('',(9.948234987681E-17,-1.,0.));
#8641 = DEFINITIONAL_REPRESENTATION('',(#8642),#8646);
#8642 = LINE('',#8643,#8644);
#8643 = CARTESIAN_POINT('',(12.,0.));
#8644 = VECTOR('',#8645,1.);
#8645 = DIRECTION('',(0.,-1.));
#8646 = ( GEOMETRIC_REPRESENTATION_CONTEXT(2) 
PARAMETRIC_REPRESENTATION_CONTEXT() REPRESENTATION_CONTEXT('2D SPACE',''
  ) );
#8647 = ORIENTED_EDGE('',*,*,#8648,.F.);
#8648 = EDGE_CURVE('',#8560,#8621,#8649,.T.);
#8649 = SURFACE_CURVE('',#8650,(#8655,#8666),.PCURVE_S1.);
#8650 = CIRCLE('',#8651,2.);
#8651 = AXIS2_PLACEMENT_3D('',#8652,#8653,#8654);
#8652 = CARTESIAN_POINT('',(105.,68.,21.5));
#8653 = DIRECTION('',(9.948234987681E-17,-1.,0.));
#8654 = DIRECTION('',(1.,9.948234987681E-17,0.));
#8655 = PCURVE('',#592,#8656);
#8656 = DEFINITIONAL_REPRESENTATION('',(#8657),#8665);
#8657 = ( BOUNDED_CURVE() B_SPLINE_CURVE(2,(#8658,#8659,#8660,#8661,
#8662,#8663,#8664),.UNSPECIFIED.,.T.,.F.) B_SPLINE_CURVE_WITH_KNOTS((1,2
    ,2,2,2,1),(-2.094395102393,0.,2.094395102393,4.188790204786,
6.28318530718,8.377580409573),.UNSPECIFIED.) CURVE() 
GEOMETRIC_REPRESENTATION_ITEM() RATIONAL_B_SPLINE_CURVE((1.,0.5,1.,0.5,
1.,0.5,1.)) REPRESENTATION_ITEM('') );
#8658 = CARTESIAN_POINT('',(184.,-38.5));
#8659 = CARTESIAN_POINT('',(184.,-35.03589838486));
#8660 = CARTESIAN_POINT('',(187.,-36.76794919243));
#8661 = CARTESIAN_POINT('',(190.,-38.5));
#8662 = CARTESIAN_POINT('',(187.,-40.23205080756));
#8663 = CARTESIAN_POINT('',(184.,-41.96410161513));
#8664 = CARTESIAN_POINT('',(184.,-38.5));
#8665 = ( GEOMETRIC_REPRESENTATION_CONTEXT(2) 
PARAMETRIC_REPRESENTATION_CONTEXT() REPRESENTATION_CONTEXT('2D SPACE',''
  ) );
#8666 = PCURVE('',#8667,#8672);
#8667 = CYLINDRICAL_SURFACE('',#8668,2.);
#8668 = AXIS2_PLACEMENT_3D('',#8669,#8670,#8671);
#8669 = CARTESIAN_POINT('',(105.,80.,21.5));
#8670 = DIRECTION('',(9.948234987681E-17,-1.,-0.));
#8671 = DIRECTION('',(1.,9.948234987681E-17,0.));
#8672 = DEFINITIONAL_REPRESENTATION('',(#8673),#8677);
#8673 = LINE('',#8674,#8675);
#8674 = CARTESIAN_POINT('',(0.,12.));
#8675 = VECTOR('',#8676,1.);
#8676 = DIRECTION('',(1.,0.));
#8677 = ( GEOMETRIC_REPRESENTATION_CONTEXT(2) 
PARAMETRIC_REPRESENTATION_CONTEXT() REPRESENTATION_CONTEXT('2D SPACE',''
  ) );
#8678 = FACE_BOUND('',#8679,.T.);
#8679 = EDGE_LOOP('',(#8680,#8706));
#8680 = ORIENTED_EDGE('',*,*,#8681,.F.);
#8681 = EDGE_CURVE('',#1228,#1261,#8682,.T.);
#8682 = SURFACE_CURVE('',#8683,(#8688,#8699),.PCURVE_S1.);
#8683 = CIRCLE('',#8684,5.5);
#8684 = AXIS2_PLACEMENT_3D('',#8685,#8686,#8687);
#8685 = CARTESIAN_POINT('',(232.,68.,7.5));
#8686 = DIRECTION('',(0.,-1.,-0.));
#8687 = DIRECTION('',(0.,0.,-1.));
#8688 = PCURVE('',#592,#8689);
#8689 = DEFINITIONAL_REPRESENTATION('',(#8690),#8698);
#8690 = ( BOUNDED_CURVE() B_SPLINE_CURVE(2,(#8691,#8692,#8693,#8694,
#8695,#8696,#8697),.UNSPECIFIED.,.T.,.F.) B_SPLINE_CURVE_WITH_KNOTS((1,2
    ,2,2,2,1),(-2.094395102393,0.,2.094395102393,4.188790204786,
6.28318530718,8.377580409573),.UNSPECIFIED.) CURVE() 
GEOMETRIC_REPRESENTATION_ITEM() RATIONAL_B_SPLINE_CURVE((1.,0.5,1.,0.5,
1.,0.5,1.)) REPRESENTATION_ITEM('') );
#8691 = CARTESIAN_POINT('',(59.,-58.));
#8692 = CARTESIAN_POINT('',(49.473720558371,-58.));
#8693 = CARTESIAN_POINT('',(54.236860279186,-49.75));
#8694 = CARTESIAN_POINT('',(59.,-41.5));
#8695 = CARTESIAN_POINT('',(63.763139720814,-49.75));
#8696 = CARTESIAN_POINT('',(68.526279441629,-58.));
#8697 = CARTESIAN_POINT('',(59.,-58.));
#8698 = ( GEOMETRIC_REPRESENTATION_CONTEXT(2) 
PARAMETRIC_REPRESENTATION_CONTEXT() REPRESENTATION_CONTEXT('2D SPACE',''
  ) );
#8699 = PCURVE('',#1248,#8700);
#8700 = DEFINITIONAL_REPRESENTATION('',(#8701),#8705);
#8701 = LINE('',#8702,#8703);
#8702 = CARTESIAN_POINT('',(0.,0.));
#8703 = VECTOR('',#8704,1.);
#8704 = DIRECTION('',(1.,0.));
#8705 = ( GEOMETRIC_REPRESENTATION_CONTEXT(2) 
PARAMETRIC_REPRESENTATION_CONTEXT() REPRESENTATION_CONTEXT('2D SPACE',''
  ) );
#8706 = ORIENTED_EDGE('',*,*,#1260,.F.);
#8707 = FACE_BOUND('',#8708,.T.);
#8708 = EDGE_LOOP('',(#8709,#8735));
#8709 = ORIENTED_EDGE('',*,*,#8710,.F.);
#8710 = EDGE_CURVE('',#1690,#1723,#8711,.T.);
#8711 = SURFACE_CURVE('',#8712,(#8717,#8728),.PCURVE_S1.);
#8712 = CIRCLE('',#8713,5.5);
#8713 = AXIS2_PLACEMENT_3D('',#8714,#8715,#8716);
#8714 = CARTESIAN_POINT('',(145.,68.,7.5));
#8715 = DIRECTION('',(0.,-1.,-0.));
#8716 = DIRECTION('',(0.,0.,-1.));
#8717 = PCURVE('',#592,#8718);
#8718 = DEFINITIONAL_REPRESENTATION('',(#8719),#8727);
#8719 = ( BOUNDED_CURVE() B_SPLINE_CURVE(2,(#8720,#8721,#8722,#8723,
#8724,#8725,#8726),.UNSPECIFIED.,.T.,.F.) B_SPLINE_CURVE_WITH_KNOTS((1,2
    ,2,2,2,1),(-2.094395102393,0.,2.094395102393,4.188790204786,
6.28318530718,8.377580409573),.UNSPECIFIED.) CURVE() 
GEOMETRIC_REPRESENTATION_ITEM() RATIONAL_B_SPLINE_CURVE((1.,0.5,1.,0.5,
1.,0.5,1.)) REPRESENTATION_ITEM('') );
#8720 = CARTESIAN_POINT('',(146.,-58.));
#8721 = CARTESIAN_POINT('',(136.47372055837,-58.));
#8722 = CARTESIAN_POINT('',(141.23686027918,-49.75));
#8723 = CARTESIAN_POINT('',(146.,-41.5));
#8724 = CARTESIAN_POINT('',(150.76313972081,-49.75));
#8725 = CARTESIAN_POINT('',(155.52627944162,-58.));
#8726 = CARTESIAN_POINT('',(146.,-58.));
#8727 = ( GEOMETRIC_REPRESENTATION_CONTEXT(2) 
PARAMETRIC_REPRESENTATION_CONTEXT() REPRESENTATION_CONTEXT('2D SPACE',''
  ) );
#8728 = PCURVE('',#1710,#8729);
#8729 = DEFINITIONAL_REPRESENTATION('',(#8730),#8734);
#8730 = LINE('',#8731,#8732);
#8731 = CARTESIAN_POINT('',(0.,0.));
#8732 = VECTOR('',#8733,1.);
#8733 = DIRECTION('',(1.,0.));
#8734 = ( GEOMETRIC_REPRESENTATION_CONTEXT(2) 
PARAMETRIC_REPRESENTATION_CONTEXT() REPRESENTATION_CONTEXT('2D SPACE',''
  ) );
#8735 = ORIENTED_EDGE('',*,*,#1722,.F.);
#8736 = FACE_BOUND('',#8737,.T.);
#8737 = EDGE_LOOP('',(#8738,#8764));
#8738 = ORIENTED_EDGE('',*,*,#8739,.F.);
#8739 = EDGE_CURVE('',#2152,#2185,#8740,.T.);
#8740 = SURFACE_CURVE('',#8741,(#8746,#8757),.PCURVE_S1.);
#8741 = CIRCLE('',#8742,5.5);
#8742 = AXIS2_PLACEMENT_3D('',#8743,#8744,#8745);
#8743 = CARTESIAN_POINT('',(159.,68.,52.5));
#8744 = DIRECTION('',(0.,-1.,-0.));
#8745 = DIRECTION('',(0.,0.,-1.));
#8746 = PCURVE('',#592,#8747);
#8747 = DEFINITIONAL_REPRESENTATION('',(#8748),#8756);
#8748 = ( BOUNDED_CURVE() B_SPLINE_CURVE(2,(#8749,#8750,#8751,#8752,
#8753,#8754,#8755),.UNSPECIFIED.,.T.,.F.) B_SPLINE_CURVE_WITH_KNOTS((1,2
    ,2,2,2,1),(-2.094395102393,0.,2.094395102393,4.188790204786,
6.28318530718,8.377580409573),.UNSPECIFIED.) CURVE() 
GEOMETRIC_REPRESENTATION_ITEM() RATIONAL_B_SPLINE_CURVE((1.,0.5,1.,0.5,
1.,0.5,1.)) REPRESENTATION_ITEM('') );
#8749 = CARTESIAN_POINT('',(132.,-13.));
#8750 = CARTESIAN_POINT('',(122.47372055837,-13.));
#8751 = CARTESIAN_POINT('',(127.23686027918,-4.75));
#8752 = CARTESIAN_POINT('',(132.,3.5));
#8753 = CARTESIAN_POINT('',(136.76313972081,-4.75));
#8754 = CARTESIAN_POINT('',(141.52627944162,-13.));
#8755 = CARTESIAN_POINT('',(132.,-13.));
#8756 = ( GEOMETRIC_REPRESENTATION_CONTEXT(2) 
PARAMETRIC_REPRESENTATION_CONTEXT() REPRESENTATION_CONTEXT('2D SPACE',''
  ) );
#8757 = PCURVE('',#2172,#8758);
#8758 = DEFINITIONAL_REPRESENTATION('',(#8759),#8763);
#8759 = LINE('',#8760,#8761);
#8760 = CARTESIAN_POINT('',(0.,0.));
#8761 = VECTOR('',#8762,1.);
#8762 = DIRECTION('',(1.,0.));
#8763 = ( GEOMETRIC_REPRESENTATION_CONTEXT(2) 
PARAMETRIC_REPRESENTATION_CONTEXT() REPRESENTATION_CONTEXT('2D SPACE',''
  ) );
#8764 = ORIENTED_EDGE('',*,*,#2184,.F.);
#8765 = FACE_BOUND('',#8766,.T.);
#8766 = EDGE_LOOP('',(#8767,#8792,#8813,#8814,#8837,#8860));
#8767 = ORIENTED_EDGE('',*,*,#8768,.F.);
#8768 = EDGE_CURVE('',#8769,#8771,#8773,.T.);
#8769 = VERTEX_POINT('',#8770);
#8770 = CARTESIAN_POINT('',(291.,68.,57.));
#8771 = VERTEX_POINT('',#8772);
#8772 = CARTESIAN_POINT('',(291.,68.,3.));
#8773 = SURFACE_CURVE('',#8774,(#8778,#8785),.PCURVE_S1.);
#8774 = LINE('',#8775,#8776);
#8775 = CARTESIAN_POINT('',(291.,68.,60.));
#8776 = VECTOR('',#8777,1.);
#8777 = DIRECTION('',(-0.,-0.,-1.));
#8778 = PCURVE('',#592,#8779);
#8779 = DEFINITIONAL_REPRESENTATION('',(#8780),#8784);
#8780 = LINE('',#8781,#8782);
#8781 = CARTESIAN_POINT('',(0.,0.));
#8782 = VECTOR('',#8783,1.);
#8783 = DIRECTION('',(0.,-1.));
#8784 = ( GEOMETRIC_REPRESENTATION_CONTEXT(2) 
PARAMETRIC_REPRESENTATION_CONTEXT() REPRESENTATION_CONTEXT('2D SPACE',''
  ) );
#8785 = PCURVE('',#7011,#8786);
#8786 = DEFINITIONAL_REPRESENTATION('',(#8787),#8791);
#8787 = LINE('',#8788,#8789);
#8788 = CARTESIAN_POINT('',(0.,-12.));
#8789 = VECTOR('',#8790,1.);
#8790 = DIRECTION('',(-1.,0.));
#8791 = ( GEOMETRIC_REPRESENTATION_CONTEXT(2) 
PARAMETRIC_REPRESENTATION_CONTEXT() REPRESENTATION_CONTEXT('2D SPACE',''
  ) );
#8792 = ORIENTED_EDGE('',*,*,#8793,.T.);
#8793 = EDGE_CURVE('',#8769,#7880,#8794,.T.);
#8794 = SURFACE_CURVE('',#8795,(#8799,#8806),.PCURVE_S1.);
#8795 = LINE('',#8796,#8797);
#8796 = CARTESIAN_POINT('',(288.,68.,60.));
#8797 = VECTOR('',#8798,1.);
#8798 = DIRECTION('',(-0.707106781187,-7.034464420626E-17,0.707106781187
    ));
#8799 = PCURVE('',#592,#8800);
#8800 = DEFINITIONAL_REPRESENTATION('',(#8801),#8805);
#8801 = LINE('',#8802,#8803);
#8802 = CARTESIAN_POINT('',(3.,0.));
#8803 = VECTOR('',#8804,1.);
#8804 = DIRECTION('',(0.707106781187,0.707106781187));
#8805 = ( GEOMETRIC_REPRESENTATION_CONTEXT(2) 
PARAMETRIC_REPRESENTATION_CONTEXT() REPRESENTATION_CONTEXT('2D SPACE',''
  ) );
#8806 = PCURVE('',#7918,#8807);
#8807 = DEFINITIONAL_REPRESENTATION('',(#8808),#8812);
#8808 = LINE('',#8809,#8810);
#8809 = CARTESIAN_POINT('',(0.,68.));
#8810 = VECTOR('',#8811,1.);
#8811 = DIRECTION('',(1.,-7.034464420626E-17));
#8812 = ( GEOMETRIC_REPRESENTATION_CONTEXT(2) 
PARAMETRIC_REPRESENTATION_CONTEXT() REPRESENTATION_CONTEXT('2D SPACE',''
  ) );
#8813 = ORIENTED_EDGE('',*,*,#7879,.F.);
#8814 = ORIENTED_EDGE('',*,*,#8815,.T.);
#8815 = EDGE_CURVE('',#7852,#8816,#8818,.T.);
#8816 = VERTEX_POINT('',#8817);
#8817 = CARTESIAN_POINT('',(15.,68.,0.));
#8818 = SURFACE_CURVE('',#8819,(#8823,#8830),.PCURVE_S1.);
#8819 = LINE('',#8820,#8821);
#8820 = CARTESIAN_POINT('',(15.,68.,0.));
#8821 = VECTOR('',#8822,1.);
#8822 = DIRECTION('',(0.,0.,-1.));
#8823 = PCURVE('',#592,#8824);
#8824 = DEFINITIONAL_REPRESENTATION('',(#8825),#8829);
#8825 = LINE('',#8826,#8827);
#8826 = CARTESIAN_POINT('',(276.,-60.));
#8827 = VECTOR('',#8828,1.);
#8828 = DIRECTION('',(-0.,-1.));
#8829 = ( GEOMETRIC_REPRESENTATION_CONTEXT(2) 
PARAMETRIC_REPRESENTATION_CONTEXT() REPRESENTATION_CONTEXT('2D SPACE',''
  ) );
#8830 = PCURVE('',#7867,#8831);
#8831 = DEFINITIONAL_REPRESENTATION('',(#8832),#8836);
#8832 = LINE('',#8833,#8834);
#8833 = CARTESIAN_POINT('',(0.,-60.));
#8834 = VECTOR('',#8835,1.);
#8835 = DIRECTION('',(0.,-1.));
#8836 = ( GEOMETRIC_REPRESENTATION_CONTEXT(2) 
PARAMETRIC_REPRESENTATION_CONTEXT() REPRESENTATION_CONTEXT('2D SPACE',''
  ) );
#8837 = ORIENTED_EDGE('',*,*,#8838,.T.);
#8838 = EDGE_CURVE('',#8816,#8839,#8841,.T.);
#8839 = VERTEX_POINT('',#8840);
#8840 = CARTESIAN_POINT('',(288.,68.,2.168404344971E-16));
#8841 = SURFACE_CURVE('',#8842,(#8846,#8853),.PCURVE_S1.);
#8842 = LINE('',#8843,#8844);
#8843 = CARTESIAN_POINT('',(291.,68.,0.));
#8844 = VECTOR('',#8845,1.);
#8845 = DIRECTION('',(1.,9.948234987681E-17,-0.));
#8846 = PCURVE('',#592,#8847);
#8847 = DEFINITIONAL_REPRESENTATION('',(#8848),#8852);
#8848 = LINE('',#8849,#8850);
#8849 = CARTESIAN_POINT('',(-0.,-60.));
#8850 = VECTOR('',#8851,1.);
#8851 = DIRECTION('',(-1.,0.));
#8852 = ( GEOMETRIC_REPRESENTATION_CONTEXT(2) 
PARAMETRIC_REPRESENTATION_CONTEXT() REPRESENTATION_CONTEXT('2D SPACE',''
  ) );
#8853 = PCURVE('',#2894,#8854);
#8854 = DEFINITIONAL_REPRESENTATION('',(#8855),#8859);
#8855 = LINE('',#8856,#8857);
#8856 = CARTESIAN_POINT('',(-291.,68.));
#8857 = VECTOR('',#8858,1.);
#8858 = DIRECTION('',(-1.,9.948234987681E-17));
#8859 = ( GEOMETRIC_REPRESENTATION_CONTEXT(2) 
PARAMETRIC_REPRESENTATION_CONTEXT() REPRESENTATION_CONTEXT('2D SPACE',''
  ) );
#8860 = ORIENTED_EDGE('',*,*,#8861,.T.);
#8861 = EDGE_CURVE('',#8839,#8771,#8862,.T.);
#8862 = SURFACE_CURVE('',#8863,(#8867,#8874),.PCURVE_S1.);
#8863 = LINE('',#8864,#8865);
#8864 = CARTESIAN_POINT('',(291.,68.,3.));
#8865 = VECTOR('',#8866,1.);
#8866 = DIRECTION('',(0.707106781187,7.034464420626E-17,0.707106781187)
  );
#8867 = PCURVE('',#592,#8868);
#8868 = DEFINITIONAL_REPRESENTATION('',(#8869),#8873);
#8869 = LINE('',#8870,#8871);
#8870 = CARTESIAN_POINT('',(-0.,-57.));
#8871 = VECTOR('',#8872,1.);
#8872 = DIRECTION('',(-0.707106781187,0.707106781187));
#8873 = ( GEOMETRIC_REPRESENTATION_CONTEXT(2) 
PARAMETRIC_REPRESENTATION_CONTEXT() REPRESENTATION_CONTEXT('2D SPACE',''
  ) );
#8874 = PCURVE('',#8875,#8880);
#8875 = PLANE('',#8876);
#8876 = AXIS2_PLACEMENT_3D('',#8877,#8878,#8879);
#8877 = CARTESIAN_POINT('',(291.,80.,3.));
#8878 = DIRECTION('',(0.707106781187,0.,-0.707106781187));
#8879 = DIRECTION('',(-0.707106781187,0.,-0.707106781187));
#8880 = DEFINITIONAL_REPRESENTATION('',(#8881),#8885);
#8881 = LINE('',#8882,#8883);
#8882 = CARTESIAN_POINT('',(-0.,-12.));
#8883 = VECTOR('',#8884,1.);
#8884 = DIRECTION('',(-1.,7.034464420626E-17));
#8885 = ( GEOMETRIC_REPRESENTATION_CONTEXT(2) 
PARAMETRIC_REPRESENTATION_CONTEXT() REPRESENTATION_CONTEXT('2D SPACE',''
  ) );
#8886 = FACE_BOUND('',#8887,.T.);
#8887 = EDGE_LOOP('',(#8888,#8914));
#8888 = ORIENTED_EDGE('',*,*,#8889,.F.);
#8889 = EDGE_CURVE('',#2614,#2647,#8890,.T.);
#8890 = SURFACE_CURVE('',#8891,(#8896,#8907),.PCURVE_S1.);
#8891 = CIRCLE('',#8892,5.5);
#8892 = AXIS2_PLACEMENT_3D('',#8893,#8894,#8895);
#8893 = CARTESIAN_POINT('',(105.,68.,52.5));
#8894 = DIRECTION('',(0.,-1.,-0.));
#8895 = DIRECTION('',(0.,0.,-1.));
#8896 = PCURVE('',#592,#8897);
#8897 = DEFINITIONAL_REPRESENTATION('',(#8898),#8906);
#8898 = ( BOUNDED_CURVE() B_SPLINE_CURVE(2,(#8899,#8900,#8901,#8902,
#8903,#8904,#8905),.UNSPECIFIED.,.T.,.F.) B_SPLINE_CURVE_WITH_KNOTS((1,2
    ,2,2,2,1),(-2.094395102393,0.,2.094395102393,4.188790204786,
6.28318530718,8.377580409573),.UNSPECIFIED.) CURVE() 
GEOMETRIC_REPRESENTATION_ITEM() RATIONAL_B_SPLINE_CURVE((1.,0.5,1.,0.5,
1.,0.5,1.)) REPRESENTATION_ITEM('') );
#8899 = CARTESIAN_POINT('',(186.,-13.));
#8900 = CARTESIAN_POINT('',(176.47372055837,-13.));
#8901 = CARTESIAN_POINT('',(181.23686027918,-4.75));
#8902 = CARTESIAN_POINT('',(186.,3.5));
#8903 = CARTESIAN_POINT('',(190.76313972081,-4.75));
#8904 = CARTESIAN_POINT('',(195.52627944162,-13.));
#8905 = CARTESIAN_POINT('',(186.,-13.));
#8906 = ( GEOMETRIC_REPRESENTATION_CONTEXT(2) 
PARAMETRIC_REPRESENTATION_CONTEXT() REPRESENTATION_CONTEXT('2D SPACE',''
  ) );
#8907 = PCURVE('',#2634,#8908);
#8908 = DEFINITIONAL_REPRESENTATION('',(#8909),#8913);
#8909 = LINE('',#8910,#8911);
#8910 = CARTESIAN_POINT('',(0.,0.));
#8911 = VECTOR('',#8912,1.);
#8912 = DIRECTION('',(1.,0.));
#8913 = ( GEOMETRIC_REPRESENTATION_CONTEXT(2) 
PARAMETRIC_REPRESENTATION_CONTEXT() REPRESENTATION_CONTEXT('2D SPACE',''
  ) );
#8914 = ORIENTED_EDGE('',*,*,#2646,.F.);
#8915 = FACE_BOUND('',#8916,.T.);
#8916 = EDGE_LOOP('',(#8917,#8943));
#8917 = ORIENTED_EDGE('',*,*,#8918,.F.);
#8918 = EDGE_CURVE('',#2383,#2416,#8919,.T.);
#8919 = SURFACE_CURVE('',#8920,(#8925,#8936),.PCURVE_S1.);
#8920 = CIRCLE('',#8921,5.5);
#8921 = AXIS2_PLACEMENT_3D('',#8922,#8923,#8924);
#8922 = CARTESIAN_POINT('',(145.,68.,52.5));
#8923 = DIRECTION('',(0.,-1.,-0.));
#8924 = DIRECTION('',(0.,0.,-1.));
#8925 = PCURVE('',#592,#8926);
#8926 = DEFINITIONAL_REPRESENTATION('',(#8927),#8935);
#8927 = ( BOUNDED_CURVE() B_SPLINE_CURVE(2,(#8928,#8929,#8930,#8931,
#8932,#8933,#8934),.UNSPECIFIED.,.T.,.F.) B_SPLINE_CURVE_WITH_KNOTS((1,2
    ,2,2,2,1),(-2.094395102393,0.,2.094395102393,4.188790204786,
6.28318530718,8.377580409573),.UNSPECIFIED.) CURVE() 
GEOMETRIC_REPRESENTATION_ITEM() RATIONAL_B_SPLINE_CURVE((1.,0.5,1.,0.5,
1.,0.5,1.)) REPRESENTATION_ITEM('') );
#8928 = CARTESIAN_POINT('',(146.,-13.));
#8929 = CARTESIAN_POINT('',(136.47372055837,-13.));
#8930 = CARTESIAN_POINT('',(141.23686027918,-4.75));
#8931 = CARTESIAN_POINT('',(146.,3.5));
#8932 = CARTESIAN_POINT('',(150.76313972081,-4.75));
#8933 = CARTESIAN_POINT('',(155.52627944162,-13.));
#8934 = CARTESIAN_POINT('',(146.,-13.));
#8935 = ( GEOMETRIC_REPRESENTATION_CONTEXT(2) 
PARAMETRIC_REPRESENTATION_CONTEXT() REPRESENTATION_CONTEXT('2D SPACE',''
  ) );
#8936 = PCURVE('',#2403,#8937);
#8937 = DEFINITIONAL_REPRESENTATION('',(#8938),#8942);
#8938 = LINE('',#8939,#8940);
#8939 = CARTESIAN_POINT('',(0.,0.));
#8940 = VECTOR('',#8941,1.);
#8941 = DIRECTION('',(1.,0.));
#8942 = ( GEOMETRIC_REPRESENTATION_CONTEXT(2) 
PARAMETRIC_REPRESENTATION_CONTEXT() REPRESENTATION_CONTEXT('2D SPACE',''
  ) );
#8943 = ORIENTED_EDGE('',*,*,#2415,.F.);
#8944 = FACE_BOUND('',#8945,.T.);
#8945 = EDGE_LOOP('',(#8946,#8972));
#8946 = ORIENTED_EDGE('',*,*,#8947,.F.);
#8947 = EDGE_CURVE('',#1921,#1954,#8948,.T.);
#8948 = SURFACE_CURVE('',#8949,(#8954,#8965),.PCURVE_S1.);
#8949 = CIRCLE('',#8950,5.5);
#8950 = AXIS2_PLACEMENT_3D('',#8951,#8952,#8953);
#8951 = CARTESIAN_POINT('',(105.,68.,7.5));
#8952 = DIRECTION('',(0.,-1.,-0.));
#8953 = DIRECTION('',(0.,0.,-1.));
#8954 = PCURVE('',#592,#8955);
#8955 = DEFINITIONAL_REPRESENTATION('',(#8956),#8964);
#8956 = ( BOUNDED_CURVE() B_SPLINE_CURVE(2,(#8957,#8958,#8959,#8960,
#8961,#8962,#8963),.UNSPECIFIED.,.T.,.F.) B_SPLINE_CURVE_WITH_KNOTS((1,2
    ,2,2,2,1),(-2.094395102393,0.,2.094395102393,4.188790204786,
6.28318530718,8.377580409573),.UNSPECIFIED.) CURVE() 
GEOMETRIC_REPRESENTATION_ITEM() RATIONAL_B_SPLINE_CURVE((1.,0.5,1.,0.5,
1.,0.5,1.)) REPRESENTATION_ITEM('') );
#8957 = CARTESIAN_POINT('',(186.,-58.));
#8958 = CARTESIAN_POINT('',(176.47372055837,-58.));
#8959 = CARTESIAN_POINT('',(181.23686027918,-49.75));
#8960 = CARTESIAN_POINT('',(186.,-41.5));
#8961 = CARTESIAN_POINT('',(190.76313972081,-49.75));
#8962 = CARTESIAN_POINT('',(195.52627944162,-58.));
#8963 = CARTESIAN_POINT('',(186.,-58.));
#8964 = ( GEOMETRIC_REPRESENTATION_CONTEXT(2) 
PARAMETRIC_REPRESENTATION_CONTEXT() REPRESENTATION_CONTEXT('2D SPACE',''
  ) );
#8965 = PCURVE('',#1941,#8966);
#8966 = DEFINITIONAL_REPRESENTATION('',(#8967),#8971);
#8967 = LINE('',#8968,#8969);
#8968 = CARTESIAN_POINT('',(0.,0.));
#8969 = VECTOR('',#8970,1.);
#8970 = DIRECTION('',(1.,0.));
#8971 = ( GEOMETRIC_REPRESENTATION_CONTEXT(2) 
PARAMETRIC_REPRESENTATION_CONTEXT() REPRESENTATION_CONTEXT('2D SPACE',''
  ) );
#8972 = ORIENTED_EDGE('',*,*,#1953,.F.);
#8973 = FACE_BOUND('',#8974,.T.);
#8974 = EDGE_LOOP('',(#8975,#9001));
#8975 = ORIENTED_EDGE('',*,*,#8976,.F.);
#8976 = EDGE_CURVE('',#1459,#1492,#8977,.T.);
#8977 = SURFACE_CURVE('',#8978,(#8983,#8994),.PCURVE_S1.);
#8978 = CIRCLE('',#8979,5.5);
#8979 = AXIS2_PLACEMENT_3D('',#8980,#8981,#8982);
#8980 = CARTESIAN_POINT('',(159.,68.,7.5));
#8981 = DIRECTION('',(0.,-1.,-0.));
#8982 = DIRECTION('',(0.,0.,-1.));
#8983 = PCURVE('',#592,#8984);
#8984 = DEFINITIONAL_REPRESENTATION('',(#8985),#8993);
#8985 = ( BOUNDED_CURVE() B_SPLINE_CURVE(2,(#8986,#8987,#8988,#8989,
#8990,#8991,#8992),.UNSPECIFIED.,.T.,.F.) B_SPLINE_CURVE_WITH_KNOTS((1,2
    ,2,2,2,1),(-2.094395102393,0.,2.094395102393,4.188790204786,
6.28318530718,8.377580409573),.UNSPECIFIED.) CURVE() 
GEOMETRIC_REPRESENTATION_ITEM() RATIONAL_B_SPLINE_CURVE((1.,0.5,1.,0.5,
1.,0.5,1.)) REPRESENTATION_ITEM('') );
#8986 = CARTESIAN_POINT('',(132.,-58.));
#8987 = CARTESIAN_POINT('',(122.47372055837,-58.));
#8988 = CARTESIAN_POINT('',(127.23686027918,-49.75));
#8989 = CARTESIAN_POINT('',(132.,-41.5));
#8990 = CARTESIAN_POINT('',(136.76313972081,-49.75));
#8991 = CARTESIAN_POINT('',(141.52627944162,-58.));
#8992 = CARTESIAN_POINT('',(132.,-58.));
#8993 = ( GEOMETRIC_REPRESENTATION_CONTEXT(2) 
PARAMETRIC_REPRESENTATION_CONTEXT() REPRESENTATION_CONTEXT('2D SPACE',''
  ) );
#8994 = PCURVE('',#1479,#8995);
#8995 = DEFINITIONAL_REPRESENTATION('',(#8996),#9000);
#8996 = LINE('',#8997,#8998);
#8997 = CARTESIAN_POINT('',(0.,0.));
#8998 = VECTOR('',#8999,1.);
#8999 = DIRECTION('',(1.,0.));
#9000 = ( GEOMETRIC_REPRESENTATION_CONTEXT(2) 
PARAMETRIC_REPRESENTATION_CONTEXT() REPRESENTATION_CONTEXT('2D SPACE',''
  ) );
#9001 = ORIENTED_EDGE('',*,*,#1491,.F.);
#9002 = FACE_BOUND('',#9003,.T.);
#9003 = EDGE_LOOP('',(#9004,#9030));
#9004 = ORIENTED_EDGE('',*,*,#9005,.F.);
#9005 = EDGE_CURVE('',#997,#1030,#9006,.T.);
#9006 = SURFACE_CURVE('',#9007,(#9012,#9023),.PCURVE_S1.);
#9007 = CIRCLE('',#9008,5.5);
#9008 = AXIS2_PLACEMENT_3D('',#9009,#9010,#9011);
#9009 = CARTESIAN_POINT('',(232.,68.,52.5));
#9010 = DIRECTION('',(0.,-1.,-0.));
#9011 = DIRECTION('',(0.,0.,-1.));
#9012 = PCURVE('',#592,#9013);
#9013 = DEFINITIONAL_REPRESENTATION('',(#9014),#9022);
#9014 = ( BOUNDED_CURVE() B_SPLINE_CURVE(2,(#9015,#9016,#9017,#9018,
#9019,#9020,#9021),.UNSPECIFIED.,.T.,.F.) B_SPLINE_CURVE_WITH_KNOTS((1,2
    ,2,2,2,1),(-2.094395102393,0.,2.094395102393,4.188790204786,
6.28318530718,8.377580409573),.UNSPECIFIED.) CURVE() 
GEOMETRIC_REPRESENTATION_ITEM() RATIONAL_B_SPLINE_CURVE((1.,0.5,1.,0.5,
1.,0.5,1.)) REPRESENTATION_ITEM('') );
#9015 = CARTESIAN_POINT('',(59.,-13.));
#9016 = CARTESIAN_POINT('',(49.473720558371,-13.));
#9017 = CARTESIAN_POINT('',(54.236860279186,-4.75));
#9018 = CARTESIAN_POINT('',(59.,3.5));
#9019 = CARTESIAN_POINT('',(63.763139720814,-4.75));
#9020 = CARTESIAN_POINT('',(68.526279441629,-13.));
#9021 = CARTESIAN_POINT('',(59.,-13.));
#9022 = ( GEOMETRIC_REPRESENTATION_CONTEXT(2) 
PARAMETRIC_REPRESENTATION_CONTEXT() REPRESENTATION_CONTEXT('2D SPACE',''
  ) );
#9023 = PCURVE('',#1017,#9024);
#9024 = DEFINITIONAL_REPRESENTATION('',(#9025),#9029);
#9025 = LINE('',#9026,#9027);
#9026 = CARTESIAN_POINT('',(0.,0.));
#9027 = VECTOR('',#9028,1.);
#9028 = DIRECTION('',(1.,0.));
#9029 = ( GEOMETRIC_REPRESENTATION_CONTEXT(2) 
PARAMETRIC_REPRESENTATION_CONTEXT() REPRESENTATION_CONTEXT('2D SPACE',''
  ) );
#9030 = ORIENTED_EDGE('',*,*,#1029,.F.);
#9031 = FACE_BOUND('',#9032,.T.);
#9032 = EDGE_LOOP('',(#9033,#9059));
#9033 = ORIENTED_EDGE('',*,*,#9034,.F.);
#9034 = EDGE_CURVE('',#775,#808,#9035,.T.);
#9035 = SURFACE_CURVE('',#9036,(#9041,#9052),.PCURVE_S1.);
#9036 = CIRCLE('',#9037,2.);
#9037 = AXIS2_PLACEMENT_3D('',#9038,#9039,#9040);
#9038 = CARTESIAN_POINT('',(145.,68.,40.));
#9039 = DIRECTION('',(0.,-1.,-0.));
#9040 = DIRECTION('',(0.,0.,-1.));
#9041 = PCURVE('',#592,#9042);
#9042 = DEFINITIONAL_REPRESENTATION('',(#9043),#9051);
#9043 = ( BOUNDED_CURVE() B_SPLINE_CURVE(2,(#9044,#9045,#9046,#9047,
#9048,#9049,#9050),.UNSPECIFIED.,.T.,.F.) B_SPLINE_CURVE_WITH_KNOTS((1,2
    ,2,2,2,1),(-2.094395102393,0.,2.094395102393,4.188790204786,
6.28318530718,8.377580409573),.UNSPECIFIED.) CURVE() 
GEOMETRIC_REPRESENTATION_ITEM() RATIONAL_B_SPLINE_CURVE((1.,0.5,1.,0.5,
1.,0.5,1.)) REPRESENTATION_ITEM('') );
#9044 = CARTESIAN_POINT('',(146.,-22.));
#9045 = CARTESIAN_POINT('',(142.53589838486,-22.));
#9046 = CARTESIAN_POINT('',(144.26794919243,-19.));
#9047 = CARTESIAN_POINT('',(146.,-16.));
#9048 = CARTESIAN_POINT('',(147.73205080756,-19.));
#9049 = CARTESIAN_POINT('',(149.46410161513,-22.));
#9050 = CARTESIAN_POINT('',(146.,-22.));
#9051 = ( GEOMETRIC_REPRESENTATION_CONTEXT(2) 
PARAMETRIC_REPRESENTATION_CONTEXT() REPRESENTATION_CONTEXT('2D SPACE',''
  ) );
#9052 = PCURVE('',#795,#9053);
#9053 = DEFINITIONAL_REPRESENTATION('',(#9054),#9058);
#9054 = LINE('',#9055,#9056);
#9055 = CARTESIAN_POINT('',(0.,0.));
#9056 = VECTOR('',#9057,1.);
#9057 = DIRECTION('',(1.,0.));
#9058 = ( GEOMETRIC_REPRESENTATION_CONTEXT(2) 
PARAMETRIC_REPRESENTATION_CONTEXT() REPRESENTATION_CONTEXT('2D SPACE',''
  ) );
#9059 = ORIENTED_EDGE('',*,*,#807,.F.);
#9060 = FACE_BOUND('',#9061,.T.);
#9061 = EDGE_LOOP('',(#9062,#9088));
#9062 = ORIENTED_EDGE('',*,*,#9063,.F.);
#9063 = EDGE_CURVE('',#664,#697,#9064,.T.);
#9064 = SURFACE_CURVE('',#9065,(#9070,#9081),.PCURVE_S1.);
#9065 = CIRCLE('',#9066,2.);
#9066 = AXIS2_PLACEMENT_3D('',#9067,#9068,#9069);
#9067 = CARTESIAN_POINT('',(232.,68.,40.));
#9068 = DIRECTION('',(0.,-1.,-0.));
#9069 = DIRECTION('',(0.,0.,-1.));
#9070 = PCURVE('',#592,#9071);
#9071 = DEFINITIONAL_REPRESENTATION('',(#9072),#9080);
#9072 = ( BOUNDED_CURVE() B_SPLINE_CURVE(2,(#9073,#9074,#9075,#9076,
#9077,#9078,#9079),.UNSPECIFIED.,.T.,.F.) B_SPLINE_CURVE_WITH_KNOTS((1,2
    ,2,2,2,1),(-2.094395102393,0.,2.094395102393,4.188790204786,
6.28318530718,8.377580409573),.UNSPECIFIED.) CURVE() 
GEOMETRIC_REPRESENTATION_ITEM() RATIONAL_B_SPLINE_CURVE((1.,0.5,1.,0.5,
1.,0.5,1.)) REPRESENTATION_ITEM('') );
#9073 = CARTESIAN_POINT('',(59.,-22.));
#9074 = CARTESIAN_POINT('',(55.535898384862,-22.));
#9075 = CARTESIAN_POINT('',(57.267949192431,-19.));
#9076 = CARTESIAN_POINT('',(59.,-16.));
#9077 = CARTESIAN_POINT('',(60.732050807569,-19.));
#9078 = CARTESIAN_POINT('',(62.464101615138,-22.));
#9079 = CARTESIAN_POINT('',(59.,-22.));
#9080 = ( GEOMETRIC_REPRESENTATION_CONTEXT(2) 
PARAMETRIC_REPRESENTATION_CONTEXT() REPRESENTATION_CONTEXT('2D SPACE',''
  ) );
#9081 = PCURVE('',#684,#9082);
#9082 = DEFINITIONAL_REPRESENTATION('',(#9083),#9087);
#9083 = LINE('',#9084,#9085);
#9084 = CARTESIAN_POINT('',(0.,0.));
#9085 = VECTOR('',#9086,1.);
#9086 = DIRECTION('',(1.,0.));
#9087 = ( GEOMETRIC_REPRESENTATION_CONTEXT(2) 
PARAMETRIC_REPRESENTATION_CONTEXT() REPRESENTATION_CONTEXT('2D SPACE',''
  ) );
#9088 = ORIENTED_EDGE('',*,*,#696,.F.);
#9089 = FACE_BOUND('',#9090,.T.);
#9090 = EDGE_LOOP('',(#9091,#9117));
#9091 = ORIENTED_EDGE('',*,*,#9092,.F.);
#9092 = EDGE_CURVE('',#543,#576,#9093,.T.);
#9093 = SURFACE_CURVE('',#9094,(#9099,#9110),.PCURVE_S1.);
#9094 = CIRCLE('',#9095,2.);
#9095 = AXIS2_PLACEMENT_3D('',#9096,#9097,#9098);
#9096 = CARTESIAN_POINT('',(159.,68.,40.));
#9097 = DIRECTION('',(0.,-1.,-0.));
#9098 = DIRECTION('',(0.,0.,-1.));
#9099 = PCURVE('',#592,#9100);
#9100 = DEFINITIONAL_REPRESENTATION('',(#9101),#9109);
#9101 = ( BOUNDED_CURVE() B_SPLINE_CURVE(2,(#9102,#9103,#9104,#9105,
#9106,#9107,#9108),.UNSPECIFIED.,.T.,.F.) B_SPLINE_CURVE_WITH_KNOTS((1,2
    ,2,2,2,1),(-2.094395102393,0.,2.094395102393,4.188790204786,
6.28318530718,8.377580409573),.UNSPECIFIED.) CURVE() 
GEOMETRIC_REPRESENTATION_ITEM() RATIONAL_B_SPLINE_CURVE((1.,0.5,1.,0.5,
1.,0.5,1.)) REPRESENTATION_ITEM('') );
#9102 = CARTESIAN_POINT('',(132.,-22.));
#9103 = CARTESIAN_POINT('',(128.53589838486,-22.));
#9104 = CARTESIAN_POINT('',(130.26794919243,-19.));
#9105 = CARTESIAN_POINT('',(132.,-16.));
#9106 = CARTESIAN_POINT('',(133.73205080756,-19.));
#9107 = CARTESIAN_POINT('',(135.46410161513,-22.));
#9108 = CARTESIAN_POINT('',(132.,-22.));
#9109 = ( GEOMETRIC_REPRESENTATION_CONTEXT(2) 
PARAMETRIC_REPRESENTATION_CONTEXT() REPRESENTATION_CONTEXT('2D SPACE',''
  ) );
#9110 = PCURVE('',#563,#9111);
#9111 = DEFINITIONAL_REPRESENTATION('',(#9112),#9116);
#9112 = LINE('',#9113,#9114);
#9113 = CARTESIAN_POINT('',(0.,0.));
#9114 = VECTOR('',#9115,1.);
#9115 = DIRECTION('',(1.,0.));
#9116 = ( GEOMETRIC_REPRESENTATION_CONTEXT(2) 
PARAMETRIC_REPRESENTATION_CONTEXT() REPRESENTATION_CONTEXT('2D SPACE',''
  ) );
#9117 = ORIENTED_EDGE('',*,*,#575,.F.);
#9118 = ADVANCED_FACE('',(#9119),#7489,.F.);
#9119 = FACE_BOUND('',#9120,.F.);
#9120 = EDGE_LOOP('',(#9121,#9147,#9148,#9328,#9357,#9535));
#9121 = ORIENTED_EDGE('',*,*,#9122,.F.);
#9122 = EDGE_CURVE('',#7474,#7502,#9123,.T.);
#9123 = SURFACE_CURVE('',#9124,(#9129,#9136),.PCURVE_S1.);
#9124 = CIRCLE('',#9125,2.5);
#9125 = AXIS2_PLACEMENT_3D('',#9126,#9127,#9128);
#9126 = CARTESIAN_POINT('',(291.,74.064670267905,52.5));
#9127 = DIRECTION('',(1.,-0.,0.));
#9128 = DIRECTION('',(0.,0.,-1.));
#9129 = PCURVE('',#7489,#9130);
#9130 = DEFINITIONAL_REPRESENTATION('',(#9131),#9135);
#9131 = LINE('',#9132,#9133);
#9132 = CARTESIAN_POINT('',(0.,0.));
#9133 = VECTOR('',#9134,1.);
#9134 = DIRECTION('',(1.,0.));
#9135 = ( GEOMETRIC_REPRESENTATION_CONTEXT(2) 
PARAMETRIC_REPRESENTATION_CONTEXT() REPRESENTATION_CONTEXT('2D SPACE',''
  ) );
#9136 = PCURVE('',#7011,#9137);
#9137 = DEFINITIONAL_REPRESENTATION('',(#9138),#9146);
#9138 = ( BOUNDED_CURVE() B_SPLINE_CURVE(2,(#9139,#9140,#9141,#9142,
#9143,#9144,#9145),.UNSPECIFIED.,.T.,.F.) B_SPLINE_CURVE_WITH_KNOTS((1,2
    ,2,2,2,1),(-2.094395102393,0.,2.094395102393,4.188790204786,
6.28318530718,8.377580409573),.UNSPECIFIED.) CURVE() 
GEOMETRIC_REPRESENTATION_ITEM() RATIONAL_B_SPLINE_CURVE((1.,0.5,1.,0.5,
1.,0.5,1.)) REPRESENTATION_ITEM('') );
#9139 = CARTESIAN_POINT('',(-10.,-5.935329732095));
#9140 = CARTESIAN_POINT('',(-10.,-1.605202713173));
#9141 = CARTESIAN_POINT('',(-6.25,-3.770266222634));
#9142 = CARTESIAN_POINT('',(-2.5,-5.935329732095));
#9143 = CARTESIAN_POINT('',(-6.25,-8.100393241556));
#9144 = CARTESIAN_POINT('',(-10.,-10.26545675101));
#9145 = CARTESIAN_POINT('',(-10.,-5.935329732095));
#9146 = ( GEOMETRIC_REPRESENTATION_CONTEXT(2) 
PARAMETRIC_REPRESENTATION_CONTEXT() REPRESENTATION_CONTEXT('2D SPACE',''
  ) );
#9147 = ORIENTED_EDGE('',*,*,#7471,.F.);
#9148 = ORIENTED_EDGE('',*,*,#9149,.F.);
#9149 = EDGE_CURVE('',#9150,#7472,#9152,.T.);
#9150 = VERTEX_POINT('',#9151);
#9151 = CARTESIAN_POINT('',(277.,76.291287847478,51.363261615702));
#9152 = SURFACE_CURVE('',#9153,(#9182,#9255),.PCURVE_S1.);
#9153 = B_SPLINE_CURVE_WITH_KNOTS('',3,(#9154,#9155,#9156,#9157,#9158,
    #9159,#9160,#9161,#9162,#9163,#9164,#9165,#9166,#9167,#9168,#9169,
    #9170,#9171,#9172,#9173,#9174,#9175,#9176,#9177,#9178,#9179,#9180,
    #9181),.UNSPECIFIED.,.F.,.F.,(4,2,2,2,2,2,2,2,2,2,2,2,2,4),(0.,
    3.493221249827E-04,6.986442499653E-04,1.047966374948E-03,
    1.222627437439E-03,1.39728849993E-03,1.746610624913E-03,
    2.095932749896E-03,2.794576999861E-03,3.493221249826E-03,
    4.191865499792E-03,4.890509749757E-03,5.23983187474E-03,
    5.589153999723E-03),.UNSPECIFIED.);
#9154 = CARTESIAN_POINT('',(277.,76.291287847478,51.363261615702));
#9155 = CARTESIAN_POINT('',(277.08419365152,76.328032969491,
    51.435237134227));
#9156 = CARTESIAN_POINT('',(277.17028285926,76.360146887674,
    51.506825716057));
#9157 = CARTESIAN_POINT('',(277.34870334415,76.415478530461,
    51.646004342579));
#9158 = CARTESIAN_POINT('',(277.44125913746,76.43876803919,
    51.71411443469));
#9159 = CARTESIAN_POINT('',(277.63565598754,76.475284698985,
    51.834496871492));
#9160 = CARTESIAN_POINT('',(277.73832064305,76.488917859052,
    51.888557709187));
#9161 = CARTESIAN_POINT('',(277.91028224069,76.499049373743,
    51.930783096172));
#9162 = CARTESIAN_POINT('',(277.96833412632,76.500493776903,
    51.937175076946));
#9163 = CARTESIAN_POINT('',(278.08617203702,76.499209122086,
    51.93164392457));
#9164 = CARTESIAN_POINT('',(278.14457822116,76.496441436273,
    51.919621992812));
#9165 = CARTESIAN_POINT('',(278.31168294718,76.483011189572,
    51.865156891249));
#9166 = CARTESIAN_POINT('',(278.41417156399,76.467403859705,
    51.806282577667));
#9167 = CARTESIAN_POINT('',(278.60620545579,76.427372002118,
    51.680235954461));
#9168 = CARTESIAN_POINT('',(278.69745927434,76.402559909192,
    51.611101242272));
#9169 = CARTESIAN_POINT('',(278.96374694017,76.314339227898,
    51.398879899489));
#9170 = CARTESIAN_POINT('',(279.12813443604,76.238504659579,
    51.253698056968));
#9171 = CARTESIAN_POINT('',(279.4425314078,76.050047207808,
    50.971241385264));
#9172 = CARTESIAN_POINT('',(279.59292845597,75.936619055225,
    50.832355409494));
#9173 = CARTESIAN_POINT('',(279.87357260101,75.666625374714,
    50.571536731395));
#9174 = CARTESIAN_POINT('',(280.00110178954,75.513125371652,
    50.451992378352));
#9175 = CARTESIAN_POINT('',(280.22516996923,75.158695546936,
    50.242686088569));
#9176 = CARTESIAN_POINT('',(280.31903762176,74.960872538509,
    50.155385419573));
#9177 = CARTESIAN_POINT('',(280.42017324758,74.636839330839,
    50.063768981897));
#9178 = CARTESIAN_POINT('',(280.44721793389,74.523800984421,
    50.039850314642));
#9179 = CARTESIAN_POINT('',(280.4849897416,74.296764336438,
    50.00815934848));
#9180 = CARTESIAN_POINT('',(280.49613789371,74.18159050249,50.));
#9181 = CARTESIAN_POINT('',(280.49916341131,74.064670267905,50.));
#9182 = PCURVE('',#7489,#9183);
#9183 = DEFINITIONAL_REPRESENTATION('',(#9184),#9254);
#9184 = B_SPLINE_CURVE_WITH_KNOTS('',3,(#9185,#9186,#9187,#9188,#9189,
    #9190,#9191,#9192,#9193,#9194,#9195,#9196,#9197,#9198,#9199,#9200,
    #9201,#9202,#9203,#9204,#9205,#9206,#9207,#9208,#9209,#9210,#9211,
    #9212,#9213,#9214,#9215,#9216,#9217,#9218,#9219,#9220,#9221,#9222,
    #9223,#9224,#9225,#9226,#9227,#9228,#9229,#9230,#9231,#9232,#9233,
    #9234,#9235,#9236,#9237,#9238,#9239,#9240,#9241,#9242,#9243,#9244,
    #9245,#9246,#9247,#9248,#9249,#9250,#9251,#9252,#9253),
  .UNSPECIFIED.,.F.,.F.,(4,1,1,1,1,1,1,1,1,1,1,1,1,1,1,1,1,1,1,1,1,1,1,1
    ,1,1,1,1,1,1,1,1,1,1,1,1,1,1,1,1,1,1,1,1,1,1,1,1,1,1,1,1,1,1,1,1,1,1
    ,1,1,1,1,1,1,1,1,4),(0.,8.468415151095E-05,1.693683030219E-04,
    2.540524545328E-04,3.387366060438E-04,4.234207575547E-04,
    5.081049090657E-04,5.927890605766E-04,6.774732120876E-04,
    7.621573635985E-04,8.468415151095E-04,9.315256666204E-04,
    1.016209818131E-03,1.100893969642E-03,1.185578121153E-03,
    1.270262272664E-03,1.354946424175E-03,1.439630575686E-03,
    1.524314727197E-03,1.608998878708E-03,1.693683030219E-03,
    1.77836718173E-03,1.863051333241E-03,1.947735484752E-03,
    2.032419636263E-03,2.117103787774E-03,2.201787939285E-03,
    2.286472090796E-03,2.371156242307E-03,2.455840393818E-03,
    2.540524545328E-03,2.625208696839E-03,2.70989284835E-03,
    2.794576999861E-03,2.879261151372E-03,2.963945302883E-03,
    3.048629454394E-03,3.133313605905E-03,3.217997757416E-03,
    3.302681908927E-03,3.387366060438E-03,3.472050211949E-03,
    3.55673436346E-03,3.641418514971E-03,3.726102666482E-03,
    3.810786817993E-03,3.895470969504E-03,3.980155121015E-03,
    4.064839272526E-03,4.149523424036E-03,4.234207575547E-03,
    4.318891727058E-03,4.403575878569E-03,4.48826003008E-03,
    4.572944181591E-03,4.657628333102E-03,4.742312484613E-03,
    4.826996636124E-03,4.911680787635E-03,4.996364939146E-03,
    5.081049090657E-03,5.165733242168E-03,5.250417393679E-03,
    5.33510154519E-03,5.419785696701E-03,5.504469848212E-03,
    5.589153999723E-03),.QUASI_UNIFORM_KNOTS.);
#9185 = CARTESIAN_POINT('',(1.098766193064,-14.));
#9186 = CARTESIAN_POINT('',(1.106602445443,-13.97958941781));
#9187 = CARTESIAN_POINT('',(1.122160318435,-13.93854537075));
#9188 = CARTESIAN_POINT('',(1.145116875261,-13.87620662227));
#9189 = CARTESIAN_POINT('',(1.167661083634,-13.8129882555));
#9190 = CARTESIAN_POINT('',(1.189745932278,-13.74879351689));
#9191 = CARTESIAN_POINT('',(1.211372009351,-13.68348781616));
#9192 = CARTESIAN_POINT('',(1.232413463586,-13.61689178301));
#9193 = CARTESIAN_POINT('',(1.252650765237,-13.54891143953));
#9194 = CARTESIAN_POINT('',(1.271857632673,-13.47943309899));
#9195 = CARTESIAN_POINT('',(1.289911488589,-13.40834021657));
#9196 = CARTESIAN_POINT('',(1.306517790322,-13.33486931286));
#9197 = CARTESIAN_POINT('',(1.320921375734,-13.25850331737));
#9198 = CARTESIAN_POINT('',(1.332484853774,-13.17868744659));
#9199 = CARTESIAN_POINT('',(1.34048592386,-13.09481885002));
#9200 = CARTESIAN_POINT('',(1.343671071541,-13.010377947));
#9201 = CARTESIAN_POINT('',(1.341663169419,-12.92441967322));
#9202 = CARTESIAN_POINT('',(1.334673958063,-12.84013965721));
#9203 = CARTESIAN_POINT('',(1.323688426452,-12.75907804764));
#9204 = CARTESIAN_POINT('',(1.309735994288,-12.68113941334));
#9205 = CARTESIAN_POINT('',(1.293404174905,-12.60601454716));
#9206 = CARTESIAN_POINT('',(1.275304360973,-12.53349272694));
#9207 = CARTESIAN_POINT('',(1.256146529374,-12.46347310999));
#9208 = CARTESIAN_POINT('',(1.236057427316,-12.39506345806));
#9209 = CARTESIAN_POINT('',(1.215122742441,-12.328061719));
#9210 = CARTESIAN_POINT('',(1.193500230754,-12.26229352763));
#9211 = CARTESIAN_POINT('',(1.171304248535,-12.19749316325));
#9212 = CARTESIAN_POINT('',(1.148756213659,-12.13378712063));
#9213 = CARTESIAN_POINT('',(1.125878782495,-12.07117260393));
#9214 = CARTESIAN_POINT('',(1.102685399159,-12.00956976017));
#9215 = CARTESIAN_POINT('',(1.079191079678,-11.94891941897));
#9216 = CARTESIAN_POINT('',(1.055409090524,-11.88915673669));
#9217 = CARTESIAN_POINT('',(1.031352857445,-11.8302188802));
#9218 = CARTESIAN_POINT('',(1.007031041164,-11.7720406475));
#9219 = CARTESIAN_POINT('',(0.982464704909,-11.71456430166));
#9220 = CARTESIAN_POINT('',(0.957622944076,-11.65770461428));
#9221 = CARTESIAN_POINT('',(0.932466407734,-11.60147490129));
#9222 = CARTESIAN_POINT('',(0.907005242189,-11.54591596061));
#9223 = CARTESIAN_POINT('',(0.88123474791,-11.4910611584));
#9224 = CARTESIAN_POINT('',(0.855152768358,-11.43694610574));
#9225 = CARTESIAN_POINT('',(0.828754283592,-11.38360486593));
#9226 = CARTESIAN_POINT('',(0.802035489688,-11.33107544835));
#9227 = CARTESIAN_POINT('',(0.774982772046,-11.27938162589));
#9228 = CARTESIAN_POINT('',(0.747612664802,-11.22860017135));
#9229 = CARTESIAN_POINT('',(0.720047071561,-11.1790118358));
#9230 = CARTESIAN_POINT('',(0.692228276107,-11.13059005466));
#9231 = CARTESIAN_POINT('',(0.664137353395,-11.08337859957));
#9232 = CARTESIAN_POINT('',(0.635742558181,-11.03740219353));
#9233 = CARTESIAN_POINT('',(0.607013903964,-10.99269141777));
#9234 = CARTESIAN_POINT('',(0.577917348237,-10.94927246927));
#9235 = CARTESIAN_POINT('',(0.548424492324,-10.90718322385));
#9236 = CARTESIAN_POINT('',(0.518480772753,-10.86641922615));
#9237 = CARTESIAN_POINT('',(0.488232797961,-10.82731773082));
#9238 = CARTESIAN_POINT('',(0.457667882009,-10.78994584492));
#9239 = CARTESIAN_POINT('',(0.426787242957,-10.7543977427));
#9240 = CARTESIAN_POINT('',(0.395586122431,-10.72076030653));
#9241 = CARTESIAN_POINT('',(0.364058810496,-10.68912251913));
#9242 = CARTESIAN_POINT('',(0.332197971772,-10.6595722537));
#9243 = CARTESIAN_POINT('',(0.299991939464,-10.63219972117));
#9244 = CARTESIAN_POINT('',(0.267435925612,-10.60708689105));
#9245 = CARTESIAN_POINT('',(0.234480206631,-10.58435068769));
#9246 = CARTESIAN_POINT('',(0.201257545707,-10.56412835005));
#9247 = CARTESIAN_POINT('',(0.167883100226,-10.54653600433));
#9248 = CARTESIAN_POINT('',(0.134524916819,-10.53173694143));
#9249 = CARTESIAN_POINT('',(0.101140405546,-10.51971976232));
#9250 = CARTESIAN_POINT('',(6.761564731948E-02,-10.51045484365));
#9251 = CARTESIAN_POINT('',(3.393130455545E-02,-10.50399186112));
#9252 = CARTESIAN_POINT('',(1.133764835772E-02,-10.50157004749));
#9253 = CARTESIAN_POINT('',(0.,-10.50083658868));
#9254 = ( GEOMETRIC_REPRESENTATION_CONTEXT(2) 
PARAMETRIC_REPRESENTATION_CONTEXT() REPRESENTATION_CONTEXT('2D SPACE',''
  ) );
#9255 = PCURVE('',#6010,#9256);
#9256 = DEFINITIONAL_REPRESENTATION('',(#9257),#9327);
#9257 = B_SPLINE_CURVE_WITH_KNOTS('',3,(#9258,#9259,#9260,#9261,#9262,
    #9263,#9264,#9265,#9266,#9267,#9268,#9269,#9270,#9271,#9272,#9273,
    #9274,#9275,#9276,#9277,#9278,#9279,#9280,#9281,#9282,#9283,#9284,
    #9285,#9286,#9287,#9288,#9289,#9290,#9291,#9292,#9293,#9294,#9295,
    #9296,#9297,#9298,#9299,#9300,#9301,#9302,#9303,#9304,#9305,#9306,
    #9307,#9308,#9309,#9310,#9311,#9312,#9313,#9314,#9315,#9316,#9317,
    #9318,#9319,#9320,#9321,#9322,#9323,#9324,#9325,#9326),
  .UNSPECIFIED.,.F.,.F.,(4,1,1,1,1,1,1,1,1,1,1,1,1,1,1,1,1,1,1,1,1,1,1,1
    ,1,1,1,1,1,1,1,1,1,1,1,1,1,1,1,1,1,1,1,1,1,1,1,1,1,1,1,1,1,1,1,1,1,1
    ,1,1,1,1,1,1,1,1,4),(0.,8.468415151095E-05,1.693683030219E-04,
    2.540524545328E-04,3.387366060438E-04,4.234207575547E-04,
    5.081049090657E-04,5.927890605766E-04,6.774732120876E-04,
    7.621573635985E-04,8.468415151095E-04,9.315256666204E-04,
    1.016209818131E-03,1.100893969642E-03,1.185578121153E-03,
    1.270262272664E-03,1.354946424175E-03,1.439630575686E-03,
    1.524314727197E-03,1.608998878708E-03,1.693683030219E-03,
    1.77836718173E-03,1.863051333241E-03,1.947735484752E-03,
    2.032419636263E-03,2.117103787774E-03,2.201787939285E-03,
    2.286472090796E-03,2.371156242307E-03,2.455840393818E-03,
    2.540524545328E-03,2.625208696839E-03,2.70989284835E-03,
    2.794576999861E-03,2.879261151372E-03,2.963945302883E-03,
    3.048629454394E-03,3.133313605905E-03,3.217997757416E-03,
    3.302681908927E-03,3.387366060438E-03,3.472050211949E-03,
    3.55673436346E-03,3.641418514971E-03,3.726102666482E-03,
    3.810786817993E-03,3.895470969504E-03,3.980155121015E-03,
    4.064839272526E-03,4.149523424036E-03,4.234207575547E-03,
    4.318891727058E-03,4.403575878569E-03,4.48826003008E-03,
    4.572944181591E-03,4.657628333102E-03,4.742312484613E-03,
    4.826996636124E-03,4.911680787635E-03,4.996364939146E-03,
    5.081049090657E-03,5.165733242168E-03,5.250417393679E-03,
    5.33510154519E-03,5.419785696701E-03,5.504469848212E-03,
    5.589153999723E-03),.QUASI_UNIFORM_KNOTS.);
#9258 = CARTESIAN_POINT('',(1.982313172862,-8.636738384298));
#9259 = CARTESIAN_POINT('',(1.973405197964,-8.619289773747));
#9260 = CARTESIAN_POINT('',(1.955594890845,-8.584437769832));
#9261 = CARTESIAN_POINT('',(1.928835903567,-8.532435609143));
#9262 = CARTESIAN_POINT('',(1.901971898203,-8.480840020181));
#9263 = CARTESIAN_POINT('',(1.874945012249,-8.429814864258));
#9264 = CARTESIAN_POINT('',(1.847680926009,-8.379400930682));
#9265 = CARTESIAN_POINT('',(1.820094219733,-8.329953412188));
#9266 = CARTESIAN_POINT('',(1.792133722481,-8.282058026549));
#9267 = CARTESIAN_POINT('',(1.763738722332,-8.236310190305));
#9268 = CARTESIAN_POINT('',(1.734842642688,-8.193045401676));
#9269 = CARTESIAN_POINT('',(1.705123406685,-8.153046007749));
#9270 = CARTESIAN_POINT('',(1.674363563531,-8.118217027118));
#9271 = CARTESIAN_POINT('',(1.642319565153,-8.090165188288));
#9272 = CARTESIAN_POINT('',(1.608725571972,-8.070703774663));
#9273 = CARTESIAN_POINT('',(1.574946783441,-8.062944063244));
#9274 = CARTESIAN_POINT('',(1.540565441146,-8.067835924618));
#9275 = CARTESIAN_POINT('',(1.506820189209,-8.084844364749));
#9276 = CARTESIAN_POINT('',(1.474294265411,-8.111517791241));
#9277 = CARTESIAN_POINT('',(1.442925465323,-8.145275312656));
#9278 = CARTESIAN_POINT('',(1.412568108276,-8.18463884799));
#9279 = CARTESIAN_POINT('',(1.383120125049,-8.228065759828));
#9280 = CARTESIAN_POINT('',(1.354532145702,-8.273759542952));
#9281 = CARTESIAN_POINT('',(1.326430025506,-8.321358350266));
#9282 = CARTESIAN_POINT('',(1.298712696386,-8.370612871464));
#9283 = CARTESIAN_POINT('',(1.27129370339,-8.421091869309));
#9284 = CARTESIAN_POINT('',(1.244048885451,-8.472458658332));
#9285 = CARTESIAN_POINT('',(1.217023978409,-8.524140021381));
#9286 = CARTESIAN_POINT('',(1.190199776955,-8.576043044689));
#9287 = CARTESIAN_POINT('',(1.163524256908,-8.628088948976));
#9288 = CARTESIAN_POINT('',(1.136953875532,-8.680195021268));
#9289 = CARTESIAN_POINT('',(1.11044272464,-8.732280148884));
#9290 = CARTESIAN_POINT('',(1.083946243269,-8.784260751669));
#9291 = CARTESIAN_POINT('',(1.057418772657,-8.83606151906));
#9292 = CARTESIAN_POINT('',(1.030821153763,-8.887576529608));
#9293 = CARTESIAN_POINT('',(1.004094320189,-8.938814035815));
#9294 = CARTESIAN_POINT('',(0.97720955577,-8.989798537267));
#9295 = CARTESIAN_POINT('',(0.950158101427,-9.040440345876));
#9296 = CARTESIAN_POINT('',(0.922924509743,-9.090680432456));
#9297 = CARTESIAN_POINT('',(0.895494033292,-9.140451319889));
#9298 = CARTESIAN_POINT('',(0.8678499671,-9.189688663891));
#9299 = CARTESIAN_POINT('',(0.839977186663,-9.238324036765));
#9300 = CARTESIAN_POINT('',(0.811851001045,-9.286302211633));
#9301 = CARTESIAN_POINT('',(0.783478608135,-9.333519241756));
#9302 = CARTESIAN_POINT('',(0.754983903287,-9.379707070269));
#9303 = CARTESIAN_POINT('',(0.726302540135,-9.424872311855));
#9304 = CARTESIAN_POINT('',(0.697411019175,-9.468958605897));
#9305 = CARTESIAN_POINT('',(0.668272637821,-9.511926650237));
#9306 = CARTESIAN_POINT('',(0.638852796455,-9.553731884175));
#9307 = CARTESIAN_POINT('',(0.609112970176,-9.59433372273));
#9308 = CARTESIAN_POINT('',(0.579020782347,-9.633680936581));
#9309 = CARTESIAN_POINT('',(0.548517155672,-9.671760898047));
#9310 = CARTESIAN_POINT('',(0.517751208796,-9.70824801833));
#9311 = CARTESIAN_POINT('',(0.486707994422,-9.743067488858));
#9312 = CARTESIAN_POINT('',(0.455387080758,-9.776119163125));
#9313 = CARTESIAN_POINT('',(0.423782086904,-9.807309724134));
#9314 = CARTESIAN_POINT('',(0.391885877857,-9.836543874779));
#9315 = CARTESIAN_POINT('',(0.359689843874,-9.863727408885));
#9316 = CARTESIAN_POINT('',(0.327181258872,-9.888763736665));
#9317 = CARTESIAN_POINT('',(0.294354323949,-9.911564711845));
#9318 = CARTESIAN_POINT('',(0.261159075607,-9.932006081131));
#9319 = CARTESIAN_POINT('',(0.227728167086,-9.949954551506));
#9320 = CARTESIAN_POINT('',(0.194176616849,-9.965296390453));
#9321 = CARTESIAN_POINT('',(0.160673017003,-9.97787456095));
#9322 = CARTESIAN_POINT('',(0.127173682695,-9.987692244599));
#9323 = CARTESIAN_POINT('',(9.356366146262E-02,-9.994766264636));
#9324 = CARTESIAN_POINT('',(5.982357832583E-02,-9.999040802905));
#9325 = CARTESIAN_POINT('',(3.721245313508E-02,-10.));
#9326 = CARTESIAN_POINT('',(2.58709930104E-02,-10.));
#9327 = ( GEOMETRIC_REPRESENTATION_CONTEXT(2) 
PARAMETRIC_REPRESENTATION_CONTEXT() REPRESENTATION_CONTEXT('2D SPACE',''
  ) );
#9328 = ORIENTED_EDGE('',*,*,#9329,.T.);
#9329 = EDGE_CURVE('',#9150,#9330,#9332,.T.);
#9330 = VERTEX_POINT('',#9331);
#9331 = CARTESIAN_POINT('',(277.,76.291287847478,53.636738384298));
#9332 = SURFACE_CURVE('',#9333,(#9338,#9345),.PCURVE_S1.);
#9333 = CIRCLE('',#9334,2.5);
#9334 = AXIS2_PLACEMENT_3D('',#9335,#9336,#9337);
#9335 = CARTESIAN_POINT('',(277.,74.064670267905,52.5));
#9336 = DIRECTION('',(1.,-0.,0.));
#9337 = DIRECTION('',(0.,0.,-1.));
#9338 = PCURVE('',#7489,#9339);
#9339 = DEFINITIONAL_REPRESENTATION('',(#9340),#9344);
#9340 = LINE('',#9341,#9342);
#9341 = CARTESIAN_POINT('',(0.,-14.));
#9342 = VECTOR('',#9343,1.);
#9343 = DIRECTION('',(1.,0.));
#9344 = ( GEOMETRIC_REPRESENTATION_CONTEXT(2) 
PARAMETRIC_REPRESENTATION_CONTEXT() REPRESENTATION_CONTEXT('2D SPACE',''
  ) );
#9345 = PCURVE('',#9346,#9351);
#9346 = CONICAL_SURFACE('',#9347,2.5,1.029744258677);
#9347 = AXIS2_PLACEMENT_3D('',#9348,#9349,#9350);
#9348 = CARTESIAN_POINT('',(277.,74.064670267905,52.5));
#9349 = DIRECTION('',(1.,-0.,-0.));
#9350 = DIRECTION('',(0.,0.,-1.));
#9351 = DEFINITIONAL_REPRESENTATION('',(#9352),#9356);
#9352 = LINE('',#9353,#9354);
#9353 = CARTESIAN_POINT('',(0.,2.185432815802E-15));
#9354 = VECTOR('',#9355,1.);
#9355 = DIRECTION('',(1.,-1.453695588386E-15));
#9356 = ( GEOMETRIC_REPRESENTATION_CONTEXT(2) 
PARAMETRIC_REPRESENTATION_CONTEXT() REPRESENTATION_CONTEXT('2D SPACE',''
  ) );
#9357 = ORIENTED_EDGE('',*,*,#9358,.F.);
#9358 = EDGE_CURVE('',#7530,#9330,#9359,.T.);
#9359 = SURFACE_CURVE('',#9360,(#9389,#9462),.PCURVE_S1.);
#9360 = B_SPLINE_CURVE_WITH_KNOTS('',3,(#9361,#9362,#9363,#9364,#9365,
    #9366,#9367,#9368,#9369,#9370,#9371,#9372,#9373,#9374,#9375,#9376,
    #9377,#9378,#9379,#9380,#9381,#9382,#9383,#9384,#9385,#9386,#9387,
    #9388),.UNSPECIFIED.,.F.,.F.,(4,2,2,2,2,2,2,2,2,2,2,2,2,4),(
    1.451685054804E-02,1.486685302079E-02,1.521685549354E-02,
    1.591686043905E-02,1.661686538455E-02,1.731687033006E-02,
    1.801687527556E-02,1.836687774832E-02,1.871688022107E-02,
    1.889188145745E-02,1.906688269382E-02,1.941688516657E-02,
    1.976688763933E-02,2.011689011208E-02),.UNSPECIFIED.);
#9361 = CARTESIAN_POINT('',(280.49916341131,74.064670267905,55.));
#9362 = CARTESIAN_POINT('',(280.4961252899,74.182077572736,55.));
#9363 = CARTESIAN_POINT('',(280.48490233766,74.29755537611,
    54.991773906119));
#9364 = CARTESIAN_POINT('',(280.44699321924,74.524883810514,
    54.959954505278));
#9365 = CARTESIAN_POINT('',(280.4199210834,74.63775824779,
    54.936005024472));
#9366 = CARTESIAN_POINT('',(280.31888515558,74.961137953305,
    54.844471568774));
#9367 = CARTESIAN_POINT('',(280.224176596,75.160343653297,
    54.756386555203));
#9368 = CARTESIAN_POINT('',(280.00156791437,75.512311081797,
    54.548442463901));
#9369 = CARTESIAN_POINT('',(279.87411376077,75.6660329646,
    54.428968705923));
#9370 = CARTESIAN_POINT('',(279.59334220602,75.936292550717,
    54.16802661408));
#9371 = CARTESIAN_POINT('',(279.44448585867,76.048675439625,
    54.030548974748));
#9372 = CARTESIAN_POINT('',(279.13017074343,76.23748174149,
    53.748097346273));
#9373 = CARTESIAN_POINT('',(278.9641280175,76.314129430646,
    53.601486008184));
#9374 = CARTESIAN_POINT('',(278.69877904924,76.402164087717,
    53.389919732395));
#9375 = CARTESIAN_POINT('',(278.60746311431,76.427068483664,
    53.320658845501));
#9376 = CARTESIAN_POINT('',(278.41491771687,76.467289230688,
    53.194138595811));
#9377 = CARTESIAN_POINT('',(278.31435494457,76.482679480871,
    53.136132865929));
#9378 = CARTESIAN_POINT('',(278.14709294537,76.496295810676,
    53.08099536489));
#9379 = CARTESIAN_POINT('',(278.09007123249,76.499068241299,
    53.068961403446));
#9380 = CARTESIAN_POINT('',(277.97252362297,76.500539931755,
    53.062627365327));
#9381 = CARTESIAN_POINT('',(277.9137937313,76.49916014865,
    53.068730091018));
#9382 = CARTESIAN_POINT('',(277.74349528401,76.489404990781,
    53.109459684633));
#9383 = CARTESIAN_POINT('',(277.63863808683,76.475764198273,
    53.163812321016));
#9384 = CARTESIAN_POINT('',(277.44213750807,76.439012143848,
    53.28518876376));
#9385 = CARTESIAN_POINT('',(277.34948112541,76.415693657723,
    53.353411216282));
#9386 = CARTESIAN_POINT('',(277.17077220804,76.360324537685,
    53.492770445365));
#9387 = CARTESIAN_POINT('',(277.08446474158,76.328151282893,
    53.564531116142));
#9388 = CARTESIAN_POINT('',(277.,76.291287847478,53.636738384298));
#9389 = PCURVE('',#7489,#9390);
#9390 = DEFINITIONAL_REPRESENTATION('',(#9391),#9461);
#9391 = B_SPLINE_CURVE_WITH_KNOTS('',3,(#9392,#9393,#9394,#9395,#9396,
    #9397,#9398,#9399,#9400,#9401,#9402,#9403,#9404,#9405,#9406,#9407,
    #9408,#9409,#9410,#9411,#9412,#9413,#9414,#9415,#9416,#9417,#9418,
    #9419,#9420,#9421,#9422,#9423,#9424,#9425,#9426,#9427,#9428,#9429,
    #9430,#9431,#9432,#9433,#9434,#9435,#9436,#9437,#9438,#9439,#9440,
    #9441,#9442,#9443,#9444,#9445,#9446,#9447,#9448,#9449,#9450,#9451,
    #9452,#9453,#9454,#9455,#9456,#9457,#9458,#9459,#9460),
  .UNSPECIFIED.,.F.,.F.,(4,1,1,1,1,1,1,1,1,1,1,1,1,1,1,1,1,1,1,1,1,1,1,1
    ,1,1,1,1,1,1,1,1,1,1,1,1,1,1,1,1,1,1,1,1,1,1,1,1,1,1,1,1,1,1,1,1,1,1
    ,1,1,1,1,1,1,1,1,4),(1.451685054804E-02,1.460169963234E-02,
    1.468654871665E-02,1.477139780095E-02,1.485624688525E-02,
    1.494109596956E-02,1.502594505386E-02,1.511079413816E-02,
    1.519564322247E-02,1.528049230677E-02,1.536534139108E-02,
    1.545019047538E-02,1.553503955968E-02,1.561988864399E-02,
    1.570473772829E-02,1.578958681259E-02,1.58744358969E-02,
    1.59592849812E-02,1.60441340655E-02,1.612898314981E-02,
    1.621383223411E-02,1.629868131842E-02,1.638353040272E-02,
    1.646837948702E-02,1.655322857133E-02,1.663807765563E-02,
    1.672292673993E-02,1.680777582424E-02,1.689262490854E-02,
    1.697747399284E-02,1.706232307715E-02,1.714717216145E-02,
    1.723202124576E-02,1.731687033006E-02,1.740171941436E-02,
    1.748656849867E-02,1.757141758297E-02,1.765626666727E-02,
    1.774111575158E-02,1.782596483588E-02,1.791081392018E-02,
    1.799566300449E-02,1.808051208879E-02,1.81653611731E-02,
    1.82502102574E-02,1.83350593417E-02,1.841990842601E-02,
    1.850475751031E-02,1.858960659461E-02,1.867445567892E-02,
    1.875930476322E-02,1.884415384752E-02,1.892900293183E-02,
    1.901385201613E-02,1.909870110044E-02,1.918355018474E-02,
    1.926839926904E-02,1.935324835335E-02,1.943809743765E-02,
    1.952294652195E-02,1.960779560626E-02,1.969264469056E-02,
    1.977749377486E-02,1.986234285917E-02,1.994719194347E-02,
    2.003204102778E-02,2.011689011208E-02),.QUASI_UNIFORM_KNOTS.);
#9392 = CARTESIAN_POINT('',(3.14159265359,-10.50083658868));
#9393 = CARTESIAN_POINT('',(3.130207787191,-10.50157310296));
#9394 = CARTESIAN_POINT('',(3.107528278163,-10.50400832481));
#9395 = CARTESIAN_POINT('',(3.07373961296,-10.51050758842));
#9396 = CARTESIAN_POINT('',(3.040134483235,-10.51981875826));
#9397 = CARTESIAN_POINT('',(3.006690290752,-10.53188762437));
#9398 = CARTESIAN_POINT('',(2.97330108606,-10.54673309383));
#9399 = CARTESIAN_POINT('',(2.939935870544,-10.56435331483));
#9400 = CARTESIAN_POINT('',(2.906748021278,-10.58458760096));
#9401 = CARTESIAN_POINT('',(2.873850102023,-10.60731208194));
#9402 = CARTESIAN_POINT('',(2.841350116749,-10.63240790122));
#9403 = CARTESIAN_POINT('',(2.809129438001,-10.65984298059));
#9404 = CARTESIAN_POINT('',(2.777223721654,-10.68948423156));
#9405 = CARTESIAN_POINT('',(2.745637349627,-10.72122159879));
#9406 = CARTESIAN_POINT('',(2.714386234591,-10.75493883383));
#9407 = CARTESIAN_POINT('',(2.68348579028,-10.79052142755));
#9408 = CARTESIAN_POINT('',(2.652954631656,-10.82785410661));
#9409 = CARTESIAN_POINT('',(2.62281017271,-10.86682291525));
#9410 = CARTESIAN_POINT('',(2.593080909749,-10.90730939153));
#9411 = CARTESIAN_POINT('',(2.563737089842,-10.94919236251));
#9412 = CARTESIAN_POINT('',(2.534748322582,-10.99245012707));
#9413 = CARTESIAN_POINT('',(2.506088541043,-11.03704478464));
#9414 = CARTESIAN_POINT('',(2.477731749883,-11.08294331338));
#9415 = CARTESIAN_POINT('',(2.449654673907,-11.1301093761));
#9416 = CARTESIAN_POINT('',(2.42183123666,-11.17851501822));
#9417 = CARTESIAN_POINT('',(2.394252700496,-11.22810207008));
#9418 = CARTESIAN_POINT('',(2.366853229384,-11.27892483975));
#9419 = CARTESIAN_POINT('',(2.339825988189,-11.33054471201));
#9420 = CARTESIAN_POINT('',(2.313181466279,-11.38289541471));
#9421 = CARTESIAN_POINT('',(2.286887660916,-11.43599242204));
#9422 = CARTESIAN_POINT('',(2.260925383686,-11.4898292513));
#9423 = CARTESIAN_POINT('',(2.235273324997,-11.54440550111));
#9424 = CARTESIAN_POINT('',(2.209913127661,-11.59971840168));
#9425 = CARTESIAN_POINT('',(2.184824566125,-11.65576857552));
#9426 = CARTESIAN_POINT('',(2.160000207474,-11.71254544435));
#9427 = CARTESIAN_POINT('',(2.135391964462,-11.77007984073));
#9428 = CARTESIAN_POINT('',(2.110990663103,-11.82842546489));
#9429 = CARTESIAN_POINT('',(2.086830880725,-11.88759463549));
#9430 = CARTESIAN_POINT('',(2.062937344942,-11.94761076958));
#9431 = CARTESIAN_POINT('',(2.039338928232,-12.0084942722));
#9432 = CARTESIAN_POINT('',(2.016065061797,-12.07026649811));
#9433 = CARTESIAN_POINT('',(1.993144904803,-12.13294801518));
#9434 = CARTESIAN_POINT('',(1.970613121105,-12.19656158907));
#9435 = CARTESIAN_POINT('',(1.948486539647,-12.2611219812));
#9436 = CARTESIAN_POINT('',(1.926864510114,-12.3268307996));
#9437 = CARTESIAN_POINT('',(1.905900357343,-12.39385984618));
#9438 = CARTESIAN_POINT('',(1.885750409128,-12.46240010515));
#9439 = CARTESIAN_POINT('',(1.866522695094,-12.53258804242));
#9440 = CARTESIAN_POINT('',(1.848495145335,-12.60457878697));
#9441 = CARTESIAN_POINT('',(1.832247644767,-12.67904028002));
#9442 = CARTESIAN_POINT('',(1.818325554708,-12.75643928578));
#9443 = CARTESIAN_POINT('',(1.807195171796,-12.83765421831));
#9444 = CARTESIAN_POINT('',(1.800148452987,-12.92053480901));
#9445 = CARTESIAN_POINT('',(1.797897219273,-13.00618284931));
#9446 = CARTESIAN_POINT('',(1.800887918615,-13.09121279144));
#9447 = CARTESIAN_POINT('',(1.808575396396,-13.17424162814));
#9448 = CARTESIAN_POINT('',(1.819990889263,-13.25415413933));
#9449 = CARTESIAN_POINT('',(1.834382901357,-13.33127950691));
#9450 = CARTESIAN_POINT('',(1.851070303345,-13.40577440221));
#9451 = CARTESIAN_POINT('',(1.869278821596,-13.47774372927));
#9452 = CARTESIAN_POINT('',(1.888595924002,-13.54773924612));
#9453 = CARTESIAN_POINT('',(1.908901286511,-13.61601971083));
#9454 = CARTESIAN_POINT('',(1.929984951919,-13.68276859248));
#9455 = CARTESIAN_POINT('',(1.951636016976,-13.74816880906));
#9456 = CARTESIAN_POINT('',(1.973754329395,-13.81248480408));
#9457 = CARTESIAN_POINT('',(1.99634538981,-13.87584826591));
#9458 = CARTESIAN_POINT('',(2.019360381032,-13.93835442704));
#9459 = CARTESIAN_POINT('',(2.034964980067,-13.97952369901));
#9460 = CARTESIAN_POINT('',(2.042826460526,-14.));
#9461 = ( GEOMETRIC_REPRESENTATION_CONTEXT(2) 
PARAMETRIC_REPRESENTATION_CONTEXT() REPRESENTATION_CONTEXT('2D SPACE',''
  ) );
#9462 = PCURVE('',#6010,#9463);
#9463 = DEFINITIONAL_REPRESENTATION('',(#9464),#9534);
#9464 = B_SPLINE_CURVE_WITH_KNOTS('',3,(#9465,#9466,#9467,#9468,#9469,
    #9470,#9471,#9472,#9473,#9474,#9475,#9476,#9477,#9478,#9479,#9480,
    #9481,#9482,#9483,#9484,#9485,#9486,#9487,#9488,#9489,#9490,#9491,
    #9492,#9493,#9494,#9495,#9496,#9497,#9498,#9499,#9500,#9501,#9502,
    #9503,#9504,#9505,#9506,#9507,#9508,#9509,#9510,#9511,#9512,#9513,
    #9514,#9515,#9516,#9517,#9518,#9519,#9520,#9521,#9522,#9523,#9524,
    #9525,#9526,#9527,#9528,#9529,#9530,#9531,#9532,#9533),
  .UNSPECIFIED.,.F.,.F.,(4,1,1,1,1,1,1,1,1,1,1,1,1,1,1,1,1,1,1,1,1,1,1,1
    ,1,1,1,1,1,1,1,1,1,1,1,1,1,1,1,1,1,1,1,1,1,1,1,1,1,1,1,1,1,1,1,1,1,1
    ,1,1,1,1,1,1,1,1,4),(1.451685054804E-02,1.460169963234E-02,
    1.468654871665E-02,1.477139780095E-02,1.485624688525E-02,
    1.494109596956E-02,1.502594505386E-02,1.511079413816E-02,
    1.519564322247E-02,1.528049230677E-02,1.536534139108E-02,
    1.545019047538E-02,1.553503955968E-02,1.561988864399E-02,
    1.570473772829E-02,1.578958681259E-02,1.58744358969E-02,
    1.59592849812E-02,1.60441340655E-02,1.612898314981E-02,
    1.621383223411E-02,1.629868131842E-02,1.638353040272E-02,
    1.646837948702E-02,1.655322857133E-02,1.663807765563E-02,
    1.672292673993E-02,1.680777582424E-02,1.689262490854E-02,
    1.697747399284E-02,1.706232307715E-02,1.714717216145E-02,
    1.723202124576E-02,1.731687033006E-02,1.740171941436E-02,
    1.748656849867E-02,1.757141758297E-02,1.765626666727E-02,
    1.774111575158E-02,1.782596483588E-02,1.791081392018E-02,
    1.799566300449E-02,1.808051208879E-02,1.81653611731E-02,
    1.82502102574E-02,1.83350593417E-02,1.841990842601E-02,
    1.850475751031E-02,1.858960659461E-02,1.867445567892E-02,
    1.875930476322E-02,1.884415384752E-02,1.892900293183E-02,
    1.901385201613E-02,1.909870110044E-02,1.918355018474E-02,
    1.926839926904E-02,1.935324835335E-02,1.943809743765E-02,
    1.952294652195E-02,1.960779560626E-02,1.969264469056E-02,
    1.977749377486E-02,1.986234285917E-02,1.994719194347E-02,
    2.003204102778E-02,2.011689011208E-02),.QUASI_UNIFORM_KNOTS.);
#9465 = CARTESIAN_POINT('',(2.58709930104E-02,-5.));
#9466 = CARTESIAN_POINT('',(3.725968703942E-02,-5.));
#9467 = CARTESIAN_POINT('',(5.995677500013E-02,-5.000967030648));
#9468 = CARTESIAN_POINT('',(9.380152344801E-02,-5.005271002934));
#9469 = CARTESIAN_POINT('',(0.127492375237,-5.012385904803));
#9470 = CARTESIAN_POINT('',(0.161051922077,-5.022251148363));
#9471 = CARTESIAN_POINT('',(0.194587043515,-5.034873341477));
#9472 = CARTESIAN_POINT('',(0.228129694059,-5.050243291369));
#9473 = CARTESIAN_POINT('',(0.261525971151,-5.068205650678));
#9474 = CARTESIAN_POINT('',(0.294663350551,-5.08863892634));
#9475 = CARTESIAN_POINT('',(0.327434143979,-5.111426319307));
#9476 = CARTESIAN_POINT('',(0.359958272507,-5.136522718878));
#9477 = CARTESIAN_POINT('',(0.39220047728,-5.163792382703));
#9478 = CARTESIAN_POINT('',(0.424157172816,-5.193120273278));
#9479 = CARTESIAN_POINT('',(0.455813337032,-5.224385785721));
#9480 = CARTESIAN_POINT('',(0.487154621695,-5.257469879821));
#9481 = CARTESIAN_POINT('',(0.518163638193,-5.292252824067));
#9482 = CARTESIAN_POINT('',(0.548824342118,-5.32861608747));
#9483 = CARTESIAN_POINT('',(0.579109845968,-5.366437028251));
#9484 = CARTESIAN_POINT('',(0.609050099015,-5.405591682184));
#9485 = CARTESIAN_POINT('',(0.638679699887,-5.446043050951));
#9486 = CARTESIAN_POINT('',(0.668028711563,-5.487739917218));
#9487 = CARTESIAN_POINT('',(0.697127551969,-5.530635360101));
#9488 = CARTESIAN_POINT('',(0.726004057229,-5.574679491928));
#9489 = CARTESIAN_POINT('',(0.754689293453,-5.619829995731));
#9490 = CARTESIAN_POINT('',(0.783196314754,-5.666017238515));
#9491 = CARTESIAN_POINT('',(0.81159848174,-5.713273280688));
#9492 = CARTESIAN_POINT('',(0.839696564013,-5.761184971212));
#9493 = CARTESIAN_POINT('',(0.867489463696,-5.809658283507));
#9494 = CARTESIAN_POINT('',(0.895021162146,-5.858674296668));
#9495 = CARTESIAN_POINT('',(0.922322873005,-5.908193816531));
#9496 = CARTESIAN_POINT('',(0.949428389693,-5.958183636292));
#9497 = CARTESIAN_POINT('',(0.97636934681,-6.008606872963));
#9498 = CARTESIAN_POINT('',(1.00317773585,-6.059435360929));
#9499 = CARTESIAN_POINT('',(1.029879571435,-6.110609741277));
#9500 = CARTESIAN_POINT('',(1.056516762621,-6.162186710902));
#9501 = CARTESIAN_POINT('',(1.083128028528,-6.214140738693));
#9502 = CARTESIAN_POINT('',(1.109735425786,-6.266330285838));
#9503 = CARTESIAN_POINT('',(1.136366162744,-6.318644838448));
#9504 = CARTESIAN_POINT('',(1.16304657573,-6.370965790643));
#9505 = CARTESIAN_POINT('',(1.189803629194,-6.423175879584));
#9506 = CARTESIAN_POINT('',(1.21666415278,-6.475160562257));
#9507 = CARTESIAN_POINT('',(1.243655589969,-6.526793073314));
#9508 = CARTESIAN_POINT('',(1.27080293482,-6.577992816911));
#9509 = CARTESIAN_POINT('',(1.29820141658,-6.628462894401));
#9510 = CARTESIAN_POINT('',(1.325933843624,-6.677779753236));
#9511 = CARTESIAN_POINT('',(1.354092859653,-6.725516730441));
#9512 = CARTESIAN_POINT('',(1.382752111359,-6.771373123184));
#9513 = CARTESIAN_POINT('',(1.411988511388,-6.814621056894));
#9514 = CARTESIAN_POINT('',(1.442080281301,-6.853778183588));
#9515 = CARTESIAN_POINT('',(1.473233834947,-6.887460757556));
#9516 = CARTESIAN_POINT('',(1.505824204622,-6.914483338313));
#9517 = CARTESIAN_POINT('',(1.5390109606,-6.931630850258));
#9518 = CARTESIAN_POINT('',(1.57326899113,-6.937115254485));
#9519 = CARTESIAN_POINT('',(1.607282669604,-6.929829200764));
#9520 = CARTESIAN_POINT('',(1.640537100231,-6.911128770212));
#9521 = CARTESIAN_POINT('',(1.672616073782,-6.883431536035));
#9522 = CARTESIAN_POINT('',(1.703676616376,-6.848624271903));
#9523 = CARTESIAN_POINT('',(1.73380263566,-6.808421722864));
#9524 = CARTESIAN_POINT('',(1.763049706806,-6.764779224324));
#9525 = CARTESIAN_POINT('',(1.791652405762,-6.718762779088));
#9526 = CARTESIAN_POINT('',(1.819733203127,-6.670701088785));
#9527 = CARTESIAN_POINT('',(1.847381426777,-6.621150276412));
#9528 = CARTESIAN_POINT('',(1.874683131797,-6.570674062349));
#9529 = CARTESIAN_POINT('',(1.901758790201,-6.519567302041));
#9530 = CARTESIAN_POINT('',(1.928682679306,-6.467860909619));
#9531 = CARTESIAN_POINT('',(1.955512226485,-6.415723794784));
#9532 = CARTESIAN_POINT('',(1.97337651969,-6.380766407982));
#9533 = CARTESIAN_POINT('',(1.982313172862,-6.363261615702));
#9534 = ( GEOMETRIC_REPRESENTATION_CONTEXT(2) 
PARAMETRIC_REPRESENTATION_CONTEXT() REPRESENTATION_CONTEXT('2D SPACE',''
  ) );
#9535 = ORIENTED_EDGE('',*,*,#7529,.T.);
#9536 = ADVANCED_FACE('',(#9537),#9346,.F.);
#9537 = FACE_BOUND('',#9538,.F.);
#9538 = EDGE_LOOP('',(#9539,#9611));
#9539 = ORIENTED_EDGE('',*,*,#9540,.F.);
#9540 = EDGE_CURVE('',#9330,#9150,#9541,.T.);
#9541 = SURFACE_CURVE('',#9542,(#9553,#9582),.PCURVE_S1.);
#9542 = B_SPLINE_CURVE_WITH_KNOTS('',3,(#9543,#9544,#9545,#9546,#9547,
    #9548,#9549,#9550,#9551,#9552),.UNSPECIFIED.,.F.,.F.,(4,2,2,2,4),(
    4.208325296729E-04,1.003417759756E-03,1.294710374797E-03,
    1.586002989839E-03,2.751173450004E-03),.UNSPECIFIED.);
#9543 = CARTESIAN_POINT('',(277.,76.291287847478,53.636738384298));
#9544 = CARTESIAN_POINT('',(276.93525213301,76.263029561617,53.455099431
    ));
#9545 = CARTESIAN_POINT('',(276.87747580063,76.234338583275,
    53.271648148326));
#9546 = CARTESIAN_POINT('',(276.81342341913,76.200595007824,
    52.989275764442));
#9547 = CARTESIAN_POINT('',(276.79594933461,76.190993824228,
    52.893911434937));
#9548 = CARTESIAN_POINT('',(276.77174022221,76.177514606356,
    52.699604189047));
#9549 = CARTESIAN_POINT('',(276.76510420907,76.173713961447,
    52.599445181473));
#9550 = CARTESIAN_POINT('',(276.76499474041,76.173651770393,
    52.10477729397));
#9551 = CARTESIAN_POINT('',(276.86917015359,76.234189021354,
    51.730282144232));
#9552 = CARTESIAN_POINT('',(277.,76.291287847478,51.363261615702));
#9553 = PCURVE('',#9346,#9554);
#9554 = DEFINITIONAL_REPRESENTATION('',(#9555),#9581);
#9555 = B_SPLINE_CURVE_WITH_KNOTS('',3,(#9556,#9557,#9558,#9559,#9560,
    #9561,#9562,#9563,#9564,#9565,#9566,#9567,#9568,#9569,#9570,#9571,
    #9572,#9573,#9574,#9575,#9576,#9577,#9578,#9579,#9580),
  .UNSPECIFIED.,.F.,.F.,(4,1,1,1,1,1,1,1,1,1,1,1,1,1,1,1,1,1,1,1,1,1,4),
  (4.208325296729E-04,5.267571169606E-04,6.326817042484E-04,
    7.386062915362E-04,8.44530878824E-04,9.504554661118E-04,
    1.0563800534E-03,1.162304640687E-03,1.268229227975E-03,
    1.374153815263E-03,1.480078402551E-03,1.586002989839E-03,
    1.691927577126E-03,1.797852164414E-03,1.903776751702E-03,
    2.00970133899E-03,2.115625926277E-03,2.221550513565E-03,
    2.327475100853E-03,2.433399688141E-03,2.539324275429E-03,
    2.645248862716E-03,2.751173450004E-03),.QUASI_UNIFORM_KNOTS.);
#9556 = CARTESIAN_POINT('',(2.042826460526,-7.842149977035E-16));
#9557 = CARTESIAN_POINT('',(2.031996784941,-1.177084794291E-02));
#9558 = CARTESIAN_POINT('',(2.009785514386,-3.484280028784E-02));
#9559 = CARTESIAN_POINT('',(1.974698146706,-6.776888506973E-02));
#9560 = CARTESIAN_POINT('',(1.937717036167,-9.874713088424E-02));
#9561 = CARTESIAN_POINT('',(1.898748922354,-0.127488379916));
#9562 = CARTESIAN_POINT('',(1.857727905965,-0.153683514202));
#9563 = CARTESIAN_POINT('',(1.814641556324,-0.177025769353));
#9564 = CARTESIAN_POINT('',(1.769467804007,-0.197079739506));
#9565 = CARTESIAN_POINT('',(1.722312753184,-0.213413759091));
#9566 = CARTESIAN_POINT('',(1.673186519181,-0.225596365016));
#9567 = CARTESIAN_POINT('',(1.622361375578,-0.233171426528));
#9568 = CARTESIAN_POINT('',(1.57096032715,-0.235776685845));
#9569 = CARTESIAN_POINT('',(1.520030742824,-0.233227938038));
#9570 = CARTESIAN_POINT('',(1.470041968907,-0.225851999739));
#9571 = CARTESIAN_POINT('',(1.421350894706,-0.213978394162));
#9572 = CARTESIAN_POINT('',(1.374252115057,-0.197962158692));
#9573 = CARTESIAN_POINT('',(1.328958268986,-0.178167653544));
#9574 = CARTESIAN_POINT('',(1.285606789096,-0.1549633194));
#9575 = CARTESIAN_POINT('',(1.244265468239,-0.128714604157));
#9576 = CARTESIAN_POINT('',(1.204942473664,-9.977909121855E-02));
#9577 = CARTESIAN_POINT('',(1.167596231734,-6.850202419587E-02));
#9578 = CARTESIAN_POINT('',(1.132148929211,-3.521579527737E-02));
#9579 = CARTESIAN_POINT('',(1.109707049891,-1.189223055481E-02));
#9580 = CARTESIAN_POINT('',(1.098766193064,5.881612482776E-16));
#9581 = ( GEOMETRIC_REPRESENTATION_CONTEXT(2) 
PARAMETRIC_REPRESENTATION_CONTEXT() REPRESENTATION_CONTEXT('2D SPACE',''
  ) );
#9582 = PCURVE('',#6010,#9583);
#9583 = DEFINITIONAL_REPRESENTATION('',(#9584),#9610);
#9584 = B_SPLINE_CURVE_WITH_KNOTS('',3,(#9585,#9586,#9587,#9588,#9589,
    #9590,#9591,#9592,#9593,#9594,#9595,#9596,#9597,#9598,#9599,#9600,
    #9601,#9602,#9603,#9604,#9605,#9606,#9607,#9608,#9609),
  .UNSPECIFIED.,.F.,.F.,(4,1,1,1,1,1,1,1,1,1,1,1,1,1,1,1,1,1,1,1,1,1,4),
  (4.208325296729E-04,5.267571169606E-04,6.326817042484E-04,
    7.386062915362E-04,8.44530878824E-04,9.504554661118E-04,
    1.0563800534E-03,1.162304640687E-03,1.268229227975E-03,
    1.374153815263E-03,1.480078402551E-03,1.586002989839E-03,
    1.691927577126E-03,1.797852164414E-03,1.903776751702E-03,
    2.00970133899E-03,2.115625926277E-03,2.221550513565E-03,
    2.327475100853E-03,2.433399688141E-03,2.539324275429E-03,
    2.645248862716E-03,2.751173450004E-03),.QUASI_UNIFORM_KNOTS.);
#9585 = CARTESIAN_POINT('',(1.982313172862,-6.363261615702));
#9586 = CARTESIAN_POINT('',(1.987450926837,-6.396286879938));
#9587 = CARTESIAN_POINT('',(1.997562475523,-6.462457242486));
#9588 = CARTESIAN_POINT('',(2.012094570217,-6.562179828261));
#9589 = CARTESIAN_POINT('',(2.025848223591,-6.662477378982));
#9590 = CARTESIAN_POINT('',(2.038679741181,-6.763456476203));
#9591 = CARTESIAN_POINT('',(2.050440499649,-6.865228683967));
#9592 = CARTESIAN_POINT('',(2.060997060192,-6.967886977791));
#9593 = CARTESIAN_POINT('',(2.070113971395,-7.071624424175));
#9594 = CARTESIAN_POINT('',(2.077575297877,-7.176520166352));
#9595 = CARTESIAN_POINT('',(2.083150917452,-7.283033083374));
#9596 = CARTESIAN_POINT('',(2.086625665754,-7.391245388341));
#9597 = CARTESIAN_POINT('',(2.087843777528,-7.499654389456));
#9598 = CARTESIAN_POINT('',(2.086655882161,-7.607067430003));
#9599 = CARTESIAN_POINT('',(2.083258864114,-7.713474005758));
#9600 = CARTESIAN_POINT('',(2.077826456254,-7.818955606314));
#9601 = CARTESIAN_POINT('',(2.070538074899,-7.923569071593));
#9602 = CARTESIAN_POINT('',(2.061570977258,-8.02737784638));
#9603 = CARTESIAN_POINT('',(2.051102355762,-8.130443605688));
#9604 = CARTESIAN_POINT('',(2.039308756123,-8.232828498742));
#9605 = CARTESIAN_POINT('',(2.02636614791,-8.334594547702));
#9606 = CARTESIAN_POINT('',(2.012449615895,-8.435803808774));
#9607 = CARTESIAN_POINT('',(1.997733299708,-8.53651832904));
#9608 = CARTESIAN_POINT('',(1.987503814253,-8.603372881705));
#9609 = CARTESIAN_POINT('',(1.982313172862,-8.636738384298));
#9610 = ( GEOMETRIC_REPRESENTATION_CONTEXT(2) 
PARAMETRIC_REPRESENTATION_CONTEXT() REPRESENTATION_CONTEXT('2D SPACE',''
  ) );
#9611 = ORIENTED_EDGE('',*,*,#9329,.F.);
#9612 = ADVANCED_FACE('',(#9613),#9627,.F.);
#9613 = FACE_BOUND('',#9614,.T.);
#9614 = EDGE_LOOP('',(#9615,#9645,#9673,#9696));
#9615 = ORIENTED_EDGE('',*,*,#9616,.T.);
#9616 = EDGE_CURVE('',#9617,#9619,#9621,.T.);
#9617 = VERTEX_POINT('',#9618);
#9618 = CARTESIAN_POINT('',(0.,0.,57.));
#9619 = VERTEX_POINT('',#9620);
#9620 = CARTESIAN_POINT('',(0.,-1.704107305998E-15,3.));
#9621 = SURFACE_CURVE('',#9622,(#9626,#9638),.PCURVE_S1.);
#9622 = LINE('',#9623,#9624);
#9623 = CARTESIAN_POINT('',(0.,0.,60.));
#9624 = VECTOR('',#9625,1.);
#9625 = DIRECTION('',(-0.,-0.,-1.));
#9626 = PCURVE('',#9627,#9632);
#9627 = PLANE('',#9628);
#9628 = AXIS2_PLACEMENT_3D('',#9629,#9630,#9631);
#9629 = CARTESIAN_POINT('',(12.,2.449293598295E-16,60.));
#9630 = DIRECTION('',(-2.041077998579E-17,1.,0.));
#9631 = DIRECTION('',(-1.,-2.041077998579E-17,0.));
#9632 = DEFINITIONAL_REPRESENTATION('',(#9633),#9637);
#9633 = LINE('',#9634,#9635);
#9634 = CARTESIAN_POINT('',(12.,0.));
#9635 = VECTOR('',#9636,1.);
#9636 = DIRECTION('',(0.,-1.));
#9637 = ( GEOMETRIC_REPRESENTATION_CONTEXT(2) 
PARAMETRIC_REPRESENTATION_CONTEXT() REPRESENTATION_CONTEXT('2D SPACE',''
  ) );
#9638 = PCURVE('',#4673,#9639);
#9639 = DEFINITIONAL_REPRESENTATION('',(#9640),#9644);
#9640 = LINE('',#9641,#9642);
#9641 = CARTESIAN_POINT('',(0.,0.));
#9642 = VECTOR('',#9643,1.);
#9643 = DIRECTION('',(1.,0.));
#9644 = ( GEOMETRIC_REPRESENTATION_CONTEXT(2) 
PARAMETRIC_REPRESENTATION_CONTEXT() REPRESENTATION_CONTEXT('2D SPACE',''
  ) );
#9645 = ORIENTED_EDGE('',*,*,#9646,.T.);
#9646 = EDGE_CURVE('',#9619,#9647,#9649,.T.);
#9647 = VERTEX_POINT('',#9648);
#9648 = CARTESIAN_POINT('',(12.,-1.489794116147E-15,3.));
#9649 = SURFACE_CURVE('',#9650,(#9654,#9661),.PCURVE_S1.);
#9650 = LINE('',#9651,#9652);
#9651 = CARTESIAN_POINT('',(12.,2.449293598295E-16,3.));
#9652 = VECTOR('',#9653,1.);
#9653 = DIRECTION('',(1.,2.041077998579E-17,0.));
#9654 = PCURVE('',#9627,#9655);
#9655 = DEFINITIONAL_REPRESENTATION('',(#9656),#9660);
#9656 = LINE('',#9657,#9658);
#9657 = CARTESIAN_POINT('',(-0.,-57.));
#9658 = VECTOR('',#9659,1.);
#9659 = DIRECTION('',(-1.,0.));
#9660 = ( GEOMETRIC_REPRESENTATION_CONTEXT(2) 
PARAMETRIC_REPRESENTATION_CONTEXT() REPRESENTATION_CONTEXT('2D SPACE',''
  ) );
#9661 = PCURVE('',#9662,#9667);
#9662 = PLANE('',#9663);
#9663 = AXIS2_PLACEMENT_3D('',#9664,#9665,#9666);
#9664 = CARTESIAN_POINT('',(12.,2.449293598295E-16,3.));
#9665 = DIRECTION('',(1.443260093726E-17,-0.707106781187,-0.707106781187
    ));
#9666 = DIRECTION('',(2.439357524333E-33,0.707106781187,-0.707106781187)
  );
#9667 = DEFINITIONAL_REPRESENTATION('',(#9668),#9672);
#9668 = LINE('',#9669,#9670);
#9669 = CARTESIAN_POINT('',(0.,0.));
#9670 = VECTOR('',#9671,1.);
#9671 = DIRECTION('',(1.443260093726E-17,1.));
#9672 = ( GEOMETRIC_REPRESENTATION_CONTEXT(2) 
PARAMETRIC_REPRESENTATION_CONTEXT() REPRESENTATION_CONTEXT('2D SPACE',''
  ) );
#9673 = ORIENTED_EDGE('',*,*,#9674,.F.);
#9674 = EDGE_CURVE('',#9675,#9647,#9677,.T.);
#9675 = VERTEX_POINT('',#9676);
#9676 = CARTESIAN_POINT('',(12.,2.449293598295E-16,57.));
#9677 = SURFACE_CURVE('',#9678,(#9682,#9689),.PCURVE_S1.);
#9678 = LINE('',#9679,#9680);
#9679 = CARTESIAN_POINT('',(12.,2.449293598295E-16,60.));
#9680 = VECTOR('',#9681,1.);
#9681 = DIRECTION('',(-0.,-0.,-1.));
#9682 = PCURVE('',#9627,#9683);
#9683 = DEFINITIONAL_REPRESENTATION('',(#9684),#9688);
#9684 = LINE('',#9685,#9686);
#9685 = CARTESIAN_POINT('',(0.,0.));
#9686 = VECTOR('',#9687,1.);
#9687 = DIRECTION('',(0.,-1.));
#9688 = ( GEOMETRIC_REPRESENTATION_CONTEXT(2) 
PARAMETRIC_REPRESENTATION_CONTEXT() REPRESENTATION_CONTEXT('2D SPACE',''
  ) );
#9689 = PCURVE('',#4614,#9690);
#9690 = DEFINITIONAL_REPRESENTATION('',(#9691),#9695);
#9691 = LINE('',#9692,#9693);
#9692 = CARTESIAN_POINT('',(68.,0.));
#9693 = VECTOR('',#9694,1.);
#9694 = DIRECTION('',(0.,-1.));
#9695 = ( GEOMETRIC_REPRESENTATION_CONTEXT(2) 
PARAMETRIC_REPRESENTATION_CONTEXT() REPRESENTATION_CONTEXT('2D SPACE',''
  ) );
#9696 = ORIENTED_EDGE('',*,*,#9697,.T.);
#9697 = EDGE_CURVE('',#9675,#9617,#9698,.T.);
#9698 = SURFACE_CURVE('',#9699,(#9703,#9710),.PCURVE_S1.);
#9699 = LINE('',#9700,#9701);
#9700 = CARTESIAN_POINT('',(12.,2.449293598295E-16,57.));
#9701 = VECTOR('',#9702,1.);
#9702 = DIRECTION('',(-1.,-2.041077998579E-17,0.));
#9703 = PCURVE('',#9627,#9704);
#9704 = DEFINITIONAL_REPRESENTATION('',(#9705),#9709);
#9705 = LINE('',#9706,#9707);
#9706 = CARTESIAN_POINT('',(-0.,-3.));
#9707 = VECTOR('',#9708,1.);
#9708 = DIRECTION('',(1.,0.));
#9709 = ( GEOMETRIC_REPRESENTATION_CONTEXT(2) 
PARAMETRIC_REPRESENTATION_CONTEXT() REPRESENTATION_CONTEXT('2D SPACE',''
  ) );
#9710 = PCURVE('',#7816,#9711);
#9711 = DEFINITIONAL_REPRESENTATION('',(#9712),#9716);
#9712 = LINE('',#9713,#9714);
#9713 = CARTESIAN_POINT('',(-4.242640687119,12.));
#9714 = VECTOR('',#9715,1.);
#9715 = DIRECTION('',(-1.443260093726E-17,-1.));
#9716 = ( GEOMETRIC_REPRESENTATION_CONTEXT(2) 
PARAMETRIC_REPRESENTATION_CONTEXT() REPRESENTATION_CONTEXT('2D SPACE',''
  ) );
#9717 = ADVANCED_FACE('',(#9718,#9826,#9934,#10047,#10160),#4614,.F.);
#9718 = FACE_BOUND('',#9719,.T.);
#9719 = EDGE_LOOP('',(#9720,#9745,#9778,#9799,#9800));
#9720 = ORIENTED_EDGE('',*,*,#9721,.F.);
#9721 = EDGE_CURVE('',#9722,#9724,#9726,.T.);
#9722 = VERTEX_POINT('',#9723);
#9723 = CARTESIAN_POINT('',(12.,6.,8.25));
#9724 = VERTEX_POINT('',#9725);
#9725 = CARTESIAN_POINT('',(12.,18.,8.25));
#9726 = SURFACE_CURVE('',#9727,(#9731,#9738),.PCURVE_S1.);
#9727 = LINE('',#9728,#9729);
#9728 = CARTESIAN_POINT('',(12.,6.,8.25));
#9729 = VECTOR('',#9730,1.);
#9730 = DIRECTION('',(-1.445602896647E-16,1.,0.));
#9731 = PCURVE('',#4614,#9732);
#9732 = DEFINITIONAL_REPRESENTATION('',(#9733),#9737);
#9733 = LINE('',#9734,#9735);
#9734 = CARTESIAN_POINT('',(62.,-51.75));
#9735 = VECTOR('',#9736,1.);
#9736 = DIRECTION('',(-1.,0.));
#9737 = ( GEOMETRIC_REPRESENTATION_CONTEXT(2) 
PARAMETRIC_REPRESENTATION_CONTEXT() REPRESENTATION_CONTEXT('2D SPACE',''
  ) );
#9738 = PCURVE('',#3736,#9739);
#9739 = DEFINITIONAL_REPRESENTATION('',(#9740),#9744);
#9740 = LINE('',#9741,#9742);
#9741 = CARTESIAN_POINT('',(-12.,2.6645352591E-15));
#9742 = VECTOR('',#9743,1.);
#9743 = DIRECTION('',(1.445602896647E-16,1.));
#9744 = ( GEOMETRIC_REPRESENTATION_CONTEXT(2) 
PARAMETRIC_REPRESENTATION_CONTEXT() REPRESENTATION_CONTEXT('2D SPACE',''
  ) );
#9745 = ORIENTED_EDGE('',*,*,#9746,.F.);
#9746 = EDGE_CURVE('',#9747,#9722,#9749,.T.);
#9747 = VERTEX_POINT('',#9748);
#9748 = CARTESIAN_POINT('',(12.,6.,16.75));
#9749 = SURFACE_CURVE('',#9750,(#9755,#9766),.PCURVE_S1.);
#9750 = CIRCLE('',#9751,4.25);
#9751 = AXIS2_PLACEMENT_3D('',#9752,#9753,#9754);
#9752 = CARTESIAN_POINT('',(12.,6.,12.5));
#9753 = DIRECTION('',(1.,2.040851148208E-16,0.));
#9754 = DIRECTION('',(-2.040851148208E-16,1.,0.));
#9755 = PCURVE('',#4614,#9756);
#9756 = DEFINITIONAL_REPRESENTATION('',(#9757),#9765);
#9757 = ( BOUNDED_CURVE() B_SPLINE_CURVE(2,(#9758,#9759,#9760,#9761,
#9762,#9763,#9764),.UNSPECIFIED.,.T.,.F.) B_SPLINE_CURVE_WITH_KNOTS((1,2
    ,2,2,2,1),(-2.094395102393,0.,2.094395102393,4.188790204786,
6.28318530718,8.377580409573),.UNSPECIFIED.) CURVE() 
GEOMETRIC_REPRESENTATION_ITEM() RATIONAL_B_SPLINE_CURVE((1.,0.5,1.,0.5,
1.,0.5,1.)) REPRESENTATION_ITEM('') );
#9758 = CARTESIAN_POINT('',(57.75,-47.5));
#9759 = CARTESIAN_POINT('',(57.75,-40.13878406783));
#9760 = CARTESIAN_POINT('',(64.125,-43.81939203391));
#9761 = CARTESIAN_POINT('',(70.5,-47.5));
#9762 = CARTESIAN_POINT('',(64.125,-51.18060796608));
#9763 = CARTESIAN_POINT('',(57.75,-54.86121593216));
#9764 = CARTESIAN_POINT('',(57.75,-47.5));
#9765 = ( GEOMETRIC_REPRESENTATION_CONTEXT(2) 
PARAMETRIC_REPRESENTATION_CONTEXT() REPRESENTATION_CONTEXT('2D SPACE',''
  ) );
#9766 = PCURVE('',#9767,#9772);
#9767 = CYLINDRICAL_SURFACE('',#9768,4.25);
#9768 = AXIS2_PLACEMENT_3D('',#9769,#9770,#9771);
#9769 = CARTESIAN_POINT('',(-5.20417042793E-15,6.,12.5));
#9770 = DIRECTION('',(1.,2.040851148208E-16,-0.));
#9771 = DIRECTION('',(-2.040851148208E-16,1.,0.));
#9772 = DEFINITIONAL_REPRESENTATION('',(#9773),#9777);
#9773 = LINE('',#9774,#9775);
#9774 = CARTESIAN_POINT('',(0.,12.));
#9775 = VECTOR('',#9776,1.);
#9776 = DIRECTION('',(1.,0.));
#9777 = ( GEOMETRIC_REPRESENTATION_CONTEXT(2) 
PARAMETRIC_REPRESENTATION_CONTEXT() REPRESENTATION_CONTEXT('2D SPACE',''
  ) );
#9778 = ORIENTED_EDGE('',*,*,#9779,.F.);
#9779 = EDGE_CURVE('',#4565,#9747,#9780,.T.);
#9780 = SURFACE_CURVE('',#9781,(#9785,#9792),.PCURVE_S1.);
#9781 = LINE('',#9782,#9783);
#9782 = CARTESIAN_POINT('',(12.,6.,16.75));
#9783 = VECTOR('',#9784,1.);
#9784 = DIRECTION('',(1.445602896647E-16,-1.,-0.));
#9785 = PCURVE('',#4614,#9786);
#9786 = DEFINITIONAL_REPRESENTATION('',(#9787),#9791);
#9787 = LINE('',#9788,#9789);
#9788 = CARTESIAN_POINT('',(62.,-43.25));
#9789 = VECTOR('',#9790,1.);
#9790 = DIRECTION('',(1.,0.));
#9791 = ( GEOMETRIC_REPRESENTATION_CONTEXT(2) 
PARAMETRIC_REPRESENTATION_CONTEXT() REPRESENTATION_CONTEXT('2D SPACE',''
  ) );
#9792 = PCURVE('',#4585,#9793);
#9793 = DEFINITIONAL_REPRESENTATION('',(#9794),#9798);
#9794 = LINE('',#9795,#9796);
#9795 = CARTESIAN_POINT('',(12.,2.6645352591E-15));
#9796 = VECTOR('',#9797,1.);
#9797 = DIRECTION('',(1.445602896647E-16,-1.));
#9798 = ( GEOMETRIC_REPRESENTATION_CONTEXT(2) 
PARAMETRIC_REPRESENTATION_CONTEXT() REPRESENTATION_CONTEXT('2D SPACE',''
  ) );
#9799 = ORIENTED_EDGE('',*,*,#4597,.F.);
#9800 = ORIENTED_EDGE('',*,*,#9801,.F.);
#9801 = EDGE_CURVE('',#9724,#4598,#9802,.T.);
#9802 = SURFACE_CURVE('',#9803,(#9808,#9819),.PCURVE_S1.);
#9803 = CIRCLE('',#9804,4.25);
#9804 = AXIS2_PLACEMENT_3D('',#9805,#9806,#9807);
#9805 = CARTESIAN_POINT('',(12.,18.,12.5));
#9806 = DIRECTION('',(1.,2.040851148208E-16,0.));
#9807 = DIRECTION('',(-2.040851148208E-16,1.,0.));
#9808 = PCURVE('',#4614,#9809);
#9809 = DEFINITIONAL_REPRESENTATION('',(#9810),#9818);
#9810 = ( BOUNDED_CURVE() B_SPLINE_CURVE(2,(#9811,#9812,#9813,#9814,
#9815,#9816,#9817),.UNSPECIFIED.,.T.,.F.) B_SPLINE_CURVE_WITH_KNOTS((1,2
    ,2,2,2,1),(-2.094395102393,0.,2.094395102393,4.188790204786,
6.28318530718,8.377580409573),.UNSPECIFIED.) CURVE() 
GEOMETRIC_REPRESENTATION_ITEM() RATIONAL_B_SPLINE_CURVE((1.,0.5,1.,0.5,
1.,0.5,1.)) REPRESENTATION_ITEM('') );
#9811 = CARTESIAN_POINT('',(45.75,-47.5));
#9812 = CARTESIAN_POINT('',(45.75,-40.13878406783));
#9813 = CARTESIAN_POINT('',(52.125,-43.81939203391));
#9814 = CARTESIAN_POINT('',(58.5,-47.5));
#9815 = CARTESIAN_POINT('',(52.125,-51.18060796608));
#9816 = CARTESIAN_POINT('',(45.75,-54.86121593216));
#9817 = CARTESIAN_POINT('',(45.75,-47.5));
#9818 = ( GEOMETRIC_REPRESENTATION_CONTEXT(2) 
PARAMETRIC_REPRESENTATION_CONTEXT() REPRESENTATION_CONTEXT('2D SPACE',''
  ) );
#9819 = PCURVE('',#4646,#9820);
#9820 = DEFINITIONAL_REPRESENTATION('',(#9821),#9825);
#9821 = LINE('',#9822,#9823);
#9822 = CARTESIAN_POINT('',(0.,12.));
#9823 = VECTOR('',#9824,1.);
#9824 = DIRECTION('',(1.,1.130863886743E-15));
#9825 = ( GEOMETRIC_REPRESENTATION_CONTEXT(2) 
PARAMETRIC_REPRESENTATION_CONTEXT() REPRESENTATION_CONTEXT('2D SPACE',''
  ) );
#9826 = FACE_BOUND('',#9827,.T.);
#9827 = EDGE_LOOP('',(#9828,#9858,#9886,#9907,#9908));
#9828 = ORIENTED_EDGE('',*,*,#9829,.F.);
#9829 = EDGE_CURVE('',#9830,#9832,#9834,.T.);
#9830 = VERTEX_POINT('',#9831);
#9831 = CARTESIAN_POINT('',(12.,46.,8.25));
#9832 = VERTEX_POINT('',#9833);
#9833 = CARTESIAN_POINT('',(12.,58.,8.25));
#9834 = SURFACE_CURVE('',#9835,(#9839,#9846),.PCURVE_S1.);
#9835 = LINE('',#9836,#9837);
#9836 = CARTESIAN_POINT('',(12.,46.,8.25));
#9837 = VECTOR('',#9838,1.);
#9838 = DIRECTION('',(-2.891205793295E-16,1.,0.));
#9839 = PCURVE('',#4614,#9840);
#9840 = DEFINITIONAL_REPRESENTATION('',(#9841),#9845);
#9841 = LINE('',#9842,#9843);
#9842 = CARTESIAN_POINT('',(22.,-51.75));
#9843 = VECTOR('',#9844,1.);
#9844 = DIRECTION('',(-1.,0.));
#9845 = ( GEOMETRIC_REPRESENTATION_CONTEXT(2) 
PARAMETRIC_REPRESENTATION_CONTEXT() REPRESENTATION_CONTEXT('2D SPACE',''
  ) );
#9846 = PCURVE('',#9847,#9852);
#9847 = PLANE('',#9848);
#9848 = AXIS2_PLACEMENT_3D('',#9849,#9850,#9851);
#9849 = CARTESIAN_POINT('',(-1.214306433184E-14,46.,8.25));
#9850 = DIRECTION('',(0.,0.,-1.));
#9851 = DIRECTION('',(-1.,0.,0.));
#9852 = DEFINITIONAL_REPRESENTATION('',(#9853),#9857);
#9853 = LINE('',#9854,#9855);
#9854 = CARTESIAN_POINT('',(-12.,0.));
#9855 = VECTOR('',#9856,1.);
#9856 = DIRECTION('',(2.891205793295E-16,1.));
#9857 = ( GEOMETRIC_REPRESENTATION_CONTEXT(2) 
PARAMETRIC_REPRESENTATION_CONTEXT() REPRESENTATION_CONTEXT('2D SPACE',''
  ) );
#9858 = ORIENTED_EDGE('',*,*,#9859,.F.);
#9859 = EDGE_CURVE('',#9860,#9830,#9862,.T.);
#9860 = VERTEX_POINT('',#9861);
#9861 = CARTESIAN_POINT('',(12.,46.,16.75));
#9862 = SURFACE_CURVE('',#9863,(#9868,#9879),.PCURVE_S1.);
#9863 = CIRCLE('',#9864,4.25);
#9864 = AXIS2_PLACEMENT_3D('',#9865,#9866,#9867);
#9865 = CARTESIAN_POINT('',(12.,46.,12.5));
#9866 = DIRECTION('',(1.,2.040851148208E-16,0.));
#9867 = DIRECTION('',(-2.040851148208E-16,1.,0.));
#9868 = PCURVE('',#4614,#9869);
#9869 = DEFINITIONAL_REPRESENTATION('',(#9870),#9878);
#9870 = ( BOUNDED_CURVE() B_SPLINE_CURVE(2,(#9871,#9872,#9873,#9874,
#9875,#9876,#9877),.UNSPECIFIED.,.T.,.F.) B_SPLINE_CURVE_WITH_KNOTS((1,2
    ,2,2,2,1),(-2.094395102393,0.,2.094395102393,4.188790204786,
6.28318530718,8.377580409573),.UNSPECIFIED.) CURVE() 
GEOMETRIC_REPRESENTATION_ITEM() RATIONAL_B_SPLINE_CURVE((1.,0.5,1.,0.5,
1.,0.5,1.)) REPRESENTATION_ITEM('') );
#9871 = CARTESIAN_POINT('',(17.75,-47.5));
#9872 = CARTESIAN_POINT('',(17.75,-40.13878406783));
#9873 = CARTESIAN_POINT('',(24.125,-43.81939203391));
#9874 = CARTESIAN_POINT('',(30.5,-47.5));
#9875 = CARTESIAN_POINT('',(24.125,-51.18060796608));
#9876 = CARTESIAN_POINT('',(17.75,-54.86121593216));
#9877 = CARTESIAN_POINT('',(17.75,-47.5));
#9878 = ( GEOMETRIC_REPRESENTATION_CONTEXT(2) 
PARAMETRIC_REPRESENTATION_CONTEXT() REPRESENTATION_CONTEXT('2D SPACE',''
  ) );
#9879 = PCURVE('',#4121,#9880);
#9880 = DEFINITIONAL_REPRESENTATION('',(#9881),#9885);
#9881 = LINE('',#9882,#9883);
#9882 = CARTESIAN_POINT('',(0.,12.));
#9883 = VECTOR('',#9884,1.);
#9884 = DIRECTION('',(1.,0.));
#9885 = ( GEOMETRIC_REPRESENTATION_CONTEXT(2) 
PARAMETRIC_REPRESENTATION_CONTEXT() REPRESENTATION_CONTEXT('2D SPACE',''
  ) );
#9886 = ORIENTED_EDGE('',*,*,#9887,.F.);
#9887 = EDGE_CURVE('',#4691,#9860,#9888,.T.);
#9888 = SURFACE_CURVE('',#9889,(#9893,#9900),.PCURVE_S1.);
#9889 = LINE('',#9890,#9891);
#9890 = CARTESIAN_POINT('',(12.,46.,16.75));
#9891 = VECTOR('',#9892,1.);
#9892 = DIRECTION('',(2.891205793295E-16,-1.,-0.));
#9893 = PCURVE('',#4614,#9894);
#9894 = DEFINITIONAL_REPRESENTATION('',(#9895),#9899);
#9895 = LINE('',#9896,#9897);
#9896 = CARTESIAN_POINT('',(22.,-43.25));
#9897 = VECTOR('',#9898,1.);
#9898 = DIRECTION('',(1.,0.));
#9899 = ( GEOMETRIC_REPRESENTATION_CONTEXT(2) 
PARAMETRIC_REPRESENTATION_CONTEXT() REPRESENTATION_CONTEXT('2D SPACE',''
  ) );
#9900 = PCURVE('',#4711,#9901);
#9901 = DEFINITIONAL_REPRESENTATION('',(#9902),#9906);
#9902 = LINE('',#9903,#9904);
#9903 = CARTESIAN_POINT('',(12.,0.));
#9904 = VECTOR('',#9905,1.);
#9905 = DIRECTION('',(2.891205793295E-16,-1.));
#9906 = ( GEOMETRIC_REPRESENTATION_CONTEXT(2) 
PARAMETRIC_REPRESENTATION_CONTEXT() REPRESENTATION_CONTEXT('2D SPACE',''
  ) );
#9907 = ORIENTED_EDGE('',*,*,#4723,.F.);
#9908 = ORIENTED_EDGE('',*,*,#9909,.F.);
#9909 = EDGE_CURVE('',#9832,#4724,#9910,.T.);
#9910 = SURFACE_CURVE('',#9911,(#9916,#9927),.PCURVE_S1.);
#9911 = CIRCLE('',#9912,4.25);
#9912 = AXIS2_PLACEMENT_3D('',#9913,#9914,#9915);
#9913 = CARTESIAN_POINT('',(12.,58.,12.5));
#9914 = DIRECTION('',(1.,2.040851148208E-16,0.));
#9915 = DIRECTION('',(-2.040851148208E-16,1.,0.));
#9916 = PCURVE('',#4614,#9917);
#9917 = DEFINITIONAL_REPRESENTATION('',(#9918),#9926);
#9918 = ( BOUNDED_CURVE() B_SPLINE_CURVE(2,(#9919,#9920,#9921,#9922,
#9923,#9924,#9925),.UNSPECIFIED.,.T.,.F.) B_SPLINE_CURVE_WITH_KNOTS((1,2
    ,2,2,2,1),(-2.094395102393,0.,2.094395102393,4.188790204786,
6.28318530718,8.377580409573),.UNSPECIFIED.) CURVE() 
GEOMETRIC_REPRESENTATION_ITEM() RATIONAL_B_SPLINE_CURVE((1.,0.5,1.,0.5,
1.,0.5,1.)) REPRESENTATION_ITEM('') );
#9919 = CARTESIAN_POINT('',(5.75,-47.5));
#9920 = CARTESIAN_POINT('',(5.75,-40.13878406783));
#9921 = CARTESIAN_POINT('',(12.125,-43.81939203391));
#9922 = CARTESIAN_POINT('',(18.5,-47.5));
#9923 = CARTESIAN_POINT('',(12.125,-51.18060796608));
#9924 = CARTESIAN_POINT('',(5.75,-54.86121593216));
#9925 = CARTESIAN_POINT('',(5.75,-47.5));
#9926 = ( GEOMETRIC_REPRESENTATION_CONTEXT(2) 
PARAMETRIC_REPRESENTATION_CONTEXT() REPRESENTATION_CONTEXT('2D SPACE',''
  ) );
#9927 = PCURVE('',#4767,#9928);
#9928 = DEFINITIONAL_REPRESENTATION('',(#9929),#9933);
#9929 = LINE('',#9930,#9931);
#9930 = CARTESIAN_POINT('',(0.,12.));
#9931 = VECTOR('',#9932,1.);
#9932 = DIRECTION('',(1.,0.));
#9933 = ( GEOMETRIC_REPRESENTATION_CONTEXT(2) 
PARAMETRIC_REPRESENTATION_CONTEXT() REPRESENTATION_CONTEXT('2D SPACE',''
  ) );
#9934 = FACE_BOUND('',#9935,.T.);
#9935 = EDGE_LOOP('',(#9936,#9966,#9999,#10020,#10021));
#9936 = ORIENTED_EDGE('',*,*,#9937,.F.);
#9937 = EDGE_CURVE('',#9938,#9940,#9942,.T.);
#9938 = VERTEX_POINT('',#9939);
#9939 = CARTESIAN_POINT('',(12.,6.,43.25));
#9940 = VERTEX_POINT('',#9941);
#9941 = CARTESIAN_POINT('',(12.,18.,43.25));
#9942 = SURFACE_CURVE('',#9943,(#9947,#9954),.PCURVE_S1.);
#9943 = LINE('',#9944,#9945);
#9944 = CARTESIAN_POINT('',(12.,6.,43.25));
#9945 = VECTOR('',#9946,1.);
#9946 = DIRECTION('',(-1.445602896647E-16,1.,0.));
#9947 = PCURVE('',#4614,#9948);
#9948 = DEFINITIONAL_REPRESENTATION('',(#9949),#9953);
#9949 = LINE('',#9950,#9951);
#9950 = CARTESIAN_POINT('',(62.,-16.75));
#9951 = VECTOR('',#9952,1.);
#9952 = DIRECTION('',(-1.,0.));
#9953 = ( GEOMETRIC_REPRESENTATION_CONTEXT(2) 
PARAMETRIC_REPRESENTATION_CONTEXT() REPRESENTATION_CONTEXT('2D SPACE',''
  ) );
#9954 = PCURVE('',#9955,#9960);
#9955 = PLANE('',#9956);
#9956 = AXIS2_PLACEMENT_3D('',#9957,#9958,#9959);
#9957 = CARTESIAN_POINT('',(-5.20417042793E-15,6.,43.25));
#9958 = DIRECTION('',(0.,0.,-1.));
#9959 = DIRECTION('',(-1.,0.,0.));
#9960 = DEFINITIONAL_REPRESENTATION('',(#9961),#9965);
#9961 = LINE('',#9962,#9963);
#9962 = CARTESIAN_POINT('',(-12.,2.6645352591E-15));
#9963 = VECTOR('',#9964,1.);
#9964 = DIRECTION('',(1.445602896647E-16,1.));
#9965 = ( GEOMETRIC_REPRESENTATION_CONTEXT(2) 
PARAMETRIC_REPRESENTATION_CONTEXT() REPRESENTATION_CONTEXT('2D SPACE',''
  ) );
#9966 = ORIENTED_EDGE('',*,*,#9967,.F.);
#9967 = EDGE_CURVE('',#9968,#9938,#9970,.T.);
#9968 = VERTEX_POINT('',#9969);
#9969 = CARTESIAN_POINT('',(12.,6.,51.75));
#9970 = SURFACE_CURVE('',#9971,(#9976,#9987),.PCURVE_S1.);
#9971 = CIRCLE('',#9972,4.25);
#9972 = AXIS2_PLACEMENT_3D('',#9973,#9974,#9975);
#9973 = CARTESIAN_POINT('',(12.,6.,47.5));
#9974 = DIRECTION('',(1.,2.040851148208E-16,0.));
#9975 = DIRECTION('',(-2.040851148208E-16,1.,0.));
#9976 = PCURVE('',#4614,#9977);
#9977 = DEFINITIONAL_REPRESENTATION('',(#9978),#9986);
#9978 = ( BOUNDED_CURVE() B_SPLINE_CURVE(2,(#9979,#9980,#9981,#9982,
#9983,#9984,#9985),.UNSPECIFIED.,.T.,.F.) B_SPLINE_CURVE_WITH_KNOTS((1,2
    ,2,2,2,1),(-2.094395102393,0.,2.094395102393,4.188790204786,
6.28318530718,8.377580409573),.UNSPECIFIED.) CURVE() 
GEOMETRIC_REPRESENTATION_ITEM() RATIONAL_B_SPLINE_CURVE((1.,0.5,1.,0.5,
1.,0.5,1.)) REPRESENTATION_ITEM('') );
#9979 = CARTESIAN_POINT('',(57.75,-12.5));
#9980 = CARTESIAN_POINT('',(57.75,-5.138784067832));
#9981 = CARTESIAN_POINT('',(64.125,-8.819392033916));
#9982 = CARTESIAN_POINT('',(70.5,-12.5));
#9983 = CARTESIAN_POINT('',(64.125,-16.18060796608));
#9984 = CARTESIAN_POINT('',(57.75,-19.86121593216));
#9985 = CARTESIAN_POINT('',(57.75,-12.5));
#9986 = ( GEOMETRIC_REPRESENTATION_CONTEXT(2) 
PARAMETRIC_REPRESENTATION_CONTEXT() REPRESENTATION_CONTEXT('2D SPACE',''
  ) );
#9987 = PCURVE('',#9988,#9993);
#9988 = CYLINDRICAL_SURFACE('',#9989,4.25);
#9989 = AXIS2_PLACEMENT_3D('',#9990,#9991,#9992);
#9990 = CARTESIAN_POINT('',(-5.20417042793E-15,6.,47.5));
#9991 = DIRECTION('',(1.,2.040851148208E-16,-0.));
#9992 = DIRECTION('',(-2.040851148208E-16,1.,0.));
#9993 = DEFINITIONAL_REPRESENTATION('',(#9994),#9998);
#9994 = LINE('',#9995,#9996);
#9995 = CARTESIAN_POINT('',(0.,12.));
#9996 = VECTOR('',#9997,1.);
#9997 = DIRECTION('',(1.,0.));
#9998 = ( GEOMETRIC_REPRESENTATION_CONTEXT(2) 
PARAMETRIC_REPRESENTATION_CONTEXT() REPRESENTATION_CONTEXT('2D SPACE',''
  ) );
#9999 = ORIENTED_EDGE('',*,*,#10000,.F.);
#10000 = EDGE_CURVE('',#4807,#9968,#10001,.T.);
#10001 = SURFACE_CURVE('',#10002,(#10006,#10013),.PCURVE_S1.);
#10002 = LINE('',#10003,#10004);
#10003 = CARTESIAN_POINT('',(12.,6.,51.75));
#10004 = VECTOR('',#10005,1.);
#10005 = DIRECTION('',(1.445602896647E-16,-1.,-0.));
#10006 = PCURVE('',#4614,#10007);
#10007 = DEFINITIONAL_REPRESENTATION('',(#10008),#10012);
#10008 = LINE('',#10009,#10010);
#10009 = CARTESIAN_POINT('',(62.,-8.25));
#10010 = VECTOR('',#10011,1.);
#10011 = DIRECTION('',(1.,0.));
#10012 = ( GEOMETRIC_REPRESENTATION_CONTEXT(2) 
PARAMETRIC_REPRESENTATION_CONTEXT() REPRESENTATION_CONTEXT('2D SPACE',''
  ) );
#10013 = PCURVE('',#4827,#10014);
#10014 = DEFINITIONAL_REPRESENTATION('',(#10015),#10019);
#10015 = LINE('',#10016,#10017);
#10016 = CARTESIAN_POINT('',(12.,2.6645352591E-15));
#10017 = VECTOR('',#10018,1.);
#10018 = DIRECTION('',(1.445602896647E-16,-1.));
#10019 = ( GEOMETRIC_REPRESENTATION_CONTEXT(2) 
PARAMETRIC_REPRESENTATION_CONTEXT() REPRESENTATION_CONTEXT('2D SPACE',''
  ) );
#10020 = ORIENTED_EDGE('',*,*,#4839,.F.);
#10021 = ORIENTED_EDGE('',*,*,#10022,.F.);
#10022 = EDGE_CURVE('',#9940,#4840,#10023,.T.);
#10023 = SURFACE_CURVE('',#10024,(#10029,#10040),.PCURVE_S1.);
#10024 = CIRCLE('',#10025,4.25);
#10025 = AXIS2_PLACEMENT_3D('',#10026,#10027,#10028);
#10026 = CARTESIAN_POINT('',(12.,18.,47.5));
#10027 = DIRECTION('',(1.,2.040851148208E-16,0.));
#10028 = DIRECTION('',(-2.040851148208E-16,1.,0.));
#10029 = PCURVE('',#4614,#10030);
#10030 = DEFINITIONAL_REPRESENTATION('',(#10031),#10039);
#10031 = ( BOUNDED_CURVE() B_SPLINE_CURVE(2,(#10032,#10033,#10034,#10035
    ,#10036,#10037,#10038),.UNSPECIFIED.,.T.,.F.) 
B_SPLINE_CURVE_WITH_KNOTS((1,2,2,2,2,1),(-2.094395102393,0.,
    2.094395102393,4.188790204786,6.28318530718,8.377580409573),
.UNSPECIFIED.) CURVE() GEOMETRIC_REPRESENTATION_ITEM() 
RATIONAL_B_SPLINE_CURVE((1.,0.5,1.,0.5,1.,0.5,1.)) REPRESENTATION_ITEM(
  '') );
#10032 = CARTESIAN_POINT('',(45.75,-12.5));
#10033 = CARTESIAN_POINT('',(45.75,-5.138784067832));
#10034 = CARTESIAN_POINT('',(52.125,-8.819392033916));
#10035 = CARTESIAN_POINT('',(58.5,-12.5));
#10036 = CARTESIAN_POINT('',(52.125,-16.18060796608));
#10037 = CARTESIAN_POINT('',(45.75,-19.86121593216));
#10038 = CARTESIAN_POINT('',(45.75,-12.5));
#10039 = ( GEOMETRIC_REPRESENTATION_CONTEXT(2) 
PARAMETRIC_REPRESENTATION_CONTEXT() REPRESENTATION_CONTEXT('2D SPACE',''
  ) );
#10040 = PCURVE('',#4883,#10041);
#10041 = DEFINITIONAL_REPRESENTATION('',(#10042),#10046);
#10042 = LINE('',#10043,#10044);
#10043 = CARTESIAN_POINT('',(0.,12.));
#10044 = VECTOR('',#10045,1.);
#10045 = DIRECTION('',(1.,1.130863886743E-15));
#10046 = ( GEOMETRIC_REPRESENTATION_CONTEXT(2) 
PARAMETRIC_REPRESENTATION_CONTEXT() REPRESENTATION_CONTEXT('2D SPACE',''
  ) );
#10047 = FACE_BOUND('',#10048,.T.);
#10048 = EDGE_LOOP('',(#10049,#10072,#10073,#10101,#10129));
#10049 = ORIENTED_EDGE('',*,*,#10050,.F.);
#10050 = EDGE_CURVE('',#4923,#10051,#10053,.T.);
#10051 = VERTEX_POINT('',#10052);
#10052 = CARTESIAN_POINT('',(12.,46.,51.75));
#10053 = SURFACE_CURVE('',#10054,(#10058,#10065),.PCURVE_S1.);
#10054 = LINE('',#10055,#10056);
#10055 = CARTESIAN_POINT('',(12.,58.,51.75));
#10056 = VECTOR('',#10057,1.);
#10057 = DIRECTION('',(2.891205793295E-16,-1.,0.));
#10058 = PCURVE('',#4614,#10059);
#10059 = DEFINITIONAL_REPRESENTATION('',(#10060),#10064);
#10060 = LINE('',#10061,#10062);
#10061 = CARTESIAN_POINT('',(10.,-8.25));
#10062 = VECTOR('',#10063,1.);
#10063 = DIRECTION('',(1.,0.));
#10064 = ( GEOMETRIC_REPRESENTATION_CONTEXT(2) 
PARAMETRIC_REPRESENTATION_CONTEXT() REPRESENTATION_CONTEXT('2D SPACE',''
  ) );
#10065 = PCURVE('',#4943,#10066);
#10066 = DEFINITIONAL_REPRESENTATION('',(#10067),#10071);
#10067 = LINE('',#10068,#10069);
#10068 = CARTESIAN_POINT('',(12.,0.));
#10069 = VECTOR('',#10070,1.);
#10070 = DIRECTION('',(2.891205793295E-16,-1.));
#10071 = ( GEOMETRIC_REPRESENTATION_CONTEXT(2) 
PARAMETRIC_REPRESENTATION_CONTEXT() REPRESENTATION_CONTEXT('2D SPACE',''
  ) );
#10072 = ORIENTED_EDGE('',*,*,#4955,.F.);
#10073 = ORIENTED_EDGE('',*,*,#10074,.F.);
#10074 = EDGE_CURVE('',#10075,#4956,#10077,.T.);
#10075 = VERTEX_POINT('',#10076);
#10076 = CARTESIAN_POINT('',(12.,58.,43.25));
#10077 = SURFACE_CURVE('',#10078,(#10083,#10094),.PCURVE_S1.);
#10078 = CIRCLE('',#10079,4.25);
#10079 = AXIS2_PLACEMENT_3D('',#10080,#10081,#10082);
#10080 = CARTESIAN_POINT('',(12.,58.,47.5));
#10081 = DIRECTION('',(1.,2.040851148208E-16,0.));
#10082 = DIRECTION('',(-2.040851148208E-16,1.,0.));
#10083 = PCURVE('',#4614,#10084);
#10084 = DEFINITIONAL_REPRESENTATION('',(#10085),#10093);
#10085 = ( BOUNDED_CURVE() B_SPLINE_CURVE(2,(#10086,#10087,#10088,#10089
    ,#10090,#10091,#10092),.UNSPECIFIED.,.T.,.F.) 
B_SPLINE_CURVE_WITH_KNOTS((1,2,2,2,2,1),(-2.094395102393,0.,
    2.094395102393,4.188790204786,6.28318530718,8.377580409573),
.UNSPECIFIED.) CURVE() GEOMETRIC_REPRESENTATION_ITEM() 
RATIONAL_B_SPLINE_CURVE((1.,0.5,1.,0.5,1.,0.5,1.)) REPRESENTATION_ITEM(
  '') );
#10086 = CARTESIAN_POINT('',(5.75,-12.5));
#10087 = CARTESIAN_POINT('',(5.75,-5.138784067832));
#10088 = CARTESIAN_POINT('',(12.125,-8.819392033916));
#10089 = CARTESIAN_POINT('',(18.5,-12.5));
#10090 = CARTESIAN_POINT('',(12.125,-16.18060796608));
#10091 = CARTESIAN_POINT('',(5.75,-19.86121593216));
#10092 = CARTESIAN_POINT('',(5.75,-12.5));
#10093 = ( GEOMETRIC_REPRESENTATION_CONTEXT(2) 
PARAMETRIC_REPRESENTATION_CONTEXT() REPRESENTATION_CONTEXT('2D SPACE',''
  ) );
#10094 = PCURVE('',#4999,#10095);
#10095 = DEFINITIONAL_REPRESENTATION('',(#10096),#10100);
#10096 = LINE('',#10097,#10098);
#10097 = CARTESIAN_POINT('',(0.,12.));
#10098 = VECTOR('',#10099,1.);
#10099 = DIRECTION('',(1.,0.));
#10100 = ( GEOMETRIC_REPRESENTATION_CONTEXT(2) 
PARAMETRIC_REPRESENTATION_CONTEXT() REPRESENTATION_CONTEXT('2D SPACE',''
  ) );
#10101 = ORIENTED_EDGE('',*,*,#10102,.F.);
#10102 = EDGE_CURVE('',#10103,#10075,#10105,.T.);
#10103 = VERTEX_POINT('',#10104);
#10104 = CARTESIAN_POINT('',(12.,46.,43.25));
#10105 = SURFACE_CURVE('',#10106,(#10110,#10117),.PCURVE_S1.);
#10106 = LINE('',#10107,#10108);
#10107 = CARTESIAN_POINT('',(12.,58.,43.25));
#10108 = VECTOR('',#10109,1.);
#10109 = DIRECTION('',(-2.891205793295E-16,1.,-0.));
#10110 = PCURVE('',#4614,#10111);
#10111 = DEFINITIONAL_REPRESENTATION('',(#10112),#10116);
#10112 = LINE('',#10113,#10114);
#10113 = CARTESIAN_POINT('',(10.,-16.75));
#10114 = VECTOR('',#10115,1.);
#10115 = DIRECTION('',(-1.,0.));
#10116 = ( GEOMETRIC_REPRESENTATION_CONTEXT(2) 
PARAMETRIC_REPRESENTATION_CONTEXT() REPRESENTATION_CONTEXT('2D SPACE',''
  ) );
#10117 = PCURVE('',#10118,#10123);
#10118 = PLANE('',#10119);
#10119 = AXIS2_PLACEMENT_3D('',#10120,#10121,#10122);
#10120 = CARTESIAN_POINT('',(-1.561251128379E-14,58.,43.25));
#10121 = DIRECTION('',(0.,0.,-1.));
#10122 = DIRECTION('',(-1.,0.,-0.));
#10123 = DEFINITIONAL_REPRESENTATION('',(#10124),#10128);
#10124 = LINE('',#10125,#10126);
#10125 = CARTESIAN_POINT('',(-12.,0.));
#10126 = VECTOR('',#10127,1.);
#10127 = DIRECTION('',(2.891205793295E-16,1.));
#10128 = ( GEOMETRIC_REPRESENTATION_CONTEXT(2) 
PARAMETRIC_REPRESENTATION_CONTEXT() REPRESENTATION_CONTEXT('2D SPACE',''
  ) );
#10129 = ORIENTED_EDGE('',*,*,#10130,.F.);
#10130 = EDGE_CURVE('',#10051,#10103,#10131,.T.);
#10131 = SURFACE_CURVE('',#10132,(#10137,#10148),.PCURVE_S1.);
#10132 = CIRCLE('',#10133,4.25);
#10133 = AXIS2_PLACEMENT_3D('',#10134,#10135,#10136);
#10134 = CARTESIAN_POINT('',(12.,46.,47.5));
#10135 = DIRECTION('',(1.,2.040851148208E-16,0.));
#10136 = DIRECTION('',(-2.040851148208E-16,1.,0.));
#10137 = PCURVE('',#4614,#10138);
#10138 = DEFINITIONAL_REPRESENTATION('',(#10139),#10147);
#10139 = ( BOUNDED_CURVE() B_SPLINE_CURVE(2,(#10140,#10141,#10142,#10143
    ,#10144,#10145,#10146),.UNSPECIFIED.,.T.,.F.) 
B_SPLINE_CURVE_WITH_KNOTS((1,2,2,2,2,1),(-2.094395102393,0.,
    2.094395102393,4.188790204786,6.28318530718,8.377580409573),
.UNSPECIFIED.) CURVE() GEOMETRIC_REPRESENTATION_ITEM() 
RATIONAL_B_SPLINE_CURVE((1.,0.5,1.,0.5,1.,0.5,1.)) REPRESENTATION_ITEM(
  '') );
#10140 = CARTESIAN_POINT('',(17.75,-12.5));
#10141 = CARTESIAN_POINT('',(17.75,-5.138784067832));
#10142 = CARTESIAN_POINT('',(24.125,-8.819392033916));
#10143 = CARTESIAN_POINT('',(30.5,-12.5));
#10144 = CARTESIAN_POINT('',(24.125,-16.18060796608));
#10145 = CARTESIAN_POINT('',(17.75,-19.86121593216));
#10146 = CARTESIAN_POINT('',(17.75,-12.5));
#10147 = ( GEOMETRIC_REPRESENTATION_CONTEXT(2) 
PARAMETRIC_REPRESENTATION_CONTEXT() REPRESENTATION_CONTEXT('2D SPACE',''
  ) );
#10148 = PCURVE('',#10149,#10154);
#10149 = CYLINDRICAL_SURFACE('',#10150,4.25);
#10150 = AXIS2_PLACEMENT_3D('',#10151,#10152,#10153);
#10151 = CARTESIAN_POINT('',(-1.214306433184E-14,46.,47.5));
#10152 = DIRECTION('',(1.,2.040851148208E-16,-0.));
#10153 = DIRECTION('',(-2.040851148208E-16,1.,0.));
#10154 = DEFINITIONAL_REPRESENTATION('',(#10155),#10159);
#10155 = LINE('',#10156,#10157);
#10156 = CARTESIAN_POINT('',(0.,12.));
#10157 = VECTOR('',#10158,1.);
#10158 = DIRECTION('',(1.,0.));
#10159 = ( GEOMETRIC_REPRESENTATION_CONTEXT(2) 
PARAMETRIC_REPRESENTATION_CONTEXT() REPRESENTATION_CONTEXT('2D SPACE',''
  ) );
#10160 = FACE_BOUND('',#10161,.T.);
#10161 = EDGE_LOOP('',(#10162,#10163,#10186,#10209,#10230,#10231));
#10162 = ORIENTED_EDGE('',*,*,#9674,.T.);
#10163 = ORIENTED_EDGE('',*,*,#10164,.T.);
#10164 = EDGE_CURVE('',#9647,#10165,#10167,.T.);
#10165 = VERTEX_POINT('',#10166);
#10166 = CARTESIAN_POINT('',(12.,3.,0.));
#10167 = SURFACE_CURVE('',#10168,(#10172,#10179),.PCURVE_S1.);
#10168 = LINE('',#10169,#10170);
#10169 = CARTESIAN_POINT('',(12.,2.449293598295E-16,3.));
#10170 = VECTOR('',#10171,1.);
#10171 = DIRECTION('',(-1.44309968629E-16,0.707106781187,-0.707106781187
    ));
#10172 = PCURVE('',#4614,#10173);
#10173 = DEFINITIONAL_REPRESENTATION('',(#10174),#10178);
#10174 = LINE('',#10175,#10176);
#10175 = CARTESIAN_POINT('',(68.,-57.));
#10176 = VECTOR('',#10177,1.);
#10177 = DIRECTION('',(-0.707106781187,-0.707106781187));
#10178 = ( GEOMETRIC_REPRESENTATION_CONTEXT(2) 
PARAMETRIC_REPRESENTATION_CONTEXT() REPRESENTATION_CONTEXT('2D SPACE',''
  ) );
#10179 = PCURVE('',#9662,#10180);
#10180 = DEFINITIONAL_REPRESENTATION('',(#10181),#10185);
#10181 = LINE('',#10182,#10183);
#10182 = CARTESIAN_POINT('',(0.,0.));
#10183 = VECTOR('',#10184,1.);
#10184 = DIRECTION('',(1.,-1.44309968629E-16));
#10185 = ( GEOMETRIC_REPRESENTATION_CONTEXT(2) 
PARAMETRIC_REPRESENTATION_CONTEXT() REPRESENTATION_CONTEXT('2D SPACE',''
  ) );
#10186 = ORIENTED_EDGE('',*,*,#10187,.T.);
#10187 = EDGE_CURVE('',#10165,#10188,#10190,.T.);
#10188 = VERTEX_POINT('',#10189);
#10189 = CARTESIAN_POINT('',(12.,65.,0.));
#10190 = SURFACE_CURVE('',#10191,(#10195,#10202),.PCURVE_S1.);
#10191 = LINE('',#10192,#10193);
#10192 = CARTESIAN_POINT('',(12.,68.,0.));
#10193 = VECTOR('',#10194,1.);
#10194 = DIRECTION('',(-2.040851148208E-16,1.,-0.));
#10195 = PCURVE('',#4614,#10196);
#10196 = DEFINITIONAL_REPRESENTATION('',(#10197),#10201);
#10197 = LINE('',#10198,#10199);
#10198 = CARTESIAN_POINT('',(0.,-60.));
#10199 = VECTOR('',#10200,1.);
#10200 = DIRECTION('',(-1.,0.));
#10201 = ( GEOMETRIC_REPRESENTATION_CONTEXT(2) 
PARAMETRIC_REPRESENTATION_CONTEXT() REPRESENTATION_CONTEXT('2D SPACE',''
  ) );
#10202 = PCURVE('',#2894,#10203);
#10203 = DEFINITIONAL_REPRESENTATION('',(#10204),#10208);
#10204 = LINE('',#10205,#10206);
#10205 = CARTESIAN_POINT('',(-12.,68.));
#10206 = VECTOR('',#10207,1.);
#10207 = DIRECTION('',(2.040851148208E-16,1.));
#10208 = ( GEOMETRIC_REPRESENTATION_CONTEXT(2) 
PARAMETRIC_REPRESENTATION_CONTEXT() REPRESENTATION_CONTEXT('2D SPACE',''
  ) );
#10209 = ORIENTED_EDGE('',*,*,#10210,.T.);
#10210 = EDGE_CURVE('',#10188,#7829,#10211,.T.);
#10211 = SURFACE_CURVE('',#10212,(#10216,#10223),.PCURVE_S1.);
#10212 = LINE('',#10213,#10214);
#10213 = CARTESIAN_POINT('',(12.,65.,60.));
#10214 = VECTOR('',#10215,1.);
#10215 = DIRECTION('',(0.,0.,1.));
#10216 = PCURVE('',#4614,#10217);
#10217 = DEFINITIONAL_REPRESENTATION('',(#10218),#10222);
#10218 = LINE('',#10219,#10220);
#10219 = CARTESIAN_POINT('',(3.,0.));
#10220 = VECTOR('',#10221,1.);
#10221 = DIRECTION('',(0.,1.));
#10222 = ( GEOMETRIC_REPRESENTATION_CONTEXT(2) 
PARAMETRIC_REPRESENTATION_CONTEXT() REPRESENTATION_CONTEXT('2D SPACE',''
  ) );
#10223 = PCURVE('',#7867,#10224);
#10224 = DEFINITIONAL_REPRESENTATION('',(#10225),#10229);
#10225 = LINE('',#10226,#10227);
#10226 = CARTESIAN_POINT('',(-4.242640687119,0.));
#10227 = VECTOR('',#10228,1.);
#10228 = DIRECTION('',(0.,1.));
#10229 = ( GEOMETRIC_REPRESENTATION_CONTEXT(2) 
PARAMETRIC_REPRESENTATION_CONTEXT() REPRESENTATION_CONTEXT('2D SPACE',''
  ) );
#10230 = ORIENTED_EDGE('',*,*,#7828,.F.);
#10231 = ORIENTED_EDGE('',*,*,#10232,.T.);
#10232 = EDGE_CURVE('',#7801,#9675,#10233,.T.);
#10233 = SURFACE_CURVE('',#10234,(#10238,#10245),.PCURVE_S1.);
#10234 = LINE('',#10235,#10236);
#10235 = CARTESIAN_POINT('',(12.,3.,60.));
#10236 = VECTOR('',#10237,1.);
#10237 = DIRECTION('',(1.44309968629E-16,-0.707106781187,-0.707106781187
    ));
#10238 = PCURVE('',#4614,#10239);
#10239 = DEFINITIONAL_REPRESENTATION('',(#10240),#10244);
#10240 = LINE('',#10241,#10242);
#10241 = CARTESIAN_POINT('',(65.,0.));
#10242 = VECTOR('',#10243,1.);
#10243 = DIRECTION('',(0.707106781187,-0.707106781187));
#10244 = ( GEOMETRIC_REPRESENTATION_CONTEXT(2) 
PARAMETRIC_REPRESENTATION_CONTEXT() REPRESENTATION_CONTEXT('2D SPACE',''
  ) );
#10245 = PCURVE('',#7816,#10246);
#10246 = DEFINITIONAL_REPRESENTATION('',(#10247),#10251);
#10247 = LINE('',#10248,#10249);
#10248 = CARTESIAN_POINT('',(3.140184917368E-16,12.));
#10249 = VECTOR('',#10250,1.);
#10250 = DIRECTION('',(-1.,1.44309968629E-16));
#10251 = ( GEOMETRIC_REPRESENTATION_CONTEXT(2) 
PARAMETRIC_REPRESENTATION_CONTEXT() REPRESENTATION_CONTEXT('2D SPACE',''
  ) );
#10252 = ADVANCED_FACE('',(#10253,#10282,#10311,#10315,#10344),#7011,.F.
  );
#10253 = FACE_BOUND('',#10254,.T.);
#10254 = EDGE_LOOP('',(#10255,#10281));
#10255 = ORIENTED_EDGE('',*,*,#10256,.F.);
#10256 = EDGE_CURVE('',#6962,#6995,#10257,.T.);
#10257 = SURFACE_CURVE('',#10258,(#10263,#10274),.PCURVE_S1.);
#10258 = CIRCLE('',#10259,2.);
#10259 = AXIS2_PLACEMENT_3D('',#10260,#10261,#10262);
#10260 = CARTESIAN_POINT('',(291.,74.064670267905,40.));
#10261 = DIRECTION('',(1.,-0.,0.));
#10262 = DIRECTION('',(0.,0.,-1.));
#10263 = PCURVE('',#7011,#10264);
#10264 = DEFINITIONAL_REPRESENTATION('',(#10265),#10273);
#10265 = ( BOUNDED_CURVE() B_SPLINE_CURVE(2,(#10266,#10267,#10268,#10269
    ,#10270,#10271,#10272),.UNSPECIFIED.,.T.,.F.) 
B_SPLINE_CURVE_WITH_KNOTS((1,2,2,2,2,1),(-2.094395102393,0.,
    2.094395102393,4.188790204786,6.28318530718,8.377580409573),
.UNSPECIFIED.) CURVE() GEOMETRIC_REPRESENTATION_ITEM() 
RATIONAL_B_SPLINE_CURVE((1.,0.5,1.,0.5,1.,0.5,1.)) REPRESENTATION_ITEM(
  '') );
#10266 = CARTESIAN_POINT('',(-22.,-5.935329732095));
#10267 = CARTESIAN_POINT('',(-22.,-2.471228116957));
#10268 = CARTESIAN_POINT('',(-19.,-4.203278924526));
#10269 = CARTESIAN_POINT('',(-16.,-5.935329732095));
#10270 = CARTESIAN_POINT('',(-19.,-7.667380539664));
#10271 = CARTESIAN_POINT('',(-22.,-9.399431347233));
#10272 = CARTESIAN_POINT('',(-22.,-5.935329732095));
#10273 = ( GEOMETRIC_REPRESENTATION_CONTEXT(2) 
PARAMETRIC_REPRESENTATION_CONTEXT() REPRESENTATION_CONTEXT('2D SPACE',''
  ) );
#10274 = PCURVE('',#6982,#10275);
#10275 = DEFINITIONAL_REPRESENTATION('',(#10276),#10280);
#10276 = LINE('',#10277,#10278);
#10277 = CARTESIAN_POINT('',(0.,0.));
#10278 = VECTOR('',#10279,1.);
#10279 = DIRECTION('',(1.,0.));
#10280 = ( GEOMETRIC_REPRESENTATION_CONTEXT(2) 
PARAMETRIC_REPRESENTATION_CONTEXT() REPRESENTATION_CONTEXT('2D SPACE',''
  ) );
#10281 = ORIENTED_EDGE('',*,*,#6994,.F.);
#10282 = FACE_BOUND('',#10283,.T.);
#10283 = EDGE_LOOP('',(#10284,#10310));
#10284 = ORIENTED_EDGE('',*,*,#10285,.F.);
#10285 = EDGE_CURVE('',#7136,#7169,#10286,.T.);
#10286 = SURFACE_CURVE('',#10287,(#10292,#10303),.PCURVE_S1.);
#10287 = CIRCLE('',#10288,2.);
#10288 = AXIS2_PLACEMENT_3D('',#10289,#10290,#10291);
#10289 = CARTESIAN_POINT('',(291.,74.064670267905,20.));
#10290 = DIRECTION('',(1.,-0.,0.));
#10291 = DIRECTION('',(0.,0.,-1.));
#10292 = PCURVE('',#7011,#10293);
#10293 = DEFINITIONAL_REPRESENTATION('',(#10294),#10302);
#10294 = ( BOUNDED_CURVE() B_SPLINE_CURVE(2,(#10295,#10296,#10297,#10298
    ,#10299,#10300,#10301),.UNSPECIFIED.,.T.,.F.) 
B_SPLINE_CURVE_WITH_KNOTS((1,2,2,2,2,1),(-2.094395102393,0.,
    2.094395102393,4.188790204786,6.28318530718,8.377580409573),
.UNSPECIFIED.) CURVE() GEOMETRIC_REPRESENTATION_ITEM() 
RATIONAL_B_SPLINE_CURVE((1.,0.5,1.,0.5,1.,0.5,1.)) REPRESENTATION_ITEM(
  '') );
#10295 = CARTESIAN_POINT('',(-42.,-5.935329732095));
#10296 = CARTESIAN_POINT('',(-42.,-2.471228116957));
#10297 = CARTESIAN_POINT('',(-39.,-4.203278924526));
#10298 = CARTESIAN_POINT('',(-36.,-5.935329732095));
#10299 = CARTESIAN_POINT('',(-39.,-7.667380539664));
#10300 = CARTESIAN_POINT('',(-42.,-9.399431347233));
#10301 = CARTESIAN_POINT('',(-42.,-5.935329732095));
#10302 = ( GEOMETRIC_REPRESENTATION_CONTEXT(2) 
PARAMETRIC_REPRESENTATION_CONTEXT() REPRESENTATION_CONTEXT('2D SPACE',''
  ) );
#10303 = PCURVE('',#7156,#10304);
#10304 = DEFINITIONAL_REPRESENTATION('',(#10305),#10309);
#10305 = LINE('',#10306,#10307);
#10306 = CARTESIAN_POINT('',(0.,0.));
#10307 = VECTOR('',#10308,1.);
#10308 = DIRECTION('',(1.,0.));
#10309 = ( GEOMETRIC_REPRESENTATION_CONTEXT(2) 
PARAMETRIC_REPRESENTATION_CONTEXT() REPRESENTATION_CONTEXT('2D SPACE',''
  ) );
#10310 = ORIENTED_EDGE('',*,*,#7168,.F.);
#10311 = FACE_BOUND('',#10312,.T.);
#10312 = EDGE_LOOP('',(#10313,#10314));
#10313 = ORIENTED_EDGE('',*,*,#9122,.F.);
#10314 = ORIENTED_EDGE('',*,*,#7501,.F.);
#10315 = FACE_BOUND('',#10316,.T.);
#10316 = EDGE_LOOP('',(#10317,#10343));
#10317 = ORIENTED_EDGE('',*,*,#10318,.F.);
#10318 = EDGE_CURVE('',#7305,#7338,#10319,.T.);
#10319 = SURFACE_CURVE('',#10320,(#10325,#10336),.PCURVE_S1.);
#10320 = CIRCLE('',#10321,2.5);
#10321 = AXIS2_PLACEMENT_3D('',#10322,#10323,#10324);
#10322 = CARTESIAN_POINT('',(291.,74.064670267905,7.5));
#10323 = DIRECTION('',(1.,-0.,0.));
#10324 = DIRECTION('',(0.,0.,-1.));
#10325 = PCURVE('',#7011,#10326);
#10326 = DEFINITIONAL_REPRESENTATION('',(#10327),#10335);
#10327 = ( BOUNDED_CURVE() B_SPLINE_CURVE(2,(#10328,#10329,#10330,#10331
    ,#10332,#10333,#10334),.UNSPECIFIED.,.T.,.F.) 
B_SPLINE_CURVE_WITH_KNOTS((1,2,2,2,2,1),(-2.094395102393,0.,
    2.094395102393,4.188790204786,6.28318530718,8.377580409573),
.UNSPECIFIED.) CURVE() GEOMETRIC_REPRESENTATION_ITEM() 
RATIONAL_B_SPLINE_CURVE((1.,0.5,1.,0.5,1.,0.5,1.)) REPRESENTATION_ITEM(
  '') );
#10328 = CARTESIAN_POINT('',(-55.,-5.935329732095));
#10329 = CARTESIAN_POINT('',(-55.,-1.605202713173));
#10330 = CARTESIAN_POINT('',(-51.25,-3.770266222634));
#10331 = CARTESIAN_POINT('',(-47.5,-5.935329732095));
#10332 = CARTESIAN_POINT('',(-51.25,-8.100393241556));
#10333 = CARTESIAN_POINT('',(-55.,-10.26545675101));
#10334 = CARTESIAN_POINT('',(-55.,-5.935329732095));
#10335 = ( GEOMETRIC_REPRESENTATION_CONTEXT(2) 
PARAMETRIC_REPRESENTATION_CONTEXT() REPRESENTATION_CONTEXT('2D SPACE',''
  ) );
#10336 = PCURVE('',#7325,#10337);
#10337 = DEFINITIONAL_REPRESENTATION('',(#10338),#10342);
#10338 = LINE('',#10339,#10340);
#10339 = CARTESIAN_POINT('',(0.,0.));
#10340 = VECTOR('',#10341,1.);
#10341 = DIRECTION('',(1.,0.));
#10342 = ( GEOMETRIC_REPRESENTATION_CONTEXT(2) 
PARAMETRIC_REPRESENTATION_CONTEXT() REPRESENTATION_CONTEXT('2D SPACE',''
  ) );
#10343 = ORIENTED_EDGE('',*,*,#7337,.F.);
#10344 = FACE_BOUND('',#10345,.T.);
#10345 = EDGE_LOOP('',(#10346,#10371,#10392,#10393));
#10346 = ORIENTED_EDGE('',*,*,#10347,.F.);
#10347 = EDGE_CURVE('',#10348,#10350,#10352,.T.);
#10348 = VERTEX_POINT('',#10349);
#10349 = CARTESIAN_POINT('',(291.,80.,57.));
#10350 = VERTEX_POINT('',#10351);
#10351 = CARTESIAN_POINT('',(291.,80.,3.));
#10352 = SURFACE_CURVE('',#10353,(#10357,#10364),.PCURVE_S1.);
#10353 = LINE('',#10354,#10355);
#10354 = CARTESIAN_POINT('',(291.,80.,60.));
#10355 = VECTOR('',#10356,1.);
#10356 = DIRECTION('',(-0.,-0.,-1.));
#10357 = PCURVE('',#7011,#10358);
#10358 = DEFINITIONAL_REPRESENTATION('',(#10359),#10363);
#10359 = LINE('',#10360,#10361);
#10360 = CARTESIAN_POINT('',(0.,0.));
#10361 = VECTOR('',#10362,1.);
#10362 = DIRECTION('',(-1.,0.));
#10363 = ( GEOMETRIC_REPRESENTATION_CONTEXT(2) 
PARAMETRIC_REPRESENTATION_CONTEXT() REPRESENTATION_CONTEXT('2D SPACE',''
  ) );
#10364 = PCURVE('',#646,#10365);
#10365 = DEFINITIONAL_REPRESENTATION('',(#10366),#10370);
#10366 = LINE('',#10367,#10368);
#10367 = CARTESIAN_POINT('',(0.,291.));
#10368 = VECTOR('',#10369,1.);
#10369 = DIRECTION('',(1.,0.));
#10370 = ( GEOMETRIC_REPRESENTATION_CONTEXT(2) 
PARAMETRIC_REPRESENTATION_CONTEXT() REPRESENTATION_CONTEXT('2D SPACE',''
  ) );
#10371 = ORIENTED_EDGE('',*,*,#10372,.T.);
#10372 = EDGE_CURVE('',#10348,#8769,#10373,.T.);
#10373 = SURFACE_CURVE('',#10374,(#10378,#10385),.PCURVE_S1.);
#10374 = LINE('',#10375,#10376);
#10375 = CARTESIAN_POINT('',(291.,80.,57.));
#10376 = VECTOR('',#10377,1.);
#10377 = DIRECTION('',(0.,-1.,0.));
#10378 = PCURVE('',#7011,#10379);
#10379 = DEFINITIONAL_REPRESENTATION('',(#10380),#10384);
#10380 = LINE('',#10381,#10382);
#10381 = CARTESIAN_POINT('',(-3.,0.));
#10382 = VECTOR('',#10383,1.);
#10383 = DIRECTION('',(0.,-1.));
#10384 = ( GEOMETRIC_REPRESENTATION_CONTEXT(2) 
PARAMETRIC_REPRESENTATION_CONTEXT() REPRESENTATION_CONTEXT('2D SPACE',''
  ) );
#10385 = PCURVE('',#7918,#10386);
#10386 = DEFINITIONAL_REPRESENTATION('',(#10387),#10391);
#10387 = LINE('',#10388,#10389);
#10388 = CARTESIAN_POINT('',(-4.242640687119,80.));
#10389 = VECTOR('',#10390,1.);
#10390 = DIRECTION('',(0.,-1.));
#10391 = ( GEOMETRIC_REPRESENTATION_CONTEXT(2) 
PARAMETRIC_REPRESENTATION_CONTEXT() REPRESENTATION_CONTEXT('2D SPACE',''
  ) );
#10392 = ORIENTED_EDGE('',*,*,#8768,.T.);
#10393 = ORIENTED_EDGE('',*,*,#10394,.T.);
#10394 = EDGE_CURVE('',#8771,#10350,#10395,.T.);
#10395 = SURFACE_CURVE('',#10396,(#10400,#10407),.PCURVE_S1.);
#10396 = LINE('',#10397,#10398);
#10397 = CARTESIAN_POINT('',(291.,80.,3.));
#10398 = VECTOR('',#10399,1.);
#10399 = DIRECTION('',(0.,1.,0.));
#10400 = PCURVE('',#7011,#10401);
#10401 = DEFINITIONAL_REPRESENTATION('',(#10402),#10406);
#10402 = LINE('',#10403,#10404);
#10403 = CARTESIAN_POINT('',(-57.,0.));
#10404 = VECTOR('',#10405,1.);
#10405 = DIRECTION('',(0.,1.));
#10406 = ( GEOMETRIC_REPRESENTATION_CONTEXT(2) 
PARAMETRIC_REPRESENTATION_CONTEXT() REPRESENTATION_CONTEXT('2D SPACE',''
  ) );
#10407 = PCURVE('',#8875,#10408);
#10408 = DEFINITIONAL_REPRESENTATION('',(#10409),#10413);
#10409 = LINE('',#10410,#10411);
#10410 = CARTESIAN_POINT('',(0.,0.));
#10411 = VECTOR('',#10412,1.);
#10412 = DIRECTION('',(0.,1.));
#10413 = ( GEOMETRIC_REPRESENTATION_CONTEXT(2) 
PARAMETRIC_REPRESENTATION_CONTEXT() REPRESENTATION_CONTEXT('2D SPACE',''
  ) );
#10414 = ADVANCED_FACE('',(#10415,#10440,#10536,#10561,#10657,#10682,
    #10778,#10803,#10899,#10924,#10949,#10974,#10999,#11024,#11049,
    #11074,#11099),#646,.F.);
#10415 = FACE_BOUND('',#10416,.T.);
#10416 = EDGE_LOOP('',(#10417,#10439));
#10417 = ORIENTED_EDGE('',*,*,#10418,.T.);
#10418 = EDGE_CURVE('',#541,#609,#10419,.T.);
#10419 = SURFACE_CURVE('',#10420,(#10425,#10432),.PCURVE_S1.);
#10420 = CIRCLE('',#10421,2.);
#10421 = AXIS2_PLACEMENT_3D('',#10422,#10423,#10424);
#10422 = CARTESIAN_POINT('',(159.,80.,40.));
#10423 = DIRECTION('',(0.,-1.,-0.));
#10424 = DIRECTION('',(0.,0.,-1.));
#10425 = PCURVE('',#646,#10426);
#10426 = DEFINITIONAL_REPRESENTATION('',(#10427),#10431);
#10427 = CIRCLE('',#10428,2.);
#10428 = AXIS2_PLACEMENT_2D('',#10429,#10430);
#10429 = CARTESIAN_POINT('',(20.,159.));
#10430 = DIRECTION('',(1.,0.));
#10431 = ( GEOMETRIC_REPRESENTATION_CONTEXT(2) 
PARAMETRIC_REPRESENTATION_CONTEXT() REPRESENTATION_CONTEXT('2D SPACE',''
  ) );
#10432 = PCURVE('',#563,#10433);
#10433 = DEFINITIONAL_REPRESENTATION('',(#10434),#10438);
#10434 = LINE('',#10435,#10436);
#10435 = CARTESIAN_POINT('',(0.,-12.));
#10436 = VECTOR('',#10437,1.);
#10437 = DIRECTION('',(1.,0.));
#10438 = ( GEOMETRIC_REPRESENTATION_CONTEXT(2) 
PARAMETRIC_REPRESENTATION_CONTEXT() REPRESENTATION_CONTEXT('2D SPACE',''
  ) );
#10439 = ORIENTED_EDGE('',*,*,#631,.T.);
#10440 = FACE_BOUND('',#10441,.T.);
#10441 = EDGE_LOOP('',(#10442,#10468,#10491,#10515));
#10442 = ORIENTED_EDGE('',*,*,#10443,.T.);
#10443 = EDGE_CURVE('',#10444,#10446,#10448,.T.);
#10444 = VERTEX_POINT('',#10445);
#10445 = CARTESIAN_POINT('',(161.,80.,21.5));
#10446 = VERTEX_POINT('',#10447);
#10447 = CARTESIAN_POINT('',(157.,80.,21.5));
#10448 = SURFACE_CURVE('',#10449,(#10454,#10461),.PCURVE_S1.);
#10449 = CIRCLE('',#10450,2.);
#10450 = AXIS2_PLACEMENT_3D('',#10451,#10452,#10453);
#10451 = CARTESIAN_POINT('',(159.,80.,21.5));
#10452 = DIRECTION('',(9.948234987681E-17,-1.,0.));
#10453 = DIRECTION('',(1.,9.948234987681E-17,0.));
#10454 = PCURVE('',#646,#10455);
#10455 = DEFINITIONAL_REPRESENTATION('',(#10456),#10460);
#10456 = CIRCLE('',#10457,2.);
#10457 = AXIS2_PLACEMENT_2D('',#10458,#10459);
#10458 = CARTESIAN_POINT('',(38.5,159.));
#10459 = DIRECTION('',(0.,1.));
#10460 = ( GEOMETRIC_REPRESENTATION_CONTEXT(2) 
PARAMETRIC_REPRESENTATION_CONTEXT() REPRESENTATION_CONTEXT('2D SPACE',''
  ) );
#10461 = PCURVE('',#8266,#10462);
#10462 = DEFINITIONAL_REPRESENTATION('',(#10463),#10467);
#10463 = LINE('',#10464,#10465);
#10464 = CARTESIAN_POINT('',(0.,0.));
#10465 = VECTOR('',#10466,1.);
#10466 = DIRECTION('',(1.,0.));
#10467 = ( GEOMETRIC_REPRESENTATION_CONTEXT(2) 
PARAMETRIC_REPRESENTATION_CONTEXT() REPRESENTATION_CONTEXT('2D SPACE',''
  ) );
#10468 = ORIENTED_EDGE('',*,*,#10469,.T.);
#10469 = EDGE_CURVE('',#10446,#10470,#10472,.T.);
#10470 = VERTEX_POINT('',#10471);
#10471 = CARTESIAN_POINT('',(157.,80.,18.5));
#10472 = SURFACE_CURVE('',#10473,(#10477,#10484),.PCURVE_S1.);
#10473 = LINE('',#10474,#10475);
#10474 = CARTESIAN_POINT('',(157.,80.,18.5));
#10475 = VECTOR('',#10476,1.);
#10476 = DIRECTION('',(-0.,-0.,-1.));
#10477 = PCURVE('',#646,#10478);
#10478 = DEFINITIONAL_REPRESENTATION('',(#10479),#10483);
#10479 = LINE('',#10480,#10481);
#10480 = CARTESIAN_POINT('',(41.5,157.));
#10481 = VECTOR('',#10482,1.);
#10482 = DIRECTION('',(1.,0.));
#10483 = ( GEOMETRIC_REPRESENTATION_CONTEXT(2) 
PARAMETRIC_REPRESENTATION_CONTEXT() REPRESENTATION_CONTEXT('2D SPACE',''
  ) );
#10484 = PCURVE('',#8235,#10485);
#10485 = DEFINITIONAL_REPRESENTATION('',(#10486),#10490);
#10486 = LINE('',#10487,#10488);
#10487 = CARTESIAN_POINT('',(0.,0.));
#10488 = VECTOR('',#10489,1.);
#10489 = DIRECTION('',(0.,-1.));
#10490 = ( GEOMETRIC_REPRESENTATION_CONTEXT(2) 
PARAMETRIC_REPRESENTATION_CONTEXT() REPRESENTATION_CONTEXT('2D SPACE',''
  ) );
#10491 = ORIENTED_EDGE('',*,*,#10492,.T.);
#10492 = EDGE_CURVE('',#10470,#10493,#10495,.T.);
#10493 = VERTEX_POINT('',#10494);
#10494 = CARTESIAN_POINT('',(161.,80.,18.5));
#10495 = SURFACE_CURVE('',#10496,(#10501,#10508),.PCURVE_S1.);
#10496 = CIRCLE('',#10497,2.);
#10497 = AXIS2_PLACEMENT_3D('',#10498,#10499,#10500);
#10498 = CARTESIAN_POINT('',(159.,80.,18.5));
#10499 = DIRECTION('',(9.948234987681E-17,-1.,0.));
#10500 = DIRECTION('',(1.,9.948234987681E-17,0.));
#10501 = PCURVE('',#646,#10502);
#10502 = DEFINITIONAL_REPRESENTATION('',(#10503),#10507);
#10503 = CIRCLE('',#10504,2.);
#10504 = AXIS2_PLACEMENT_2D('',#10505,#10506);
#10505 = CARTESIAN_POINT('',(41.5,159.));
#10506 = DIRECTION('',(0.,1.));
#10507 = ( GEOMETRIC_REPRESENTATION_CONTEXT(2) 
PARAMETRIC_REPRESENTATION_CONTEXT() REPRESENTATION_CONTEXT('2D SPACE',''
  ) );
#10508 = PCURVE('',#8207,#10509);
#10509 = DEFINITIONAL_REPRESENTATION('',(#10510),#10514);
#10510 = LINE('',#10511,#10512);
#10511 = CARTESIAN_POINT('',(0.,0.));
#10512 = VECTOR('',#10513,1.);
#10513 = DIRECTION('',(1.,0.));
#10514 = ( GEOMETRIC_REPRESENTATION_CONTEXT(2) 
PARAMETRIC_REPRESENTATION_CONTEXT() REPRESENTATION_CONTEXT('2D SPACE',''
  ) );
#10515 = ORIENTED_EDGE('',*,*,#10516,.T.);
#10516 = EDGE_CURVE('',#10493,#10444,#10517,.T.);
#10517 = SURFACE_CURVE('',#10518,(#10522,#10529),.PCURVE_S1.);
#10518 = LINE('',#10519,#10520);
#10519 = CARTESIAN_POINT('',(161.,80.,18.5));
#10520 = VECTOR('',#10521,1.);
#10521 = DIRECTION('',(0.,0.,1.));
#10522 = PCURVE('',#646,#10523);
#10523 = DEFINITIONAL_REPRESENTATION('',(#10524),#10528);
#10524 = LINE('',#10525,#10526);
#10525 = CARTESIAN_POINT('',(41.5,161.));
#10526 = VECTOR('',#10527,1.);
#10527 = DIRECTION('',(-1.,0.));
#10528 = ( GEOMETRIC_REPRESENTATION_CONTEXT(2) 
PARAMETRIC_REPRESENTATION_CONTEXT() REPRESENTATION_CONTEXT('2D SPACE',''
  ) );
#10529 = PCURVE('',#8174,#10530);
#10530 = DEFINITIONAL_REPRESENTATION('',(#10531),#10535);
#10531 = LINE('',#10532,#10533);
#10532 = CARTESIAN_POINT('',(0.,0.));
#10533 = VECTOR('',#10534,1.);
#10534 = DIRECTION('',(0.,1.));
#10535 = ( GEOMETRIC_REPRESENTATION_CONTEXT(2) 
PARAMETRIC_REPRESENTATION_CONTEXT() REPRESENTATION_CONTEXT('2D SPACE',''
  ) );
#10536 = FACE_BOUND('',#10537,.T.);
#10537 = EDGE_LOOP('',(#10538,#10560));
#10538 = ORIENTED_EDGE('',*,*,#10539,.T.);
#10539 = EDGE_CURVE('',#662,#725,#10540,.T.);
#10540 = SURFACE_CURVE('',#10541,(#10546,#10553),.PCURVE_S1.);
#10541 = CIRCLE('',#10542,2.);
#10542 = AXIS2_PLACEMENT_3D('',#10543,#10544,#10545);
#10543 = CARTESIAN_POINT('',(232.,80.,40.));
#10544 = DIRECTION('',(0.,-1.,-0.));
#10545 = DIRECTION('',(0.,0.,-1.));
#10546 = PCURVE('',#646,#10547);
#10547 = DEFINITIONAL_REPRESENTATION('',(#10548),#10552);
#10548 = CIRCLE('',#10549,2.);
#10549 = AXIS2_PLACEMENT_2D('',#10550,#10551);
#10550 = CARTESIAN_POINT('',(20.,232.));
#10551 = DIRECTION('',(1.,0.));
#10552 = ( GEOMETRIC_REPRESENTATION_CONTEXT(2) 
PARAMETRIC_REPRESENTATION_CONTEXT() REPRESENTATION_CONTEXT('2D SPACE',''
  ) );
#10553 = PCURVE('',#684,#10554);
#10554 = DEFINITIONAL_REPRESENTATION('',(#10555),#10559);
#10555 = LINE('',#10556,#10557);
#10556 = CARTESIAN_POINT('',(0.,-12.));
#10557 = VECTOR('',#10558,1.);
#10558 = DIRECTION('',(1.,0.));
#10559 = ( GEOMETRIC_REPRESENTATION_CONTEXT(2) 
PARAMETRIC_REPRESENTATION_CONTEXT() REPRESENTATION_CONTEXT('2D SPACE',''
  ) );
#10560 = ORIENTED_EDGE('',*,*,#747,.T.);
#10561 = FACE_BOUND('',#10562,.T.);
#10562 = EDGE_LOOP('',(#10563,#10589,#10612,#10636));
#10563 = ORIENTED_EDGE('',*,*,#10564,.T.);
#10564 = EDGE_CURVE('',#10565,#10567,#10569,.T.);
#10565 = VERTEX_POINT('',#10566);
#10566 = CARTESIAN_POINT('',(234.,80.,21.5));
#10567 = VERTEX_POINT('',#10568);
#10568 = CARTESIAN_POINT('',(230.,80.,21.5));
#10569 = SURFACE_CURVE('',#10570,(#10575,#10582),.PCURVE_S1.);
#10570 = CIRCLE('',#10571,2.);
#10571 = AXIS2_PLACEMENT_3D('',#10572,#10573,#10574);
#10572 = CARTESIAN_POINT('',(232.,80.,21.5));
#10573 = DIRECTION('',(9.948234987681E-17,-1.,0.));
#10574 = DIRECTION('',(1.,9.948234987681E-17,0.));
#10575 = PCURVE('',#646,#10576);
#10576 = DEFINITIONAL_REPRESENTATION('',(#10577),#10581);
#10577 = CIRCLE('',#10578,2.);
#10578 = AXIS2_PLACEMENT_2D('',#10579,#10580);
#10579 = CARTESIAN_POINT('',(38.5,232.));
#10580 = DIRECTION('',(0.,1.));
#10581 = ( GEOMETRIC_REPRESENTATION_CONTEXT(2) 
PARAMETRIC_REPRESENTATION_CONTEXT() REPRESENTATION_CONTEXT('2D SPACE',''
  ) );
#10582 = PCURVE('',#8390,#10583);
#10583 = DEFINITIONAL_REPRESENTATION('',(#10584),#10588);
#10584 = LINE('',#10585,#10586);
#10585 = CARTESIAN_POINT('',(0.,0.));
#10586 = VECTOR('',#10587,1.);
#10587 = DIRECTION('',(1.,0.));
#10588 = ( GEOMETRIC_REPRESENTATION_CONTEXT(2) 
PARAMETRIC_REPRESENTATION_CONTEXT() REPRESENTATION_CONTEXT('2D SPACE',''
  ) );
#10589 = ORIENTED_EDGE('',*,*,#10590,.T.);
#10590 = EDGE_CURVE('',#10567,#10591,#10593,.T.);
#10591 = VERTEX_POINT('',#10592);
#10592 = CARTESIAN_POINT('',(230.,80.,18.5));
#10593 = SURFACE_CURVE('',#10594,(#10598,#10605),.PCURVE_S1.);
#10594 = LINE('',#10595,#10596);
#10595 = CARTESIAN_POINT('',(230.,80.,18.5));
#10596 = VECTOR('',#10597,1.);
#10597 = DIRECTION('',(-0.,-0.,-1.));
#10598 = PCURVE('',#646,#10599);
#10599 = DEFINITIONAL_REPRESENTATION('',(#10600),#10604);
#10600 = LINE('',#10601,#10602);
#10601 = CARTESIAN_POINT('',(41.5,230.));
#10602 = VECTOR('',#10603,1.);
#10603 = DIRECTION('',(1.,0.));
#10604 = ( GEOMETRIC_REPRESENTATION_CONTEXT(2) 
PARAMETRIC_REPRESENTATION_CONTEXT() REPRESENTATION_CONTEXT('2D SPACE',''
  ) );
#10605 = PCURVE('',#8359,#10606);
#10606 = DEFINITIONAL_REPRESENTATION('',(#10607),#10611);
#10607 = LINE('',#10608,#10609);
#10608 = CARTESIAN_POINT('',(0.,0.));
#10609 = VECTOR('',#10610,1.);
#10610 = DIRECTION('',(0.,-1.));
#10611 = ( GEOMETRIC_REPRESENTATION_CONTEXT(2) 
PARAMETRIC_REPRESENTATION_CONTEXT() REPRESENTATION_CONTEXT('2D SPACE',''
  ) );
#10612 = ORIENTED_EDGE('',*,*,#10613,.T.);
#10613 = EDGE_CURVE('',#10591,#10614,#10616,.T.);
#10614 = VERTEX_POINT('',#10615);
#10615 = CARTESIAN_POINT('',(234.,80.,18.5));
#10616 = SURFACE_CURVE('',#10617,(#10622,#10629),.PCURVE_S1.);
#10617 = CIRCLE('',#10618,2.);
#10618 = AXIS2_PLACEMENT_3D('',#10619,#10620,#10621);
#10619 = CARTESIAN_POINT('',(232.,80.,18.5));
#10620 = DIRECTION('',(9.948234987681E-17,-1.,0.));
#10621 = DIRECTION('',(1.,9.948234987681E-17,0.));
#10622 = PCURVE('',#646,#10623);
#10623 = DEFINITIONAL_REPRESENTATION('',(#10624),#10628);
#10624 = CIRCLE('',#10625,2.);
#10625 = AXIS2_PLACEMENT_2D('',#10626,#10627);
#10626 = CARTESIAN_POINT('',(41.5,232.));
#10627 = DIRECTION('',(0.,1.));
#10628 = ( GEOMETRIC_REPRESENTATION_CONTEXT(2) 
PARAMETRIC_REPRESENTATION_CONTEXT() REPRESENTATION_CONTEXT('2D SPACE',''
  ) );
#10629 = PCURVE('',#8331,#10630);
#10630 = DEFINITIONAL_REPRESENTATION('',(#10631),#10635);
#10631 = LINE('',#10632,#10633);
#10632 = CARTESIAN_POINT('',(0.,0.));
#10633 = VECTOR('',#10634,1.);
#10634 = DIRECTION('',(1.,0.));
#10635 = ( GEOMETRIC_REPRESENTATION_CONTEXT(2) 
PARAMETRIC_REPRESENTATION_CONTEXT() REPRESENTATION_CONTEXT('2D SPACE',''
  ) );
#10636 = ORIENTED_EDGE('',*,*,#10637,.T.);
#10637 = EDGE_CURVE('',#10614,#10565,#10638,.T.);
#10638 = SURFACE_CURVE('',#10639,(#10643,#10650),.PCURVE_S1.);
#10639 = LINE('',#10640,#10641);
#10640 = CARTESIAN_POINT('',(234.,80.,18.5));
#10641 = VECTOR('',#10642,1.);
#10642 = DIRECTION('',(0.,0.,1.));
#10643 = PCURVE('',#646,#10644);
#10644 = DEFINITIONAL_REPRESENTATION('',(#10645),#10649);
#10645 = LINE('',#10646,#10647);
#10646 = CARTESIAN_POINT('',(41.5,234.));
#10647 = VECTOR('',#10648,1.);
#10648 = DIRECTION('',(-1.,0.));
#10649 = ( GEOMETRIC_REPRESENTATION_CONTEXT(2) 
PARAMETRIC_REPRESENTATION_CONTEXT() REPRESENTATION_CONTEXT('2D SPACE',''
  ) );
#10650 = PCURVE('',#8298,#10651);
#10651 = DEFINITIONAL_REPRESENTATION('',(#10652),#10656);
#10652 = LINE('',#10653,#10654);
#10653 = CARTESIAN_POINT('',(0.,0.));
#10654 = VECTOR('',#10655,1.);
#10655 = DIRECTION('',(0.,1.));
#10656 = ( GEOMETRIC_REPRESENTATION_CONTEXT(2) 
PARAMETRIC_REPRESENTATION_CONTEXT() REPRESENTATION_CONTEXT('2D SPACE',''
  ) );
#10657 = FACE_BOUND('',#10658,.T.);
#10658 = EDGE_LOOP('',(#10659,#10681));
#10659 = ORIENTED_EDGE('',*,*,#10660,.T.);
#10660 = EDGE_CURVE('',#773,#836,#10661,.T.);
#10661 = SURFACE_CURVE('',#10662,(#10667,#10674),.PCURVE_S1.);
#10662 = CIRCLE('',#10663,2.);
#10663 = AXIS2_PLACEMENT_3D('',#10664,#10665,#10666);
#10664 = CARTESIAN_POINT('',(145.,80.,40.));
#10665 = DIRECTION('',(0.,-1.,-0.));
#10666 = DIRECTION('',(0.,0.,-1.));
#10667 = PCURVE('',#646,#10668);
#10668 = DEFINITIONAL_REPRESENTATION('',(#10669),#10673);
#10669 = CIRCLE('',#10670,2.);
#10670 = AXIS2_PLACEMENT_2D('',#10671,#10672);
#10671 = CARTESIAN_POINT('',(20.,145.));
#10672 = DIRECTION('',(1.,0.));
#10673 = ( GEOMETRIC_REPRESENTATION_CONTEXT(2) 
PARAMETRIC_REPRESENTATION_CONTEXT() REPRESENTATION_CONTEXT('2D SPACE',''
  ) );
#10674 = PCURVE('',#795,#10675);
#10675 = DEFINITIONAL_REPRESENTATION('',(#10676),#10680);
#10676 = LINE('',#10677,#10678);
#10677 = CARTESIAN_POINT('',(0.,-12.));
#10678 = VECTOR('',#10679,1.);
#10679 = DIRECTION('',(1.,0.));
#10680 = ( GEOMETRIC_REPRESENTATION_CONTEXT(2) 
PARAMETRIC_REPRESENTATION_CONTEXT() REPRESENTATION_CONTEXT('2D SPACE',''
  ) );
#10681 = ORIENTED_EDGE('',*,*,#858,.T.);
#10682 = FACE_BOUND('',#10683,.T.);
#10683 = EDGE_LOOP('',(#10684,#10710,#10733,#10757));
#10684 = ORIENTED_EDGE('',*,*,#10685,.T.);
#10685 = EDGE_CURVE('',#10686,#10688,#10690,.T.);
#10686 = VERTEX_POINT('',#10687);
#10687 = CARTESIAN_POINT('',(147.,80.,21.5));
#10688 = VERTEX_POINT('',#10689);
#10689 = CARTESIAN_POINT('',(143.,80.,21.5));
#10690 = SURFACE_CURVE('',#10691,(#10696,#10703),.PCURVE_S1.);
#10691 = CIRCLE('',#10692,2.);
#10692 = AXIS2_PLACEMENT_3D('',#10693,#10694,#10695);
#10693 = CARTESIAN_POINT('',(145.,80.,21.5));
#10694 = DIRECTION('',(9.948234987681E-17,-1.,0.));
#10695 = DIRECTION('',(1.,9.948234987681E-17,0.));
#10696 = PCURVE('',#646,#10697);
#10697 = DEFINITIONAL_REPRESENTATION('',(#10698),#10702);
#10698 = CIRCLE('',#10699,2.);
#10699 = AXIS2_PLACEMENT_2D('',#10700,#10701);
#10700 = CARTESIAN_POINT('',(38.5,145.));
#10701 = DIRECTION('',(0.,1.));
#10702 = ( GEOMETRIC_REPRESENTATION_CONTEXT(2) 
PARAMETRIC_REPRESENTATION_CONTEXT() REPRESENTATION_CONTEXT('2D SPACE',''
  ) );
#10703 = PCURVE('',#8514,#10704);
#10704 = DEFINITIONAL_REPRESENTATION('',(#10705),#10709);
#10705 = LINE('',#10706,#10707);
#10706 = CARTESIAN_POINT('',(0.,0.));
#10707 = VECTOR('',#10708,1.);
#10708 = DIRECTION('',(1.,0.));
#10709 = ( GEOMETRIC_REPRESENTATION_CONTEXT(2) 
PARAMETRIC_REPRESENTATION_CONTEXT() REPRESENTATION_CONTEXT('2D SPACE',''
  ) );
#10710 = ORIENTED_EDGE('',*,*,#10711,.T.);
#10711 = EDGE_CURVE('',#10688,#10712,#10714,.T.);
#10712 = VERTEX_POINT('',#10713);
#10713 = CARTESIAN_POINT('',(143.,80.,18.5));
#10714 = SURFACE_CURVE('',#10715,(#10719,#10726),.PCURVE_S1.);
#10715 = LINE('',#10716,#10717);
#10716 = CARTESIAN_POINT('',(143.,80.,18.5));
#10717 = VECTOR('',#10718,1.);
#10718 = DIRECTION('',(-0.,-0.,-1.));
#10719 = PCURVE('',#646,#10720);
#10720 = DEFINITIONAL_REPRESENTATION('',(#10721),#10725);
#10721 = LINE('',#10722,#10723);
#10722 = CARTESIAN_POINT('',(41.5,143.));
#10723 = VECTOR('',#10724,1.);
#10724 = DIRECTION('',(1.,0.));
#10725 = ( GEOMETRIC_REPRESENTATION_CONTEXT(2) 
PARAMETRIC_REPRESENTATION_CONTEXT() REPRESENTATION_CONTEXT('2D SPACE',''
  ) );
#10726 = PCURVE('',#8483,#10727);
#10727 = DEFINITIONAL_REPRESENTATION('',(#10728),#10732);
#10728 = LINE('',#10729,#10730);
#10729 = CARTESIAN_POINT('',(0.,0.));
#10730 = VECTOR('',#10731,1.);
#10731 = DIRECTION('',(0.,-1.));
#10732 = ( GEOMETRIC_REPRESENTATION_CONTEXT(2) 
PARAMETRIC_REPRESENTATION_CONTEXT() REPRESENTATION_CONTEXT('2D SPACE',''
  ) );
#10733 = ORIENTED_EDGE('',*,*,#10734,.T.);
#10734 = EDGE_CURVE('',#10712,#10735,#10737,.T.);
#10735 = VERTEX_POINT('',#10736);
#10736 = CARTESIAN_POINT('',(147.,80.,18.5));
#10737 = SURFACE_CURVE('',#10738,(#10743,#10750),.PCURVE_S1.);
#10738 = CIRCLE('',#10739,2.);
#10739 = AXIS2_PLACEMENT_3D('',#10740,#10741,#10742);
#10740 = CARTESIAN_POINT('',(145.,80.,18.5));
#10741 = DIRECTION('',(9.948234987681E-17,-1.,0.));
#10742 = DIRECTION('',(1.,9.948234987681E-17,0.));
#10743 = PCURVE('',#646,#10744);
#10744 = DEFINITIONAL_REPRESENTATION('',(#10745),#10749);
#10745 = CIRCLE('',#10746,2.);
#10746 = AXIS2_PLACEMENT_2D('',#10747,#10748);
#10747 = CARTESIAN_POINT('',(41.5,145.));
#10748 = DIRECTION('',(0.,1.));
#10749 = ( GEOMETRIC_REPRESENTATION_CONTEXT(2) 
PARAMETRIC_REPRESENTATION_CONTEXT() REPRESENTATION_CONTEXT('2D SPACE',''
  ) );
#10750 = PCURVE('',#8455,#10751);
#10751 = DEFINITIONAL_REPRESENTATION('',(#10752),#10756);
#10752 = LINE('',#10753,#10754);
#10753 = CARTESIAN_POINT('',(0.,0.));
#10754 = VECTOR('',#10755,1.);
#10755 = DIRECTION('',(1.,0.));
#10756 = ( GEOMETRIC_REPRESENTATION_CONTEXT(2) 
PARAMETRIC_REPRESENTATION_CONTEXT() REPRESENTATION_CONTEXT('2D SPACE',''
  ) );
#10757 = ORIENTED_EDGE('',*,*,#10758,.T.);
#10758 = EDGE_CURVE('',#10735,#10686,#10759,.T.);
#10759 = SURFACE_CURVE('',#10760,(#10764,#10771),.PCURVE_S1.);
#10760 = LINE('',#10761,#10762);
#10761 = CARTESIAN_POINT('',(147.,80.,18.5));
#10762 = VECTOR('',#10763,1.);
#10763 = DIRECTION('',(0.,0.,1.));
#10764 = PCURVE('',#646,#10765);
#10765 = DEFINITIONAL_REPRESENTATION('',(#10766),#10770);
#10766 = LINE('',#10767,#10768);
#10767 = CARTESIAN_POINT('',(41.5,147.));
#10768 = VECTOR('',#10769,1.);
#10769 = DIRECTION('',(-1.,0.));
#10770 = ( GEOMETRIC_REPRESENTATION_CONTEXT(2) 
PARAMETRIC_REPRESENTATION_CONTEXT() REPRESENTATION_CONTEXT('2D SPACE',''
  ) );
#10771 = PCURVE('',#8422,#10772);
#10772 = DEFINITIONAL_REPRESENTATION('',(#10773),#10777);
#10773 = LINE('',#10774,#10775);
#10774 = CARTESIAN_POINT('',(0.,0.));
#10775 = VECTOR('',#10776,1.);
#10776 = DIRECTION('',(0.,1.));
#10777 = ( GEOMETRIC_REPRESENTATION_CONTEXT(2) 
PARAMETRIC_REPRESENTATION_CONTEXT() REPRESENTATION_CONTEXT('2D SPACE',''
  ) );
#10778 = FACE_BOUND('',#10779,.T.);
#10779 = EDGE_LOOP('',(#10780,#10802));
#10780 = ORIENTED_EDGE('',*,*,#10781,.T.);
#10781 = EDGE_CURVE('',#884,#947,#10782,.T.);
#10782 = SURFACE_CURVE('',#10783,(#10788,#10795),.PCURVE_S1.);
#10783 = CIRCLE('',#10784,2.);
#10784 = AXIS2_PLACEMENT_3D('',#10785,#10786,#10787);
#10785 = CARTESIAN_POINT('',(105.,80.,40.));
#10786 = DIRECTION('',(0.,-1.,-0.));
#10787 = DIRECTION('',(0.,0.,-1.));
#10788 = PCURVE('',#646,#10789);
#10789 = DEFINITIONAL_REPRESENTATION('',(#10790),#10794);
#10790 = CIRCLE('',#10791,2.);
#10791 = AXIS2_PLACEMENT_2D('',#10792,#10793);
#10792 = CARTESIAN_POINT('',(20.,105.));
#10793 = DIRECTION('',(1.,0.));
#10794 = ( GEOMETRIC_REPRESENTATION_CONTEXT(2) 
PARAMETRIC_REPRESENTATION_CONTEXT() REPRESENTATION_CONTEXT('2D SPACE',''
  ) );
#10795 = PCURVE('',#906,#10796);
#10796 = DEFINITIONAL_REPRESENTATION('',(#10797),#10801);
#10797 = LINE('',#10798,#10799);
#10798 = CARTESIAN_POINT('',(0.,-12.));
#10799 = VECTOR('',#10800,1.);
#10800 = DIRECTION('',(1.,0.));
#10801 = ( GEOMETRIC_REPRESENTATION_CONTEXT(2) 
PARAMETRIC_REPRESENTATION_CONTEXT() REPRESENTATION_CONTEXT('2D SPACE',''
  ) );
#10802 = ORIENTED_EDGE('',*,*,#969,.T.);
#10803 = FACE_BOUND('',#10804,.T.);
#10804 = EDGE_LOOP('',(#10805,#10831,#10854,#10878));
#10805 = ORIENTED_EDGE('',*,*,#10806,.T.);
#10806 = EDGE_CURVE('',#10807,#10809,#10811,.T.);
#10807 = VERTEX_POINT('',#10808);
#10808 = CARTESIAN_POINT('',(107.,80.,21.5));
#10809 = VERTEX_POINT('',#10810);
#10810 = CARTESIAN_POINT('',(103.,80.,21.5));
#10811 = SURFACE_CURVE('',#10812,(#10817,#10824),.PCURVE_S1.);
#10812 = CIRCLE('',#10813,2.);
#10813 = AXIS2_PLACEMENT_3D('',#10814,#10815,#10816);
#10814 = CARTESIAN_POINT('',(105.,80.,21.5));
#10815 = DIRECTION('',(9.948234987681E-17,-1.,0.));
#10816 = DIRECTION('',(1.,9.948234987681E-17,0.));
#10817 = PCURVE('',#646,#10818);
#10818 = DEFINITIONAL_REPRESENTATION('',(#10819),#10823);
#10819 = CIRCLE('',#10820,2.);
#10820 = AXIS2_PLACEMENT_2D('',#10821,#10822);
#10821 = CARTESIAN_POINT('',(38.5,105.));
#10822 = DIRECTION('',(0.,1.));
#10823 = ( GEOMETRIC_REPRESENTATION_CONTEXT(2) 
PARAMETRIC_REPRESENTATION_CONTEXT() REPRESENTATION_CONTEXT('2D SPACE',''
  ) );
#10824 = PCURVE('',#8667,#10825);
#10825 = DEFINITIONAL_REPRESENTATION('',(#10826),#10830);
#10826 = LINE('',#10827,#10828);
#10827 = CARTESIAN_POINT('',(0.,0.));
#10828 = VECTOR('',#10829,1.);
#10829 = DIRECTION('',(1.,0.));
#10830 = ( GEOMETRIC_REPRESENTATION_CONTEXT(2) 
PARAMETRIC_REPRESENTATION_CONTEXT() REPRESENTATION_CONTEXT('2D SPACE',''
  ) );
#10831 = ORIENTED_EDGE('',*,*,#10832,.T.);
#10832 = EDGE_CURVE('',#10809,#10833,#10835,.T.);
#10833 = VERTEX_POINT('',#10834);
#10834 = CARTESIAN_POINT('',(103.,80.,18.5));
#10835 = SURFACE_CURVE('',#10836,(#10840,#10847),.PCURVE_S1.);
#10836 = LINE('',#10837,#10838);
#10837 = CARTESIAN_POINT('',(103.,80.,18.5));
#10838 = VECTOR('',#10839,1.);
#10839 = DIRECTION('',(-0.,-0.,-1.));
#10840 = PCURVE('',#646,#10841);
#10841 = DEFINITIONAL_REPRESENTATION('',(#10842),#10846);
#10842 = LINE('',#10843,#10844);
#10843 = CARTESIAN_POINT('',(41.5,103.));
#10844 = VECTOR('',#10845,1.);
#10845 = DIRECTION('',(1.,0.));
#10846 = ( GEOMETRIC_REPRESENTATION_CONTEXT(2) 
PARAMETRIC_REPRESENTATION_CONTEXT() REPRESENTATION_CONTEXT('2D SPACE',''
  ) );
#10847 = PCURVE('',#8636,#10848);
#10848 = DEFINITIONAL_REPRESENTATION('',(#10849),#10853);
#10849 = LINE('',#10850,#10851);
#10850 = CARTESIAN_POINT('',(0.,0.));
#10851 = VECTOR('',#10852,1.);
#10852 = DIRECTION('',(0.,-1.));
#10853 = ( GEOMETRIC_REPRESENTATION_CONTEXT(2) 
PARAMETRIC_REPRESENTATION_CONTEXT() REPRESENTATION_CONTEXT('2D SPACE',''
  ) );
#10854 = ORIENTED_EDGE('',*,*,#10855,.T.);
#10855 = EDGE_CURVE('',#10833,#10856,#10858,.T.);
#10856 = VERTEX_POINT('',#10857);
#10857 = CARTESIAN_POINT('',(107.,80.,18.5));
#10858 = SURFACE_CURVE('',#10859,(#10864,#10871),.PCURVE_S1.);
#10859 = CIRCLE('',#10860,2.);
#10860 = AXIS2_PLACEMENT_3D('',#10861,#10862,#10863);
#10861 = CARTESIAN_POINT('',(105.,80.,18.5));
#10862 = DIRECTION('',(9.948234987681E-17,-1.,0.));
#10863 = DIRECTION('',(1.,9.948234987681E-17,0.));
#10864 = PCURVE('',#646,#10865);
#10865 = DEFINITIONAL_REPRESENTATION('',(#10866),#10870);
#10866 = CIRCLE('',#10867,2.);
#10867 = AXIS2_PLACEMENT_2D('',#10868,#10869);
#10868 = CARTESIAN_POINT('',(41.5,105.));
#10869 = DIRECTION('',(0.,1.));
#10870 = ( GEOMETRIC_REPRESENTATION_CONTEXT(2) 
PARAMETRIC_REPRESENTATION_CONTEXT() REPRESENTATION_CONTEXT('2D SPACE',''
  ) );
#10871 = PCURVE('',#8608,#10872);
#10872 = DEFINITIONAL_REPRESENTATION('',(#10873),#10877);
#10873 = LINE('',#10874,#10875);
#10874 = CARTESIAN_POINT('',(0.,0.));
#10875 = VECTOR('',#10876,1.);
#10876 = DIRECTION('',(1.,0.));
#10877 = ( GEOMETRIC_REPRESENTATION_CONTEXT(2) 
PARAMETRIC_REPRESENTATION_CONTEXT() REPRESENTATION_CONTEXT('2D SPACE',''
  ) );
#10878 = ORIENTED_EDGE('',*,*,#10879,.T.);
#10879 = EDGE_CURVE('',#10856,#10807,#10880,.T.);
#10880 = SURFACE_CURVE('',#10881,(#10885,#10892),.PCURVE_S1.);
#10881 = LINE('',#10882,#10883);
#10882 = CARTESIAN_POINT('',(107.,80.,18.5));
#10883 = VECTOR('',#10884,1.);
#10884 = DIRECTION('',(0.,0.,1.));
#10885 = PCURVE('',#646,#10886);
#10886 = DEFINITIONAL_REPRESENTATION('',(#10887),#10891);
#10887 = LINE('',#10888,#10889);
#10888 = CARTESIAN_POINT('',(41.5,107.));
#10889 = VECTOR('',#10890,1.);
#10890 = DIRECTION('',(-1.,0.));
#10891 = ( GEOMETRIC_REPRESENTATION_CONTEXT(2) 
PARAMETRIC_REPRESENTATION_CONTEXT() REPRESENTATION_CONTEXT('2D SPACE',''
  ) );
#10892 = PCURVE('',#8575,#10893);
#10893 = DEFINITIONAL_REPRESENTATION('',(#10894),#10898);
#10894 = LINE('',#10895,#10896);
#10895 = CARTESIAN_POINT('',(0.,0.));
#10896 = VECTOR('',#10897,1.);
#10897 = DIRECTION('',(0.,1.));
#10898 = ( GEOMETRIC_REPRESENTATION_CONTEXT(2) 
PARAMETRIC_REPRESENTATION_CONTEXT() REPRESENTATION_CONTEXT('2D SPACE',''
  ) );
#10899 = FACE_BOUND('',#10900,.T.);
#10900 = EDGE_LOOP('',(#10901,#10923));
#10901 = ORIENTED_EDGE('',*,*,#10902,.T.);
#10902 = EDGE_CURVE('',#1115,#1178,#10903,.T.);
#10903 = SURFACE_CURVE('',#10904,(#10909,#10916),.PCURVE_S1.);
#10904 = CIRCLE('',#10905,3.25);
#10905 = AXIS2_PLACEMENT_3D('',#10906,#10907,#10908);
#10906 = CARTESIAN_POINT('',(232.,80.,52.5));
#10907 = DIRECTION('',(0.,-1.,-0.));
#10908 = DIRECTION('',(0.,0.,-1.));
#10909 = PCURVE('',#646,#10910);
#10910 = DEFINITIONAL_REPRESENTATION('',(#10911),#10915);
#10911 = CIRCLE('',#10912,3.25);
#10912 = AXIS2_PLACEMENT_2D('',#10913,#10914);
#10913 = CARTESIAN_POINT('',(7.5,232.));
#10914 = DIRECTION('',(1.,0.));
#10915 = ( GEOMETRIC_REPRESENTATION_CONTEXT(2) 
PARAMETRIC_REPRESENTATION_CONTEXT() REPRESENTATION_CONTEXT('2D SPACE',''
  ) );
#10916 = PCURVE('',#1137,#10917);
#10917 = DEFINITIONAL_REPRESENTATION('',(#10918),#10922);
#10918 = LINE('',#10919,#10920);
#10919 = CARTESIAN_POINT('',(0.,-12.));
#10920 = VECTOR('',#10921,1.);
#10921 = DIRECTION('',(1.,0.));
#10922 = ( GEOMETRIC_REPRESENTATION_CONTEXT(2) 
PARAMETRIC_REPRESENTATION_CONTEXT() REPRESENTATION_CONTEXT('2D SPACE',''
  ) );
#10923 = ORIENTED_EDGE('',*,*,#1200,.T.);
#10924 = FACE_BOUND('',#10925,.T.);
#10925 = EDGE_LOOP('',(#10926,#10948));
#10926 = ORIENTED_EDGE('',*,*,#10927,.T.);
#10927 = EDGE_CURVE('',#1346,#1409,#10928,.T.);
#10928 = SURFACE_CURVE('',#10929,(#10934,#10941),.PCURVE_S1.);
#10929 = CIRCLE('',#10930,3.25);
#10930 = AXIS2_PLACEMENT_3D('',#10931,#10932,#10933);
#10931 = CARTESIAN_POINT('',(232.,80.,7.5));
#10932 = DIRECTION('',(0.,-1.,-0.));
#10933 = DIRECTION('',(0.,0.,-1.));
#10934 = PCURVE('',#646,#10935);
#10935 = DEFINITIONAL_REPRESENTATION('',(#10936),#10940);
#10936 = CIRCLE('',#10937,3.25);
#10937 = AXIS2_PLACEMENT_2D('',#10938,#10939);
#10938 = CARTESIAN_POINT('',(52.5,232.));
#10939 = DIRECTION('',(1.,0.));
#10940 = ( GEOMETRIC_REPRESENTATION_CONTEXT(2) 
PARAMETRIC_REPRESENTATION_CONTEXT() REPRESENTATION_CONTEXT('2D SPACE',''
  ) );
#10941 = PCURVE('',#1368,#10942);
#10942 = DEFINITIONAL_REPRESENTATION('',(#10943),#10947);
#10943 = LINE('',#10944,#10945);
#10944 = CARTESIAN_POINT('',(0.,-12.));
#10945 = VECTOR('',#10946,1.);
#10946 = DIRECTION('',(1.,0.));
#10947 = ( GEOMETRIC_REPRESENTATION_CONTEXT(2) 
PARAMETRIC_REPRESENTATION_CONTEXT() REPRESENTATION_CONTEXT('2D SPACE',''
  ) );
#10948 = ORIENTED_EDGE('',*,*,#1431,.T.);
#10949 = FACE_BOUND('',#10950,.T.);
#10950 = EDGE_LOOP('',(#10951,#10973));
#10951 = ORIENTED_EDGE('',*,*,#10952,.T.);
#10952 = EDGE_CURVE('',#1577,#1640,#10953,.T.);
#10953 = SURFACE_CURVE('',#10954,(#10959,#10966),.PCURVE_S1.);
#10954 = CIRCLE('',#10955,3.25);
#10955 = AXIS2_PLACEMENT_3D('',#10956,#10957,#10958);
#10956 = CARTESIAN_POINT('',(159.,80.,7.5));
#10957 = DIRECTION('',(0.,-1.,-0.));
#10958 = DIRECTION('',(0.,0.,-1.));
#10959 = PCURVE('',#646,#10960);
#10960 = DEFINITIONAL_REPRESENTATION('',(#10961),#10965);
#10961 = CIRCLE('',#10962,3.25);
#10962 = AXIS2_PLACEMENT_2D('',#10963,#10964);
#10963 = CARTESIAN_POINT('',(52.5,159.));
#10964 = DIRECTION('',(1.,0.));
#10965 = ( GEOMETRIC_REPRESENTATION_CONTEXT(2) 
PARAMETRIC_REPRESENTATION_CONTEXT() REPRESENTATION_CONTEXT('2D SPACE',''
  ) );
#10966 = PCURVE('',#1599,#10967);
#10967 = DEFINITIONAL_REPRESENTATION('',(#10968),#10972);
#10968 = LINE('',#10969,#10970);
#10969 = CARTESIAN_POINT('',(0.,-12.));
#10970 = VECTOR('',#10971,1.);
#10971 = DIRECTION('',(1.,0.));
#10972 = ( GEOMETRIC_REPRESENTATION_CONTEXT(2) 
PARAMETRIC_REPRESENTATION_CONTEXT() REPRESENTATION_CONTEXT('2D SPACE',''
  ) );
#10973 = ORIENTED_EDGE('',*,*,#1662,.T.);
#10974 = FACE_BOUND('',#10975,.T.);
#10975 = EDGE_LOOP('',(#10976,#10998));
#10976 = ORIENTED_EDGE('',*,*,#10977,.T.);
#10977 = EDGE_CURVE('',#1808,#1871,#10978,.T.);
#10978 = SURFACE_CURVE('',#10979,(#10984,#10991),.PCURVE_S1.);
#10979 = CIRCLE('',#10980,3.25);
#10980 = AXIS2_PLACEMENT_3D('',#10981,#10982,#10983);
#10981 = CARTESIAN_POINT('',(145.,80.,7.5));
#10982 = DIRECTION('',(0.,-1.,-0.));
#10983 = DIRECTION('',(0.,0.,-1.));
#10984 = PCURVE('',#646,#10985);
#10985 = DEFINITIONAL_REPRESENTATION('',(#10986),#10990);
#10986 = CIRCLE('',#10987,3.25);
#10987 = AXIS2_PLACEMENT_2D('',#10988,#10989);
#10988 = CARTESIAN_POINT('',(52.5,145.));
#10989 = DIRECTION('',(1.,0.));
#10990 = ( GEOMETRIC_REPRESENTATION_CONTEXT(2) 
PARAMETRIC_REPRESENTATION_CONTEXT() REPRESENTATION_CONTEXT('2D SPACE',''
  ) );
#10991 = PCURVE('',#1830,#10992);
#10992 = DEFINITIONAL_REPRESENTATION('',(#10993),#10997);
#10993 = LINE('',#10994,#10995);
#10994 = CARTESIAN_POINT('',(0.,-12.));
#10995 = VECTOR('',#10996,1.);
#10996 = DIRECTION('',(1.,0.));
#10997 = ( GEOMETRIC_REPRESENTATION_CONTEXT(2) 
PARAMETRIC_REPRESENTATION_CONTEXT() REPRESENTATION_CONTEXT('2D SPACE',''
  ) );
#10998 = ORIENTED_EDGE('',*,*,#1893,.T.);
#10999 = FACE_BOUND('',#11000,.T.);
#11000 = EDGE_LOOP('',(#11001,#11023));
#11001 = ORIENTED_EDGE('',*,*,#11002,.T.);
#11002 = EDGE_CURVE('',#2039,#2102,#11003,.T.);
#11003 = SURFACE_CURVE('',#11004,(#11009,#11016),.PCURVE_S1.);
#11004 = CIRCLE('',#11005,3.25);
#11005 = AXIS2_PLACEMENT_3D('',#11006,#11007,#11008);
#11006 = CARTESIAN_POINT('',(105.,80.,7.5));
#11007 = DIRECTION('',(0.,-1.,-0.));
#11008 = DIRECTION('',(0.,0.,-1.));
#11009 = PCURVE('',#646,#11010);
#11010 = DEFINITIONAL_REPRESENTATION('',(#11011),#11015);
#11011 = CIRCLE('',#11012,3.25);
#11012 = AXIS2_PLACEMENT_2D('',#11013,#11014);
#11013 = CARTESIAN_POINT('',(52.5,105.));
#11014 = DIRECTION('',(1.,0.));
#11015 = ( GEOMETRIC_REPRESENTATION_CONTEXT(2) 
PARAMETRIC_REPRESENTATION_CONTEXT() REPRESENTATION_CONTEXT('2D SPACE',''
  ) );
#11016 = PCURVE('',#2061,#11017);
#11017 = DEFINITIONAL_REPRESENTATION('',(#11018),#11022);
#11018 = LINE('',#11019,#11020);
#11019 = CARTESIAN_POINT('',(0.,-12.));
#11020 = VECTOR('',#11021,1.);
#11021 = DIRECTION('',(1.,0.));
#11022 = ( GEOMETRIC_REPRESENTATION_CONTEXT(2) 
PARAMETRIC_REPRESENTATION_CONTEXT() REPRESENTATION_CONTEXT('2D SPACE',''
  ) );
#11023 = ORIENTED_EDGE('',*,*,#2124,.T.);
#11024 = FACE_BOUND('',#11025,.T.);
#11025 = EDGE_LOOP('',(#11026,#11048));
#11026 = ORIENTED_EDGE('',*,*,#11027,.T.);
#11027 = EDGE_CURVE('',#2270,#2333,#11028,.T.);
#11028 = SURFACE_CURVE('',#11029,(#11034,#11041),.PCURVE_S1.);
#11029 = CIRCLE('',#11030,3.25);
#11030 = AXIS2_PLACEMENT_3D('',#11031,#11032,#11033);
#11031 = CARTESIAN_POINT('',(159.,80.,52.5));
#11032 = DIRECTION('',(0.,-1.,-0.));
#11033 = DIRECTION('',(0.,0.,-1.));
#11034 = PCURVE('',#646,#11035);
#11035 = DEFINITIONAL_REPRESENTATION('',(#11036),#11040);
#11036 = CIRCLE('',#11037,3.25);
#11037 = AXIS2_PLACEMENT_2D('',#11038,#11039);
#11038 = CARTESIAN_POINT('',(7.5,159.));
#11039 = DIRECTION('',(1.,0.));
#11040 = ( GEOMETRIC_REPRESENTATION_CONTEXT(2) 
PARAMETRIC_REPRESENTATION_CONTEXT() REPRESENTATION_CONTEXT('2D SPACE',''
  ) );
#11041 = PCURVE('',#2292,#11042);
#11042 = DEFINITIONAL_REPRESENTATION('',(#11043),#11047);
#11043 = LINE('',#11044,#11045);
#11044 = CARTESIAN_POINT('',(0.,-12.));
#11045 = VECTOR('',#11046,1.);
#11046 = DIRECTION('',(1.,0.));
#11047 = ( GEOMETRIC_REPRESENTATION_CONTEXT(2) 
PARAMETRIC_REPRESENTATION_CONTEXT() REPRESENTATION_CONTEXT('2D SPACE',''
  ) );
#11048 = ORIENTED_EDGE('',*,*,#2355,.T.);
#11049 = FACE_BOUND('',#11050,.T.);
#11050 = EDGE_LOOP('',(#11051,#11073));
#11051 = ORIENTED_EDGE('',*,*,#11052,.T.);
#11052 = EDGE_CURVE('',#2501,#2564,#11053,.T.);
#11053 = SURFACE_CURVE('',#11054,(#11059,#11066),.PCURVE_S1.);
#11054 = CIRCLE('',#11055,3.25);
#11055 = AXIS2_PLACEMENT_3D('',#11056,#11057,#11058);
#11056 = CARTESIAN_POINT('',(145.,80.,52.5));
#11057 = DIRECTION('',(0.,-1.,-0.));
#11058 = DIRECTION('',(0.,0.,-1.));
#11059 = PCURVE('',#646,#11060);
#11060 = DEFINITIONAL_REPRESENTATION('',(#11061),#11065);
#11061 = CIRCLE('',#11062,3.25);
#11062 = AXIS2_PLACEMENT_2D('',#11063,#11064);
#11063 = CARTESIAN_POINT('',(7.5,145.));
#11064 = DIRECTION('',(1.,0.));
#11065 = ( GEOMETRIC_REPRESENTATION_CONTEXT(2) 
PARAMETRIC_REPRESENTATION_CONTEXT() REPRESENTATION_CONTEXT('2D SPACE',''
  ) );
#11066 = PCURVE('',#2523,#11067);
#11067 = DEFINITIONAL_REPRESENTATION('',(#11068),#11072);
#11068 = LINE('',#11069,#11070);
#11069 = CARTESIAN_POINT('',(0.,-12.));
#11070 = VECTOR('',#11071,1.);
#11071 = DIRECTION('',(1.,0.));
#11072 = ( GEOMETRIC_REPRESENTATION_CONTEXT(2) 
PARAMETRIC_REPRESENTATION_CONTEXT() REPRESENTATION_CONTEXT('2D SPACE',''
  ) );
#11073 = ORIENTED_EDGE('',*,*,#2586,.T.);
#11074 = FACE_BOUND('',#11075,.T.);
#11075 = EDGE_LOOP('',(#11076,#11098));
#11076 = ORIENTED_EDGE('',*,*,#11077,.T.);
#11077 = EDGE_CURVE('',#2732,#2795,#11078,.T.);
#11078 = SURFACE_CURVE('',#11079,(#11084,#11091),.PCURVE_S1.);
#11079 = CIRCLE('',#11080,3.25);
#11080 = AXIS2_PLACEMENT_3D('',#11081,#11082,#11083);
#11081 = CARTESIAN_POINT('',(105.,80.,52.5));
#11082 = DIRECTION('',(0.,-1.,-0.));
#11083 = DIRECTION('',(0.,0.,-1.));
#11084 = PCURVE('',#646,#11085);
#11085 = DEFINITIONAL_REPRESENTATION('',(#11086),#11090);
#11086 = CIRCLE('',#11087,3.25);
#11087 = AXIS2_PLACEMENT_2D('',#11088,#11089);
#11088 = CARTESIAN_POINT('',(7.5,105.));
#11089 = DIRECTION('',(1.,0.));
#11090 = ( GEOMETRIC_REPRESENTATION_CONTEXT(2) 
PARAMETRIC_REPRESENTATION_CONTEXT() REPRESENTATION_CONTEXT('2D SPACE',''
  ) );
#11091 = PCURVE('',#2754,#11092);
#11092 = DEFINITIONAL_REPRESENTATION('',(#11093),#11097);
#11093 = LINE('',#11094,#11095);
#11094 = CARTESIAN_POINT('',(0.,-12.));
#11095 = VECTOR('',#11096,1.);
#11096 = DIRECTION('',(1.,0.));
#11097 = ( GEOMETRIC_REPRESENTATION_CONTEXT(2) 
PARAMETRIC_REPRESENTATION_CONTEXT() REPRESENTATION_CONTEXT('2D SPACE',''
  ) );
#11098 = ORIENTED_EDGE('',*,*,#2817,.T.);
#11099 = FACE_BOUND('',#11100,.T.);
#11100 = EDGE_LOOP('',(#11101,#11102,#11123,#11124,#11147,#11170));
#11101 = ORIENTED_EDGE('',*,*,#7930,.F.);
#11102 = ORIENTED_EDGE('',*,*,#11103,.T.);
#11103 = EDGE_CURVE('',#7903,#10348,#11104,.T.);
#11104 = SURFACE_CURVE('',#11105,(#11109,#11116),.PCURVE_S1.);
#11105 = LINE('',#11106,#11107);
#11106 = CARTESIAN_POINT('',(288.,80.,60.));
#11107 = VECTOR('',#11108,1.);
#11108 = DIRECTION('',(0.707106781187,-0.,-0.707106781187));
#11109 = PCURVE('',#646,#11110);
#11110 = DEFINITIONAL_REPRESENTATION('',(#11111),#11115);
#11111 = LINE('',#11112,#11113);
#11112 = CARTESIAN_POINT('',(0.,288.));
#11113 = VECTOR('',#11114,1.);
#11114 = DIRECTION('',(0.707106781187,0.707106781187));
#11115 = ( GEOMETRIC_REPRESENTATION_CONTEXT(2) 
PARAMETRIC_REPRESENTATION_CONTEXT() REPRESENTATION_CONTEXT('2D SPACE',''
  ) );
#11116 = PCURVE('',#7918,#11117);
#11117 = DEFINITIONAL_REPRESENTATION('',(#11118),#11122);
#11118 = LINE('',#11119,#11120);
#11119 = CARTESIAN_POINT('',(0.,80.));
#11120 = VECTOR('',#11121,1.);
#11121 = DIRECTION('',(-1.,0.));
#11122 = ( GEOMETRIC_REPRESENTATION_CONTEXT(2) 
PARAMETRIC_REPRESENTATION_CONTEXT() REPRESENTATION_CONTEXT('2D SPACE',''
  ) );
#11123 = ORIENTED_EDGE('',*,*,#10347,.T.);
#11124 = ORIENTED_EDGE('',*,*,#11125,.T.);
#11125 = EDGE_CURVE('',#10350,#11126,#11128,.T.);
#11126 = VERTEX_POINT('',#11127);
#11127 = CARTESIAN_POINT('',(288.,80.,0.));
#11128 = SURFACE_CURVE('',#11129,(#11133,#11140),.PCURVE_S1.);
#11129 = LINE('',#11130,#11131);
#11130 = CARTESIAN_POINT('',(291.,80.,3.));
#11131 = VECTOR('',#11132,1.);
#11132 = DIRECTION('',(-0.707106781187,0.,-0.707106781187));
#11133 = PCURVE('',#646,#11134);
#11134 = DEFINITIONAL_REPRESENTATION('',(#11135),#11139);
#11135 = LINE('',#11136,#11137);
#11136 = CARTESIAN_POINT('',(57.,291.));
#11137 = VECTOR('',#11138,1.);
#11138 = DIRECTION('',(0.707106781187,-0.707106781187));
#11139 = ( GEOMETRIC_REPRESENTATION_CONTEXT(2) 
PARAMETRIC_REPRESENTATION_CONTEXT() REPRESENTATION_CONTEXT('2D SPACE',''
  ) );
#11140 = PCURVE('',#8875,#11141);
#11141 = DEFINITIONAL_REPRESENTATION('',(#11142),#11146);
#11142 = LINE('',#11143,#11144);
#11143 = CARTESIAN_POINT('',(0.,0.));
#11144 = VECTOR('',#11145,1.);
#11145 = DIRECTION('',(1.,0.));
#11146 = ( GEOMETRIC_REPRESENTATION_CONTEXT(2) 
PARAMETRIC_REPRESENTATION_CONTEXT() REPRESENTATION_CONTEXT('2D SPACE',''
  ) );
#11147 = ORIENTED_EDGE('',*,*,#11148,.T.);
#11148 = EDGE_CURVE('',#11126,#11149,#11151,.T.);
#11149 = VERTEX_POINT('',#11150);
#11150 = CARTESIAN_POINT('',(3.,80.,0.));
#11151 = SURFACE_CURVE('',#11152,(#11156,#11163),.PCURVE_S1.);
#11152 = LINE('',#11153,#11154);
#11153 = CARTESIAN_POINT('',(0.,80.,0.));
#11154 = VECTOR('',#11155,1.);
#11155 = DIRECTION('',(-1.,-0.,-0.));
#11156 = PCURVE('',#646,#11157);
#11157 = DEFINITIONAL_REPRESENTATION('',(#11158),#11162);
#11158 = LINE('',#11159,#11160);
#11159 = CARTESIAN_POINT('',(60.,0.));
#11160 = VECTOR('',#11161,1.);
#11161 = DIRECTION('',(0.,-1.));
#11162 = ( GEOMETRIC_REPRESENTATION_CONTEXT(2) 
PARAMETRIC_REPRESENTATION_CONTEXT() REPRESENTATION_CONTEXT('2D SPACE',''
  ) );
#11163 = PCURVE('',#2894,#11164);
#11164 = DEFINITIONAL_REPRESENTATION('',(#11165),#11169);
#11165 = LINE('',#11166,#11167);
#11166 = CARTESIAN_POINT('',(0.,80.));
#11167 = VECTOR('',#11168,1.);
#11168 = DIRECTION('',(1.,0.));
#11169 = ( GEOMETRIC_REPRESENTATION_CONTEXT(2) 
PARAMETRIC_REPRESENTATION_CONTEXT() REPRESENTATION_CONTEXT('2D SPACE',''
  ) );
#11170 = ORIENTED_EDGE('',*,*,#11171,.T.);
#11171 = EDGE_CURVE('',#11149,#7931,#11172,.T.);
#11172 = SURFACE_CURVE('',#11173,(#11177,#11184),.PCURVE_S1.);
#11173 = LINE('',#11174,#11175);
#11174 = CARTESIAN_POINT('',(3.,80.,60.));
#11175 = VECTOR('',#11176,1.);
#11176 = DIRECTION('',(0.,0.,1.));
#11177 = PCURVE('',#646,#11178);
#11178 = DEFINITIONAL_REPRESENTATION('',(#11179),#11183);
#11179 = LINE('',#11180,#11181);
#11180 = CARTESIAN_POINT('',(0.,3.));
#11181 = VECTOR('',#11182,1.);
#11182 = DIRECTION('',(-1.,0.));
#11183 = ( GEOMETRIC_REPRESENTATION_CONTEXT(2) 
PARAMETRIC_REPRESENTATION_CONTEXT() REPRESENTATION_CONTEXT('2D SPACE',''
  ) );
#11184 = PCURVE('',#7967,#11185);
#11185 = DEFINITIONAL_REPRESENTATION('',(#11186),#11190);
#11186 = LINE('',#11187,#11188);
#11187 = CARTESIAN_POINT('',(4.242640687119,0.));
#11188 = VECTOR('',#11189,1.);
#11189 = DIRECTION('',(0.,1.));
#11190 = ( GEOMETRIC_REPRESENTATION_CONTEXT(2) 
PARAMETRIC_REPRESENTATION_CONTEXT() REPRESENTATION_CONTEXT('2D SPACE',''
  ) );
#11191 = ADVANCED_FACE('',(#11192,#11287,#11382,#11477,#11572),#4673,.F.
  );
#11192 = FACE_BOUND('',#11193,.T.);
#11193 = EDGE_LOOP('',(#11194,#11217,#11241,#11264,#11286));
#11194 = ORIENTED_EDGE('',*,*,#11195,.T.);
#11195 = EDGE_CURVE('',#4563,#11196,#11198,.T.);
#11196 = VERTEX_POINT('',#11197);
#11197 = CARTESIAN_POINT('',(-5.20417042793E-15,6.,16.75));
#11198 = SURFACE_CURVE('',#11199,(#11203,#11210),.PCURVE_S1.);
#11199 = LINE('',#11200,#11201);
#11200 = CARTESIAN_POINT('',(-5.20417042793E-15,6.,16.75));
#11201 = VECTOR('',#11202,1.);
#11202 = DIRECTION('',(1.445602896647E-16,-1.,-0.));
#11203 = PCURVE('',#4673,#11204);
#11204 = DEFINITIONAL_REPRESENTATION('',(#11205),#11209);
#11205 = LINE('',#11206,#11207);
#11206 = CARTESIAN_POINT('',(43.25,6.));
#11207 = VECTOR('',#11208,1.);
#11208 = DIRECTION('',(0.,-1.));
#11209 = ( GEOMETRIC_REPRESENTATION_CONTEXT(2) 
PARAMETRIC_REPRESENTATION_CONTEXT() REPRESENTATION_CONTEXT('2D SPACE',''
  ) );
#11210 = PCURVE('',#4585,#11211);
#11211 = DEFINITIONAL_REPRESENTATION('',(#11212),#11216);
#11212 = LINE('',#11213,#11214);
#11213 = CARTESIAN_POINT('',(0.,0.));
#11214 = VECTOR('',#11215,1.);
#11215 = DIRECTION('',(1.445602896647E-16,-1.));
#11216 = ( GEOMETRIC_REPRESENTATION_CONTEXT(2) 
PARAMETRIC_REPRESENTATION_CONTEXT() REPRESENTATION_CONTEXT('2D SPACE',''
  ) );
#11217 = ORIENTED_EDGE('',*,*,#11218,.T.);
#11218 = EDGE_CURVE('',#11196,#11219,#11221,.T.);
#11219 = VERTEX_POINT('',#11220);
#11220 = CARTESIAN_POINT('',(-5.20417042793E-15,6.,8.25));
#11221 = SURFACE_CURVE('',#11222,(#11227,#11234),.PCURVE_S1.);
#11222 = CIRCLE('',#11223,4.25);
#11223 = AXIS2_PLACEMENT_3D('',#11224,#11225,#11226);
#11224 = CARTESIAN_POINT('',(-5.20417042793E-15,6.,12.5));
#11225 = DIRECTION('',(1.,2.040851148208E-16,0.));
#11226 = DIRECTION('',(-2.040851148208E-16,1.,0.));
#11227 = PCURVE('',#4673,#11228);
#11228 = DEFINITIONAL_REPRESENTATION('',(#11229),#11233);
#11229 = CIRCLE('',#11230,4.25);
#11230 = AXIS2_PLACEMENT_2D('',#11231,#11232);
#11231 = CARTESIAN_POINT('',(47.5,6.));
#11232 = DIRECTION('',(0.,1.));
#11233 = ( GEOMETRIC_REPRESENTATION_CONTEXT(2) 
PARAMETRIC_REPRESENTATION_CONTEXT() REPRESENTATION_CONTEXT('2D SPACE',''
  ) );
#11234 = PCURVE('',#9767,#11235);
#11235 = DEFINITIONAL_REPRESENTATION('',(#11236),#11240);
#11236 = LINE('',#11237,#11238);
#11237 = CARTESIAN_POINT('',(0.,0.));
#11238 = VECTOR('',#11239,1.);
#11239 = DIRECTION('',(1.,0.));
#11240 = ( GEOMETRIC_REPRESENTATION_CONTEXT(2) 
PARAMETRIC_REPRESENTATION_CONTEXT() REPRESENTATION_CONTEXT('2D SPACE',''
  ) );
#11241 = ORIENTED_EDGE('',*,*,#11242,.T.);
#11242 = EDGE_CURVE('',#11219,#11243,#11245,.T.);
#11243 = VERTEX_POINT('',#11244);
#11244 = CARTESIAN_POINT('',(0.,18.,8.25));
#11245 = SURFACE_CURVE('',#11246,(#11250,#11257),.PCURVE_S1.);
#11246 = LINE('',#11247,#11248);
#11247 = CARTESIAN_POINT('',(-5.20417042793E-15,6.,8.25));
#11248 = VECTOR('',#11249,1.);
#11249 = DIRECTION('',(-1.445602896647E-16,1.,0.));
#11250 = PCURVE('',#4673,#11251);
#11251 = DEFINITIONAL_REPRESENTATION('',(#11252),#11256);
#11252 = LINE('',#11253,#11254);
#11253 = CARTESIAN_POINT('',(51.75,6.));
#11254 = VECTOR('',#11255,1.);
#11255 = DIRECTION('',(0.,1.));
#11256 = ( GEOMETRIC_REPRESENTATION_CONTEXT(2) 
PARAMETRIC_REPRESENTATION_CONTEXT() REPRESENTATION_CONTEXT('2D SPACE',''
  ) );
#11257 = PCURVE('',#3736,#11258);
#11258 = DEFINITIONAL_REPRESENTATION('',(#11259),#11263);
#11259 = LINE('',#11260,#11261);
#11260 = CARTESIAN_POINT('',(0.,0.));
#11261 = VECTOR('',#11262,1.);
#11262 = DIRECTION('',(1.445602896647E-16,1.));
#11263 = ( GEOMETRIC_REPRESENTATION_CONTEXT(2) 
PARAMETRIC_REPRESENTATION_CONTEXT() REPRESENTATION_CONTEXT('2D SPACE',''
  ) );
#11264 = ORIENTED_EDGE('',*,*,#11265,.T.);
#11265 = EDGE_CURVE('',#11243,#4631,#11266,.T.);
#11266 = SURFACE_CURVE('',#11267,(#11272,#11279),.PCURVE_S1.);
#11267 = CIRCLE('',#11268,4.25);
#11268 = AXIS2_PLACEMENT_3D('',#11269,#11270,#11271);
#11269 = CARTESIAN_POINT('',(-6.938893903907E-15,18.,12.5));
#11270 = DIRECTION('',(1.,2.040851148208E-16,0.));
#11271 = DIRECTION('',(-2.040851148208E-16,1.,0.));
#11272 = PCURVE('',#4673,#11273);
#11273 = DEFINITIONAL_REPRESENTATION('',(#11274),#11278);
#11274 = CIRCLE('',#11275,4.25);
#11275 = AXIS2_PLACEMENT_2D('',#11276,#11277);
#11276 = CARTESIAN_POINT('',(47.5,18.));
#11277 = DIRECTION('',(0.,1.));
#11278 = ( GEOMETRIC_REPRESENTATION_CONTEXT(2) 
PARAMETRIC_REPRESENTATION_CONTEXT() REPRESENTATION_CONTEXT('2D SPACE',''
  ) );
#11279 = PCURVE('',#4646,#11280);
#11280 = DEFINITIONAL_REPRESENTATION('',(#11281),#11285);
#11281 = LINE('',#11282,#11283);
#11282 = CARTESIAN_POINT('',(0.,0.));
#11283 = VECTOR('',#11284,1.);
#11284 = DIRECTION('',(1.,0.));
#11285 = ( GEOMETRIC_REPRESENTATION_CONTEXT(2) 
PARAMETRIC_REPRESENTATION_CONTEXT() REPRESENTATION_CONTEXT('2D SPACE',''
  ) );
#11286 = ORIENTED_EDGE('',*,*,#4658,.T.);
#11287 = FACE_BOUND('',#11288,.T.);
#11288 = EDGE_LOOP('',(#11289,#11312,#11336,#11359,#11381));
#11289 = ORIENTED_EDGE('',*,*,#11290,.T.);
#11290 = EDGE_CURVE('',#4689,#11291,#11293,.T.);
#11291 = VERTEX_POINT('',#11292);
#11292 = CARTESIAN_POINT('',(-1.214306433184E-14,46.,16.75));
#11293 = SURFACE_CURVE('',#11294,(#11298,#11305),.PCURVE_S1.);
#11294 = LINE('',#11295,#11296);
#11295 = CARTESIAN_POINT('',(-1.214306433184E-14,46.,16.75));
#11296 = VECTOR('',#11297,1.);
#11297 = DIRECTION('',(2.891205793295E-16,-1.,-0.));
#11298 = PCURVE('',#4673,#11299);
#11299 = DEFINITIONAL_REPRESENTATION('',(#11300),#11304);
#11300 = LINE('',#11301,#11302);
#11301 = CARTESIAN_POINT('',(43.25,46.));
#11302 = VECTOR('',#11303,1.);
#11303 = DIRECTION('',(0.,-1.));
#11304 = ( GEOMETRIC_REPRESENTATION_CONTEXT(2) 
PARAMETRIC_REPRESENTATION_CONTEXT() REPRESENTATION_CONTEXT('2D SPACE',''
  ) );
#11305 = PCURVE('',#4711,#11306);
#11306 = DEFINITIONAL_REPRESENTATION('',(#11307),#11311);
#11307 = LINE('',#11308,#11309);
#11308 = CARTESIAN_POINT('',(0.,0.));
#11309 = VECTOR('',#11310,1.);
#11310 = DIRECTION('',(2.891205793295E-16,-1.));
#11311 = ( GEOMETRIC_REPRESENTATION_CONTEXT(2) 
PARAMETRIC_REPRESENTATION_CONTEXT() REPRESENTATION_CONTEXT('2D SPACE',''
  ) );
#11312 = ORIENTED_EDGE('',*,*,#11313,.T.);
#11313 = EDGE_CURVE('',#11291,#11314,#11316,.T.);
#11314 = VERTEX_POINT('',#11315);
#11315 = CARTESIAN_POINT('',(-1.214306433184E-14,46.,8.25));
#11316 = SURFACE_CURVE('',#11317,(#11322,#11329),.PCURVE_S1.);
#11317 = CIRCLE('',#11318,4.25);
#11318 = AXIS2_PLACEMENT_3D('',#11319,#11320,#11321);
#11319 = CARTESIAN_POINT('',(-1.214306433184E-14,46.,12.5));
#11320 = DIRECTION('',(1.,2.040851148208E-16,0.));
#11321 = DIRECTION('',(-2.040851148208E-16,1.,0.));
#11322 = PCURVE('',#4673,#11323);
#11323 = DEFINITIONAL_REPRESENTATION('',(#11324),#11328);
#11324 = CIRCLE('',#11325,4.25);
#11325 = AXIS2_PLACEMENT_2D('',#11326,#11327);
#11326 = CARTESIAN_POINT('',(47.5,46.));
#11327 = DIRECTION('',(0.,1.));
#11328 = ( GEOMETRIC_REPRESENTATION_CONTEXT(2) 
PARAMETRIC_REPRESENTATION_CONTEXT() REPRESENTATION_CONTEXT('2D SPACE',''
  ) );
#11329 = PCURVE('',#4121,#11330);
#11330 = DEFINITIONAL_REPRESENTATION('',(#11331),#11335);
#11331 = LINE('',#11332,#11333);
#11332 = CARTESIAN_POINT('',(0.,0.));
#11333 = VECTOR('',#11334,1.);
#11334 = DIRECTION('',(1.,0.));
#11335 = ( GEOMETRIC_REPRESENTATION_CONTEXT(2) 
PARAMETRIC_REPRESENTATION_CONTEXT() REPRESENTATION_CONTEXT('2D SPACE',''
  ) );
#11336 = ORIENTED_EDGE('',*,*,#11337,.T.);
#11337 = EDGE_CURVE('',#11314,#11338,#11340,.T.);
#11338 = VERTEX_POINT('',#11339);
#11339 = CARTESIAN_POINT('',(0.,58.,8.25));
#11340 = SURFACE_CURVE('',#11341,(#11345,#11352),.PCURVE_S1.);
#11341 = LINE('',#11342,#11343);
#11342 = CARTESIAN_POINT('',(-1.214306433184E-14,46.,8.25));
#11343 = VECTOR('',#11344,1.);
#11344 = DIRECTION('',(-2.891205793295E-16,1.,0.));
#11345 = PCURVE('',#4673,#11346);
#11346 = DEFINITIONAL_REPRESENTATION('',(#11347),#11351);
#11347 = LINE('',#11348,#11349);
#11348 = CARTESIAN_POINT('',(51.75,46.));
#11349 = VECTOR('',#11350,1.);
#11350 = DIRECTION('',(0.,1.));
#11351 = ( GEOMETRIC_REPRESENTATION_CONTEXT(2) 
PARAMETRIC_REPRESENTATION_CONTEXT() REPRESENTATION_CONTEXT('2D SPACE',''
  ) );
#11352 = PCURVE('',#9847,#11353);
#11353 = DEFINITIONAL_REPRESENTATION('',(#11354),#11358);
#11354 = LINE('',#11355,#11356);
#11355 = CARTESIAN_POINT('',(0.,0.));
#11356 = VECTOR('',#11357,1.);
#11357 = DIRECTION('',(2.891205793295E-16,1.));
#11358 = ( GEOMETRIC_REPRESENTATION_CONTEXT(2) 
PARAMETRIC_REPRESENTATION_CONTEXT() REPRESENTATION_CONTEXT('2D SPACE',''
  ) );
#11359 = ORIENTED_EDGE('',*,*,#11360,.T.);
#11360 = EDGE_CURVE('',#11338,#4752,#11361,.T.);
#11361 = SURFACE_CURVE('',#11362,(#11367,#11374),.PCURVE_S1.);
#11362 = CIRCLE('',#11363,4.25);
#11363 = AXIS2_PLACEMENT_3D('',#11364,#11365,#11366);
#11364 = CARTESIAN_POINT('',(-1.561251128379E-14,58.,12.5));
#11365 = DIRECTION('',(1.,2.040851148208E-16,0.));
#11366 = DIRECTION('',(-2.040851148208E-16,1.,0.));
#11367 = PCURVE('',#4673,#11368);
#11368 = DEFINITIONAL_REPRESENTATION('',(#11369),#11373);
#11369 = CIRCLE('',#11370,4.25);
#11370 = AXIS2_PLACEMENT_2D('',#11371,#11372);
#11371 = CARTESIAN_POINT('',(47.5,58.));
#11372 = DIRECTION('',(0.,1.));
#11373 = ( GEOMETRIC_REPRESENTATION_CONTEXT(2) 
PARAMETRIC_REPRESENTATION_CONTEXT() REPRESENTATION_CONTEXT('2D SPACE',''
  ) );
#11374 = PCURVE('',#4767,#11375);
#11375 = DEFINITIONAL_REPRESENTATION('',(#11376),#11380);
#11376 = LINE('',#11377,#11378);
#11377 = CARTESIAN_POINT('',(0.,0.));
#11378 = VECTOR('',#11379,1.);
#11379 = DIRECTION('',(1.,0.));
#11380 = ( GEOMETRIC_REPRESENTATION_CONTEXT(2) 
PARAMETRIC_REPRESENTATION_CONTEXT() REPRESENTATION_CONTEXT('2D SPACE',''
  ) );
#11381 = ORIENTED_EDGE('',*,*,#4779,.T.);
#11382 = FACE_BOUND('',#11383,.T.);
#11383 = EDGE_LOOP('',(#11384,#11407,#11431,#11454,#11476));
#11384 = ORIENTED_EDGE('',*,*,#11385,.T.);
#11385 = EDGE_CURVE('',#4805,#11386,#11388,.T.);
#11386 = VERTEX_POINT('',#11387);
#11387 = CARTESIAN_POINT('',(-5.20417042793E-15,6.,51.75));
#11388 = SURFACE_CURVE('',#11389,(#11393,#11400),.PCURVE_S1.);
#11389 = LINE('',#11390,#11391);
#11390 = CARTESIAN_POINT('',(-5.20417042793E-15,6.,51.75));
#11391 = VECTOR('',#11392,1.);
#11392 = DIRECTION('',(1.445602896647E-16,-1.,-0.));
#11393 = PCURVE('',#4673,#11394);
#11394 = DEFINITIONAL_REPRESENTATION('',(#11395),#11399);
#11395 = LINE('',#11396,#11397);
#11396 = CARTESIAN_POINT('',(8.25,6.));
#11397 = VECTOR('',#11398,1.);
#11398 = DIRECTION('',(0.,-1.));
#11399 = ( GEOMETRIC_REPRESENTATION_CONTEXT(2) 
PARAMETRIC_REPRESENTATION_CONTEXT() REPRESENTATION_CONTEXT('2D SPACE',''
  ) );
#11400 = PCURVE('',#4827,#11401);
#11401 = DEFINITIONAL_REPRESENTATION('',(#11402),#11406);
#11402 = LINE('',#11403,#11404);
#11403 = CARTESIAN_POINT('',(0.,0.));
#11404 = VECTOR('',#11405,1.);
#11405 = DIRECTION('',(1.445602896647E-16,-1.));
#11406 = ( GEOMETRIC_REPRESENTATION_CONTEXT(2) 
PARAMETRIC_REPRESENTATION_CONTEXT() REPRESENTATION_CONTEXT('2D SPACE',''
  ) );
#11407 = ORIENTED_EDGE('',*,*,#11408,.T.);
#11408 = EDGE_CURVE('',#11386,#11409,#11411,.T.);
#11409 = VERTEX_POINT('',#11410);
#11410 = CARTESIAN_POINT('',(-5.20417042793E-15,6.,43.25));
#11411 = SURFACE_CURVE('',#11412,(#11417,#11424),.PCURVE_S1.);
#11412 = CIRCLE('',#11413,4.25);
#11413 = AXIS2_PLACEMENT_3D('',#11414,#11415,#11416);
#11414 = CARTESIAN_POINT('',(-5.20417042793E-15,6.,47.5));
#11415 = DIRECTION('',(1.,2.040851148208E-16,0.));
#11416 = DIRECTION('',(-2.040851148208E-16,1.,0.));
#11417 = PCURVE('',#4673,#11418);
#11418 = DEFINITIONAL_REPRESENTATION('',(#11419),#11423);
#11419 = CIRCLE('',#11420,4.25);
#11420 = AXIS2_PLACEMENT_2D('',#11421,#11422);
#11421 = CARTESIAN_POINT('',(12.5,6.));
#11422 = DIRECTION('',(0.,1.));
#11423 = ( GEOMETRIC_REPRESENTATION_CONTEXT(2) 
PARAMETRIC_REPRESENTATION_CONTEXT() REPRESENTATION_CONTEXT('2D SPACE',''
  ) );
#11424 = PCURVE('',#9988,#11425);
#11425 = DEFINITIONAL_REPRESENTATION('',(#11426),#11430);
#11426 = LINE('',#11427,#11428);
#11427 = CARTESIAN_POINT('',(0.,0.));
#11428 = VECTOR('',#11429,1.);
#11429 = DIRECTION('',(1.,0.));
#11430 = ( GEOMETRIC_REPRESENTATION_CONTEXT(2) 
PARAMETRIC_REPRESENTATION_CONTEXT() REPRESENTATION_CONTEXT('2D SPACE',''
  ) );
#11431 = ORIENTED_EDGE('',*,*,#11432,.T.);
#11432 = EDGE_CURVE('',#11409,#11433,#11435,.T.);
#11433 = VERTEX_POINT('',#11434);
#11434 = CARTESIAN_POINT('',(0.,18.,43.25));
#11435 = SURFACE_CURVE('',#11436,(#11440,#11447),.PCURVE_S1.);
#11436 = LINE('',#11437,#11438);
#11437 = CARTESIAN_POINT('',(-5.20417042793E-15,6.,43.25));
#11438 = VECTOR('',#11439,1.);
#11439 = DIRECTION('',(-1.445602896647E-16,1.,0.));
#11440 = PCURVE('',#4673,#11441);
#11441 = DEFINITIONAL_REPRESENTATION('',(#11442),#11446);
#11442 = LINE('',#11443,#11444);
#11443 = CARTESIAN_POINT('',(16.75,6.));
#11444 = VECTOR('',#11445,1.);
#11445 = DIRECTION('',(0.,1.));
#11446 = ( GEOMETRIC_REPRESENTATION_CONTEXT(2) 
PARAMETRIC_REPRESENTATION_CONTEXT() REPRESENTATION_CONTEXT('2D SPACE',''
  ) );
#11447 = PCURVE('',#9955,#11448);
#11448 = DEFINITIONAL_REPRESENTATION('',(#11449),#11453);
#11449 = LINE('',#11450,#11451);
#11450 = CARTESIAN_POINT('',(0.,0.));
#11451 = VECTOR('',#11452,1.);
#11452 = DIRECTION('',(1.445602896647E-16,1.));
#11453 = ( GEOMETRIC_REPRESENTATION_CONTEXT(2) 
PARAMETRIC_REPRESENTATION_CONTEXT() REPRESENTATION_CONTEXT('2D SPACE',''
  ) );
#11454 = ORIENTED_EDGE('',*,*,#11455,.T.);
#11455 = EDGE_CURVE('',#11433,#4868,#11456,.T.);
#11456 = SURFACE_CURVE('',#11457,(#11462,#11469),.PCURVE_S1.);
#11457 = CIRCLE('',#11458,4.25);
#11458 = AXIS2_PLACEMENT_3D('',#11459,#11460,#11461);
#11459 = CARTESIAN_POINT('',(-6.938893903907E-15,18.,47.5));
#11460 = DIRECTION('',(1.,2.040851148208E-16,0.));
#11461 = DIRECTION('',(-2.040851148208E-16,1.,0.));
#11462 = PCURVE('',#4673,#11463);
#11463 = DEFINITIONAL_REPRESENTATION('',(#11464),#11468);
#11464 = CIRCLE('',#11465,4.25);
#11465 = AXIS2_PLACEMENT_2D('',#11466,#11467);
#11466 = CARTESIAN_POINT('',(12.5,18.));
#11467 = DIRECTION('',(0.,1.));
#11468 = ( GEOMETRIC_REPRESENTATION_CONTEXT(2) 
PARAMETRIC_REPRESENTATION_CONTEXT() REPRESENTATION_CONTEXT('2D SPACE',''
  ) );
#11469 = PCURVE('',#4883,#11470);
#11470 = DEFINITIONAL_REPRESENTATION('',(#11471),#11475);
#11471 = LINE('',#11472,#11473);
#11472 = CARTESIAN_POINT('',(0.,2.366582715663E-30));
#11473 = VECTOR('',#11474,1.);
#11474 = DIRECTION('',(1.,-5.022044499115E-31));
#11475 = ( GEOMETRIC_REPRESENTATION_CONTEXT(2) 
PARAMETRIC_REPRESENTATION_CONTEXT() REPRESENTATION_CONTEXT('2D SPACE',''
  ) );
#11476 = ORIENTED_EDGE('',*,*,#4895,.T.);
#11477 = FACE_BOUND('',#11478,.T.);
#11478 = EDGE_LOOP('',(#11479,#11504,#11526,#11527,#11550));
#11479 = ORIENTED_EDGE('',*,*,#11480,.T.);
#11480 = EDGE_CURVE('',#11481,#11483,#11485,.T.);
#11481 = VERTEX_POINT('',#11482);
#11482 = CARTESIAN_POINT('',(-1.214306433184E-14,46.,43.25));
#11483 = VERTEX_POINT('',#11484);
#11484 = CARTESIAN_POINT('',(-1.561251128379E-14,58.,43.25));
#11485 = SURFACE_CURVE('',#11486,(#11490,#11497),.PCURVE_S1.);
#11486 = LINE('',#11487,#11488);
#11487 = CARTESIAN_POINT('',(-1.561251128379E-14,58.,43.25));
#11488 = VECTOR('',#11489,1.);
#11489 = DIRECTION('',(-2.891205793295E-16,1.,-0.));
#11490 = PCURVE('',#4673,#11491);
#11491 = DEFINITIONAL_REPRESENTATION('',(#11492),#11496);
#11492 = LINE('',#11493,#11494);
#11493 = CARTESIAN_POINT('',(16.75,58.));
#11494 = VECTOR('',#11495,1.);
#11495 = DIRECTION('',(0.,1.));
#11496 = ( GEOMETRIC_REPRESENTATION_CONTEXT(2) 
PARAMETRIC_REPRESENTATION_CONTEXT() REPRESENTATION_CONTEXT('2D SPACE',''
  ) );
#11497 = PCURVE('',#10118,#11498);
#11498 = DEFINITIONAL_REPRESENTATION('',(#11499),#11503);
#11499 = LINE('',#11500,#11501);
#11500 = CARTESIAN_POINT('',(0.,0.));
#11501 = VECTOR('',#11502,1.);
#11502 = DIRECTION('',(2.891205793295E-16,1.));
#11503 = ( GEOMETRIC_REPRESENTATION_CONTEXT(2) 
PARAMETRIC_REPRESENTATION_CONTEXT() REPRESENTATION_CONTEXT('2D SPACE',''
  ) );
#11504 = ORIENTED_EDGE('',*,*,#11505,.T.);
#11505 = EDGE_CURVE('',#11483,#4984,#11506,.T.);
#11506 = SURFACE_CURVE('',#11507,(#11512,#11519),.PCURVE_S1.);
#11507 = CIRCLE('',#11508,4.25);
#11508 = AXIS2_PLACEMENT_3D('',#11509,#11510,#11511);
#11509 = CARTESIAN_POINT('',(-1.561251128379E-14,58.,47.5));
#11510 = DIRECTION('',(1.,2.040851148208E-16,0.));
#11511 = DIRECTION('',(-2.040851148208E-16,1.,0.));
#11512 = PCURVE('',#4673,#11513);
#11513 = DEFINITIONAL_REPRESENTATION('',(#11514),#11518);
#11514 = CIRCLE('',#11515,4.25);
#11515 = AXIS2_PLACEMENT_2D('',#11516,#11517);
#11516 = CARTESIAN_POINT('',(12.5,58.));
#11517 = DIRECTION('',(0.,1.));
#11518 = ( GEOMETRIC_REPRESENTATION_CONTEXT(2) 
PARAMETRIC_REPRESENTATION_CONTEXT() REPRESENTATION_CONTEXT('2D SPACE',''
  ) );
#11519 = PCURVE('',#4999,#11520);
#11520 = DEFINITIONAL_REPRESENTATION('',(#11521),#11525);
#11521 = LINE('',#11522,#11523);
#11522 = CARTESIAN_POINT('',(0.,0.));
#11523 = VECTOR('',#11524,1.);
#11524 = DIRECTION('',(1.,0.));
#11525 = ( GEOMETRIC_REPRESENTATION_CONTEXT(2) 
PARAMETRIC_REPRESENTATION_CONTEXT() REPRESENTATION_CONTEXT('2D SPACE',''
  ) );
#11526 = ORIENTED_EDGE('',*,*,#5011,.T.);
#11527 = ORIENTED_EDGE('',*,*,#11528,.T.);
#11528 = EDGE_CURVE('',#4921,#11529,#11531,.T.);
#11529 = VERTEX_POINT('',#11530);
#11530 = CARTESIAN_POINT('',(0.,46.,51.75));
#11531 = SURFACE_CURVE('',#11532,(#11536,#11543),.PCURVE_S1.);
#11532 = LINE('',#11533,#11534);
#11533 = CARTESIAN_POINT('',(-1.561251128379E-14,58.,51.75));
#11534 = VECTOR('',#11535,1.);
#11535 = DIRECTION('',(2.891205793295E-16,-1.,0.));
#11536 = PCURVE('',#4673,#11537);
#11537 = DEFINITIONAL_REPRESENTATION('',(#11538),#11542);
#11538 = LINE('',#11539,#11540);
#11539 = CARTESIAN_POINT('',(8.25,58.));
#11540 = VECTOR('',#11541,1.);
#11541 = DIRECTION('',(0.,-1.));
#11542 = ( GEOMETRIC_REPRESENTATION_CONTEXT(2) 
PARAMETRIC_REPRESENTATION_CONTEXT() REPRESENTATION_CONTEXT('2D SPACE',''
  ) );
#11543 = PCURVE('',#4943,#11544);
#11544 = DEFINITIONAL_REPRESENTATION('',(#11545),#11549);
#11545 = LINE('',#11546,#11547);
#11546 = CARTESIAN_POINT('',(0.,0.));
#11547 = VECTOR('',#11548,1.);
#11548 = DIRECTION('',(2.891205793295E-16,-1.));
#11549 = ( GEOMETRIC_REPRESENTATION_CONTEXT(2) 
PARAMETRIC_REPRESENTATION_CONTEXT() REPRESENTATION_CONTEXT('2D SPACE',''
  ) );
#11550 = ORIENTED_EDGE('',*,*,#11551,.T.);
#11551 = EDGE_CURVE('',#11529,#11481,#11552,.T.);
#11552 = SURFACE_CURVE('',#11553,(#11558,#11565),.PCURVE_S1.);
#11553 = CIRCLE('',#11554,4.25);
#11554 = AXIS2_PLACEMENT_3D('',#11555,#11556,#11557);
#11555 = CARTESIAN_POINT('',(-1.214306433184E-14,46.,47.5));
#11556 = DIRECTION('',(1.,2.040851148208E-16,0.));
#11557 = DIRECTION('',(-2.040851148208E-16,1.,0.));
#11558 = PCURVE('',#4673,#11559);
#11559 = DEFINITIONAL_REPRESENTATION('',(#11560),#11564);
#11560 = CIRCLE('',#11561,4.25);
#11561 = AXIS2_PLACEMENT_2D('',#11562,#11563);
#11562 = CARTESIAN_POINT('',(12.5,46.));
#11563 = DIRECTION('',(0.,1.));
#11564 = ( GEOMETRIC_REPRESENTATION_CONTEXT(2) 
PARAMETRIC_REPRESENTATION_CONTEXT() REPRESENTATION_CONTEXT('2D SPACE',''
  ) );
#11565 = PCURVE('',#10149,#11566);
#11566 = DEFINITIONAL_REPRESENTATION('',(#11567),#11571);
#11567 = LINE('',#11568,#11569);
#11568 = CARTESIAN_POINT('',(0.,0.));
#11569 = VECTOR('',#11570,1.);
#11570 = DIRECTION('',(1.,0.));
#11571 = ( GEOMETRIC_REPRESENTATION_CONTEXT(2) 
PARAMETRIC_REPRESENTATION_CONTEXT() REPRESENTATION_CONTEXT('2D SPACE',''
  ) );
#11572 = FACE_BOUND('',#11573,.T.);
#11573 = EDGE_LOOP('',(#11574,#11599,#11620,#11621,#11642,#11643));
#11574 = ORIENTED_EDGE('',*,*,#11575,.T.);
#11575 = EDGE_CURVE('',#11576,#11578,#11580,.T.);
#11576 = VERTEX_POINT('',#11577);
#11577 = CARTESIAN_POINT('',(-3.469446951954E-15,77.,0.));
#11578 = VERTEX_POINT('',#11579);
#11579 = CARTESIAN_POINT('',(0.,3.,-2.168404344971E-16));
#11580 = SURFACE_CURVE('',#11581,(#11585,#11592),.PCURVE_S1.);
#11581 = LINE('',#11582,#11583);
#11582 = CARTESIAN_POINT('',(0.,0.,0.));
#11583 = VECTOR('',#11584,1.);
#11584 = DIRECTION('',(-0.,-1.,-0.));
#11585 = PCURVE('',#4673,#11586);
#11586 = DEFINITIONAL_REPRESENTATION('',(#11587),#11591);
#11587 = LINE('',#11588,#11589);
#11588 = CARTESIAN_POINT('',(60.,0.));
#11589 = VECTOR('',#11590,1.);
#11590 = DIRECTION('',(0.,-1.));
#11591 = ( GEOMETRIC_REPRESENTATION_CONTEXT(2) 
PARAMETRIC_REPRESENTATION_CONTEXT() REPRESENTATION_CONTEXT('2D SPACE',''
  ) );
#11592 = PCURVE('',#2894,#11593);
#11593 = DEFINITIONAL_REPRESENTATION('',(#11594),#11598);
#11594 = LINE('',#11595,#11596);
#11595 = CARTESIAN_POINT('',(0.,0.));
#11596 = VECTOR('',#11597,1.);
#11597 = DIRECTION('',(0.,-1.));
#11598 = ( GEOMETRIC_REPRESENTATION_CONTEXT(2) 
PARAMETRIC_REPRESENTATION_CONTEXT() REPRESENTATION_CONTEXT('2D SPACE',''
  ) );
#11599 = ORIENTED_EDGE('',*,*,#11600,.T.);
#11600 = EDGE_CURVE('',#11578,#9619,#11601,.T.);
#11601 = SURFACE_CURVE('',#11602,(#11606,#11613),.PCURVE_S1.);
#11602 = LINE('',#11603,#11604);
#11603 = CARTESIAN_POINT('',(0.,1.224646799147E-16,3.));
#11604 = VECTOR('',#11605,1.);
#11605 = DIRECTION('',(0.,-0.707106781187,0.707106781187));
#11606 = PCURVE('',#4673,#11607);
#11607 = DEFINITIONAL_REPRESENTATION('',(#11608),#11612);
#11608 = LINE('',#11609,#11610);
#11609 = CARTESIAN_POINT('',(57.,1.224646799147E-16));
#11610 = VECTOR('',#11611,1.);
#11611 = DIRECTION('',(-0.707106781187,-0.707106781187));
#11612 = ( GEOMETRIC_REPRESENTATION_CONTEXT(2) 
PARAMETRIC_REPRESENTATION_CONTEXT() REPRESENTATION_CONTEXT('2D SPACE',''
  ) );
#11613 = PCURVE('',#9662,#11614);
#11614 = DEFINITIONAL_REPRESENTATION('',(#11615),#11619);
#11615 = LINE('',#11616,#11617);
#11616 = CARTESIAN_POINT('',(-1.298934084353E-16,-12.));
#11617 = VECTOR('',#11618,1.);
#11618 = DIRECTION('',(-1.,5.972118891849E-33));
#11619 = ( GEOMETRIC_REPRESENTATION_CONTEXT(2) 
PARAMETRIC_REPRESENTATION_CONTEXT() REPRESENTATION_CONTEXT('2D SPACE',''
  ) );
#11620 = ORIENTED_EDGE('',*,*,#9616,.F.);
#11621 = ORIENTED_EDGE('',*,*,#11622,.T.);
#11622 = EDGE_CURVE('',#9617,#7778,#11623,.T.);
#11623 = SURFACE_CURVE('',#11624,(#11628,#11635),.PCURVE_S1.);
#11624 = LINE('',#11625,#11626);
#11625 = CARTESIAN_POINT('',(0.,3.,60.));
#11626 = VECTOR('',#11627,1.);
#11627 = DIRECTION('',(-0.,0.707106781187,0.707106781187));
#11628 = PCURVE('',#4673,#11629);
#11629 = DEFINITIONAL_REPRESENTATION('',(#11630),#11634);
#11630 = LINE('',#11631,#11632);
#11631 = CARTESIAN_POINT('',(0.,3.));
#11632 = VECTOR('',#11633,1.);
#11633 = DIRECTION('',(-0.707106781187,0.707106781187));
#11634 = ( GEOMETRIC_REPRESENTATION_CONTEXT(2) 
PARAMETRIC_REPRESENTATION_CONTEXT() REPRESENTATION_CONTEXT('2D SPACE',''
  ) );
#11635 = PCURVE('',#7816,#11636);
#11636 = DEFINITIONAL_REPRESENTATION('',(#11637),#11641);
#11637 = LINE('',#11638,#11639);
#11638 = CARTESIAN_POINT('',(-1.335464046013E-49,6.123233995737E-17));
#11639 = VECTOR('',#11640,1.);
#11640 = DIRECTION('',(1.,3.270448797315E-33));
#11641 = ( GEOMETRIC_REPRESENTATION_CONTEXT(2) 
PARAMETRIC_REPRESENTATION_CONTEXT() REPRESENTATION_CONTEXT('2D SPACE',''
  ) );
#11642 = ORIENTED_EDGE('',*,*,#7775,.F.);
#11643 = ORIENTED_EDGE('',*,*,#11644,.T.);
#11644 = EDGE_CURVE('',#7776,#11576,#11645,.T.);
#11645 = SURFACE_CURVE('',#11646,(#11650,#11657),.PCURVE_S1.);
#11646 = LINE('',#11647,#11648);
#11647 = CARTESIAN_POINT('',(0.,77.,60.));
#11648 = VECTOR('',#11649,1.);
#11649 = DIRECTION('',(0.,0.,-1.));
#11650 = PCURVE('',#4673,#11651);
#11651 = DEFINITIONAL_REPRESENTATION('',(#11652),#11656);
#11652 = LINE('',#11653,#11654);
#11653 = CARTESIAN_POINT('',(0.,77.));
#11654 = VECTOR('',#11655,1.);
#11655 = DIRECTION('',(1.,0.));
#11656 = ( GEOMETRIC_REPRESENTATION_CONTEXT(2) 
PARAMETRIC_REPRESENTATION_CONTEXT() REPRESENTATION_CONTEXT('2D SPACE',''
  ) );
#11657 = PCURVE('',#7967,#11658);
#11658 = DEFINITIONAL_REPRESENTATION('',(#11659),#11663);
#11659 = LINE('',#11660,#11661);
#11660 = CARTESIAN_POINT('',(0.,0.));
#11661 = VECTOR('',#11662,1.);
#11662 = DIRECTION('',(0.,-1.));
#11663 = ( GEOMETRIC_REPRESENTATION_CONTEXT(2) 
PARAMETRIC_REPRESENTATION_CONTEXT() REPRESENTATION_CONTEXT('2D SPACE',''
  ) );
#11664 = ADVANCED_FACE('',(#11665,#11690,#11715,#11740,#11765,#11790,
    #11815,#11840,#11865),#2894,.T.);
#11665 = FACE_BOUND('',#11666,.T.);
#11666 = EDGE_LOOP('',(#11667,#11689));
#11667 = ORIENTED_EDGE('',*,*,#11668,.F.);
#11668 = EDGE_CURVE('',#2845,#2878,#11669,.T.);
#11669 = SURFACE_CURVE('',#11670,(#11675,#11682),.PCURVE_S1.);
#11670 = CIRCLE('',#11671,2.5);
#11671 = AXIS2_PLACEMENT_3D('',#11672,#11673,#11674);
#11672 = CARTESIAN_POINT('',(271.,74.,-1.24913973513E-15));
#11673 = DIRECTION('',(-0.,0.,-1.));
#11674 = DIRECTION('',(-1.,0.,0.));
#11675 = PCURVE('',#2894,#11676);
#11676 = DEFINITIONAL_REPRESENTATION('',(#11677),#11681);
#11677 = CIRCLE('',#11678,2.5);
#11678 = AXIS2_PLACEMENT_2D('',#11679,#11680);
#11679 = CARTESIAN_POINT('',(-271.,74.));
#11680 = DIRECTION('',(1.,0.));
#11681 = ( GEOMETRIC_REPRESENTATION_CONTEXT(2) 
PARAMETRIC_REPRESENTATION_CONTEXT() REPRESENTATION_CONTEXT('2D SPACE',''
  ) );
#11682 = PCURVE('',#2865,#11683);
#11683 = DEFINITIONAL_REPRESENTATION('',(#11684),#11688);
#11684 = LINE('',#11685,#11686);
#11685 = CARTESIAN_POINT('',(0.,1.24913973513E-15));
#11686 = VECTOR('',#11687,1.);
#11687 = DIRECTION('',(1.,0.));
#11688 = ( GEOMETRIC_REPRESENTATION_CONTEXT(2) 
PARAMETRIC_REPRESENTATION_CONTEXT() REPRESENTATION_CONTEXT('2D SPACE',''
  ) );
#11689 = ORIENTED_EDGE('',*,*,#2877,.F.);
#11690 = FACE_BOUND('',#11691,.T.);
#11691 = EDGE_LOOP('',(#11692,#11714));
#11692 = ORIENTED_EDGE('',*,*,#11693,.F.);
#11693 = EDGE_CURVE('',#3059,#3092,#11694,.T.);
#11694 = SURFACE_CURVE('',#11695,(#11700,#11707),.PCURVE_S1.);
#11695 = CIRCLE('',#11696,2.5);
#11696 = AXIS2_PLACEMENT_3D('',#11697,#11698,#11699);
#11697 = CARTESIAN_POINT('',(183.,74.,-1.24913973513E-15));
#11698 = DIRECTION('',(-0.,0.,-1.));
#11699 = DIRECTION('',(-1.,0.,0.));
#11700 = PCURVE('',#2894,#11701);
#11701 = DEFINITIONAL_REPRESENTATION('',(#11702),#11706);
#11702 = CIRCLE('',#11703,2.5);
#11703 = AXIS2_PLACEMENT_2D('',#11704,#11705);
#11704 = CARTESIAN_POINT('',(-183.,74.));
#11705 = DIRECTION('',(1.,0.));
#11706 = ( GEOMETRIC_REPRESENTATION_CONTEXT(2) 
PARAMETRIC_REPRESENTATION_CONTEXT() REPRESENTATION_CONTEXT('2D SPACE',''
  ) );
#11707 = PCURVE('',#3079,#11708);
#11708 = DEFINITIONAL_REPRESENTATION('',(#11709),#11713);
#11709 = LINE('',#11710,#11711);
#11710 = CARTESIAN_POINT('',(0.,1.24913973513E-15));
#11711 = VECTOR('',#11712,1.);
#11712 = DIRECTION('',(1.,0.));
#11713 = ( GEOMETRIC_REPRESENTATION_CONTEXT(2) 
PARAMETRIC_REPRESENTATION_CONTEXT() REPRESENTATION_CONTEXT('2D SPACE',''
  ) );
#11714 = ORIENTED_EDGE('',*,*,#3091,.F.);
#11715 = FACE_BOUND('',#11716,.T.);
#11716 = EDGE_LOOP('',(#11717,#11739));
#11717 = ORIENTED_EDGE('',*,*,#11718,.F.);
#11718 = EDGE_CURVE('',#3268,#3301,#11719,.T.);
#11719 = SURFACE_CURVE('',#11720,(#11725,#11732),.PCURVE_S1.);
#11720 = CIRCLE('',#11721,2.5);
#11721 = AXIS2_PLACEMENT_3D('',#11722,#11723,#11724);
#11722 = CARTESIAN_POINT('',(95.,74.,-1.24913973513E-15));
#11723 = DIRECTION('',(-0.,0.,-1.));
#11724 = DIRECTION('',(-1.,0.,0.));
#11725 = PCURVE('',#2894,#11726);
#11726 = DEFINITIONAL_REPRESENTATION('',(#11727),#11731);
#11727 = CIRCLE('',#11728,2.5);
#11728 = AXIS2_PLACEMENT_2D('',#11729,#11730);
#11729 = CARTESIAN_POINT('',(-95.,74.));
#11730 = DIRECTION('',(1.,0.));
#11731 = ( GEOMETRIC_REPRESENTATION_CONTEXT(2) 
PARAMETRIC_REPRESENTATION_CONTEXT() REPRESENTATION_CONTEXT('2D SPACE',''
  ) );
#11732 = PCURVE('',#3288,#11733);
#11733 = DEFINITIONAL_REPRESENTATION('',(#11734),#11738);
#11734 = LINE('',#11735,#11736);
#11735 = CARTESIAN_POINT('',(0.,1.24913973513E-15));
#11736 = VECTOR('',#11737,1.);
#11737 = DIRECTION('',(1.,0.));
#11738 = ( GEOMETRIC_REPRESENTATION_CONTEXT(2) 
PARAMETRIC_REPRESENTATION_CONTEXT() REPRESENTATION_CONTEXT('2D SPACE',''
  ) );
#11739 = ORIENTED_EDGE('',*,*,#3300,.F.);
#11740 = FACE_BOUND('',#11741,.T.);
#11741 = EDGE_LOOP('',(#11742,#11764));
#11742 = ORIENTED_EDGE('',*,*,#11743,.F.);
#11743 = EDGE_CURVE('',#3477,#3510,#11744,.T.);
#11744 = SURFACE_CURVE('',#11745,(#11750,#11757),.PCURVE_S1.);
#11745 = CIRCLE('',#11746,2.5);
#11746 = AXIS2_PLACEMENT_3D('',#11747,#11748,#11749);
#11747 = CARTESIAN_POINT('',(6.,74.,-1.24913973513E-15));
#11748 = DIRECTION('',(-0.,0.,-1.));
#11749 = DIRECTION('',(-1.,0.,0.));
#11750 = PCURVE('',#2894,#11751);
#11751 = DEFINITIONAL_REPRESENTATION('',(#11752),#11756);
#11752 = CIRCLE('',#11753,2.5);
#11753 = AXIS2_PLACEMENT_2D('',#11754,#11755);
#11754 = CARTESIAN_POINT('',(-6.,74.));
#11755 = DIRECTION('',(1.,0.));
#11756 = ( GEOMETRIC_REPRESENTATION_CONTEXT(2) 
PARAMETRIC_REPRESENTATION_CONTEXT() REPRESENTATION_CONTEXT('2D SPACE',''
  ) );
#11757 = PCURVE('',#3497,#11758);
#11758 = DEFINITIONAL_REPRESENTATION('',(#11759),#11763);
#11759 = LINE('',#11760,#11761);
#11760 = CARTESIAN_POINT('',(0.,1.24913973513E-15));
#11761 = VECTOR('',#11762,1.);
#11762 = DIRECTION('',(1.,0.));
#11763 = ( GEOMETRIC_REPRESENTATION_CONTEXT(2) 
PARAMETRIC_REPRESENTATION_CONTEXT() REPRESENTATION_CONTEXT('2D SPACE',''
  ) );
#11764 = ORIENTED_EDGE('',*,*,#3509,.F.);
#11765 = FACE_BOUND('',#11766,.T.);
#11766 = EDGE_LOOP('',(#11767,#11789));
#11767 = ORIENTED_EDGE('',*,*,#11768,.F.);
#11768 = EDGE_CURVE('',#3642,#3675,#11769,.T.);
#11769 = SURFACE_CURVE('',#11770,(#11775,#11782),.PCURVE_S1.);
#11770 = CIRCLE('',#11771,2.5);
#11771 = AXIS2_PLACEMENT_3D('',#11772,#11773,#11774);
#11772 = CARTESIAN_POINT('',(6.,10.,-1.24913973513E-15));
#11773 = DIRECTION('',(-0.,0.,-1.));
#11774 = DIRECTION('',(-1.,0.,0.));
#11775 = PCURVE('',#2894,#11776);
#11776 = DEFINITIONAL_REPRESENTATION('',(#11777),#11781);
#11777 = CIRCLE('',#11778,2.5);
#11778 = AXIS2_PLACEMENT_2D('',#11779,#11780);
#11779 = CARTESIAN_POINT('',(-6.,10.));
#11780 = DIRECTION('',(1.,0.));
#11781 = ( GEOMETRIC_REPRESENTATION_CONTEXT(2) 
PARAMETRIC_REPRESENTATION_CONTEXT() REPRESENTATION_CONTEXT('2D SPACE',''
  ) );
#11782 = PCURVE('',#3662,#11783);
#11783 = DEFINITIONAL_REPRESENTATION('',(#11784),#11788);
#11784 = LINE('',#11785,#11786);
#11785 = CARTESIAN_POINT('',(0.,1.24913973513E-15));
#11786 = VECTOR('',#11787,1.);
#11787 = DIRECTION('',(1.,0.));
#11788 = ( GEOMETRIC_REPRESENTATION_CONTEXT(2) 
PARAMETRIC_REPRESENTATION_CONTEXT() REPRESENTATION_CONTEXT('2D SPACE',''
  ) );
#11789 = ORIENTED_EDGE('',*,*,#3674,.F.);
#11790 = FACE_BOUND('',#11791,.T.);
#11791 = EDGE_LOOP('',(#11792,#11814));
#11792 = ORIENTED_EDGE('',*,*,#11793,.F.);
#11793 = EDGE_CURVE('',#3754,#3787,#11794,.T.);
#11794 = SURFACE_CURVE('',#11795,(#11800,#11807),.PCURVE_S1.);
#11795 = CIRCLE('',#11796,2.);
#11796 = AXIS2_PLACEMENT_3D('',#11797,#11798,#11799);
#11797 = CARTESIAN_POINT('',(221.,74.,-1.310372075088E-15));
#11798 = DIRECTION('',(-0.,0.,-1.));
#11799 = DIRECTION('',(-1.,0.,0.));
#11800 = PCURVE('',#2894,#11801);
#11801 = DEFINITIONAL_REPRESENTATION('',(#11802),#11806);
#11802 = CIRCLE('',#11803,2.);
#11803 = AXIS2_PLACEMENT_2D('',#11804,#11805);
#11804 = CARTESIAN_POINT('',(-221.,74.));
#11805 = DIRECTION('',(1.,0.));
#11806 = ( GEOMETRIC_REPRESENTATION_CONTEXT(2) 
PARAMETRIC_REPRESENTATION_CONTEXT() REPRESENTATION_CONTEXT('2D SPACE',''
  ) );
#11807 = PCURVE('',#3774,#11808);
#11808 = DEFINITIONAL_REPRESENTATION('',(#11809),#11813);
#11809 = LINE('',#11810,#11811);
#11810 = CARTESIAN_POINT('',(0.,1.310372075088E-15));
#11811 = VECTOR('',#11812,1.);
#11812 = DIRECTION('',(1.,0.));
#11813 = ( GEOMETRIC_REPRESENTATION_CONTEXT(2) 
PARAMETRIC_REPRESENTATION_CONTEXT() REPRESENTATION_CONTEXT('2D SPACE',''
  ) );
#11814 = ORIENTED_EDGE('',*,*,#3786,.F.);
#11815 = FACE_BOUND('',#11816,.T.);
#11816 = EDGE_LOOP('',(#11817,#11839));
#11817 = ORIENTED_EDGE('',*,*,#11818,.F.);
#11818 = EDGE_CURVE('',#4282,#4305,#11819,.T.);
#11819 = SURFACE_CURVE('',#11820,(#11825,#11832),.PCURVE_S1.);
#11820 = CIRCLE('',#11821,2.);
#11821 = AXIS2_PLACEMENT_3D('',#11822,#11823,#11824);
#11822 = CARTESIAN_POINT('',(6.,42.,-1.310372075088E-15));
#11823 = DIRECTION('',(-0.,0.,-1.));
#11824 = DIRECTION('',(-1.,0.,0.));
#11825 = PCURVE('',#2894,#11826);
#11826 = DEFINITIONAL_REPRESENTATION('',(#11827),#11831);
#11827 = CIRCLE('',#11828,2.);
#11828 = AXIS2_PLACEMENT_2D('',#11829,#11830);
#11829 = CARTESIAN_POINT('',(-6.,42.));
#11830 = DIRECTION('',(1.,0.));
#11831 = ( GEOMETRIC_REPRESENTATION_CONTEXT(2) 
PARAMETRIC_REPRESENTATION_CONTEXT() REPRESENTATION_CONTEXT('2D SPACE',''
  ) );
#11832 = PCURVE('',#4197,#11833);
#11833 = DEFINITIONAL_REPRESENTATION('',(#11834),#11838);
#11834 = LINE('',#11835,#11836);
#11835 = CARTESIAN_POINT('',(0.,1.310372075088E-15));
#11836 = VECTOR('',#11837,1.);
#11837 = DIRECTION('',(1.,0.));
#11838 = ( GEOMETRIC_REPRESENTATION_CONTEXT(2) 
PARAMETRIC_REPRESENTATION_CONTEXT() REPRESENTATION_CONTEXT('2D SPACE',''
  ) );
#11839 = ORIENTED_EDGE('',*,*,#4304,.F.);
#11840 = FACE_BOUND('',#11841,.T.);
#11841 = EDGE_LOOP('',(#11842,#11864));
#11842 = ORIENTED_EDGE('',*,*,#11843,.F.);
#11843 = EDGE_CURVE('',#4356,#4389,#11844,.T.);
#11844 = SURFACE_CURVE('',#11845,(#11850,#11857),.PCURVE_S1.);
#11845 = CIRCLE('',#11846,2.);
#11846 = AXIS2_PLACEMENT_3D('',#11847,#11848,#11849);
#11847 = CARTESIAN_POINT('',(51.,74.,-1.310372075088E-15));
#11848 = DIRECTION('',(-0.,0.,-1.));
#11849 = DIRECTION('',(-1.,0.,0.));
#11850 = PCURVE('',#2894,#11851);
#11851 = DEFINITIONAL_REPRESENTATION('',(#11852),#11856);
#11852 = CIRCLE('',#11853,2.);
#11853 = AXIS2_PLACEMENT_2D('',#11854,#11855);
#11854 = CARTESIAN_POINT('',(-51.,74.));
#11855 = DIRECTION('',(1.,0.));
#11856 = ( GEOMETRIC_REPRESENTATION_CONTEXT(2) 
PARAMETRIC_REPRESENTATION_CONTEXT() REPRESENTATION_CONTEXT('2D SPACE',''
  ) );
#11857 = PCURVE('',#4376,#11858);
#11858 = DEFINITIONAL_REPRESENTATION('',(#11859),#11863);
#11859 = LINE('',#11860,#11861);
#11860 = CARTESIAN_POINT('',(0.,1.310372075088E-15));
#11861 = VECTOR('',#11862,1.);
#11862 = DIRECTION('',(1.,0.));
#11863 = ( GEOMETRIC_REPRESENTATION_CONTEXT(2) 
PARAMETRIC_REPRESENTATION_CONTEXT() REPRESENTATION_CONTEXT('2D SPACE',''
  ) );
#11864 = ORIENTED_EDGE('',*,*,#4388,.F.);
#11865 = FACE_BOUND('',#11866,.T.);
#11866 = EDGE_LOOP('',(#11867,#11868,#11889,#11890,#11911,#11912,#11933,
    #11934));
#11867 = ORIENTED_EDGE('',*,*,#10187,.F.);
#11868 = ORIENTED_EDGE('',*,*,#11869,.T.);
#11869 = EDGE_CURVE('',#10165,#11578,#11870,.T.);
#11870 = SURFACE_CURVE('',#11871,(#11875,#11882),.PCURVE_S1.);
#11871 = LINE('',#11872,#11873);
#11872 = CARTESIAN_POINT('',(-6.123233995737E-17,3.,0.));
#11873 = VECTOR('',#11874,1.);
#11874 = DIRECTION('',(-1.,-2.041077998579E-17,0.));
#11875 = PCURVE('',#2894,#11876);
#11876 = DEFINITIONAL_REPRESENTATION('',(#11877),#11881);
#11877 = LINE('',#11878,#11879);
#11878 = CARTESIAN_POINT('',(6.123233995737E-17,3.));
#11879 = VECTOR('',#11880,1.);
#11880 = DIRECTION('',(1.,-2.041077998579E-17));
#11881 = ( GEOMETRIC_REPRESENTATION_CONTEXT(2) 
PARAMETRIC_REPRESENTATION_CONTEXT() REPRESENTATION_CONTEXT('2D SPACE',''
  ) );
#11882 = PCURVE('',#9662,#11883);
#11883 = DEFINITIONAL_REPRESENTATION('',(#11884),#11888);
#11884 = LINE('',#11885,#11886);
#11885 = CARTESIAN_POINT('',(4.242640687119,-12.));
#11886 = VECTOR('',#11887,1.);
#11887 = DIRECTION('',(-1.443260093726E-17,-1.));
#11888 = ( GEOMETRIC_REPRESENTATION_CONTEXT(2) 
PARAMETRIC_REPRESENTATION_CONTEXT() REPRESENTATION_CONTEXT('2D SPACE',''
  ) );
#11889 = ORIENTED_EDGE('',*,*,#11575,.F.);
#11890 = ORIENTED_EDGE('',*,*,#11891,.T.);
#11891 = EDGE_CURVE('',#11576,#11149,#11892,.T.);
#11892 = SURFACE_CURVE('',#11893,(#11897,#11904),.PCURVE_S1.);
#11893 = LINE('',#11894,#11895);
#11894 = CARTESIAN_POINT('',(-38.5,38.5,0.));
#11895 = VECTOR('',#11896,1.);
#11896 = DIRECTION('',(0.707106781187,0.707106781187,-0.));
#11897 = PCURVE('',#2894,#11898);
#11898 = DEFINITIONAL_REPRESENTATION('',(#11899),#11903);
#11899 = LINE('',#11900,#11901);
#11900 = CARTESIAN_POINT('',(38.5,38.5));
#11901 = VECTOR('',#11902,1.);
#11902 = DIRECTION('',(-0.707106781187,0.707106781187));
#11903 = ( GEOMETRIC_REPRESENTATION_CONTEXT(2) 
PARAMETRIC_REPRESENTATION_CONTEXT() REPRESENTATION_CONTEXT('2D SPACE',''
  ) );
#11904 = PCURVE('',#7967,#11905);
#11905 = DEFINITIONAL_REPRESENTATION('',(#11906),#11910);
#11906 = LINE('',#11907,#11908);
#11907 = CARTESIAN_POINT('',(-54.44722215136,-60.));
#11908 = VECTOR('',#11909,1.);
#11909 = DIRECTION('',(1.,0.));
#11910 = ( GEOMETRIC_REPRESENTATION_CONTEXT(2) 
PARAMETRIC_REPRESENTATION_CONTEXT() REPRESENTATION_CONTEXT('2D SPACE',''
  ) );
#11911 = ORIENTED_EDGE('',*,*,#11148,.F.);
#11912 = ORIENTED_EDGE('',*,*,#11913,.T.);
#11913 = EDGE_CURVE('',#11126,#8839,#11914,.T.);
#11914 = SURFACE_CURVE('',#11915,(#11919,#11926),.PCURVE_S1.);
#11915 = LINE('',#11916,#11917);
#11916 = CARTESIAN_POINT('',(288.,68.,0.));
#11917 = VECTOR('',#11918,1.);
#11918 = DIRECTION('',(0.,-1.,0.));
#11919 = PCURVE('',#2894,#11920);
#11920 = DEFINITIONAL_REPRESENTATION('',(#11921),#11925);
#11921 = LINE('',#11922,#11923);
#11922 = CARTESIAN_POINT('',(-288.,68.));
#11923 = VECTOR('',#11924,1.);
#11924 = DIRECTION('',(0.,-1.));
#11925 = ( GEOMETRIC_REPRESENTATION_CONTEXT(2) 
PARAMETRIC_REPRESENTATION_CONTEXT() REPRESENTATION_CONTEXT('2D SPACE',''
  ) );
#11926 = PCURVE('',#8875,#11927);
#11927 = DEFINITIONAL_REPRESENTATION('',(#11928),#11932);
#11928 = LINE('',#11929,#11930);
#11929 = CARTESIAN_POINT('',(4.242640687119,-12.));
#11930 = VECTOR('',#11931,1.);
#11931 = DIRECTION('',(-0.,-1.));
#11932 = ( GEOMETRIC_REPRESENTATION_CONTEXT(2) 
PARAMETRIC_REPRESENTATION_CONTEXT() REPRESENTATION_CONTEXT('2D SPACE',''
  ) );
#11933 = ORIENTED_EDGE('',*,*,#8838,.F.);
#11934 = ORIENTED_EDGE('',*,*,#11935,.T.);
#11935 = EDGE_CURVE('',#8816,#10188,#11936,.T.);
#11936 = SURFACE_CURVE('',#11937,(#11941,#11948),.PCURVE_S1.);
#11937 = LINE('',#11938,#11939);
#11938 = CARTESIAN_POINT('',(15.,68.,0.));
#11939 = VECTOR('',#11940,1.);
#11940 = DIRECTION('',(-0.707106781187,-0.707106781187,-0.));
#11941 = PCURVE('',#2894,#11942);
#11942 = DEFINITIONAL_REPRESENTATION('',(#11943),#11947);
#11943 = LINE('',#11944,#11945);
#11944 = CARTESIAN_POINT('',(-15.,68.));
#11945 = VECTOR('',#11946,1.);
#11946 = DIRECTION('',(0.707106781187,-0.707106781187));
#11947 = ( GEOMETRIC_REPRESENTATION_CONTEXT(2) 
PARAMETRIC_REPRESENTATION_CONTEXT() REPRESENTATION_CONTEXT('2D SPACE',''
  ) );
#11948 = PCURVE('',#7867,#11949);
#11949 = DEFINITIONAL_REPRESENTATION('',(#11950),#11954);
#11950 = LINE('',#11951,#11952);
#11951 = CARTESIAN_POINT('',(0.,-60.));
#11952 = VECTOR('',#11953,1.);
#11953 = DIRECTION('',(-1.,0.));
#11954 = ( GEOMETRIC_REPRESENTATION_CONTEXT(2) 
PARAMETRIC_REPRESENTATION_CONTEXT() REPRESENTATION_CONTEXT('2D SPACE',''
  ) );
#11955 = ADVANCED_FACE('',(#11956),#7435,.F.);
#11956 = FACE_BOUND('',#11957,.F.);
#11957 = EDGE_LOOP('',(#11958,#11980,#11981));
#11958 = ORIENTED_EDGE('',*,*,#11959,.F.);
#11959 = EDGE_CURVE('',#7303,#7366,#11960,.T.);
#11960 = SURFACE_CURVE('',#11961,(#11966,#11973),.PCURVE_S1.);
#11961 = CIRCLE('',#11962,2.5);
#11962 = AXIS2_PLACEMENT_3D('',#11963,#11964,#11965);
#11963 = CARTESIAN_POINT('',(277.,74.064670267905,7.5));
#11964 = DIRECTION('',(1.,-0.,0.));
#11965 = DIRECTION('',(0.,0.,-1.));
#11966 = PCURVE('',#7435,#11967);
#11967 = DEFINITIONAL_REPRESENTATION('',(#11968),#11972);
#11968 = LINE('',#11969,#11970);
#11969 = CARTESIAN_POINT('',(0.,-1.960537494259E-16));
#11970 = VECTOR('',#11971,1.);
#11971 = DIRECTION('',(1.,0.));
#11972 = ( GEOMETRIC_REPRESENTATION_CONTEXT(2) 
PARAMETRIC_REPRESENTATION_CONTEXT() REPRESENTATION_CONTEXT('2D SPACE',''
  ) );
#11973 = PCURVE('',#7325,#11974);
#11974 = DEFINITIONAL_REPRESENTATION('',(#11975),#11979);
#11975 = LINE('',#11976,#11977);
#11976 = CARTESIAN_POINT('',(0.,-14.));
#11977 = VECTOR('',#11978,1.);
#11978 = DIRECTION('',(1.,0.));
#11979 = ( GEOMETRIC_REPRESENTATION_CONTEXT(2) 
PARAMETRIC_REPRESENTATION_CONTEXT() REPRESENTATION_CONTEXT('2D SPACE',''
  ) );
#11980 = ORIENTED_EDGE('',*,*,#7447,.F.);
#11981 = ORIENTED_EDGE('',*,*,#7419,.T.);
#11982 = ADVANCED_FACE('',(#11983),#7325,.F.);
#11983 = FACE_BOUND('',#11984,.F.);
#11984 = EDGE_LOOP('',(#11985,#11986,#11987,#11988));
#11985 = ORIENTED_EDGE('',*,*,#10318,.F.);
#11986 = ORIENTED_EDGE('',*,*,#7302,.F.);
#11987 = ORIENTED_EDGE('',*,*,#11959,.T.);
#11988 = ORIENTED_EDGE('',*,*,#7365,.T.);
#11989 = ADVANCED_FACE('',(#11990),#7266,.F.);
#11990 = FACE_BOUND('',#11991,.F.);
#11991 = EDGE_LOOP('',(#11992,#12014,#12015));
#11992 = ORIENTED_EDGE('',*,*,#11993,.F.);
#11993 = EDGE_CURVE('',#7134,#7197,#11994,.T.);
#11994 = SURFACE_CURVE('',#11995,(#12000,#12007),.PCURVE_S1.);
#11995 = CIRCLE('',#11996,2.);
#11996 = AXIS2_PLACEMENT_3D('',#11997,#11998,#11999);
#11997 = CARTESIAN_POINT('',(281.,74.064670267905,20.));
#11998 = DIRECTION('',(1.,-0.,0.));
#11999 = DIRECTION('',(0.,0.,-1.));
#12000 = PCURVE('',#7266,#12001);
#12001 = DEFINITIONAL_REPRESENTATION('',(#12002),#12006);
#12002 = LINE('',#12003,#12004);
#12003 = CARTESIAN_POINT('',(0.,7.842149977035E-16));
#12004 = VECTOR('',#12005,1.);
#12005 = DIRECTION('',(1.,0.));
#12006 = ( GEOMETRIC_REPRESENTATION_CONTEXT(2) 
PARAMETRIC_REPRESENTATION_CONTEXT() REPRESENTATION_CONTEXT('2D SPACE',''
  ) );
#12007 = PCURVE('',#7156,#12008);
#12008 = DEFINITIONAL_REPRESENTATION('',(#12009),#12013);
#12009 = LINE('',#12010,#12011);
#12010 = CARTESIAN_POINT('',(0.,-10.));
#12011 = VECTOR('',#12012,1.);
#12012 = DIRECTION('',(1.,0.));
#12013 = ( GEOMETRIC_REPRESENTATION_CONTEXT(2) 
PARAMETRIC_REPRESENTATION_CONTEXT() REPRESENTATION_CONTEXT('2D SPACE',''
  ) );
#12014 = ORIENTED_EDGE('',*,*,#7278,.F.);
#12015 = ORIENTED_EDGE('',*,*,#7250,.T.);
#12016 = ADVANCED_FACE('',(#12017),#7156,.F.);
#12017 = FACE_BOUND('',#12018,.F.);
#12018 = EDGE_LOOP('',(#12019,#12020,#12021,#12022));
#12019 = ORIENTED_EDGE('',*,*,#10285,.F.);
#12020 = ORIENTED_EDGE('',*,*,#7133,.F.);
#12021 = ORIENTED_EDGE('',*,*,#11993,.T.);
#12022 = ORIENTED_EDGE('',*,*,#7196,.T.);
#12023 = ADVANCED_FACE('',(#12024),#7097,.F.);
#12024 = FACE_BOUND('',#12025,.F.);
#12025 = EDGE_LOOP('',(#12026,#12048,#12049));
#12026 = ORIENTED_EDGE('',*,*,#12027,.F.);
#12027 = EDGE_CURVE('',#6960,#7028,#12028,.T.);
#12028 = SURFACE_CURVE('',#12029,(#12034,#12041),.PCURVE_S1.);
#12029 = CIRCLE('',#12030,2.);
#12030 = AXIS2_PLACEMENT_3D('',#12031,#12032,#12033);
#12031 = CARTESIAN_POINT('',(281.,74.064670267905,40.));
#12032 = DIRECTION('',(1.,-0.,0.));
#12033 = DIRECTION('',(0.,0.,-1.));
#12034 = PCURVE('',#7097,#12035);
#12035 = DEFINITIONAL_REPRESENTATION('',(#12036),#12040);
#12036 = LINE('',#12037,#12038);
#12037 = CARTESIAN_POINT('',(0.,-7.842149977035E-16));
#12038 = VECTOR('',#12039,1.);
#12039 = DIRECTION('',(1.,0.));
#12040 = ( GEOMETRIC_REPRESENTATION_CONTEXT(2) 
PARAMETRIC_REPRESENTATION_CONTEXT() REPRESENTATION_CONTEXT('2D SPACE',''
  ) );
#12041 = PCURVE('',#6982,#12042);
#12042 = DEFINITIONAL_REPRESENTATION('',(#12043),#12047);
#12043 = LINE('',#12044,#12045);
#12044 = CARTESIAN_POINT('',(0.,-10.));
#12045 = VECTOR('',#12046,1.);
#12046 = DIRECTION('',(1.,0.));
#12047 = ( GEOMETRIC_REPRESENTATION_CONTEXT(2) 
PARAMETRIC_REPRESENTATION_CONTEXT() REPRESENTATION_CONTEXT('2D SPACE',''
  ) );
#12048 = ORIENTED_EDGE('',*,*,#7109,.F.);
#12049 = ORIENTED_EDGE('',*,*,#7081,.T.);
#12050 = ADVANCED_FACE('',(#12051),#6982,.F.);
#12051 = FACE_BOUND('',#12052,.F.);
#12052 = EDGE_LOOP('',(#12053,#12054,#12055,#12056));
#12053 = ORIENTED_EDGE('',*,*,#10256,.F.);
#12054 = ORIENTED_EDGE('',*,*,#6959,.F.);
#12055 = ORIENTED_EDGE('',*,*,#12027,.T.);
#12056 = ORIENTED_EDGE('',*,*,#7027,.T.);
#12057 = ADVANCED_FACE('',(#12058),#6901,.F.);
#12058 = FACE_BOUND('',#12059,.F.);
#12059 = EDGE_LOOP('',(#12060,#12082,#12083));
#12060 = ORIENTED_EDGE('',*,*,#12061,.F.);
#12061 = EDGE_CURVE('',#6747,#6810,#12062,.T.);
#12062 = SURFACE_CURVE('',#12063,(#12068,#12075),.PCURVE_S1.);
#12063 = CIRCLE('',#12064,2.5);
#12064 = AXIS2_PLACEMENT_3D('',#12065,#12066,#12067);
#12065 = CARTESIAN_POINT('',(243.,74.,46.));
#12066 = DIRECTION('',(0.,-0.,1.));
#12067 = DIRECTION('',(1.,0.,0.));
#12068 = PCURVE('',#6901,#12069);
#12069 = DEFINITIONAL_REPRESENTATION('',(#12070),#12074);
#12070 = LINE('',#12071,#12072);
#12071 = CARTESIAN_POINT('',(0.,-9.802687471293E-16));
#12072 = VECTOR('',#12073,1.);
#12073 = DIRECTION('',(1.,0.));
#12074 = ( GEOMETRIC_REPRESENTATION_CONTEXT(2) 
PARAMETRIC_REPRESENTATION_CONTEXT() REPRESENTATION_CONTEXT('2D SPACE',''
  ) );
#12075 = PCURVE('',#6769,#12076);
#12076 = DEFINITIONAL_REPRESENTATION('',(#12077),#12081);
#12077 = LINE('',#12078,#12079);
#12078 = CARTESIAN_POINT('',(0.,-14.));
#12079 = VECTOR('',#12080,1.);
#12080 = DIRECTION('',(1.,0.));
#12081 = ( GEOMETRIC_REPRESENTATION_CONTEXT(2) 
PARAMETRIC_REPRESENTATION_CONTEXT() REPRESENTATION_CONTEXT('2D SPACE',''
  ) );
#12082 = ORIENTED_EDGE('',*,*,#6935,.F.);
#12083 = ORIENTED_EDGE('',*,*,#6863,.T.);
#12084 = ADVANCED_FACE('',(#12085),#6769,.F.);
#12085 = FACE_BOUND('',#12086,.F.);
#12086 = EDGE_LOOP('',(#12087,#12088,#12089,#12090));
#12087 = ORIENTED_EDGE('',*,*,#7746,.F.);
#12088 = ORIENTED_EDGE('',*,*,#6746,.F.);
#12089 = ORIENTED_EDGE('',*,*,#12061,.T.);
#12090 = ORIENTED_EDGE('',*,*,#6809,.T.);
#12091 = ADVANCED_FACE('',(#12092,#12125),#6010,.F.);
#12092 = FACE_BOUND('',#12093,.F.);
#12093 = EDGE_LOOP('',(#12094,#12095,#12096,#12097,#12098,#12099,#12100,
    #12101,#12102,#12124));
#12094 = ORIENTED_EDGE('',*,*,#7717,.F.);
#12095 = ORIENTED_EDGE('',*,*,#6670,.F.);
#12096 = ORIENTED_EDGE('',*,*,#7552,.T.);
#12097 = ORIENTED_EDGE('',*,*,#9358,.T.);
#12098 = ORIENTED_EDGE('',*,*,#9540,.T.);
#12099 = ORIENTED_EDGE('',*,*,#9149,.T.);
#12100 = ORIENTED_EDGE('',*,*,#7619,.T.);
#12101 = ORIENTED_EDGE('',*,*,#6456,.F.);
#12102 = ORIENTED_EDGE('',*,*,#12103,.T.);
#12103 = EDGE_CURVE('',#6121,#6119,#12104,.T.);
#12104 = SURFACE_CURVE('',#12105,(#12110,#12117),.PCURVE_S1.);
#12105 = CIRCLE('',#12106,2.5);
#12106 = AXIS2_PLACEMENT_3D('',#12107,#12108,#12109);
#12107 = CARTESIAN_POINT('',(278.,74.,46.));
#12108 = DIRECTION('',(0.,-0.,1.));
#12109 = DIRECTION('',(1.,0.,0.));
#12110 = PCURVE('',#6010,#12111);
#12111 = DEFINITIONAL_REPRESENTATION('',(#12112),#12116);
#12112 = LINE('',#12113,#12114);
#12113 = CARTESIAN_POINT('',(0.,-14.));
#12114 = VECTOR('',#12115,1.);
#12115 = DIRECTION('',(1.,0.));
#12116 = ( GEOMETRIC_REPRESENTATION_CONTEXT(2) 
PARAMETRIC_REPRESENTATION_CONTEXT() REPRESENTATION_CONTEXT('2D SPACE',''
  ) );
#12117 = PCURVE('',#6192,#12118);
#12118 = DEFINITIONAL_REPRESENTATION('',(#12119),#12123);
#12119 = LINE('',#12120,#12121);
#12120 = CARTESIAN_POINT('',(0.,-9.802687471293E-16));
#12121 = VECTOR('',#12122,1.);
#12122 = DIRECTION('',(1.,0.));
#12123 = ( GEOMETRIC_REPRESENTATION_CONTEXT(2) 
PARAMETRIC_REPRESENTATION_CONTEXT() REPRESENTATION_CONTEXT('2D SPACE',''
  ) );
#12124 = ORIENTED_EDGE('',*,*,#6721,.T.);
#12125 = FACE_BOUND('',#12126,.F.);
#12126 = EDGE_LOOP('',(#12127,#12128));
#12127 = ORIENTED_EDGE('',*,*,#5915,.T.);
#12128 = ORIENTED_EDGE('',*,*,#12129,.T.);
#12129 = EDGE_CURVE('',#5918,#5916,#12130,.T.);
#12130 = SURFACE_CURVE('',#12131,(#12166,#12217),.PCURVE_S1.);
#12131 = B_SPLINE_CURVE_WITH_KNOTS('',3,(#12132,#12133,#12134,#12135,
    #12136,#12137,#12138,#12139,#12140,#12141,#12142,#12143,#12144,
    #12145,#12146,#12147,#12148,#12149,#12150,#12151,#12152,#12153,
    #12154,#12155,#12156,#12157,#12158,#12159,#12160,#12161,#12162,
    #12163,#12164,#12165),.UNSPECIFIED.,.F.,.F.,(4,3,3,3,3,3,3,3,3,3,3,4
    ),(4.113479382394E-06,5.02771269158E-06,6.708869175602E-06,
    8.389111342338E-06,1.006549809018E-05,1.173675718343E-05,
    1.340399833373E-05,1.507024190066E-05,1.673897108676E-05,
    1.841247118455E-05,2.009079675635E-05,2.012985957767E-05),
  .UNSPECIFIED.);
#12132 = CARTESIAN_POINT('',(275.50083658868,74.064670267904,
    52.495026906138));
#12133 = CARTESIAN_POINT('',(275.50084448775,74.064975525205,
    52.495013759877));
#12134 = CARTESIAN_POINT('',(275.500852508,74.065283266103,
    52.49502875331));
#12135 = CARTESIAN_POINT('',(275.50086044746,74.065585798425,
    52.495071513087));
#12136 = CARTESIAN_POINT('',(275.50087500338,74.06614045029,
    52.495149907322));
#12137 = CARTESIAN_POINT('',(275.50088959968,74.066689239176,
    52.495325170895));
#12138 = CARTESIAN_POINT('',(275.50090297146,74.067186620509,
    52.495582909576));
#12139 = CARTESIAN_POINT('',(275.50091633558,74.067683716864,
    52.495840500584));
#12140 = CARTESIAN_POINT('',(275.50092884253,74.068143210194,
    52.496187621846));
#12141 = CARTESIAN_POINT('',(275.50093935861,74.068526714982,
    52.496595604692));
#12142 = CARTESIAN_POINT('',(275.50094985063,74.068909342532,
    52.497002654306));
#12143 = CARTESIAN_POINT('',(275.5009586466,74.069226909836,
    52.497481577773));
#12144 = CARTESIAN_POINT('',(275.50096492287,74.06945274132,
    52.497992619906));
#12145 = CARTESIAN_POINT('',(275.5009711802,74.069677891612,
    52.498502120546));
#12146 = CARTESIAN_POINT('',(275.50097510258,74.069818077854,
    52.499057647641));
#12147 = CARTESIAN_POINT('',(275.50097631659,74.069861504149,
    52.499613017242));
#12148 = CARTESIAN_POINT('',(275.50097752774,74.069904828582,
    52.500167084146));
#12149 = CARTESIAN_POINT('',(275.50097607616,74.069853048835,
    52.500736284207));
#12150 = CARTESIAN_POINT('',(275.5009721,74.069710508972,52.501273438921
    ));
#12151 = CARTESIAN_POINT('',(275.50096812604,74.069568047771,
    52.501810297201));
#12152 = CARTESIAN_POINT('',(275.50096152369,74.06933102678,
    52.502329924853));
#12153 = CARTESIAN_POINT('',(275.50095291181,74.069019207527,
    52.502789514221));
#12154 = CARTESIAN_POINT('',(275.50094428696,74.068706919286,
    52.503249794828));
#12155 = CARTESIAN_POINT('',(275.50093341421,74.068311049427,
    52.503662515247));
#12156 = CARTESIAN_POINT('',(275.50092128485,74.06786439043,
    52.503993883907));
#12157 = CARTESIAN_POINT('',(275.50090912113,74.067416466431,
    52.504326191051));
#12158 = CARTESIAN_POINT('',(275.50089536391,74.066905168815,
    52.504585828945));
#12159 = CARTESIAN_POINT('',(275.50088122219,74.06637269348,
    52.504751605698));
#12160 = CARTESIAN_POINT('',(275.50086704044,74.065838710589,
    52.504917851803));
#12161 = CARTESIAN_POINT('',(275.50085208417,74.065268732404,
    52.504994282282));
#12162 = CARTESIAN_POINT('',(275.50083761251,74.064709821506,
    52.504974640563));
#12163 = CARTESIAN_POINT('',(275.50083727108,74.06469663504,
    52.504974177153));
#12164 = CARTESIAN_POINT('',(275.5008369298,74.064683450301,
    52.504973661575));
#12165 = CARTESIAN_POINT('',(275.50083658868,74.064670267905,
    52.50497309386));
#12166 = PCURVE('',#6010,#12167);
#12167 = DEFINITIONAL_REPRESENTATION('',(#12168),#12216);
#12168 = B_SPLINE_CURVE_WITH_KNOTS('',3,(#12169,#12170,#12171,#12172,
    #12173,#12174,#12175,#12176,#12177,#12178,#12179,#12180,#12181,
    #12182,#12183,#12184,#12185,#12186,#12187,#12188,#12189,#12190,
    #12191,#12192,#12193,#12194,#12195,#12196,#12197,#12198,#12199,
    #12200,#12201,#12202,#12203,#12204,#12205,#12206,#12207,#12208,
    #12209,#12210,#12211,#12212,#12213,#12214,#12215),.UNSPECIFIED.,.F.,
  .F.,(4,1,1,1,1,1,1,1,1,1,1,1,1,1,1,1,1,1,1,1,1,1,1,1,1,1,1,1,1,1,1,1,1
    ,1,1,1,1,1,1,1,1,1,1,1,4),(4.113479382394E-06,4.477488023196E-06,
    4.841496663998E-06,5.205505304799E-06,5.569513945601E-06,
    5.933522586403E-06,6.297531227205E-06,6.661539868006E-06,
    7.025548508808E-06,7.38955714961E-06,7.753565790411E-06,
    8.117574431213E-06,8.481583072015E-06,8.845591712817E-06,
    9.209600353618E-06,9.57360899442E-06,9.937617635222E-06,
    1.030162627602E-05,1.066563491683E-05,1.102964355763E-05,
    1.139365219843E-05,1.175766083923E-05,1.212166948003E-05,
    1.248567812083E-05,1.284968676164E-05,1.321369540244E-05,
    1.357770404324E-05,1.394171268404E-05,1.430572132484E-05,
    1.466972996564E-05,1.503373860645E-05,1.539774724725E-05,
    1.576175588805E-05,1.612576452885E-05,1.648977316965E-05,
    1.685378181045E-05,1.721779045126E-05,1.758179909206E-05,
    1.794580773286E-05,1.830981637366E-05,1.867382501446E-05,
    1.903783365526E-05,1.940184229607E-05,1.976585093687E-05,
    2.012985957767E-05),.QUASI_UNIFORM_KNOTS.);
#12169 = CARTESIAN_POINT('',(3.11572166058,-7.504973093862));
#12170 = CARTESIAN_POINT('',(3.11567303399,-7.504978326922));
#12171 = CARTESIAN_POINT('',(3.115575464371,-7.504979881044));
#12172 = CARTESIAN_POINT('',(3.115429231505,-7.504955550216));
#12173 = CARTESIAN_POINT('',(3.115284780818,-7.504904857099));
#12174 = CARTESIAN_POINT('',(3.115141708831,-7.504827311346));
#12175 = CARTESIAN_POINT('',(3.115000908702,-7.504723841658));
#12176 = CARTESIAN_POINT('',(3.114863511445,-7.504595257987));
#12177 = CARTESIAN_POINT('',(3.114730759873,-7.504442652011));
#12178 = CARTESIAN_POINT('',(3.114603211746,-7.504266107264));
#12179 = CARTESIAN_POINT('',(3.114480441478,-7.504065489541));
#12180 = CARTESIAN_POINT('',(3.114363748894,-7.503843069852));
#12181 = CARTESIAN_POINT('',(3.114253901745,-7.503600284323));
#12182 = CARTESIAN_POINT('',(3.114152151794,-7.503339611165));
#12183 = CARTESIAN_POINT('',(3.11405810927,-7.50305958518));
#12184 = CARTESIAN_POINT('',(3.113972206293,-7.502762195241));
#12185 = CARTESIAN_POINT('',(3.113895159329,-7.502449991818));
#12186 = CARTESIAN_POINT('',(3.113827604923,-7.502125436556));
#12187 = CARTESIAN_POINT('',(3.113770214962,-7.501790784799));
#12188 = CARTESIAN_POINT('',(3.113722597948,-7.501444197957));
#12189 = CARTESIAN_POINT('',(3.113685167415,-7.501089462359));
#12190 = CARTESIAN_POINT('',(3.113658175745,-7.500728975437));
#12191 = CARTESIAN_POINT('',(3.113641955829,-7.500366540104));
#12192 = CARTESIAN_POINT('',(3.113636678011,-7.500001675678));
#12193 = CARTESIAN_POINT('',(3.113642153069,-7.499635126524));
#12194 = CARTESIAN_POINT('',(3.113658292628,-7.499270467348));
#12195 = CARTESIAN_POINT('',(3.113684988058,-7.498910331066));
#12196 = CARTESIAN_POINT('',(3.113722110906,-7.498558287405));
#12197 = CARTESIAN_POINT('',(3.11376990121,-7.498212134025));
#12198 = CARTESIAN_POINT('',(3.1138277713,-7.497874977992));
#12199 = CARTESIAN_POINT('',(3.113895280402,-7.497549280953));
#12200 = CARTESIAN_POINT('',(3.113971810945,-7.497238156579));
#12201 = CARTESIAN_POINT('',(3.114057305658,-7.496942755857));
#12202 = CARTESIAN_POINT('',(3.114151788207,-7.496662215228));
#12203 = CARTESIAN_POINT('',(3.114254204595,-7.496399447236));
#12204 = CARTESIAN_POINT('',(3.114363872824,-7.496156185699));
#12205 = CARTESIAN_POINT('',(3.114479671335,-7.49593520946));
#12206 = CARTESIAN_POINT('',(3.114602268573,-7.495735506955));
#12207 = CARTESIAN_POINT('',(3.114730708619,-7.495558093093));
#12208 = CARTESIAN_POINT('',(3.114863939686,-7.495404351065));
#12209 = CARTESIAN_POINT('',(3.115000869262,-7.495275584289));
#12210 = CARTESIAN_POINT('',(3.115140663614,-7.495173046993));
#12211 = CARTESIAN_POINT('',(3.115283989277,-7.495095949201));
#12212 = CARTESIAN_POINT('',(3.115429336002,-7.495044910195));
#12213 = CARTESIAN_POINT('',(3.11557557225,-7.495020243084));
#12214 = CARTESIAN_POINT('',(3.115673069232,-7.495021663779));
#12215 = CARTESIAN_POINT('',(3.115721660579,-7.49502690614));
#12216 = ( GEOMETRIC_REPRESENTATION_CONTEXT(2) 
PARAMETRIC_REPRESENTATION_CONTEXT() REPRESENTATION_CONTEXT('2D SPACE',''
  ) );
#12217 = PCURVE('',#6082,#12218);
#12218 = DEFINITIONAL_REPRESENTATION('',(#12219),#12267);
#12219 = B_SPLINE_CURVE_WITH_KNOTS('',3,(#12220,#12221,#12222,#12223,
    #12224,#12225,#12226,#12227,#12228,#12229,#12230,#12231,#12232,
    #12233,#12234,#12235,#12236,#12237,#12238,#12239,#12240,#12241,
    #12242,#12243,#12244,#12245,#12246,#12247,#12248,#12249,#12250,
    #12251,#12252,#12253,#12254,#12255,#12256,#12257,#12258,#12259,
    #12260,#12261,#12262,#12263,#12264,#12265,#12266),.UNSPECIFIED.,.F.,
  .F.,(4,1,1,1,1,1,1,1,1,1,1,1,1,1,1,1,1,1,1,1,1,1,1,1,1,1,1,1,1,1,1,1,1
    ,1,1,1,1,1,1,1,1,1,1,1,4),(4.113479382394E-06,4.477488023196E-06,
    4.841496663998E-06,5.205505304799E-06,5.569513945601E-06,
    5.933522586403E-06,6.297531227205E-06,6.661539868006E-06,
    7.025548508808E-06,7.38955714961E-06,7.753565790411E-06,
    8.117574431213E-06,8.481583072015E-06,8.845591712817E-06,
    9.209600353618E-06,9.57360899442E-06,9.937617635222E-06,
    1.030162627602E-05,1.066563491683E-05,1.102964355763E-05,
    1.139365219843E-05,1.175766083923E-05,1.212166948003E-05,
    1.248567812083E-05,1.284968676164E-05,1.321369540244E-05,
    1.357770404324E-05,1.394171268404E-05,1.430572132484E-05,
    1.466972996564E-05,1.503373860645E-05,1.539774724725E-05,
    1.576175588805E-05,1.612576452885E-05,1.648977316965E-05,
    1.685378181045E-05,1.721779045126E-05,1.758179909206E-05,
    1.794580773286E-05,1.830981637366E-05,1.867382501446E-05,
    1.903783365526E-05,1.940184229607E-05,1.976585093687E-05,
    2.012985957767E-05),.QUASI_UNIFORM_KNOTS.);
#12220 = CARTESIAN_POINT('',(0.,-1.499163411313));
#12221 = CARTESIAN_POINT('',(2.443733981185E-02,-1.499160283925));
#12222 = CARTESIAN_POINT('',(7.331459404895E-02,-1.499153959823));
#12223 = CARTESIAN_POINT('',(0.146498235939,-1.499144409348));
#12224 = CARTESIAN_POINT('',(0.219104669204,-1.499134925794));
#12225 = CARTESIAN_POINT('',(0.291756445173,-1.499125683851));
#12226 = CARTESIAN_POINT('',(0.364367473061,-1.499116402539));
#12227 = CARTESIAN_POINT('',(0.436732208829,-1.49910713089));
#12228 = CARTESIAN_POINT('',(0.508585210115,-1.499098062097));
#12229 = CARTESIAN_POINT('',(0.580084492506,-1.499089600944));
#12230 = CARTESIAN_POINT('',(0.651830330664,-1.499081451502));
#12231 = CARTESIAN_POINT('',(0.723426036596,-1.499073513976));
#12232 = CARTESIAN_POINT('',(0.794785289449,-1.499065853184));
#12233 = CARTESIAN_POINT('',(0.865525749636,-1.499058800377));
#12234 = CARTESIAN_POINT('',(0.936401269134,-1.499052525967));
#12235 = CARTESIAN_POINT('',(1.007377808686,-1.499046695869));
#12236 = CARTESIAN_POINT('',(1.078233519051,-1.49904129145));
#12237 = CARTESIAN_POINT('',(1.148786190936,-1.499036417447));
#12238 = CARTESIAN_POINT('',(1.218906487164,-1.499032483136));
#12239 = CARTESIAN_POINT('',(1.289409492788,-1.499029345555));
#12240 = CARTESIAN_POINT('',(1.359931186757,-1.499026760489));
#12241 = CARTESIAN_POINT('',(1.430379360728,-1.499024735881));
#12242 = CARTESIAN_POINT('',(1.500394262799,-1.499023461226));
#12243 = CARTESIAN_POINT('',(1.570472701311,-1.499023256937));
#12244 = CARTESIAN_POINT('',(1.640885286887,-1.499023761334));
#12245 = CARTESIAN_POINT('',(1.711330515968,-1.499024843701));
#12246 = CARTESIAN_POINT('',(1.781684614679,-1.499026521419));
#12247 = CARTESIAN_POINT('',(1.851656785141,-1.49902910144));
#12248 = CARTESIAN_POINT('',(1.922103161293,-1.499032615081));
#12249 = CARTESIAN_POINT('',(1.992767390171,-1.499036688948));
#12250 = CARTESIAN_POINT('',(2.063514315681,-1.499041254938));
#12251 = CARTESIAN_POINT('',(2.134056197249,-1.499046376168));
#12252 = CARTESIAN_POINT('',(2.204591799976,-1.499052400212));
#12253 = CARTESIAN_POINT('',(2.275680332323,-1.499059037901));
#12254 = CARTESIAN_POINT('',(2.3469503235,-1.499066033216));
#12255 = CARTESIAN_POINT('',(2.418311505531,-1.499073341317));
#12256 = CARTESIAN_POINT('',(2.489379319121,-1.499081141477));
#12257 = CARTESIAN_POINT('',(2.56094379377,-1.499089620621));
#12258 = CARTESIAN_POINT('',(2.632913606115,-1.499098348142));
#12259 = CARTESIAN_POINT('',(2.705088107236,-1.499107186255));
#12260 = CARTESIAN_POINT('',(2.77724973449,-1.499116123452));
#12261 = CARTESIAN_POINT('',(2.849316431862,-1.499125468522));
#12262 = CARTESIAN_POINT('',(2.922065406958,-1.499135092207));
#12263 = CARTESIAN_POINT('',(2.99513383378,-1.499144641958));
#12264 = CARTESIAN_POINT('',(3.068330957509,-1.499154023535));
#12265 = CARTESIAN_POINT('',(3.117175176186,-1.499160273082));
#12266 = CARTESIAN_POINT('',(3.141592653556,-1.499163411314));
#12267 = ( GEOMETRIC_REPRESENTATION_CONTEXT(2) 
PARAMETRIC_REPRESENTATION_CONTEXT() REPRESENTATION_CONTEXT('2D SPACE',''
  ) );
#12268 = ADVANCED_FACE('',(#12269),#6192,.F.);
#12269 = FACE_BOUND('',#12270,.F.);
#12270 = EDGE_LOOP('',(#12271,#12272,#12273));
#12271 = ORIENTED_EDGE('',*,*,#12103,.F.);
#12272 = ORIENTED_EDGE('',*,*,#6226,.F.);
#12273 = ORIENTED_EDGE('',*,*,#6154,.T.);
#12274 = ADVANCED_FACE('',(#12275),#6082,.F.);
#12275 = FACE_BOUND('',#12276,.F.);
#12276 = EDGE_LOOP('',(#12277,#12278,#12279));
#12277 = ORIENTED_EDGE('',*,*,#12129,.F.);
#12278 = ORIENTED_EDGE('',*,*,#6094,.F.);
#12279 = ORIENTED_EDGE('',*,*,#6066,.T.);
#12280 = ADVANCED_FACE('',(#12281),#6420,.F.);
#12281 = FACE_BOUND('',#12282,.F.);
#12282 = EDGE_LOOP('',(#12283,#12284));
#12283 = ORIENTED_EDGE('',*,*,#6379,.F.);
#12284 = ORIENTED_EDGE('',*,*,#12285,.F.);
#12285 = EDGE_CURVE('',#6251,#6253,#12286,.T.);
#12286 = SURFACE_CURVE('',#12287,(#12292,#12299),.PCURVE_S1.);
#12287 = CIRCLE('',#12288,2.5);
#12288 = AXIS2_PLACEMENT_3D('',#12289,#12290,#12291);
#12289 = CARTESIAN_POINT('',(277.,74.064670267905,52.5));
#12290 = DIRECTION('',(1.,-0.,0.));
#12291 = DIRECTION('',(0.,0.,-1.));
#12292 = PCURVE('',#6420,#12293);
#12293 = DEFINITIONAL_REPRESENTATION('',(#12294),#12298);
#12294 = LINE('',#12295,#12296);
#12295 = CARTESIAN_POINT('',(0.,2.824623343157E-15));
#12296 = VECTOR('',#12297,1.);
#12297 = DIRECTION('',(1.,-2.873744565867E-16));
#12298 = ( GEOMETRIC_REPRESENTATION_CONTEXT(2) 
PARAMETRIC_REPRESENTATION_CONTEXT() REPRESENTATION_CONTEXT('2D SPACE',''
  ) );
#12299 = PCURVE('',#6323,#12300);
#12300 = DEFINITIONAL_REPRESENTATION('',(#12301),#12305);
#12301 = LINE('',#12302,#12303);
#12302 = CARTESIAN_POINT('',(0.,-14.));
#12303 = VECTOR('',#12304,1.);
#12304 = DIRECTION('',(1.,0.));
#12305 = ( GEOMETRIC_REPRESENTATION_CONTEXT(2) 
PARAMETRIC_REPRESENTATION_CONTEXT() REPRESENTATION_CONTEXT('2D SPACE',''
  ) );
#12306 = ADVANCED_FACE('',(#12307),#6323,.F.);
#12307 = FACE_BOUND('',#12308,.F.);
#12308 = EDGE_LOOP('',(#12309,#12310));
#12309 = ORIENTED_EDGE('',*,*,#6250,.F.);
#12310 = ORIENTED_EDGE('',*,*,#12285,.T.);
#12311 = ADVANCED_FACE('',(#12312),#5857,.F.);
#12312 = FACE_BOUND('',#12313,.F.);
#12313 = EDGE_LOOP('',(#12314,#12336,#12337));
#12314 = ORIENTED_EDGE('',*,*,#12315,.F.);
#12315 = EDGE_CURVE('',#5703,#5766,#12316,.T.);
#12316 = SURFACE_CURVE('',#12317,(#12322,#12329),.PCURVE_S1.);
#12317 = CIRCLE('',#12318,2.);
#12318 = AXIS2_PLACEMENT_3D('',#12319,#12320,#12321);
#12319 = CARTESIAN_POINT('',(260.5,74.,50.));
#12320 = DIRECTION('',(0.,-0.,1.));
#12321 = DIRECTION('',(1.,0.,0.));
#12322 = PCURVE('',#5857,#12323);
#12323 = DEFINITIONAL_REPRESENTATION('',(#12324),#12328);
#12324 = LINE('',#12325,#12326);
#12325 = CARTESIAN_POINT('',(0.,-7.842149977035E-16));
#12326 = VECTOR('',#12327,1.);
#12327 = DIRECTION('',(1.,0.));
#12328 = ( GEOMETRIC_REPRESENTATION_CONTEXT(2) 
PARAMETRIC_REPRESENTATION_CONTEXT() REPRESENTATION_CONTEXT('2D SPACE',''
  ) );
#12329 = PCURVE('',#5725,#12330);
#12330 = DEFINITIONAL_REPRESENTATION('',(#12331),#12335);
#12331 = LINE('',#12332,#12333);
#12332 = CARTESIAN_POINT('',(0.,-10.));
#12333 = VECTOR('',#12334,1.);
#12334 = DIRECTION('',(1.,0.));
#12335 = ( GEOMETRIC_REPRESENTATION_CONTEXT(2) 
PARAMETRIC_REPRESENTATION_CONTEXT() REPRESENTATION_CONTEXT('2D SPACE',''
  ) );
#12336 = ORIENTED_EDGE('',*,*,#5891,.F.);
#12337 = ORIENTED_EDGE('',*,*,#5819,.T.);
#12338 = ADVANCED_FACE('',(#12339),#5725,.F.);
#12339 = FACE_BOUND('',#12340,.F.);
#12340 = EDGE_LOOP('',(#12341,#12342,#12343,#12344));
#12341 = ORIENTED_EDGE('',*,*,#7981,.F.);
#12342 = ORIENTED_EDGE('',*,*,#5702,.F.);
#12343 = ORIENTED_EDGE('',*,*,#12315,.T.);
#12344 = ORIENTED_EDGE('',*,*,#5765,.T.);
#12345 = ADVANCED_FACE('',(#12346),#5610,.F.);
#12346 = FACE_BOUND('',#12347,.F.);
#12347 = EDGE_LOOP('',(#12348,#12349,#12350,#12376));
#12348 = ORIENTED_EDGE('',*,*,#8010,.F.);
#12349 = ORIENTED_EDGE('',*,*,#5587,.F.);
#12350 = ORIENTED_EDGE('',*,*,#12351,.F.);
#12351 = EDGE_CURVE('',#5651,#5588,#12352,.T.);
#12352 = SURFACE_CURVE('',#12353,(#12358,#12365),.PCURVE_S1.);
#12353 = CIRCLE('',#12354,2.5);
#12354 = AXIS2_PLACEMENT_3D('',#12355,#12356,#12357);
#12355 = CARTESIAN_POINT('',(6.,50.,51.75));
#12356 = DIRECTION('',(0.,0.,-1.));
#12357 = DIRECTION('',(1.,0.,0.));
#12358 = PCURVE('',#5610,#12359);
#12359 = DEFINITIONAL_REPRESENTATION('',(#12360),#12364);
#12360 = LINE('',#12361,#12362);
#12361 = CARTESIAN_POINT('',(6.28318530718,-8.25));
#12362 = VECTOR('',#12363,1.);
#12363 = DIRECTION('',(-1.,0.));
#12364 = ( GEOMETRIC_REPRESENTATION_CONTEXT(2) 
PARAMETRIC_REPRESENTATION_CONTEXT() REPRESENTATION_CONTEXT('2D SPACE',''
  ) );
#12365 = PCURVE('',#4943,#12366);
#12366 = DEFINITIONAL_REPRESENTATION('',(#12367),#12375);
#12367 = ( BOUNDED_CURVE() B_SPLINE_CURVE(2,(#12368,#12369,#12370,#12371
    ,#12372,#12373,#12374),.UNSPECIFIED.,.T.,.F.) 
B_SPLINE_CURVE_WITH_KNOTS((1,2,2,2,2,1),(-2.094395102393,0.,
    2.094395102393,4.188790204786,6.28318530718,8.377580409573),
.UNSPECIFIED.) CURVE() GEOMETRIC_REPRESENTATION_ITEM() 
RATIONAL_B_SPLINE_CURVE((1.,0.5,1.,0.5,1.,0.5,1.)) REPRESENTATION_ITEM(
  '') );
#12368 = CARTESIAN_POINT('',(8.5,-8.));
#12369 = CARTESIAN_POINT('',(8.5,-12.33012701892));
#12370 = CARTESIAN_POINT('',(4.75,-10.16506350946));
#12371 = CARTESIAN_POINT('',(1.,-8.));
#12372 = CARTESIAN_POINT('',(4.75,-5.834936490539));
#12373 = CARTESIAN_POINT('',(8.5,-3.669872981078));
#12374 = CARTESIAN_POINT('',(8.5,-8.));
#12375 = ( GEOMETRIC_REPRESENTATION_CONTEXT(2) 
PARAMETRIC_REPRESENTATION_CONTEXT() REPRESENTATION_CONTEXT('2D SPACE',''
  ) );
#12376 = ORIENTED_EDGE('',*,*,#5650,.T.);
#12377 = ADVANCED_FACE('',(#12378),#5507,.F.);
#12378 = FACE_BOUND('',#12379,.F.);
#12379 = EDGE_LOOP('',(#12380,#12402,#12403));
#12380 = ORIENTED_EDGE('',*,*,#12381,.F.);
#12381 = EDGE_CURVE('',#5375,#5438,#12382,.T.);
#12382 = SURFACE_CURVE('',#12383,(#12388,#12395),.PCURVE_S1.);
#12383 = CIRCLE('',#12384,2.5);
#12384 = AXIS2_PLACEMENT_3D('',#12385,#12386,#12387);
#12385 = CARTESIAN_POINT('',(6.,30.,46.));
#12386 = DIRECTION('',(0.,-0.,1.));
#12387 = DIRECTION('',(1.,0.,0.));
#12388 = PCURVE('',#5507,#12389);
#12389 = DEFINITIONAL_REPRESENTATION('',(#12390),#12394);
#12390 = LINE('',#12391,#12392);
#12391 = CARTESIAN_POINT('',(0.,1.960537494259E-16));
#12392 = VECTOR('',#12393,1.);
#12393 = DIRECTION('',(1.,-6.240584666565E-17));
#12394 = ( GEOMETRIC_REPRESENTATION_CONTEXT(2) 
PARAMETRIC_REPRESENTATION_CONTEXT() REPRESENTATION_CONTEXT('2D SPACE',''
  ) );
#12395 = PCURVE('',#5397,#12396);
#12396 = DEFINITIONAL_REPRESENTATION('',(#12397),#12401);
#12397 = LINE('',#12398,#12399);
#12398 = CARTESIAN_POINT('',(0.,-14.));
#12399 = VECTOR('',#12400,1.);
#12400 = DIRECTION('',(1.,0.));
#12401 = ( GEOMETRIC_REPRESENTATION_CONTEXT(2) 
PARAMETRIC_REPRESENTATION_CONTEXT() REPRESENTATION_CONTEXT('2D SPACE',''
  ) );
#12402 = ORIENTED_EDGE('',*,*,#5519,.F.);
#12403 = ORIENTED_EDGE('',*,*,#5491,.T.);
#12404 = ADVANCED_FACE('',(#12405),#5397,.F.);
#12405 = FACE_BOUND('',#12406,.F.);
#12406 = EDGE_LOOP('',(#12407,#12408,#12409,#12410));
#12407 = ORIENTED_EDGE('',*,*,#8039,.F.);
#12408 = ORIENTED_EDGE('',*,*,#5374,.F.);
#12409 = ORIENTED_EDGE('',*,*,#12381,.T.);
#12410 = ORIENTED_EDGE('',*,*,#5437,.T.);
#12411 = ADVANCED_FACE('',(#12412),#5338,.F.);
#12412 = FACE_BOUND('',#12413,.F.);
#12413 = EDGE_LOOP('',(#12414,#12436,#12437));
#12414 = ORIENTED_EDGE('',*,*,#12415,.F.);
#12415 = EDGE_CURVE('',#5206,#5269,#12416,.T.);
#12416 = SURFACE_CURVE('',#12417,(#12422,#12429),.PCURVE_S1.);
#12417 = CIRCLE('',#12418,2.5);
#12418 = AXIS2_PLACEMENT_3D('',#12419,#12420,#12421);
#12419 = CARTESIAN_POINT('',(25.,74.,46.));
#12420 = DIRECTION('',(0.,-0.,1.));
#12421 = DIRECTION('',(1.,0.,0.));
#12422 = PCURVE('',#5338,#12423);
#12423 = DEFINITIONAL_REPRESENTATION('',(#12424),#12428);
#12424 = LINE('',#12425,#12426);
#12425 = CARTESIAN_POINT('',(0.,5.881612482776E-16));
#12426 = VECTOR('',#12427,1.);
#12427 = DIRECTION('',(1.,0.));
#12428 = ( GEOMETRIC_REPRESENTATION_CONTEXT(2) 
PARAMETRIC_REPRESENTATION_CONTEXT() REPRESENTATION_CONTEXT('2D SPACE',''
  ) );
#12429 = PCURVE('',#5228,#12430);
#12430 = DEFINITIONAL_REPRESENTATION('',(#12431),#12435);
#12431 = LINE('',#12432,#12433);
#12432 = CARTESIAN_POINT('',(0.,-14.));
#12433 = VECTOR('',#12434,1.);
#12434 = DIRECTION('',(1.,0.));
#12435 = ( GEOMETRIC_REPRESENTATION_CONTEXT(2) 
PARAMETRIC_REPRESENTATION_CONTEXT() REPRESENTATION_CONTEXT('2D SPACE',''
  ) );
#12436 = ORIENTED_EDGE('',*,*,#5350,.F.);
#12437 = ORIENTED_EDGE('',*,*,#5322,.T.);
#12438 = ADVANCED_FACE('',(#12439),#5228,.F.);
#12439 = FACE_BOUND('',#12440,.F.);
#12440 = EDGE_LOOP('',(#12441,#12442,#12443,#12444));
#12441 = ORIENTED_EDGE('',*,*,#8068,.F.);
#12442 = ORIENTED_EDGE('',*,*,#5205,.F.);
#12443 = ORIENTED_EDGE('',*,*,#12415,.T.);
#12444 = ORIENTED_EDGE('',*,*,#5268,.T.);
#12445 = ADVANCED_FACE('',(#12446),#5169,.F.);
#12446 = FACE_BOUND('',#12447,.F.);
#12447 = EDGE_LOOP('',(#12448,#12470,#12471));
#12448 = ORIENTED_EDGE('',*,*,#12449,.F.);
#12449 = EDGE_CURVE('',#5037,#5100,#12450,.T.);
#12450 = SURFACE_CURVE('',#12451,(#12456,#12463),.PCURVE_S1.);
#12451 = CIRCLE('',#12452,2.5);
#12452 = AXIS2_PLACEMENT_3D('',#12453,#12454,#12455);
#12453 = CARTESIAN_POINT('',(60.,74.,46.));
#12454 = DIRECTION('',(0.,-0.,1.));
#12455 = DIRECTION('',(1.,0.,0.));
#12456 = PCURVE('',#5169,#12457);
#12457 = DEFINITIONAL_REPRESENTATION('',(#12458),#12462);
#12458 = LINE('',#12459,#12460);
#12459 = CARTESIAN_POINT('',(0.,-9.802687471293E-16));
#12460 = VECTOR('',#12461,1.);
#12461 = DIRECTION('',(1.,0.));
#12462 = ( GEOMETRIC_REPRESENTATION_CONTEXT(2) 
PARAMETRIC_REPRESENTATION_CONTEXT() REPRESENTATION_CONTEXT('2D SPACE',''
  ) );
#12463 = PCURVE('',#5059,#12464);
#12464 = DEFINITIONAL_REPRESENTATION('',(#12465),#12469);
#12465 = LINE('',#12466,#12467);
#12466 = CARTESIAN_POINT('',(0.,-14.));
#12467 = VECTOR('',#12468,1.);
#12468 = DIRECTION('',(1.,0.));
#12469 = ( GEOMETRIC_REPRESENTATION_CONTEXT(2) 
PARAMETRIC_REPRESENTATION_CONTEXT() REPRESENTATION_CONTEXT('2D SPACE',''
  ) );
#12470 = ORIENTED_EDGE('',*,*,#5181,.F.);
#12471 = ORIENTED_EDGE('',*,*,#5153,.T.);
#12472 = ADVANCED_FACE('',(#12473),#5059,.F.);
#12473 = FACE_BOUND('',#12474,.F.);
#12474 = EDGE_LOOP('',(#12475,#12476,#12477,#12478));
#12475 = ORIENTED_EDGE('',*,*,#8097,.F.);
#12476 = ORIENTED_EDGE('',*,*,#5036,.F.);
#12477 = ORIENTED_EDGE('',*,*,#12449,.T.);
#12478 = ORIENTED_EDGE('',*,*,#5099,.T.);
#12479 = ADVANCED_FACE('',(#12480),#7867,.T.);
#12480 = FACE_BOUND('',#12481,.T.);
#12481 = EDGE_LOOP('',(#12482,#12483,#12484,#12485));
#12482 = ORIENTED_EDGE('',*,*,#7851,.F.);
#12483 = ORIENTED_EDGE('',*,*,#10210,.F.);
#12484 = ORIENTED_EDGE('',*,*,#11935,.F.);
#12485 = ORIENTED_EDGE('',*,*,#8815,.F.);
#12486 = ADVANCED_FACE('',(#12487),#7967,.F.);
#12487 = FACE_BOUND('',#12488,.T.);
#12488 = EDGE_LOOP('',(#12489,#12490,#12491,#12492));
#12489 = ORIENTED_EDGE('',*,*,#7953,.F.);
#12490 = ORIENTED_EDGE('',*,*,#11171,.F.);
#12491 = ORIENTED_EDGE('',*,*,#11891,.F.);
#12492 = ORIENTED_EDGE('',*,*,#11644,.F.);
#12493 = ADVANCED_FACE('',(#12494,#12520),#4943,.F.);
#12494 = FACE_BOUND('',#12495,.T.);
#12495 = EDGE_LOOP('',(#12496,#12497,#12518,#12519));
#12496 = ORIENTED_EDGE('',*,*,#10050,.T.);
#12497 = ORIENTED_EDGE('',*,*,#12498,.F.);
#12498 = EDGE_CURVE('',#11529,#10051,#12499,.T.);
#12499 = SURFACE_CURVE('',#12500,(#12504,#12511),.PCURVE_S1.);
#12500 = LINE('',#12501,#12502);
#12501 = CARTESIAN_POINT('',(-1.214306433184E-14,46.,51.75));
#12502 = VECTOR('',#12503,1.);
#12503 = DIRECTION('',(1.,2.040851148208E-16,-0.));
#12504 = PCURVE('',#4943,#12505);
#12505 = DEFINITIONAL_REPRESENTATION('',(#12506),#12510);
#12506 = LINE('',#12507,#12508);
#12507 = CARTESIAN_POINT('',(3.469446951954E-15,-12.));
#12508 = VECTOR('',#12509,1.);
#12509 = DIRECTION('',(1.,2.040851148208E-16));
#12510 = ( GEOMETRIC_REPRESENTATION_CONTEXT(2) 
PARAMETRIC_REPRESENTATION_CONTEXT() REPRESENTATION_CONTEXT('2D SPACE',''
  ) );
#12511 = PCURVE('',#10149,#12512);
#12512 = DEFINITIONAL_REPRESENTATION('',(#12513),#12517);
#12513 = LINE('',#12514,#12515);
#12514 = CARTESIAN_POINT('',(1.570796326795,0.));
#12515 = VECTOR('',#12516,1.);
#12516 = DIRECTION('',(0.,1.));
#12517 = ( GEOMETRIC_REPRESENTATION_CONTEXT(2) 
PARAMETRIC_REPRESENTATION_CONTEXT() REPRESENTATION_CONTEXT('2D SPACE',''
  ) );
#12518 = ORIENTED_EDGE('',*,*,#11528,.F.);
#12519 = ORIENTED_EDGE('',*,*,#4920,.T.);
#12520 = FACE_BOUND('',#12521,.T.);
#12521 = EDGE_LOOP('',(#12522,#12523));
#12522 = ORIENTED_EDGE('',*,*,#5673,.F.);
#12523 = ORIENTED_EDGE('',*,*,#12351,.F.);
#12524 = ADVANCED_FACE('',(#12525),#4999,.F.);
#12525 = FACE_BOUND('',#12526,.F.);
#12526 = EDGE_LOOP('',(#12527,#12528,#12549,#12550));
#12527 = ORIENTED_EDGE('',*,*,#10074,.F.);
#12528 = ORIENTED_EDGE('',*,*,#12529,.F.);
#12529 = EDGE_CURVE('',#11483,#10075,#12530,.T.);
#12530 = SURFACE_CURVE('',#12531,(#12535,#12542),.PCURVE_S1.);
#12531 = LINE('',#12532,#12533);
#12532 = CARTESIAN_POINT('',(-1.561251128379E-14,58.,43.25));
#12533 = VECTOR('',#12534,1.);
#12534 = DIRECTION('',(1.,2.040851148208E-16,-0.));
#12535 = PCURVE('',#4999,#12536);
#12536 = DEFINITIONAL_REPRESENTATION('',(#12537),#12541);
#12537 = LINE('',#12538,#12539);
#12538 = CARTESIAN_POINT('',(4.712388980385,0.));
#12539 = VECTOR('',#12540,1.);
#12540 = DIRECTION('',(0.,1.));
#12541 = ( GEOMETRIC_REPRESENTATION_CONTEXT(2) 
PARAMETRIC_REPRESENTATION_CONTEXT() REPRESENTATION_CONTEXT('2D SPACE',''
  ) );
#12542 = PCURVE('',#10118,#12543);
#12543 = DEFINITIONAL_REPRESENTATION('',(#12544),#12548);
#12544 = LINE('',#12545,#12546);
#12545 = CARTESIAN_POINT('',(0.,0.));
#12546 = VECTOR('',#12547,1.);
#12547 = DIRECTION('',(-1.,2.040851148208E-16));
#12548 = ( GEOMETRIC_REPRESENTATION_CONTEXT(2) 
PARAMETRIC_REPRESENTATION_CONTEXT() REPRESENTATION_CONTEXT('2D SPACE',''
  ) );
#12549 = ORIENTED_EDGE('',*,*,#11505,.T.);
#12550 = ORIENTED_EDGE('',*,*,#4983,.T.);
#12551 = ADVANCED_FACE('',(#12552),#10118,.F.);
#12552 = FACE_BOUND('',#12553,.T.);
#12553 = EDGE_LOOP('',(#12554,#12555,#12556,#12557));
#12554 = ORIENTED_EDGE('',*,*,#10102,.T.);
#12555 = ORIENTED_EDGE('',*,*,#12529,.F.);
#12556 = ORIENTED_EDGE('',*,*,#11480,.F.);
#12557 = ORIENTED_EDGE('',*,*,#12558,.T.);
#12558 = EDGE_CURVE('',#11481,#10103,#12559,.T.);
#12559 = SURFACE_CURVE('',#12560,(#12564,#12571),.PCURVE_S1.);
#12560 = LINE('',#12561,#12562);
#12561 = CARTESIAN_POINT('',(-1.214306433184E-14,46.,43.25));
#12562 = VECTOR('',#12563,1.);
#12563 = DIRECTION('',(1.,2.040851148208E-16,-0.));
#12564 = PCURVE('',#10118,#12565);
#12565 = DEFINITIONAL_REPRESENTATION('',(#12566),#12570);
#12566 = LINE('',#12567,#12568);
#12567 = CARTESIAN_POINT('',(-3.469446951954E-15,-12.));
#12568 = VECTOR('',#12569,1.);
#12569 = DIRECTION('',(-1.,2.040851148208E-16));
#12570 = ( GEOMETRIC_REPRESENTATION_CONTEXT(2) 
PARAMETRIC_REPRESENTATION_CONTEXT() REPRESENTATION_CONTEXT('2D SPACE',''
  ) );
#12571 = PCURVE('',#10149,#12572);
#12572 = DEFINITIONAL_REPRESENTATION('',(#12573),#12577);
#12573 = LINE('',#12574,#12575);
#12574 = CARTESIAN_POINT('',(4.712388980385,0.));
#12575 = VECTOR('',#12576,1.);
#12576 = DIRECTION('',(0.,1.));
#12577 = ( GEOMETRIC_REPRESENTATION_CONTEXT(2) 
PARAMETRIC_REPRESENTATION_CONTEXT() REPRESENTATION_CONTEXT('2D SPACE',''
  ) );
#12578 = ADVANCED_FACE('',(#12579),#10149,.F.);
#12579 = FACE_BOUND('',#12580,.F.);
#12580 = EDGE_LOOP('',(#12581,#12582,#12583,#12584));
#12581 = ORIENTED_EDGE('',*,*,#12498,.F.);
#12582 = ORIENTED_EDGE('',*,*,#11551,.T.);
#12583 = ORIENTED_EDGE('',*,*,#12558,.T.);
#12584 = ORIENTED_EDGE('',*,*,#10130,.F.);
#12585 = ADVANCED_FACE('',(#12586),#9988,.F.);
#12586 = FACE_BOUND('',#12587,.F.);
#12587 = EDGE_LOOP('',(#12588,#12609,#12610,#12631));
#12588 = ORIENTED_EDGE('',*,*,#12589,.F.);
#12589 = EDGE_CURVE('',#11386,#9968,#12590,.T.);
#12590 = SURFACE_CURVE('',#12591,(#12595,#12602),.PCURVE_S1.);
#12591 = LINE('',#12592,#12593);
#12592 = CARTESIAN_POINT('',(-5.20417042793E-15,6.,51.75));
#12593 = VECTOR('',#12594,1.);
#12594 = DIRECTION('',(1.,2.040851148208E-16,-0.));
#12595 = PCURVE('',#9988,#12596);
#12596 = DEFINITIONAL_REPRESENTATION('',(#12597),#12601);
#12597 = LINE('',#12598,#12599);
#12598 = CARTESIAN_POINT('',(1.570796326795,0.));
#12599 = VECTOR('',#12600,1.);
#12600 = DIRECTION('',(0.,1.));
#12601 = ( GEOMETRIC_REPRESENTATION_CONTEXT(2) 
PARAMETRIC_REPRESENTATION_CONTEXT() REPRESENTATION_CONTEXT('2D SPACE',''
  ) );
#12602 = PCURVE('',#4827,#12603);
#12603 = DEFINITIONAL_REPRESENTATION('',(#12604),#12608);
#12604 = LINE('',#12605,#12606);
#12605 = CARTESIAN_POINT('',(0.,0.));
#12606 = VECTOR('',#12607,1.);
#12607 = DIRECTION('',(1.,2.040851148208E-16));
#12608 = ( GEOMETRIC_REPRESENTATION_CONTEXT(2) 
PARAMETRIC_REPRESENTATION_CONTEXT() REPRESENTATION_CONTEXT('2D SPACE',''
  ) );
#12609 = ORIENTED_EDGE('',*,*,#11408,.T.);
#12610 = ORIENTED_EDGE('',*,*,#12611,.T.);
#12611 = EDGE_CURVE('',#11409,#9938,#12612,.T.);
#12612 = SURFACE_CURVE('',#12613,(#12617,#12624),.PCURVE_S1.);
#12613 = LINE('',#12614,#12615);
#12614 = CARTESIAN_POINT('',(-5.20417042793E-15,6.,43.25));
#12615 = VECTOR('',#12616,1.);
#12616 = DIRECTION('',(1.,2.040851148208E-16,-0.));
#12617 = PCURVE('',#9988,#12618);
#12618 = DEFINITIONAL_REPRESENTATION('',(#12619),#12623);
#12619 = LINE('',#12620,#12621);
#12620 = CARTESIAN_POINT('',(4.712388980385,0.));
#12621 = VECTOR('',#12622,1.);
#12622 = DIRECTION('',(0.,1.));
#12623 = ( GEOMETRIC_REPRESENTATION_CONTEXT(2) 
PARAMETRIC_REPRESENTATION_CONTEXT() REPRESENTATION_CONTEXT('2D SPACE',''
  ) );
#12624 = PCURVE('',#9955,#12625);
#12625 = DEFINITIONAL_REPRESENTATION('',(#12626),#12630);
#12626 = LINE('',#12627,#12628);
#12627 = CARTESIAN_POINT('',(0.,0.));
#12628 = VECTOR('',#12629,1.);
#12629 = DIRECTION('',(-1.,2.040851148208E-16));
#12630 = ( GEOMETRIC_REPRESENTATION_CONTEXT(2) 
PARAMETRIC_REPRESENTATION_CONTEXT() REPRESENTATION_CONTEXT('2D SPACE',''
  ) );
#12631 = ORIENTED_EDGE('',*,*,#9967,.F.);
#12632 = ADVANCED_FACE('',(#12633),#4827,.F.);
#12633 = FACE_BOUND('',#12634,.T.);
#12634 = EDGE_LOOP('',(#12635,#12636,#12637,#12638));
#12635 = ORIENTED_EDGE('',*,*,#10000,.T.);
#12636 = ORIENTED_EDGE('',*,*,#12589,.F.);
#12637 = ORIENTED_EDGE('',*,*,#11385,.F.);
#12638 = ORIENTED_EDGE('',*,*,#4804,.T.);
#12639 = ADVANCED_FACE('',(#12640),#4883,.F.);
#12640 = FACE_BOUND('',#12641,.F.);
#12641 = EDGE_LOOP('',(#12642,#12643,#12664,#12665));
#12642 = ORIENTED_EDGE('',*,*,#10022,.F.);
#12643 = ORIENTED_EDGE('',*,*,#12644,.F.);
#12644 = EDGE_CURVE('',#11433,#9940,#12645,.T.);
#12645 = SURFACE_CURVE('',#12646,(#12650,#12657),.PCURVE_S1.);
#12646 = LINE('',#12647,#12648);
#12647 = CARTESIAN_POINT('',(-6.938893903907E-15,18.,43.25));
#12648 = VECTOR('',#12649,1.);
#12649 = DIRECTION('',(1.,2.040851148208E-16,-0.));
#12650 = PCURVE('',#4883,#12651);
#12651 = DEFINITIONAL_REPRESENTATION('',(#12652),#12656);
#12652 = LINE('',#12653,#12654);
#12653 = CARTESIAN_POINT('',(4.712388980385,0.));
#12654 = VECTOR('',#12655,1.);
#12655 = DIRECTION('',(0.,1.));
#12656 = ( GEOMETRIC_REPRESENTATION_CONTEXT(2) 
PARAMETRIC_REPRESENTATION_CONTEXT() REPRESENTATION_CONTEXT('2D SPACE',''
  ) );
#12657 = PCURVE('',#9955,#12658);
#12658 = DEFINITIONAL_REPRESENTATION('',(#12659),#12663);
#12659 = LINE('',#12660,#12661);
#12660 = CARTESIAN_POINT('',(1.734723475977E-15,12.));
#12661 = VECTOR('',#12662,1.);
#12662 = DIRECTION('',(-1.,2.040851148208E-16));
#12663 = ( GEOMETRIC_REPRESENTATION_CONTEXT(2) 
PARAMETRIC_REPRESENTATION_CONTEXT() REPRESENTATION_CONTEXT('2D SPACE',''
  ) );
#12664 = ORIENTED_EDGE('',*,*,#11455,.T.);
#12665 = ORIENTED_EDGE('',*,*,#4867,.T.);
#12666 = ADVANCED_FACE('',(#12667),#9955,.F.);
#12667 = FACE_BOUND('',#12668,.T.);
#12668 = EDGE_LOOP('',(#12669,#12670,#12671,#12672));
#12669 = ORIENTED_EDGE('',*,*,#9937,.T.);
#12670 = ORIENTED_EDGE('',*,*,#12644,.F.);
#12671 = ORIENTED_EDGE('',*,*,#11432,.F.);
#12672 = ORIENTED_EDGE('',*,*,#12611,.T.);
#12673 = ADVANCED_FACE('',(#12674,#12924),#4121,.F.);
#12674 = FACE_BOUND('',#12675,.F.);
#12675 = EDGE_LOOP('',(#12676,#12854,#12855,#12856));
#12676 = ORIENTED_EDGE('',*,*,#12677,.F.);
#12677 = EDGE_CURVE('',#4181,#12678,#12680,.T.);
#12678 = VERTEX_POINT('',#12679);
#12679 = CARTESIAN_POINT('',(7.919102438573,42.563068228783,10.));
#12680 = SURFACE_CURVE('',#12681,(#12708,#12781),.PCURVE_S1.);
#12681 = B_SPLINE_CURVE_WITH_KNOTS('',3,(#12682,#12683,#12684,#12685,
    #12686,#12687,#12688,#12689,#12690,#12691,#12692,#12693,#12694,
    #12695,#12696,#12697,#12698,#12699,#12700,#12701,#12702,#12703,
    #12704,#12705,#12706,#12707),.UNSPECIFIED.,.F.,.F.,(4,2,2,2,2,2,2,2,
    2,2,2,2,4),(2.201117333617E-17,7.374685622626E-04,1.106202843394E-03
    ,1.474937124525E-03,2.212405686788E-03,2.581139967919E-03,
    2.94987424905E-03,3.687342811313E-03,4.056077092444E-03,
    4.424811373575E-03,4.793545654707E-03,5.162279935838E-03,
    5.8997484981E-03),.UNSPECIFIED.);
#12682 = CARTESIAN_POINT('',(4.080897561426,42.563068228783,10.));
#12683 = CARTESIAN_POINT('',(4.123210662619,42.707283745714,
    9.801736443184));
#12684 = CARTESIAN_POINT('',(4.186204513523,42.863802079132,
    9.622725782826));
#12685 = CARTESIAN_POINT('',(4.332315978475,43.108075822775,
    9.38354999509));
#12686 = CARTESIAN_POINT('',(4.389766012659,43.190732861752,
    9.309172992034));
#12687 = CARTESIAN_POINT('',(4.521188099216,43.350486432417,
    9.175329083352));
#12688 = CARTESIAN_POINT('',(4.595536104944,43.428327253285,
    9.115120679324));
#12689 = CARTESIAN_POINT('',(4.848899724374,43.650914430072,
    8.953461982143));
#12690 = CARTESIAN_POINT('',(5.049515788457,43.776503208426,
    8.876610506512));
#12691 = CARTESIAN_POINT('',(5.390307208321,43.908696065711,
    8.799791194359));
#12692 = CARTESIAN_POINT('',(5.50744648007,43.94228195425,8.781267341662
    ));
#12693 = CARTESIAN_POINT('',(5.748668559846,43.987938798603,
    8.756367290742));
#12694 = CARTESIAN_POINT('',(5.874060819617,43.99985046861,
    8.750079750148));
#12695 = CARTESIAN_POINT('',(6.244685924281,44.00029475185,
    8.749842798868));
#12696 = CARTESIAN_POINT('',(6.493303589547,43.95317706323,
    8.774001149566));
#12697 = CARTESIAN_POINT('',(6.831155456474,43.82311351131,
    8.849496184451));
#12698 = CARTESIAN_POINT('',(6.939846187314,43.769334829084,
    8.881724165154));
#12699 = CARTESIAN_POINT('',(7.140913662457,43.646867513808,
    8.960147655029));
#12700 = CARTESIAN_POINT('',(7.232932674371,43.578723834034,
    9.005978366103));
#12701 = CARTESIAN_POINT('',(7.401156125621,43.431521370889,
    9.112717463538));
#12702 = CARTESIAN_POINT('',(7.477161124433,43.352317270486,
    9.173864643619));
#12703 = CARTESIAN_POINT('',(7.609175466378,43.192191807553,
    9.307882615009));
#12704 = CARTESIAN_POINT('',(7.666103960789,43.11050873893,
    9.381269433074));
#12705 = CARTESIAN_POINT('',(7.813539538863,42.864640162476,
    9.621705526403));
#12706 = CARTESIAN_POINT('',(7.876742258281,42.707444205159,
    9.801515847917));
#12707 = CARTESIAN_POINT('',(7.919102438573,42.563068228783,10.));
#12708 = PCURVE('',#4121,#12709);
#12709 = DEFINITIONAL_REPRESENTATION('',(#12710),#12780);
#12710 = B_SPLINE_CURVE_WITH_KNOTS('',3,(#12711,#12712,#12713,#12714,
    #12715,#12716,#12717,#12718,#12719,#12720,#12721,#12722,#12723,
    #12724,#12725,#12726,#12727,#12728,#12729,#12730,#12731,#12732,
    #12733,#12734,#12735,#12736,#12737,#12738,#12739,#12740,#12741,
    #12742,#12743,#12744,#12745,#12746,#12747,#12748,#12749,#12750,
    #12751,#12752,#12753,#12754,#12755,#12756,#12757,#12758,#12759,
    #12760,#12761,#12762,#12763,#12764,#12765,#12766,#12767,#12768,
    #12769,#12770,#12771,#12772,#12773,#12774,#12775,#12776,#12777,
    #12778,#12779),.UNSPECIFIED.,.F.,.F.,(4,1,1,1,1,1,1,1,1,1,1,1,1,1,1,
    1,1,1,1,1,1,1,1,1,1,1,1,1,1,1,1,1,1,1,1,1,1,1,1,1,1,1,1,1,1,1,1,1,1,
    1,1,1,1,1,1,1,1,1,1,1,1,1,1,1,1,1,4),(2.201117333617E-17,
    8.939012875912E-05,1.787802575182E-04,2.681703862773E-04,
    3.575605150364E-04,4.469506437955E-04,5.363407725546E-04,
    6.257309013137E-04,7.151210300728E-04,8.045111588319E-04,
    8.93901287591E-04,9.832914163501E-04,1.072681545109E-03,
    1.162071673868E-03,1.251461802627E-03,1.340851931386E-03,
    1.430242060146E-03,1.519632188905E-03,1.609022317664E-03,
    1.698412446423E-03,1.787802575182E-03,1.877192703941E-03,
    1.9665828327E-03,2.055972961459E-03,2.145363090218E-03,
    2.234753218977E-03,2.324143347737E-03,2.413533476496E-03,
    2.502923605255E-03,2.592313734014E-03,2.681703862773E-03,
    2.771093991532E-03,2.860484120291E-03,2.94987424905E-03,
    3.039264377809E-03,3.128654506568E-03,3.218044635327E-03,
    3.307434764087E-03,3.396824892846E-03,3.486215021605E-03,
    3.575605150364E-03,3.664995279123E-03,3.754385407882E-03,
    3.843775536641E-03,3.9331656654E-03,4.022555794159E-03,
    4.111945922918E-03,4.201336051678E-03,4.290726180437E-03,
    4.380116309196E-03,4.469506437955E-03,4.558896566714E-03,
    4.648286695473E-03,4.737676824232E-03,4.827066952991E-03,
    4.91645708175E-03,5.005847210509E-03,5.095237339269E-03,
    5.184627468028E-03,5.274017596787E-03,5.363407725546E-03,
    5.452797854305E-03,5.542187983064E-03,5.631578111823E-03,
    5.720968240582E-03,5.810358369341E-03,5.8997484981E-03),
  .QUASI_UNIFORM_KNOTS.);
#12711 = CARTESIAN_POINT('',(3.770467579085,4.080897561426));
#12712 = CARTESIAN_POINT('',(3.777459804701,4.086026422177));
#12713 = CARTESIAN_POINT('',(3.791386802865,4.096891842851));
#12714 = CARTESIAN_POINT('',(3.812103980593,4.115159810593));
#12715 = CARTESIAN_POINT('',(3.832647070545,4.135544367782));
#12716 = CARTESIAN_POINT('',(3.853014632248,4.15819221987));
#12717 = CARTESIAN_POINT('',(3.873204805162,4.183250247862));
#12718 = CARTESIAN_POINT('',(3.893215291407,4.210864677813));
#12719 = CARTESIAN_POINT('',(3.913043304521,4.241184180032));
#12720 = CARTESIAN_POINT('',(3.932685927394,4.274348302755));
#12721 = CARTESIAN_POINT('',(3.952138870298,4.310530638255));
#12722 = CARTESIAN_POINT('',(3.971289295641,4.349783270499));
#12723 = CARTESIAN_POINT('',(3.990062488704,4.392041861888));
#12724 = CARTESIAN_POINT('',(4.008376436183,4.437275199079));
#12725 = CARTESIAN_POINT('',(4.026142242542,4.485423613381));
#12726 = CARTESIAN_POINT('',(4.043420512968,4.536704281734));
#12727 = CARTESIAN_POINT('',(4.060186521498,4.591238071928));
#12728 = CARTESIAN_POINT('',(4.07642082758,4.649125190619));
#12729 = CARTESIAN_POINT('',(4.092129791563,4.710597683116));
#12730 = CARTESIAN_POINT('',(4.107051120004,4.774781875141));
#12731 = CARTESIAN_POINT('',(4.121189396231,4.841694042941));
#12732 = CARTESIAN_POINT('',(4.134518075086,4.911260019588));
#12733 = CARTESIAN_POINT('',(4.147018039536,4.983431379929));
#12734 = CARTESIAN_POINT('',(4.158666638149,5.058147174878));
#12735 = CARTESIAN_POINT('',(4.169443147186,5.135370809316));
#12736 = CARTESIAN_POINT('',(4.179318075572,5.214980796179));
#12737 = CARTESIAN_POINT('',(4.188290706583,5.297170862221));
#12738 = CARTESIAN_POINT('',(4.196230139086,5.380754414362));
#12739 = CARTESIAN_POINT('',(4.203126758868,5.46553566938));
#12740 = CARTESIAN_POINT('',(4.208989151631,5.551581612123));
#12741 = CARTESIAN_POINT('',(4.213825212463,5.63878399708));
#12742 = CARTESIAN_POINT('',(4.217624984013,5.72749328044));
#12743 = CARTESIAN_POINT('',(4.220365988964,5.817272689421));
#12744 = CARTESIAN_POINT('',(4.222034669148,5.907553735538));
#12745 = CARTESIAN_POINT('',(4.222615325915,5.997645722641));
#12746 = CARTESIAN_POINT('',(4.222091652815,6.087478500932));
#12747 = CARTESIAN_POINT('',(4.220477843803,6.177285966272));
#12748 = CARTESIAN_POINT('',(4.217789358307,6.266667896791));
#12749 = CARTESIAN_POINT('',(4.214041236797,6.355393778105));
#12750 = CARTESIAN_POINT('',(4.209248370127,6.443188383616));
#12751 = CARTESIAN_POINT('',(4.203425791464,6.529785628099));
#12752 = CARTESIAN_POINT('',(4.19658712588,6.614927573053));
#12753 = CARTESIAN_POINT('',(4.188750568419,6.698314551703));
#12754 = CARTESIAN_POINT('',(4.17991675346,6.779805663649));
#12755 = CARTESIAN_POINT('',(4.170067116079,6.859768444709));
#12756 = CARTESIAN_POINT('',(4.159268786621,6.937677271849));
#12757 = CARTESIAN_POINT('',(4.147566979135,7.01322570194));
#12758 = CARTESIAN_POINT('',(4.135016941326,7.08599535063));
#12759 = CARTESIAN_POINT('',(4.121706529808,7.155749560997));
#12760 = CARTESIAN_POINT('',(4.107633651901,7.22259942622));
#12761 = CARTESIAN_POINT('',(4.092814473408,7.286573759696));
#12762 = CARTESIAN_POINT('',(4.077251919488,7.347757768834));
#12763 = CARTESIAN_POINT('',(4.060972993365,7.406013922356));
#12764 = CARTESIAN_POINT('',(4.044085524182,7.461161476884));
#12765 = CARTESIAN_POINT('',(4.026675291926,7.513064949303));
#12766 = CARTESIAN_POINT('',(4.008857555192,7.561477074327));
#12767 = CARTESIAN_POINT('',(3.99060897925,7.60670355262));
#12768 = CARTESIAN_POINT('',(3.971926044502,7.648892021412));
#12769 = CARTESIAN_POINT('',(3.952833602096,7.688123939019));
#12770 = CARTESIAN_POINT('',(3.933287035155,7.724590229554));
#12771 = CARTESIAN_POINT('',(3.913527909201,7.758045418056));
#12772 = CARTESIAN_POINT('',(3.893599196233,7.788585964726));
#12773 = CARTESIAN_POINT('',(3.87349482148,7.81637902325));
#12774 = CARTESIAN_POINT('',(3.85322139783,7.841572805051));
#12775 = CARTESIAN_POINT('',(3.832781653036,7.864320597122));
#12776 = CARTESIAN_POINT('',(3.812178819776,7.884774326431));
#12777 = CARTESIAN_POINT('',(3.791415482584,7.903086284487));
#12778 = CARTESIAN_POINT('',(3.777467585275,7.913967871264));
#12779 = CARTESIAN_POINT('',(3.770467579085,7.919102438573));
#12780 = ( GEOMETRIC_REPRESENTATION_CONTEXT(2) 
PARAMETRIC_REPRESENTATION_CONTEXT() REPRESENTATION_CONTEXT('2D SPACE',''
  ) );
#12781 = PCURVE('',#4197,#12782);
#12782 = DEFINITIONAL_REPRESENTATION('',(#12783),#12853);
#12783 = B_SPLINE_CURVE_WITH_KNOTS('',3,(#12784,#12785,#12786,#12787,
    #12788,#12789,#12790,#12791,#12792,#12793,#12794,#12795,#12796,
    #12797,#12798,#12799,#12800,#12801,#12802,#12803,#12804,#12805,
    #12806,#12807,#12808,#12809,#12810,#12811,#12812,#12813,#12814,
    #12815,#12816,#12817,#12818,#12819,#12820,#12821,#12822,#12823,
    #12824,#12825,#12826,#12827,#12828,#12829,#12830,#12831,#12832,
    #12833,#12834,#12835,#12836,#12837,#12838,#12839,#12840,#12841,
    #12842,#12843,#12844,#12845,#12846,#12847,#12848,#12849,#12850,
    #12851,#12852),.UNSPECIFIED.,.F.,.F.,(4,1,1,1,1,1,1,1,1,1,1,1,1,1,1,
    1,1,1,1,1,1,1,1,1,1,1,1,1,1,1,1,1,1,1,1,1,1,1,1,1,1,1,1,1,1,1,1,1,1,
    1,1,1,1,1,1,1,1,1,1,1,1,1,1,1,1,1,4),(2.201117333617E-17,
    8.939012875912E-05,1.787802575182E-04,2.681703862773E-04,
    3.575605150364E-04,4.469506437955E-04,5.363407725546E-04,
    6.257309013137E-04,7.151210300728E-04,8.045111588319E-04,
    8.93901287591E-04,9.832914163501E-04,1.072681545109E-03,
    1.162071673868E-03,1.251461802627E-03,1.340851931386E-03,
    1.430242060146E-03,1.519632188905E-03,1.609022317664E-03,
    1.698412446423E-03,1.787802575182E-03,1.877192703941E-03,
    1.9665828327E-03,2.055972961459E-03,2.145363090218E-03,
    2.234753218977E-03,2.324143347737E-03,2.413533476496E-03,
    2.502923605255E-03,2.592313734014E-03,2.681703862773E-03,
    2.771093991532E-03,2.860484120291E-03,2.94987424905E-03,
    3.039264377809E-03,3.128654506568E-03,3.218044635327E-03,
    3.307434764087E-03,3.396824892846E-03,3.486215021605E-03,
    3.575605150364E-03,3.664995279123E-03,3.754385407882E-03,
    3.843775536641E-03,3.9331656654E-03,4.022555794159E-03,
    4.111945922918E-03,4.201336051678E-03,4.290726180437E-03,
    4.380116309196E-03,4.469506437955E-03,4.558896566714E-03,
    4.648286695473E-03,4.737676824232E-03,4.827066952991E-03,
    4.91645708175E-03,5.005847210509E-03,5.095237339269E-03,
    5.184627468028E-03,5.274017596787E-03,5.363407725546E-03,
    5.452797854305E-03,5.542187983064E-03,5.631578111823E-03,
    5.720968240582E-03,5.810358369341E-03,5.8997484981E-03),
  .QUASI_UNIFORM_KNOTS.);
#12784 = CARTESIAN_POINT('',(0.285392518305,-10.));
#12785 = CARTESIAN_POINT('',(0.294501722298,-9.975968053719));
#12786 = CARTESIAN_POINT('',(0.312977486145,-9.928469902985));
#12787 = CARTESIAN_POINT('',(0.34147984758,-9.858923183975));
#12788 = CARTESIAN_POINT('',(0.370785540537,-9.79108025906));
#12789 = CARTESIAN_POINT('',(0.400916293679,-9.724944396368));
#12790 = CARTESIAN_POINT('',(0.431898548512,-9.660518934133));
#12791 = CARTESIAN_POINT('',(0.463763743736,-9.597806949044));
#12792 = CARTESIAN_POINT('',(0.496548980636,-9.536812493861));
#12793 = CARTESIAN_POINT('',(0.530292969842,-9.477535978603));
#12794 = CARTESIAN_POINT('',(0.565049857433,-9.419991408185));
#12795 = CARTESIAN_POINT('',(0.600699261559,-9.364489306291));
#12796 = CARTESIAN_POINT('',(0.637130751024,-9.311183603454));
#12797 = CARTESIAN_POINT('',(0.674242927613,-9.26025615415));
#12798 = CARTESIAN_POINT('',(0.711925591712,-9.211906177));
#12799 = CARTESIAN_POINT('',(0.750336408842,-9.165876969408));
#12800 = CARTESIAN_POINT('',(0.789510402625,-9.12216466982));
#12801 = CARTESIAN_POINT('',(0.829489090179,-9.080741645791));
#12802 = CARTESIAN_POINT('',(0.870401966601,-9.041521551484));
#12803 = CARTESIAN_POINT('',(0.911657351691,-9.005046175655));
#12804 = CARTESIAN_POINT('',(0.953309121635,-8.971199309638));
#12805 = CARTESIAN_POINT('',(0.995345992109,-8.93994059098));
#12806 = CARTESIAN_POINT('',(1.037779819356,-8.911209012642));
#12807 = CARTESIAN_POINT('',(1.08061868826,-8.884950299713));
#12808 = CARTESIAN_POINT('',(1.123888599916,-8.861103893368));
#12809 = CARTESIAN_POINT('',(1.167575672292,-8.839627638295));
#12810 = CARTESIAN_POINT('',(1.211837334377,-8.820412049055));
#12811 = CARTESIAN_POINT('',(1.256108391096,-8.80364258331));
#12812 = CARTESIAN_POINT('',(1.300370089105,-8.789270262095));
#12813 = CARTESIAN_POINT('',(1.344740921281,-8.777201144688));
#12814 = CARTESIAN_POINT('',(1.389253470562,-8.767342583699));
#12815 = CARTESIAN_POINT('',(1.434161246596,-8.759643361694));
#12816 = CARTESIAN_POINT('',(1.479333196352,-8.754125767064));
#12817 = CARTESIAN_POINT('',(1.52457211168,-8.750786892432));
#12818 = CARTESIAN_POINT('',(1.569619611688,-8.74963970912));
#12819 = CARTESIAN_POINT('',(1.614534964132,-8.750658869416));
#12820 = CARTESIAN_POINT('',(1.659532401234,-8.75383534212));
#12821 = CARTESIAN_POINT('',(1.704501148056,-8.759196696109));
#12822 = CARTESIAN_POINT('',(1.749410433279,-8.766760637922));
#12823 = CARTESIAN_POINT('',(1.794203625063,-8.776547723365));
#12824 = CARTESIAN_POINT('',(1.8388268356,-8.788576973515));
#12825 = CARTESIAN_POINT('',(1.883230779324,-8.8028706991));
#12826 = CARTESIAN_POINT('',(1.927345173878,-8.819439586977));
#12827 = CARTESIAN_POINT('',(1.971189503901,-8.838337529828));
#12828 = CARTESIAN_POINT('',(2.015019721708,-8.859755452606));
#12829 = CARTESIAN_POINT('',(2.058615124175,-8.883642274813));
#12830 = CARTESIAN_POINT('',(2.101866031838,-8.910005568611));
#12831 = CARTESIAN_POINT('',(2.144604917384,-8.938825501881));
#12832 = CARTESIAN_POINT('',(2.18670792032,-8.97000331453));
#12833 = CARTESIAN_POINT('',(2.228274314672,-9.00365037938));
#12834 = CARTESIAN_POINT('',(2.269346081206,-9.039832993888));
#12835 = CARTESIAN_POINT('',(2.309994322863,-9.078646395267));
#12836 = CARTESIAN_POINT('',(2.350168355548,-9.120147988661));
#12837 = CARTESIAN_POINT('',(2.389714669245,-9.164136417374));
#12838 = CARTESIAN_POINT('',(2.428510302461,-9.210470533196));
#12839 = CARTESIAN_POINT('',(2.466351328235,-9.25893366329));
#12840 = CARTESIAN_POINT('',(2.503392180778,-9.309638141697));
#12841 = CARTESIAN_POINT('',(2.539700441277,-9.362649727829));
#12842 = CARTESIAN_POINT('',(2.575280385868,-9.417953623032));
#12843 = CARTESIAN_POINT('',(2.610248323638,-9.475738529793));
#12844 = CARTESIAN_POINT('',(2.64422955206,-9.53533484625));
#12845 = CARTESIAN_POINT('',(2.677207552563,-9.596615700071));
#12846 = CARTESIAN_POINT('',(2.709241724875,-9.659603627788));
#12847 = CARTESIAN_POINT('',(2.740365161043,-9.724281131944));
#12848 = CARTESIAN_POINT('',(2.770611667149,-9.790641442175));
#12849 = CARTESIAN_POINT('',(2.800008082253,-9.858674913729));
#12850 = CARTESIAN_POINT('',(2.82857681723,-9.928372672311));
#12851 = CARTESIAN_POINT('',(2.847080779645,-9.975941314899));
#12852 = CARTESIAN_POINT('',(2.856200135285,-10.));
#12853 = ( GEOMETRIC_REPRESENTATION_CONTEXT(2) 
PARAMETRIC_REPRESENTATION_CONTEXT() REPRESENTATION_CONTEXT('2D SPACE',''
  ) );
#12854 = ORIENTED_EDGE('',*,*,#4210,.F.);
#12855 = ORIENTED_EDGE('',*,*,#4052,.F.);
#12856 = ORIENTED_EDGE('',*,*,#12857,.F.);
#12857 = EDGE_CURVE('',#12678,#4025,#12858,.T.);
#12858 = SURFACE_CURVE('',#12859,(#12866,#12895),.PCURVE_S1.);
#12859 = B_SPLINE_CURVE_WITH_KNOTS('',3,(#12860,#12861,#12862,#12863,
    #12864,#12865),.UNSPECIFIED.,.F.,.F.,(4,2,4),(2.357707604908E-04,
    1.273353043837E-03,2.310935327184E-03),.UNSPECIFIED.);
#12860 = CARTESIAN_POINT('',(7.919102438573,42.563068228783,10.));
#12861 = CARTESIAN_POINT('',(7.650443906219,42.434588172498,
    10.176630874966));
#12862 = CARTESIAN_POINT('',(7.373639737557,42.326355114476,
    10.353594495163));
#12863 = CARTESIAN_POINT('',(6.808375463869,42.140552723278,
    10.709081226203));
#12864 = CARTESIAN_POINT('',(6.521631655085,42.063034374847,
    10.888293318877));
#12865 = CARTESIAN_POINT('',(6.229440731051,42.,11.063859338365));
#12866 = PCURVE('',#4121,#12867);
#12867 = DEFINITIONAL_REPRESENTATION('',(#12868),#12894);
#12868 = B_SPLINE_CURVE_WITH_KNOTS('',3,(#12869,#12870,#12871,#12872,
    #12873,#12874,#12875,#12876,#12877,#12878,#12879,#12880,#12881,
    #12882,#12883,#12884,#12885,#12886,#12887,#12888,#12889,#12890,
    #12891,#12892,#12893),.UNSPECIFIED.,.F.,.F.,(4,1,1,1,1,1,1,1,1,1,1,1
    ,1,1,1,1,1,1,1,1,1,1,4),(2.357707604908E-04,3.300964226132E-04,
    4.244220847356E-04,5.18747746858E-04,6.130734089804E-04,
    7.073990711028E-04,8.017247332252E-04,8.960503953476E-04,
    9.9037605747E-04,1.084701719592E-03,1.179027381715E-03,
    1.273353043837E-03,1.36767870596E-03,1.462004368082E-03,
    1.556330030204E-03,1.650655692327E-03,1.744981354449E-03,
    1.839307016572E-03,1.933632678694E-03,2.027958340817E-03,
    2.122284002939E-03,2.216609665061E-03,2.310935327184E-03),
  .QUASI_UNIFORM_KNOTS.);
#12869 = CARTESIAN_POINT('',(3.770467579085,7.919102438573));
#12870 = CARTESIAN_POINT('',(3.765795583063,7.894678935631));
#12871 = CARTESIAN_POINT('',(3.756496841809,7.845697291118));
#12872 = CARTESIAN_POINT('',(3.742678520011,7.771831356374));
#12873 = CARTESIAN_POINT('',(3.728983995118,7.697582401057));
#12874 = CARTESIAN_POINT('',(3.715407382066,7.622960874391));
#12875 = CARTESIAN_POINT('',(3.70194288046,7.547977218816));
#12876 = CARTESIAN_POINT('',(3.688584790607,7.472641902091));
#12877 = CARTESIAN_POINT('',(3.675327529393,7.396965297483));
#12878 = CARTESIAN_POINT('',(3.662165603073,7.320958130906));
#12879 = CARTESIAN_POINT('',(3.649093748835,7.244629812174));
#12880 = CARTESIAN_POINT('',(3.636106440997,7.167994662858));
#12881 = CARTESIAN_POINT('',(3.623199766939,7.091048673606));
#12882 = CARTESIAN_POINT('',(3.610364456927,7.013856246995));
#12883 = CARTESIAN_POINT('',(3.597598405791,6.936465317784));
#12884 = CARTESIAN_POINT('',(3.584905111166,6.8588554088));
#12885 = CARTESIAN_POINT('',(3.57228669109,6.781024373793));
#12886 = CARTESIAN_POINT('',(3.559745747922,6.702965154758));
#12887 = CARTESIAN_POINT('',(3.547284861904,6.624672009788));
#12888 = CARTESIAN_POINT('',(3.534906720071,6.546138844331));
#12889 = CARTESIAN_POINT('',(3.522614074449,6.467359658325));
#12890 = CARTESIAN_POINT('',(3.510409748251,6.38832842639));
#12891 = CARTESIAN_POINT('',(3.498296621337,6.30903912993));
#12892 = CARTESIAN_POINT('',(3.490283974669,6.256003542327));
#12893 = CARTESIAN_POINT('',(3.486293833388,6.229440731051));
#12894 = ( GEOMETRIC_REPRESENTATION_CONTEXT(2) 
PARAMETRIC_REPRESENTATION_CONTEXT() REPRESENTATION_CONTEXT('2D SPACE',''
  ) );
#12895 = PCURVE('',#4040,#12896);
#12896 = DEFINITIONAL_REPRESENTATION('',(#12897),#12923);
#12897 = B_SPLINE_CURVE_WITH_KNOTS('',3,(#12898,#12899,#12900,#12901,
    #12902,#12903,#12904,#12905,#12906,#12907,#12908,#12909,#12910,
    #12911,#12912,#12913,#12914,#12915,#12916,#12917,#12918,#12919,
    #12920,#12921,#12922),.UNSPECIFIED.,.F.,.F.,(4,1,1,1,1,1,1,1,1,1,1,1
    ,1,1,1,1,1,1,1,1,1,1,4),(2.357707604908E-04,3.300964226132E-04,
    4.244220847356E-04,5.18747746858E-04,6.130734089804E-04,
    7.073990711028E-04,8.017247332252E-04,8.960503953476E-04,
    9.9037605747E-04,1.084701719592E-03,1.179027381715E-03,
    1.273353043837E-03,1.36767870596E-03,1.462004368082E-03,
    1.556330030204E-03,1.650655692327E-03,1.744981354449E-03,
    1.839307016572E-03,1.933632678694E-03,2.027958340817E-03,
    2.122284002939E-03,2.216609665061E-03,2.310935327184E-03),
  .QUASI_UNIFORM_KNOTS.);
#12898 = CARTESIAN_POINT('',(2.856200135285,0.));
#12899 = CARTESIAN_POINT('',(2.858366076081,-1.605732855353E-02));
#12900 = CARTESIAN_POINT('',(2.862691388594,-4.817655042707E-02));
#12901 = CARTESIAN_POINT('',(2.869173421183,-9.637227102816E-02));
#12902 = CARTESIAN_POINT('',(2.875662309736,-0.144588184768));
#12903 = CARTESIAN_POINT('',(2.882174272572,-0.192827205496));
#12904 = CARTESIAN_POINT('',(2.888728552732,-0.241091991055));
#12905 = CARTESIAN_POINT('',(2.895348557434,-0.289384892344));
#12906 = CARTESIAN_POINT('',(2.902062903457,-0.337707994648));
#12907 = CARTESIAN_POINT('',(2.908907058374,-0.386062955863));
#12908 = CARTESIAN_POINT('',(2.915925187543,-0.434451535665));
#12909 = CARTESIAN_POINT('',(2.923174184292,-0.482873521674));
#12910 = CARTESIAN_POINT('',(2.930724069572,-0.531334314254));
#12911 = CARTESIAN_POINT('',(2.938678734038,-0.579816385405));
#12912 = CARTESIAN_POINT('',(2.947153500123,-0.628300405025));
#12913 = CARTESIAN_POINT('',(2.956291638281,-0.676789080671));
#12914 = CARTESIAN_POINT('',(2.966297759543,-0.725278493451));
#12915 = CARTESIAN_POINT('',(2.977469013016,-0.77376537181));
#12916 = CARTESIAN_POINT('',(2.99024435473,-0.822244561228));
#12917 = CARTESIAN_POINT('',(3.00534268342,-0.870708164434));
#12918 = CARTESIAN_POINT('',(3.023848925161,-0.91914454622));
#12919 = CARTESIAN_POINT('',(3.048125177875,-0.967529042087));
#12920 = CARTESIAN_POINT('',(3.081193550908,-1.015830459194));
#12921 = CARTESIAN_POINT('',(3.11787872587,-1.047885729841));
#12922 = CARTESIAN_POINT('',(3.14159265359,-1.063859338365));
#12923 = ( GEOMETRIC_REPRESENTATION_CONTEXT(2) 
PARAMETRIC_REPRESENTATION_CONTEXT() REPRESENTATION_CONTEXT('2D SPACE',''
  ) );
#12924 = FACE_BOUND('',#12925,.F.);
#12925 = EDGE_LOOP('',(#12926,#12947,#12948,#12969));
#12926 = ORIENTED_EDGE('',*,*,#12927,.F.);
#12927 = EDGE_CURVE('',#11291,#9860,#12928,.T.);
#12928 = SURFACE_CURVE('',#12929,(#12933,#12940),.PCURVE_S1.);
#12929 = LINE('',#12930,#12931);
#12930 = CARTESIAN_POINT('',(-1.214306433184E-14,46.,16.75));
#12931 = VECTOR('',#12932,1.);
#12932 = DIRECTION('',(1.,2.040851148208E-16,-0.));
#12933 = PCURVE('',#4121,#12934);
#12934 = DEFINITIONAL_REPRESENTATION('',(#12935),#12939);
#12935 = LINE('',#12936,#12937);
#12936 = CARTESIAN_POINT('',(1.570796326795,0.));
#12937 = VECTOR('',#12938,1.);
#12938 = DIRECTION('',(0.,1.));
#12939 = ( GEOMETRIC_REPRESENTATION_CONTEXT(2) 
PARAMETRIC_REPRESENTATION_CONTEXT() REPRESENTATION_CONTEXT('2D SPACE',''
  ) );
#12940 = PCURVE('',#4711,#12941);
#12941 = DEFINITIONAL_REPRESENTATION('',(#12942),#12946);
#12942 = LINE('',#12943,#12944);
#12943 = CARTESIAN_POINT('',(0.,0.));
#12944 = VECTOR('',#12945,1.);
#12945 = DIRECTION('',(1.,2.040851148208E-16));
#12946 = ( GEOMETRIC_REPRESENTATION_CONTEXT(2) 
PARAMETRIC_REPRESENTATION_CONTEXT() REPRESENTATION_CONTEXT('2D SPACE',''
  ) );
#12947 = ORIENTED_EDGE('',*,*,#11313,.T.);
#12948 = ORIENTED_EDGE('',*,*,#12949,.T.);
#12949 = EDGE_CURVE('',#11314,#9830,#12950,.T.);
#12950 = SURFACE_CURVE('',#12951,(#12955,#12962),.PCURVE_S1.);
#12951 = LINE('',#12952,#12953);
#12952 = CARTESIAN_POINT('',(-1.214306433184E-14,46.,8.25));
#12953 = VECTOR('',#12954,1.);
#12954 = DIRECTION('',(1.,2.040851148208E-16,-0.));
#12955 = PCURVE('',#4121,#12956);
#12956 = DEFINITIONAL_REPRESENTATION('',(#12957),#12961);
#12957 = LINE('',#12958,#12959);
#12958 = CARTESIAN_POINT('',(4.712388980385,0.));
#12959 = VECTOR('',#12960,1.);
#12960 = DIRECTION('',(0.,1.));
#12961 = ( GEOMETRIC_REPRESENTATION_CONTEXT(2) 
PARAMETRIC_REPRESENTATION_CONTEXT() REPRESENTATION_CONTEXT('2D SPACE',''
  ) );
#12962 = PCURVE('',#9847,#12963);
#12963 = DEFINITIONAL_REPRESENTATION('',(#12964),#12968);
#12964 = LINE('',#12965,#12966);
#12965 = CARTESIAN_POINT('',(0.,0.));
#12966 = VECTOR('',#12967,1.);
#12967 = DIRECTION('',(-1.,2.040851148208E-16));
#12968 = ( GEOMETRIC_REPRESENTATION_CONTEXT(2) 
PARAMETRIC_REPRESENTATION_CONTEXT() REPRESENTATION_CONTEXT('2D SPACE',''
  ) );
#12969 = ORIENTED_EDGE('',*,*,#9859,.F.);
#12970 = ADVANCED_FACE('',(#12971),#4711,.F.);
#12971 = FACE_BOUND('',#12972,.T.);
#12972 = EDGE_LOOP('',(#12973,#12974,#12975,#12976));
#12973 = ORIENTED_EDGE('',*,*,#9887,.T.);
#12974 = ORIENTED_EDGE('',*,*,#12927,.F.);
#12975 = ORIENTED_EDGE('',*,*,#11290,.F.);
#12976 = ORIENTED_EDGE('',*,*,#4688,.T.);
#12977 = ADVANCED_FACE('',(#12978),#4767,.F.);
#12978 = FACE_BOUND('',#12979,.F.);
#12979 = EDGE_LOOP('',(#12980,#12981,#13002,#13003));
#12980 = ORIENTED_EDGE('',*,*,#9909,.F.);
#12981 = ORIENTED_EDGE('',*,*,#12982,.F.);
#12982 = EDGE_CURVE('',#11338,#9832,#12983,.T.);
#12983 = SURFACE_CURVE('',#12984,(#12988,#12995),.PCURVE_S1.);
#12984 = LINE('',#12985,#12986);
#12985 = CARTESIAN_POINT('',(-1.561251128379E-14,58.,8.25));
#12986 = VECTOR('',#12987,1.);
#12987 = DIRECTION('',(1.,2.040851148208E-16,-0.));
#12988 = PCURVE('',#4767,#12989);
#12989 = DEFINITIONAL_REPRESENTATION('',(#12990),#12994);
#12990 = LINE('',#12991,#12992);
#12991 = CARTESIAN_POINT('',(4.712388980385,0.));
#12992 = VECTOR('',#12993,1.);
#12993 = DIRECTION('',(0.,1.));
#12994 = ( GEOMETRIC_REPRESENTATION_CONTEXT(2) 
PARAMETRIC_REPRESENTATION_CONTEXT() REPRESENTATION_CONTEXT('2D SPACE',''
  ) );
#12995 = PCURVE('',#9847,#12996);
#12996 = DEFINITIONAL_REPRESENTATION('',(#12997),#13001);
#12997 = LINE('',#12998,#12999);
#12998 = CARTESIAN_POINT('',(3.469446951954E-15,12.));
#12999 = VECTOR('',#13000,1.);
#13000 = DIRECTION('',(-1.,2.040851148208E-16));
#13001 = ( GEOMETRIC_REPRESENTATION_CONTEXT(2) 
PARAMETRIC_REPRESENTATION_CONTEXT() REPRESENTATION_CONTEXT('2D SPACE',''
  ) );
#13002 = ORIENTED_EDGE('',*,*,#11360,.T.);
#13003 = ORIENTED_EDGE('',*,*,#4751,.T.);
#13004 = ADVANCED_FACE('',(#13005),#9847,.F.);
#13005 = FACE_BOUND('',#13006,.T.);
#13006 = EDGE_LOOP('',(#13007,#13008,#13009,#13010));
#13007 = ORIENTED_EDGE('',*,*,#9829,.T.);
#13008 = ORIENTED_EDGE('',*,*,#12982,.F.);
#13009 = ORIENTED_EDGE('',*,*,#11337,.F.);
#13010 = ORIENTED_EDGE('',*,*,#12949,.T.);
#13011 = ADVANCED_FACE('',(#13012),#9767,.F.);
#13012 = FACE_BOUND('',#13013,.F.);
#13013 = EDGE_LOOP('',(#13014,#13035,#13036,#13057));
#13014 = ORIENTED_EDGE('',*,*,#13015,.F.);
#13015 = EDGE_CURVE('',#11196,#9747,#13016,.T.);
#13016 = SURFACE_CURVE('',#13017,(#13021,#13028),.PCURVE_S1.);
#13017 = LINE('',#13018,#13019);
#13018 = CARTESIAN_POINT('',(-5.20417042793E-15,6.,16.75));
#13019 = VECTOR('',#13020,1.);
#13020 = DIRECTION('',(1.,2.040851148208E-16,-0.));
#13021 = PCURVE('',#9767,#13022);
#13022 = DEFINITIONAL_REPRESENTATION('',(#13023),#13027);
#13023 = LINE('',#13024,#13025);
#13024 = CARTESIAN_POINT('',(1.570796326795,0.));
#13025 = VECTOR('',#13026,1.);
#13026 = DIRECTION('',(0.,1.));
#13027 = ( GEOMETRIC_REPRESENTATION_CONTEXT(2) 
PARAMETRIC_REPRESENTATION_CONTEXT() REPRESENTATION_CONTEXT('2D SPACE',''
  ) );
#13028 = PCURVE('',#4585,#13029);
#13029 = DEFINITIONAL_REPRESENTATION('',(#13030),#13034);
#13030 = LINE('',#13031,#13032);
#13031 = CARTESIAN_POINT('',(0.,0.));
#13032 = VECTOR('',#13033,1.);
#13033 = DIRECTION('',(1.,2.040851148208E-16));
#13034 = ( GEOMETRIC_REPRESENTATION_CONTEXT(2) 
PARAMETRIC_REPRESENTATION_CONTEXT() REPRESENTATION_CONTEXT('2D SPACE',''
  ) );
#13035 = ORIENTED_EDGE('',*,*,#11218,.T.);
#13036 = ORIENTED_EDGE('',*,*,#13037,.T.);
#13037 = EDGE_CURVE('',#11219,#9722,#13038,.T.);
#13038 = SURFACE_CURVE('',#13039,(#13043,#13050),.PCURVE_S1.);
#13039 = LINE('',#13040,#13041);
#13040 = CARTESIAN_POINT('',(-5.20417042793E-15,6.,8.25));
#13041 = VECTOR('',#13042,1.);
#13042 = DIRECTION('',(1.,2.040851148208E-16,-0.));
#13043 = PCURVE('',#9767,#13044);
#13044 = DEFINITIONAL_REPRESENTATION('',(#13045),#13049);
#13045 = LINE('',#13046,#13047);
#13046 = CARTESIAN_POINT('',(4.712388980385,0.));
#13047 = VECTOR('',#13048,1.);
#13048 = DIRECTION('',(0.,1.));
#13049 = ( GEOMETRIC_REPRESENTATION_CONTEXT(2) 
PARAMETRIC_REPRESENTATION_CONTEXT() REPRESENTATION_CONTEXT('2D SPACE',''
  ) );
#13050 = PCURVE('',#3736,#13051);
#13051 = DEFINITIONAL_REPRESENTATION('',(#13052),#13056);
#13052 = LINE('',#13053,#13054);
#13053 = CARTESIAN_POINT('',(0.,0.));
#13054 = VECTOR('',#13055,1.);
#13055 = DIRECTION('',(-1.,2.040851148208E-16));
#13056 = ( GEOMETRIC_REPRESENTATION_CONTEXT(2) 
PARAMETRIC_REPRESENTATION_CONTEXT() REPRESENTATION_CONTEXT('2D SPACE',''
  ) );
#13057 = ORIENTED_EDGE('',*,*,#9746,.F.);
#13058 = ADVANCED_FACE('',(#13059),#4585,.F.);
#13059 = FACE_BOUND('',#13060,.T.);
#13060 = EDGE_LOOP('',(#13061,#13062,#13063,#13064));
#13061 = ORIENTED_EDGE('',*,*,#9779,.T.);
#13062 = ORIENTED_EDGE('',*,*,#13015,.F.);
#13063 = ORIENTED_EDGE('',*,*,#11195,.F.);
#13064 = ORIENTED_EDGE('',*,*,#4562,.T.);
#13065 = ADVANCED_FACE('',(#13066),#4646,.F.);
#13066 = FACE_BOUND('',#13067,.F.);
#13067 = EDGE_LOOP('',(#13068,#13069,#13090,#13091));
#13068 = ORIENTED_EDGE('',*,*,#9801,.F.);
#13069 = ORIENTED_EDGE('',*,*,#13070,.F.);
#13070 = EDGE_CURVE('',#11243,#9724,#13071,.T.);
#13071 = SURFACE_CURVE('',#13072,(#13076,#13083),.PCURVE_S1.);
#13072 = LINE('',#13073,#13074);
#13073 = CARTESIAN_POINT('',(-6.938893903907E-15,18.,8.25));
#13074 = VECTOR('',#13075,1.);
#13075 = DIRECTION('',(1.,2.040851148208E-16,-0.));
#13076 = PCURVE('',#4646,#13077);
#13077 = DEFINITIONAL_REPRESENTATION('',(#13078),#13082);
#13078 = LINE('',#13079,#13080);
#13079 = CARTESIAN_POINT('',(4.712388980385,0.));
#13080 = VECTOR('',#13081,1.);
#13081 = DIRECTION('',(0.,1.));
#13082 = ( GEOMETRIC_REPRESENTATION_CONTEXT(2) 
PARAMETRIC_REPRESENTATION_CONTEXT() REPRESENTATION_CONTEXT('2D SPACE',''
  ) );
#13083 = PCURVE('',#3736,#13084);
#13084 = DEFINITIONAL_REPRESENTATION('',(#13085),#13089);
#13085 = LINE('',#13086,#13087);
#13086 = CARTESIAN_POINT('',(1.734723475977E-15,12.));
#13087 = VECTOR('',#13088,1.);
#13088 = DIRECTION('',(-1.,2.040851148208E-16));
#13089 = ( GEOMETRIC_REPRESENTATION_CONTEXT(2) 
PARAMETRIC_REPRESENTATION_CONTEXT() REPRESENTATION_CONTEXT('2D SPACE',''
  ) );
#13090 = ORIENTED_EDGE('',*,*,#11265,.T.);
#13091 = ORIENTED_EDGE('',*,*,#4630,.T.);
#13092 = ADVANCED_FACE('',(#13093,#13118),#3736,.F.);
#13093 = FACE_BOUND('',#13094,.T.);
#13094 = EDGE_LOOP('',(#13095,#13117));
#13095 = ORIENTED_EDGE('',*,*,#13096,.T.);
#13096 = EDGE_CURVE('',#3640,#3699,#13097,.T.);
#13097 = SURFACE_CURVE('',#13098,(#13103,#13110),.PCURVE_S1.);
#13098 = CIRCLE('',#13099,2.5);
#13099 = AXIS2_PLACEMENT_3D('',#13100,#13101,#13102);
#13100 = CARTESIAN_POINT('',(6.,10.,8.25));
#13101 = DIRECTION('',(0.,0.,-1.));
#13102 = DIRECTION('',(-1.,0.,0.));
#13103 = PCURVE('',#3736,#13104);
#13104 = DEFINITIONAL_REPRESENTATION('',(#13105),#13109);
#13105 = CIRCLE('',#13106,2.5);
#13106 = AXIS2_PLACEMENT_2D('',#13107,#13108);
#13107 = CARTESIAN_POINT('',(-6.,4.));
#13108 = DIRECTION('',(1.,0.));
#13109 = ( GEOMETRIC_REPRESENTATION_CONTEXT(2) 
PARAMETRIC_REPRESENTATION_CONTEXT() REPRESENTATION_CONTEXT('2D SPACE',''
  ) );
#13110 = PCURVE('',#3662,#13111);
#13111 = DEFINITIONAL_REPRESENTATION('',(#13112),#13116);
#13112 = LINE('',#13113,#13114);
#13113 = CARTESIAN_POINT('',(0.,-8.25));
#13114 = VECTOR('',#13115,1.);
#13115 = DIRECTION('',(1.,0.));
#13116 = ( GEOMETRIC_REPRESENTATION_CONTEXT(2) 
PARAMETRIC_REPRESENTATION_CONTEXT() REPRESENTATION_CONTEXT('2D SPACE',''
  ) );
#13117 = ORIENTED_EDGE('',*,*,#3721,.T.);
#13118 = FACE_BOUND('',#13119,.T.);
#13119 = EDGE_LOOP('',(#13120,#13121,#13122,#13123));
#13120 = ORIENTED_EDGE('',*,*,#9721,.T.);
#13121 = ORIENTED_EDGE('',*,*,#13070,.F.);
#13122 = ORIENTED_EDGE('',*,*,#11242,.F.);
#13123 = ORIENTED_EDGE('',*,*,#13037,.T.);
#13124 = ADVANCED_FACE('',(#13125),#4504,.F.);
#13125 = FACE_BOUND('',#13126,.F.);
#13126 = EDGE_LOOP('',(#13127,#13149,#13150));
#13127 = ORIENTED_EDGE('',*,*,#13128,.F.);
#13128 = EDGE_CURVE('',#4354,#4413,#13129,.T.);
#13129 = SURFACE_CURVE('',#13130,(#13135,#13142),.PCURVE_S1.);
#13130 = CIRCLE('',#13131,2.);
#13131 = AXIS2_PLACEMENT_3D('',#13132,#13133,#13134);
#13132 = CARTESIAN_POINT('',(51.,74.,10.));
#13133 = DIRECTION('',(-0.,0.,-1.));
#13134 = DIRECTION('',(-1.,0.,0.));
#13135 = PCURVE('',#4504,#13136);
#13136 = DEFINITIONAL_REPRESENTATION('',(#13137),#13141);
#13137 = LINE('',#13138,#13139);
#13138 = CARTESIAN_POINT('',(0.,-9.802687471293E-16));
#13139 = VECTOR('',#13140,1.);
#13140 = DIRECTION('',(1.,0.));
#13141 = ( GEOMETRIC_REPRESENTATION_CONTEXT(2) 
PARAMETRIC_REPRESENTATION_CONTEXT() REPRESENTATION_CONTEXT('2D SPACE',''
  ) );
#13142 = PCURVE('',#4376,#13143);
#13143 = DEFINITIONAL_REPRESENTATION('',(#13144),#13148);
#13144 = LINE('',#13145,#13146);
#13145 = CARTESIAN_POINT('',(0.,-10.));
#13146 = VECTOR('',#13147,1.);
#13147 = DIRECTION('',(1.,0.));
#13148 = ( GEOMETRIC_REPRESENTATION_CONTEXT(2) 
PARAMETRIC_REPRESENTATION_CONTEXT() REPRESENTATION_CONTEXT('2D SPACE',''
  ) );
#13149 = ORIENTED_EDGE('',*,*,#4538,.F.);
#13150 = ORIENTED_EDGE('',*,*,#4466,.T.);
#13151 = ADVANCED_FACE('',(#13152),#4376,.F.);
#13152 = FACE_BOUND('',#13153,.F.);
#13153 = EDGE_LOOP('',(#13154,#13155,#13156,#13157));
#13154 = ORIENTED_EDGE('',*,*,#11843,.F.);
#13155 = ORIENTED_EDGE('',*,*,#4353,.F.);
#13156 = ORIENTED_EDGE('',*,*,#13128,.T.);
#13157 = ORIENTED_EDGE('',*,*,#4412,.T.);
#13158 = ADVANCED_FACE('',(#13159),#4197,.F.);
#13159 = FACE_BOUND('',#13160,.F.);
#13160 = EDGE_LOOP('',(#13161,#13162,#13163,#13164,#13165,#13187));
#13161 = ORIENTED_EDGE('',*,*,#11818,.F.);
#13162 = ORIENTED_EDGE('',*,*,#4281,.F.);
#13163 = ORIENTED_EDGE('',*,*,#4180,.T.);
#13164 = ORIENTED_EDGE('',*,*,#12677,.T.);
#13165 = ORIENTED_EDGE('',*,*,#13166,.T.);
#13166 = EDGE_CURVE('',#12678,#3996,#13167,.T.);
#13167 = SURFACE_CURVE('',#13168,(#13173,#13180),.PCURVE_S1.);
#13168 = CIRCLE('',#13169,2.);
#13169 = AXIS2_PLACEMENT_3D('',#13170,#13171,#13172);
#13170 = CARTESIAN_POINT('',(6.,42.,10.));
#13171 = DIRECTION('',(-0.,0.,-1.));
#13172 = DIRECTION('',(-1.,0.,0.));
#13173 = PCURVE('',#4197,#13174);
#13174 = DEFINITIONAL_REPRESENTATION('',(#13175),#13179);
#13175 = LINE('',#13176,#13177);
#13176 = CARTESIAN_POINT('',(4.440892098501E-16,-10.));
#13177 = VECTOR('',#13178,1.);
#13178 = DIRECTION('',(1.,0.));
#13179 = ( GEOMETRIC_REPRESENTATION_CONTEXT(2) 
PARAMETRIC_REPRESENTATION_CONTEXT() REPRESENTATION_CONTEXT('2D SPACE',''
  ) );
#13180 = PCURVE('',#4040,#13181);
#13181 = DEFINITIONAL_REPRESENTATION('',(#13182),#13186);
#13182 = LINE('',#13183,#13184);
#13183 = CARTESIAN_POINT('',(4.440892098501E-16,1.962100299474E-15));
#13184 = VECTOR('',#13185,1.);
#13185 = DIRECTION('',(1.,-6.869617696724E-16));
#13186 = ( GEOMETRIC_REPRESENTATION_CONTEXT(2) 
PARAMETRIC_REPRESENTATION_CONTEXT() REPRESENTATION_CONTEXT('2D SPACE',''
  ) );
#13187 = ORIENTED_EDGE('',*,*,#4328,.T.);
#13188 = ADVANCED_FACE('',(#13189),#4040,.F.);
#13189 = FACE_BOUND('',#13190,.F.);
#13190 = EDGE_LOOP('',(#13191,#13192,#13193));
#13191 = ORIENTED_EDGE('',*,*,#13166,.F.);
#13192 = ORIENTED_EDGE('',*,*,#12857,.T.);
#13193 = ORIENTED_EDGE('',*,*,#4024,.T.);
#13194 = ADVANCED_FACE('',(#13195),#3902,.F.);
#13195 = FACE_BOUND('',#13196,.F.);
#13196 = EDGE_LOOP('',(#13197,#13219,#13220));
#13197 = ORIENTED_EDGE('',*,*,#13198,.F.);
#13198 = EDGE_CURVE('',#3752,#3811,#13199,.T.);
#13199 = SURFACE_CURVE('',#13200,(#13205,#13212),.PCURVE_S1.);
#13200 = CIRCLE('',#13201,2.);
#13201 = AXIS2_PLACEMENT_3D('',#13202,#13203,#13204);
#13202 = CARTESIAN_POINT('',(221.,74.,10.));
#13203 = DIRECTION('',(-0.,0.,-1.));
#13204 = DIRECTION('',(-1.,0.,0.));
#13205 = PCURVE('',#3902,#13206);
#13206 = DEFINITIONAL_REPRESENTATION('',(#13207),#13211);
#13207 = LINE('',#13208,#13209);
#13208 = CARTESIAN_POINT('',(0.,-7.842149977035E-16));
#13209 = VECTOR('',#13210,1.);
#13210 = DIRECTION('',(1.,0.));
#13211 = ( GEOMETRIC_REPRESENTATION_CONTEXT(2) 
PARAMETRIC_REPRESENTATION_CONTEXT() REPRESENTATION_CONTEXT('2D SPACE',''
  ) );
#13212 = PCURVE('',#3774,#13213);
#13213 = DEFINITIONAL_REPRESENTATION('',(#13214),#13218);
#13214 = LINE('',#13215,#13216);
#13215 = CARTESIAN_POINT('',(0.,-10.));
#13216 = VECTOR('',#13217,1.);
#13217 = DIRECTION('',(1.,0.));
#13218 = ( GEOMETRIC_REPRESENTATION_CONTEXT(2) 
PARAMETRIC_REPRESENTATION_CONTEXT() REPRESENTATION_CONTEXT('2D SPACE',''
  ) );
#13219 = ORIENTED_EDGE('',*,*,#3936,.F.);
#13220 = ORIENTED_EDGE('',*,*,#3864,.T.);
#13221 = ADVANCED_FACE('',(#13222),#3774,.F.);
#13222 = FACE_BOUND('',#13223,.F.);
#13223 = EDGE_LOOP('',(#13224,#13225,#13226,#13227));
#13224 = ORIENTED_EDGE('',*,*,#11793,.F.);
#13225 = ORIENTED_EDGE('',*,*,#3751,.F.);
#13226 = ORIENTED_EDGE('',*,*,#13198,.T.);
#13227 = ORIENTED_EDGE('',*,*,#3810,.T.);
#13228 = ADVANCED_FACE('',(#13229),#3662,.F.);
#13229 = FACE_BOUND('',#13230,.F.);
#13230 = EDGE_LOOP('',(#13231,#13232,#13233,#13234));
#13231 = ORIENTED_EDGE('',*,*,#11768,.F.);
#13232 = ORIENTED_EDGE('',*,*,#3639,.F.);
#13233 = ORIENTED_EDGE('',*,*,#13096,.T.);
#13234 = ORIENTED_EDGE('',*,*,#3698,.T.);
#13235 = ADVANCED_FACE('',(#13236),#3603,.F.);
#13236 = FACE_BOUND('',#13237,.F.);
#13237 = EDGE_LOOP('',(#13238,#13260,#13261));
#13238 = ORIENTED_EDGE('',*,*,#13239,.F.);
#13239 = EDGE_CURVE('',#3475,#3534,#13240,.T.);
#13240 = SURFACE_CURVE('',#13241,(#13246,#13253),.PCURVE_S1.);
#13241 = CIRCLE('',#13242,2.5);
#13242 = AXIS2_PLACEMENT_3D('',#13243,#13244,#13245);
#13243 = CARTESIAN_POINT('',(6.,74.,14.));
#13244 = DIRECTION('',(-0.,0.,-1.));
#13245 = DIRECTION('',(-1.,0.,0.));
#13246 = PCURVE('',#3603,#13247);
#13247 = DEFINITIONAL_REPRESENTATION('',(#13248),#13252);
#13248 = LINE('',#13249,#13250);
#13249 = CARTESIAN_POINT('',(0.,0.));
#13250 = VECTOR('',#13251,1.);
#13251 = DIRECTION('',(1.,-6.240584666565E-17));
#13252 = ( GEOMETRIC_REPRESENTATION_CONTEXT(2) 
PARAMETRIC_REPRESENTATION_CONTEXT() REPRESENTATION_CONTEXT('2D SPACE',''
  ) );
#13253 = PCURVE('',#3497,#13254);
#13254 = DEFINITIONAL_REPRESENTATION('',(#13255),#13259);
#13255 = LINE('',#13256,#13257);
#13256 = CARTESIAN_POINT('',(0.,-14.));
#13257 = VECTOR('',#13258,1.);
#13258 = DIRECTION('',(1.,0.));
#13259 = ( GEOMETRIC_REPRESENTATION_CONTEXT(2) 
PARAMETRIC_REPRESENTATION_CONTEXT() REPRESENTATION_CONTEXT('2D SPACE',''
  ) );
#13260 = ORIENTED_EDGE('',*,*,#3615,.F.);
#13261 = ORIENTED_EDGE('',*,*,#3587,.T.);
#13262 = ADVANCED_FACE('',(#13263),#3497,.F.);
#13263 = FACE_BOUND('',#13264,.F.);
#13264 = EDGE_LOOP('',(#13265,#13266,#13267,#13268));
#13265 = ORIENTED_EDGE('',*,*,#11743,.F.);
#13266 = ORIENTED_EDGE('',*,*,#3474,.F.);
#13267 = ORIENTED_EDGE('',*,*,#13239,.T.);
#13268 = ORIENTED_EDGE('',*,*,#3533,.T.);
#13269 = ADVANCED_FACE('',(#13270),#3416,.F.);
#13270 = FACE_BOUND('',#13271,.F.);
#13271 = EDGE_LOOP('',(#13272,#13294,#13295));
#13272 = ORIENTED_EDGE('',*,*,#13273,.F.);
#13273 = EDGE_CURVE('',#3266,#3325,#13274,.T.);
#13274 = SURFACE_CURVE('',#13275,(#13280,#13287),.PCURVE_S1.);
#13275 = CIRCLE('',#13276,2.5);
#13276 = AXIS2_PLACEMENT_3D('',#13277,#13278,#13279);
#13277 = CARTESIAN_POINT('',(95.,74.,14.));
#13278 = DIRECTION('',(-0.,0.,-1.));
#13279 = DIRECTION('',(-1.,0.,0.));
#13280 = PCURVE('',#3416,#13281);
#13281 = DEFINITIONAL_REPRESENTATION('',(#13282),#13286);
#13282 = LINE('',#13283,#13284);
#13283 = CARTESIAN_POINT('',(0.,-9.802687471293E-16));
#13284 = VECTOR('',#13285,1.);
#13285 = DIRECTION('',(1.,0.));
#13286 = ( GEOMETRIC_REPRESENTATION_CONTEXT(2) 
PARAMETRIC_REPRESENTATION_CONTEXT() REPRESENTATION_CONTEXT('2D SPACE',''
  ) );
#13287 = PCURVE('',#3288,#13288);
#13288 = DEFINITIONAL_REPRESENTATION('',(#13289),#13293);
#13289 = LINE('',#13290,#13291);
#13290 = CARTESIAN_POINT('',(0.,-14.));
#13291 = VECTOR('',#13292,1.);
#13292 = DIRECTION('',(1.,0.));
#13293 = ( GEOMETRIC_REPRESENTATION_CONTEXT(2) 
PARAMETRIC_REPRESENTATION_CONTEXT() REPRESENTATION_CONTEXT('2D SPACE',''
  ) );
#13294 = ORIENTED_EDGE('',*,*,#3450,.F.);
#13295 = ORIENTED_EDGE('',*,*,#3378,.T.);
#13296 = ADVANCED_FACE('',(#13297),#3288,.F.);
#13297 = FACE_BOUND('',#13298,.F.);
#13298 = EDGE_LOOP('',(#13299,#13300,#13301,#13302));
#13299 = ORIENTED_EDGE('',*,*,#11718,.F.);
#13300 = ORIENTED_EDGE('',*,*,#3265,.F.);
#13301 = ORIENTED_EDGE('',*,*,#13273,.T.);
#13302 = ORIENTED_EDGE('',*,*,#3324,.T.);
#13303 = ADVANCED_FACE('',(#13304),#3207,.F.);
#13304 = FACE_BOUND('',#13305,.F.);
#13305 = EDGE_LOOP('',(#13306,#13328,#13329));
#13306 = ORIENTED_EDGE('',*,*,#13307,.F.);
#13307 = EDGE_CURVE('',#3057,#3116,#13308,.T.);
#13308 = SURFACE_CURVE('',#13309,(#13314,#13321),.PCURVE_S1.);
#13309 = CIRCLE('',#13310,2.5);
#13310 = AXIS2_PLACEMENT_3D('',#13311,#13312,#13313);
#13311 = CARTESIAN_POINT('',(183.,74.,14.));
#13312 = DIRECTION('',(-0.,0.,-1.));
#13313 = DIRECTION('',(-1.,0.,0.));
#13314 = PCURVE('',#3207,#13315);
#13315 = DEFINITIONAL_REPRESENTATION('',(#13316),#13320);
#13316 = LINE('',#13317,#13318);
#13317 = CARTESIAN_POINT('',(0.,-9.802687471293E-16));
#13318 = VECTOR('',#13319,1.);
#13319 = DIRECTION('',(1.,0.));
#13320 = ( GEOMETRIC_REPRESENTATION_CONTEXT(2) 
PARAMETRIC_REPRESENTATION_CONTEXT() REPRESENTATION_CONTEXT('2D SPACE',''
  ) );
#13321 = PCURVE('',#3079,#13322);
#13322 = DEFINITIONAL_REPRESENTATION('',(#13323),#13327);
#13323 = LINE('',#13324,#13325);
#13324 = CARTESIAN_POINT('',(0.,-14.));
#13325 = VECTOR('',#13326,1.);
#13326 = DIRECTION('',(1.,0.));
#13327 = ( GEOMETRIC_REPRESENTATION_CONTEXT(2) 
PARAMETRIC_REPRESENTATION_CONTEXT() REPRESENTATION_CONTEXT('2D SPACE',''
  ) );
#13328 = ORIENTED_EDGE('',*,*,#3241,.F.);
#13329 = ORIENTED_EDGE('',*,*,#3169,.T.);
#13330 = ADVANCED_FACE('',(#13331),#3079,.F.);
#13331 = FACE_BOUND('',#13332,.F.);
#13332 = EDGE_LOOP('',(#13333,#13334,#13335,#13336));
#13333 = ORIENTED_EDGE('',*,*,#11693,.F.);
#13334 = ORIENTED_EDGE('',*,*,#3056,.F.);
#13335 = ORIENTED_EDGE('',*,*,#13307,.T.);
#13336 = ORIENTED_EDGE('',*,*,#3115,.T.);
#13337 = ADVANCED_FACE('',(#13338),#2998,.F.);
#13338 = FACE_BOUND('',#13339,.F.);
#13339 = EDGE_LOOP('',(#13340,#13362,#13363));
#13340 = ORIENTED_EDGE('',*,*,#13341,.F.);
#13341 = EDGE_CURVE('',#2843,#2907,#13342,.T.);
#13342 = SURFACE_CURVE('',#13343,(#13348,#13355),.PCURVE_S1.);
#13343 = CIRCLE('',#13344,2.5);
#13344 = AXIS2_PLACEMENT_3D('',#13345,#13346,#13347);
#13345 = CARTESIAN_POINT('',(271.,74.,14.));
#13346 = DIRECTION('',(-0.,0.,-1.));
#13347 = DIRECTION('',(-1.,0.,0.));
#13348 = PCURVE('',#2998,#13349);
#13349 = DEFINITIONAL_REPRESENTATION('',(#13350),#13354);
#13350 = LINE('',#13351,#13352);
#13351 = CARTESIAN_POINT('',(0.,-9.802687471293E-16));
#13352 = VECTOR('',#13353,1.);
#13353 = DIRECTION('',(1.,0.));
#13354 = ( GEOMETRIC_REPRESENTATION_CONTEXT(2) 
PARAMETRIC_REPRESENTATION_CONTEXT() REPRESENTATION_CONTEXT('2D SPACE',''
  ) );
#13355 = PCURVE('',#2865,#13356);
#13356 = DEFINITIONAL_REPRESENTATION('',(#13357),#13361);
#13357 = LINE('',#13358,#13359);
#13358 = CARTESIAN_POINT('',(0.,-14.));
#13359 = VECTOR('',#13360,1.);
#13360 = DIRECTION('',(1.,0.));
#13361 = ( GEOMETRIC_REPRESENTATION_CONTEXT(2) 
PARAMETRIC_REPRESENTATION_CONTEXT() REPRESENTATION_CONTEXT('2D SPACE',''
  ) );
#13362 = ORIENTED_EDGE('',*,*,#3032,.F.);
#13363 = ORIENTED_EDGE('',*,*,#2960,.T.);
#13364 = ADVANCED_FACE('',(#13365),#2865,.F.);
#13365 = FACE_BOUND('',#13366,.F.);
#13366 = EDGE_LOOP('',(#13367,#13368,#13369,#13370));
#13367 = ORIENTED_EDGE('',*,*,#11668,.F.);
#13368 = ORIENTED_EDGE('',*,*,#2842,.F.);
#13369 = ORIENTED_EDGE('',*,*,#13341,.T.);
#13370 = ORIENTED_EDGE('',*,*,#2906,.T.);
#13371 = ADVANCED_FACE('',(#13372),#9662,.T.);
#13372 = FACE_BOUND('',#13373,.T.);
#13373 = EDGE_LOOP('',(#13374,#13375,#13376,#13377));
#13374 = ORIENTED_EDGE('',*,*,#11600,.F.);
#13375 = ORIENTED_EDGE('',*,*,#11869,.F.);
#13376 = ORIENTED_EDGE('',*,*,#10164,.F.);
#13377 = ORIENTED_EDGE('',*,*,#9646,.F.);
#13378 = ADVANCED_FACE('',(#13379),#7816,.F.);
#13379 = FACE_BOUND('',#13380,.T.);
#13380 = EDGE_LOOP('',(#13381,#13382,#13383,#13384));
#13381 = ORIENTED_EDGE('',*,*,#11622,.F.);
#13382 = ORIENTED_EDGE('',*,*,#9697,.F.);
#13383 = ORIENTED_EDGE('',*,*,#10232,.F.);
#13384 = ORIENTED_EDGE('',*,*,#7800,.F.);
#13385 = ADVANCED_FACE('',(#13386),#7918,.F.);
#13386 = FACE_BOUND('',#13387,.T.);
#13387 = EDGE_LOOP('',(#13388,#13389,#13390,#13391));
#13388 = ORIENTED_EDGE('',*,*,#8793,.F.);
#13389 = ORIENTED_EDGE('',*,*,#10372,.F.);
#13390 = ORIENTED_EDGE('',*,*,#11103,.F.);
#13391 = ORIENTED_EDGE('',*,*,#7902,.F.);
#13392 = ADVANCED_FACE('',(#13393),#8875,.T.);
#13393 = FACE_BOUND('',#13394,.T.);
#13394 = EDGE_LOOP('',(#13395,#13396,#13397,#13398));
#13395 = ORIENTED_EDGE('',*,*,#8861,.F.);
#13396 = ORIENTED_EDGE('',*,*,#11913,.F.);
#13397 = ORIENTED_EDGE('',*,*,#11125,.F.);
#13398 = ORIENTED_EDGE('',*,*,#10394,.F.);
#13399 = ADVANCED_FACE('',(#13400),#2754,.F.);
#13400 = FACE_BOUND('',#13401,.F.);
#13401 = EDGE_LOOP('',(#13402,#13428,#13429,#13430));
#13402 = ORIENTED_EDGE('',*,*,#13403,.F.);
#13403 = EDGE_CURVE('',#2734,#2767,#13404,.T.);
#13404 = SURFACE_CURVE('',#13405,(#13410,#13417),.PCURVE_S1.);
#13405 = CIRCLE('',#13406,3.25);
#13406 = AXIS2_PLACEMENT_3D('',#13407,#13408,#13409);
#13407 = CARTESIAN_POINT('',(105.,74.,52.5));
#13408 = DIRECTION('',(0.,-1.,-0.));
#13409 = DIRECTION('',(0.,0.,-1.));
#13410 = PCURVE('',#2754,#13411);
#13411 = DEFINITIONAL_REPRESENTATION('',(#13412),#13416);
#13412 = LINE('',#13413,#13414);
#13413 = CARTESIAN_POINT('',(0.,-6.));
#13414 = VECTOR('',#13415,1.);
#13415 = DIRECTION('',(1.,0.));
#13416 = ( GEOMETRIC_REPRESENTATION_CONTEXT(2) 
PARAMETRIC_REPRESENTATION_CONTEXT() REPRESENTATION_CONTEXT('2D SPACE',''
  ) );
#13417 = PCURVE('',#2712,#13418);
#13418 = DEFINITIONAL_REPRESENTATION('',(#13419),#13427);
#13419 = ( BOUNDED_CURVE() B_SPLINE_CURVE(2,(#13420,#13421,#13422,#13423
    ,#13424,#13425,#13426),.UNSPECIFIED.,.T.,.F.) 
B_SPLINE_CURVE_WITH_KNOTS((1,2,2,2,2,1),(-2.094395102393,0.,
    2.094395102393,4.188790204786,6.28318530718,8.377580409573),
.UNSPECIFIED.) CURVE() GEOMETRIC_REPRESENTATION_ITEM() 
RATIONAL_B_SPLINE_CURVE((1.,0.5,1.,0.5,1.,0.5,1.)) REPRESENTATION_ITEM(
  '') );
#13420 = CARTESIAN_POINT('',(-3.25,-3.25));
#13421 = CARTESIAN_POINT('',(-3.25,2.379165124599));
#13422 = CARTESIAN_POINT('',(1.625,-0.435417437701));
#13423 = CARTESIAN_POINT('',(6.5,-3.25));
#13424 = CARTESIAN_POINT('',(1.625,-6.064582562299));
#13425 = CARTESIAN_POINT('',(-3.25,-8.879165124599));
#13426 = CARTESIAN_POINT('',(-3.25,-3.25));
#13427 = ( GEOMETRIC_REPRESENTATION_CONTEXT(2) 
PARAMETRIC_REPRESENTATION_CONTEXT() REPRESENTATION_CONTEXT('2D SPACE',''
  ) );
#13428 = ORIENTED_EDGE('',*,*,#2731,.F.);
#13429 = ORIENTED_EDGE('',*,*,#11077,.T.);
#13430 = ORIENTED_EDGE('',*,*,#2794,.T.);
#13431 = ADVANCED_FACE('',(#13432,#13436),#2712,.F.);
#13432 = FACE_BOUND('',#13433,.T.);
#13433 = EDGE_LOOP('',(#13434,#13435));
#13434 = ORIENTED_EDGE('',*,*,#13403,.F.);
#13435 = ORIENTED_EDGE('',*,*,#2766,.F.);
#13436 = FACE_BOUND('',#13437,.T.);
#13437 = EDGE_LOOP('',(#13438,#13464));
#13438 = ORIENTED_EDGE('',*,*,#13439,.T.);
#13439 = EDGE_CURVE('',#2612,#2675,#13440,.T.);
#13440 = SURFACE_CURVE('',#13441,(#13446,#13457),.PCURVE_S1.);
#13441 = CIRCLE('',#13442,5.5);
#13442 = AXIS2_PLACEMENT_3D('',#13443,#13444,#13445);
#13443 = CARTESIAN_POINT('',(105.,74.,52.5));
#13444 = DIRECTION('',(0.,-1.,-0.));
#13445 = DIRECTION('',(0.,0.,-1.));
#13446 = PCURVE('',#2712,#13447);
#13447 = DEFINITIONAL_REPRESENTATION('',(#13448),#13456);
#13448 = ( BOUNDED_CURVE() B_SPLINE_CURVE(2,(#13449,#13450,#13451,#13452
    ,#13453,#13454,#13455),.UNSPECIFIED.,.T.,.F.) 
B_SPLINE_CURVE_WITH_KNOTS((1,2,2,2,2,1),(-2.094395102393,0.,
    2.094395102393,4.188790204786,6.28318530718,8.377580409573),
.UNSPECIFIED.) CURVE() GEOMETRIC_REPRESENTATION_ITEM() 
RATIONAL_B_SPLINE_CURVE((1.,0.5,1.,0.5,1.,0.5,1.)) REPRESENTATION_ITEM(
  '') );
#13449 = CARTESIAN_POINT('',(-5.5,-3.25));
#13450 = CARTESIAN_POINT('',(-5.5,6.276279441629));
#13451 = CARTESIAN_POINT('',(2.75,1.513139720814));
#13452 = CARTESIAN_POINT('',(11.,-3.25));
#13453 = CARTESIAN_POINT('',(2.75,-8.013139720814));
#13454 = CARTESIAN_POINT('',(-5.5,-12.77627944162));
#13455 = CARTESIAN_POINT('',(-5.5,-3.25));
#13456 = ( GEOMETRIC_REPRESENTATION_CONTEXT(2) 
PARAMETRIC_REPRESENTATION_CONTEXT() REPRESENTATION_CONTEXT('2D SPACE',''
  ) );
#13457 = PCURVE('',#2634,#13458);
#13458 = DEFINITIONAL_REPRESENTATION('',(#13459),#13463);
#13459 = LINE('',#13460,#13461);
#13460 = CARTESIAN_POINT('',(0.,-6.));
#13461 = VECTOR('',#13462,1.);
#13462 = DIRECTION('',(1.,0.));
#13463 = ( GEOMETRIC_REPRESENTATION_CONTEXT(2) 
PARAMETRIC_REPRESENTATION_CONTEXT() REPRESENTATION_CONTEXT('2D SPACE',''
  ) );
#13464 = ORIENTED_EDGE('',*,*,#2697,.T.);
#13465 = ADVANCED_FACE('',(#13466),#2634,.F.);
#13466 = FACE_BOUND('',#13467,.F.);
#13467 = EDGE_LOOP('',(#13468,#13469,#13470,#13471));
#13468 = ORIENTED_EDGE('',*,*,#8889,.F.);
#13469 = ORIENTED_EDGE('',*,*,#2611,.F.);
#13470 = ORIENTED_EDGE('',*,*,#13439,.T.);
#13471 = ORIENTED_EDGE('',*,*,#2674,.T.);
#13472 = ADVANCED_FACE('',(#13473),#2523,.F.);
#13473 = FACE_BOUND('',#13474,.F.);
#13474 = EDGE_LOOP('',(#13475,#13501,#13502,#13503));
#13475 = ORIENTED_EDGE('',*,*,#13476,.F.);
#13476 = EDGE_CURVE('',#2503,#2536,#13477,.T.);
#13477 = SURFACE_CURVE('',#13478,(#13483,#13490),.PCURVE_S1.);
#13478 = CIRCLE('',#13479,3.25);
#13479 = AXIS2_PLACEMENT_3D('',#13480,#13481,#13482);
#13480 = CARTESIAN_POINT('',(145.,74.,52.5));
#13481 = DIRECTION('',(0.,-1.,-0.));
#13482 = DIRECTION('',(0.,0.,-1.));
#13483 = PCURVE('',#2523,#13484);
#13484 = DEFINITIONAL_REPRESENTATION('',(#13485),#13489);
#13485 = LINE('',#13486,#13487);
#13486 = CARTESIAN_POINT('',(0.,-6.));
#13487 = VECTOR('',#13488,1.);
#13488 = DIRECTION('',(1.,0.));
#13489 = ( GEOMETRIC_REPRESENTATION_CONTEXT(2) 
PARAMETRIC_REPRESENTATION_CONTEXT() REPRESENTATION_CONTEXT('2D SPACE',''
  ) );
#13490 = PCURVE('',#2481,#13491);
#13491 = DEFINITIONAL_REPRESENTATION('',(#13492),#13500);
#13492 = ( BOUNDED_CURVE() B_SPLINE_CURVE(2,(#13493,#13494,#13495,#13496
    ,#13497,#13498,#13499),.UNSPECIFIED.,.T.,.F.) 
B_SPLINE_CURVE_WITH_KNOTS((1,2,2,2,2,1),(-2.094395102393,0.,
    2.094395102393,4.188790204786,6.28318530718,8.377580409573),
.UNSPECIFIED.) CURVE() GEOMETRIC_REPRESENTATION_ITEM() 
RATIONAL_B_SPLINE_CURVE((1.,0.5,1.,0.5,1.,0.5,1.)) REPRESENTATION_ITEM(
  '') );
#13493 = CARTESIAN_POINT('',(-3.25,-3.25));
#13494 = CARTESIAN_POINT('',(-3.25,2.379165124599));
#13495 = CARTESIAN_POINT('',(1.625,-0.435417437701));
#13496 = CARTESIAN_POINT('',(6.5,-3.25));
#13497 = CARTESIAN_POINT('',(1.625,-6.064582562299));
#13498 = CARTESIAN_POINT('',(-3.25,-8.879165124599));
#13499 = CARTESIAN_POINT('',(-3.25,-3.25));
#13500 = ( GEOMETRIC_REPRESENTATION_CONTEXT(2) 
PARAMETRIC_REPRESENTATION_CONTEXT() REPRESENTATION_CONTEXT('2D SPACE',''
  ) );
#13501 = ORIENTED_EDGE('',*,*,#2500,.F.);
#13502 = ORIENTED_EDGE('',*,*,#11052,.T.);
#13503 = ORIENTED_EDGE('',*,*,#2563,.T.);
#13504 = ADVANCED_FACE('',(#13505,#13509),#2481,.F.);
#13505 = FACE_BOUND('',#13506,.T.);
#13506 = EDGE_LOOP('',(#13507,#13508));
#13507 = ORIENTED_EDGE('',*,*,#13476,.F.);
#13508 = ORIENTED_EDGE('',*,*,#2535,.F.);
#13509 = FACE_BOUND('',#13510,.T.);
#13510 = EDGE_LOOP('',(#13511,#13537));
#13511 = ORIENTED_EDGE('',*,*,#13512,.T.);
#13512 = EDGE_CURVE('',#2381,#2444,#13513,.T.);
#13513 = SURFACE_CURVE('',#13514,(#13519,#13530),.PCURVE_S1.);
#13514 = CIRCLE('',#13515,5.5);
#13515 = AXIS2_PLACEMENT_3D('',#13516,#13517,#13518);
#13516 = CARTESIAN_POINT('',(145.,74.,52.5));
#13517 = DIRECTION('',(0.,-1.,-0.));
#13518 = DIRECTION('',(0.,0.,-1.));
#13519 = PCURVE('',#2481,#13520);
#13520 = DEFINITIONAL_REPRESENTATION('',(#13521),#13529);
#13521 = ( BOUNDED_CURVE() B_SPLINE_CURVE(2,(#13522,#13523,#13524,#13525
    ,#13526,#13527,#13528),.UNSPECIFIED.,.T.,.F.) 
B_SPLINE_CURVE_WITH_KNOTS((1,2,2,2,2,1),(-2.094395102393,0.,
    2.094395102393,4.188790204786,6.28318530718,8.377580409573),
.UNSPECIFIED.) CURVE() GEOMETRIC_REPRESENTATION_ITEM() 
RATIONAL_B_SPLINE_CURVE((1.,0.5,1.,0.5,1.,0.5,1.)) REPRESENTATION_ITEM(
  '') );
#13522 = CARTESIAN_POINT('',(-5.5,-3.25));
#13523 = CARTESIAN_POINT('',(-5.5,6.276279441629));
#13524 = CARTESIAN_POINT('',(2.75,1.513139720814));
#13525 = CARTESIAN_POINT('',(11.,-3.25));
#13526 = CARTESIAN_POINT('',(2.75,-8.013139720814));
#13527 = CARTESIAN_POINT('',(-5.5,-12.77627944162));
#13528 = CARTESIAN_POINT('',(-5.5,-3.25));
#13529 = ( GEOMETRIC_REPRESENTATION_CONTEXT(2) 
PARAMETRIC_REPRESENTATION_CONTEXT() REPRESENTATION_CONTEXT('2D SPACE',''
  ) );
#13530 = PCURVE('',#2403,#13531);
#13531 = DEFINITIONAL_REPRESENTATION('',(#13532),#13536);
#13532 = LINE('',#13533,#13534);
#13533 = CARTESIAN_POINT('',(0.,-6.));
#13534 = VECTOR('',#13535,1.);
#13535 = DIRECTION('',(1.,0.));
#13536 = ( GEOMETRIC_REPRESENTATION_CONTEXT(2) 
PARAMETRIC_REPRESENTATION_CONTEXT() REPRESENTATION_CONTEXT('2D SPACE',''
  ) );
#13537 = ORIENTED_EDGE('',*,*,#2466,.T.);
#13538 = ADVANCED_FACE('',(#13539),#2403,.F.);
#13539 = FACE_BOUND('',#13540,.F.);
#13540 = EDGE_LOOP('',(#13541,#13542,#13543,#13544));
#13541 = ORIENTED_EDGE('',*,*,#8918,.F.);
#13542 = ORIENTED_EDGE('',*,*,#2380,.F.);
#13543 = ORIENTED_EDGE('',*,*,#13512,.T.);
#13544 = ORIENTED_EDGE('',*,*,#2443,.T.);
#13545 = ADVANCED_FACE('',(#13546),#2292,.F.);
#13546 = FACE_BOUND('',#13547,.F.);
#13547 = EDGE_LOOP('',(#13548,#13574,#13575,#13576));
#13548 = ORIENTED_EDGE('',*,*,#13549,.F.);
#13549 = EDGE_CURVE('',#2272,#2305,#13550,.T.);
#13550 = SURFACE_CURVE('',#13551,(#13556,#13563),.PCURVE_S1.);
#13551 = CIRCLE('',#13552,3.25);
#13552 = AXIS2_PLACEMENT_3D('',#13553,#13554,#13555);
#13553 = CARTESIAN_POINT('',(159.,74.,52.5));
#13554 = DIRECTION('',(0.,-1.,-0.));
#13555 = DIRECTION('',(0.,0.,-1.));
#13556 = PCURVE('',#2292,#13557);
#13557 = DEFINITIONAL_REPRESENTATION('',(#13558),#13562);
#13558 = LINE('',#13559,#13560);
#13559 = CARTESIAN_POINT('',(0.,-6.));
#13560 = VECTOR('',#13561,1.);
#13561 = DIRECTION('',(1.,0.));
#13562 = ( GEOMETRIC_REPRESENTATION_CONTEXT(2) 
PARAMETRIC_REPRESENTATION_CONTEXT() REPRESENTATION_CONTEXT('2D SPACE',''
  ) );
#13563 = PCURVE('',#2250,#13564);
#13564 = DEFINITIONAL_REPRESENTATION('',(#13565),#13573);
#13565 = ( BOUNDED_CURVE() B_SPLINE_CURVE(2,(#13566,#13567,#13568,#13569
    ,#13570,#13571,#13572),.UNSPECIFIED.,.T.,.F.) 
B_SPLINE_CURVE_WITH_KNOTS((1,2,2,2,2,1),(-2.094395102393,0.,
    2.094395102393,4.188790204786,6.28318530718,8.377580409573),
.UNSPECIFIED.) CURVE() GEOMETRIC_REPRESENTATION_ITEM() 
RATIONAL_B_SPLINE_CURVE((1.,0.5,1.,0.5,1.,0.5,1.)) REPRESENTATION_ITEM(
  '') );
#13566 = CARTESIAN_POINT('',(-3.25,-3.25));
#13567 = CARTESIAN_POINT('',(-3.25,2.379165124599));
#13568 = CARTESIAN_POINT('',(1.625,-0.435417437701));
#13569 = CARTESIAN_POINT('',(6.5,-3.25));
#13570 = CARTESIAN_POINT('',(1.625,-6.064582562299));
#13571 = CARTESIAN_POINT('',(-3.25,-8.879165124599));
#13572 = CARTESIAN_POINT('',(-3.25,-3.25));
#13573 = ( GEOMETRIC_REPRESENTATION_CONTEXT(2) 
PARAMETRIC_REPRESENTATION_CONTEXT() REPRESENTATION_CONTEXT('2D SPACE',''
  ) );
#13574 = ORIENTED_EDGE('',*,*,#2269,.F.);
#13575 = ORIENTED_EDGE('',*,*,#11027,.T.);
#13576 = ORIENTED_EDGE('',*,*,#2332,.T.);
#13577 = ADVANCED_FACE('',(#13578,#13582),#2250,.F.);
#13578 = FACE_BOUND('',#13579,.T.);
#13579 = EDGE_LOOP('',(#13580,#13581));
#13580 = ORIENTED_EDGE('',*,*,#13549,.F.);
#13581 = ORIENTED_EDGE('',*,*,#2304,.F.);
#13582 = FACE_BOUND('',#13583,.T.);
#13583 = EDGE_LOOP('',(#13584,#13610));
#13584 = ORIENTED_EDGE('',*,*,#13585,.T.);
#13585 = EDGE_CURVE('',#2150,#2213,#13586,.T.);
#13586 = SURFACE_CURVE('',#13587,(#13592,#13603),.PCURVE_S1.);
#13587 = CIRCLE('',#13588,5.5);
#13588 = AXIS2_PLACEMENT_3D('',#13589,#13590,#13591);
#13589 = CARTESIAN_POINT('',(159.,74.,52.5));
#13590 = DIRECTION('',(0.,-1.,-0.));
#13591 = DIRECTION('',(0.,0.,-1.));
#13592 = PCURVE('',#2250,#13593);
#13593 = DEFINITIONAL_REPRESENTATION('',(#13594),#13602);
#13594 = ( BOUNDED_CURVE() B_SPLINE_CURVE(2,(#13595,#13596,#13597,#13598
    ,#13599,#13600,#13601),.UNSPECIFIED.,.T.,.F.) 
B_SPLINE_CURVE_WITH_KNOTS((1,2,2,2,2,1),(-2.094395102393,0.,
    2.094395102393,4.188790204786,6.28318530718,8.377580409573),
.UNSPECIFIED.) CURVE() GEOMETRIC_REPRESENTATION_ITEM() 
RATIONAL_B_SPLINE_CURVE((1.,0.5,1.,0.5,1.,0.5,1.)) REPRESENTATION_ITEM(
  '') );
#13595 = CARTESIAN_POINT('',(-5.5,-3.25));
#13596 = CARTESIAN_POINT('',(-5.5,6.276279441629));
#13597 = CARTESIAN_POINT('',(2.75,1.513139720814));
#13598 = CARTESIAN_POINT('',(11.,-3.25));
#13599 = CARTESIAN_POINT('',(2.75,-8.013139720814));
#13600 = CARTESIAN_POINT('',(-5.5,-12.77627944162));
#13601 = CARTESIAN_POINT('',(-5.5,-3.25));
#13602 = ( GEOMETRIC_REPRESENTATION_CONTEXT(2) 
PARAMETRIC_REPRESENTATION_CONTEXT() REPRESENTATION_CONTEXT('2D SPACE',''
  ) );
#13603 = PCURVE('',#2172,#13604);
#13604 = DEFINITIONAL_REPRESENTATION('',(#13605),#13609);
#13605 = LINE('',#13606,#13607);
#13606 = CARTESIAN_POINT('',(0.,-6.));
#13607 = VECTOR('',#13608,1.);
#13608 = DIRECTION('',(1.,0.));
#13609 = ( GEOMETRIC_REPRESENTATION_CONTEXT(2) 
PARAMETRIC_REPRESENTATION_CONTEXT() REPRESENTATION_CONTEXT('2D SPACE',''
  ) );
#13610 = ORIENTED_EDGE('',*,*,#2235,.T.);
#13611 = ADVANCED_FACE('',(#13612),#2172,.F.);
#13612 = FACE_BOUND('',#13613,.F.);
#13613 = EDGE_LOOP('',(#13614,#13615,#13616,#13617));
#13614 = ORIENTED_EDGE('',*,*,#8739,.F.);
#13615 = ORIENTED_EDGE('',*,*,#2149,.F.);
#13616 = ORIENTED_EDGE('',*,*,#13585,.T.);
#13617 = ORIENTED_EDGE('',*,*,#2212,.T.);
#13618 = ADVANCED_FACE('',(#13619),#2061,.F.);
#13619 = FACE_BOUND('',#13620,.F.);
#13620 = EDGE_LOOP('',(#13621,#13647,#13648,#13649));
#13621 = ORIENTED_EDGE('',*,*,#13622,.F.);
#13622 = EDGE_CURVE('',#2041,#2074,#13623,.T.);
#13623 = SURFACE_CURVE('',#13624,(#13629,#13636),.PCURVE_S1.);
#13624 = CIRCLE('',#13625,3.25);
#13625 = AXIS2_PLACEMENT_3D('',#13626,#13627,#13628);
#13626 = CARTESIAN_POINT('',(105.,74.,7.5));
#13627 = DIRECTION('',(0.,-1.,-0.));
#13628 = DIRECTION('',(0.,0.,-1.));
#13629 = PCURVE('',#2061,#13630);
#13630 = DEFINITIONAL_REPRESENTATION('',(#13631),#13635);
#13631 = LINE('',#13632,#13633);
#13632 = CARTESIAN_POINT('',(0.,-6.));
#13633 = VECTOR('',#13634,1.);
#13634 = DIRECTION('',(1.,0.));
#13635 = ( GEOMETRIC_REPRESENTATION_CONTEXT(2) 
PARAMETRIC_REPRESENTATION_CONTEXT() REPRESENTATION_CONTEXT('2D SPACE',''
  ) );
#13636 = PCURVE('',#2019,#13637);
#13637 = DEFINITIONAL_REPRESENTATION('',(#13638),#13646);
#13638 = ( BOUNDED_CURVE() B_SPLINE_CURVE(2,(#13639,#13640,#13641,#13642
    ,#13643,#13644,#13645),.UNSPECIFIED.,.T.,.F.) 
B_SPLINE_CURVE_WITH_KNOTS((1,2,2,2,2,1),(-2.094395102393,0.,
    2.094395102393,4.188790204786,6.28318530718,8.377580409573),
.UNSPECIFIED.) CURVE() GEOMETRIC_REPRESENTATION_ITEM() 
RATIONAL_B_SPLINE_CURVE((1.,0.5,1.,0.5,1.,0.5,1.)) REPRESENTATION_ITEM(
  '') );
#13639 = CARTESIAN_POINT('',(-3.25,-3.25));
#13640 = CARTESIAN_POINT('',(-3.25,2.379165124599));
#13641 = CARTESIAN_POINT('',(1.625,-0.435417437701));
#13642 = CARTESIAN_POINT('',(6.5,-3.25));
#13643 = CARTESIAN_POINT('',(1.625,-6.064582562299));
#13644 = CARTESIAN_POINT('',(-3.25,-8.879165124599));
#13645 = CARTESIAN_POINT('',(-3.25,-3.25));
#13646 = ( GEOMETRIC_REPRESENTATION_CONTEXT(2) 
PARAMETRIC_REPRESENTATION_CONTEXT() REPRESENTATION_CONTEXT('2D SPACE',''
  ) );
#13647 = ORIENTED_EDGE('',*,*,#2038,.F.);
#13648 = ORIENTED_EDGE('',*,*,#11002,.T.);
#13649 = ORIENTED_EDGE('',*,*,#2101,.T.);
#13650 = ADVANCED_FACE('',(#13651,#13655),#2019,.F.);
#13651 = FACE_BOUND('',#13652,.T.);
#13652 = EDGE_LOOP('',(#13653,#13654));
#13653 = ORIENTED_EDGE('',*,*,#13622,.F.);
#13654 = ORIENTED_EDGE('',*,*,#2073,.F.);
#13655 = FACE_BOUND('',#13656,.T.);
#13656 = EDGE_LOOP('',(#13657,#13683));
#13657 = ORIENTED_EDGE('',*,*,#13658,.T.);
#13658 = EDGE_CURVE('',#1919,#1982,#13659,.T.);
#13659 = SURFACE_CURVE('',#13660,(#13665,#13676),.PCURVE_S1.);
#13660 = CIRCLE('',#13661,5.5);
#13661 = AXIS2_PLACEMENT_3D('',#13662,#13663,#13664);
#13662 = CARTESIAN_POINT('',(105.,74.,7.5));
#13663 = DIRECTION('',(0.,-1.,-0.));
#13664 = DIRECTION('',(0.,0.,-1.));
#13665 = PCURVE('',#2019,#13666);
#13666 = DEFINITIONAL_REPRESENTATION('',(#13667),#13675);
#13667 = ( BOUNDED_CURVE() B_SPLINE_CURVE(2,(#13668,#13669,#13670,#13671
    ,#13672,#13673,#13674),.UNSPECIFIED.,.T.,.F.) 
B_SPLINE_CURVE_WITH_KNOTS((1,2,2,2,2,1),(-2.094395102393,0.,
    2.094395102393,4.188790204786,6.28318530718,8.377580409573),
.UNSPECIFIED.) CURVE() GEOMETRIC_REPRESENTATION_ITEM() 
RATIONAL_B_SPLINE_CURVE((1.,0.5,1.,0.5,1.,0.5,1.)) REPRESENTATION_ITEM(
  '') );
#13668 = CARTESIAN_POINT('',(-5.5,-3.25));
#13669 = CARTESIAN_POINT('',(-5.5,6.276279441629));
#13670 = CARTESIAN_POINT('',(2.75,1.513139720814));
#13671 = CARTESIAN_POINT('',(11.,-3.25));
#13672 = CARTESIAN_POINT('',(2.75,-8.013139720814));
#13673 = CARTESIAN_POINT('',(-5.5,-12.77627944162));
#13674 = CARTESIAN_POINT('',(-5.5,-3.25));
#13675 = ( GEOMETRIC_REPRESENTATION_CONTEXT(2) 
PARAMETRIC_REPRESENTATION_CONTEXT() REPRESENTATION_CONTEXT('2D SPACE',''
  ) );
#13676 = PCURVE('',#1941,#13677);
#13677 = DEFINITIONAL_REPRESENTATION('',(#13678),#13682);
#13678 = LINE('',#13679,#13680);
#13679 = CARTESIAN_POINT('',(0.,-6.));
#13680 = VECTOR('',#13681,1.);
#13681 = DIRECTION('',(1.,0.));
#13682 = ( GEOMETRIC_REPRESENTATION_CONTEXT(2) 
PARAMETRIC_REPRESENTATION_CONTEXT() REPRESENTATION_CONTEXT('2D SPACE',''
  ) );
#13683 = ORIENTED_EDGE('',*,*,#2004,.T.);
#13684 = ADVANCED_FACE('',(#13685),#1941,.F.);
#13685 = FACE_BOUND('',#13686,.F.);
#13686 = EDGE_LOOP('',(#13687,#13688,#13689,#13690));
#13687 = ORIENTED_EDGE('',*,*,#8947,.F.);
#13688 = ORIENTED_EDGE('',*,*,#1918,.F.);
#13689 = ORIENTED_EDGE('',*,*,#13658,.T.);
#13690 = ORIENTED_EDGE('',*,*,#1981,.T.);
#13691 = ADVANCED_FACE('',(#13692),#1830,.F.);
#13692 = FACE_BOUND('',#13693,.F.);
#13693 = EDGE_LOOP('',(#13694,#13720,#13721,#13722));
#13694 = ORIENTED_EDGE('',*,*,#13695,.F.);
#13695 = EDGE_CURVE('',#1810,#1843,#13696,.T.);
#13696 = SURFACE_CURVE('',#13697,(#13702,#13709),.PCURVE_S1.);
#13697 = CIRCLE('',#13698,3.25);
#13698 = AXIS2_PLACEMENT_3D('',#13699,#13700,#13701);
#13699 = CARTESIAN_POINT('',(145.,74.,7.5));
#13700 = DIRECTION('',(0.,-1.,-0.));
#13701 = DIRECTION('',(0.,0.,-1.));
#13702 = PCURVE('',#1830,#13703);
#13703 = DEFINITIONAL_REPRESENTATION('',(#13704),#13708);
#13704 = LINE('',#13705,#13706);
#13705 = CARTESIAN_POINT('',(0.,-6.));
#13706 = VECTOR('',#13707,1.);
#13707 = DIRECTION('',(1.,0.));
#13708 = ( GEOMETRIC_REPRESENTATION_CONTEXT(2) 
PARAMETRIC_REPRESENTATION_CONTEXT() REPRESENTATION_CONTEXT('2D SPACE',''
  ) );
#13709 = PCURVE('',#1788,#13710);
#13710 = DEFINITIONAL_REPRESENTATION('',(#13711),#13719);
#13711 = ( BOUNDED_CURVE() B_SPLINE_CURVE(2,(#13712,#13713,#13714,#13715
    ,#13716,#13717,#13718),.UNSPECIFIED.,.T.,.F.) 
B_SPLINE_CURVE_WITH_KNOTS((1,2,2,2,2,1),(-2.094395102393,0.,
    2.094395102393,4.188790204786,6.28318530718,8.377580409573),
.UNSPECIFIED.) CURVE() GEOMETRIC_REPRESENTATION_ITEM() 
RATIONAL_B_SPLINE_CURVE((1.,0.5,1.,0.5,1.,0.5,1.)) REPRESENTATION_ITEM(
  '') );
#13712 = CARTESIAN_POINT('',(-3.25,-3.25));
#13713 = CARTESIAN_POINT('',(-3.25,2.379165124599));
#13714 = CARTESIAN_POINT('',(1.625,-0.435417437701));
#13715 = CARTESIAN_POINT('',(6.5,-3.25));
#13716 = CARTESIAN_POINT('',(1.625,-6.064582562299));
#13717 = CARTESIAN_POINT('',(-3.25,-8.879165124599));
#13718 = CARTESIAN_POINT('',(-3.25,-3.25));
#13719 = ( GEOMETRIC_REPRESENTATION_CONTEXT(2) 
PARAMETRIC_REPRESENTATION_CONTEXT() REPRESENTATION_CONTEXT('2D SPACE',''
  ) );
#13720 = ORIENTED_EDGE('',*,*,#1807,.F.);
#13721 = ORIENTED_EDGE('',*,*,#10977,.T.);
#13722 = ORIENTED_EDGE('',*,*,#1870,.T.);
#13723 = ADVANCED_FACE('',(#13724,#13728),#1788,.F.);
#13724 = FACE_BOUND('',#13725,.T.);
#13725 = EDGE_LOOP('',(#13726,#13727));
#13726 = ORIENTED_EDGE('',*,*,#13695,.F.);
#13727 = ORIENTED_EDGE('',*,*,#1842,.F.);
#13728 = FACE_BOUND('',#13729,.T.);
#13729 = EDGE_LOOP('',(#13730,#13756));
#13730 = ORIENTED_EDGE('',*,*,#13731,.T.);
#13731 = EDGE_CURVE('',#1688,#1751,#13732,.T.);
#13732 = SURFACE_CURVE('',#13733,(#13738,#13749),.PCURVE_S1.);
#13733 = CIRCLE('',#13734,5.5);
#13734 = AXIS2_PLACEMENT_3D('',#13735,#13736,#13737);
#13735 = CARTESIAN_POINT('',(145.,74.,7.5));
#13736 = DIRECTION('',(0.,-1.,-0.));
#13737 = DIRECTION('',(0.,0.,-1.));
#13738 = PCURVE('',#1788,#13739);
#13739 = DEFINITIONAL_REPRESENTATION('',(#13740),#13748);
#13740 = ( BOUNDED_CURVE() B_SPLINE_CURVE(2,(#13741,#13742,#13743,#13744
    ,#13745,#13746,#13747),.UNSPECIFIED.,.T.,.F.) 
B_SPLINE_CURVE_WITH_KNOTS((1,2,2,2,2,1),(-2.094395102393,0.,
    2.094395102393,4.188790204786,6.28318530718,8.377580409573),
.UNSPECIFIED.) CURVE() GEOMETRIC_REPRESENTATION_ITEM() 
RATIONAL_B_SPLINE_CURVE((1.,0.5,1.,0.5,1.,0.5,1.)) REPRESENTATION_ITEM(
  '') );
#13741 = CARTESIAN_POINT('',(-5.5,-3.25));
#13742 = CARTESIAN_POINT('',(-5.5,6.276279441629));
#13743 = CARTESIAN_POINT('',(2.75,1.513139720814));
#13744 = CARTESIAN_POINT('',(11.,-3.25));
#13745 = CARTESIAN_POINT('',(2.75,-8.013139720814));
#13746 = CARTESIAN_POINT('',(-5.5,-12.77627944162));
#13747 = CARTESIAN_POINT('',(-5.5,-3.25));
#13748 = ( GEOMETRIC_REPRESENTATION_CONTEXT(2) 
PARAMETRIC_REPRESENTATION_CONTEXT() REPRESENTATION_CONTEXT('2D SPACE',''
  ) );
#13749 = PCURVE('',#1710,#13750);
#13750 = DEFINITIONAL_REPRESENTATION('',(#13751),#13755);
#13751 = LINE('',#13752,#13753);
#13752 = CARTESIAN_POINT('',(0.,-6.));
#13753 = VECTOR('',#13754,1.);
#13754 = DIRECTION('',(1.,0.));
#13755 = ( GEOMETRIC_REPRESENTATION_CONTEXT(2) 
PARAMETRIC_REPRESENTATION_CONTEXT() REPRESENTATION_CONTEXT('2D SPACE',''
  ) );
#13756 = ORIENTED_EDGE('',*,*,#1773,.T.);
#13757 = ADVANCED_FACE('',(#13758),#1710,.F.);
#13758 = FACE_BOUND('',#13759,.F.);
#13759 = EDGE_LOOP('',(#13760,#13761,#13762,#13763));
#13760 = ORIENTED_EDGE('',*,*,#8710,.F.);
#13761 = ORIENTED_EDGE('',*,*,#1687,.F.);
#13762 = ORIENTED_EDGE('',*,*,#13731,.T.);
#13763 = ORIENTED_EDGE('',*,*,#1750,.T.);
#13764 = ADVANCED_FACE('',(#13765),#1599,.F.);
#13765 = FACE_BOUND('',#13766,.F.);
#13766 = EDGE_LOOP('',(#13767,#13793,#13794,#13795));
#13767 = ORIENTED_EDGE('',*,*,#13768,.F.);
#13768 = EDGE_CURVE('',#1579,#1612,#13769,.T.);
#13769 = SURFACE_CURVE('',#13770,(#13775,#13782),.PCURVE_S1.);
#13770 = CIRCLE('',#13771,3.25);
#13771 = AXIS2_PLACEMENT_3D('',#13772,#13773,#13774);
#13772 = CARTESIAN_POINT('',(159.,74.,7.5));
#13773 = DIRECTION('',(0.,-1.,-0.));
#13774 = DIRECTION('',(0.,0.,-1.));
#13775 = PCURVE('',#1599,#13776);
#13776 = DEFINITIONAL_REPRESENTATION('',(#13777),#13781);
#13777 = LINE('',#13778,#13779);
#13778 = CARTESIAN_POINT('',(0.,-6.));
#13779 = VECTOR('',#13780,1.);
#13780 = DIRECTION('',(1.,0.));
#13781 = ( GEOMETRIC_REPRESENTATION_CONTEXT(2) 
PARAMETRIC_REPRESENTATION_CONTEXT() REPRESENTATION_CONTEXT('2D SPACE',''
  ) );
#13782 = PCURVE('',#1557,#13783);
#13783 = DEFINITIONAL_REPRESENTATION('',(#13784),#13792);
#13784 = ( BOUNDED_CURVE() B_SPLINE_CURVE(2,(#13785,#13786,#13787,#13788
    ,#13789,#13790,#13791),.UNSPECIFIED.,.T.,.F.) 
B_SPLINE_CURVE_WITH_KNOTS((1,2,2,2,2,1),(-2.094395102393,0.,
    2.094395102393,4.188790204786,6.28318530718,8.377580409573),
.UNSPECIFIED.) CURVE() GEOMETRIC_REPRESENTATION_ITEM() 
RATIONAL_B_SPLINE_CURVE((1.,0.5,1.,0.5,1.,0.5,1.)) REPRESENTATION_ITEM(
  '') );
#13785 = CARTESIAN_POINT('',(-3.25,-3.25));
#13786 = CARTESIAN_POINT('',(-3.25,2.379165124599));
#13787 = CARTESIAN_POINT('',(1.625,-0.435417437701));
#13788 = CARTESIAN_POINT('',(6.5,-3.25));
#13789 = CARTESIAN_POINT('',(1.625,-6.064582562299));
#13790 = CARTESIAN_POINT('',(-3.25,-8.879165124599));
#13791 = CARTESIAN_POINT('',(-3.25,-3.25));
#13792 = ( GEOMETRIC_REPRESENTATION_CONTEXT(2) 
PARAMETRIC_REPRESENTATION_CONTEXT() REPRESENTATION_CONTEXT('2D SPACE',''
  ) );
#13793 = ORIENTED_EDGE('',*,*,#1576,.F.);
#13794 = ORIENTED_EDGE('',*,*,#10952,.T.);
#13795 = ORIENTED_EDGE('',*,*,#1639,.T.);
#13796 = ADVANCED_FACE('',(#13797,#13801),#1557,.F.);
#13797 = FACE_BOUND('',#13798,.T.);
#13798 = EDGE_LOOP('',(#13799,#13800));
#13799 = ORIENTED_EDGE('',*,*,#13768,.F.);
#13800 = ORIENTED_EDGE('',*,*,#1611,.F.);
#13801 = FACE_BOUND('',#13802,.T.);
#13802 = EDGE_LOOP('',(#13803,#13829));
#13803 = ORIENTED_EDGE('',*,*,#13804,.T.);
#13804 = EDGE_CURVE('',#1457,#1520,#13805,.T.);
#13805 = SURFACE_CURVE('',#13806,(#13811,#13822),.PCURVE_S1.);
#13806 = CIRCLE('',#13807,5.5);
#13807 = AXIS2_PLACEMENT_3D('',#13808,#13809,#13810);
#13808 = CARTESIAN_POINT('',(159.,74.,7.5));
#13809 = DIRECTION('',(0.,-1.,-0.));
#13810 = DIRECTION('',(0.,0.,-1.));
#13811 = PCURVE('',#1557,#13812);
#13812 = DEFINITIONAL_REPRESENTATION('',(#13813),#13821);
#13813 = ( BOUNDED_CURVE() B_SPLINE_CURVE(2,(#13814,#13815,#13816,#13817
    ,#13818,#13819,#13820),.UNSPECIFIED.,.T.,.F.) 
B_SPLINE_CURVE_WITH_KNOTS((1,2,2,2,2,1),(-2.094395102393,0.,
    2.094395102393,4.188790204786,6.28318530718,8.377580409573),
.UNSPECIFIED.) CURVE() GEOMETRIC_REPRESENTATION_ITEM() 
RATIONAL_B_SPLINE_CURVE((1.,0.5,1.,0.5,1.,0.5,1.)) REPRESENTATION_ITEM(
  '') );
#13814 = CARTESIAN_POINT('',(-5.5,-3.25));
#13815 = CARTESIAN_POINT('',(-5.5,6.276279441629));
#13816 = CARTESIAN_POINT('',(2.75,1.513139720814));
#13817 = CARTESIAN_POINT('',(11.,-3.25));
#13818 = CARTESIAN_POINT('',(2.75,-8.013139720814));
#13819 = CARTESIAN_POINT('',(-5.5,-12.77627944162));
#13820 = CARTESIAN_POINT('',(-5.5,-3.25));
#13821 = ( GEOMETRIC_REPRESENTATION_CONTEXT(2) 
PARAMETRIC_REPRESENTATION_CONTEXT() REPRESENTATION_CONTEXT('2D SPACE',''
  ) );
#13822 = PCURVE('',#1479,#13823);
#13823 = DEFINITIONAL_REPRESENTATION('',(#13824),#13828);
#13824 = LINE('',#13825,#13826);
#13825 = CARTESIAN_POINT('',(0.,-6.));
#13826 = VECTOR('',#13827,1.);
#13827 = DIRECTION('',(1.,0.));
#13828 = ( GEOMETRIC_REPRESENTATION_CONTEXT(2) 
PARAMETRIC_REPRESENTATION_CONTEXT() REPRESENTATION_CONTEXT('2D SPACE',''
  ) );
#13829 = ORIENTED_EDGE('',*,*,#1542,.T.);
#13830 = ADVANCED_FACE('',(#13831),#1479,.F.);
#13831 = FACE_BOUND('',#13832,.F.);
#13832 = EDGE_LOOP('',(#13833,#13834,#13835,#13836));
#13833 = ORIENTED_EDGE('',*,*,#8976,.F.);
#13834 = ORIENTED_EDGE('',*,*,#1456,.F.);
#13835 = ORIENTED_EDGE('',*,*,#13804,.T.);
#13836 = ORIENTED_EDGE('',*,*,#1519,.T.);
#13837 = ADVANCED_FACE('',(#13838),#1368,.F.);
#13838 = FACE_BOUND('',#13839,.F.);
#13839 = EDGE_LOOP('',(#13840,#13866,#13867,#13868));
#13840 = ORIENTED_EDGE('',*,*,#13841,.F.);
#13841 = EDGE_CURVE('',#1348,#1381,#13842,.T.);
#13842 = SURFACE_CURVE('',#13843,(#13848,#13855),.PCURVE_S1.);
#13843 = CIRCLE('',#13844,3.25);
#13844 = AXIS2_PLACEMENT_3D('',#13845,#13846,#13847);
#13845 = CARTESIAN_POINT('',(232.,74.,7.5));
#13846 = DIRECTION('',(0.,-1.,-0.));
#13847 = DIRECTION('',(0.,0.,-1.));
#13848 = PCURVE('',#1368,#13849);
#13849 = DEFINITIONAL_REPRESENTATION('',(#13850),#13854);
#13850 = LINE('',#13851,#13852);
#13851 = CARTESIAN_POINT('',(0.,-6.));
#13852 = VECTOR('',#13853,1.);
#13853 = DIRECTION('',(1.,0.));
#13854 = ( GEOMETRIC_REPRESENTATION_CONTEXT(2) 
PARAMETRIC_REPRESENTATION_CONTEXT() REPRESENTATION_CONTEXT('2D SPACE',''
  ) );
#13855 = PCURVE('',#1326,#13856);
#13856 = DEFINITIONAL_REPRESENTATION('',(#13857),#13865);
#13857 = ( BOUNDED_CURVE() B_SPLINE_CURVE(2,(#13858,#13859,#13860,#13861
    ,#13862,#13863,#13864),.UNSPECIFIED.,.T.,.F.) 
B_SPLINE_CURVE_WITH_KNOTS((1,2,2,2,2,1),(-2.094395102393,0.,
    2.094395102393,4.188790204786,6.28318530718,8.377580409573),
.UNSPECIFIED.) CURVE() GEOMETRIC_REPRESENTATION_ITEM() 
RATIONAL_B_SPLINE_CURVE((1.,0.5,1.,0.5,1.,0.5,1.)) REPRESENTATION_ITEM(
  '') );
#13858 = CARTESIAN_POINT('',(-3.25,-3.25));
#13859 = CARTESIAN_POINT('',(-3.25,2.379165124599));
#13860 = CARTESIAN_POINT('',(1.625,-0.435417437701));
#13861 = CARTESIAN_POINT('',(6.5,-3.25));
#13862 = CARTESIAN_POINT('',(1.625,-6.064582562299));
#13863 = CARTESIAN_POINT('',(-3.25,-8.879165124599));
#13864 = CARTESIAN_POINT('',(-3.25,-3.25));
#13865 = ( GEOMETRIC_REPRESENTATION_CONTEXT(2) 
PARAMETRIC_REPRESENTATION_CONTEXT() REPRESENTATION_CONTEXT('2D SPACE',''
  ) );
#13866 = ORIENTED_EDGE('',*,*,#1345,.F.);
#13867 = ORIENTED_EDGE('',*,*,#10927,.T.);
#13868 = ORIENTED_EDGE('',*,*,#1408,.T.);
#13869 = ADVANCED_FACE('',(#13870,#13874),#1326,.F.);
#13870 = FACE_BOUND('',#13871,.T.);
#13871 = EDGE_LOOP('',(#13872,#13873));
#13872 = ORIENTED_EDGE('',*,*,#13841,.F.);
#13873 = ORIENTED_EDGE('',*,*,#1380,.F.);
#13874 = FACE_BOUND('',#13875,.T.);
#13875 = EDGE_LOOP('',(#13876,#13902));
#13876 = ORIENTED_EDGE('',*,*,#13877,.T.);
#13877 = EDGE_CURVE('',#1226,#1289,#13878,.T.);
#13878 = SURFACE_CURVE('',#13879,(#13884,#13895),.PCURVE_S1.);
#13879 = CIRCLE('',#13880,5.5);
#13880 = AXIS2_PLACEMENT_3D('',#13881,#13882,#13883);
#13881 = CARTESIAN_POINT('',(232.,74.,7.5));
#13882 = DIRECTION('',(0.,-1.,-0.));
#13883 = DIRECTION('',(0.,0.,-1.));
#13884 = PCURVE('',#1326,#13885);
#13885 = DEFINITIONAL_REPRESENTATION('',(#13886),#13894);
#13886 = ( BOUNDED_CURVE() B_SPLINE_CURVE(2,(#13887,#13888,#13889,#13890
    ,#13891,#13892,#13893),.UNSPECIFIED.,.T.,.F.) 
B_SPLINE_CURVE_WITH_KNOTS((1,2,2,2,2,1),(-2.094395102393,0.,
    2.094395102393,4.188790204786,6.28318530718,8.377580409573),
.UNSPECIFIED.) CURVE() GEOMETRIC_REPRESENTATION_ITEM() 
RATIONAL_B_SPLINE_CURVE((1.,0.5,1.,0.5,1.,0.5,1.)) REPRESENTATION_ITEM(
  '') );
#13887 = CARTESIAN_POINT('',(-5.5,-3.25));
#13888 = CARTESIAN_POINT('',(-5.5,6.276279441629));
#13889 = CARTESIAN_POINT('',(2.75,1.513139720814));
#13890 = CARTESIAN_POINT('',(11.,-3.25));
#13891 = CARTESIAN_POINT('',(2.75,-8.013139720814));
#13892 = CARTESIAN_POINT('',(-5.5,-12.77627944162));
#13893 = CARTESIAN_POINT('',(-5.5,-3.25));
#13894 = ( GEOMETRIC_REPRESENTATION_CONTEXT(2) 
PARAMETRIC_REPRESENTATION_CONTEXT() REPRESENTATION_CONTEXT('2D SPACE',''
  ) );
#13895 = PCURVE('',#1248,#13896);
#13896 = DEFINITIONAL_REPRESENTATION('',(#13897),#13901);
#13897 = LINE('',#13898,#13899);
#13898 = CARTESIAN_POINT('',(0.,-6.));
#13899 = VECTOR('',#13900,1.);
#13900 = DIRECTION('',(1.,0.));
#13901 = ( GEOMETRIC_REPRESENTATION_CONTEXT(2) 
PARAMETRIC_REPRESENTATION_CONTEXT() REPRESENTATION_CONTEXT('2D SPACE',''
  ) );
#13902 = ORIENTED_EDGE('',*,*,#1311,.T.);
#13903 = ADVANCED_FACE('',(#13904),#1248,.F.);
#13904 = FACE_BOUND('',#13905,.F.);
#13905 = EDGE_LOOP('',(#13906,#13907,#13908,#13909));
#13906 = ORIENTED_EDGE('',*,*,#8681,.F.);
#13907 = ORIENTED_EDGE('',*,*,#1225,.F.);
#13908 = ORIENTED_EDGE('',*,*,#13877,.T.);
#13909 = ORIENTED_EDGE('',*,*,#1288,.T.);
#13910 = ADVANCED_FACE('',(#13911),#1137,.F.);
#13911 = FACE_BOUND('',#13912,.F.);
#13912 = EDGE_LOOP('',(#13913,#13939,#13940,#13941));
#13913 = ORIENTED_EDGE('',*,*,#13914,.F.);
#13914 = EDGE_CURVE('',#1117,#1150,#13915,.T.);
#13915 = SURFACE_CURVE('',#13916,(#13921,#13928),.PCURVE_S1.);
#13916 = CIRCLE('',#13917,3.25);
#13917 = AXIS2_PLACEMENT_3D('',#13918,#13919,#13920);
#13918 = CARTESIAN_POINT('',(232.,74.,52.5));
#13919 = DIRECTION('',(0.,-1.,-0.));
#13920 = DIRECTION('',(0.,0.,-1.));
#13921 = PCURVE('',#1137,#13922);
#13922 = DEFINITIONAL_REPRESENTATION('',(#13923),#13927);
#13923 = LINE('',#13924,#13925);
#13924 = CARTESIAN_POINT('',(0.,-6.));
#13925 = VECTOR('',#13926,1.);
#13926 = DIRECTION('',(1.,0.));
#13927 = ( GEOMETRIC_REPRESENTATION_CONTEXT(2) 
PARAMETRIC_REPRESENTATION_CONTEXT() REPRESENTATION_CONTEXT('2D SPACE',''
  ) );
#13928 = PCURVE('',#1095,#13929);
#13929 = DEFINITIONAL_REPRESENTATION('',(#13930),#13938);
#13930 = ( BOUNDED_CURVE() B_SPLINE_CURVE(2,(#13931,#13932,#13933,#13934
    ,#13935,#13936,#13937),.UNSPECIFIED.,.T.,.F.) 
B_SPLINE_CURVE_WITH_KNOTS((1,2,2,2,2,1),(-2.094395102393,0.,
    2.094395102393,4.188790204786,6.28318530718,8.377580409573),
.UNSPECIFIED.) CURVE() GEOMETRIC_REPRESENTATION_ITEM() 
RATIONAL_B_SPLINE_CURVE((1.,0.5,1.,0.5,1.,0.5,1.)) REPRESENTATION_ITEM(
  '') );
#13931 = CARTESIAN_POINT('',(-3.25,-3.25));
#13932 = CARTESIAN_POINT('',(-3.25,2.379165124599));
#13933 = CARTESIAN_POINT('',(1.625,-0.435417437701));
#13934 = CARTESIAN_POINT('',(6.5,-3.25));
#13935 = CARTESIAN_POINT('',(1.625,-6.064582562299));
#13936 = CARTESIAN_POINT('',(-3.25,-8.879165124599));
#13937 = CARTESIAN_POINT('',(-3.25,-3.25));
#13938 = ( GEOMETRIC_REPRESENTATION_CONTEXT(2) 
PARAMETRIC_REPRESENTATION_CONTEXT() REPRESENTATION_CONTEXT('2D SPACE',''
  ) );
#13939 = ORIENTED_EDGE('',*,*,#1114,.F.);
#13940 = ORIENTED_EDGE('',*,*,#10902,.T.);
#13941 = ORIENTED_EDGE('',*,*,#1177,.T.);
#13942 = ADVANCED_FACE('',(#13943,#13947),#1095,.F.);
#13943 = FACE_BOUND('',#13944,.T.);
#13944 = EDGE_LOOP('',(#13945,#13946));
#13945 = ORIENTED_EDGE('',*,*,#13914,.F.);
#13946 = ORIENTED_EDGE('',*,*,#1149,.F.);
#13947 = FACE_BOUND('',#13948,.T.);
#13948 = EDGE_LOOP('',(#13949,#13975));
#13949 = ORIENTED_EDGE('',*,*,#13950,.T.);
#13950 = EDGE_CURVE('',#995,#1058,#13951,.T.);
#13951 = SURFACE_CURVE('',#13952,(#13957,#13968),.PCURVE_S1.);
#13952 = CIRCLE('',#13953,5.5);
#13953 = AXIS2_PLACEMENT_3D('',#13954,#13955,#13956);
#13954 = CARTESIAN_POINT('',(232.,74.,52.5));
#13955 = DIRECTION('',(0.,-1.,-0.));
#13956 = DIRECTION('',(0.,0.,-1.));
#13957 = PCURVE('',#1095,#13958);
#13958 = DEFINITIONAL_REPRESENTATION('',(#13959),#13967);
#13959 = ( BOUNDED_CURVE() B_SPLINE_CURVE(2,(#13960,#13961,#13962,#13963
    ,#13964,#13965,#13966),.UNSPECIFIED.,.T.,.F.) 
B_SPLINE_CURVE_WITH_KNOTS((1,2,2,2,2,1),(-2.094395102393,0.,
    2.094395102393,4.188790204786,6.28318530718,8.377580409573),
.UNSPECIFIED.) CURVE() GEOMETRIC_REPRESENTATION_ITEM() 
RATIONAL_B_SPLINE_CURVE((1.,0.5,1.,0.5,1.,0.5,1.)) REPRESENTATION_ITEM(
  '') );
#13960 = CARTESIAN_POINT('',(-5.5,-3.25));
#13961 = CARTESIAN_POINT('',(-5.5,6.276279441629));
#13962 = CARTESIAN_POINT('',(2.75,1.513139720814));
#13963 = CARTESIAN_POINT('',(11.,-3.25));
#13964 = CARTESIAN_POINT('',(2.75,-8.013139720814));
#13965 = CARTESIAN_POINT('',(-5.5,-12.77627944162));
#13966 = CARTESIAN_POINT('',(-5.5,-3.25));
#13967 = ( GEOMETRIC_REPRESENTATION_CONTEXT(2) 
PARAMETRIC_REPRESENTATION_CONTEXT() REPRESENTATION_CONTEXT('2D SPACE',''
  ) );
#13968 = PCURVE('',#1017,#13969);
#13969 = DEFINITIONAL_REPRESENTATION('',(#13970),#13974);
#13970 = LINE('',#13971,#13972);
#13971 = CARTESIAN_POINT('',(0.,-6.));
#13972 = VECTOR('',#13973,1.);
#13973 = DIRECTION('',(1.,0.));
#13974 = ( GEOMETRIC_REPRESENTATION_CONTEXT(2) 
PARAMETRIC_REPRESENTATION_CONTEXT() REPRESENTATION_CONTEXT('2D SPACE',''
  ) );
#13975 = ORIENTED_EDGE('',*,*,#1080,.T.);
#13976 = ADVANCED_FACE('',(#13977),#1017,.F.);
#13977 = FACE_BOUND('',#13978,.F.);
#13978 = EDGE_LOOP('',(#13979,#13980,#13981,#13982));
#13979 = ORIENTED_EDGE('',*,*,#9005,.F.);
#13980 = ORIENTED_EDGE('',*,*,#994,.F.);
#13981 = ORIENTED_EDGE('',*,*,#13950,.T.);
#13982 = ORIENTED_EDGE('',*,*,#1057,.T.);
#13983 = ADVANCED_FACE('',(#13984),#906,.F.);
#13984 = FACE_BOUND('',#13985,.F.);
#13985 = EDGE_LOOP('',(#13986,#13987,#13988,#13989));
#13986 = ORIENTED_EDGE('',*,*,#8528,.F.);
#13987 = ORIENTED_EDGE('',*,*,#883,.F.);
#13988 = ORIENTED_EDGE('',*,*,#10781,.T.);
#13989 = ORIENTED_EDGE('',*,*,#946,.T.);
#13990 = ADVANCED_FACE('',(#13991),#795,.F.);
#13991 = FACE_BOUND('',#13992,.F.);
#13992 = EDGE_LOOP('',(#13993,#13994,#13995,#13996));
#13993 = ORIENTED_EDGE('',*,*,#9034,.F.);
#13994 = ORIENTED_EDGE('',*,*,#772,.F.);
#13995 = ORIENTED_EDGE('',*,*,#10660,.T.);
#13996 = ORIENTED_EDGE('',*,*,#835,.T.);
#13997 = ADVANCED_FACE('',(#13998),#684,.F.);
#13998 = FACE_BOUND('',#13999,.F.);
#13999 = EDGE_LOOP('',(#14000,#14001,#14002,#14003));
#14000 = ORIENTED_EDGE('',*,*,#9063,.F.);
#14001 = ORIENTED_EDGE('',*,*,#661,.F.);
#14002 = ORIENTED_EDGE('',*,*,#10539,.T.);
#14003 = ORIENTED_EDGE('',*,*,#724,.T.);
#14004 = ADVANCED_FACE('',(#14005),#563,.F.);
#14005 = FACE_BOUND('',#14006,.F.);
#14006 = EDGE_LOOP('',(#14007,#14008,#14009,#14010));
#14007 = ORIENTED_EDGE('',*,*,#9092,.F.);
#14008 = ORIENTED_EDGE('',*,*,#540,.F.);
#14009 = ORIENTED_EDGE('',*,*,#10418,.T.);
#14010 = ORIENTED_EDGE('',*,*,#608,.T.);
#14011 = ADVANCED_FACE('',(#14012),#8636,.F.);
#14012 = FACE_BOUND('',#14013,.T.);
#14013 = EDGE_LOOP('',(#14014,#14015,#14036,#14037));
#14014 = ORIENTED_EDGE('',*,*,#8620,.T.);
#14015 = ORIENTED_EDGE('',*,*,#14016,.F.);
#14016 = EDGE_CURVE('',#10833,#8588,#14017,.T.);
#14017 = SURFACE_CURVE('',#14018,(#14022,#14029),.PCURVE_S1.);
#14018 = LINE('',#14019,#14020);
#14019 = CARTESIAN_POINT('',(103.,80.,18.5));
#14020 = VECTOR('',#14021,1.);
#14021 = DIRECTION('',(9.948234987681E-17,-1.,-0.));
#14022 = PCURVE('',#8636,#14023);
#14023 = DEFINITIONAL_REPRESENTATION('',(#14024),#14028);
#14024 = LINE('',#14025,#14026);
#14025 = CARTESIAN_POINT('',(0.,0.));
#14026 = VECTOR('',#14027,1.);
#14027 = DIRECTION('',(1.,0.));
#14028 = ( GEOMETRIC_REPRESENTATION_CONTEXT(2) 
PARAMETRIC_REPRESENTATION_CONTEXT() REPRESENTATION_CONTEXT('2D SPACE',''
  ) );
#14029 = PCURVE('',#8608,#14030);
#14030 = DEFINITIONAL_REPRESENTATION('',(#14031),#14035);
#14031 = LINE('',#14032,#14033);
#14032 = CARTESIAN_POINT('',(3.14159265359,0.));
#14033 = VECTOR('',#14034,1.);
#14034 = DIRECTION('',(0.,1.));
#14035 = ( GEOMETRIC_REPRESENTATION_CONTEXT(2) 
PARAMETRIC_REPRESENTATION_CONTEXT() REPRESENTATION_CONTEXT('2D SPACE',''
  ) );
#14036 = ORIENTED_EDGE('',*,*,#10832,.F.);
#14037 = ORIENTED_EDGE('',*,*,#14038,.T.);
#14038 = EDGE_CURVE('',#10809,#8621,#14039,.T.);
#14039 = SURFACE_CURVE('',#14040,(#14044,#14051),.PCURVE_S1.);
#14040 = LINE('',#14041,#14042);
#14041 = CARTESIAN_POINT('',(103.,80.,21.5));
#14042 = VECTOR('',#14043,1.);
#14043 = DIRECTION('',(9.948234987681E-17,-1.,-0.));
#14044 = PCURVE('',#8636,#14045);
#14045 = DEFINITIONAL_REPRESENTATION('',(#14046),#14050);
#14046 = LINE('',#14047,#14048);
#14047 = CARTESIAN_POINT('',(0.,3.));
#14048 = VECTOR('',#14049,1.);
#14049 = DIRECTION('',(1.,0.));
#14050 = ( GEOMETRIC_REPRESENTATION_CONTEXT(2) 
PARAMETRIC_REPRESENTATION_CONTEXT() REPRESENTATION_CONTEXT('2D SPACE',''
  ) );
#14051 = PCURVE('',#8667,#14052);
#14052 = DEFINITIONAL_REPRESENTATION('',(#14053),#14057);
#14053 = LINE('',#14054,#14055);
#14054 = CARTESIAN_POINT('',(3.14159265359,0.));
#14055 = VECTOR('',#14056,1.);
#14056 = DIRECTION('',(0.,1.));
#14057 = ( GEOMETRIC_REPRESENTATION_CONTEXT(2) 
PARAMETRIC_REPRESENTATION_CONTEXT() REPRESENTATION_CONTEXT('2D SPACE',''
  ) );
#14058 = ADVANCED_FACE('',(#14059),#8575,.F.);
#14059 = FACE_BOUND('',#14060,.T.);
#14060 = EDGE_LOOP('',(#14061,#14062,#14083,#14084));
#14061 = ORIENTED_EDGE('',*,*,#8557,.T.);
#14062 = ORIENTED_EDGE('',*,*,#14063,.F.);
#14063 = EDGE_CURVE('',#10807,#8560,#14064,.T.);
#14064 = SURFACE_CURVE('',#14065,(#14069,#14076),.PCURVE_S1.);
#14065 = LINE('',#14066,#14067);
#14066 = CARTESIAN_POINT('',(107.,80.,21.5));
#14067 = VECTOR('',#14068,1.);
#14068 = DIRECTION('',(9.948234987681E-17,-1.,-0.));
#14069 = PCURVE('',#8575,#14070);
#14070 = DEFINITIONAL_REPRESENTATION('',(#14071),#14075);
#14071 = LINE('',#14072,#14073);
#14072 = CARTESIAN_POINT('',(0.,3.));
#14073 = VECTOR('',#14074,1.);
#14074 = DIRECTION('',(-1.,0.));
#14075 = ( GEOMETRIC_REPRESENTATION_CONTEXT(2) 
PARAMETRIC_REPRESENTATION_CONTEXT() REPRESENTATION_CONTEXT('2D SPACE',''
  ) );
#14076 = PCURVE('',#8667,#14077);
#14077 = DEFINITIONAL_REPRESENTATION('',(#14078),#14082);
#14078 = LINE('',#14079,#14080);
#14079 = CARTESIAN_POINT('',(0.,0.));
#14080 = VECTOR('',#14081,1.);
#14081 = DIRECTION('',(0.,1.));
#14082 = ( GEOMETRIC_REPRESENTATION_CONTEXT(2) 
PARAMETRIC_REPRESENTATION_CONTEXT() REPRESENTATION_CONTEXT('2D SPACE',''
  ) );
#14083 = ORIENTED_EDGE('',*,*,#10879,.F.);
#14084 = ORIENTED_EDGE('',*,*,#14085,.T.);
#14085 = EDGE_CURVE('',#10856,#8558,#14086,.T.);
#14086 = SURFACE_CURVE('',#14087,(#14091,#14098),.PCURVE_S1.);
#14087 = LINE('',#14088,#14089);
#14088 = CARTESIAN_POINT('',(107.,80.,18.5));
#14089 = VECTOR('',#14090,1.);
#14090 = DIRECTION('',(9.948234987681E-17,-1.,-0.));
#14091 = PCURVE('',#8575,#14092);
#14092 = DEFINITIONAL_REPRESENTATION('',(#14093),#14097);
#14093 = LINE('',#14094,#14095);
#14094 = CARTESIAN_POINT('',(0.,0.));
#14095 = VECTOR('',#14096,1.);
#14096 = DIRECTION('',(-1.,0.));
#14097 = ( GEOMETRIC_REPRESENTATION_CONTEXT(2) 
PARAMETRIC_REPRESENTATION_CONTEXT() REPRESENTATION_CONTEXT('2D SPACE',''
  ) );
#14098 = PCURVE('',#8608,#14099);
#14099 = DEFINITIONAL_REPRESENTATION('',(#14100),#14104);
#14100 = LINE('',#14101,#14102);
#14101 = CARTESIAN_POINT('',(6.28318530718,0.));
#14102 = VECTOR('',#14103,1.);
#14103 = DIRECTION('',(0.,1.));
#14104 = ( GEOMETRIC_REPRESENTATION_CONTEXT(2) 
PARAMETRIC_REPRESENTATION_CONTEXT() REPRESENTATION_CONTEXT('2D SPACE',''
  ) );
#14105 = ADVANCED_FACE('',(#14106),#8608,.F.);
#14106 = FACE_BOUND('',#14107,.F.);
#14107 = EDGE_LOOP('',(#14108,#14109,#14110,#14111));
#14108 = ORIENTED_EDGE('',*,*,#14016,.F.);
#14109 = ORIENTED_EDGE('',*,*,#10855,.T.);
#14110 = ORIENTED_EDGE('',*,*,#14085,.T.);
#14111 = ORIENTED_EDGE('',*,*,#8587,.F.);
#14112 = ADVANCED_FACE('',(#14113),#8667,.F.);
#14113 = FACE_BOUND('',#14114,.F.);
#14114 = EDGE_LOOP('',(#14115,#14116,#14117,#14118));
#14115 = ORIENTED_EDGE('',*,*,#14063,.F.);
#14116 = ORIENTED_EDGE('',*,*,#10806,.T.);
#14117 = ORIENTED_EDGE('',*,*,#14038,.T.);
#14118 = ORIENTED_EDGE('',*,*,#8648,.F.);
#14119 = ADVANCED_FACE('',(#14120),#8483,.F.);
#14120 = FACE_BOUND('',#14121,.T.);
#14121 = EDGE_LOOP('',(#14122,#14123,#14144,#14145));
#14122 = ORIENTED_EDGE('',*,*,#8467,.T.);
#14123 = ORIENTED_EDGE('',*,*,#14124,.F.);
#14124 = EDGE_CURVE('',#10712,#8435,#14125,.T.);
#14125 = SURFACE_CURVE('',#14126,(#14130,#14137),.PCURVE_S1.);
#14126 = LINE('',#14127,#14128);
#14127 = CARTESIAN_POINT('',(143.,80.,18.5));
#14128 = VECTOR('',#14129,1.);
#14129 = DIRECTION('',(9.948234987681E-17,-1.,-0.));
#14130 = PCURVE('',#8483,#14131);
#14131 = DEFINITIONAL_REPRESENTATION('',(#14132),#14136);
#14132 = LINE('',#14133,#14134);
#14133 = CARTESIAN_POINT('',(0.,0.));
#14134 = VECTOR('',#14135,1.);
#14135 = DIRECTION('',(1.,0.));
#14136 = ( GEOMETRIC_REPRESENTATION_CONTEXT(2) 
PARAMETRIC_REPRESENTATION_CONTEXT() REPRESENTATION_CONTEXT('2D SPACE',''
  ) );
#14137 = PCURVE('',#8455,#14138);
#14138 = DEFINITIONAL_REPRESENTATION('',(#14139),#14143);
#14139 = LINE('',#14140,#14141);
#14140 = CARTESIAN_POINT('',(3.14159265359,0.));
#14141 = VECTOR('',#14142,1.);
#14142 = DIRECTION('',(0.,1.));
#14143 = ( GEOMETRIC_REPRESENTATION_CONTEXT(2) 
PARAMETRIC_REPRESENTATION_CONTEXT() REPRESENTATION_CONTEXT('2D SPACE',''
  ) );
#14144 = ORIENTED_EDGE('',*,*,#10711,.F.);
#14145 = ORIENTED_EDGE('',*,*,#14146,.T.);
#14146 = EDGE_CURVE('',#10688,#8468,#14147,.T.);
#14147 = SURFACE_CURVE('',#14148,(#14152,#14159),.PCURVE_S1.);
#14148 = LINE('',#14149,#14150);
#14149 = CARTESIAN_POINT('',(143.,80.,21.5));
#14150 = VECTOR('',#14151,1.);
#14151 = DIRECTION('',(9.948234987681E-17,-1.,-0.));
#14152 = PCURVE('',#8483,#14153);
#14153 = DEFINITIONAL_REPRESENTATION('',(#14154),#14158);
#14154 = LINE('',#14155,#14156);
#14155 = CARTESIAN_POINT('',(0.,3.));
#14156 = VECTOR('',#14157,1.);
#14157 = DIRECTION('',(1.,0.));
#14158 = ( GEOMETRIC_REPRESENTATION_CONTEXT(2) 
PARAMETRIC_REPRESENTATION_CONTEXT() REPRESENTATION_CONTEXT('2D SPACE',''
  ) );
#14159 = PCURVE('',#8514,#14160);
#14160 = DEFINITIONAL_REPRESENTATION('',(#14161),#14165);
#14161 = LINE('',#14162,#14163);
#14162 = CARTESIAN_POINT('',(3.14159265359,0.));
#14163 = VECTOR('',#14164,1.);
#14164 = DIRECTION('',(0.,1.));
#14165 = ( GEOMETRIC_REPRESENTATION_CONTEXT(2) 
PARAMETRIC_REPRESENTATION_CONTEXT() REPRESENTATION_CONTEXT('2D SPACE',''
  ) );
#14166 = ADVANCED_FACE('',(#14167),#8422,.F.);
#14167 = FACE_BOUND('',#14168,.T.);
#14168 = EDGE_LOOP('',(#14169,#14170,#14191,#14192));
#14169 = ORIENTED_EDGE('',*,*,#8404,.T.);
#14170 = ORIENTED_EDGE('',*,*,#14171,.F.);
#14171 = EDGE_CURVE('',#10686,#8407,#14172,.T.);
#14172 = SURFACE_CURVE('',#14173,(#14177,#14184),.PCURVE_S1.);
#14173 = LINE('',#14174,#14175);
#14174 = CARTESIAN_POINT('',(147.,80.,21.5));
#14175 = VECTOR('',#14176,1.);
#14176 = DIRECTION('',(9.948234987681E-17,-1.,-0.));
#14177 = PCURVE('',#8422,#14178);
#14178 = DEFINITIONAL_REPRESENTATION('',(#14179),#14183);
#14179 = LINE('',#14180,#14181);
#14180 = CARTESIAN_POINT('',(0.,3.));
#14181 = VECTOR('',#14182,1.);
#14182 = DIRECTION('',(-1.,0.));
#14183 = ( GEOMETRIC_REPRESENTATION_CONTEXT(2) 
PARAMETRIC_REPRESENTATION_CONTEXT() REPRESENTATION_CONTEXT('2D SPACE',''
  ) );
#14184 = PCURVE('',#8514,#14185);
#14185 = DEFINITIONAL_REPRESENTATION('',(#14186),#14190);
#14186 = LINE('',#14187,#14188);
#14187 = CARTESIAN_POINT('',(0.,0.));
#14188 = VECTOR('',#14189,1.);
#14189 = DIRECTION('',(0.,1.));
#14190 = ( GEOMETRIC_REPRESENTATION_CONTEXT(2) 
PARAMETRIC_REPRESENTATION_CONTEXT() REPRESENTATION_CONTEXT('2D SPACE',''
  ) );
#14191 = ORIENTED_EDGE('',*,*,#10758,.F.);
#14192 = ORIENTED_EDGE('',*,*,#14193,.T.);
#14193 = EDGE_CURVE('',#10735,#8405,#14194,.T.);
#14194 = SURFACE_CURVE('',#14195,(#14199,#14206),.PCURVE_S1.);
#14195 = LINE('',#14196,#14197);
#14196 = CARTESIAN_POINT('',(147.,80.,18.5));
#14197 = VECTOR('',#14198,1.);
#14198 = DIRECTION('',(9.948234987681E-17,-1.,-0.));
#14199 = PCURVE('',#8422,#14200);
#14200 = DEFINITIONAL_REPRESENTATION('',(#14201),#14205);
#14201 = LINE('',#14202,#14203);
#14202 = CARTESIAN_POINT('',(0.,0.));
#14203 = VECTOR('',#14204,1.);
#14204 = DIRECTION('',(-1.,0.));
#14205 = ( GEOMETRIC_REPRESENTATION_CONTEXT(2) 
PARAMETRIC_REPRESENTATION_CONTEXT() REPRESENTATION_CONTEXT('2D SPACE',''
  ) );
#14206 = PCURVE('',#8455,#14207);
#14207 = DEFINITIONAL_REPRESENTATION('',(#14208),#14212);
#14208 = LINE('',#14209,#14210);
#14209 = CARTESIAN_POINT('',(6.28318530718,0.));
#14210 = VECTOR('',#14211,1.);
#14211 = DIRECTION('',(0.,1.));
#14212 = ( GEOMETRIC_REPRESENTATION_CONTEXT(2) 
PARAMETRIC_REPRESENTATION_CONTEXT() REPRESENTATION_CONTEXT('2D SPACE',''
  ) );
#14213 = ADVANCED_FACE('',(#14214),#8455,.F.);
#14214 = FACE_BOUND('',#14215,.F.);
#14215 = EDGE_LOOP('',(#14216,#14217,#14218,#14219));
#14216 = ORIENTED_EDGE('',*,*,#14124,.F.);
#14217 = ORIENTED_EDGE('',*,*,#10734,.T.);
#14218 = ORIENTED_EDGE('',*,*,#14193,.T.);
#14219 = ORIENTED_EDGE('',*,*,#8434,.F.);
#14220 = ADVANCED_FACE('',(#14221),#8514,.F.);
#14221 = FACE_BOUND('',#14222,.F.);
#14222 = EDGE_LOOP('',(#14223,#14224,#14225,#14226));
#14223 = ORIENTED_EDGE('',*,*,#14171,.F.);
#14224 = ORIENTED_EDGE('',*,*,#10685,.T.);
#14225 = ORIENTED_EDGE('',*,*,#14146,.T.);
#14226 = ORIENTED_EDGE('',*,*,#8495,.F.);
#14227 = ADVANCED_FACE('',(#14228),#8235,.F.);
#14228 = FACE_BOUND('',#14229,.T.);
#14229 = EDGE_LOOP('',(#14230,#14231,#14252,#14253));
#14230 = ORIENTED_EDGE('',*,*,#8219,.T.);
#14231 = ORIENTED_EDGE('',*,*,#14232,.F.);
#14232 = EDGE_CURVE('',#10470,#8187,#14233,.T.);
#14233 = SURFACE_CURVE('',#14234,(#14238,#14245),.PCURVE_S1.);
#14234 = LINE('',#14235,#14236);
#14235 = CARTESIAN_POINT('',(157.,80.,18.5));
#14236 = VECTOR('',#14237,1.);
#14237 = DIRECTION('',(9.948234987681E-17,-1.,-0.));
#14238 = PCURVE('',#8235,#14239);
#14239 = DEFINITIONAL_REPRESENTATION('',(#14240),#14244);
#14240 = LINE('',#14241,#14242);
#14241 = CARTESIAN_POINT('',(0.,0.));
#14242 = VECTOR('',#14243,1.);
#14243 = DIRECTION('',(1.,0.));
#14244 = ( GEOMETRIC_REPRESENTATION_CONTEXT(2) 
PARAMETRIC_REPRESENTATION_CONTEXT() REPRESENTATION_CONTEXT('2D SPACE',''
  ) );
#14245 = PCURVE('',#8207,#14246);
#14246 = DEFINITIONAL_REPRESENTATION('',(#14247),#14251);
#14247 = LINE('',#14248,#14249);
#14248 = CARTESIAN_POINT('',(3.14159265359,0.));
#14249 = VECTOR('',#14250,1.);
#14250 = DIRECTION('',(0.,1.));
#14251 = ( GEOMETRIC_REPRESENTATION_CONTEXT(2) 
PARAMETRIC_REPRESENTATION_CONTEXT() REPRESENTATION_CONTEXT('2D SPACE',''
  ) );
#14252 = ORIENTED_EDGE('',*,*,#10469,.F.);
#14253 = ORIENTED_EDGE('',*,*,#14254,.T.);
#14254 = EDGE_CURVE('',#10446,#8220,#14255,.T.);
#14255 = SURFACE_CURVE('',#14256,(#14260,#14267),.PCURVE_S1.);
#14256 = LINE('',#14257,#14258);
#14257 = CARTESIAN_POINT('',(157.,80.,21.5));
#14258 = VECTOR('',#14259,1.);
#14259 = DIRECTION('',(9.948234987681E-17,-1.,-0.));
#14260 = PCURVE('',#8235,#14261);
#14261 = DEFINITIONAL_REPRESENTATION('',(#14262),#14266);
#14262 = LINE('',#14263,#14264);
#14263 = CARTESIAN_POINT('',(0.,3.));
#14264 = VECTOR('',#14265,1.);
#14265 = DIRECTION('',(1.,0.));
#14266 = ( GEOMETRIC_REPRESENTATION_CONTEXT(2) 
PARAMETRIC_REPRESENTATION_CONTEXT() REPRESENTATION_CONTEXT('2D SPACE',''
  ) );
#14267 = PCURVE('',#8266,#14268);
#14268 = DEFINITIONAL_REPRESENTATION('',(#14269),#14273);
#14269 = LINE('',#14270,#14271);
#14270 = CARTESIAN_POINT('',(3.14159265359,0.));
#14271 = VECTOR('',#14272,1.);
#14272 = DIRECTION('',(0.,1.));
#14273 = ( GEOMETRIC_REPRESENTATION_CONTEXT(2) 
PARAMETRIC_REPRESENTATION_CONTEXT() REPRESENTATION_CONTEXT('2D SPACE',''
  ) );
#14274 = ADVANCED_FACE('',(#14275),#8174,.F.);
#14275 = FACE_BOUND('',#14276,.T.);
#14276 = EDGE_LOOP('',(#14277,#14278,#14299,#14300));
#14277 = ORIENTED_EDGE('',*,*,#8156,.T.);
#14278 = ORIENTED_EDGE('',*,*,#14279,.F.);
#14279 = EDGE_CURVE('',#10444,#8159,#14280,.T.);
#14280 = SURFACE_CURVE('',#14281,(#14285,#14292),.PCURVE_S1.);
#14281 = LINE('',#14282,#14283);
#14282 = CARTESIAN_POINT('',(161.,80.,21.5));
#14283 = VECTOR('',#14284,1.);
#14284 = DIRECTION('',(9.948234987681E-17,-1.,-0.));
#14285 = PCURVE('',#8174,#14286);
#14286 = DEFINITIONAL_REPRESENTATION('',(#14287),#14291);
#14287 = LINE('',#14288,#14289);
#14288 = CARTESIAN_POINT('',(0.,3.));
#14289 = VECTOR('',#14290,1.);
#14290 = DIRECTION('',(-1.,0.));
#14291 = ( GEOMETRIC_REPRESENTATION_CONTEXT(2) 
PARAMETRIC_REPRESENTATION_CONTEXT() REPRESENTATION_CONTEXT('2D SPACE',''
  ) );
#14292 = PCURVE('',#8266,#14293);
#14293 = DEFINITIONAL_REPRESENTATION('',(#14294),#14298);
#14294 = LINE('',#14295,#14296);
#14295 = CARTESIAN_POINT('',(0.,0.));
#14296 = VECTOR('',#14297,1.);
#14297 = DIRECTION('',(0.,1.));
#14298 = ( GEOMETRIC_REPRESENTATION_CONTEXT(2) 
PARAMETRIC_REPRESENTATION_CONTEXT() REPRESENTATION_CONTEXT('2D SPACE',''
  ) );
#14299 = ORIENTED_EDGE('',*,*,#10516,.F.);
#14300 = ORIENTED_EDGE('',*,*,#14301,.T.);
#14301 = EDGE_CURVE('',#10493,#8157,#14302,.T.);
#14302 = SURFACE_CURVE('',#14303,(#14307,#14314),.PCURVE_S1.);
#14303 = LINE('',#14304,#14305);
#14304 = CARTESIAN_POINT('',(161.,80.,18.5));
#14305 = VECTOR('',#14306,1.);
#14306 = DIRECTION('',(9.948234987681E-17,-1.,-0.));
#14307 = PCURVE('',#8174,#14308);
#14308 = DEFINITIONAL_REPRESENTATION('',(#14309),#14313);
#14309 = LINE('',#14310,#14311);
#14310 = CARTESIAN_POINT('',(0.,0.));
#14311 = VECTOR('',#14312,1.);
#14312 = DIRECTION('',(-1.,0.));
#14313 = ( GEOMETRIC_REPRESENTATION_CONTEXT(2) 
PARAMETRIC_REPRESENTATION_CONTEXT() REPRESENTATION_CONTEXT('2D SPACE',''
  ) );
#14314 = PCURVE('',#8207,#14315);
#14315 = DEFINITIONAL_REPRESENTATION('',(#14316),#14320);
#14316 = LINE('',#14317,#14318);
#14317 = CARTESIAN_POINT('',(6.28318530718,0.));
#14318 = VECTOR('',#14319,1.);
#14319 = DIRECTION('',(0.,1.));
#14320 = ( GEOMETRIC_REPRESENTATION_CONTEXT(2) 
PARAMETRIC_REPRESENTATION_CONTEXT() REPRESENTATION_CONTEXT('2D SPACE',''
  ) );
#14321 = ADVANCED_FACE('',(#14322),#8207,.F.);
#14322 = FACE_BOUND('',#14323,.F.);
#14323 = EDGE_LOOP('',(#14324,#14325,#14326,#14327));
#14324 = ORIENTED_EDGE('',*,*,#14232,.F.);
#14325 = ORIENTED_EDGE('',*,*,#10492,.T.);
#14326 = ORIENTED_EDGE('',*,*,#14301,.T.);
#14327 = ORIENTED_EDGE('',*,*,#8186,.F.);
#14328 = ADVANCED_FACE('',(#14329),#8266,.F.);
#14329 = FACE_BOUND('',#14330,.F.);
#14330 = EDGE_LOOP('',(#14331,#14332,#14333,#14334));
#14331 = ORIENTED_EDGE('',*,*,#14279,.F.);
#14332 = ORIENTED_EDGE('',*,*,#10443,.T.);
#14333 = ORIENTED_EDGE('',*,*,#14254,.T.);
#14334 = ORIENTED_EDGE('',*,*,#8247,.F.);
#14335 = ADVANCED_FACE('',(#14336),#8359,.F.);
#14336 = FACE_BOUND('',#14337,.T.);
#14337 = EDGE_LOOP('',(#14338,#14339,#14360,#14361));
#14338 = ORIENTED_EDGE('',*,*,#8343,.T.);
#14339 = ORIENTED_EDGE('',*,*,#14340,.F.);
#14340 = EDGE_CURVE('',#10591,#8311,#14341,.T.);
#14341 = SURFACE_CURVE('',#14342,(#14346,#14353),.PCURVE_S1.);
#14342 = LINE('',#14343,#14344);
#14343 = CARTESIAN_POINT('',(230.,80.,18.5));
#14344 = VECTOR('',#14345,1.);
#14345 = DIRECTION('',(9.948234987681E-17,-1.,-0.));
#14346 = PCURVE('',#8359,#14347);
#14347 = DEFINITIONAL_REPRESENTATION('',(#14348),#14352);
#14348 = LINE('',#14349,#14350);
#14349 = CARTESIAN_POINT('',(0.,0.));
#14350 = VECTOR('',#14351,1.);
#14351 = DIRECTION('',(1.,0.));
#14352 = ( GEOMETRIC_REPRESENTATION_CONTEXT(2) 
PARAMETRIC_REPRESENTATION_CONTEXT() REPRESENTATION_CONTEXT('2D SPACE',''
  ) );
#14353 = PCURVE('',#8331,#14354);
#14354 = DEFINITIONAL_REPRESENTATION('',(#14355),#14359);
#14355 = LINE('',#14356,#14357);
#14356 = CARTESIAN_POINT('',(3.14159265359,0.));
#14357 = VECTOR('',#14358,1.);
#14358 = DIRECTION('',(0.,1.));
#14359 = ( GEOMETRIC_REPRESENTATION_CONTEXT(2) 
PARAMETRIC_REPRESENTATION_CONTEXT() REPRESENTATION_CONTEXT('2D SPACE',''
  ) );
#14360 = ORIENTED_EDGE('',*,*,#10590,.F.);
#14361 = ORIENTED_EDGE('',*,*,#14362,.T.);
#14362 = EDGE_CURVE('',#10567,#8344,#14363,.T.);
#14363 = SURFACE_CURVE('',#14364,(#14368,#14375),.PCURVE_S1.);
#14364 = LINE('',#14365,#14366);
#14365 = CARTESIAN_POINT('',(230.,80.,21.5));
#14366 = VECTOR('',#14367,1.);
#14367 = DIRECTION('',(9.948234987681E-17,-1.,-0.));
#14368 = PCURVE('',#8359,#14369);
#14369 = DEFINITIONAL_REPRESENTATION('',(#14370),#14374);
#14370 = LINE('',#14371,#14372);
#14371 = CARTESIAN_POINT('',(0.,3.));
#14372 = VECTOR('',#14373,1.);
#14373 = DIRECTION('',(1.,0.));
#14374 = ( GEOMETRIC_REPRESENTATION_CONTEXT(2) 
PARAMETRIC_REPRESENTATION_CONTEXT() REPRESENTATION_CONTEXT('2D SPACE',''
  ) );
#14375 = PCURVE('',#8390,#14376);
#14376 = DEFINITIONAL_REPRESENTATION('',(#14377),#14381);
#14377 = LINE('',#14378,#14379);
#14378 = CARTESIAN_POINT('',(3.14159265359,0.));
#14379 = VECTOR('',#14380,1.);
#14380 = DIRECTION('',(0.,1.));
#14381 = ( GEOMETRIC_REPRESENTATION_CONTEXT(2) 
PARAMETRIC_REPRESENTATION_CONTEXT() REPRESENTATION_CONTEXT('2D SPACE',''
  ) );
#14382 = ADVANCED_FACE('',(#14383),#8298,.F.);
#14383 = FACE_BOUND('',#14384,.T.);
#14384 = EDGE_LOOP('',(#14385,#14386,#14407,#14408));
#14385 = ORIENTED_EDGE('',*,*,#8280,.T.);
#14386 = ORIENTED_EDGE('',*,*,#14387,.F.);
#14387 = EDGE_CURVE('',#10565,#8283,#14388,.T.);
#14388 = SURFACE_CURVE('',#14389,(#14393,#14400),.PCURVE_S1.);
#14389 = LINE('',#14390,#14391);
#14390 = CARTESIAN_POINT('',(234.,80.,21.5));
#14391 = VECTOR('',#14392,1.);
#14392 = DIRECTION('',(9.948234987681E-17,-1.,-0.));
#14393 = PCURVE('',#8298,#14394);
#14394 = DEFINITIONAL_REPRESENTATION('',(#14395),#14399);
#14395 = LINE('',#14396,#14397);
#14396 = CARTESIAN_POINT('',(0.,3.));
#14397 = VECTOR('',#14398,1.);
#14398 = DIRECTION('',(-1.,0.));
#14399 = ( GEOMETRIC_REPRESENTATION_CONTEXT(2) 
PARAMETRIC_REPRESENTATION_CONTEXT() REPRESENTATION_CONTEXT('2D SPACE',''
  ) );
#14400 = PCURVE('',#8390,#14401);
#14401 = DEFINITIONAL_REPRESENTATION('',(#14402),#14406);
#14402 = LINE('',#14403,#14404);
#14403 = CARTESIAN_POINT('',(0.,0.));
#14404 = VECTOR('',#14405,1.);
#14405 = DIRECTION('',(0.,1.));
#14406 = ( GEOMETRIC_REPRESENTATION_CONTEXT(2) 
PARAMETRIC_REPRESENTATION_CONTEXT() REPRESENTATION_CONTEXT('2D SPACE',''
  ) );
#14407 = ORIENTED_EDGE('',*,*,#10637,.F.);
#14408 = ORIENTED_EDGE('',*,*,#14409,.T.);
#14409 = EDGE_CURVE('',#10614,#8281,#14410,.T.);
#14410 = SURFACE_CURVE('',#14411,(#14415,#14422),.PCURVE_S1.);
#14411 = LINE('',#14412,#14413);
#14412 = CARTESIAN_POINT('',(234.,80.,18.5));
#14413 = VECTOR('',#14414,1.);
#14414 = DIRECTION('',(9.948234987681E-17,-1.,-0.));
#14415 = PCURVE('',#8298,#14416);
#14416 = DEFINITIONAL_REPRESENTATION('',(#14417),#14421);
#14417 = LINE('',#14418,#14419);
#14418 = CARTESIAN_POINT('',(0.,0.));
#14419 = VECTOR('',#14420,1.);
#14420 = DIRECTION('',(-1.,0.));
#14421 = ( GEOMETRIC_REPRESENTATION_CONTEXT(2) 
PARAMETRIC_REPRESENTATION_CONTEXT() REPRESENTATION_CONTEXT('2D SPACE',''
  ) );
#14422 = PCURVE('',#8331,#14423);
#14423 = DEFINITIONAL_REPRESENTATION('',(#14424),#14428);
#14424 = LINE('',#14425,#14426);
#14425 = CARTESIAN_POINT('',(6.28318530718,0.));
#14426 = VECTOR('',#14427,1.);
#14427 = DIRECTION('',(0.,1.));
#14428 = ( GEOMETRIC_REPRESENTATION_CONTEXT(2) 
PARAMETRIC_REPRESENTATION_CONTEXT() REPRESENTATION_CONTEXT('2D SPACE',''
  ) );
#14429 = ADVANCED_FACE('',(#14430),#8331,.F.);
#14430 = FACE_BOUND('',#14431,.F.);
#14431 = EDGE_LOOP('',(#14432,#14433,#14434,#14435));
#14432 = ORIENTED_EDGE('',*,*,#14340,.F.);
#14433 = ORIENTED_EDGE('',*,*,#10613,.T.);
#14434 = ORIENTED_EDGE('',*,*,#14409,.T.);
#14435 = ORIENTED_EDGE('',*,*,#8310,.F.);
#14436 = ADVANCED_FACE('',(#14437),#8390,.F.);
#14437 = FACE_BOUND('',#14438,.F.);
#14438 = EDGE_LOOP('',(#14439,#14440,#14441,#14442));
#14439 = ORIENTED_EDGE('',*,*,#14387,.F.);
#14440 = ORIENTED_EDGE('',*,*,#10564,.T.);
#14441 = ORIENTED_EDGE('',*,*,#14362,.T.);
#14442 = ORIENTED_EDGE('',*,*,#8371,.F.);
#14443 = ADVANCED_FACE('',(#14444),#438,.F.);
#14444 = FACE_BOUND('',#14445,.F.);
#14445 = EDGE_LOOP('',(#14446,#14468,#14469));
#14446 = ORIENTED_EDGE('',*,*,#14447,.F.);
#14447 = EDGE_CURVE('',#284,#347,#14448,.T.);
#14448 = SURFACE_CURVE('',#14449,(#14454,#14461),.PCURVE_S1.);
#14449 = CIRCLE('',#14450,2.);
#14450 = AXIS2_PLACEMENT_3D('',#14451,#14452,#14453);
#14451 = CARTESIAN_POINT('',(42.5,74.,50.));
#14452 = DIRECTION('',(0.,-0.,1.));
#14453 = DIRECTION('',(1.,0.,0.));
#14454 = PCURVE('',#438,#14455);
#14455 = DEFINITIONAL_REPRESENTATION('',(#14456),#14460);
#14456 = LINE('',#14457,#14458);
#14457 = CARTESIAN_POINT('',(0.,-7.842149977035E-16));
#14458 = VECTOR('',#14459,1.);
#14459 = DIRECTION('',(1.,0.));
#14460 = ( GEOMETRIC_REPRESENTATION_CONTEXT(2) 
PARAMETRIC_REPRESENTATION_CONTEXT() REPRESENTATION_CONTEXT('2D SPACE',''
  ) );
#14461 = PCURVE('',#306,#14462);
#14462 = DEFINITIONAL_REPRESENTATION('',(#14463),#14467);
#14463 = LINE('',#14464,#14465);
#14464 = CARTESIAN_POINT('',(0.,-10.));
#14465 = VECTOR('',#14466,1.);
#14466 = DIRECTION('',(1.,0.));
#14467 = ( GEOMETRIC_REPRESENTATION_CONTEXT(2) 
PARAMETRIC_REPRESENTATION_CONTEXT() REPRESENTATION_CONTEXT('2D SPACE',''
  ) );
#14468 = ORIENTED_EDGE('',*,*,#472,.F.);
#14469 = ORIENTED_EDGE('',*,*,#400,.T.);
#14470 = ADVANCED_FACE('',(#14471),#306,.F.);
#14471 = FACE_BOUND('',#14472,.F.);
#14472 = EDGE_LOOP('',(#14473,#14474,#14475,#14476));
#14473 = ORIENTED_EDGE('',*,*,#8126,.F.);
#14474 = ORIENTED_EDGE('',*,*,#283,.F.);
#14475 = ORIENTED_EDGE('',*,*,#14447,.T.);
#14476 = ORIENTED_EDGE('',*,*,#346,.T.);
#14477 = ADVANCED_FACE('',(#14478),#181,.F.);
#14478 = FACE_BOUND('',#14479,.F.);
#14479 = EDGE_LOOP('',(#14480,#14502,#14503));
#14480 = ORIENTED_EDGE('',*,*,#14481,.F.);
#14481 = EDGE_CURVE('',#22,#90,#14482,.T.);
#14482 = SURFACE_CURVE('',#14483,(#14488,#14495),.PCURVE_S1.);
#14483 = CIRCLE('',#14484,2.);
#14484 = AXIS2_PLACEMENT_3D('',#14485,#14486,#14487);
#14485 = CARTESIAN_POINT('',(6.,67.,50.));
#14486 = DIRECTION('',(0.,-0.,1.));
#14487 = DIRECTION('',(1.,0.,0.));
#14488 = PCURVE('',#181,#14489);
#14489 = DEFINITIONAL_REPRESENTATION('',(#14490),#14494);
#14490 = LINE('',#14491,#14492);
#14491 = CARTESIAN_POINT('',(0.,0.));
#14492 = VECTOR('',#14493,1.);
#14493 = DIRECTION('',(1.,0.));
#14494 = ( GEOMETRIC_REPRESENTATION_CONTEXT(2) 
PARAMETRIC_REPRESENTATION_CONTEXT() REPRESENTATION_CONTEXT('2D SPACE',''
  ) );
#14495 = PCURVE('',#44,#14496);
#14496 = DEFINITIONAL_REPRESENTATION('',(#14497),#14501);
#14497 = LINE('',#14498,#14499);
#14498 = CARTESIAN_POINT('',(0.,-10.));
#14499 = VECTOR('',#14500,1.);
#14500 = DIRECTION('',(1.,0.));
#14501 = ( GEOMETRIC_REPRESENTATION_CONTEXT(2) 
PARAMETRIC_REPRESENTATION_CONTEXT() REPRESENTATION_CONTEXT('2D SPACE',''
  ) );
#14502 = ORIENTED_EDGE('',*,*,#215,.F.);
#14503 = ORIENTED_EDGE('',*,*,#143,.T.);
#14504 = ADVANCED_FACE('',(#14505),#44,.F.);
#14505 = FACE_BOUND('',#14506,.F.);
#14506 = EDGE_LOOP('',(#14507,#14508,#14509,#14510));
#14507 = ORIENTED_EDGE('',*,*,#7688,.F.);
#14508 = ORIENTED_EDGE('',*,*,#21,.F.);
#14509 = ORIENTED_EDGE('',*,*,#14481,.T.);
#14510 = ORIENTED_EDGE('',*,*,#89,.T.);
#14511 = ( GEOMETRIC_REPRESENTATION_CONTEXT(3) 
GLOBAL_UNCERTAINTY_ASSIGNED_CONTEXT((#14515)) 
GLOBAL_UNIT_ASSIGNED_CONTEXT((#14512,#14513,#14514)) 
REPRESENTATION_CONTEXT('Context #1',
  '3D Context with UNIT and UNCERTAINTY') );
#14512 = ( LENGTH_UNIT() NAMED_UNIT(*) SI_UNIT(.MILLI.,.METRE.) );
#14513 = ( NAMED_UNIT(*) PLANE_ANGLE_UNIT() SI_UNIT($,.RADIAN.) );
#14514 = ( NAMED_UNIT(*) SI_UNIT($,.STERADIAN.) SOLID_ANGLE_UNIT() );
#14515 = UNCERTAINTY_MEASURE_WITH_UNIT(LENGTH_MEASURE(1.E-05),#14512,
  'distance_accuracy_value','confusion accuracy');
#14516 = PRODUCT_RELATED_PRODUCT_CATEGORY('part',$,(#7));
ENDSEC;
END-ISO-10303-21;
