ISO-10303-21;
HEADER;
FILE_DESCRIPTION(('Open CASCADE Model'),'2;1');
FILE_NAME('Open CASCADE Shape Model','2026-09-11T15:00:45',('Author'),(
    'Open CASCADE'),'Open CASCADE STEP processor 7.9','Open CASCADE 7.9'
  ,'Unknown');
FILE_SCHEMA(('AUTOMOTIVE_DESIGN { 1 0 10303 214 1 1 1 1 }'));
ENDSEC;
DATA;
#1 = APPLICATION_PROTOCOL_DEFINITION('international standard',
  'automotive_design',2000,#2);
#2 = APPLICATION_CONTEXT(
  'core data for automotive mechanical design processes');
#3 = SHAPE_DEFINITION_REPRESENTATION(#4,#10);
#4 = PRODUCT_DEFINITION_SHAPE('','',#5);
#5 = PRODUCT_DEFINITION('design','',#6,#9);
#6 = PRODUCT_DEFINITION_FORMATION('','',#7);
#7 = PRODUCT('Open CASCADE STEP translator 7.9 3',
  'Open CASCADE STEP translator 7.9 3','',(#8));
#8 = PRODUCT_CONTEXT('',#2,'mechanical');
#9 = PRODUCT_DEFINITION_CONTEXT('part definition',#2,'design');
#10 = ADVANCED_BREP_SHAPE_REPRESENTATION('',(#11,#15),#6615);
#11 = AXIS2_PLACEMENT_3D('',#12,#13,#14);
#12 = CARTESIAN_POINT('',(0.,0.,0.));
#13 = DIRECTION('',(0.,0.,1.));
#14 = DIRECTION('',(1.,0.,-0.));
#15 = MANIFOLD_SOLID_BREP('',#16);
#16 = CLOSED_SHELL('',(#17,#134,#241,#353,#460,#567,#679,#776,#883,#995,
    #1092,#1209,#1306,#1418,#1515,#1636,#1733,#1849,#1946,#2058,#2155,
    #2267,#2364,#2480,#2577,#2693,#2790,#2910,#3020,#3130,#3240,#3350,
    #3460,#3570,#3782,#3984,#4181,#4291,#4767,#5243,#5316,#5463,#5536,
    #5699,#5706,#5713,#5720,#5727,#5754,#5761,#5788,#5795,#5822,#5829,
    #5856,#5863,#5890,#5897,#5924,#5931,#5958,#5965,#5992,#5999,#6026,
    #6133,#6160,#6267,#6294,#6301,#6308,#6335,#6342,#6349,#6356,#6363,
    #6370,#6377,#6404,#6411,#6438,#6445,#6472,#6479,#6506,#6513,#6540,
    #6547,#6574,#6581,#6608));
#17 = ADVANCED_FACE('',(#18),#32,.F.);
#18 = FACE_BOUND('',#19,.F.);
#19 = EDGE_LOOP('',(#20,#55,#84,#107));
#20 = ORIENTED_EDGE('',*,*,#21,.T.);
#21 = EDGE_CURVE('',#22,#24,#26,.T.);
#22 = VERTEX_POINT('',#23);
#23 = CARTESIAN_POINT('',(-0.5,0.5,25.));
#24 = VERTEX_POINT('',#25);
#25 = CARTESIAN_POINT('',(-0.5,7.5,25.));
#26 = SURFACE_CURVE('',#27,(#31,#43),.PCURVE_S1.);
#27 = LINE('',#28,#29);
#28 = CARTESIAN_POINT('',(-0.5,7.5,25.));
#29 = VECTOR('',#30,1.);
#30 = DIRECTION('',(0.,1.,0.));
#31 = PCURVE('',#32,#37);
#32 = CYLINDRICAL_SURFACE('',#33,2.);
#33 = AXIS2_PLACEMENT_3D('',#34,#35,#36);
#34 = CARTESIAN_POINT('',(-2.5,7.5,25.));
#35 = DIRECTION('',(0.,1.,0.));
#36 = DIRECTION('',(1.,0.,1.110223024625E-16));
#37 = DEFINITIONAL_REPRESENTATION('',(#38),#42);
#38 = LINE('',#39,#40);
#39 = CARTESIAN_POINT('',(6.28318530718,0.));
#40 = VECTOR('',#41,1.);
#41 = DIRECTION('',(0.,1.));
#42 = ( GEOMETRIC_REPRESENTATION_CONTEXT(2) 
PARAMETRIC_REPRESENTATION_CONTEXT() REPRESENTATION_CONTEXT('2D SPACE',''
  ) );
#43 = PCURVE('',#44,#49);
#44 = CYLINDRICAL_SURFACE('',#45,2.);
#45 = AXIS2_PLACEMENT_3D('',#46,#47,#48);
#46 = CARTESIAN_POINT('',(-2.5,7.5,25.));
#47 = DIRECTION('',(0.,1.,0.));
#48 = DIRECTION('',(1.,0.,1.110223024625E-16));
#49 = DEFINITIONAL_REPRESENTATION('',(#50),#54);
#50 = LINE('',#51,#52);
#51 = CARTESIAN_POINT('',(0.,0.));
#52 = VECTOR('',#53,1.);
#53 = DIRECTION('',(0.,1.));
#54 = ( GEOMETRIC_REPRESENTATION_CONTEXT(2) 
PARAMETRIC_REPRESENTATION_CONTEXT() REPRESENTATION_CONTEXT('2D SPACE',''
  ) );
#55 = ORIENTED_EDGE('',*,*,#56,.F.);
#56 = EDGE_CURVE('',#57,#24,#59,.T.);
#57 = VERTEX_POINT('',#58);
#58 = CARTESIAN_POINT('',(-4.5,7.5,25.));
#59 = SURFACE_CURVE('',#60,(#65,#72),.PCURVE_S1.);
#60 = CIRCLE('',#61,2.);
#61 = AXIS2_PLACEMENT_3D('',#62,#63,#64);
#62 = CARTESIAN_POINT('',(-2.5,7.5,25.));
#63 = DIRECTION('',(-0.,1.,0.));
#64 = DIRECTION('',(1.,0.,1.110223024625E-16));
#65 = PCURVE('',#32,#66);
#66 = DEFINITIONAL_REPRESENTATION('',(#67),#71);
#67 = LINE('',#68,#69);
#68 = CARTESIAN_POINT('',(0.,1.7763568394E-15));
#69 = VECTOR('',#70,1.);
#70 = DIRECTION('',(1.,0.));
#71 = ( GEOMETRIC_REPRESENTATION_CONTEXT(2) 
PARAMETRIC_REPRESENTATION_CONTEXT() REPRESENTATION_CONTEXT('2D SPACE',''
  ) );
#72 = PCURVE('',#73,#78);
#73 = PLANE('',#74);
#74 = AXIS2_PLACEMENT_3D('',#75,#76,#77);
#75 = CARTESIAN_POINT('',(42.5,7.5,30.));
#76 = DIRECTION('',(0.,1.,0.));
#77 = DIRECTION('',(1.,0.,1.110223024625E-16));
#78 = DEFINITIONAL_REPRESENTATION('',(#79),#83);
#79 = CIRCLE('',#80,2.);
#80 = AXIS2_PLACEMENT_2D('',#81,#82);
#81 = CARTESIAN_POINT('',(-45.,5.));
#82 = DIRECTION('',(1.,0.));
#83 = ( GEOMETRIC_REPRESENTATION_CONTEXT(2) 
PARAMETRIC_REPRESENTATION_CONTEXT() REPRESENTATION_CONTEXT('2D SPACE',''
  ) );
#84 = ORIENTED_EDGE('',*,*,#85,.F.);
#85 = EDGE_CURVE('',#86,#57,#88,.T.);
#86 = VERTEX_POINT('',#87);
#87 = CARTESIAN_POINT('',(-4.5,0.5,25.));
#88 = SURFACE_CURVE('',#89,(#93,#100),.PCURVE_S1.);
#89 = LINE('',#90,#91);
#90 = CARTESIAN_POINT('',(-4.5,7.5,25.));
#91 = VECTOR('',#92,1.);
#92 = DIRECTION('',(0.,1.,0.));
#93 = PCURVE('',#32,#94);
#94 = DEFINITIONAL_REPRESENTATION('',(#95),#99);
#95 = LINE('',#96,#97);
#96 = CARTESIAN_POINT('',(3.14159265359,0.));
#97 = VECTOR('',#98,1.);
#98 = DIRECTION('',(0.,1.));
#99 = ( GEOMETRIC_REPRESENTATION_CONTEXT(2) 
PARAMETRIC_REPRESENTATION_CONTEXT() REPRESENTATION_CONTEXT('2D SPACE',''
  ) );
#100 = PCURVE('',#44,#101);
#101 = DEFINITIONAL_REPRESENTATION('',(#102),#106);
#102 = LINE('',#103,#104);
#103 = CARTESIAN_POINT('',(3.14159265359,0.));
#104 = VECTOR('',#105,1.);
#105 = DIRECTION('',(0.,1.));
#106 = ( GEOMETRIC_REPRESENTATION_CONTEXT(2) 
PARAMETRIC_REPRESENTATION_CONTEXT() REPRESENTATION_CONTEXT('2D SPACE',''
  ) );
#107 = ORIENTED_EDGE('',*,*,#108,.T.);
#108 = EDGE_CURVE('',#86,#22,#109,.T.);
#109 = SURFACE_CURVE('',#110,(#115,#122),.PCURVE_S1.);
#110 = CIRCLE('',#111,2.);
#111 = AXIS2_PLACEMENT_3D('',#112,#113,#114);
#112 = CARTESIAN_POINT('',(-2.5,0.5,25.));
#113 = DIRECTION('',(-0.,1.,0.));
#114 = DIRECTION('',(1.,0.,1.110223024625E-16));
#115 = PCURVE('',#32,#116);
#116 = DEFINITIONAL_REPRESENTATION('',(#117),#121);
#117 = LINE('',#118,#119);
#118 = CARTESIAN_POINT('',(0.,-7.));
#119 = VECTOR('',#120,1.);
#120 = DIRECTION('',(1.,0.));
#121 = ( GEOMETRIC_REPRESENTATION_CONTEXT(2) 
PARAMETRIC_REPRESENTATION_CONTEXT() REPRESENTATION_CONTEXT('2D SPACE',''
  ) );
#122 = PCURVE('',#123,#128);
#123 = PLANE('',#124);
#124 = AXIS2_PLACEMENT_3D('',#125,#126,#127);
#125 = CARTESIAN_POINT('',(42.5,0.5,-30.));
#126 = DIRECTION('',(0.,1.,0.));
#127 = DIRECTION('',(1.,0.,1.110223024625E-16));
#128 = DEFINITIONAL_REPRESENTATION('',(#129),#133);
#129 = CIRCLE('',#130,2.);
#130 = AXIS2_PLACEMENT_2D('',#131,#132);
#131 = CARTESIAN_POINT('',(-45.,-55.));
#132 = DIRECTION('',(1.,0.));
#133 = ( GEOMETRIC_REPRESENTATION_CONTEXT(2) 
PARAMETRIC_REPRESENTATION_CONTEXT() REPRESENTATION_CONTEXT('2D SPACE',''
  ) );
#134 = ADVANCED_FACE('',(#135),#149,.F.);
#135 = FACE_BOUND('',#136,.F.);
#136 = EDGE_LOOP('',(#137,#172,#196,#219));
#137 = ORIENTED_EDGE('',*,*,#138,.T.);
#138 = EDGE_CURVE('',#139,#141,#143,.T.);
#139 = VERTEX_POINT('',#140);
#140 = CARTESIAN_POINT('',(19.5,0.5,25.));
#141 = VERTEX_POINT('',#142);
#142 = CARTESIAN_POINT('',(19.5,7.5,25.));
#143 = SURFACE_CURVE('',#144,(#148,#160),.PCURVE_S1.);
#144 = LINE('',#145,#146);
#145 = CARTESIAN_POINT('',(19.5,7.5,25.));
#146 = VECTOR('',#147,1.);
#147 = DIRECTION('',(0.,1.,0.));
#148 = PCURVE('',#149,#154);
#149 = CYLINDRICAL_SURFACE('',#150,2.);
#150 = AXIS2_PLACEMENT_3D('',#151,#152,#153);
#151 = CARTESIAN_POINT('',(17.5,7.5,25.));
#152 = DIRECTION('',(0.,1.,0.));
#153 = DIRECTION('',(1.,0.,1.110223024625E-16));
#154 = DEFINITIONAL_REPRESENTATION('',(#155),#159);
#155 = LINE('',#156,#157);
#156 = CARTESIAN_POINT('',(6.28318530718,0.));
#157 = VECTOR('',#158,1.);
#158 = DIRECTION('',(0.,1.));
#159 = ( GEOMETRIC_REPRESENTATION_CONTEXT(2) 
PARAMETRIC_REPRESENTATION_CONTEXT() REPRESENTATION_CONTEXT('2D SPACE',''
  ) );
#160 = PCURVE('',#161,#166);
#161 = CYLINDRICAL_SURFACE('',#162,2.);
#162 = AXIS2_PLACEMENT_3D('',#163,#164,#165);
#163 = CARTESIAN_POINT('',(17.5,7.5,25.));
#164 = DIRECTION('',(0.,1.,0.));
#165 = DIRECTION('',(1.,0.,1.110223024625E-16));
#166 = DEFINITIONAL_REPRESENTATION('',(#167),#171);
#167 = LINE('',#168,#169);
#168 = CARTESIAN_POINT('',(0.,0.));
#169 = VECTOR('',#170,1.);
#170 = DIRECTION('',(0.,1.));
#171 = ( GEOMETRIC_REPRESENTATION_CONTEXT(2) 
PARAMETRIC_REPRESENTATION_CONTEXT() REPRESENTATION_CONTEXT('2D SPACE',''
  ) );
#172 = ORIENTED_EDGE('',*,*,#173,.F.);
#173 = EDGE_CURVE('',#174,#141,#176,.T.);
#174 = VERTEX_POINT('',#175);
#175 = CARTESIAN_POINT('',(15.5,7.5,25.));
#176 = SURFACE_CURVE('',#177,(#182,#189),.PCURVE_S1.);
#177 = CIRCLE('',#178,2.);
#178 = AXIS2_PLACEMENT_3D('',#179,#180,#181);
#179 = CARTESIAN_POINT('',(17.5,7.5,25.));
#180 = DIRECTION('',(-0.,1.,0.));
#181 = DIRECTION('',(1.,0.,1.110223024625E-16));
#182 = PCURVE('',#149,#183);
#183 = DEFINITIONAL_REPRESENTATION('',(#184),#188);
#184 = LINE('',#185,#186);
#185 = CARTESIAN_POINT('',(0.,1.7763568394E-15));
#186 = VECTOR('',#187,1.);
#187 = DIRECTION('',(1.,0.));
#188 = ( GEOMETRIC_REPRESENTATION_CONTEXT(2) 
PARAMETRIC_REPRESENTATION_CONTEXT() REPRESENTATION_CONTEXT('2D SPACE',''
  ) );
#189 = PCURVE('',#73,#190);
#190 = DEFINITIONAL_REPRESENTATION('',(#191),#195);
#191 = CIRCLE('',#192,2.);
#192 = AXIS2_PLACEMENT_2D('',#193,#194);
#193 = CARTESIAN_POINT('',(-25.,5.));
#194 = DIRECTION('',(1.,0.));
#195 = ( GEOMETRIC_REPRESENTATION_CONTEXT(2) 
PARAMETRIC_REPRESENTATION_CONTEXT() REPRESENTATION_CONTEXT('2D SPACE',''
  ) );
#196 = ORIENTED_EDGE('',*,*,#197,.F.);
#197 = EDGE_CURVE('',#198,#174,#200,.T.);
#198 = VERTEX_POINT('',#199);
#199 = CARTESIAN_POINT('',(15.5,0.5,25.));
#200 = SURFACE_CURVE('',#201,(#205,#212),.PCURVE_S1.);
#201 = LINE('',#202,#203);
#202 = CARTESIAN_POINT('',(15.5,7.5,25.));
#203 = VECTOR('',#204,1.);
#204 = DIRECTION('',(0.,1.,0.));
#205 = PCURVE('',#149,#206);
#206 = DEFINITIONAL_REPRESENTATION('',(#207),#211);
#207 = LINE('',#208,#209);
#208 = CARTESIAN_POINT('',(3.14159265359,0.));
#209 = VECTOR('',#210,1.);
#210 = DIRECTION('',(0.,1.));
#211 = ( GEOMETRIC_REPRESENTATION_CONTEXT(2) 
PARAMETRIC_REPRESENTATION_CONTEXT() REPRESENTATION_CONTEXT('2D SPACE',''
  ) );
#212 = PCURVE('',#161,#213);
#213 = DEFINITIONAL_REPRESENTATION('',(#214),#218);
#214 = LINE('',#215,#216);
#215 = CARTESIAN_POINT('',(3.14159265359,0.));
#216 = VECTOR('',#217,1.);
#217 = DIRECTION('',(0.,1.));
#218 = ( GEOMETRIC_REPRESENTATION_CONTEXT(2) 
PARAMETRIC_REPRESENTATION_CONTEXT() REPRESENTATION_CONTEXT('2D SPACE',''
  ) );
#219 = ORIENTED_EDGE('',*,*,#220,.T.);
#220 = EDGE_CURVE('',#198,#139,#221,.T.);
#221 = SURFACE_CURVE('',#222,(#227,#234),.PCURVE_S1.);
#222 = CIRCLE('',#223,2.);
#223 = AXIS2_PLACEMENT_3D('',#224,#225,#226);
#224 = CARTESIAN_POINT('',(17.5,0.5,25.));
#225 = DIRECTION('',(-0.,1.,0.));
#226 = DIRECTION('',(1.,0.,1.110223024625E-16));
#227 = PCURVE('',#149,#228);
#228 = DEFINITIONAL_REPRESENTATION('',(#229),#233);
#229 = LINE('',#230,#231);
#230 = CARTESIAN_POINT('',(0.,-7.));
#231 = VECTOR('',#232,1.);
#232 = DIRECTION('',(1.,0.));
#233 = ( GEOMETRIC_REPRESENTATION_CONTEXT(2) 
PARAMETRIC_REPRESENTATION_CONTEXT() REPRESENTATION_CONTEXT('2D SPACE',''
  ) );
#234 = PCURVE('',#123,#235);
#235 = DEFINITIONAL_REPRESENTATION('',(#236),#240);
#236 = CIRCLE('',#237,2.);
#237 = AXIS2_PLACEMENT_2D('',#238,#239);
#238 = CARTESIAN_POINT('',(-25.,-55.));
#239 = DIRECTION('',(1.,0.));
#240 = ( GEOMETRIC_REPRESENTATION_CONTEXT(2) 
PARAMETRIC_REPRESENTATION_CONTEXT() REPRESENTATION_CONTEXT('2D SPACE',''
  ) );
#241 = ADVANCED_FACE('',(#242),#256,.F.);
#242 = FACE_BOUND('',#243,.F.);
#243 = EDGE_LOOP('',(#244,#279,#308,#331));
#244 = ORIENTED_EDGE('',*,*,#245,.T.);
#245 = EDGE_CURVE('',#246,#248,#250,.T.);
#246 = VERTEX_POINT('',#247);
#247 = CARTESIAN_POINT('',(19.5,0.5,-25.));
#248 = VERTEX_POINT('',#249);
#249 = CARTESIAN_POINT('',(19.5,7.5,-25.));
#250 = SURFACE_CURVE('',#251,(#255,#267),.PCURVE_S1.);
#251 = LINE('',#252,#253);
#252 = CARTESIAN_POINT('',(19.5,7.5,-25.));
#253 = VECTOR('',#254,1.);
#254 = DIRECTION('',(0.,1.,0.));
#255 = PCURVE('',#256,#261);
#256 = CYLINDRICAL_SURFACE('',#257,2.);
#257 = AXIS2_PLACEMENT_3D('',#258,#259,#260);
#258 = CARTESIAN_POINT('',(17.5,7.5,-25.));
#259 = DIRECTION('',(0.,1.,0.));
#260 = DIRECTION('',(1.,0.,1.110223024625E-16));
#261 = DEFINITIONAL_REPRESENTATION('',(#262),#266);
#262 = LINE('',#263,#264);
#263 = CARTESIAN_POINT('',(6.28318530718,0.));
#264 = VECTOR('',#265,1.);
#265 = DIRECTION('',(0.,1.));
#266 = ( GEOMETRIC_REPRESENTATION_CONTEXT(2) 
PARAMETRIC_REPRESENTATION_CONTEXT() REPRESENTATION_CONTEXT('2D SPACE',''
  ) );
#267 = PCURVE('',#268,#273);
#268 = CYLINDRICAL_SURFACE('',#269,2.);
#269 = AXIS2_PLACEMENT_3D('',#270,#271,#272);
#270 = CARTESIAN_POINT('',(17.5,7.5,-25.));
#271 = DIRECTION('',(0.,1.,0.));
#272 = DIRECTION('',(1.,0.,1.110223024625E-16));
#273 = DEFINITIONAL_REPRESENTATION('',(#274),#278);
#274 = LINE('',#275,#276);
#275 = CARTESIAN_POINT('',(0.,0.));
#276 = VECTOR('',#277,1.);
#277 = DIRECTION('',(0.,1.));
#278 = ( GEOMETRIC_REPRESENTATION_CONTEXT(2) 
PARAMETRIC_REPRESENTATION_CONTEXT() REPRESENTATION_CONTEXT('2D SPACE',''
  ) );
#279 = ORIENTED_EDGE('',*,*,#280,.F.);
#280 = EDGE_CURVE('',#281,#248,#283,.T.);
#281 = VERTEX_POINT('',#282);
#282 = CARTESIAN_POINT('',(15.5,7.5,-25.));
#283 = SURFACE_CURVE('',#284,(#289,#296),.PCURVE_S1.);
#284 = CIRCLE('',#285,2.);
#285 = AXIS2_PLACEMENT_3D('',#286,#287,#288);
#286 = CARTESIAN_POINT('',(17.5,7.5,-25.));
#287 = DIRECTION('',(-0.,1.,0.));
#288 = DIRECTION('',(1.,0.,1.110223024625E-16));
#289 = PCURVE('',#256,#290);
#290 = DEFINITIONAL_REPRESENTATION('',(#291),#295);
#291 = LINE('',#292,#293);
#292 = CARTESIAN_POINT('',(0.,1.7763568394E-15));
#293 = VECTOR('',#294,1.);
#294 = DIRECTION('',(1.,0.));
#295 = ( GEOMETRIC_REPRESENTATION_CONTEXT(2) 
PARAMETRIC_REPRESENTATION_CONTEXT() REPRESENTATION_CONTEXT('2D SPACE',''
  ) );
#296 = PCURVE('',#297,#302);
#297 = PLANE('',#298);
#298 = AXIS2_PLACEMENT_3D('',#299,#300,#301);
#299 = CARTESIAN_POINT('',(-42.5,7.5,-30.));
#300 = DIRECTION('',(0.,1.,0.));
#301 = DIRECTION('',(1.,0.,1.110223024625E-16));
#302 = DEFINITIONAL_REPRESENTATION('',(#303),#307);
#303 = CIRCLE('',#304,2.);
#304 = AXIS2_PLACEMENT_2D('',#305,#306);
#305 = CARTESIAN_POINT('',(60.,-5.));
#306 = DIRECTION('',(1.,0.));
#307 = ( GEOMETRIC_REPRESENTATION_CONTEXT(2) 
PARAMETRIC_REPRESENTATION_CONTEXT() REPRESENTATION_CONTEXT('2D SPACE',''
  ) );
#308 = ORIENTED_EDGE('',*,*,#309,.F.);
#309 = EDGE_CURVE('',#310,#281,#312,.T.);
#310 = VERTEX_POINT('',#311);
#311 = CARTESIAN_POINT('',(15.5,0.5,-25.));
#312 = SURFACE_CURVE('',#313,(#317,#324),.PCURVE_S1.);
#313 = LINE('',#314,#315);
#314 = CARTESIAN_POINT('',(15.5,7.5,-25.));
#315 = VECTOR('',#316,1.);
#316 = DIRECTION('',(0.,1.,0.));
#317 = PCURVE('',#256,#318);
#318 = DEFINITIONAL_REPRESENTATION('',(#319),#323);
#319 = LINE('',#320,#321);
#320 = CARTESIAN_POINT('',(3.14159265359,0.));
#321 = VECTOR('',#322,1.);
#322 = DIRECTION('',(0.,1.));
#323 = ( GEOMETRIC_REPRESENTATION_CONTEXT(2) 
PARAMETRIC_REPRESENTATION_CONTEXT() REPRESENTATION_CONTEXT('2D SPACE',''
  ) );
#324 = PCURVE('',#268,#325);
#325 = DEFINITIONAL_REPRESENTATION('',(#326),#330);
#326 = LINE('',#327,#328);
#327 = CARTESIAN_POINT('',(3.14159265359,0.));
#328 = VECTOR('',#329,1.);
#329 = DIRECTION('',(0.,1.));
#330 = ( GEOMETRIC_REPRESENTATION_CONTEXT(2) 
PARAMETRIC_REPRESENTATION_CONTEXT() REPRESENTATION_CONTEXT('2D SPACE',''
  ) );
#331 = ORIENTED_EDGE('',*,*,#332,.T.);
#332 = EDGE_CURVE('',#310,#246,#333,.T.);
#333 = SURFACE_CURVE('',#334,(#339,#346),.PCURVE_S1.);
#334 = CIRCLE('',#335,2.);
#335 = AXIS2_PLACEMENT_3D('',#336,#337,#338);
#336 = CARTESIAN_POINT('',(17.5,0.5,-25.));
#337 = DIRECTION('',(-0.,1.,0.));
#338 = DIRECTION('',(1.,0.,1.110223024625E-16));
#339 = PCURVE('',#256,#340);
#340 = DEFINITIONAL_REPRESENTATION('',(#341),#345);
#341 = LINE('',#342,#343);
#342 = CARTESIAN_POINT('',(0.,-7.));
#343 = VECTOR('',#344,1.);
#344 = DIRECTION('',(1.,0.));
#345 = ( GEOMETRIC_REPRESENTATION_CONTEXT(2) 
PARAMETRIC_REPRESENTATION_CONTEXT() REPRESENTATION_CONTEXT('2D SPACE',''
  ) );
#346 = PCURVE('',#123,#347);
#347 = DEFINITIONAL_REPRESENTATION('',(#348),#352);
#348 = CIRCLE('',#349,2.);
#349 = AXIS2_PLACEMENT_2D('',#350,#351);
#350 = CARTESIAN_POINT('',(-25.,-5.));
#351 = DIRECTION('',(1.,0.));
#352 = ( GEOMETRIC_REPRESENTATION_CONTEXT(2) 
PARAMETRIC_REPRESENTATION_CONTEXT() REPRESENTATION_CONTEXT('2D SPACE',''
  ) );
#353 = ADVANCED_FACE('',(#354),#368,.F.);
#354 = FACE_BOUND('',#355,.F.);
#355 = EDGE_LOOP('',(#356,#391,#415,#438));
#356 = ORIENTED_EDGE('',*,*,#357,.T.);
#357 = EDGE_CURVE('',#358,#360,#362,.T.);
#358 = VERTEX_POINT('',#359);
#359 = CARTESIAN_POINT('',(-0.5,0.5,-25.));
#360 = VERTEX_POINT('',#361);
#361 = CARTESIAN_POINT('',(-0.5,7.5,-25.));
#362 = SURFACE_CURVE('',#363,(#367,#379),.PCURVE_S1.);
#363 = LINE('',#364,#365);
#364 = CARTESIAN_POINT('',(-0.5,7.5,-25.));
#365 = VECTOR('',#366,1.);
#366 = DIRECTION('',(0.,1.,0.));
#367 = PCURVE('',#368,#373);
#368 = CYLINDRICAL_SURFACE('',#369,2.);
#369 = AXIS2_PLACEMENT_3D('',#370,#371,#372);
#370 = CARTESIAN_POINT('',(-2.5,7.5,-25.));
#371 = DIRECTION('',(0.,1.,0.));
#372 = DIRECTION('',(1.,0.,1.110223024625E-16));
#373 = DEFINITIONAL_REPRESENTATION('',(#374),#378);
#374 = LINE('',#375,#376);
#375 = CARTESIAN_POINT('',(6.28318530718,0.));
#376 = VECTOR('',#377,1.);
#377 = DIRECTION('',(0.,1.));
#378 = ( GEOMETRIC_REPRESENTATION_CONTEXT(2) 
PARAMETRIC_REPRESENTATION_CONTEXT() REPRESENTATION_CONTEXT('2D SPACE',''
  ) );
#379 = PCURVE('',#380,#385);
#380 = CYLINDRICAL_SURFACE('',#381,2.);
#381 = AXIS2_PLACEMENT_3D('',#382,#383,#384);
#382 = CARTESIAN_POINT('',(-2.5,7.5,-25.));
#383 = DIRECTION('',(0.,1.,0.));
#384 = DIRECTION('',(1.,0.,1.110223024625E-16));
#385 = DEFINITIONAL_REPRESENTATION('',(#386),#390);
#386 = LINE('',#387,#388);
#387 = CARTESIAN_POINT('',(0.,0.));
#388 = VECTOR('',#389,1.);
#389 = DIRECTION('',(0.,1.));
#390 = ( GEOMETRIC_REPRESENTATION_CONTEXT(2) 
PARAMETRIC_REPRESENTATION_CONTEXT() REPRESENTATION_CONTEXT('2D SPACE',''
  ) );
#391 = ORIENTED_EDGE('',*,*,#392,.F.);
#392 = EDGE_CURVE('',#393,#360,#395,.T.);
#393 = VERTEX_POINT('',#394);
#394 = CARTESIAN_POINT('',(-4.5,7.5,-25.));
#395 = SURFACE_CURVE('',#396,(#401,#408),.PCURVE_S1.);
#396 = CIRCLE('',#397,2.);
#397 = AXIS2_PLACEMENT_3D('',#398,#399,#400);
#398 = CARTESIAN_POINT('',(-2.5,7.5,-25.));
#399 = DIRECTION('',(-0.,1.,0.));
#400 = DIRECTION('',(1.,0.,1.110223024625E-16));
#401 = PCURVE('',#368,#402);
#402 = DEFINITIONAL_REPRESENTATION('',(#403),#407);
#403 = LINE('',#404,#405);
#404 = CARTESIAN_POINT('',(0.,1.7763568394E-15));
#405 = VECTOR('',#406,1.);
#406 = DIRECTION('',(1.,0.));
#407 = ( GEOMETRIC_REPRESENTATION_CONTEXT(2) 
PARAMETRIC_REPRESENTATION_CONTEXT() REPRESENTATION_CONTEXT('2D SPACE',''
  ) );
#408 = PCURVE('',#297,#409);
#409 = DEFINITIONAL_REPRESENTATION('',(#410),#414);
#410 = CIRCLE('',#411,2.);
#411 = AXIS2_PLACEMENT_2D('',#412,#413);
#412 = CARTESIAN_POINT('',(40.,-5.));
#413 = DIRECTION('',(1.,0.));
#414 = ( GEOMETRIC_REPRESENTATION_CONTEXT(2) 
PARAMETRIC_REPRESENTATION_CONTEXT() REPRESENTATION_CONTEXT('2D SPACE',''
  ) );
#415 = ORIENTED_EDGE('',*,*,#416,.F.);
#416 = EDGE_CURVE('',#417,#393,#419,.T.);
#417 = VERTEX_POINT('',#418);
#418 = CARTESIAN_POINT('',(-4.5,0.5,-25.));
#419 = SURFACE_CURVE('',#420,(#424,#431),.PCURVE_S1.);
#420 = LINE('',#421,#422);
#421 = CARTESIAN_POINT('',(-4.5,7.5,-25.));
#422 = VECTOR('',#423,1.);
#423 = DIRECTION('',(0.,1.,0.));
#424 = PCURVE('',#368,#425);
#425 = DEFINITIONAL_REPRESENTATION('',(#426),#430);
#426 = LINE('',#427,#428);
#427 = CARTESIAN_POINT('',(3.14159265359,0.));
#428 = VECTOR('',#429,1.);
#429 = DIRECTION('',(0.,1.));
#430 = ( GEOMETRIC_REPRESENTATION_CONTEXT(2) 
PARAMETRIC_REPRESENTATION_CONTEXT() REPRESENTATION_CONTEXT('2D SPACE',''
  ) );
#431 = PCURVE('',#380,#432);
#432 = DEFINITIONAL_REPRESENTATION('',(#433),#437);
#433 = LINE('',#434,#435);
#434 = CARTESIAN_POINT('',(3.14159265359,0.));
#435 = VECTOR('',#436,1.);
#436 = DIRECTION('',(0.,1.));
#437 = ( GEOMETRIC_REPRESENTATION_CONTEXT(2) 
PARAMETRIC_REPRESENTATION_CONTEXT() REPRESENTATION_CONTEXT('2D SPACE',''
  ) );
#438 = ORIENTED_EDGE('',*,*,#439,.T.);
#439 = EDGE_CURVE('',#417,#358,#440,.T.);
#440 = SURFACE_CURVE('',#441,(#446,#453),.PCURVE_S1.);
#441 = CIRCLE('',#442,2.);
#442 = AXIS2_PLACEMENT_3D('',#443,#444,#445);
#443 = CARTESIAN_POINT('',(-2.5,0.5,-25.));
#444 = DIRECTION('',(-0.,1.,0.));
#445 = DIRECTION('',(1.,0.,1.110223024625E-16));
#446 = PCURVE('',#368,#447);
#447 = DEFINITIONAL_REPRESENTATION('',(#448),#452);
#448 = LINE('',#449,#450);
#449 = CARTESIAN_POINT('',(0.,-7.));
#450 = VECTOR('',#451,1.);
#451 = DIRECTION('',(1.,0.));
#452 = ( GEOMETRIC_REPRESENTATION_CONTEXT(2) 
PARAMETRIC_REPRESENTATION_CONTEXT() REPRESENTATION_CONTEXT('2D SPACE',''
  ) );
#453 = PCURVE('',#123,#454);
#454 = DEFINITIONAL_REPRESENTATION('',(#455),#459);
#455 = CIRCLE('',#456,2.);
#456 = AXIS2_PLACEMENT_2D('',#457,#458);
#457 = CARTESIAN_POINT('',(-45.,-5.));
#458 = DIRECTION('',(1.,0.));
#459 = ( GEOMETRIC_REPRESENTATION_CONTEXT(2) 
PARAMETRIC_REPRESENTATION_CONTEXT() REPRESENTATION_CONTEXT('2D SPACE',''
  ) );
#460 = ADVANCED_FACE('',(#461),#475,.F.);
#461 = FACE_BOUND('',#462,.F.);
#462 = EDGE_LOOP('',(#463,#498,#522,#545));
#463 = ORIENTED_EDGE('',*,*,#464,.T.);
#464 = EDGE_CURVE('',#465,#467,#469,.T.);
#465 = VERTEX_POINT('',#466);
#466 = CARTESIAN_POINT('',(-17.9,0.5,25.));
#467 = VERTEX_POINT('',#468);
#468 = CARTESIAN_POINT('',(-17.9,7.5,25.));
#469 = SURFACE_CURVE('',#470,(#474,#486),.PCURVE_S1.);
#470 = LINE('',#471,#472);
#471 = CARTESIAN_POINT('',(-17.9,7.5,25.));
#472 = VECTOR('',#473,1.);
#473 = DIRECTION('',(0.,1.,0.));
#474 = PCURVE('',#475,#480);
#475 = CYLINDRICAL_SURFACE('',#476,2.1);
#476 = AXIS2_PLACEMENT_3D('',#477,#478,#479);
#477 = CARTESIAN_POINT('',(-20.,7.5,25.));
#478 = DIRECTION('',(0.,1.,0.));
#479 = DIRECTION('',(1.,0.,1.110223024625E-16));
#480 = DEFINITIONAL_REPRESENTATION('',(#481),#485);
#481 = LINE('',#482,#483);
#482 = CARTESIAN_POINT('',(6.28318530718,0.));
#483 = VECTOR('',#484,1.);
#484 = DIRECTION('',(0.,1.));
#485 = ( GEOMETRIC_REPRESENTATION_CONTEXT(2) 
PARAMETRIC_REPRESENTATION_CONTEXT() REPRESENTATION_CONTEXT('2D SPACE',''
  ) );
#486 = PCURVE('',#487,#492);
#487 = CYLINDRICAL_SURFACE('',#488,2.1);
#488 = AXIS2_PLACEMENT_3D('',#489,#490,#491);
#489 = CARTESIAN_POINT('',(-20.,7.5,25.));
#490 = DIRECTION('',(0.,1.,0.));
#491 = DIRECTION('',(1.,0.,1.110223024625E-16));
#492 = DEFINITIONAL_REPRESENTATION('',(#493),#497);
#493 = LINE('',#494,#495);
#494 = CARTESIAN_POINT('',(0.,0.));
#495 = VECTOR('',#496,1.);
#496 = DIRECTION('',(0.,1.));
#497 = ( GEOMETRIC_REPRESENTATION_CONTEXT(2) 
PARAMETRIC_REPRESENTATION_CONTEXT() REPRESENTATION_CONTEXT('2D SPACE',''
  ) );
#498 = ORIENTED_EDGE('',*,*,#499,.F.);
#499 = EDGE_CURVE('',#500,#467,#502,.T.);
#500 = VERTEX_POINT('',#501);
#501 = CARTESIAN_POINT('',(-22.1,7.5,25.));
#502 = SURFACE_CURVE('',#503,(#508,#515),.PCURVE_S1.);
#503 = CIRCLE('',#504,2.1);
#504 = AXIS2_PLACEMENT_3D('',#505,#506,#507);
#505 = CARTESIAN_POINT('',(-20.,7.5,25.));
#506 = DIRECTION('',(-0.,1.,0.));
#507 = DIRECTION('',(1.,0.,1.110223024625E-16));
#508 = PCURVE('',#475,#509);
#509 = DEFINITIONAL_REPRESENTATION('',(#510),#514);
#510 = LINE('',#511,#512);
#511 = CARTESIAN_POINT('',(0.,8.881784197001E-16));
#512 = VECTOR('',#513,1.);
#513 = DIRECTION('',(1.,0.));
#514 = ( GEOMETRIC_REPRESENTATION_CONTEXT(2) 
PARAMETRIC_REPRESENTATION_CONTEXT() REPRESENTATION_CONTEXT('2D SPACE',''
  ) );
#515 = PCURVE('',#73,#516);
#516 = DEFINITIONAL_REPRESENTATION('',(#517),#521);
#517 = CIRCLE('',#518,2.1);
#518 = AXIS2_PLACEMENT_2D('',#519,#520);
#519 = CARTESIAN_POINT('',(-62.5,5.));
#520 = DIRECTION('',(1.,0.));
#521 = ( GEOMETRIC_REPRESENTATION_CONTEXT(2) 
PARAMETRIC_REPRESENTATION_CONTEXT() REPRESENTATION_CONTEXT('2D SPACE',''
  ) );
#522 = ORIENTED_EDGE('',*,*,#523,.F.);
#523 = EDGE_CURVE('',#524,#500,#526,.T.);
#524 = VERTEX_POINT('',#525);
#525 = CARTESIAN_POINT('',(-22.1,0.5,25.));
#526 = SURFACE_CURVE('',#527,(#531,#538),.PCURVE_S1.);
#527 = LINE('',#528,#529);
#528 = CARTESIAN_POINT('',(-22.1,7.5,25.));
#529 = VECTOR('',#530,1.);
#530 = DIRECTION('',(0.,1.,0.));
#531 = PCURVE('',#475,#532);
#532 = DEFINITIONAL_REPRESENTATION('',(#533),#537);
#533 = LINE('',#534,#535);
#534 = CARTESIAN_POINT('',(3.14159265359,0.));
#535 = VECTOR('',#536,1.);
#536 = DIRECTION('',(0.,1.));
#537 = ( GEOMETRIC_REPRESENTATION_CONTEXT(2) 
PARAMETRIC_REPRESENTATION_CONTEXT() REPRESENTATION_CONTEXT('2D SPACE',''
  ) );
#538 = PCURVE('',#487,#539);
#539 = DEFINITIONAL_REPRESENTATION('',(#540),#544);
#540 = LINE('',#541,#542);
#541 = CARTESIAN_POINT('',(3.14159265359,0.));
#542 = VECTOR('',#543,1.);
#543 = DIRECTION('',(0.,1.));
#544 = ( GEOMETRIC_REPRESENTATION_CONTEXT(2) 
PARAMETRIC_REPRESENTATION_CONTEXT() REPRESENTATION_CONTEXT('2D SPACE',''
  ) );
#545 = ORIENTED_EDGE('',*,*,#546,.T.);
#546 = EDGE_CURVE('',#524,#465,#547,.T.);
#547 = SURFACE_CURVE('',#548,(#553,#560),.PCURVE_S1.);
#548 = CIRCLE('',#549,2.1);
#549 = AXIS2_PLACEMENT_3D('',#550,#551,#552);
#550 = CARTESIAN_POINT('',(-20.,0.5,25.));
#551 = DIRECTION('',(-0.,1.,0.));
#552 = DIRECTION('',(1.,0.,1.110223024625E-16));
#553 = PCURVE('',#475,#554);
#554 = DEFINITIONAL_REPRESENTATION('',(#555),#559);
#555 = LINE('',#556,#557);
#556 = CARTESIAN_POINT('',(0.,-7.));
#557 = VECTOR('',#558,1.);
#558 = DIRECTION('',(1.,0.));
#559 = ( GEOMETRIC_REPRESENTATION_CONTEXT(2) 
PARAMETRIC_REPRESENTATION_CONTEXT() REPRESENTATION_CONTEXT('2D SPACE',''
  ) );
#560 = PCURVE('',#123,#561);
#561 = DEFINITIONAL_REPRESENTATION('',(#562),#566);
#562 = CIRCLE('',#563,2.1);
#563 = AXIS2_PLACEMENT_2D('',#564,#565);
#564 = CARTESIAN_POINT('',(-62.5,-55.));
#565 = DIRECTION('',(1.,0.));
#566 = ( GEOMETRIC_REPRESENTATION_CONTEXT(2) 
PARAMETRIC_REPRESENTATION_CONTEXT() REPRESENTATION_CONTEXT('2D SPACE',''
  ) );
#567 = ADVANCED_FACE('',(#568),#582,.F.);
#568 = FACE_BOUND('',#569,.F.);
#569 = EDGE_LOOP('',(#570,#605,#629,#652));
#570 = ORIENTED_EDGE('',*,*,#571,.T.);
#571 = EDGE_CURVE('',#572,#574,#576,.T.);
#572 = VERTEX_POINT('',#573);
#573 = CARTESIAN_POINT('',(37.1,-1.5,25.));
#574 = VERTEX_POINT('',#575);
#575 = CARTESIAN_POINT('',(37.1,7.5,25.));
#576 = SURFACE_CURVE('',#577,(#581,#593),.PCURVE_S1.);
#577 = LINE('',#578,#579);
#578 = CARTESIAN_POINT('',(37.1,7.5,25.));
#579 = VECTOR('',#580,1.);
#580 = DIRECTION('',(0.,1.,0.));
#581 = PCURVE('',#582,#587);
#582 = CYLINDRICAL_SURFACE('',#583,2.1);
#583 = AXIS2_PLACEMENT_3D('',#584,#585,#586);
#584 = CARTESIAN_POINT('',(35.,7.5,25.));
#585 = DIRECTION('',(0.,1.,0.));
#586 = DIRECTION('',(1.,0.,1.110223024625E-16));
#587 = DEFINITIONAL_REPRESENTATION('',(#588),#592);
#588 = LINE('',#589,#590);
#589 = CARTESIAN_POINT('',(6.28318530718,0.));
#590 = VECTOR('',#591,1.);
#591 = DIRECTION('',(0.,1.));
#592 = ( GEOMETRIC_REPRESENTATION_CONTEXT(2) 
PARAMETRIC_REPRESENTATION_CONTEXT() REPRESENTATION_CONTEXT('2D SPACE',''
  ) );
#593 = PCURVE('',#594,#599);
#594 = CYLINDRICAL_SURFACE('',#595,2.1);
#595 = AXIS2_PLACEMENT_3D('',#596,#597,#598);
#596 = CARTESIAN_POINT('',(35.,7.5,25.));
#597 = DIRECTION('',(0.,1.,0.));
#598 = DIRECTION('',(1.,0.,1.110223024625E-16));
#599 = DEFINITIONAL_REPRESENTATION('',(#600),#604);
#600 = LINE('',#601,#602);
#601 = CARTESIAN_POINT('',(0.,0.));
#602 = VECTOR('',#603,1.);
#603 = DIRECTION('',(0.,1.));
#604 = ( GEOMETRIC_REPRESENTATION_CONTEXT(2) 
PARAMETRIC_REPRESENTATION_CONTEXT() REPRESENTATION_CONTEXT('2D SPACE',''
  ) );
#605 = ORIENTED_EDGE('',*,*,#606,.F.);
#606 = EDGE_CURVE('',#607,#574,#609,.T.);
#607 = VERTEX_POINT('',#608);
#608 = CARTESIAN_POINT('',(32.9,7.5,25.));
#609 = SURFACE_CURVE('',#610,(#615,#622),.PCURVE_S1.);
#610 = CIRCLE('',#611,2.1);
#611 = AXIS2_PLACEMENT_3D('',#612,#613,#614);
#612 = CARTESIAN_POINT('',(35.,7.5,25.));
#613 = DIRECTION('',(-0.,1.,0.));
#614 = DIRECTION('',(1.,0.,1.110223024625E-16));
#615 = PCURVE('',#582,#616);
#616 = DEFINITIONAL_REPRESENTATION('',(#617),#621);
#617 = LINE('',#618,#619);
#618 = CARTESIAN_POINT('',(0.,8.881784197001E-16));
#619 = VECTOR('',#620,1.);
#620 = DIRECTION('',(1.,0.));
#621 = ( GEOMETRIC_REPRESENTATION_CONTEXT(2) 
PARAMETRIC_REPRESENTATION_CONTEXT() REPRESENTATION_CONTEXT('2D SPACE',''
  ) );
#622 = PCURVE('',#73,#623);
#623 = DEFINITIONAL_REPRESENTATION('',(#624),#628);
#624 = CIRCLE('',#625,2.1);
#625 = AXIS2_PLACEMENT_2D('',#626,#627);
#626 = CARTESIAN_POINT('',(-7.5,5.));
#627 = DIRECTION('',(1.,0.));
#628 = ( GEOMETRIC_REPRESENTATION_CONTEXT(2) 
PARAMETRIC_REPRESENTATION_CONTEXT() REPRESENTATION_CONTEXT('2D SPACE',''
  ) );
#629 = ORIENTED_EDGE('',*,*,#630,.F.);
#630 = EDGE_CURVE('',#631,#607,#633,.T.);
#631 = VERTEX_POINT('',#632);
#632 = CARTESIAN_POINT('',(32.9,-1.5,25.));
#633 = SURFACE_CURVE('',#634,(#638,#645),.PCURVE_S1.);
#634 = LINE('',#635,#636);
#635 = CARTESIAN_POINT('',(32.9,7.5,25.));
#636 = VECTOR('',#637,1.);
#637 = DIRECTION('',(0.,1.,0.));
#638 = PCURVE('',#582,#639);
#639 = DEFINITIONAL_REPRESENTATION('',(#640),#644);
#640 = LINE('',#641,#642);
#641 = CARTESIAN_POINT('',(3.14159265359,0.));
#642 = VECTOR('',#643,1.);
#643 = DIRECTION('',(0.,1.));
#644 = ( GEOMETRIC_REPRESENTATION_CONTEXT(2) 
PARAMETRIC_REPRESENTATION_CONTEXT() REPRESENTATION_CONTEXT('2D SPACE',''
  ) );
#645 = PCURVE('',#594,#646);
#646 = DEFINITIONAL_REPRESENTATION('',(#647),#651);
#647 = LINE('',#648,#649);
#648 = CARTESIAN_POINT('',(3.14159265359,0.));
#649 = VECTOR('',#650,1.);
#650 = DIRECTION('',(0.,1.));
#651 = ( GEOMETRIC_REPRESENTATION_CONTEXT(2) 
PARAMETRIC_REPRESENTATION_CONTEXT() REPRESENTATION_CONTEXT('2D SPACE',''
  ) );
#652 = ORIENTED_EDGE('',*,*,#653,.T.);
#653 = EDGE_CURVE('',#631,#572,#654,.T.);
#654 = SURFACE_CURVE('',#655,(#660,#667),.PCURVE_S1.);
#655 = CIRCLE('',#656,2.1);
#656 = AXIS2_PLACEMENT_3D('',#657,#658,#659);
#657 = CARTESIAN_POINT('',(35.,-1.5,25.));
#658 = DIRECTION('',(-0.,1.,0.));
#659 = DIRECTION('',(1.,0.,1.110223024625E-16));
#660 = PCURVE('',#582,#661);
#661 = DEFINITIONAL_REPRESENTATION('',(#662),#666);
#662 = LINE('',#663,#664);
#663 = CARTESIAN_POINT('',(0.,-9.));
#664 = VECTOR('',#665,1.);
#665 = DIRECTION('',(1.,0.));
#666 = ( GEOMETRIC_REPRESENTATION_CONTEXT(2) 
PARAMETRIC_REPRESENTATION_CONTEXT() REPRESENTATION_CONTEXT('2D SPACE',''
  ) );
#667 = PCURVE('',#668,#673);
#668 = CONICAL_SURFACE('',#669,2.1,1.029744258677);
#669 = AXIS2_PLACEMENT_3D('',#670,#671,#672);
#670 = CARTESIAN_POINT('',(35.,-1.5,25.));
#671 = DIRECTION('',(0.,1.,0.));
#672 = DIRECTION('',(1.,0.,1.110223024625E-16));
#673 = DEFINITIONAL_REPRESENTATION('',(#674),#678);
#674 = LINE('',#675,#676);
#675 = CARTESIAN_POINT('',(0.,1.568429995407E-15));
#676 = VECTOR('',#677,1.);
#677 = DIRECTION('',(1.,0.));
#678 = ( GEOMETRIC_REPRESENTATION_CONTEXT(2) 
PARAMETRIC_REPRESENTATION_CONTEXT() REPRESENTATION_CONTEXT('2D SPACE',''
  ) );
#679 = ADVANCED_FACE('',(#680),#668,.F.);
#680 = FACE_BOUND('',#681,.F.);
#681 = EDGE_LOOP('',(#682,#683,#755));
#682 = ORIENTED_EDGE('',*,*,#653,.F.);
#683 = ORIENTED_EDGE('',*,*,#684,.F.);
#684 = EDGE_CURVE('',#685,#631,#687,.T.);
#685 = VERTEX_POINT('',#686);
#686 = CARTESIAN_POINT('',(35.,-2.761807299958,25.));
#687 = SURFACE_CURVE('',#688,(#692,#721),.PCURVE_S1.);
#688 = LINE('',#689,#690);
#689 = CARTESIAN_POINT('',(32.9,-1.5,25.));
#690 = VECTOR('',#691,1.);
#691 = DIRECTION('',(-0.857167300702,0.51503807491,-2.001374064334E-16)
  );
#692 = PCURVE('',#668,#693);
#693 = DEFINITIONAL_REPRESENTATION('',(#694),#720);
#694 = B_SPLINE_CURVE_WITH_KNOTS('',3,(#695,#696,#697,#698,#699,#700,
    #701,#702,#703,#704,#705,#706,#707,#708,#709,#710,#711,#712,#713,
    #714,#715,#716,#717,#718,#719),.UNSPECIFIED.,.F.,.F.,(4,1,1,1,1,1,1,
    1,1,1,1,1,1,1,1,1,1,1,1,1,1,1,4),(-2.449930134152,-2.338569673509,
    -2.227209212866,-2.115848752222,-2.004488291579,-1.893127830936,
    -1.781767370293,-1.670406909649,-1.559046449006,-1.447685988363,
    -1.336325527719,-1.224965067076,-1.113604606433,-1.00224414579,
    -0.890883685146,-0.779523224503,-0.66816276386,-0.556802303216,
    -0.445441842573,-0.33408138193,-0.222720921287,-0.111360460643,0.),
  .UNSPECIFIED.);
#695 = CARTESIAN_POINT('',(3.14159265359,-1.261807299958));
#696 = CARTESIAN_POINT('',(3.14159265359,-1.242689007534));
#697 = CARTESIAN_POINT('',(3.14159265359,-1.204452422687));
#698 = CARTESIAN_POINT('',(3.14159265359,-1.147097545416));
#699 = CARTESIAN_POINT('',(3.14159265359,-1.089742668145));
#700 = CARTESIAN_POINT('',(3.14159265359,-1.032387790875));
#701 = CARTESIAN_POINT('',(3.14159265359,-0.975032913604));
#702 = CARTESIAN_POINT('',(3.14159265359,-0.917678036333));
#703 = CARTESIAN_POINT('',(3.14159265359,-0.860323159062));
#704 = CARTESIAN_POINT('',(3.14159265359,-0.802968281791));
#705 = CARTESIAN_POINT('',(3.14159265359,-0.745613404521));
#706 = CARTESIAN_POINT('',(3.14159265359,-0.68825852725));
#707 = CARTESIAN_POINT('',(3.14159265359,-0.630903649979));
#708 = CARTESIAN_POINT('',(3.14159265359,-0.573548772708));
#709 = CARTESIAN_POINT('',(3.14159265359,-0.516193895437));
#710 = CARTESIAN_POINT('',(3.14159265359,-0.458839018167));
#711 = CARTESIAN_POINT('',(3.14159265359,-0.401484140896));
#712 = CARTESIAN_POINT('',(3.14159265359,-0.344129263625));
#713 = CARTESIAN_POINT('',(3.14159265359,-0.286774386354));
#714 = CARTESIAN_POINT('',(3.14159265359,-0.229419509083));
#715 = CARTESIAN_POINT('',(3.14159265359,-0.172064631812));
#716 = CARTESIAN_POINT('',(3.14159265359,-0.114709754542));
#717 = CARTESIAN_POINT('',(3.14159265359,-5.735487727081E-02));
#718 = CARTESIAN_POINT('',(3.14159265359,-1.91182924236E-02));
#719 = CARTESIAN_POINT('',(3.14159265359,1.568429995407E-15));
#720 = ( GEOMETRIC_REPRESENTATION_CONTEXT(2) 
PARAMETRIC_REPRESENTATION_CONTEXT() REPRESENTATION_CONTEXT('2D SPACE',''
  ) );
#721 = PCURVE('',#722,#727);
#722 = CONICAL_SURFACE('',#723,2.1,1.029744258677);
#723 = AXIS2_PLACEMENT_3D('',#724,#725,#726);
#724 = CARTESIAN_POINT('',(35.,-1.5,25.));
#725 = DIRECTION('',(0.,1.,0.));
#726 = DIRECTION('',(1.,0.,1.110223024625E-16));
#727 = DEFINITIONAL_REPRESENTATION('',(#728),#754);
#728 = B_SPLINE_CURVE_WITH_KNOTS('',3,(#729,#730,#731,#732,#733,#734,
    #735,#736,#737,#738,#739,#740,#741,#742,#743,#744,#745,#746,#747,
    #748,#749,#750,#751,#752,#753),.UNSPECIFIED.,.F.,.F.,(4,1,1,1,1,1,1,
    1,1,1,1,1,1,1,1,1,1,1,1,1,1,1,4),(-2.449930134152,-2.338569673509,
    -2.227209212866,-2.115848752222,-2.004488291579,-1.893127830936,
    -1.781767370293,-1.670406909649,-1.559046449006,-1.447685988363,
    -1.336325527719,-1.224965067076,-1.113604606433,-1.00224414579,
    -0.890883685146,-0.779523224503,-0.66816276386,-0.556802303216,
    -0.445441842573,-0.33408138193,-0.222720921287,-0.111360460643,0.),
  .UNSPECIFIED.);
#729 = CARTESIAN_POINT('',(3.14159265359,-1.261807299958));
#730 = CARTESIAN_POINT('',(3.14159265359,-1.242689007534));
#731 = CARTESIAN_POINT('',(3.14159265359,-1.204452422687));
#732 = CARTESIAN_POINT('',(3.14159265359,-1.147097545416));
#733 = CARTESIAN_POINT('',(3.14159265359,-1.089742668145));
#734 = CARTESIAN_POINT('',(3.14159265359,-1.032387790875));
#735 = CARTESIAN_POINT('',(3.14159265359,-0.975032913604));
#736 = CARTESIAN_POINT('',(3.14159265359,-0.917678036333));
#737 = CARTESIAN_POINT('',(3.14159265359,-0.860323159062));
#738 = CARTESIAN_POINT('',(3.14159265359,-0.802968281791));
#739 = CARTESIAN_POINT('',(3.14159265359,-0.745613404521));
#740 = CARTESIAN_POINT('',(3.14159265359,-0.68825852725));
#741 = CARTESIAN_POINT('',(3.14159265359,-0.630903649979));
#742 = CARTESIAN_POINT('',(3.14159265359,-0.573548772708));
#743 = CARTESIAN_POINT('',(3.14159265359,-0.516193895437));
#744 = CARTESIAN_POINT('',(3.14159265359,-0.458839018167));
#745 = CARTESIAN_POINT('',(3.14159265359,-0.401484140896));
#746 = CARTESIAN_POINT('',(3.14159265359,-0.344129263625));
#747 = CARTESIAN_POINT('',(3.14159265359,-0.286774386354));
#748 = CARTESIAN_POINT('',(3.14159265359,-0.229419509083));
#749 = CARTESIAN_POINT('',(3.14159265359,-0.172064631812));
#750 = CARTESIAN_POINT('',(3.14159265359,-0.114709754542));
#751 = CARTESIAN_POINT('',(3.14159265359,-5.735487727081E-02));
#752 = CARTESIAN_POINT('',(3.14159265359,-1.91182924236E-02));
#753 = CARTESIAN_POINT('',(3.14159265359,1.568429995407E-15));
#754 = ( GEOMETRIC_REPRESENTATION_CONTEXT(2) 
PARAMETRIC_REPRESENTATION_CONTEXT() REPRESENTATION_CONTEXT('2D SPACE',''
  ) );
#755 = ORIENTED_EDGE('',*,*,#756,.T.);
#756 = EDGE_CURVE('',#685,#572,#757,.T.);
#757 = SURFACE_CURVE('',#758,(#762,#769),.PCURVE_S1.);
#758 = LINE('',#759,#760);
#759 = CARTESIAN_POINT('',(37.1,-1.5,25.));
#760 = VECTOR('',#761,1.);
#761 = DIRECTION('',(0.857167300702,0.51503807491,9.516468731953E-17));
#762 = PCURVE('',#668,#763);
#763 = DEFINITIONAL_REPRESENTATION('',(#764),#768);
#764 = LINE('',#765,#766);
#765 = CARTESIAN_POINT('',(6.28318530718,-1.601059962107E-15));
#766 = VECTOR('',#767,1.);
#767 = DIRECTION('',(0.,1.));
#768 = ( GEOMETRIC_REPRESENTATION_CONTEXT(2) 
PARAMETRIC_REPRESENTATION_CONTEXT() REPRESENTATION_CONTEXT('2D SPACE',''
  ) );
#769 = PCURVE('',#722,#770);
#770 = DEFINITIONAL_REPRESENTATION('',(#771),#775);
#771 = LINE('',#772,#773);
#772 = CARTESIAN_POINT('',(0.,-1.601059962107E-15));
#773 = VECTOR('',#774,1.);
#774 = DIRECTION('',(0.,1.));
#775 = ( GEOMETRIC_REPRESENTATION_CONTEXT(2) 
PARAMETRIC_REPRESENTATION_CONTEXT() REPRESENTATION_CONTEXT('2D SPACE',''
  ) );
#776 = ADVANCED_FACE('',(#777),#791,.F.);
#777 = FACE_BOUND('',#778,.F.);
#778 = EDGE_LOOP('',(#779,#814,#838,#861));
#779 = ORIENTED_EDGE('',*,*,#780,.T.);
#780 = EDGE_CURVE('',#781,#783,#785,.T.);
#781 = VERTEX_POINT('',#782);
#782 = CARTESIAN_POINT('',(-17.9,0.5,-25.));
#783 = VERTEX_POINT('',#784);
#784 = CARTESIAN_POINT('',(-17.9,7.5,-25.));
#785 = SURFACE_CURVE('',#786,(#790,#802),.PCURVE_S1.);
#786 = LINE('',#787,#788);
#787 = CARTESIAN_POINT('',(-17.9,7.5,-25.));
#788 = VECTOR('',#789,1.);
#789 = DIRECTION('',(0.,1.,0.));
#790 = PCURVE('',#791,#796);
#791 = CYLINDRICAL_SURFACE('',#792,2.1);
#792 = AXIS2_PLACEMENT_3D('',#793,#794,#795);
#793 = CARTESIAN_POINT('',(-20.,7.5,-25.));
#794 = DIRECTION('',(0.,1.,0.));
#795 = DIRECTION('',(1.,0.,1.110223024625E-16));
#796 = DEFINITIONAL_REPRESENTATION('',(#797),#801);
#797 = LINE('',#798,#799);
#798 = CARTESIAN_POINT('',(6.28318530718,0.));
#799 = VECTOR('',#800,1.);
#800 = DIRECTION('',(0.,1.));
#801 = ( GEOMETRIC_REPRESENTATION_CONTEXT(2) 
PARAMETRIC_REPRESENTATION_CONTEXT() REPRESENTATION_CONTEXT('2D SPACE',''
  ) );
#802 = PCURVE('',#803,#808);
#803 = CYLINDRICAL_SURFACE('',#804,2.1);
#804 = AXIS2_PLACEMENT_3D('',#805,#806,#807);
#805 = CARTESIAN_POINT('',(-20.,7.5,-25.));
#806 = DIRECTION('',(0.,1.,0.));
#807 = DIRECTION('',(1.,0.,1.110223024625E-16));
#808 = DEFINITIONAL_REPRESENTATION('',(#809),#813);
#809 = LINE('',#810,#811);
#810 = CARTESIAN_POINT('',(0.,0.));
#811 = VECTOR('',#812,1.);
#812 = DIRECTION('',(0.,1.));
#813 = ( GEOMETRIC_REPRESENTATION_CONTEXT(2) 
PARAMETRIC_REPRESENTATION_CONTEXT() REPRESENTATION_CONTEXT('2D SPACE',''
  ) );
#814 = ORIENTED_EDGE('',*,*,#815,.F.);
#815 = EDGE_CURVE('',#816,#783,#818,.T.);
#816 = VERTEX_POINT('',#817);
#817 = CARTESIAN_POINT('',(-22.1,7.5,-25.));
#818 = SURFACE_CURVE('',#819,(#824,#831),.PCURVE_S1.);
#819 = CIRCLE('',#820,2.1);
#820 = AXIS2_PLACEMENT_3D('',#821,#822,#823);
#821 = CARTESIAN_POINT('',(-20.,7.5,-25.));
#822 = DIRECTION('',(-0.,1.,0.));
#823 = DIRECTION('',(1.,0.,1.110223024625E-16));
#824 = PCURVE('',#791,#825);
#825 = DEFINITIONAL_REPRESENTATION('',(#826),#830);
#826 = LINE('',#827,#828);
#827 = CARTESIAN_POINT('',(0.,8.881784197001E-16));
#828 = VECTOR('',#829,1.);
#829 = DIRECTION('',(1.,0.));
#830 = ( GEOMETRIC_REPRESENTATION_CONTEXT(2) 
PARAMETRIC_REPRESENTATION_CONTEXT() REPRESENTATION_CONTEXT('2D SPACE',''
  ) );
#831 = PCURVE('',#297,#832);
#832 = DEFINITIONAL_REPRESENTATION('',(#833),#837);
#833 = CIRCLE('',#834,2.1);
#834 = AXIS2_PLACEMENT_2D('',#835,#836);
#835 = CARTESIAN_POINT('',(22.5,-5.));
#836 = DIRECTION('',(1.,0.));
#837 = ( GEOMETRIC_REPRESENTATION_CONTEXT(2) 
PARAMETRIC_REPRESENTATION_CONTEXT() REPRESENTATION_CONTEXT('2D SPACE',''
  ) );
#838 = ORIENTED_EDGE('',*,*,#839,.F.);
#839 = EDGE_CURVE('',#840,#816,#842,.T.);
#840 = VERTEX_POINT('',#841);
#841 = CARTESIAN_POINT('',(-22.1,0.5,-25.));
#842 = SURFACE_CURVE('',#843,(#847,#854),.PCURVE_S1.);
#843 = LINE('',#844,#845);
#844 = CARTESIAN_POINT('',(-22.1,7.5,-25.));
#845 = VECTOR('',#846,1.);
#846 = DIRECTION('',(0.,1.,0.));
#847 = PCURVE('',#791,#848);
#848 = DEFINITIONAL_REPRESENTATION('',(#849),#853);
#849 = LINE('',#850,#851);
#850 = CARTESIAN_POINT('',(3.14159265359,0.));
#851 = VECTOR('',#852,1.);
#852 = DIRECTION('',(0.,1.));
#853 = ( GEOMETRIC_REPRESENTATION_CONTEXT(2) 
PARAMETRIC_REPRESENTATION_CONTEXT() REPRESENTATION_CONTEXT('2D SPACE',''
  ) );
#854 = PCURVE('',#803,#855);
#855 = DEFINITIONAL_REPRESENTATION('',(#856),#860);
#856 = LINE('',#857,#858);
#857 = CARTESIAN_POINT('',(3.14159265359,0.));
#858 = VECTOR('',#859,1.);
#859 = DIRECTION('',(0.,1.));
#860 = ( GEOMETRIC_REPRESENTATION_CONTEXT(2) 
PARAMETRIC_REPRESENTATION_CONTEXT() REPRESENTATION_CONTEXT('2D SPACE',''
  ) );
#861 = ORIENTED_EDGE('',*,*,#862,.T.);
#862 = EDGE_CURVE('',#840,#781,#863,.T.);
#863 = SURFACE_CURVE('',#864,(#869,#876),.PCURVE_S1.);
#864 = CIRCLE('',#865,2.1);
#865 = AXIS2_PLACEMENT_3D('',#866,#867,#868);
#866 = CARTESIAN_POINT('',(-20.,0.5,-25.));
#867 = DIRECTION('',(-0.,1.,0.));
#868 = DIRECTION('',(1.,0.,1.110223024625E-16));
#869 = PCURVE('',#791,#870);
#870 = DEFINITIONAL_REPRESENTATION('',(#871),#875);
#871 = LINE('',#872,#873);
#872 = CARTESIAN_POINT('',(0.,-7.));
#873 = VECTOR('',#874,1.);
#874 = DIRECTION('',(1.,0.));
#875 = ( GEOMETRIC_REPRESENTATION_CONTEXT(2) 
PARAMETRIC_REPRESENTATION_CONTEXT() REPRESENTATION_CONTEXT('2D SPACE',''
  ) );
#876 = PCURVE('',#123,#877);
#877 = DEFINITIONAL_REPRESENTATION('',(#878),#882);
#878 = CIRCLE('',#879,2.1);
#879 = AXIS2_PLACEMENT_2D('',#880,#881);
#880 = CARTESIAN_POINT('',(-62.5,-5.));
#881 = DIRECTION('',(1.,0.));
#882 = ( GEOMETRIC_REPRESENTATION_CONTEXT(2) 
PARAMETRIC_REPRESENTATION_CONTEXT() REPRESENTATION_CONTEXT('2D SPACE',''
  ) );
#883 = ADVANCED_FACE('',(#884),#898,.F.);
#884 = FACE_BOUND('',#885,.F.);
#885 = EDGE_LOOP('',(#886,#921,#945,#968));
#886 = ORIENTED_EDGE('',*,*,#887,.T.);
#887 = EDGE_CURVE('',#888,#890,#892,.T.);
#888 = VERTEX_POINT('',#889);
#889 = CARTESIAN_POINT('',(37.1,-1.5,-25.));
#890 = VERTEX_POINT('',#891);
#891 = CARTESIAN_POINT('',(37.1,7.5,-25.));
#892 = SURFACE_CURVE('',#893,(#897,#909),.PCURVE_S1.);
#893 = LINE('',#894,#895);
#894 = CARTESIAN_POINT('',(37.1,7.5,-25.));
#895 = VECTOR('',#896,1.);
#896 = DIRECTION('',(0.,1.,0.));
#897 = PCURVE('',#898,#903);
#898 = CYLINDRICAL_SURFACE('',#899,2.1);
#899 = AXIS2_PLACEMENT_3D('',#900,#901,#902);
#900 = CARTESIAN_POINT('',(35.,7.5,-25.));
#901 = DIRECTION('',(0.,1.,0.));
#902 = DIRECTION('',(1.,0.,1.110223024625E-16));
#903 = DEFINITIONAL_REPRESENTATION('',(#904),#908);
#904 = LINE('',#905,#906);
#905 = CARTESIAN_POINT('',(6.28318530718,0.));
#906 = VECTOR('',#907,1.);
#907 = DIRECTION('',(0.,1.));
#908 = ( GEOMETRIC_REPRESENTATION_CONTEXT(2) 
PARAMETRIC_REPRESENTATION_CONTEXT() REPRESENTATION_CONTEXT('2D SPACE',''
  ) );
#909 = PCURVE('',#910,#915);
#910 = CYLINDRICAL_SURFACE('',#911,2.1);
#911 = AXIS2_PLACEMENT_3D('',#912,#913,#914);
#912 = CARTESIAN_POINT('',(35.,7.5,-25.));
#913 = DIRECTION('',(0.,1.,0.));
#914 = DIRECTION('',(1.,0.,1.110223024625E-16));
#915 = DEFINITIONAL_REPRESENTATION('',(#916),#920);
#916 = LINE('',#917,#918);
#917 = CARTESIAN_POINT('',(0.,0.));
#918 = VECTOR('',#919,1.);
#919 = DIRECTION('',(0.,1.));
#920 = ( GEOMETRIC_REPRESENTATION_CONTEXT(2) 
PARAMETRIC_REPRESENTATION_CONTEXT() REPRESENTATION_CONTEXT('2D SPACE',''
  ) );
#921 = ORIENTED_EDGE('',*,*,#922,.F.);
#922 = EDGE_CURVE('',#923,#890,#925,.T.);
#923 = VERTEX_POINT('',#924);
#924 = CARTESIAN_POINT('',(32.9,7.5,-25.));
#925 = SURFACE_CURVE('',#926,(#931,#938),.PCURVE_S1.);
#926 = CIRCLE('',#927,2.1);
#927 = AXIS2_PLACEMENT_3D('',#928,#929,#930);
#928 = CARTESIAN_POINT('',(35.,7.5,-25.));
#929 = DIRECTION('',(-0.,1.,0.));
#930 = DIRECTION('',(1.,0.,1.110223024625E-16));
#931 = PCURVE('',#898,#932);
#932 = DEFINITIONAL_REPRESENTATION('',(#933),#937);
#933 = LINE('',#934,#935);
#934 = CARTESIAN_POINT('',(0.,8.881784197001E-16));
#935 = VECTOR('',#936,1.);
#936 = DIRECTION('',(1.,0.));
#937 = ( GEOMETRIC_REPRESENTATION_CONTEXT(2) 
PARAMETRIC_REPRESENTATION_CONTEXT() REPRESENTATION_CONTEXT('2D SPACE',''
  ) );
#938 = PCURVE('',#297,#939);
#939 = DEFINITIONAL_REPRESENTATION('',(#940),#944);
#940 = CIRCLE('',#941,2.1);
#941 = AXIS2_PLACEMENT_2D('',#942,#943);
#942 = CARTESIAN_POINT('',(77.5,-5.));
#943 = DIRECTION('',(1.,0.));
#944 = ( GEOMETRIC_REPRESENTATION_CONTEXT(2) 
PARAMETRIC_REPRESENTATION_CONTEXT() REPRESENTATION_CONTEXT('2D SPACE',''
  ) );
#945 = ORIENTED_EDGE('',*,*,#946,.F.);
#946 = EDGE_CURVE('',#947,#923,#949,.T.);
#947 = VERTEX_POINT('',#948);
#948 = CARTESIAN_POINT('',(32.9,-1.5,-25.));
#949 = SURFACE_CURVE('',#950,(#954,#961),.PCURVE_S1.);
#950 = LINE('',#951,#952);
#951 = CARTESIAN_POINT('',(32.9,7.5,-25.));
#952 = VECTOR('',#953,1.);
#953 = DIRECTION('',(0.,1.,0.));
#954 = PCURVE('',#898,#955);
#955 = DEFINITIONAL_REPRESENTATION('',(#956),#960);
#956 = LINE('',#957,#958);
#957 = CARTESIAN_POINT('',(3.14159265359,0.));
#958 = VECTOR('',#959,1.);
#959 = DIRECTION('',(0.,1.));
#960 = ( GEOMETRIC_REPRESENTATION_CONTEXT(2) 
PARAMETRIC_REPRESENTATION_CONTEXT() REPRESENTATION_CONTEXT('2D SPACE',''
  ) );
#961 = PCURVE('',#910,#962);
#962 = DEFINITIONAL_REPRESENTATION('',(#963),#967);
#963 = LINE('',#964,#965);
#964 = CARTESIAN_POINT('',(3.14159265359,0.));
#965 = VECTOR('',#966,1.);
#966 = DIRECTION('',(0.,1.));
#967 = ( GEOMETRIC_REPRESENTATION_CONTEXT(2) 
PARAMETRIC_REPRESENTATION_CONTEXT() REPRESENTATION_CONTEXT('2D SPACE',''
  ) );
#968 = ORIENTED_EDGE('',*,*,#969,.T.);
#969 = EDGE_CURVE('',#947,#888,#970,.T.);
#970 = SURFACE_CURVE('',#971,(#976,#983),.PCURVE_S1.);
#971 = CIRCLE('',#972,2.1);
#972 = AXIS2_PLACEMENT_3D('',#973,#974,#975);
#973 = CARTESIAN_POINT('',(35.,-1.5,-25.));
#974 = DIRECTION('',(-0.,1.,0.));
#975 = DIRECTION('',(1.,0.,1.110223024625E-16));
#976 = PCURVE('',#898,#977);
#977 = DEFINITIONAL_REPRESENTATION('',(#978),#982);
#978 = LINE('',#979,#980);
#979 = CARTESIAN_POINT('',(0.,-9.));
#980 = VECTOR('',#981,1.);
#981 = DIRECTION('',(1.,0.));
#982 = ( GEOMETRIC_REPRESENTATION_CONTEXT(2) 
PARAMETRIC_REPRESENTATION_CONTEXT() REPRESENTATION_CONTEXT('2D SPACE',''
  ) );
#983 = PCURVE('',#984,#989);
#984 = CONICAL_SURFACE('',#985,2.1,1.029744258677);
#985 = AXIS2_PLACEMENT_3D('',#986,#987,#988);
#986 = CARTESIAN_POINT('',(35.,-1.5,-25.));
#987 = DIRECTION('',(0.,1.,0.));
#988 = DIRECTION('',(1.,0.,1.110223024625E-16));
#989 = DEFINITIONAL_REPRESENTATION('',(#990),#994);
#990 = LINE('',#991,#992);
#991 = CARTESIAN_POINT('',(0.,1.568429995407E-15));
#992 = VECTOR('',#993,1.);
#993 = DIRECTION('',(1.,0.));
#994 = ( GEOMETRIC_REPRESENTATION_CONTEXT(2) 
PARAMETRIC_REPRESENTATION_CONTEXT() REPRESENTATION_CONTEXT('2D SPACE',''
  ) );
#995 = ADVANCED_FACE('',(#996),#984,.F.);
#996 = FACE_BOUND('',#997,.F.);
#997 = EDGE_LOOP('',(#998,#999,#1071));
#998 = ORIENTED_EDGE('',*,*,#969,.F.);
#999 = ORIENTED_EDGE('',*,*,#1000,.F.);
#1000 = EDGE_CURVE('',#1001,#947,#1003,.T.);
#1001 = VERTEX_POINT('',#1002);
#1002 = CARTESIAN_POINT('',(35.,-2.761807299958,-25.));
#1003 = SURFACE_CURVE('',#1004,(#1008,#1037),.PCURVE_S1.);
#1004 = LINE('',#1005,#1006);
#1005 = CARTESIAN_POINT('',(32.9,-1.5,-25.));
#1006 = VECTOR('',#1007,1.);
#1007 = DIRECTION('',(-0.857167300702,0.51503807491,-2.001374064334E-16)
  );
#1008 = PCURVE('',#984,#1009);
#1009 = DEFINITIONAL_REPRESENTATION('',(#1010),#1036);
#1010 = B_SPLINE_CURVE_WITH_KNOTS('',3,(#1011,#1012,#1013,#1014,#1015,
    #1016,#1017,#1018,#1019,#1020,#1021,#1022,#1023,#1024,#1025,#1026,
    #1027,#1028,#1029,#1030,#1031,#1032,#1033,#1034,#1035),
  .UNSPECIFIED.,.F.,.F.,(4,1,1,1,1,1,1,1,1,1,1,1,1,1,1,1,1,1,1,1,1,1,4),
  (-2.449930134152,-2.338569673509,-2.227209212866,-2.115848752222,
    -2.004488291579,-1.893127830936,-1.781767370293,-1.670406909649,
    -1.559046449006,-1.447685988363,-1.336325527719,-1.224965067076,
    -1.113604606433,-1.00224414579,-0.890883685146,-0.779523224503,
    -0.66816276386,-0.556802303216,-0.445441842573,-0.33408138193,
    -0.222720921287,-0.111360460643,0.),.UNSPECIFIED.);
#1011 = CARTESIAN_POINT('',(3.14159265359,-1.261807299958));
#1012 = CARTESIAN_POINT('',(3.14159265359,-1.242689007534));
#1013 = CARTESIAN_POINT('',(3.14159265359,-1.204452422687));
#1014 = CARTESIAN_POINT('',(3.14159265359,-1.147097545416));
#1015 = CARTESIAN_POINT('',(3.14159265359,-1.089742668145));
#1016 = CARTESIAN_POINT('',(3.14159265359,-1.032387790875));
#1017 = CARTESIAN_POINT('',(3.14159265359,-0.975032913604));
#1018 = CARTESIAN_POINT('',(3.14159265359,-0.917678036333));
#1019 = CARTESIAN_POINT('',(3.14159265359,-0.860323159062));
#1020 = CARTESIAN_POINT('',(3.14159265359,-0.802968281791));
#1021 = CARTESIAN_POINT('',(3.14159265359,-0.745613404521));
#1022 = CARTESIAN_POINT('',(3.14159265359,-0.68825852725));
#1023 = CARTESIAN_POINT('',(3.14159265359,-0.630903649979));
#1024 = CARTESIAN_POINT('',(3.14159265359,-0.573548772708));
#1025 = CARTESIAN_POINT('',(3.14159265359,-0.516193895437));
#1026 = CARTESIAN_POINT('',(3.14159265359,-0.458839018167));
#1027 = CARTESIAN_POINT('',(3.14159265359,-0.401484140896));
#1028 = CARTESIAN_POINT('',(3.14159265359,-0.344129263625));
#1029 = CARTESIAN_POINT('',(3.14159265359,-0.286774386354));
#1030 = CARTESIAN_POINT('',(3.14159265359,-0.229419509083));
#1031 = CARTESIAN_POINT('',(3.14159265359,-0.172064631812));
#1032 = CARTESIAN_POINT('',(3.14159265359,-0.114709754542));
#1033 = CARTESIAN_POINT('',(3.14159265359,-5.735487727081E-02));
#1034 = CARTESIAN_POINT('',(3.14159265359,-1.91182924236E-02));
#1035 = CARTESIAN_POINT('',(3.14159265359,1.568429995407E-15));
#1036 = ( GEOMETRIC_REPRESENTATION_CONTEXT(2) 
PARAMETRIC_REPRESENTATION_CONTEXT() REPRESENTATION_CONTEXT('2D SPACE',''
  ) );
#1037 = PCURVE('',#1038,#1043);
#1038 = CONICAL_SURFACE('',#1039,2.1,1.029744258677);
#1039 = AXIS2_PLACEMENT_3D('',#1040,#1041,#1042);
#1040 = CARTESIAN_POINT('',(35.,-1.5,-25.));
#1041 = DIRECTION('',(0.,1.,0.));
#1042 = DIRECTION('',(1.,0.,1.110223024625E-16));
#1043 = DEFINITIONAL_REPRESENTATION('',(#1044),#1070);
#1044 = B_SPLINE_CURVE_WITH_KNOTS('',3,(#1045,#1046,#1047,#1048,#1049,
    #1050,#1051,#1052,#1053,#1054,#1055,#1056,#1057,#1058,#1059,#1060,
    #1061,#1062,#1063,#1064,#1065,#1066,#1067,#1068,#1069),
  .UNSPECIFIED.,.F.,.F.,(4,1,1,1,1,1,1,1,1,1,1,1,1,1,1,1,1,1,1,1,1,1,4),
  (-2.449930134152,-2.338569673509,-2.227209212866,-2.115848752222,
    -2.004488291579,-1.893127830936,-1.781767370293,-1.670406909649,
    -1.559046449006,-1.447685988363,-1.336325527719,-1.224965067076,
    -1.113604606433,-1.00224414579,-0.890883685146,-0.779523224503,
    -0.66816276386,-0.556802303216,-0.445441842573,-0.33408138193,
    -0.222720921287,-0.111360460643,0.),.UNSPECIFIED.);
#1045 = CARTESIAN_POINT('',(3.14159265359,-1.261807299958));
#1046 = CARTESIAN_POINT('',(3.14159265359,-1.242689007534));
#1047 = CARTESIAN_POINT('',(3.14159265359,-1.204452422687));
#1048 = CARTESIAN_POINT('',(3.14159265359,-1.147097545416));
#1049 = CARTESIAN_POINT('',(3.14159265359,-1.089742668145));
#1050 = CARTESIAN_POINT('',(3.14159265359,-1.032387790875));
#1051 = CARTESIAN_POINT('',(3.14159265359,-0.975032913604));
#1052 = CARTESIAN_POINT('',(3.14159265359,-0.917678036333));
#1053 = CARTESIAN_POINT('',(3.14159265359,-0.860323159062));
#1054 = CARTESIAN_POINT('',(3.14159265359,-0.802968281791));
#1055 = CARTESIAN_POINT('',(3.14159265359,-0.745613404521));
#1056 = CARTESIAN_POINT('',(3.14159265359,-0.68825852725));
#1057 = CARTESIAN_POINT('',(3.14159265359,-0.630903649979));
#1058 = CARTESIAN_POINT('',(3.14159265359,-0.573548772708));
#1059 = CARTESIAN_POINT('',(3.14159265359,-0.516193895437));
#1060 = CARTESIAN_POINT('',(3.14159265359,-0.458839018167));
#1061 = CARTESIAN_POINT('',(3.14159265359,-0.401484140896));
#1062 = CARTESIAN_POINT('',(3.14159265359,-0.344129263625));
#1063 = CARTESIAN_POINT('',(3.14159265359,-0.286774386354));
#1064 = CARTESIAN_POINT('',(3.14159265359,-0.229419509083));
#1065 = CARTESIAN_POINT('',(3.14159265359,-0.172064631812));
#1066 = CARTESIAN_POINT('',(3.14159265359,-0.114709754542));
#1067 = CARTESIAN_POINT('',(3.14159265359,-5.735487727081E-02));
#1068 = CARTESIAN_POINT('',(3.14159265359,-1.91182924236E-02));
#1069 = CARTESIAN_POINT('',(3.14159265359,1.568429995407E-15));
#1070 = ( GEOMETRIC_REPRESENTATION_CONTEXT(2) 
PARAMETRIC_REPRESENTATION_CONTEXT() REPRESENTATION_CONTEXT('2D SPACE',''
  ) );
#1071 = ORIENTED_EDGE('',*,*,#1072,.T.);
#1072 = EDGE_CURVE('',#1001,#888,#1073,.T.);
#1073 = SURFACE_CURVE('',#1074,(#1078,#1085),.PCURVE_S1.);
#1074 = LINE('',#1075,#1076);
#1075 = CARTESIAN_POINT('',(37.1,-1.5,-25.));
#1076 = VECTOR('',#1077,1.);
#1077 = DIRECTION('',(0.857167300702,0.51503807491,9.516468731953E-17));
#1078 = PCURVE('',#984,#1079);
#1079 = DEFINITIONAL_REPRESENTATION('',(#1080),#1084);
#1080 = LINE('',#1081,#1082);
#1081 = CARTESIAN_POINT('',(6.28318530718,-1.601059962107E-15));
#1082 = VECTOR('',#1083,1.);
#1083 = DIRECTION('',(0.,1.));
#1084 = ( GEOMETRIC_REPRESENTATION_CONTEXT(2) 
PARAMETRIC_REPRESENTATION_CONTEXT() REPRESENTATION_CONTEXT('2D SPACE',''
  ) );
#1085 = PCURVE('',#1038,#1086);
#1086 = DEFINITIONAL_REPRESENTATION('',(#1087),#1091);
#1087 = LINE('',#1088,#1089);
#1088 = CARTESIAN_POINT('',(0.,-1.601059962107E-15));
#1089 = VECTOR('',#1090,1.);
#1090 = DIRECTION('',(0.,1.));
#1091 = ( GEOMETRIC_REPRESENTATION_CONTEXT(2) 
PARAMETRIC_REPRESENTATION_CONTEXT() REPRESENTATION_CONTEXT('2D SPACE',''
  ) );
#1092 = ADVANCED_FACE('',(#1093),#1107,.F.);
#1093 = FACE_BOUND('',#1094,.F.);
#1094 = EDGE_LOOP('',(#1095,#1130,#1159,#1182));
#1095 = ORIENTED_EDGE('',*,*,#1096,.T.);
#1096 = EDGE_CURVE('',#1097,#1099,#1101,.T.);
#1097 = VERTEX_POINT('',#1098);
#1098 = CARTESIAN_POINT('',(34.5,-2.5,10.));
#1099 = VERTEX_POINT('',#1100);
#1100 = CARTESIAN_POINT('',(34.5,-12.5,10.));
#1101 = SURFACE_CURVE('',#1102,(#1106,#1118),.PCURVE_S1.);
#1102 = LINE('',#1103,#1104);
#1103 = CARTESIAN_POINT('',(34.5,-12.5,10.));
#1104 = VECTOR('',#1105,1.);
#1105 = DIRECTION('',(-0.,-1.,0.));
#1106 = PCURVE('',#1107,#1112);
#1107 = CYLINDRICAL_SURFACE('',#1108,2.);
#1108 = AXIS2_PLACEMENT_3D('',#1109,#1110,#1111);
#1109 = CARTESIAN_POINT('',(36.5,-12.5,10.));
#1110 = DIRECTION('',(-0.,-1.,0.));
#1111 = DIRECTION('',(-1.,0.,-1.110223024625E-16));
#1112 = DEFINITIONAL_REPRESENTATION('',(#1113),#1117);
#1113 = LINE('',#1114,#1115);
#1114 = CARTESIAN_POINT('',(6.28318530718,0.));
#1115 = VECTOR('',#1116,1.);
#1116 = DIRECTION('',(0.,1.));
#1117 = ( GEOMETRIC_REPRESENTATION_CONTEXT(2) 
PARAMETRIC_REPRESENTATION_CONTEXT() REPRESENTATION_CONTEXT('2D SPACE',''
  ) );
#1118 = PCURVE('',#1119,#1124);
#1119 = CYLINDRICAL_SURFACE('',#1120,2.);
#1120 = AXIS2_PLACEMENT_3D('',#1121,#1122,#1123);
#1121 = CARTESIAN_POINT('',(36.5,-12.5,10.));
#1122 = DIRECTION('',(-0.,-1.,0.));
#1123 = DIRECTION('',(-1.,0.,-1.110223024625E-16));
#1124 = DEFINITIONAL_REPRESENTATION('',(#1125),#1129);
#1125 = LINE('',#1126,#1127);
#1126 = CARTESIAN_POINT('',(0.,0.));
#1127 = VECTOR('',#1128,1.);
#1128 = DIRECTION('',(0.,1.));
#1129 = ( GEOMETRIC_REPRESENTATION_CONTEXT(2) 
PARAMETRIC_REPRESENTATION_CONTEXT() REPRESENTATION_CONTEXT('2D SPACE',''
  ) );
#1130 = ORIENTED_EDGE('',*,*,#1131,.F.);
#1131 = EDGE_CURVE('',#1132,#1099,#1134,.T.);
#1132 = VERTEX_POINT('',#1133);
#1133 = CARTESIAN_POINT('',(38.5,-12.5,10.));
#1134 = SURFACE_CURVE('',#1135,(#1140,#1147),.PCURVE_S1.);
#1135 = CIRCLE('',#1136,2.);
#1136 = AXIS2_PLACEMENT_3D('',#1137,#1138,#1139);
#1137 = CARTESIAN_POINT('',(36.5,-12.5,10.));
#1138 = DIRECTION('',(0.,-1.,-0.));
#1139 = DIRECTION('',(-1.,0.,-1.110223024625E-16));
#1140 = PCURVE('',#1107,#1141);
#1141 = DEFINITIONAL_REPRESENTATION('',(#1142),#1146);
#1142 = LINE('',#1143,#1144);
#1143 = CARTESIAN_POINT('',(0.,1.7763568394E-15));
#1144 = VECTOR('',#1145,1.);
#1145 = DIRECTION('',(1.,0.));
#1146 = ( GEOMETRIC_REPRESENTATION_CONTEXT(2) 
PARAMETRIC_REPRESENTATION_CONTEXT() REPRESENTATION_CONTEXT('2D SPACE',''
  ) );
#1147 = PCURVE('',#1148,#1153);
#1148 = PLANE('',#1149);
#1149 = AXIS2_PLACEMENT_3D('',#1150,#1151,#1152);
#1150 = CARTESIAN_POINT('',(30.5,-12.5,30.));
#1151 = DIRECTION('',(0.,-1.,0.));
#1152 = DIRECTION('',(-1.,0.,-1.110223024625E-16));
#1153 = DEFINITIONAL_REPRESENTATION('',(#1154),#1158);
#1154 = CIRCLE('',#1155,2.);
#1155 = AXIS2_PLACEMENT_2D('',#1156,#1157);
#1156 = CARTESIAN_POINT('',(-6.,20.));
#1157 = DIRECTION('',(1.,0.));
#1158 = ( GEOMETRIC_REPRESENTATION_CONTEXT(2) 
PARAMETRIC_REPRESENTATION_CONTEXT() REPRESENTATION_CONTEXT('2D SPACE',''
  ) );
#1159 = ORIENTED_EDGE('',*,*,#1160,.F.);
#1160 = EDGE_CURVE('',#1161,#1132,#1163,.T.);
#1161 = VERTEX_POINT('',#1162);
#1162 = CARTESIAN_POINT('',(38.5,-2.5,10.));
#1163 = SURFACE_CURVE('',#1164,(#1168,#1175),.PCURVE_S1.);
#1164 = LINE('',#1165,#1166);
#1165 = CARTESIAN_POINT('',(38.5,-12.5,10.));
#1166 = VECTOR('',#1167,1.);
#1167 = DIRECTION('',(-0.,-1.,0.));
#1168 = PCURVE('',#1107,#1169);
#1169 = DEFINITIONAL_REPRESENTATION('',(#1170),#1174);
#1170 = LINE('',#1171,#1172);
#1171 = CARTESIAN_POINT('',(3.14159265359,0.));
#1172 = VECTOR('',#1173,1.);
#1173 = DIRECTION('',(0.,1.));
#1174 = ( GEOMETRIC_REPRESENTATION_CONTEXT(2) 
PARAMETRIC_REPRESENTATION_CONTEXT() REPRESENTATION_CONTEXT('2D SPACE',''
  ) );
#1175 = PCURVE('',#1119,#1176);
#1176 = DEFINITIONAL_REPRESENTATION('',(#1177),#1181);
#1177 = LINE('',#1178,#1179);
#1178 = CARTESIAN_POINT('',(3.14159265359,0.));
#1179 = VECTOR('',#1180,1.);
#1180 = DIRECTION('',(0.,1.));
#1181 = ( GEOMETRIC_REPRESENTATION_CONTEXT(2) 
PARAMETRIC_REPRESENTATION_CONTEXT() REPRESENTATION_CONTEXT('2D SPACE',''
  ) );
#1182 = ORIENTED_EDGE('',*,*,#1183,.T.);
#1183 = EDGE_CURVE('',#1161,#1097,#1184,.T.);
#1184 = SURFACE_CURVE('',#1185,(#1190,#1197),.PCURVE_S1.);
#1185 = CIRCLE('',#1186,2.);
#1186 = AXIS2_PLACEMENT_3D('',#1187,#1188,#1189);
#1187 = CARTESIAN_POINT('',(36.5,-2.5,10.));
#1188 = DIRECTION('',(0.,-1.,-0.));
#1189 = DIRECTION('',(-1.,0.,-1.110223024625E-16));
#1190 = PCURVE('',#1107,#1191);
#1191 = DEFINITIONAL_REPRESENTATION('',(#1192),#1196);
#1192 = LINE('',#1193,#1194);
#1193 = CARTESIAN_POINT('',(0.,-10.));
#1194 = VECTOR('',#1195,1.);
#1195 = DIRECTION('',(1.,0.));
#1196 = ( GEOMETRIC_REPRESENTATION_CONTEXT(2) 
PARAMETRIC_REPRESENTATION_CONTEXT() REPRESENTATION_CONTEXT('2D SPACE',''
  ) );
#1197 = PCURVE('',#1198,#1203);
#1198 = CONICAL_SURFACE('',#1199,2.,1.029744258677);
#1199 = AXIS2_PLACEMENT_3D('',#1200,#1201,#1202);
#1200 = CARTESIAN_POINT('',(36.5,-2.5,10.));
#1201 = DIRECTION('',(-0.,-1.,0.));
#1202 = DIRECTION('',(-1.,0.,-1.110223024625E-16));
#1203 = DEFINITIONAL_REPRESENTATION('',(#1204),#1208);
#1204 = LINE('',#1205,#1206);
#1205 = CARTESIAN_POINT('',(0.,-9.802687471293E-16));
#1206 = VECTOR('',#1207,1.);
#1207 = DIRECTION('',(1.,0.));
#1208 = ( GEOMETRIC_REPRESENTATION_CONTEXT(2) 
PARAMETRIC_REPRESENTATION_CONTEXT() REPRESENTATION_CONTEXT('2D SPACE',''
  ) );
#1209 = ADVANCED_FACE('',(#1210),#1198,.F.);
#1210 = FACE_BOUND('',#1211,.F.);
#1211 = EDGE_LOOP('',(#1212,#1213,#1285));
#1212 = ORIENTED_EDGE('',*,*,#1183,.F.);
#1213 = ORIENTED_EDGE('',*,*,#1214,.F.);
#1214 = EDGE_CURVE('',#1215,#1161,#1217,.T.);
#1215 = VERTEX_POINT('',#1216);
#1216 = CARTESIAN_POINT('',(36.5,-1.298278761945,10.));
#1217 = SURFACE_CURVE('',#1218,(#1222,#1251),.PCURVE_S1.);
#1218 = LINE('',#1219,#1220);
#1219 = CARTESIAN_POINT('',(38.5,-2.5,10.));
#1220 = VECTOR('',#1221,1.);
#1221 = DIRECTION('',(0.857167300702,-0.51503807491,-9.808031794386E-18)
  );
#1222 = PCURVE('',#1198,#1223);
#1223 = DEFINITIONAL_REPRESENTATION('',(#1224),#1250);
#1224 = B_SPLINE_CURVE_WITH_KNOTS('',3,(#1225,#1226,#1227,#1228,#1229,
    #1230,#1231,#1232,#1233,#1234,#1235,#1236,#1237,#1238,#1239,#1240,
    #1241,#1242,#1243,#1244,#1245,#1246,#1247,#1248,#1249),
  .UNSPECIFIED.,.F.,.F.,(4,1,1,1,1,1,1,1,1,1,1,1,1,1,1,1,1,1,1,1,1,1,4),
  (-2.333266794431,-2.227209212866,-2.121151631301,-2.015094049736,
    -1.909036468171,-1.802978886606,-1.69692130504,-1.590863723475,
    -1.48480614191,-1.378748560345,-1.27269097878,-1.166633397215,
    -1.06057581565,-0.954518234085,-0.84846065252,-0.742403070955,
    -0.63634548939,-0.530287907825,-0.42423032626,-0.318172744695,
    -0.21211516313,-0.106057581565,0.),.UNSPECIFIED.);
#1225 = CARTESIAN_POINT('',(3.14159265359,-1.201721238055));
#1226 = CARTESIAN_POINT('',(3.14159265359,-1.183513340509));
#1227 = CARTESIAN_POINT('',(3.14159265359,-1.147097545416));
#1228 = CARTESIAN_POINT('',(3.14159265359,-1.092473852777));
#1229 = CARTESIAN_POINT('',(3.14159265359,-1.037850160139));
#1230 = CARTESIAN_POINT('',(3.14159265359,-0.9832264675));
#1231 = CARTESIAN_POINT('',(3.14159265359,-0.928602774861));
#1232 = CARTESIAN_POINT('',(3.14159265359,-0.873979082222));
#1233 = CARTESIAN_POINT('',(3.14159265359,-0.819355389583));
#1234 = CARTESIAN_POINT('',(3.14159265359,-0.764731696944));
#1235 = CARTESIAN_POINT('',(3.14159265359,-0.710108004305));
#1236 = CARTESIAN_POINT('',(3.14159265359,-0.655484311666));
#1237 = CARTESIAN_POINT('',(3.14159265359,-0.600860619028));
#1238 = CARTESIAN_POINT('',(3.14159265359,-0.546236926389));
#1239 = CARTESIAN_POINT('',(3.14159265359,-0.49161323375));
#1240 = CARTESIAN_POINT('',(3.14159265359,-0.436989541111));
#1241 = CARTESIAN_POINT('',(3.14159265359,-0.382365848472));
#1242 = CARTESIAN_POINT('',(3.14159265359,-0.327742155833));
#1243 = CARTESIAN_POINT('',(3.14159265359,-0.273118463194));
#1244 = CARTESIAN_POINT('',(3.14159265359,-0.218494770555));
#1245 = CARTESIAN_POINT('',(3.14159265359,-0.163871077917));
#1246 = CARTESIAN_POINT('',(3.14159265359,-0.109247385278));
#1247 = CARTESIAN_POINT('',(3.14159265359,-5.462369263887E-02));
#1248 = CARTESIAN_POINT('',(3.14159265359,-1.820789754629E-02));
#1249 = CARTESIAN_POINT('',(3.14159265359,-9.802687471293E-16));
#1250 = ( GEOMETRIC_REPRESENTATION_CONTEXT(2) 
PARAMETRIC_REPRESENTATION_CONTEXT() REPRESENTATION_CONTEXT('2D SPACE',''
  ) );
#1251 = PCURVE('',#1252,#1257);
#1252 = CONICAL_SURFACE('',#1253,2.,1.029744258677);
#1253 = AXIS2_PLACEMENT_3D('',#1254,#1255,#1256);
#1254 = CARTESIAN_POINT('',(36.5,-2.5,10.));
#1255 = DIRECTION('',(-0.,-1.,0.));
#1256 = DIRECTION('',(-1.,0.,-1.110223024625E-16));
#1257 = DEFINITIONAL_REPRESENTATION('',(#1258),#1284);
#1258 = B_SPLINE_CURVE_WITH_KNOTS('',3,(#1259,#1260,#1261,#1262,#1263,
    #1264,#1265,#1266,#1267,#1268,#1269,#1270,#1271,#1272,#1273,#1274,
    #1275,#1276,#1277,#1278,#1279,#1280,#1281,#1282,#1283),
  .UNSPECIFIED.,.F.,.F.,(4,1,1,1,1,1,1,1,1,1,1,1,1,1,1,1,1,1,1,1,1,1,4),
  (-2.333266794431,-2.227209212866,-2.121151631301,-2.015094049736,
    -1.909036468171,-1.802978886606,-1.69692130504,-1.590863723475,
    -1.48480614191,-1.378748560345,-1.27269097878,-1.166633397215,
    -1.06057581565,-0.954518234085,-0.84846065252,-0.742403070955,
    -0.63634548939,-0.530287907825,-0.42423032626,-0.318172744695,
    -0.21211516313,-0.106057581565,0.),.UNSPECIFIED.);
#1259 = CARTESIAN_POINT('',(3.14159265359,-1.201721238055));
#1260 = CARTESIAN_POINT('',(3.14159265359,-1.183513340509));
#1261 = CARTESIAN_POINT('',(3.14159265359,-1.147097545416));
#1262 = CARTESIAN_POINT('',(3.14159265359,-1.092473852777));
#1263 = CARTESIAN_POINT('',(3.14159265359,-1.037850160139));
#1264 = CARTESIAN_POINT('',(3.14159265359,-0.9832264675));
#1265 = CARTESIAN_POINT('',(3.14159265359,-0.928602774861));
#1266 = CARTESIAN_POINT('',(3.14159265359,-0.873979082222));
#1267 = CARTESIAN_POINT('',(3.14159265359,-0.819355389583));
#1268 = CARTESIAN_POINT('',(3.14159265359,-0.764731696944));
#1269 = CARTESIAN_POINT('',(3.14159265359,-0.710108004305));
#1270 = CARTESIAN_POINT('',(3.14159265359,-0.655484311666));
#1271 = CARTESIAN_POINT('',(3.14159265359,-0.600860619028));
#1272 = CARTESIAN_POINT('',(3.14159265359,-0.546236926389));
#1273 = CARTESIAN_POINT('',(3.14159265359,-0.49161323375));
#1274 = CARTESIAN_POINT('',(3.14159265359,-0.436989541111));
#1275 = CARTESIAN_POINT('',(3.14159265359,-0.382365848472));
#1276 = CARTESIAN_POINT('',(3.14159265359,-0.327742155833));
#1277 = CARTESIAN_POINT('',(3.14159265359,-0.273118463194));
#1278 = CARTESIAN_POINT('',(3.14159265359,-0.218494770555));
#1279 = CARTESIAN_POINT('',(3.14159265359,-0.163871077917));
#1280 = CARTESIAN_POINT('',(3.14159265359,-0.109247385278));
#1281 = CARTESIAN_POINT('',(3.14159265359,-5.462369263887E-02));
#1282 = CARTESIAN_POINT('',(3.14159265359,-1.820789754629E-02));
#1283 = CARTESIAN_POINT('',(3.14159265359,-9.802687471293E-16));
#1284 = ( GEOMETRIC_REPRESENTATION_CONTEXT(2) 
PARAMETRIC_REPRESENTATION_CONTEXT() REPRESENTATION_CONTEXT('2D SPACE',''
  ) );
#1285 = ORIENTED_EDGE('',*,*,#1286,.T.);
#1286 = EDGE_CURVE('',#1215,#1097,#1287,.T.);
#1287 = SURFACE_CURVE('',#1288,(#1292,#1299),.PCURVE_S1.);
#1288 = LINE('',#1289,#1290);
#1289 = CARTESIAN_POINT('',(34.5,-2.5,10.));
#1290 = VECTOR('',#1291,1.);
#1291 = DIRECTION('',(-0.857167300702,-0.51503807491,-9.516468731953E-17
    ));
#1292 = PCURVE('',#1198,#1293);
#1293 = DEFINITIONAL_REPRESENTATION('',(#1294),#1298);
#1294 = LINE('',#1295,#1296);
#1295 = CARTESIAN_POINT('',(6.28318530718,1.372337110377E-15));
#1296 = VECTOR('',#1297,1.);
#1297 = DIRECTION('',(0.,1.));
#1298 = ( GEOMETRIC_REPRESENTATION_CONTEXT(2) 
PARAMETRIC_REPRESENTATION_CONTEXT() REPRESENTATION_CONTEXT('2D SPACE',''
  ) );
#1299 = PCURVE('',#1252,#1300);
#1300 = DEFINITIONAL_REPRESENTATION('',(#1301),#1305);
#1301 = LINE('',#1302,#1303);
#1302 = CARTESIAN_POINT('',(0.,1.372337110377E-15));
#1303 = VECTOR('',#1304,1.);
#1304 = DIRECTION('',(0.,1.));
#1305 = ( GEOMETRIC_REPRESENTATION_CONTEXT(2) 
PARAMETRIC_REPRESENTATION_CONTEXT() REPRESENTATION_CONTEXT('2D SPACE',''
  ) );
#1306 = ADVANCED_FACE('',(#1307),#1321,.F.);
#1307 = FACE_BOUND('',#1308,.F.);
#1308 = EDGE_LOOP('',(#1309,#1344,#1368,#1391));
#1309 = ORIENTED_EDGE('',*,*,#1310,.T.);
#1310 = EDGE_CURVE('',#1311,#1313,#1315,.T.);
#1311 = VERTEX_POINT('',#1312);
#1312 = CARTESIAN_POINT('',(34.5,-2.5,-10.));
#1313 = VERTEX_POINT('',#1314);
#1314 = CARTESIAN_POINT('',(34.5,-12.5,-10.));
#1315 = SURFACE_CURVE('',#1316,(#1320,#1332),.PCURVE_S1.);
#1316 = LINE('',#1317,#1318);
#1317 = CARTESIAN_POINT('',(34.5,-12.5,-10.));
#1318 = VECTOR('',#1319,1.);
#1319 = DIRECTION('',(-0.,-1.,0.));
#1320 = PCURVE('',#1321,#1326);
#1321 = CYLINDRICAL_SURFACE('',#1322,2.);
#1322 = AXIS2_PLACEMENT_3D('',#1323,#1324,#1325);
#1323 = CARTESIAN_POINT('',(36.5,-12.5,-10.));
#1324 = DIRECTION('',(-0.,-1.,0.));
#1325 = DIRECTION('',(-1.,0.,-1.110223024625E-16));
#1326 = DEFINITIONAL_REPRESENTATION('',(#1327),#1331);
#1327 = LINE('',#1328,#1329);
#1328 = CARTESIAN_POINT('',(6.28318530718,0.));
#1329 = VECTOR('',#1330,1.);
#1330 = DIRECTION('',(0.,1.));
#1331 = ( GEOMETRIC_REPRESENTATION_CONTEXT(2) 
PARAMETRIC_REPRESENTATION_CONTEXT() REPRESENTATION_CONTEXT('2D SPACE',''
  ) );
#1332 = PCURVE('',#1333,#1338);
#1333 = CYLINDRICAL_SURFACE('',#1334,2.);
#1334 = AXIS2_PLACEMENT_3D('',#1335,#1336,#1337);
#1335 = CARTESIAN_POINT('',(36.5,-12.5,-10.));
#1336 = DIRECTION('',(-0.,-1.,0.));
#1337 = DIRECTION('',(-1.,0.,-1.110223024625E-16));
#1338 = DEFINITIONAL_REPRESENTATION('',(#1339),#1343);
#1339 = LINE('',#1340,#1341);
#1340 = CARTESIAN_POINT('',(0.,0.));
#1341 = VECTOR('',#1342,1.);
#1342 = DIRECTION('',(0.,1.));
#1343 = ( GEOMETRIC_REPRESENTATION_CONTEXT(2) 
PARAMETRIC_REPRESENTATION_CONTEXT() REPRESENTATION_CONTEXT('2D SPACE',''
  ) );
#1344 = ORIENTED_EDGE('',*,*,#1345,.F.);
#1345 = EDGE_CURVE('',#1346,#1313,#1348,.T.);
#1346 = VERTEX_POINT('',#1347);
#1347 = CARTESIAN_POINT('',(38.5,-12.5,-10.));
#1348 = SURFACE_CURVE('',#1349,(#1354,#1361),.PCURVE_S1.);
#1349 = CIRCLE('',#1350,2.);
#1350 = AXIS2_PLACEMENT_3D('',#1351,#1352,#1353);
#1351 = CARTESIAN_POINT('',(36.5,-12.5,-10.));
#1352 = DIRECTION('',(0.,-1.,-0.));
#1353 = DIRECTION('',(-1.,0.,-1.110223024625E-16));
#1354 = PCURVE('',#1321,#1355);
#1355 = DEFINITIONAL_REPRESENTATION('',(#1356),#1360);
#1356 = LINE('',#1357,#1358);
#1357 = CARTESIAN_POINT('',(0.,1.7763568394E-15));
#1358 = VECTOR('',#1359,1.);
#1359 = DIRECTION('',(1.,0.));
#1360 = ( GEOMETRIC_REPRESENTATION_CONTEXT(2) 
PARAMETRIC_REPRESENTATION_CONTEXT() REPRESENTATION_CONTEXT('2D SPACE',''
  ) );
#1361 = PCURVE('',#1148,#1362);
#1362 = DEFINITIONAL_REPRESENTATION('',(#1363),#1367);
#1363 = CIRCLE('',#1364,2.);
#1364 = AXIS2_PLACEMENT_2D('',#1365,#1366);
#1365 = CARTESIAN_POINT('',(-6.,40.));
#1366 = DIRECTION('',(1.,0.));
#1367 = ( GEOMETRIC_REPRESENTATION_CONTEXT(2) 
PARAMETRIC_REPRESENTATION_CONTEXT() REPRESENTATION_CONTEXT('2D SPACE',''
  ) );
#1368 = ORIENTED_EDGE('',*,*,#1369,.F.);
#1369 = EDGE_CURVE('',#1370,#1346,#1372,.T.);
#1370 = VERTEX_POINT('',#1371);
#1371 = CARTESIAN_POINT('',(38.5,-2.5,-10.));
#1372 = SURFACE_CURVE('',#1373,(#1377,#1384),.PCURVE_S1.);
#1373 = LINE('',#1374,#1375);
#1374 = CARTESIAN_POINT('',(38.5,-12.5,-10.));
#1375 = VECTOR('',#1376,1.);
#1376 = DIRECTION('',(-0.,-1.,0.));
#1377 = PCURVE('',#1321,#1378);
#1378 = DEFINITIONAL_REPRESENTATION('',(#1379),#1383);
#1379 = LINE('',#1380,#1381);
#1380 = CARTESIAN_POINT('',(3.14159265359,0.));
#1381 = VECTOR('',#1382,1.);
#1382 = DIRECTION('',(0.,1.));
#1383 = ( GEOMETRIC_REPRESENTATION_CONTEXT(2) 
PARAMETRIC_REPRESENTATION_CONTEXT() REPRESENTATION_CONTEXT('2D SPACE',''
  ) );
#1384 = PCURVE('',#1333,#1385);
#1385 = DEFINITIONAL_REPRESENTATION('',(#1386),#1390);
#1386 = LINE('',#1387,#1388);
#1387 = CARTESIAN_POINT('',(3.14159265359,0.));
#1388 = VECTOR('',#1389,1.);
#1389 = DIRECTION('',(0.,1.));
#1390 = ( GEOMETRIC_REPRESENTATION_CONTEXT(2) 
PARAMETRIC_REPRESENTATION_CONTEXT() REPRESENTATION_CONTEXT('2D SPACE',''
  ) );
#1391 = ORIENTED_EDGE('',*,*,#1392,.T.);
#1392 = EDGE_CURVE('',#1370,#1311,#1393,.T.);
#1393 = SURFACE_CURVE('',#1394,(#1399,#1406),.PCURVE_S1.);
#1394 = CIRCLE('',#1395,2.);
#1395 = AXIS2_PLACEMENT_3D('',#1396,#1397,#1398);
#1396 = CARTESIAN_POINT('',(36.5,-2.5,-10.));
#1397 = DIRECTION('',(0.,-1.,-0.));
#1398 = DIRECTION('',(-1.,0.,-1.110223024625E-16));
#1399 = PCURVE('',#1321,#1400);
#1400 = DEFINITIONAL_REPRESENTATION('',(#1401),#1405);
#1401 = LINE('',#1402,#1403);
#1402 = CARTESIAN_POINT('',(0.,-10.));
#1403 = VECTOR('',#1404,1.);
#1404 = DIRECTION('',(1.,0.));
#1405 = ( GEOMETRIC_REPRESENTATION_CONTEXT(2) 
PARAMETRIC_REPRESENTATION_CONTEXT() REPRESENTATION_CONTEXT('2D SPACE',''
  ) );
#1406 = PCURVE('',#1407,#1412);
#1407 = CONICAL_SURFACE('',#1408,2.,1.029744258677);
#1408 = AXIS2_PLACEMENT_3D('',#1409,#1410,#1411);
#1409 = CARTESIAN_POINT('',(36.5,-2.5,-10.));
#1410 = DIRECTION('',(-0.,-1.,0.));
#1411 = DIRECTION('',(-1.,0.,-1.110223024625E-16));
#1412 = DEFINITIONAL_REPRESENTATION('',(#1413),#1417);
#1413 = LINE('',#1414,#1415);
#1414 = CARTESIAN_POINT('',(0.,-9.802687471293E-16));
#1415 = VECTOR('',#1416,1.);
#1416 = DIRECTION('',(1.,0.));
#1417 = ( GEOMETRIC_REPRESENTATION_CONTEXT(2) 
PARAMETRIC_REPRESENTATION_CONTEXT() REPRESENTATION_CONTEXT('2D SPACE',''
  ) );
#1418 = ADVANCED_FACE('',(#1419),#1407,.F.);
#1419 = FACE_BOUND('',#1420,.F.);
#1420 = EDGE_LOOP('',(#1421,#1422,#1494));
#1421 = ORIENTED_EDGE('',*,*,#1392,.F.);
#1422 = ORIENTED_EDGE('',*,*,#1423,.F.);
#1423 = EDGE_CURVE('',#1424,#1370,#1426,.T.);
#1424 = VERTEX_POINT('',#1425);
#1425 = CARTESIAN_POINT('',(36.5,-1.298278761945,-10.));
#1426 = SURFACE_CURVE('',#1427,(#1431,#1460),.PCURVE_S1.);
#1427 = LINE('',#1428,#1429);
#1428 = CARTESIAN_POINT('',(38.5,-2.5,-10.));
#1429 = VECTOR('',#1430,1.);
#1430 = DIRECTION('',(0.857167300702,-0.51503807491,-9.808031794386E-18)
  );
#1431 = PCURVE('',#1407,#1432);
#1432 = DEFINITIONAL_REPRESENTATION('',(#1433),#1459);
#1433 = B_SPLINE_CURVE_WITH_KNOTS('',3,(#1434,#1435,#1436,#1437,#1438,
    #1439,#1440,#1441,#1442,#1443,#1444,#1445,#1446,#1447,#1448,#1449,
    #1450,#1451,#1452,#1453,#1454,#1455,#1456,#1457,#1458),
  .UNSPECIFIED.,.F.,.F.,(4,1,1,1,1,1,1,1,1,1,1,1,1,1,1,1,1,1,1,1,1,1,4),
  (-2.333266794431,-2.227209212866,-2.121151631301,-2.015094049736,
    -1.909036468171,-1.802978886606,-1.69692130504,-1.590863723475,
    -1.48480614191,-1.378748560345,-1.27269097878,-1.166633397215,
    -1.06057581565,-0.954518234085,-0.84846065252,-0.742403070955,
    -0.63634548939,-0.530287907825,-0.42423032626,-0.318172744695,
    -0.21211516313,-0.106057581565,0.),.UNSPECIFIED.);
#1434 = CARTESIAN_POINT('',(3.14159265359,-1.201721238055));
#1435 = CARTESIAN_POINT('',(3.14159265359,-1.183513340509));
#1436 = CARTESIAN_POINT('',(3.14159265359,-1.147097545416));
#1437 = CARTESIAN_POINT('',(3.14159265359,-1.092473852777));
#1438 = CARTESIAN_POINT('',(3.14159265359,-1.037850160139));
#1439 = CARTESIAN_POINT('',(3.14159265359,-0.9832264675));
#1440 = CARTESIAN_POINT('',(3.14159265359,-0.928602774861));
#1441 = CARTESIAN_POINT('',(3.14159265359,-0.873979082222));
#1442 = CARTESIAN_POINT('',(3.14159265359,-0.819355389583));
#1443 = CARTESIAN_POINT('',(3.14159265359,-0.764731696944));
#1444 = CARTESIAN_POINT('',(3.14159265359,-0.710108004305));
#1445 = CARTESIAN_POINT('',(3.14159265359,-0.655484311666));
#1446 = CARTESIAN_POINT('',(3.14159265359,-0.600860619028));
#1447 = CARTESIAN_POINT('',(3.14159265359,-0.546236926389));
#1448 = CARTESIAN_POINT('',(3.14159265359,-0.49161323375));
#1449 = CARTESIAN_POINT('',(3.14159265359,-0.436989541111));
#1450 = CARTESIAN_POINT('',(3.14159265359,-0.382365848472));
#1451 = CARTESIAN_POINT('',(3.14159265359,-0.327742155833));
#1452 = CARTESIAN_POINT('',(3.14159265359,-0.273118463194));
#1453 = CARTESIAN_POINT('',(3.14159265359,-0.218494770555));
#1454 = CARTESIAN_POINT('',(3.14159265359,-0.163871077917));
#1455 = CARTESIAN_POINT('',(3.14159265359,-0.109247385278));
#1456 = CARTESIAN_POINT('',(3.14159265359,-5.462369263887E-02));
#1457 = CARTESIAN_POINT('',(3.14159265359,-1.820789754629E-02));
#1458 = CARTESIAN_POINT('',(3.14159265359,-9.802687471293E-16));
#1459 = ( GEOMETRIC_REPRESENTATION_CONTEXT(2) 
PARAMETRIC_REPRESENTATION_CONTEXT() REPRESENTATION_CONTEXT('2D SPACE',''
  ) );
#1460 = PCURVE('',#1461,#1466);
#1461 = CONICAL_SURFACE('',#1462,2.,1.029744258677);
#1462 = AXIS2_PLACEMENT_3D('',#1463,#1464,#1465);
#1463 = CARTESIAN_POINT('',(36.5,-2.5,-10.));
#1464 = DIRECTION('',(-0.,-1.,0.));
#1465 = DIRECTION('',(-1.,0.,-1.110223024625E-16));
#1466 = DEFINITIONAL_REPRESENTATION('',(#1467),#1493);
#1467 = B_SPLINE_CURVE_WITH_KNOTS('',3,(#1468,#1469,#1470,#1471,#1472,
    #1473,#1474,#1475,#1476,#1477,#1478,#1479,#1480,#1481,#1482,#1483,
    #1484,#1485,#1486,#1487,#1488,#1489,#1490,#1491,#1492),
  .UNSPECIFIED.,.F.,.F.,(4,1,1,1,1,1,1,1,1,1,1,1,1,1,1,1,1,1,1,1,1,1,4),
  (-2.333266794431,-2.227209212866,-2.121151631301,-2.015094049736,
    -1.909036468171,-1.802978886606,-1.69692130504,-1.590863723475,
    -1.48480614191,-1.378748560345,-1.27269097878,-1.166633397215,
    -1.06057581565,-0.954518234085,-0.84846065252,-0.742403070955,
    -0.63634548939,-0.530287907825,-0.42423032626,-0.318172744695,
    -0.21211516313,-0.106057581565,0.),.UNSPECIFIED.);
#1468 = CARTESIAN_POINT('',(3.14159265359,-1.201721238055));
#1469 = CARTESIAN_POINT('',(3.14159265359,-1.183513340509));
#1470 = CARTESIAN_POINT('',(3.14159265359,-1.147097545416));
#1471 = CARTESIAN_POINT('',(3.14159265359,-1.092473852777));
#1472 = CARTESIAN_POINT('',(3.14159265359,-1.037850160139));
#1473 = CARTESIAN_POINT('',(3.14159265359,-0.9832264675));
#1474 = CARTESIAN_POINT('',(3.14159265359,-0.928602774861));
#1475 = CARTESIAN_POINT('',(3.14159265359,-0.873979082222));
#1476 = CARTESIAN_POINT('',(3.14159265359,-0.819355389583));
#1477 = CARTESIAN_POINT('',(3.14159265359,-0.764731696944));
#1478 = CARTESIAN_POINT('',(3.14159265359,-0.710108004305));
#1479 = CARTESIAN_POINT('',(3.14159265359,-0.655484311666));
#1480 = CARTESIAN_POINT('',(3.14159265359,-0.600860619028));
#1481 = CARTESIAN_POINT('',(3.14159265359,-0.546236926389));
#1482 = CARTESIAN_POINT('',(3.14159265359,-0.49161323375));
#1483 = CARTESIAN_POINT('',(3.14159265359,-0.436989541111));
#1484 = CARTESIAN_POINT('',(3.14159265359,-0.382365848472));
#1485 = CARTESIAN_POINT('',(3.14159265359,-0.327742155833));
#1486 = CARTESIAN_POINT('',(3.14159265359,-0.273118463194));
#1487 = CARTESIAN_POINT('',(3.14159265359,-0.218494770555));
#1488 = CARTESIAN_POINT('',(3.14159265359,-0.163871077917));
#1489 = CARTESIAN_POINT('',(3.14159265359,-0.109247385278));
#1490 = CARTESIAN_POINT('',(3.14159265359,-5.462369263887E-02));
#1491 = CARTESIAN_POINT('',(3.14159265359,-1.820789754629E-02));
#1492 = CARTESIAN_POINT('',(3.14159265359,-9.802687471293E-16));
#1493 = ( GEOMETRIC_REPRESENTATION_CONTEXT(2) 
PARAMETRIC_REPRESENTATION_CONTEXT() REPRESENTATION_CONTEXT('2D SPACE',''
  ) );
#1494 = ORIENTED_EDGE('',*,*,#1495,.T.);
#1495 = EDGE_CURVE('',#1424,#1311,#1496,.T.);
#1496 = SURFACE_CURVE('',#1497,(#1501,#1508),.PCURVE_S1.);
#1497 = LINE('',#1498,#1499);
#1498 = CARTESIAN_POINT('',(34.5,-2.5,-10.));
#1499 = VECTOR('',#1500,1.);
#1500 = DIRECTION('',(-0.857167300702,-0.51503807491,-9.516468731953E-17
    ));
#1501 = PCURVE('',#1407,#1502);
#1502 = DEFINITIONAL_REPRESENTATION('',(#1503),#1507);
#1503 = LINE('',#1504,#1505);
#1504 = CARTESIAN_POINT('',(6.28318530718,1.372337110377E-15));
#1505 = VECTOR('',#1506,1.);
#1506 = DIRECTION('',(0.,1.));
#1507 = ( GEOMETRIC_REPRESENTATION_CONTEXT(2) 
PARAMETRIC_REPRESENTATION_CONTEXT() REPRESENTATION_CONTEXT('2D SPACE',''
  ) );
#1508 = PCURVE('',#1461,#1509);
#1509 = DEFINITIONAL_REPRESENTATION('',(#1510),#1514);
#1510 = LINE('',#1511,#1512);
#1511 = CARTESIAN_POINT('',(0.,1.372337110377E-15));
#1512 = VECTOR('',#1513,1.);
#1513 = DIRECTION('',(0.,1.));
#1514 = ( GEOMETRIC_REPRESENTATION_CONTEXT(2) 
PARAMETRIC_REPRESENTATION_CONTEXT() REPRESENTATION_CONTEXT('2D SPACE',''
  ) );
#1515 = ADVANCED_FACE('',(#1516),#1530,.F.);
#1516 = FACE_BOUND('',#1517,.F.);
#1517 = EDGE_LOOP('',(#1518,#1553,#1586,#1609));
#1518 = ORIENTED_EDGE('',*,*,#1519,.T.);
#1519 = EDGE_CURVE('',#1520,#1522,#1524,.T.);
#1520 = VERTEX_POINT('',#1521);
#1521 = CARTESIAN_POINT('',(-38.5,-2.5,10.));
#1522 = VERTEX_POINT('',#1523);
#1523 = CARTESIAN_POINT('',(-38.5,-12.5,10.));
#1524 = SURFACE_CURVE('',#1525,(#1529,#1541),.PCURVE_S1.);
#1525 = LINE('',#1526,#1527);
#1526 = CARTESIAN_POINT('',(-38.5,-12.5,10.));
#1527 = VECTOR('',#1528,1.);
#1528 = DIRECTION('',(-0.,-1.,0.));
#1529 = PCURVE('',#1530,#1535);
#1530 = CYLINDRICAL_SURFACE('',#1531,2.);
#1531 = AXIS2_PLACEMENT_3D('',#1532,#1533,#1534);
#1532 = CARTESIAN_POINT('',(-36.5,-12.5,10.));
#1533 = DIRECTION('',(-0.,-1.,0.));
#1534 = DIRECTION('',(-1.,0.,-1.110223024625E-16));
#1535 = DEFINITIONAL_REPRESENTATION('',(#1536),#1540);
#1536 = LINE('',#1537,#1538);
#1537 = CARTESIAN_POINT('',(6.28318530718,0.));
#1538 = VECTOR('',#1539,1.);
#1539 = DIRECTION('',(0.,1.));
#1540 = ( GEOMETRIC_REPRESENTATION_CONTEXT(2) 
PARAMETRIC_REPRESENTATION_CONTEXT() REPRESENTATION_CONTEXT('2D SPACE',''
  ) );
#1541 = PCURVE('',#1542,#1547);
#1542 = CYLINDRICAL_SURFACE('',#1543,2.);
#1543 = AXIS2_PLACEMENT_3D('',#1544,#1545,#1546);
#1544 = CARTESIAN_POINT('',(-36.5,-12.5,10.));
#1545 = DIRECTION('',(-0.,-1.,0.));
#1546 = DIRECTION('',(-1.,0.,-1.110223024625E-16));
#1547 = DEFINITIONAL_REPRESENTATION('',(#1548),#1552);
#1548 = LINE('',#1549,#1550);
#1549 = CARTESIAN_POINT('',(0.,0.));
#1550 = VECTOR('',#1551,1.);
#1551 = DIRECTION('',(0.,1.));
#1552 = ( GEOMETRIC_REPRESENTATION_CONTEXT(2) 
PARAMETRIC_REPRESENTATION_CONTEXT() REPRESENTATION_CONTEXT('2D SPACE',''
  ) );
#1553 = ORIENTED_EDGE('',*,*,#1554,.F.);
#1554 = EDGE_CURVE('',#1555,#1522,#1557,.T.);
#1555 = VERTEX_POINT('',#1556);
#1556 = CARTESIAN_POINT('',(-34.5,-12.5,10.));
#1557 = SURFACE_CURVE('',#1558,(#1563,#1570),.PCURVE_S1.);
#1558 = CIRCLE('',#1559,2.);
#1559 = AXIS2_PLACEMENT_3D('',#1560,#1561,#1562);
#1560 = CARTESIAN_POINT('',(-36.5,-12.5,10.));
#1561 = DIRECTION('',(0.,-1.,-0.));
#1562 = DIRECTION('',(-1.,0.,-1.110223024625E-16));
#1563 = PCURVE('',#1530,#1564);
#1564 = DEFINITIONAL_REPRESENTATION('',(#1565),#1569);
#1565 = LINE('',#1566,#1567);
#1566 = CARTESIAN_POINT('',(0.,1.7763568394E-15));
#1567 = VECTOR('',#1568,1.);
#1568 = DIRECTION('',(1.,0.));
#1569 = ( GEOMETRIC_REPRESENTATION_CONTEXT(2) 
PARAMETRIC_REPRESENTATION_CONTEXT() REPRESENTATION_CONTEXT('2D SPACE',''
  ) );
#1570 = PCURVE('',#1571,#1576);
#1571 = PLANE('',#1572);
#1572 = AXIS2_PLACEMENT_3D('',#1573,#1574,#1575);
#1573 = CARTESIAN_POINT('',(-30.5,-12.5,30.));
#1574 = DIRECTION('',(0.,1.,0.));
#1575 = DIRECTION('',(1.,0.,1.110223024625E-16));
#1576 = DEFINITIONAL_REPRESENTATION('',(#1577),#1585);
#1577 = ( BOUNDED_CURVE() B_SPLINE_CURVE(2,(#1578,#1579,#1580,#1581,
#1582,#1583,#1584),.UNSPECIFIED.,.T.,.F.) B_SPLINE_CURVE_WITH_KNOTS((1,2
    ,2,2,2,1),(-2.094395102393,0.,2.094395102393,4.188790204786,
6.28318530718,8.377580409573),.UNSPECIFIED.) CURVE() 
GEOMETRIC_REPRESENTATION_ITEM() RATIONAL_B_SPLINE_CURVE((1.,0.5,1.,0.5,
1.,0.5,1.)) REPRESENTATION_ITEM('') );
#1578 = CARTESIAN_POINT('',(-8.,20.));
#1579 = CARTESIAN_POINT('',(-8.,23.464101615138));
#1580 = CARTESIAN_POINT('',(-5.,21.732050807569));
#1581 = CARTESIAN_POINT('',(-2.,20.));
#1582 = CARTESIAN_POINT('',(-5.,18.267949192431));
#1583 = CARTESIAN_POINT('',(-8.,16.535898384862));
#1584 = CARTESIAN_POINT('',(-8.,20.));
#1585 = ( GEOMETRIC_REPRESENTATION_CONTEXT(2) 
PARAMETRIC_REPRESENTATION_CONTEXT() REPRESENTATION_CONTEXT('2D SPACE',''
  ) );
#1586 = ORIENTED_EDGE('',*,*,#1587,.F.);
#1587 = EDGE_CURVE('',#1588,#1555,#1590,.T.);
#1588 = VERTEX_POINT('',#1589);
#1589 = CARTESIAN_POINT('',(-34.5,-2.5,10.));
#1590 = SURFACE_CURVE('',#1591,(#1595,#1602),.PCURVE_S1.);
#1591 = LINE('',#1592,#1593);
#1592 = CARTESIAN_POINT('',(-34.5,-12.5,10.));
#1593 = VECTOR('',#1594,1.);
#1594 = DIRECTION('',(-0.,-1.,0.));
#1595 = PCURVE('',#1530,#1596);
#1596 = DEFINITIONAL_REPRESENTATION('',(#1597),#1601);
#1597 = LINE('',#1598,#1599);
#1598 = CARTESIAN_POINT('',(3.14159265359,0.));
#1599 = VECTOR('',#1600,1.);
#1600 = DIRECTION('',(0.,1.));
#1601 = ( GEOMETRIC_REPRESENTATION_CONTEXT(2) 
PARAMETRIC_REPRESENTATION_CONTEXT() REPRESENTATION_CONTEXT('2D SPACE',''
  ) );
#1602 = PCURVE('',#1542,#1603);
#1603 = DEFINITIONAL_REPRESENTATION('',(#1604),#1608);
#1604 = LINE('',#1605,#1606);
#1605 = CARTESIAN_POINT('',(3.14159265359,0.));
#1606 = VECTOR('',#1607,1.);
#1607 = DIRECTION('',(0.,1.));
#1608 = ( GEOMETRIC_REPRESENTATION_CONTEXT(2) 
PARAMETRIC_REPRESENTATION_CONTEXT() REPRESENTATION_CONTEXT('2D SPACE',''
  ) );
#1609 = ORIENTED_EDGE('',*,*,#1610,.T.);
#1610 = EDGE_CURVE('',#1588,#1520,#1611,.T.);
#1611 = SURFACE_CURVE('',#1612,(#1617,#1624),.PCURVE_S1.);
#1612 = CIRCLE('',#1613,2.);
#1613 = AXIS2_PLACEMENT_3D('',#1614,#1615,#1616);
#1614 = CARTESIAN_POINT('',(-36.5,-2.5,10.));
#1615 = DIRECTION('',(0.,-1.,-0.));
#1616 = DIRECTION('',(-1.,0.,-1.110223024625E-16));
#1617 = PCURVE('',#1530,#1618);
#1618 = DEFINITIONAL_REPRESENTATION('',(#1619),#1623);
#1619 = LINE('',#1620,#1621);
#1620 = CARTESIAN_POINT('',(0.,-10.));
#1621 = VECTOR('',#1622,1.);
#1622 = DIRECTION('',(1.,0.));
#1623 = ( GEOMETRIC_REPRESENTATION_CONTEXT(2) 
PARAMETRIC_REPRESENTATION_CONTEXT() REPRESENTATION_CONTEXT('2D SPACE',''
  ) );
#1624 = PCURVE('',#1625,#1630);
#1625 = CONICAL_SURFACE('',#1626,2.,1.029744258677);
#1626 = AXIS2_PLACEMENT_3D('',#1627,#1628,#1629);
#1627 = CARTESIAN_POINT('',(-36.5,-2.5,10.));
#1628 = DIRECTION('',(-0.,-1.,0.));
#1629 = DIRECTION('',(-1.,0.,-1.110223024625E-16));
#1630 = DEFINITIONAL_REPRESENTATION('',(#1631),#1635);
#1631 = LINE('',#1632,#1633);
#1632 = CARTESIAN_POINT('',(0.,-9.802687471293E-16));
#1633 = VECTOR('',#1634,1.);
#1634 = DIRECTION('',(1.,0.));
#1635 = ( GEOMETRIC_REPRESENTATION_CONTEXT(2) 
PARAMETRIC_REPRESENTATION_CONTEXT() REPRESENTATION_CONTEXT('2D SPACE',''
  ) );
#1636 = ADVANCED_FACE('',(#1637),#1625,.F.);
#1637 = FACE_BOUND('',#1638,.F.);
#1638 = EDGE_LOOP('',(#1639,#1640,#1712));
#1639 = ORIENTED_EDGE('',*,*,#1610,.F.);
#1640 = ORIENTED_EDGE('',*,*,#1641,.F.);
#1641 = EDGE_CURVE('',#1642,#1588,#1644,.T.);
#1642 = VERTEX_POINT('',#1643);
#1643 = CARTESIAN_POINT('',(-36.5,-1.298278761945,10.));
#1644 = SURFACE_CURVE('',#1645,(#1649,#1678),.PCURVE_S1.);
#1645 = LINE('',#1646,#1647);
#1646 = CARTESIAN_POINT('',(-34.5,-2.5,10.));
#1647 = VECTOR('',#1648,1.);
#1648 = DIRECTION('',(0.857167300702,-0.51503807491,-9.808031794386E-18)
  );
#1649 = PCURVE('',#1625,#1650);
#1650 = DEFINITIONAL_REPRESENTATION('',(#1651),#1677);
#1651 = B_SPLINE_CURVE_WITH_KNOTS('',3,(#1652,#1653,#1654,#1655,#1656,
    #1657,#1658,#1659,#1660,#1661,#1662,#1663,#1664,#1665,#1666,#1667,
    #1668,#1669,#1670,#1671,#1672,#1673,#1674,#1675,#1676),
  .UNSPECIFIED.,.F.,.F.,(4,1,1,1,1,1,1,1,1,1,1,1,1,1,1,1,1,1,1,1,1,1,4),
  (-2.333266794431,-2.227209212866,-2.121151631301,-2.015094049736,
    -1.909036468171,-1.802978886606,-1.69692130504,-1.590863723475,
    -1.48480614191,-1.378748560345,-1.27269097878,-1.166633397215,
    -1.06057581565,-0.954518234085,-0.84846065252,-0.742403070955,
    -0.63634548939,-0.530287907825,-0.42423032626,-0.318172744695,
    -0.21211516313,-0.106057581565,0.),.UNSPECIFIED.);
#1652 = CARTESIAN_POINT('',(3.14159265359,-1.201721238055));
#1653 = CARTESIAN_POINT('',(3.14159265359,-1.183513340509));
#1654 = CARTESIAN_POINT('',(3.14159265359,-1.147097545416));
#1655 = CARTESIAN_POINT('',(3.14159265359,-1.092473852777));
#1656 = CARTESIAN_POINT('',(3.14159265359,-1.037850160139));
#1657 = CARTESIAN_POINT('',(3.14159265359,-0.9832264675));
#1658 = CARTESIAN_POINT('',(3.14159265359,-0.928602774861));
#1659 = CARTESIAN_POINT('',(3.14159265359,-0.873979082222));
#1660 = CARTESIAN_POINT('',(3.14159265359,-0.819355389583));
#1661 = CARTESIAN_POINT('',(3.14159265359,-0.764731696944));
#1662 = CARTESIAN_POINT('',(3.14159265359,-0.710108004305));
#1663 = CARTESIAN_POINT('',(3.14159265359,-0.655484311666));
#1664 = CARTESIAN_POINT('',(3.14159265359,-0.600860619028));
#1665 = CARTESIAN_POINT('',(3.14159265359,-0.546236926389));
#1666 = CARTESIAN_POINT('',(3.14159265359,-0.49161323375));
#1667 = CARTESIAN_POINT('',(3.14159265359,-0.436989541111));
#1668 = CARTESIAN_POINT('',(3.14159265359,-0.382365848472));
#1669 = CARTESIAN_POINT('',(3.14159265359,-0.327742155833));
#1670 = CARTESIAN_POINT('',(3.14159265359,-0.273118463194));
#1671 = CARTESIAN_POINT('',(3.14159265359,-0.218494770555));
#1672 = CARTESIAN_POINT('',(3.14159265359,-0.163871077917));
#1673 = CARTESIAN_POINT('',(3.14159265359,-0.109247385278));
#1674 = CARTESIAN_POINT('',(3.14159265359,-5.462369263887E-02));
#1675 = CARTESIAN_POINT('',(3.14159265359,-1.820789754629E-02));
#1676 = CARTESIAN_POINT('',(3.14159265359,2.156591243685E-15));
#1677 = ( GEOMETRIC_REPRESENTATION_CONTEXT(2) 
PARAMETRIC_REPRESENTATION_CONTEXT() REPRESENTATION_CONTEXT('2D SPACE',''
  ) );
#1678 = PCURVE('',#1679,#1684);
#1679 = CONICAL_SURFACE('',#1680,2.,1.029744258677);
#1680 = AXIS2_PLACEMENT_3D('',#1681,#1682,#1683);
#1681 = CARTESIAN_POINT('',(-36.5,-2.5,10.));
#1682 = DIRECTION('',(-0.,-1.,0.));
#1683 = DIRECTION('',(-1.,0.,-1.110223024625E-16));
#1684 = DEFINITIONAL_REPRESENTATION('',(#1685),#1711);
#1685 = B_SPLINE_CURVE_WITH_KNOTS('',3,(#1686,#1687,#1688,#1689,#1690,
    #1691,#1692,#1693,#1694,#1695,#1696,#1697,#1698,#1699,#1700,#1701,
    #1702,#1703,#1704,#1705,#1706,#1707,#1708,#1709,#1710),
  .UNSPECIFIED.,.F.,.F.,(4,1,1,1,1,1,1,1,1,1,1,1,1,1,1,1,1,1,1,1,1,1,4),
  (-2.333266794431,-2.227209212866,-2.121151631301,-2.015094049736,
    -1.909036468171,-1.802978886606,-1.69692130504,-1.590863723475,
    -1.48480614191,-1.378748560345,-1.27269097878,-1.166633397215,
    -1.06057581565,-0.954518234085,-0.84846065252,-0.742403070955,
    -0.63634548939,-0.530287907825,-0.42423032626,-0.318172744695,
    -0.21211516313,-0.106057581565,0.),.UNSPECIFIED.);
#1686 = CARTESIAN_POINT('',(3.14159265359,-1.201721238055));
#1687 = CARTESIAN_POINT('',(3.14159265359,-1.183513340509));
#1688 = CARTESIAN_POINT('',(3.14159265359,-1.147097545416));
#1689 = CARTESIAN_POINT('',(3.14159265359,-1.092473852777));
#1690 = CARTESIAN_POINT('',(3.14159265359,-1.037850160139));
#1691 = CARTESIAN_POINT('',(3.14159265359,-0.9832264675));
#1692 = CARTESIAN_POINT('',(3.14159265359,-0.928602774861));
#1693 = CARTESIAN_POINT('',(3.14159265359,-0.873979082222));
#1694 = CARTESIAN_POINT('',(3.14159265359,-0.819355389583));
#1695 = CARTESIAN_POINT('',(3.14159265359,-0.764731696944));
#1696 = CARTESIAN_POINT('',(3.14159265359,-0.710108004305));
#1697 = CARTESIAN_POINT('',(3.14159265359,-0.655484311666));
#1698 = CARTESIAN_POINT('',(3.14159265359,-0.600860619028));
#1699 = CARTESIAN_POINT('',(3.14159265359,-0.546236926389));
#1700 = CARTESIAN_POINT('',(3.14159265359,-0.49161323375));
#1701 = CARTESIAN_POINT('',(3.14159265359,-0.436989541111));
#1702 = CARTESIAN_POINT('',(3.14159265359,-0.382365848472));
#1703 = CARTESIAN_POINT('',(3.14159265359,-0.327742155833));
#1704 = CARTESIAN_POINT('',(3.14159265359,-0.273118463194));
#1705 = CARTESIAN_POINT('',(3.14159265359,-0.218494770555));
#1706 = CARTESIAN_POINT('',(3.14159265359,-0.163871077917));
#1707 = CARTESIAN_POINT('',(3.14159265359,-0.109247385278));
#1708 = CARTESIAN_POINT('',(3.14159265359,-5.462369263887E-02));
#1709 = CARTESIAN_POINT('',(3.14159265359,-1.820789754629E-02));
#1710 = CARTESIAN_POINT('',(3.14159265359,2.156591243685E-15));
#1711 = ( GEOMETRIC_REPRESENTATION_CONTEXT(2) 
PARAMETRIC_REPRESENTATION_CONTEXT() REPRESENTATION_CONTEXT('2D SPACE',''
  ) );
#1712 = ORIENTED_EDGE('',*,*,#1713,.T.);
#1713 = EDGE_CURVE('',#1642,#1520,#1714,.T.);
#1714 = SURFACE_CURVE('',#1715,(#1719,#1726),.PCURVE_S1.);
#1715 = LINE('',#1716,#1717);
#1716 = CARTESIAN_POINT('',(-38.5,-2.5,10.));
#1717 = VECTOR('',#1718,1.);
#1718 = DIRECTION('',(-0.857167300702,-0.51503807491,-9.516468731953E-17
    ));
#1719 = PCURVE('',#1625,#1720);
#1720 = DEFINITIONAL_REPRESENTATION('',(#1721),#1725);
#1721 = LINE('',#1722,#1723);
#1722 = CARTESIAN_POINT('',(6.28318530718,-9.14891406918E-16));
#1723 = VECTOR('',#1724,1.);
#1724 = DIRECTION('',(0.,1.));
#1725 = ( GEOMETRIC_REPRESENTATION_CONTEXT(2) 
PARAMETRIC_REPRESENTATION_CONTEXT() REPRESENTATION_CONTEXT('2D SPACE',''
  ) );
#1726 = PCURVE('',#1679,#1727);
#1727 = DEFINITIONAL_REPRESENTATION('',(#1728),#1732);
#1728 = LINE('',#1729,#1730);
#1729 = CARTESIAN_POINT('',(0.,-9.14891406918E-16));
#1730 = VECTOR('',#1731,1.);
#1731 = DIRECTION('',(0.,1.));
#1732 = ( GEOMETRIC_REPRESENTATION_CONTEXT(2) 
PARAMETRIC_REPRESENTATION_CONTEXT() REPRESENTATION_CONTEXT('2D SPACE',''
  ) );
#1733 = ADVANCED_FACE('',(#1734),#1748,.F.);
#1734 = FACE_BOUND('',#1735,.F.);
#1735 = EDGE_LOOP('',(#1736,#1771,#1799,#1822));
#1736 = ORIENTED_EDGE('',*,*,#1737,.T.);
#1737 = EDGE_CURVE('',#1738,#1740,#1742,.T.);
#1738 = VERTEX_POINT('',#1739);
#1739 = CARTESIAN_POINT('',(-38.5,-2.5,-10.));
#1740 = VERTEX_POINT('',#1741);
#1741 = CARTESIAN_POINT('',(-38.5,-12.5,-10.));
#1742 = SURFACE_CURVE('',#1743,(#1747,#1759),.PCURVE_S1.);
#1743 = LINE('',#1744,#1745);
#1744 = CARTESIAN_POINT('',(-38.5,-12.5,-10.));
#1745 = VECTOR('',#1746,1.);
#1746 = DIRECTION('',(-0.,-1.,0.));
#1747 = PCURVE('',#1748,#1753);
#1748 = CYLINDRICAL_SURFACE('',#1749,2.);
#1749 = AXIS2_PLACEMENT_3D('',#1750,#1751,#1752);
#1750 = CARTESIAN_POINT('',(-36.5,-12.5,-10.));
#1751 = DIRECTION('',(-0.,-1.,0.));
#1752 = DIRECTION('',(-1.,0.,-1.110223024625E-16));
#1753 = DEFINITIONAL_REPRESENTATION('',(#1754),#1758);
#1754 = LINE('',#1755,#1756);
#1755 = CARTESIAN_POINT('',(6.28318530718,0.));
#1756 = VECTOR('',#1757,1.);
#1757 = DIRECTION('',(0.,1.));
#1758 = ( GEOMETRIC_REPRESENTATION_CONTEXT(2) 
PARAMETRIC_REPRESENTATION_CONTEXT() REPRESENTATION_CONTEXT('2D SPACE',''
  ) );
#1759 = PCURVE('',#1760,#1765);
#1760 = CYLINDRICAL_SURFACE('',#1761,2.);
#1761 = AXIS2_PLACEMENT_3D('',#1762,#1763,#1764);
#1762 = CARTESIAN_POINT('',(-36.5,-12.5,-10.));
#1763 = DIRECTION('',(-0.,-1.,0.));
#1764 = DIRECTION('',(-1.,0.,-1.110223024625E-16));
#1765 = DEFINITIONAL_REPRESENTATION('',(#1766),#1770);
#1766 = LINE('',#1767,#1768);
#1767 = CARTESIAN_POINT('',(0.,0.));
#1768 = VECTOR('',#1769,1.);
#1769 = DIRECTION('',(0.,1.));
#1770 = ( GEOMETRIC_REPRESENTATION_CONTEXT(2) 
PARAMETRIC_REPRESENTATION_CONTEXT() REPRESENTATION_CONTEXT('2D SPACE',''
  ) );
#1771 = ORIENTED_EDGE('',*,*,#1772,.F.);
#1772 = EDGE_CURVE('',#1773,#1740,#1775,.T.);
#1773 = VERTEX_POINT('',#1774);
#1774 = CARTESIAN_POINT('',(-34.5,-12.5,-10.));
#1775 = SURFACE_CURVE('',#1776,(#1781,#1788),.PCURVE_S1.);
#1776 = CIRCLE('',#1777,2.);
#1777 = AXIS2_PLACEMENT_3D('',#1778,#1779,#1780);
#1778 = CARTESIAN_POINT('',(-36.5,-12.5,-10.));
#1779 = DIRECTION('',(0.,-1.,-0.));
#1780 = DIRECTION('',(-1.,0.,-1.110223024625E-16));
#1781 = PCURVE('',#1748,#1782);
#1782 = DEFINITIONAL_REPRESENTATION('',(#1783),#1787);
#1783 = LINE('',#1784,#1785);
#1784 = CARTESIAN_POINT('',(0.,1.7763568394E-15));
#1785 = VECTOR('',#1786,1.);
#1786 = DIRECTION('',(1.,0.));
#1787 = ( GEOMETRIC_REPRESENTATION_CONTEXT(2) 
PARAMETRIC_REPRESENTATION_CONTEXT() REPRESENTATION_CONTEXT('2D SPACE',''
  ) );
#1788 = PCURVE('',#1571,#1789);
#1789 = DEFINITIONAL_REPRESENTATION('',(#1790),#1798);
#1790 = ( BOUNDED_CURVE() B_SPLINE_CURVE(2,(#1791,#1792,#1793,#1794,
#1795,#1796,#1797),.UNSPECIFIED.,.T.,.F.) B_SPLINE_CURVE_WITH_KNOTS((1,2
    ,2,2,2,1),(-2.094395102393,0.,2.094395102393,4.188790204786,
6.28318530718,8.377580409573),.UNSPECIFIED.) CURVE() 
GEOMETRIC_REPRESENTATION_ITEM() RATIONAL_B_SPLINE_CURVE((1.,0.5,1.,0.5,
1.,0.5,1.)) REPRESENTATION_ITEM('') );
#1791 = CARTESIAN_POINT('',(-8.,40.));
#1792 = CARTESIAN_POINT('',(-8.,43.464101615138));
#1793 = CARTESIAN_POINT('',(-5.,41.732050807569));
#1794 = CARTESIAN_POINT('',(-2.,40.));
#1795 = CARTESIAN_POINT('',(-5.,38.267949192431));
#1796 = CARTESIAN_POINT('',(-8.,36.535898384862));
#1797 = CARTESIAN_POINT('',(-8.,40.));
#1798 = ( GEOMETRIC_REPRESENTATION_CONTEXT(2) 
PARAMETRIC_REPRESENTATION_CONTEXT() REPRESENTATION_CONTEXT('2D SPACE',''
  ) );
#1799 = ORIENTED_EDGE('',*,*,#1800,.F.);
#1800 = EDGE_CURVE('',#1801,#1773,#1803,.T.);
#1801 = VERTEX_POINT('',#1802);
#1802 = CARTESIAN_POINT('',(-34.5,-2.5,-10.));
#1803 = SURFACE_CURVE('',#1804,(#1808,#1815),.PCURVE_S1.);
#1804 = LINE('',#1805,#1806);
#1805 = CARTESIAN_POINT('',(-34.5,-12.5,-10.));
#1806 = VECTOR('',#1807,1.);
#1807 = DIRECTION('',(-0.,-1.,0.));
#1808 = PCURVE('',#1748,#1809);
#1809 = DEFINITIONAL_REPRESENTATION('',(#1810),#1814);
#1810 = LINE('',#1811,#1812);
#1811 = CARTESIAN_POINT('',(3.14159265359,0.));
#1812 = VECTOR('',#1813,1.);
#1813 = DIRECTION('',(0.,1.));
#1814 = ( GEOMETRIC_REPRESENTATION_CONTEXT(2) 
PARAMETRIC_REPRESENTATION_CONTEXT() REPRESENTATION_CONTEXT('2D SPACE',''
  ) );
#1815 = PCURVE('',#1760,#1816);
#1816 = DEFINITIONAL_REPRESENTATION('',(#1817),#1821);
#1817 = LINE('',#1818,#1819);
#1818 = CARTESIAN_POINT('',(3.14159265359,0.));
#1819 = VECTOR('',#1820,1.);
#1820 = DIRECTION('',(0.,1.));
#1821 = ( GEOMETRIC_REPRESENTATION_CONTEXT(2) 
PARAMETRIC_REPRESENTATION_CONTEXT() REPRESENTATION_CONTEXT('2D SPACE',''
  ) );
#1822 = ORIENTED_EDGE('',*,*,#1823,.T.);
#1823 = EDGE_CURVE('',#1801,#1738,#1824,.T.);
#1824 = SURFACE_CURVE('',#1825,(#1830,#1837),.PCURVE_S1.);
#1825 = CIRCLE('',#1826,2.);
#1826 = AXIS2_PLACEMENT_3D('',#1827,#1828,#1829);
#1827 = CARTESIAN_POINT('',(-36.5,-2.5,-10.));
#1828 = DIRECTION('',(0.,-1.,-0.));
#1829 = DIRECTION('',(-1.,0.,-1.110223024625E-16));
#1830 = PCURVE('',#1748,#1831);
#1831 = DEFINITIONAL_REPRESENTATION('',(#1832),#1836);
#1832 = LINE('',#1833,#1834);
#1833 = CARTESIAN_POINT('',(0.,-10.));
#1834 = VECTOR('',#1835,1.);
#1835 = DIRECTION('',(1.,0.));
#1836 = ( GEOMETRIC_REPRESENTATION_CONTEXT(2) 
PARAMETRIC_REPRESENTATION_CONTEXT() REPRESENTATION_CONTEXT('2D SPACE',''
  ) );
#1837 = PCURVE('',#1838,#1843);
#1838 = CONICAL_SURFACE('',#1839,2.,1.029744258677);
#1839 = AXIS2_PLACEMENT_3D('',#1840,#1841,#1842);
#1840 = CARTESIAN_POINT('',(-36.5,-2.5,-10.));
#1841 = DIRECTION('',(-0.,-1.,0.));
#1842 = DIRECTION('',(-1.,0.,-1.110223024625E-16));
#1843 = DEFINITIONAL_REPRESENTATION('',(#1844),#1848);
#1844 = LINE('',#1845,#1846);
#1845 = CARTESIAN_POINT('',(0.,-9.802687471293E-16));
#1846 = VECTOR('',#1847,1.);
#1847 = DIRECTION('',(1.,0.));
#1848 = ( GEOMETRIC_REPRESENTATION_CONTEXT(2) 
PARAMETRIC_REPRESENTATION_CONTEXT() REPRESENTATION_CONTEXT('2D SPACE',''
  ) );
#1849 = ADVANCED_FACE('',(#1850),#1838,.F.);
#1850 = FACE_BOUND('',#1851,.F.);
#1851 = EDGE_LOOP('',(#1852,#1853,#1925));
#1852 = ORIENTED_EDGE('',*,*,#1823,.F.);
#1853 = ORIENTED_EDGE('',*,*,#1854,.F.);
#1854 = EDGE_CURVE('',#1855,#1801,#1857,.T.);
#1855 = VERTEX_POINT('',#1856);
#1856 = CARTESIAN_POINT('',(-36.5,-1.298278761945,-10.));
#1857 = SURFACE_CURVE('',#1858,(#1862,#1891),.PCURVE_S1.);
#1858 = LINE('',#1859,#1860);
#1859 = CARTESIAN_POINT('',(-34.5,-2.5,-10.));
#1860 = VECTOR('',#1861,1.);
#1861 = DIRECTION('',(0.857167300702,-0.51503807491,-9.808031794386E-18)
  );
#1862 = PCURVE('',#1838,#1863);
#1863 = DEFINITIONAL_REPRESENTATION('',(#1864),#1890);
#1864 = B_SPLINE_CURVE_WITH_KNOTS('',3,(#1865,#1866,#1867,#1868,#1869,
    #1870,#1871,#1872,#1873,#1874,#1875,#1876,#1877,#1878,#1879,#1880,
    #1881,#1882,#1883,#1884,#1885,#1886,#1887,#1888,#1889),
  .UNSPECIFIED.,.F.,.F.,(4,1,1,1,1,1,1,1,1,1,1,1,1,1,1,1,1,1,1,1,1,1,4),
  (-2.333266794431,-2.227209212866,-2.121151631301,-2.015094049736,
    -1.909036468171,-1.802978886606,-1.69692130504,-1.590863723475,
    -1.48480614191,-1.378748560345,-1.27269097878,-1.166633397215,
    -1.06057581565,-0.954518234085,-0.84846065252,-0.742403070955,
    -0.63634548939,-0.530287907825,-0.42423032626,-0.318172744695,
    -0.21211516313,-0.106057581565,0.),.UNSPECIFIED.);
#1865 = CARTESIAN_POINT('',(3.14159265359,-1.201721238055));
#1866 = CARTESIAN_POINT('',(3.14159265359,-1.183513340509));
#1867 = CARTESIAN_POINT('',(3.14159265359,-1.147097545416));
#1868 = CARTESIAN_POINT('',(3.14159265359,-1.092473852777));
#1869 = CARTESIAN_POINT('',(3.14159265359,-1.037850160139));
#1870 = CARTESIAN_POINT('',(3.14159265359,-0.9832264675));
#1871 = CARTESIAN_POINT('',(3.14159265359,-0.928602774861));
#1872 = CARTESIAN_POINT('',(3.14159265359,-0.873979082222));
#1873 = CARTESIAN_POINT('',(3.14159265359,-0.819355389583));
#1874 = CARTESIAN_POINT('',(3.14159265359,-0.764731696944));
#1875 = CARTESIAN_POINT('',(3.14159265359,-0.710108004305));
#1876 = CARTESIAN_POINT('',(3.14159265359,-0.655484311666));
#1877 = CARTESIAN_POINT('',(3.14159265359,-0.600860619028));
#1878 = CARTESIAN_POINT('',(3.14159265359,-0.546236926389));
#1879 = CARTESIAN_POINT('',(3.14159265359,-0.49161323375));
#1880 = CARTESIAN_POINT('',(3.14159265359,-0.436989541111));
#1881 = CARTESIAN_POINT('',(3.14159265359,-0.382365848472));
#1882 = CARTESIAN_POINT('',(3.14159265359,-0.327742155833));
#1883 = CARTESIAN_POINT('',(3.14159265359,-0.273118463194));
#1884 = CARTESIAN_POINT('',(3.14159265359,-0.218494770555));
#1885 = CARTESIAN_POINT('',(3.14159265359,-0.163871077917));
#1886 = CARTESIAN_POINT('',(3.14159265359,-0.109247385278));
#1887 = CARTESIAN_POINT('',(3.14159265359,-5.462369263887E-02));
#1888 = CARTESIAN_POINT('',(3.14159265359,-1.820789754629E-02));
#1889 = CARTESIAN_POINT('',(3.14159265359,2.156591243685E-15));
#1890 = ( GEOMETRIC_REPRESENTATION_CONTEXT(2) 
PARAMETRIC_REPRESENTATION_CONTEXT() REPRESENTATION_CONTEXT('2D SPACE',''
  ) );
#1891 = PCURVE('',#1892,#1897);
#1892 = CONICAL_SURFACE('',#1893,2.,1.029744258677);
#1893 = AXIS2_PLACEMENT_3D('',#1894,#1895,#1896);
#1894 = CARTESIAN_POINT('',(-36.5,-2.5,-10.));
#1895 = DIRECTION('',(-0.,-1.,0.));
#1896 = DIRECTION('',(-1.,0.,-1.110223024625E-16));
#1897 = DEFINITIONAL_REPRESENTATION('',(#1898),#1924);
#1898 = B_SPLINE_CURVE_WITH_KNOTS('',3,(#1899,#1900,#1901,#1902,#1903,
    #1904,#1905,#1906,#1907,#1908,#1909,#1910,#1911,#1912,#1913,#1914,
    #1915,#1916,#1917,#1918,#1919,#1920,#1921,#1922,#1923),
  .UNSPECIFIED.,.F.,.F.,(4,1,1,1,1,1,1,1,1,1,1,1,1,1,1,1,1,1,1,1,1,1,4),
  (-2.333266794431,-2.227209212866,-2.121151631301,-2.015094049736,
    -1.909036468171,-1.802978886606,-1.69692130504,-1.590863723475,
    -1.48480614191,-1.378748560345,-1.27269097878,-1.166633397215,
    -1.06057581565,-0.954518234085,-0.84846065252,-0.742403070955,
    -0.63634548939,-0.530287907825,-0.42423032626,-0.318172744695,
    -0.21211516313,-0.106057581565,0.),.UNSPECIFIED.);
#1899 = CARTESIAN_POINT('',(3.14159265359,-1.201721238055));
#1900 = CARTESIAN_POINT('',(3.14159265359,-1.183513340509));
#1901 = CARTESIAN_POINT('',(3.14159265359,-1.147097545416));
#1902 = CARTESIAN_POINT('',(3.14159265359,-1.092473852777));
#1903 = CARTESIAN_POINT('',(3.14159265359,-1.037850160139));
#1904 = CARTESIAN_POINT('',(3.14159265359,-0.9832264675));
#1905 = CARTESIAN_POINT('',(3.14159265359,-0.928602774861));
#1906 = CARTESIAN_POINT('',(3.14159265359,-0.873979082222));
#1907 = CARTESIAN_POINT('',(3.14159265359,-0.819355389583));
#1908 = CARTESIAN_POINT('',(3.14159265359,-0.764731696944));
#1909 = CARTESIAN_POINT('',(3.14159265359,-0.710108004305));
#1910 = CARTESIAN_POINT('',(3.14159265359,-0.655484311666));
#1911 = CARTESIAN_POINT('',(3.14159265359,-0.600860619028));
#1912 = CARTESIAN_POINT('',(3.14159265359,-0.546236926389));
#1913 = CARTESIAN_POINT('',(3.14159265359,-0.49161323375));
#1914 = CARTESIAN_POINT('',(3.14159265359,-0.436989541111));
#1915 = CARTESIAN_POINT('',(3.14159265359,-0.382365848472));
#1916 = CARTESIAN_POINT('',(3.14159265359,-0.327742155833));
#1917 = CARTESIAN_POINT('',(3.14159265359,-0.273118463194));
#1918 = CARTESIAN_POINT('',(3.14159265359,-0.218494770555));
#1919 = CARTESIAN_POINT('',(3.14159265359,-0.163871077917));
#1920 = CARTESIAN_POINT('',(3.14159265359,-0.109247385278));
#1921 = CARTESIAN_POINT('',(3.14159265359,-5.462369263887E-02));
#1922 = CARTESIAN_POINT('',(3.14159265359,-1.820789754629E-02));
#1923 = CARTESIAN_POINT('',(3.14159265359,2.156591243685E-15));
#1924 = ( GEOMETRIC_REPRESENTATION_CONTEXT(2) 
PARAMETRIC_REPRESENTATION_CONTEXT() REPRESENTATION_CONTEXT('2D SPACE',''
  ) );
#1925 = ORIENTED_EDGE('',*,*,#1926,.T.);
#1926 = EDGE_CURVE('',#1855,#1738,#1927,.T.);
#1927 = SURFACE_CURVE('',#1928,(#1932,#1939),.PCURVE_S1.);
#1928 = LINE('',#1929,#1930);
#1929 = CARTESIAN_POINT('',(-38.5,-2.5,-10.));
#1930 = VECTOR('',#1931,1.);
#1931 = DIRECTION('',(-0.857167300702,-0.51503807491,-9.516468731953E-17
    ));
#1932 = PCURVE('',#1838,#1933);
#1933 = DEFINITIONAL_REPRESENTATION('',(#1934),#1938);
#1934 = LINE('',#1935,#1936);
#1935 = CARTESIAN_POINT('',(6.28318530718,-9.14891406918E-16));
#1936 = VECTOR('',#1937,1.);
#1937 = DIRECTION('',(0.,1.));
#1938 = ( GEOMETRIC_REPRESENTATION_CONTEXT(2) 
PARAMETRIC_REPRESENTATION_CONTEXT() REPRESENTATION_CONTEXT('2D SPACE',''
  ) );
#1939 = PCURVE('',#1892,#1940);
#1940 = DEFINITIONAL_REPRESENTATION('',(#1941),#1945);
#1941 = LINE('',#1942,#1943);
#1942 = CARTESIAN_POINT('',(0.,-9.14891406918E-16));
#1943 = VECTOR('',#1944,1.);
#1944 = DIRECTION('',(0.,1.));
#1945 = ( GEOMETRIC_REPRESENTATION_CONTEXT(2) 
PARAMETRIC_REPRESENTATION_CONTEXT() REPRESENTATION_CONTEXT('2D SPACE',''
  ) );
#1946 = ADVANCED_FACE('',(#1947),#1961,.F.);
#1947 = FACE_BOUND('',#1948,.F.);
#1948 = EDGE_LOOP('',(#1949,#1984,#2008,#2031));
#1949 = ORIENTED_EDGE('',*,*,#1950,.T.);
#1950 = EDGE_CURVE('',#1951,#1953,#1955,.T.);
#1951 = VERTEX_POINT('',#1952);
#1952 = CARTESIAN_POINT('',(34.,-3.5,22.5));
#1953 = VERTEX_POINT('',#1954);
#1954 = CARTESIAN_POINT('',(34.,-12.5,22.5));
#1955 = SURFACE_CURVE('',#1956,(#1960,#1972),.PCURVE_S1.);
#1956 = LINE('',#1957,#1958);
#1957 = CARTESIAN_POINT('',(34.,-12.5,22.5));
#1958 = VECTOR('',#1959,1.);
#1959 = DIRECTION('',(-0.,-1.,0.));
#1960 = PCURVE('',#1961,#1966);
#1961 = CYLINDRICAL_SURFACE('',#1962,2.5);
#1962 = AXIS2_PLACEMENT_3D('',#1963,#1964,#1965);
#1963 = CARTESIAN_POINT('',(36.5,-12.5,22.5));
#1964 = DIRECTION('',(-0.,-1.,0.));
#1965 = DIRECTION('',(-1.,0.,-1.110223024625E-16));
#1966 = DEFINITIONAL_REPRESENTATION('',(#1967),#1971);
#1967 = LINE('',#1968,#1969);
#1968 = CARTESIAN_POINT('',(6.28318530718,0.));
#1969 = VECTOR('',#1970,1.);
#1970 = DIRECTION('',(0.,1.));
#1971 = ( GEOMETRIC_REPRESENTATION_CONTEXT(2) 
PARAMETRIC_REPRESENTATION_CONTEXT() REPRESENTATION_CONTEXT('2D SPACE',''
  ) );
#1972 = PCURVE('',#1973,#1978);
#1973 = CYLINDRICAL_SURFACE('',#1974,2.5);
#1974 = AXIS2_PLACEMENT_3D('',#1975,#1976,#1977);
#1975 = CARTESIAN_POINT('',(36.5,-12.5,22.5));
#1976 = DIRECTION('',(-0.,-1.,0.));
#1977 = DIRECTION('',(-1.,0.,-1.110223024625E-16));
#1978 = DEFINITIONAL_REPRESENTATION('',(#1979),#1983);
#1979 = LINE('',#1980,#1981);
#1980 = CARTESIAN_POINT('',(0.,0.));
#1981 = VECTOR('',#1982,1.);
#1982 = DIRECTION('',(0.,1.));
#1983 = ( GEOMETRIC_REPRESENTATION_CONTEXT(2) 
PARAMETRIC_REPRESENTATION_CONTEXT() REPRESENTATION_CONTEXT('2D SPACE',''
  ) );
#1984 = ORIENTED_EDGE('',*,*,#1985,.F.);
#1985 = EDGE_CURVE('',#1986,#1953,#1988,.T.);
#1986 = VERTEX_POINT('',#1987);
#1987 = CARTESIAN_POINT('',(39.,-12.5,22.5));
#1988 = SURFACE_CURVE('',#1989,(#1994,#2001),.PCURVE_S1.);
#1989 = CIRCLE('',#1990,2.5);
#1990 = AXIS2_PLACEMENT_3D('',#1991,#1992,#1993);
#1991 = CARTESIAN_POINT('',(36.5,-12.5,22.5));
#1992 = DIRECTION('',(0.,-1.,-0.));
#1993 = DIRECTION('',(-1.,0.,-1.110223024625E-16));
#1994 = PCURVE('',#1961,#1995);
#1995 = DEFINITIONAL_REPRESENTATION('',(#1996),#2000);
#1996 = LINE('',#1997,#1998);
#1997 = CARTESIAN_POINT('',(0.,1.7763568394E-15));
#1998 = VECTOR('',#1999,1.);
#1999 = DIRECTION('',(1.,0.));
#2000 = ( GEOMETRIC_REPRESENTATION_CONTEXT(2) 
PARAMETRIC_REPRESENTATION_CONTEXT() REPRESENTATION_CONTEXT('2D SPACE',''
  ) );
#2001 = PCURVE('',#1148,#2002);
#2002 = DEFINITIONAL_REPRESENTATION('',(#2003),#2007);
#2003 = CIRCLE('',#2004,2.5);
#2004 = AXIS2_PLACEMENT_2D('',#2005,#2006);
#2005 = CARTESIAN_POINT('',(-6.,7.5));
#2006 = DIRECTION('',(1.,0.));
#2007 = ( GEOMETRIC_REPRESENTATION_CONTEXT(2) 
PARAMETRIC_REPRESENTATION_CONTEXT() REPRESENTATION_CONTEXT('2D SPACE',''
  ) );
#2008 = ORIENTED_EDGE('',*,*,#2009,.F.);
#2009 = EDGE_CURVE('',#2010,#1986,#2012,.T.);
#2010 = VERTEX_POINT('',#2011);
#2011 = CARTESIAN_POINT('',(39.,-3.5,22.5));
#2012 = SURFACE_CURVE('',#2013,(#2017,#2024),.PCURVE_S1.);
#2013 = LINE('',#2014,#2015);
#2014 = CARTESIAN_POINT('',(39.,-12.5,22.5));
#2015 = VECTOR('',#2016,1.);
#2016 = DIRECTION('',(-0.,-1.,0.));
#2017 = PCURVE('',#1961,#2018);
#2018 = DEFINITIONAL_REPRESENTATION('',(#2019),#2023);
#2019 = LINE('',#2020,#2021);
#2020 = CARTESIAN_POINT('',(3.14159265359,0.));
#2021 = VECTOR('',#2022,1.);
#2022 = DIRECTION('',(0.,1.));
#2023 = ( GEOMETRIC_REPRESENTATION_CONTEXT(2) 
PARAMETRIC_REPRESENTATION_CONTEXT() REPRESENTATION_CONTEXT('2D SPACE',''
  ) );
#2024 = PCURVE('',#1973,#2025);
#2025 = DEFINITIONAL_REPRESENTATION('',(#2026),#2030);
#2026 = LINE('',#2027,#2028);
#2027 = CARTESIAN_POINT('',(3.14159265359,0.));
#2028 = VECTOR('',#2029,1.);
#2029 = DIRECTION('',(0.,1.));
#2030 = ( GEOMETRIC_REPRESENTATION_CONTEXT(2) 
PARAMETRIC_REPRESENTATION_CONTEXT() REPRESENTATION_CONTEXT('2D SPACE',''
  ) );
#2031 = ORIENTED_EDGE('',*,*,#2032,.T.);
#2032 = EDGE_CURVE('',#2010,#1951,#2033,.T.);
#2033 = SURFACE_CURVE('',#2034,(#2039,#2046),.PCURVE_S1.);
#2034 = CIRCLE('',#2035,2.5);
#2035 = AXIS2_PLACEMENT_3D('',#2036,#2037,#2038);
#2036 = CARTESIAN_POINT('',(36.5,-3.5,22.5));
#2037 = DIRECTION('',(0.,-1.,-0.));
#2038 = DIRECTION('',(-1.,0.,-1.110223024625E-16));
#2039 = PCURVE('',#1961,#2040);
#2040 = DEFINITIONAL_REPRESENTATION('',(#2041),#2045);
#2041 = LINE('',#2042,#2043);
#2042 = CARTESIAN_POINT('',(0.,-9.));
#2043 = VECTOR('',#2044,1.);
#2044 = DIRECTION('',(1.,0.));
#2045 = ( GEOMETRIC_REPRESENTATION_CONTEXT(2) 
PARAMETRIC_REPRESENTATION_CONTEXT() REPRESENTATION_CONTEXT('2D SPACE',''
  ) );
#2046 = PCURVE('',#2047,#2052);
#2047 = CONICAL_SURFACE('',#2048,2.5,1.029744258677);
#2048 = AXIS2_PLACEMENT_3D('',#2049,#2050,#2051);
#2049 = CARTESIAN_POINT('',(36.5,-3.5,22.5));
#2050 = DIRECTION('',(-0.,-1.,0.));
#2051 = DIRECTION('',(-1.,0.,-1.110223024625E-16));
#2052 = DEFINITIONAL_REPRESENTATION('',(#2053),#2057);
#2053 = LINE('',#2054,#2055);
#2054 = CARTESIAN_POINT('',(0.,-9.802687471293E-16));
#2055 = VECTOR('',#2056,1.);
#2056 = DIRECTION('',(1.,0.));
#2057 = ( GEOMETRIC_REPRESENTATION_CONTEXT(2) 
PARAMETRIC_REPRESENTATION_CONTEXT() REPRESENTATION_CONTEXT('2D SPACE',''
  ) );
#2058 = ADVANCED_FACE('',(#2059),#2047,.F.);
#2059 = FACE_BOUND('',#2060,.F.);
#2060 = EDGE_LOOP('',(#2061,#2062,#2134));
#2061 = ORIENTED_EDGE('',*,*,#2032,.F.);
#2062 = ORIENTED_EDGE('',*,*,#2063,.F.);
#2063 = EDGE_CURVE('',#2064,#2010,#2066,.T.);
#2064 = VERTEX_POINT('',#2065);
#2065 = CARTESIAN_POINT('',(36.5,-1.997848452431,22.5));
#2066 = SURFACE_CURVE('',#2067,(#2071,#2100),.PCURVE_S1.);
#2067 = LINE('',#2068,#2069);
#2068 = CARTESIAN_POINT('',(39.,-3.5,22.5));
#2069 = VECTOR('',#2070,1.);
#2070 = DIRECTION('',(0.857167300702,-0.51503807491,-9.808031794386E-18)
  );
#2071 = PCURVE('',#2047,#2072);
#2072 = DEFINITIONAL_REPRESENTATION('',(#2073),#2099);
#2073 = B_SPLINE_CURVE_WITH_KNOTS('',3,(#2074,#2075,#2076,#2077,#2078,
    #2079,#2080,#2081,#2082,#2083,#2084,#2085,#2086,#2087,#2088,#2089,
    #2090,#2091,#2092,#2093,#2094,#2095,#2096,#2097,#2098),
  .UNSPECIFIED.,.F.,.F.,(4,1,1,1,1,1,1,1,1,1,1,1,1,1,1,1,1,1,1,1,1,1,4),
  (-2.916583493038,-2.784011516082,-2.651439539126,-2.518867562169,
    -2.386295585213,-2.253723608257,-2.121151631301,-1.988579654344,
    -1.856007677388,-1.723435700432,-1.590863723475,-1.458291746519,
    -1.325719769563,-1.193147792607,-1.06057581565,-0.928003838694,
    -0.795431861738,-0.662859884781,-0.530287907825,-0.397715930869,
    -0.265143953913,-0.132571976956,0.),.UNSPECIFIED.);
#2074 = CARTESIAN_POINT('',(3.14159265359,-1.502151547569));
#2075 = CARTESIAN_POINT('',(3.14159265359,-1.479391675636));
#2076 = CARTESIAN_POINT('',(3.14159265359,-1.43387193177));
#2077 = CARTESIAN_POINT('',(3.14159265359,-1.365592315972));
#2078 = CARTESIAN_POINT('',(3.14159265359,-1.297312700173));
#2079 = CARTESIAN_POINT('',(3.14159265359,-1.229033084375));
#2080 = CARTESIAN_POINT('',(3.14159265359,-1.160753468576));
#2081 = CARTESIAN_POINT('',(3.14159265359,-1.092473852777));
#2082 = CARTESIAN_POINT('',(3.14159265359,-1.024194236979));
#2083 = CARTESIAN_POINT('',(3.14159265359,-0.95591462118));
#2084 = CARTESIAN_POINT('',(3.14159265359,-0.887635005382));
#2085 = CARTESIAN_POINT('',(3.14159265359,-0.819355389583));
#2086 = CARTESIAN_POINT('',(3.14159265359,-0.751075773784));
#2087 = CARTESIAN_POINT('',(3.14159265359,-0.682796157986));
#2088 = CARTESIAN_POINT('',(3.14159265359,-0.614516542187));
#2089 = CARTESIAN_POINT('',(3.14159265359,-0.546236926389));
#2090 = CARTESIAN_POINT('',(3.14159265359,-0.47795731059));
#2091 = CARTESIAN_POINT('',(3.14159265359,-0.409677694792));
#2092 = CARTESIAN_POINT('',(3.14159265359,-0.341398078993));
#2093 = CARTESIAN_POINT('',(3.14159265359,-0.273118463194));
#2094 = CARTESIAN_POINT('',(3.14159265359,-0.204838847396));
#2095 = CARTESIAN_POINT('',(3.14159265359,-0.136559231597));
#2096 = CARTESIAN_POINT('',(3.14159265359,-6.827961579859E-02));
#2097 = CARTESIAN_POINT('',(3.14159265359,-2.275987193286E-02));
#2098 = CARTESIAN_POINT('',(3.14159265359,-9.802687471293E-16));
#2099 = ( GEOMETRIC_REPRESENTATION_CONTEXT(2) 
PARAMETRIC_REPRESENTATION_CONTEXT() REPRESENTATION_CONTEXT('2D SPACE',''
  ) );
#2100 = PCURVE('',#2101,#2106);
#2101 = CONICAL_SURFACE('',#2102,2.5,1.029744258677);
#2102 = AXIS2_PLACEMENT_3D('',#2103,#2104,#2105);
#2103 = CARTESIAN_POINT('',(36.5,-3.5,22.5));
#2104 = DIRECTION('',(-0.,-1.,0.));
#2105 = DIRECTION('',(-1.,0.,-1.110223024625E-16));
#2106 = DEFINITIONAL_REPRESENTATION('',(#2107),#2133);
#2107 = B_SPLINE_CURVE_WITH_KNOTS('',3,(#2108,#2109,#2110,#2111,#2112,
    #2113,#2114,#2115,#2116,#2117,#2118,#2119,#2120,#2121,#2122,#2123,
    #2124,#2125,#2126,#2127,#2128,#2129,#2130,#2131,#2132),
  .UNSPECIFIED.,.F.,.F.,(4,1,1,1,1,1,1,1,1,1,1,1,1,1,1,1,1,1,1,1,1,1,4),
  (-2.916583493038,-2.784011516082,-2.651439539126,-2.518867562169,
    -2.386295585213,-2.253723608257,-2.121151631301,-1.988579654344,
    -1.856007677388,-1.723435700432,-1.590863723475,-1.458291746519,
    -1.325719769563,-1.193147792607,-1.06057581565,-0.928003838694,
    -0.795431861738,-0.662859884781,-0.530287907825,-0.397715930869,
    -0.265143953913,-0.132571976956,0.),.UNSPECIFIED.);
#2108 = CARTESIAN_POINT('',(3.14159265359,-1.502151547569));
#2109 = CARTESIAN_POINT('',(3.14159265359,-1.479391675636));
#2110 = CARTESIAN_POINT('',(3.14159265359,-1.43387193177));
#2111 = CARTESIAN_POINT('',(3.14159265359,-1.365592315972));
#2112 = CARTESIAN_POINT('',(3.14159265359,-1.297312700173));
#2113 = CARTESIAN_POINT('',(3.14159265359,-1.229033084375));
#2114 = CARTESIAN_POINT('',(3.14159265359,-1.160753468576));
#2115 = CARTESIAN_POINT('',(3.14159265359,-1.092473852777));
#2116 = CARTESIAN_POINT('',(3.14159265359,-1.024194236979));
#2117 = CARTESIAN_POINT('',(3.14159265359,-0.95591462118));
#2118 = CARTESIAN_POINT('',(3.14159265359,-0.887635005382));
#2119 = CARTESIAN_POINT('',(3.14159265359,-0.819355389583));
#2120 = CARTESIAN_POINT('',(3.14159265359,-0.751075773784));
#2121 = CARTESIAN_POINT('',(3.14159265359,-0.682796157986));
#2122 = CARTESIAN_POINT('',(3.14159265359,-0.614516542187));
#2123 = CARTESIAN_POINT('',(3.14159265359,-0.546236926389));
#2124 = CARTESIAN_POINT('',(3.14159265359,-0.47795731059));
#2125 = CARTESIAN_POINT('',(3.14159265359,-0.409677694792));
#2126 = CARTESIAN_POINT('',(3.14159265359,-0.341398078993));
#2127 = CARTESIAN_POINT('',(3.14159265359,-0.273118463194));
#2128 = CARTESIAN_POINT('',(3.14159265359,-0.204838847396));
#2129 = CARTESIAN_POINT('',(3.14159265359,-0.136559231597));
#2130 = CARTESIAN_POINT('',(3.14159265359,-6.827961579859E-02));
#2131 = CARTESIAN_POINT('',(3.14159265359,-2.275987193286E-02));
#2132 = CARTESIAN_POINT('',(3.14159265359,-9.802687471293E-16));
#2133 = ( GEOMETRIC_REPRESENTATION_CONTEXT(2) 
PARAMETRIC_REPRESENTATION_CONTEXT() REPRESENTATION_CONTEXT('2D SPACE',''
  ) );
#2134 = ORIENTED_EDGE('',*,*,#2135,.T.);
#2135 = EDGE_CURVE('',#2064,#1951,#2136,.T.);
#2136 = SURFACE_CURVE('',#2137,(#2141,#2148),.PCURVE_S1.);
#2137 = LINE('',#2138,#2139);
#2138 = CARTESIAN_POINT('',(34.,-3.5,22.5));
#2139 = VECTOR('',#2140,1.);
#2140 = DIRECTION('',(-0.857167300702,-0.51503807491,-9.516468731953E-17
    ));
#2141 = PCURVE('',#2047,#2142);
#2142 = DEFINITIONAL_REPRESENTATION('',(#2143),#2147);
#2143 = LINE('',#2144,#2145);
#2144 = CARTESIAN_POINT('',(6.28318530718,6.861685551885E-16));
#2145 = VECTOR('',#2146,1.);
#2146 = DIRECTION('',(0.,1.));
#2147 = ( GEOMETRIC_REPRESENTATION_CONTEXT(2) 
PARAMETRIC_REPRESENTATION_CONTEXT() REPRESENTATION_CONTEXT('2D SPACE',''
  ) );
#2148 = PCURVE('',#2101,#2149);
#2149 = DEFINITIONAL_REPRESENTATION('',(#2150),#2154);
#2150 = LINE('',#2151,#2152);
#2151 = CARTESIAN_POINT('',(0.,6.861685551885E-16));
#2152 = VECTOR('',#2153,1.);
#2153 = DIRECTION('',(0.,1.));
#2154 = ( GEOMETRIC_REPRESENTATION_CONTEXT(2) 
PARAMETRIC_REPRESENTATION_CONTEXT() REPRESENTATION_CONTEXT('2D SPACE',''
  ) );
#2155 = ADVANCED_FACE('',(#2156),#2170,.F.);
#2156 = FACE_BOUND('',#2157,.F.);
#2157 = EDGE_LOOP('',(#2158,#2193,#2217,#2240));
#2158 = ORIENTED_EDGE('',*,*,#2159,.T.);
#2159 = EDGE_CURVE('',#2160,#2162,#2164,.T.);
#2160 = VERTEX_POINT('',#2161);
#2161 = CARTESIAN_POINT('',(34.,-3.5,-22.5));
#2162 = VERTEX_POINT('',#2163);
#2163 = CARTESIAN_POINT('',(34.,-12.5,-22.5));
#2164 = SURFACE_CURVE('',#2165,(#2169,#2181),.PCURVE_S1.);
#2165 = LINE('',#2166,#2167);
#2166 = CARTESIAN_POINT('',(34.,-12.5,-22.5));
#2167 = VECTOR('',#2168,1.);
#2168 = DIRECTION('',(-0.,-1.,0.));
#2169 = PCURVE('',#2170,#2175);
#2170 = CYLINDRICAL_SURFACE('',#2171,2.5);
#2171 = AXIS2_PLACEMENT_3D('',#2172,#2173,#2174);
#2172 = CARTESIAN_POINT('',(36.5,-12.5,-22.5));
#2173 = DIRECTION('',(-0.,-1.,0.));
#2174 = DIRECTION('',(-1.,0.,-1.110223024625E-16));
#2175 = DEFINITIONAL_REPRESENTATION('',(#2176),#2180);
#2176 = LINE('',#2177,#2178);
#2177 = CARTESIAN_POINT('',(6.28318530718,0.));
#2178 = VECTOR('',#2179,1.);
#2179 = DIRECTION('',(0.,1.));
#2180 = ( GEOMETRIC_REPRESENTATION_CONTEXT(2) 
PARAMETRIC_REPRESENTATION_CONTEXT() REPRESENTATION_CONTEXT('2D SPACE',''
  ) );
#2181 = PCURVE('',#2182,#2187);
#2182 = CYLINDRICAL_SURFACE('',#2183,2.5);
#2183 = AXIS2_PLACEMENT_3D('',#2184,#2185,#2186);
#2184 = CARTESIAN_POINT('',(36.5,-12.5,-22.5));
#2185 = DIRECTION('',(-0.,-1.,0.));
#2186 = DIRECTION('',(-1.,0.,-1.110223024625E-16));
#2187 = DEFINITIONAL_REPRESENTATION('',(#2188),#2192);
#2188 = LINE('',#2189,#2190);
#2189 = CARTESIAN_POINT('',(0.,0.));
#2190 = VECTOR('',#2191,1.);
#2191 = DIRECTION('',(0.,1.));
#2192 = ( GEOMETRIC_REPRESENTATION_CONTEXT(2) 
PARAMETRIC_REPRESENTATION_CONTEXT() REPRESENTATION_CONTEXT('2D SPACE',''
  ) );
#2193 = ORIENTED_EDGE('',*,*,#2194,.F.);
#2194 = EDGE_CURVE('',#2195,#2162,#2197,.T.);
#2195 = VERTEX_POINT('',#2196);
#2196 = CARTESIAN_POINT('',(39.,-12.5,-22.5));
#2197 = SURFACE_CURVE('',#2198,(#2203,#2210),.PCURVE_S1.);
#2198 = CIRCLE('',#2199,2.5);
#2199 = AXIS2_PLACEMENT_3D('',#2200,#2201,#2202);
#2200 = CARTESIAN_POINT('',(36.5,-12.5,-22.5));
#2201 = DIRECTION('',(0.,-1.,-0.));
#2202 = DIRECTION('',(-1.,0.,-1.110223024625E-16));
#2203 = PCURVE('',#2170,#2204);
#2204 = DEFINITIONAL_REPRESENTATION('',(#2205),#2209);
#2205 = LINE('',#2206,#2207);
#2206 = CARTESIAN_POINT('',(0.,1.7763568394E-15));
#2207 = VECTOR('',#2208,1.);
#2208 = DIRECTION('',(1.,0.));
#2209 = ( GEOMETRIC_REPRESENTATION_CONTEXT(2) 
PARAMETRIC_REPRESENTATION_CONTEXT() REPRESENTATION_CONTEXT('2D SPACE',''
  ) );
#2210 = PCURVE('',#1148,#2211);
#2211 = DEFINITIONAL_REPRESENTATION('',(#2212),#2216);
#2212 = CIRCLE('',#2213,2.5);
#2213 = AXIS2_PLACEMENT_2D('',#2214,#2215);
#2214 = CARTESIAN_POINT('',(-6.,52.5));
#2215 = DIRECTION('',(1.,0.));
#2216 = ( GEOMETRIC_REPRESENTATION_CONTEXT(2) 
PARAMETRIC_REPRESENTATION_CONTEXT() REPRESENTATION_CONTEXT('2D SPACE',''
  ) );
#2217 = ORIENTED_EDGE('',*,*,#2218,.F.);
#2218 = EDGE_CURVE('',#2219,#2195,#2221,.T.);
#2219 = VERTEX_POINT('',#2220);
#2220 = CARTESIAN_POINT('',(39.,-3.5,-22.5));
#2221 = SURFACE_CURVE('',#2222,(#2226,#2233),.PCURVE_S1.);
#2222 = LINE('',#2223,#2224);
#2223 = CARTESIAN_POINT('',(39.,-12.5,-22.5));
#2224 = VECTOR('',#2225,1.);
#2225 = DIRECTION('',(-0.,-1.,0.));
#2226 = PCURVE('',#2170,#2227);
#2227 = DEFINITIONAL_REPRESENTATION('',(#2228),#2232);
#2228 = LINE('',#2229,#2230);
#2229 = CARTESIAN_POINT('',(3.14159265359,0.));
#2230 = VECTOR('',#2231,1.);
#2231 = DIRECTION('',(0.,1.));
#2232 = ( GEOMETRIC_REPRESENTATION_CONTEXT(2) 
PARAMETRIC_REPRESENTATION_CONTEXT() REPRESENTATION_CONTEXT('2D SPACE',''
  ) );
#2233 = PCURVE('',#2182,#2234);
#2234 = DEFINITIONAL_REPRESENTATION('',(#2235),#2239);
#2235 = LINE('',#2236,#2237);
#2236 = CARTESIAN_POINT('',(3.14159265359,0.));
#2237 = VECTOR('',#2238,1.);
#2238 = DIRECTION('',(0.,1.));
#2239 = ( GEOMETRIC_REPRESENTATION_CONTEXT(2) 
PARAMETRIC_REPRESENTATION_CONTEXT() REPRESENTATION_CONTEXT('2D SPACE',''
  ) );
#2240 = ORIENTED_EDGE('',*,*,#2241,.T.);
#2241 = EDGE_CURVE('',#2219,#2160,#2242,.T.);
#2242 = SURFACE_CURVE('',#2243,(#2248,#2255),.PCURVE_S1.);
#2243 = CIRCLE('',#2244,2.5);
#2244 = AXIS2_PLACEMENT_3D('',#2245,#2246,#2247);
#2245 = CARTESIAN_POINT('',(36.5,-3.5,-22.5));
#2246 = DIRECTION('',(0.,-1.,-0.));
#2247 = DIRECTION('',(-1.,0.,-1.110223024625E-16));
#2248 = PCURVE('',#2170,#2249);
#2249 = DEFINITIONAL_REPRESENTATION('',(#2250),#2254);
#2250 = LINE('',#2251,#2252);
#2251 = CARTESIAN_POINT('',(0.,-9.));
#2252 = VECTOR('',#2253,1.);
#2253 = DIRECTION('',(1.,0.));
#2254 = ( GEOMETRIC_REPRESENTATION_CONTEXT(2) 
PARAMETRIC_REPRESENTATION_CONTEXT() REPRESENTATION_CONTEXT('2D SPACE',''
  ) );
#2255 = PCURVE('',#2256,#2261);
#2256 = CONICAL_SURFACE('',#2257,2.5,1.029744258677);
#2257 = AXIS2_PLACEMENT_3D('',#2258,#2259,#2260);
#2258 = CARTESIAN_POINT('',(36.5,-3.5,-22.5));
#2259 = DIRECTION('',(-0.,-1.,0.));
#2260 = DIRECTION('',(-1.,0.,-1.110223024625E-16));
#2261 = DEFINITIONAL_REPRESENTATION('',(#2262),#2266);
#2262 = LINE('',#2263,#2264);
#2263 = CARTESIAN_POINT('',(0.,-9.802687471293E-16));
#2264 = VECTOR('',#2265,1.);
#2265 = DIRECTION('',(1.,0.));
#2266 = ( GEOMETRIC_REPRESENTATION_CONTEXT(2) 
PARAMETRIC_REPRESENTATION_CONTEXT() REPRESENTATION_CONTEXT('2D SPACE',''
  ) );
#2267 = ADVANCED_FACE('',(#2268),#2256,.F.);
#2268 = FACE_BOUND('',#2269,.F.);
#2269 = EDGE_LOOP('',(#2270,#2271,#2343));
#2270 = ORIENTED_EDGE('',*,*,#2241,.F.);
#2271 = ORIENTED_EDGE('',*,*,#2272,.F.);
#2272 = EDGE_CURVE('',#2273,#2219,#2275,.T.);
#2273 = VERTEX_POINT('',#2274);
#2274 = CARTESIAN_POINT('',(36.5,-1.997848452431,-22.5));
#2275 = SURFACE_CURVE('',#2276,(#2280,#2309),.PCURVE_S1.);
#2276 = LINE('',#2277,#2278);
#2277 = CARTESIAN_POINT('',(39.,-3.5,-22.5));
#2278 = VECTOR('',#2279,1.);
#2279 = DIRECTION('',(0.857167300702,-0.51503807491,-9.808031794386E-18)
  );
#2280 = PCURVE('',#2256,#2281);
#2281 = DEFINITIONAL_REPRESENTATION('',(#2282),#2308);
#2282 = B_SPLINE_CURVE_WITH_KNOTS('',3,(#2283,#2284,#2285,#2286,#2287,
    #2288,#2289,#2290,#2291,#2292,#2293,#2294,#2295,#2296,#2297,#2298,
    #2299,#2300,#2301,#2302,#2303,#2304,#2305,#2306,#2307),
  .UNSPECIFIED.,.F.,.F.,(4,1,1,1,1,1,1,1,1,1,1,1,1,1,1,1,1,1,1,1,1,1,4),
  (-2.916583493038,-2.784011516082,-2.651439539126,-2.518867562169,
    -2.386295585213,-2.253723608257,-2.121151631301,-1.988579654344,
    -1.856007677388,-1.723435700432,-1.590863723475,-1.458291746519,
    -1.325719769563,-1.193147792607,-1.06057581565,-0.928003838694,
    -0.795431861738,-0.662859884781,-0.530287907825,-0.397715930869,
    -0.265143953913,-0.132571976956,0.),.UNSPECIFIED.);
#2283 = CARTESIAN_POINT('',(3.14159265359,-1.502151547569));
#2284 = CARTESIAN_POINT('',(3.14159265359,-1.479391675636));
#2285 = CARTESIAN_POINT('',(3.14159265359,-1.43387193177));
#2286 = CARTESIAN_POINT('',(3.14159265359,-1.365592315972));
#2287 = CARTESIAN_POINT('',(3.14159265359,-1.297312700173));
#2288 = CARTESIAN_POINT('',(3.14159265359,-1.229033084375));
#2289 = CARTESIAN_POINT('',(3.14159265359,-1.160753468576));
#2290 = CARTESIAN_POINT('',(3.14159265359,-1.092473852777));
#2291 = CARTESIAN_POINT('',(3.14159265359,-1.024194236979));
#2292 = CARTESIAN_POINT('',(3.14159265359,-0.95591462118));
#2293 = CARTESIAN_POINT('',(3.14159265359,-0.887635005382));
#2294 = CARTESIAN_POINT('',(3.14159265359,-0.819355389583));
#2295 = CARTESIAN_POINT('',(3.14159265359,-0.751075773784));
#2296 = CARTESIAN_POINT('',(3.14159265359,-0.682796157986));
#2297 = CARTESIAN_POINT('',(3.14159265359,-0.614516542187));
#2298 = CARTESIAN_POINT('',(3.14159265359,-0.546236926389));
#2299 = CARTESIAN_POINT('',(3.14159265359,-0.47795731059));
#2300 = CARTESIAN_POINT('',(3.14159265359,-0.409677694792));
#2301 = CARTESIAN_POINT('',(3.14159265359,-0.341398078993));
#2302 = CARTESIAN_POINT('',(3.14159265359,-0.273118463194));
#2303 = CARTESIAN_POINT('',(3.14159265359,-0.204838847396));
#2304 = CARTESIAN_POINT('',(3.14159265359,-0.136559231597));
#2305 = CARTESIAN_POINT('',(3.14159265359,-6.827961579859E-02));
#2306 = CARTESIAN_POINT('',(3.14159265359,-2.275987193286E-02));
#2307 = CARTESIAN_POINT('',(3.14159265359,-9.802687471293E-16));
#2308 = ( GEOMETRIC_REPRESENTATION_CONTEXT(2) 
PARAMETRIC_REPRESENTATION_CONTEXT() REPRESENTATION_CONTEXT('2D SPACE',''
  ) );
#2309 = PCURVE('',#2310,#2315);
#2310 = CONICAL_SURFACE('',#2311,2.5,1.029744258677);
#2311 = AXIS2_PLACEMENT_3D('',#2312,#2313,#2314);
#2312 = CARTESIAN_POINT('',(36.5,-3.5,-22.5));
#2313 = DIRECTION('',(-0.,-1.,0.));
#2314 = DIRECTION('',(-1.,0.,-1.110223024625E-16));
#2315 = DEFINITIONAL_REPRESENTATION('',(#2316),#2342);
#2316 = B_SPLINE_CURVE_WITH_KNOTS('',3,(#2317,#2318,#2319,#2320,#2321,
    #2322,#2323,#2324,#2325,#2326,#2327,#2328,#2329,#2330,#2331,#2332,
    #2333,#2334,#2335,#2336,#2337,#2338,#2339,#2340,#2341),
  .UNSPECIFIED.,.F.,.F.,(4,1,1,1,1,1,1,1,1,1,1,1,1,1,1,1,1,1,1,1,1,1,4),
  (-2.916583493038,-2.784011516082,-2.651439539126,-2.518867562169,
    -2.386295585213,-2.253723608257,-2.121151631301,-1.988579654344,
    -1.856007677388,-1.723435700432,-1.590863723475,-1.458291746519,
    -1.325719769563,-1.193147792607,-1.06057581565,-0.928003838694,
    -0.795431861738,-0.662859884781,-0.530287907825,-0.397715930869,
    -0.265143953913,-0.132571976956,0.),.UNSPECIFIED.);
#2317 = CARTESIAN_POINT('',(3.14159265359,-1.502151547569));
#2318 = CARTESIAN_POINT('',(3.14159265359,-1.479391675636));
#2319 = CARTESIAN_POINT('',(3.14159265359,-1.43387193177));
#2320 = CARTESIAN_POINT('',(3.14159265359,-1.365592315972));
#2321 = CARTESIAN_POINT('',(3.14159265359,-1.297312700173));
#2322 = CARTESIAN_POINT('',(3.14159265359,-1.229033084375));
#2323 = CARTESIAN_POINT('',(3.14159265359,-1.160753468576));
#2324 = CARTESIAN_POINT('',(3.14159265359,-1.092473852777));
#2325 = CARTESIAN_POINT('',(3.14159265359,-1.024194236979));
#2326 = CARTESIAN_POINT('',(3.14159265359,-0.95591462118));
#2327 = CARTESIAN_POINT('',(3.14159265359,-0.887635005382));
#2328 = CARTESIAN_POINT('',(3.14159265359,-0.819355389583));
#2329 = CARTESIAN_POINT('',(3.14159265359,-0.751075773784));
#2330 = CARTESIAN_POINT('',(3.14159265359,-0.682796157986));
#2331 = CARTESIAN_POINT('',(3.14159265359,-0.614516542187));
#2332 = CARTESIAN_POINT('',(3.14159265359,-0.546236926389));
#2333 = CARTESIAN_POINT('',(3.14159265359,-0.47795731059));
#2334 = CARTESIAN_POINT('',(3.14159265359,-0.409677694792));
#2335 = CARTESIAN_POINT('',(3.14159265359,-0.341398078993));
#2336 = CARTESIAN_POINT('',(3.14159265359,-0.273118463194));
#2337 = CARTESIAN_POINT('',(3.14159265359,-0.204838847396));
#2338 = CARTESIAN_POINT('',(3.14159265359,-0.136559231597));
#2339 = CARTESIAN_POINT('',(3.14159265359,-6.827961579859E-02));
#2340 = CARTESIAN_POINT('',(3.14159265359,-2.275987193286E-02));
#2341 = CARTESIAN_POINT('',(3.14159265359,-9.802687471293E-16));
#2342 = ( GEOMETRIC_REPRESENTATION_CONTEXT(2) 
PARAMETRIC_REPRESENTATION_CONTEXT() REPRESENTATION_CONTEXT('2D SPACE',''
  ) );
#2343 = ORIENTED_EDGE('',*,*,#2344,.T.);
#2344 = EDGE_CURVE('',#2273,#2160,#2345,.T.);
#2345 = SURFACE_CURVE('',#2346,(#2350,#2357),.PCURVE_S1.);
#2346 = LINE('',#2347,#2348);
#2347 = CARTESIAN_POINT('',(34.,-3.5,-22.5));
#2348 = VECTOR('',#2349,1.);
#2349 = DIRECTION('',(-0.857167300702,-0.51503807491,-9.516468731953E-17
    ));
#2350 = PCURVE('',#2256,#2351);
#2351 = DEFINITIONAL_REPRESENTATION('',(#2352),#2356);
#2352 = LINE('',#2353,#2354);
#2353 = CARTESIAN_POINT('',(6.28318530718,6.861685551885E-16));
#2354 = VECTOR('',#2355,1.);
#2355 = DIRECTION('',(0.,1.));
#2356 = ( GEOMETRIC_REPRESENTATION_CONTEXT(2) 
PARAMETRIC_REPRESENTATION_CONTEXT() REPRESENTATION_CONTEXT('2D SPACE',''
  ) );
#2357 = PCURVE('',#2310,#2358);
#2358 = DEFINITIONAL_REPRESENTATION('',(#2359),#2363);
#2359 = LINE('',#2360,#2361);
#2360 = CARTESIAN_POINT('',(0.,6.861685551885E-16));
#2361 = VECTOR('',#2362,1.);
#2362 = DIRECTION('',(0.,1.));
#2363 = ( GEOMETRIC_REPRESENTATION_CONTEXT(2) 
PARAMETRIC_REPRESENTATION_CONTEXT() REPRESENTATION_CONTEXT('2D SPACE',''
  ) );
#2364 = ADVANCED_FACE('',(#2365),#2379,.F.);
#2365 = FACE_BOUND('',#2366,.F.);
#2366 = EDGE_LOOP('',(#2367,#2402,#2430,#2453));
#2367 = ORIENTED_EDGE('',*,*,#2368,.T.);
#2368 = EDGE_CURVE('',#2369,#2371,#2373,.T.);
#2369 = VERTEX_POINT('',#2370);
#2370 = CARTESIAN_POINT('',(-39.,-3.5,22.5));
#2371 = VERTEX_POINT('',#2372);
#2372 = CARTESIAN_POINT('',(-39.,-12.5,22.5));
#2373 = SURFACE_CURVE('',#2374,(#2378,#2390),.PCURVE_S1.);
#2374 = LINE('',#2375,#2376);
#2375 = CARTESIAN_POINT('',(-39.,-12.5,22.5));
#2376 = VECTOR('',#2377,1.);
#2377 = DIRECTION('',(-0.,-1.,0.));
#2378 = PCURVE('',#2379,#2384);
#2379 = CYLINDRICAL_SURFACE('',#2380,2.5);
#2380 = AXIS2_PLACEMENT_3D('',#2381,#2382,#2383);
#2381 = CARTESIAN_POINT('',(-36.5,-12.5,22.5));
#2382 = DIRECTION('',(-0.,-1.,0.));
#2383 = DIRECTION('',(-1.,0.,-1.110223024625E-16));
#2384 = DEFINITIONAL_REPRESENTATION('',(#2385),#2389);
#2385 = LINE('',#2386,#2387);
#2386 = CARTESIAN_POINT('',(6.28318530718,0.));
#2387 = VECTOR('',#2388,1.);
#2388 = DIRECTION('',(0.,1.));
#2389 = ( GEOMETRIC_REPRESENTATION_CONTEXT(2) 
PARAMETRIC_REPRESENTATION_CONTEXT() REPRESENTATION_CONTEXT('2D SPACE',''
  ) );
#2390 = PCURVE('',#2391,#2396);
#2391 = CYLINDRICAL_SURFACE('',#2392,2.5);
#2392 = AXIS2_PLACEMENT_3D('',#2393,#2394,#2395);
#2393 = CARTESIAN_POINT('',(-36.5,-12.5,22.5));
#2394 = DIRECTION('',(-0.,-1.,0.));
#2395 = DIRECTION('',(-1.,0.,-1.110223024625E-16));
#2396 = DEFINITIONAL_REPRESENTATION('',(#2397),#2401);
#2397 = LINE('',#2398,#2399);
#2398 = CARTESIAN_POINT('',(0.,0.));
#2399 = VECTOR('',#2400,1.);
#2400 = DIRECTION('',(0.,1.));
#2401 = ( GEOMETRIC_REPRESENTATION_CONTEXT(2) 
PARAMETRIC_REPRESENTATION_CONTEXT() REPRESENTATION_CONTEXT('2D SPACE',''
  ) );
#2402 = ORIENTED_EDGE('',*,*,#2403,.F.);
#2403 = EDGE_CURVE('',#2404,#2371,#2406,.T.);
#2404 = VERTEX_POINT('',#2405);
#2405 = CARTESIAN_POINT('',(-34.,-12.5,22.5));
#2406 = SURFACE_CURVE('',#2407,(#2412,#2419),.PCURVE_S1.);
#2407 = CIRCLE('',#2408,2.5);
#2408 = AXIS2_PLACEMENT_3D('',#2409,#2410,#2411);
#2409 = CARTESIAN_POINT('',(-36.5,-12.5,22.5));
#2410 = DIRECTION('',(0.,-1.,-0.));
#2411 = DIRECTION('',(-1.,0.,-1.110223024625E-16));
#2412 = PCURVE('',#2379,#2413);
#2413 = DEFINITIONAL_REPRESENTATION('',(#2414),#2418);
#2414 = LINE('',#2415,#2416);
#2415 = CARTESIAN_POINT('',(0.,1.7763568394E-15));
#2416 = VECTOR('',#2417,1.);
#2417 = DIRECTION('',(1.,0.));
#2418 = ( GEOMETRIC_REPRESENTATION_CONTEXT(2) 
PARAMETRIC_REPRESENTATION_CONTEXT() REPRESENTATION_CONTEXT('2D SPACE',''
  ) );
#2419 = PCURVE('',#1571,#2420);
#2420 = DEFINITIONAL_REPRESENTATION('',(#2421),#2429);
#2421 = ( BOUNDED_CURVE() B_SPLINE_CURVE(2,(#2422,#2423,#2424,#2425,
#2426,#2427,#2428),.UNSPECIFIED.,.T.,.F.) B_SPLINE_CURVE_WITH_KNOTS((1,2
    ,2,2,2,1),(-2.094395102393,0.,2.094395102393,4.188790204786,
6.28318530718,8.377580409573),.UNSPECIFIED.) CURVE() 
GEOMETRIC_REPRESENTATION_ITEM() RATIONAL_B_SPLINE_CURVE((1.,0.5,1.,0.5,
1.,0.5,1.)) REPRESENTATION_ITEM('') );
#2422 = CARTESIAN_POINT('',(-8.5,7.5));
#2423 = CARTESIAN_POINT('',(-8.5,11.830127018922));
#2424 = CARTESIAN_POINT('',(-4.75,9.665063509461));
#2425 = CARTESIAN_POINT('',(-1.,7.5));
#2426 = CARTESIAN_POINT('',(-4.75,5.334936490539));
#2427 = CARTESIAN_POINT('',(-8.5,3.169872981078));
#2428 = CARTESIAN_POINT('',(-8.5,7.5));
#2429 = ( GEOMETRIC_REPRESENTATION_CONTEXT(2) 
PARAMETRIC_REPRESENTATION_CONTEXT() REPRESENTATION_CONTEXT('2D SPACE',''
  ) );
#2430 = ORIENTED_EDGE('',*,*,#2431,.F.);
#2431 = EDGE_CURVE('',#2432,#2404,#2434,.T.);
#2432 = VERTEX_POINT('',#2433);
#2433 = CARTESIAN_POINT('',(-34.,-3.5,22.5));
#2434 = SURFACE_CURVE('',#2435,(#2439,#2446),.PCURVE_S1.);
#2435 = LINE('',#2436,#2437);
#2436 = CARTESIAN_POINT('',(-34.,-12.5,22.5));
#2437 = VECTOR('',#2438,1.);
#2438 = DIRECTION('',(-0.,-1.,0.));
#2439 = PCURVE('',#2379,#2440);
#2440 = DEFINITIONAL_REPRESENTATION('',(#2441),#2445);
#2441 = LINE('',#2442,#2443);
#2442 = CARTESIAN_POINT('',(3.14159265359,0.));
#2443 = VECTOR('',#2444,1.);
#2444 = DIRECTION('',(0.,1.));
#2445 = ( GEOMETRIC_REPRESENTATION_CONTEXT(2) 
PARAMETRIC_REPRESENTATION_CONTEXT() REPRESENTATION_CONTEXT('2D SPACE',''
  ) );
#2446 = PCURVE('',#2391,#2447);
#2447 = DEFINITIONAL_REPRESENTATION('',(#2448),#2452);
#2448 = LINE('',#2449,#2450);
#2449 = CARTESIAN_POINT('',(3.14159265359,0.));
#2450 = VECTOR('',#2451,1.);
#2451 = DIRECTION('',(0.,1.));
#2452 = ( GEOMETRIC_REPRESENTATION_CONTEXT(2) 
PARAMETRIC_REPRESENTATION_CONTEXT() REPRESENTATION_CONTEXT('2D SPACE',''
  ) );
#2453 = ORIENTED_EDGE('',*,*,#2454,.T.);
#2454 = EDGE_CURVE('',#2432,#2369,#2455,.T.);
#2455 = SURFACE_CURVE('',#2456,(#2461,#2468),.PCURVE_S1.);
#2456 = CIRCLE('',#2457,2.5);
#2457 = AXIS2_PLACEMENT_3D('',#2458,#2459,#2460);
#2458 = CARTESIAN_POINT('',(-36.5,-3.5,22.5));
#2459 = DIRECTION('',(0.,-1.,-0.));
#2460 = DIRECTION('',(-1.,0.,-1.110223024625E-16));
#2461 = PCURVE('',#2379,#2462);
#2462 = DEFINITIONAL_REPRESENTATION('',(#2463),#2467);
#2463 = LINE('',#2464,#2465);
#2464 = CARTESIAN_POINT('',(0.,-9.));
#2465 = VECTOR('',#2466,1.);
#2466 = DIRECTION('',(1.,0.));
#2467 = ( GEOMETRIC_REPRESENTATION_CONTEXT(2) 
PARAMETRIC_REPRESENTATION_CONTEXT() REPRESENTATION_CONTEXT('2D SPACE',''
  ) );
#2468 = PCURVE('',#2469,#2474);
#2469 = CONICAL_SURFACE('',#2470,2.5,1.029744258677);
#2470 = AXIS2_PLACEMENT_3D('',#2471,#2472,#2473);
#2471 = CARTESIAN_POINT('',(-36.5,-3.5,22.5));
#2472 = DIRECTION('',(-0.,-1.,0.));
#2473 = DIRECTION('',(-1.,0.,-1.110223024625E-16));
#2474 = DEFINITIONAL_REPRESENTATION('',(#2475),#2479);
#2475 = LINE('',#2476,#2477);
#2476 = CARTESIAN_POINT('',(0.,-9.802687471293E-16));
#2477 = VECTOR('',#2478,1.);
#2478 = DIRECTION('',(1.,0.));
#2479 = ( GEOMETRIC_REPRESENTATION_CONTEXT(2) 
PARAMETRIC_REPRESENTATION_CONTEXT() REPRESENTATION_CONTEXT('2D SPACE',''
  ) );
#2480 = ADVANCED_FACE('',(#2481),#2469,.F.);
#2481 = FACE_BOUND('',#2482,.F.);
#2482 = EDGE_LOOP('',(#2483,#2484,#2556));
#2483 = ORIENTED_EDGE('',*,*,#2454,.F.);
#2484 = ORIENTED_EDGE('',*,*,#2485,.F.);
#2485 = EDGE_CURVE('',#2486,#2432,#2488,.T.);
#2486 = VERTEX_POINT('',#2487);
#2487 = CARTESIAN_POINT('',(-36.5,-1.997848452431,22.5));
#2488 = SURFACE_CURVE('',#2489,(#2493,#2522),.PCURVE_S1.);
#2489 = LINE('',#2490,#2491);
#2490 = CARTESIAN_POINT('',(-34.,-3.5,22.5));
#2491 = VECTOR('',#2492,1.);
#2492 = DIRECTION('',(0.857167300702,-0.51503807491,-9.808031794386E-18)
  );
#2493 = PCURVE('',#2469,#2494);
#2494 = DEFINITIONAL_REPRESENTATION('',(#2495),#2521);
#2495 = B_SPLINE_CURVE_WITH_KNOTS('',3,(#2496,#2497,#2498,#2499,#2500,
    #2501,#2502,#2503,#2504,#2505,#2506,#2507,#2508,#2509,#2510,#2511,
    #2512,#2513,#2514,#2515,#2516,#2517,#2518,#2519,#2520),
  .UNSPECIFIED.,.F.,.F.,(4,1,1,1,1,1,1,1,1,1,1,1,1,1,1,1,1,1,1,1,1,1,4),
  (-2.916583493038,-2.784011516082,-2.651439539126,-2.518867562169,
    -2.386295585213,-2.253723608257,-2.121151631301,-1.988579654344,
    -1.856007677388,-1.723435700432,-1.590863723475,-1.458291746519,
    -1.325719769563,-1.193147792607,-1.06057581565,-0.928003838694,
    -0.795431861738,-0.662859884781,-0.530287907825,-0.397715930869,
    -0.265143953913,-0.132571976956,0.),.UNSPECIFIED.);
#2496 = CARTESIAN_POINT('',(3.14159265359,-1.502151547569));
#2497 = CARTESIAN_POINT('',(3.14159265359,-1.479391675636));
#2498 = CARTESIAN_POINT('',(3.14159265359,-1.43387193177));
#2499 = CARTESIAN_POINT('',(3.14159265359,-1.365592315972));
#2500 = CARTESIAN_POINT('',(3.14159265359,-1.297312700173));
#2501 = CARTESIAN_POINT('',(3.14159265359,-1.229033084375));
#2502 = CARTESIAN_POINT('',(3.14159265359,-1.160753468576));
#2503 = CARTESIAN_POINT('',(3.14159265359,-1.092473852777));
#2504 = CARTESIAN_POINT('',(3.14159265359,-1.024194236979));
#2505 = CARTESIAN_POINT('',(3.14159265359,-0.95591462118));
#2506 = CARTESIAN_POINT('',(3.14159265359,-0.887635005382));
#2507 = CARTESIAN_POINT('',(3.14159265359,-0.819355389583));
#2508 = CARTESIAN_POINT('',(3.14159265359,-0.751075773784));
#2509 = CARTESIAN_POINT('',(3.14159265359,-0.682796157986));
#2510 = CARTESIAN_POINT('',(3.14159265359,-0.614516542187));
#2511 = CARTESIAN_POINT('',(3.14159265359,-0.546236926389));
#2512 = CARTESIAN_POINT('',(3.14159265359,-0.47795731059));
#2513 = CARTESIAN_POINT('',(3.14159265359,-0.409677694792));
#2514 = CARTESIAN_POINT('',(3.14159265359,-0.341398078993));
#2515 = CARTESIAN_POINT('',(3.14159265359,-0.273118463194));
#2516 = CARTESIAN_POINT('',(3.14159265359,-0.204838847396));
#2517 = CARTESIAN_POINT('',(3.14159265359,-0.136559231597));
#2518 = CARTESIAN_POINT('',(3.14159265359,-6.827961579859E-02));
#2519 = CARTESIAN_POINT('',(3.14159265359,-2.275987193286E-02));
#2520 = CARTESIAN_POINT('',(3.14159265359,2.156591243685E-15));
#2521 = ( GEOMETRIC_REPRESENTATION_CONTEXT(2) 
PARAMETRIC_REPRESENTATION_CONTEXT() REPRESENTATION_CONTEXT('2D SPACE',''
  ) );
#2522 = PCURVE('',#2523,#2528);
#2523 = CONICAL_SURFACE('',#2524,2.5,1.029744258677);
#2524 = AXIS2_PLACEMENT_3D('',#2525,#2526,#2527);
#2525 = CARTESIAN_POINT('',(-36.5,-3.5,22.5));
#2526 = DIRECTION('',(-0.,-1.,0.));
#2527 = DIRECTION('',(-1.,0.,-1.110223024625E-16));
#2528 = DEFINITIONAL_REPRESENTATION('',(#2529),#2555);
#2529 = B_SPLINE_CURVE_WITH_KNOTS('',3,(#2530,#2531,#2532,#2533,#2534,
    #2535,#2536,#2537,#2538,#2539,#2540,#2541,#2542,#2543,#2544,#2545,
    #2546,#2547,#2548,#2549,#2550,#2551,#2552,#2553,#2554),
  .UNSPECIFIED.,.F.,.F.,(4,1,1,1,1,1,1,1,1,1,1,1,1,1,1,1,1,1,1,1,1,1,4),
  (-2.916583493038,-2.784011516082,-2.651439539126,-2.518867562169,
    -2.386295585213,-2.253723608257,-2.121151631301,-1.988579654344,
    -1.856007677388,-1.723435700432,-1.590863723475,-1.458291746519,
    -1.325719769563,-1.193147792607,-1.06057581565,-0.928003838694,
    -0.795431861738,-0.662859884781,-0.530287907825,-0.397715930869,
    -0.265143953913,-0.132571976956,0.),.UNSPECIFIED.);
#2530 = CARTESIAN_POINT('',(3.14159265359,-1.502151547569));
#2531 = CARTESIAN_POINT('',(3.14159265359,-1.479391675636));
#2532 = CARTESIAN_POINT('',(3.14159265359,-1.43387193177));
#2533 = CARTESIAN_POINT('',(3.14159265359,-1.365592315972));
#2534 = CARTESIAN_POINT('',(3.14159265359,-1.297312700173));
#2535 = CARTESIAN_POINT('',(3.14159265359,-1.229033084375));
#2536 = CARTESIAN_POINT('',(3.14159265359,-1.160753468576));
#2537 = CARTESIAN_POINT('',(3.14159265359,-1.092473852777));
#2538 = CARTESIAN_POINT('',(3.14159265359,-1.024194236979));
#2539 = CARTESIAN_POINT('',(3.14159265359,-0.95591462118));
#2540 = CARTESIAN_POINT('',(3.14159265359,-0.887635005382));
#2541 = CARTESIAN_POINT('',(3.14159265359,-0.819355389583));
#2542 = CARTESIAN_POINT('',(3.14159265359,-0.751075773784));
#2543 = CARTESIAN_POINT('',(3.14159265359,-0.682796157986));
#2544 = CARTESIAN_POINT('',(3.14159265359,-0.614516542187));
#2545 = CARTESIAN_POINT('',(3.14159265359,-0.546236926389));
#2546 = CARTESIAN_POINT('',(3.14159265359,-0.47795731059));
#2547 = CARTESIAN_POINT('',(3.14159265359,-0.409677694792));
#2548 = CARTESIAN_POINT('',(3.14159265359,-0.341398078993));
#2549 = CARTESIAN_POINT('',(3.14159265359,-0.273118463194));
#2550 = CARTESIAN_POINT('',(3.14159265359,-0.204838847396));
#2551 = CARTESIAN_POINT('',(3.14159265359,-0.136559231597));
#2552 = CARTESIAN_POINT('',(3.14159265359,-6.827961579859E-02));
#2553 = CARTESIAN_POINT('',(3.14159265359,-2.275987193286E-02));
#2554 = CARTESIAN_POINT('',(3.14159265359,2.156591243685E-15));
#2555 = ( GEOMETRIC_REPRESENTATION_CONTEXT(2) 
PARAMETRIC_REPRESENTATION_CONTEXT() REPRESENTATION_CONTEXT('2D SPACE',''
  ) );
#2556 = ORIENTED_EDGE('',*,*,#2557,.T.);
#2557 = EDGE_CURVE('',#2486,#2369,#2558,.T.);
#2558 = SURFACE_CURVE('',#2559,(#2563,#2570),.PCURVE_S1.);
#2559 = LINE('',#2560,#2561);
#2560 = CARTESIAN_POINT('',(-39.,-3.5,22.5));
#2561 = VECTOR('',#2562,1.);
#2562 = DIRECTION('',(-0.857167300702,-0.51503807491,-9.516468731953E-17
    ));
#2563 = PCURVE('',#2469,#2564);
#2564 = DEFINITIONAL_REPRESENTATION('',(#2565),#2569);
#2565 = LINE('',#2566,#2567);
#2566 = CARTESIAN_POINT('',(6.28318530718,-1.372337110377E-15));
#2567 = VECTOR('',#2568,1.);
#2568 = DIRECTION('',(0.,1.));
#2569 = ( GEOMETRIC_REPRESENTATION_CONTEXT(2) 
PARAMETRIC_REPRESENTATION_CONTEXT() REPRESENTATION_CONTEXT('2D SPACE',''
  ) );
#2570 = PCURVE('',#2523,#2571);
#2571 = DEFINITIONAL_REPRESENTATION('',(#2572),#2576);
#2572 = LINE('',#2573,#2574);
#2573 = CARTESIAN_POINT('',(0.,-1.372337110377E-15));
#2574 = VECTOR('',#2575,1.);
#2575 = DIRECTION('',(0.,1.));
#2576 = ( GEOMETRIC_REPRESENTATION_CONTEXT(2) 
PARAMETRIC_REPRESENTATION_CONTEXT() REPRESENTATION_CONTEXT('2D SPACE',''
  ) );
#2577 = ADVANCED_FACE('',(#2578),#2592,.F.);
#2578 = FACE_BOUND('',#2579,.F.);
#2579 = EDGE_LOOP('',(#2580,#2615,#2643,#2666));
#2580 = ORIENTED_EDGE('',*,*,#2581,.T.);
#2581 = EDGE_CURVE('',#2582,#2584,#2586,.T.);
#2582 = VERTEX_POINT('',#2583);
#2583 = CARTESIAN_POINT('',(-39.,-3.5,-22.5));
#2584 = VERTEX_POINT('',#2585);
#2585 = CARTESIAN_POINT('',(-39.,-12.5,-22.5));
#2586 = SURFACE_CURVE('',#2587,(#2591,#2603),.PCURVE_S1.);
#2587 = LINE('',#2588,#2589);
#2588 = CARTESIAN_POINT('',(-39.,-12.5,-22.5));
#2589 = VECTOR('',#2590,1.);
#2590 = DIRECTION('',(-0.,-1.,0.));
#2591 = PCURVE('',#2592,#2597);
#2592 = CYLINDRICAL_SURFACE('',#2593,2.5);
#2593 = AXIS2_PLACEMENT_3D('',#2594,#2595,#2596);
#2594 = CARTESIAN_POINT('',(-36.5,-12.5,-22.5));
#2595 = DIRECTION('',(-0.,-1.,0.));
#2596 = DIRECTION('',(-1.,0.,-1.110223024625E-16));
#2597 = DEFINITIONAL_REPRESENTATION('',(#2598),#2602);
#2598 = LINE('',#2599,#2600);
#2599 = CARTESIAN_POINT('',(6.28318530718,0.));
#2600 = VECTOR('',#2601,1.);
#2601 = DIRECTION('',(0.,1.));
#2602 = ( GEOMETRIC_REPRESENTATION_CONTEXT(2) 
PARAMETRIC_REPRESENTATION_CONTEXT() REPRESENTATION_CONTEXT('2D SPACE',''
  ) );
#2603 = PCURVE('',#2604,#2609);
#2604 = CYLINDRICAL_SURFACE('',#2605,2.5);
#2605 = AXIS2_PLACEMENT_3D('',#2606,#2607,#2608);
#2606 = CARTESIAN_POINT('',(-36.5,-12.5,-22.5));
#2607 = DIRECTION('',(-0.,-1.,0.));
#2608 = DIRECTION('',(-1.,0.,-1.110223024625E-16));
#2609 = DEFINITIONAL_REPRESENTATION('',(#2610),#2614);
#2610 = LINE('',#2611,#2612);
#2611 = CARTESIAN_POINT('',(0.,0.));
#2612 = VECTOR('',#2613,1.);
#2613 = DIRECTION('',(0.,1.));
#2614 = ( GEOMETRIC_REPRESENTATION_CONTEXT(2) 
PARAMETRIC_REPRESENTATION_CONTEXT() REPRESENTATION_CONTEXT('2D SPACE',''
  ) );
#2615 = ORIENTED_EDGE('',*,*,#2616,.F.);
#2616 = EDGE_CURVE('',#2617,#2584,#2619,.T.);
#2617 = VERTEX_POINT('',#2618);
#2618 = CARTESIAN_POINT('',(-34.,-12.5,-22.5));
#2619 = SURFACE_CURVE('',#2620,(#2625,#2632),.PCURVE_S1.);
#2620 = CIRCLE('',#2621,2.5);
#2621 = AXIS2_PLACEMENT_3D('',#2622,#2623,#2624);
#2622 = CARTESIAN_POINT('',(-36.5,-12.5,-22.5));
#2623 = DIRECTION('',(0.,-1.,-0.));
#2624 = DIRECTION('',(-1.,0.,-1.110223024625E-16));
#2625 = PCURVE('',#2592,#2626);
#2626 = DEFINITIONAL_REPRESENTATION('',(#2627),#2631);
#2627 = LINE('',#2628,#2629);
#2628 = CARTESIAN_POINT('',(0.,1.7763568394E-15));
#2629 = VECTOR('',#2630,1.);
#2630 = DIRECTION('',(1.,0.));
#2631 = ( GEOMETRIC_REPRESENTATION_CONTEXT(2) 
PARAMETRIC_REPRESENTATION_CONTEXT() REPRESENTATION_CONTEXT('2D SPACE',''
  ) );
#2632 = PCURVE('',#1571,#2633);
#2633 = DEFINITIONAL_REPRESENTATION('',(#2634),#2642);
#2634 = ( BOUNDED_CURVE() B_SPLINE_CURVE(2,(#2635,#2636,#2637,#2638,
#2639,#2640,#2641),.UNSPECIFIED.,.T.,.F.) B_SPLINE_CURVE_WITH_KNOTS((1,2
    ,2,2,2,1),(-2.094395102393,0.,2.094395102393,4.188790204786,
6.28318530718,8.377580409573),.UNSPECIFIED.) CURVE() 
GEOMETRIC_REPRESENTATION_ITEM() RATIONAL_B_SPLINE_CURVE((1.,0.5,1.,0.5,
1.,0.5,1.)) REPRESENTATION_ITEM('') );
#2635 = CARTESIAN_POINT('',(-8.5,52.5));
#2636 = CARTESIAN_POINT('',(-8.5,56.830127018922));
#2637 = CARTESIAN_POINT('',(-4.75,54.665063509461));
#2638 = CARTESIAN_POINT('',(-1.,52.5));
#2639 = CARTESIAN_POINT('',(-4.75,50.334936490539));
#2640 = CARTESIAN_POINT('',(-8.5,48.169872981078));
#2641 = CARTESIAN_POINT('',(-8.5,52.5));
#2642 = ( GEOMETRIC_REPRESENTATION_CONTEXT(2) 
PARAMETRIC_REPRESENTATION_CONTEXT() REPRESENTATION_CONTEXT('2D SPACE',''
  ) );
#2643 = ORIENTED_EDGE('',*,*,#2644,.F.);
#2644 = EDGE_CURVE('',#2645,#2617,#2647,.T.);
#2645 = VERTEX_POINT('',#2646);
#2646 = CARTESIAN_POINT('',(-34.,-3.5,-22.5));
#2647 = SURFACE_CURVE('',#2648,(#2652,#2659),.PCURVE_S1.);
#2648 = LINE('',#2649,#2650);
#2649 = CARTESIAN_POINT('',(-34.,-12.5,-22.5));
#2650 = VECTOR('',#2651,1.);
#2651 = DIRECTION('',(-0.,-1.,0.));
#2652 = PCURVE('',#2592,#2653);
#2653 = DEFINITIONAL_REPRESENTATION('',(#2654),#2658);
#2654 = LINE('',#2655,#2656);
#2655 = CARTESIAN_POINT('',(3.14159265359,0.));
#2656 = VECTOR('',#2657,1.);
#2657 = DIRECTION('',(0.,1.));
#2658 = ( GEOMETRIC_REPRESENTATION_CONTEXT(2) 
PARAMETRIC_REPRESENTATION_CONTEXT() REPRESENTATION_CONTEXT('2D SPACE',''
  ) );
#2659 = PCURVE('',#2604,#2660);
#2660 = DEFINITIONAL_REPRESENTATION('',(#2661),#2665);
#2661 = LINE('',#2662,#2663);
#2662 = CARTESIAN_POINT('',(3.14159265359,0.));
#2663 = VECTOR('',#2664,1.);
#2664 = DIRECTION('',(0.,1.));
#2665 = ( GEOMETRIC_REPRESENTATION_CONTEXT(2) 
PARAMETRIC_REPRESENTATION_CONTEXT() REPRESENTATION_CONTEXT('2D SPACE',''
  ) );
#2666 = ORIENTED_EDGE('',*,*,#2667,.T.);
#2667 = EDGE_CURVE('',#2645,#2582,#2668,.T.);
#2668 = SURFACE_CURVE('',#2669,(#2674,#2681),.PCURVE_S1.);
#2669 = CIRCLE('',#2670,2.5);
#2670 = AXIS2_PLACEMENT_3D('',#2671,#2672,#2673);
#2671 = CARTESIAN_POINT('',(-36.5,-3.5,-22.5));
#2672 = DIRECTION('',(0.,-1.,-0.));
#2673 = DIRECTION('',(-1.,0.,-1.110223024625E-16));
#2674 = PCURVE('',#2592,#2675);
#2675 = DEFINITIONAL_REPRESENTATION('',(#2676),#2680);
#2676 = LINE('',#2677,#2678);
#2677 = CARTESIAN_POINT('',(0.,-9.));
#2678 = VECTOR('',#2679,1.);
#2679 = DIRECTION('',(1.,0.));
#2680 = ( GEOMETRIC_REPRESENTATION_CONTEXT(2) 
PARAMETRIC_REPRESENTATION_CONTEXT() REPRESENTATION_CONTEXT('2D SPACE',''
  ) );
#2681 = PCURVE('',#2682,#2687);
#2682 = CONICAL_SURFACE('',#2683,2.5,1.029744258677);
#2683 = AXIS2_PLACEMENT_3D('',#2684,#2685,#2686);
#2684 = CARTESIAN_POINT('',(-36.5,-3.5,-22.5));
#2685 = DIRECTION('',(-0.,-1.,0.));
#2686 = DIRECTION('',(-1.,0.,-1.110223024625E-16));
#2687 = DEFINITIONAL_REPRESENTATION('',(#2688),#2692);
#2688 = LINE('',#2689,#2690);
#2689 = CARTESIAN_POINT('',(0.,-9.802687471293E-16));
#2690 = VECTOR('',#2691,1.);
#2691 = DIRECTION('',(1.,0.));
#2692 = ( GEOMETRIC_REPRESENTATION_CONTEXT(2) 
PARAMETRIC_REPRESENTATION_CONTEXT() REPRESENTATION_CONTEXT('2D SPACE',''
  ) );
#2693 = ADVANCED_FACE('',(#2694),#2682,.F.);
#2694 = FACE_BOUND('',#2695,.F.);
#2695 = EDGE_LOOP('',(#2696,#2697,#2769));
#2696 = ORIENTED_EDGE('',*,*,#2667,.F.);
#2697 = ORIENTED_EDGE('',*,*,#2698,.F.);
#2698 = EDGE_CURVE('',#2699,#2645,#2701,.T.);
#2699 = VERTEX_POINT('',#2700);
#2700 = CARTESIAN_POINT('',(-36.5,-1.997848452431,-22.5));
#2701 = SURFACE_CURVE('',#2702,(#2706,#2735),.PCURVE_S1.);
#2702 = LINE('',#2703,#2704);
#2703 = CARTESIAN_POINT('',(-34.,-3.5,-22.5));
#2704 = VECTOR('',#2705,1.);
#2705 = DIRECTION('',(0.857167300702,-0.51503807491,-9.808031794386E-18)
  );
#2706 = PCURVE('',#2682,#2707);
#2707 = DEFINITIONAL_REPRESENTATION('',(#2708),#2734);
#2708 = B_SPLINE_CURVE_WITH_KNOTS('',3,(#2709,#2710,#2711,#2712,#2713,
    #2714,#2715,#2716,#2717,#2718,#2719,#2720,#2721,#2722,#2723,#2724,
    #2725,#2726,#2727,#2728,#2729,#2730,#2731,#2732,#2733),
  .UNSPECIFIED.,.F.,.F.,(4,1,1,1,1,1,1,1,1,1,1,1,1,1,1,1,1,1,1,1,1,1,4),
  (-2.916583493038,-2.784011516082,-2.651439539126,-2.518867562169,
    -2.386295585213,-2.253723608257,-2.121151631301,-1.988579654344,
    -1.856007677388,-1.723435700432,-1.590863723475,-1.458291746519,
    -1.325719769563,-1.193147792607,-1.06057581565,-0.928003838694,
    -0.795431861738,-0.662859884781,-0.530287907825,-0.397715930869,
    -0.265143953913,-0.132571976956,0.),.UNSPECIFIED.);
#2709 = CARTESIAN_POINT('',(3.14159265359,-1.502151547569));
#2710 = CARTESIAN_POINT('',(3.14159265359,-1.479391675636));
#2711 = CARTESIAN_POINT('',(3.14159265359,-1.43387193177));
#2712 = CARTESIAN_POINT('',(3.14159265359,-1.365592315972));
#2713 = CARTESIAN_POINT('',(3.14159265359,-1.297312700173));
#2714 = CARTESIAN_POINT('',(3.14159265359,-1.229033084375));
#2715 = CARTESIAN_POINT('',(3.14159265359,-1.160753468576));
#2716 = CARTESIAN_POINT('',(3.14159265359,-1.092473852777));
#2717 = CARTESIAN_POINT('',(3.14159265359,-1.024194236979));
#2718 = CARTESIAN_POINT('',(3.14159265359,-0.95591462118));
#2719 = CARTESIAN_POINT('',(3.14159265359,-0.887635005382));
#2720 = CARTESIAN_POINT('',(3.14159265359,-0.819355389583));
#2721 = CARTESIAN_POINT('',(3.14159265359,-0.751075773784));
#2722 = CARTESIAN_POINT('',(3.14159265359,-0.682796157986));
#2723 = CARTESIAN_POINT('',(3.14159265359,-0.614516542187));
#2724 = CARTESIAN_POINT('',(3.14159265359,-0.546236926389));
#2725 = CARTESIAN_POINT('',(3.14159265359,-0.47795731059));
#2726 = CARTESIAN_POINT('',(3.14159265359,-0.409677694792));
#2727 = CARTESIAN_POINT('',(3.14159265359,-0.341398078993));
#2728 = CARTESIAN_POINT('',(3.14159265359,-0.273118463194));
#2729 = CARTESIAN_POINT('',(3.14159265359,-0.204838847396));
#2730 = CARTESIAN_POINT('',(3.14159265359,-0.136559231597));
#2731 = CARTESIAN_POINT('',(3.14159265359,-6.827961579859E-02));
#2732 = CARTESIAN_POINT('',(3.14159265359,-2.275987193286E-02));
#2733 = CARTESIAN_POINT('',(3.14159265359,2.156591243685E-15));
#2734 = ( GEOMETRIC_REPRESENTATION_CONTEXT(2) 
PARAMETRIC_REPRESENTATION_CONTEXT() REPRESENTATION_CONTEXT('2D SPACE',''
  ) );
#2735 = PCURVE('',#2736,#2741);
#2736 = CONICAL_SURFACE('',#2737,2.5,1.029744258677);
#2737 = AXIS2_PLACEMENT_3D('',#2738,#2739,#2740);
#2738 = CARTESIAN_POINT('',(-36.5,-3.5,-22.5));
#2739 = DIRECTION('',(-0.,-1.,0.));
#2740 = DIRECTION('',(-1.,0.,-1.110223024625E-16));
#2741 = DEFINITIONAL_REPRESENTATION('',(#2742),#2768);
#2742 = B_SPLINE_CURVE_WITH_KNOTS('',3,(#2743,#2744,#2745,#2746,#2747,
    #2748,#2749,#2750,#2751,#2752,#2753,#2754,#2755,#2756,#2757,#2758,
    #2759,#2760,#2761,#2762,#2763,#2764,#2765,#2766,#2767),
  .UNSPECIFIED.,.F.,.F.,(4,1,1,1,1,1,1,1,1,1,1,1,1,1,1,1,1,1,1,1,1,1,4),
  (-2.916583493038,-2.784011516082,-2.651439539126,-2.518867562169,
    -2.386295585213,-2.253723608257,-2.121151631301,-1.988579654344,
    -1.856007677388,-1.723435700432,-1.590863723475,-1.458291746519,
    -1.325719769563,-1.193147792607,-1.06057581565,-0.928003838694,
    -0.795431861738,-0.662859884781,-0.530287907825,-0.397715930869,
    -0.265143953913,-0.132571976956,0.),.UNSPECIFIED.);
#2743 = CARTESIAN_POINT('',(3.14159265359,-1.502151547569));
#2744 = CARTESIAN_POINT('',(3.14159265359,-1.479391675636));
#2745 = CARTESIAN_POINT('',(3.14159265359,-1.43387193177));
#2746 = CARTESIAN_POINT('',(3.14159265359,-1.365592315972));
#2747 = CARTESIAN_POINT('',(3.14159265359,-1.297312700173));
#2748 = CARTESIAN_POINT('',(3.14159265359,-1.229033084375));
#2749 = CARTESIAN_POINT('',(3.14159265359,-1.160753468576));
#2750 = CARTESIAN_POINT('',(3.14159265359,-1.092473852777));
#2751 = CARTESIAN_POINT('',(3.14159265359,-1.024194236979));
#2752 = CARTESIAN_POINT('',(3.14159265359,-0.95591462118));
#2753 = CARTESIAN_POINT('',(3.14159265359,-0.887635005382));
#2754 = CARTESIAN_POINT('',(3.14159265359,-0.819355389583));
#2755 = CARTESIAN_POINT('',(3.14159265359,-0.751075773784));
#2756 = CARTESIAN_POINT('',(3.14159265359,-0.682796157986));
#2757 = CARTESIAN_POINT('',(3.14159265359,-0.614516542187));
#2758 = CARTESIAN_POINT('',(3.14159265359,-0.546236926389));
#2759 = CARTESIAN_POINT('',(3.14159265359,-0.47795731059));
#2760 = CARTESIAN_POINT('',(3.14159265359,-0.409677694792));
#2761 = CARTESIAN_POINT('',(3.14159265359,-0.341398078993));
#2762 = CARTESIAN_POINT('',(3.14159265359,-0.273118463194));
#2763 = CARTESIAN_POINT('',(3.14159265359,-0.204838847396));
#2764 = CARTESIAN_POINT('',(3.14159265359,-0.136559231597));
#2765 = CARTESIAN_POINT('',(3.14159265359,-6.827961579859E-02));
#2766 = CARTESIAN_POINT('',(3.14159265359,-2.275987193286E-02));
#2767 = CARTESIAN_POINT('',(3.14159265359,2.156591243685E-15));
#2768 = ( GEOMETRIC_REPRESENTATION_CONTEXT(2) 
PARAMETRIC_REPRESENTATION_CONTEXT() REPRESENTATION_CONTEXT('2D SPACE',''
  ) );
#2769 = ORIENTED_EDGE('',*,*,#2770,.T.);
#2770 = EDGE_CURVE('',#2699,#2582,#2771,.T.);
#2771 = SURFACE_CURVE('',#2772,(#2776,#2783),.PCURVE_S1.);
#2772 = LINE('',#2773,#2774);
#2773 = CARTESIAN_POINT('',(-39.,-3.5,-22.5));
#2774 = VECTOR('',#2775,1.);
#2775 = DIRECTION('',(-0.857167300702,-0.51503807491,-9.516468731953E-17
    ));
#2776 = PCURVE('',#2682,#2777);
#2777 = DEFINITIONAL_REPRESENTATION('',(#2778),#2782);
#2778 = LINE('',#2779,#2780);
#2779 = CARTESIAN_POINT('',(6.28318530718,-1.372337110377E-15));
#2780 = VECTOR('',#2781,1.);
#2781 = DIRECTION('',(0.,1.));
#2782 = ( GEOMETRIC_REPRESENTATION_CONTEXT(2) 
PARAMETRIC_REPRESENTATION_CONTEXT() REPRESENTATION_CONTEXT('2D SPACE',''
  ) );
#2783 = PCURVE('',#2736,#2784);
#2784 = DEFINITIONAL_REPRESENTATION('',(#2785),#2789);
#2785 = LINE('',#2786,#2787);
#2786 = CARTESIAN_POINT('',(0.,-1.372337110377E-15));
#2787 = VECTOR('',#2788,1.);
#2788 = DIRECTION('',(0.,1.));
#2789 = ( GEOMETRIC_REPRESENTATION_CONTEXT(2) 
PARAMETRIC_REPRESENTATION_CONTEXT() REPRESENTATION_CONTEXT('2D SPACE',''
  ) );
#2790 = ADVANCED_FACE('',(#2791),#2805,.F.);
#2791 = FACE_BOUND('',#2792,.T.);
#2792 = EDGE_LOOP('',(#2793,#2828,#2856,#2884));
#2793 = ORIENTED_EDGE('',*,*,#2794,.T.);
#2794 = EDGE_CURVE('',#2795,#2797,#2799,.T.);
#2795 = VERTEX_POINT('',#2796);
#2796 = CARTESIAN_POINT('',(-42.5,12.5,0.5));
#2797 = VERTEX_POINT('',#2798);
#2798 = CARTESIAN_POINT('',(-42.5,12.5,4.5));
#2799 = SURFACE_CURVE('',#2800,(#2804,#2816),.PCURVE_S1.);
#2800 = LINE('',#2801,#2802);
#2801 = CARTESIAN_POINT('',(-42.5,12.5,20.));
#2802 = VECTOR('',#2803,1.);
#2803 = DIRECTION('',(-1.110223024625E-16,-1.301042606983E-16,1.));
#2804 = PCURVE('',#2805,#2810);
#2805 = PLANE('',#2806);
#2806 = AXIS2_PLACEMENT_3D('',#2807,#2808,#2809);
#2807 = CARTESIAN_POINT('',(42.5,12.5,20.));
#2808 = DIRECTION('',(1.444447458291E-32,-1.,-1.301042606983E-16));
#2809 = DIRECTION('',(1.110223024625E-16,1.301042606983E-16,-1.));
#2810 = DEFINITIONAL_REPRESENTATION('',(#2811),#2815);
#2811 = LINE('',#2812,#2813);
#2812 = CARTESIAN_POINT('',(-2.331468351713E-15,-85.));
#2813 = VECTOR('',#2814,1.);
#2814 = DIRECTION('',(-1.,0.));
#2815 = ( GEOMETRIC_REPRESENTATION_CONTEXT(2) 
PARAMETRIC_REPRESENTATION_CONTEXT() REPRESENTATION_CONTEXT('2D SPACE',''
  ) );
#2816 = PCURVE('',#2817,#2822);
#2817 = PLANE('',#2818);
#2818 = AXIS2_PLACEMENT_3D('',#2819,#2820,#2821);
#2819 = CARTESIAN_POINT('',(-42.5,22.5,30.));
#2820 = DIRECTION('',(-1.,0.,-1.110223024625E-16));
#2821 = DIRECTION('',(-1.110223024625E-16,0.,1.));
#2822 = DEFINITIONAL_REPRESENTATION('',(#2823),#2827);
#2823 = LINE('',#2824,#2825);
#2824 = CARTESIAN_POINT('',(-10.,-10.));
#2825 = VECTOR('',#2826,1.);
#2826 = DIRECTION('',(1.,-1.301042606983E-16));
#2827 = ( GEOMETRIC_REPRESENTATION_CONTEXT(2) 
PARAMETRIC_REPRESENTATION_CONTEXT() REPRESENTATION_CONTEXT('2D SPACE',''
  ) );
#2828 = ORIENTED_EDGE('',*,*,#2829,.T.);
#2829 = EDGE_CURVE('',#2797,#2830,#2832,.T.);
#2830 = VERTEX_POINT('',#2831);
#2831 = CARTESIAN_POINT('',(42.5,12.5,4.5));
#2832 = SURFACE_CURVE('',#2833,(#2837,#2844),.PCURVE_S1.);
#2833 = LINE('',#2834,#2835);
#2834 = CARTESIAN_POINT('',(-42.5,12.5,4.5));
#2835 = VECTOR('',#2836,1.);
#2836 = DIRECTION('',(1.,0.,1.110223024625E-16));
#2837 = PCURVE('',#2805,#2838);
#2838 = DEFINITIONAL_REPRESENTATION('',(#2839),#2843);
#2839 = LINE('',#2840,#2841);
#2840 = CARTESIAN_POINT('',(15.5,-85.));
#2841 = VECTOR('',#2842,1.);
#2842 = DIRECTION('',(0.,1.));
#2843 = ( GEOMETRIC_REPRESENTATION_CONTEXT(2) 
PARAMETRIC_REPRESENTATION_CONTEXT() REPRESENTATION_CONTEXT('2D SPACE',''
  ) );
#2844 = PCURVE('',#2845,#2850);
#2845 = PLANE('',#2846);
#2846 = AXIS2_PLACEMENT_3D('',#2847,#2848,#2849);
#2847 = CARTESIAN_POINT('',(-42.5,12.,5.));
#2848 = DIRECTION('',(7.850462293419E-17,-0.707106781187,-0.707106781187
    ));
#2849 = DIRECTION('',(7.850462293419E-17,0.707106781187,-0.707106781187)
  );
#2850 = DEFINITIONAL_REPRESENTATION('',(#2851),#2855);
#2851 = LINE('',#2852,#2853);
#2852 = CARTESIAN_POINT('',(0.707106781187,-5.551115123126E-17));
#2853 = VECTOR('',#2854,1.);
#2854 = DIRECTION('',(0.,1.));
#2855 = ( GEOMETRIC_REPRESENTATION_CONTEXT(2) 
PARAMETRIC_REPRESENTATION_CONTEXT() REPRESENTATION_CONTEXT('2D SPACE',''
  ) );
#2856 = ORIENTED_EDGE('',*,*,#2857,.F.);
#2857 = EDGE_CURVE('',#2858,#2830,#2860,.T.);
#2858 = VERTEX_POINT('',#2859);
#2859 = CARTESIAN_POINT('',(42.5,12.5,0.5));
#2860 = SURFACE_CURVE('',#2861,(#2865,#2872),.PCURVE_S1.);
#2861 = LINE('',#2862,#2863);
#2862 = CARTESIAN_POINT('',(42.5,12.5,20.));
#2863 = VECTOR('',#2864,1.);
#2864 = DIRECTION('',(-1.110223024625E-16,-1.301042606983E-16,1.));
#2865 = PCURVE('',#2805,#2866);
#2866 = DEFINITIONAL_REPRESENTATION('',(#2867),#2871);
#2867 = LINE('',#2868,#2869);
#2868 = CARTESIAN_POINT('',(0.,0.));
#2869 = VECTOR('',#2870,1.);
#2870 = DIRECTION('',(-1.,0.));
#2871 = ( GEOMETRIC_REPRESENTATION_CONTEXT(2) 
PARAMETRIC_REPRESENTATION_CONTEXT() REPRESENTATION_CONTEXT('2D SPACE',''
  ) );
#2872 = PCURVE('',#2873,#2878);
#2873 = PLANE('',#2874);
#2874 = AXIS2_PLACEMENT_3D('',#2875,#2876,#2877);
#2875 = CARTESIAN_POINT('',(42.5,22.5,30.));
#2876 = DIRECTION('',(-1.,0.,-1.110223024625E-16));
#2877 = DIRECTION('',(-1.110223024625E-16,0.,1.));
#2878 = DEFINITIONAL_REPRESENTATION('',(#2879),#2883);
#2879 = LINE('',#2880,#2881);
#2880 = CARTESIAN_POINT('',(-10.,-10.));
#2881 = VECTOR('',#2882,1.);
#2882 = DIRECTION('',(1.,-1.301042606983E-16));
#2883 = ( GEOMETRIC_REPRESENTATION_CONTEXT(2) 
PARAMETRIC_REPRESENTATION_CONTEXT() REPRESENTATION_CONTEXT('2D SPACE',''
  ) );
#2884 = ORIENTED_EDGE('',*,*,#2885,.F.);
#2885 = EDGE_CURVE('',#2795,#2858,#2886,.T.);
#2886 = SURFACE_CURVE('',#2887,(#2891,#2898),.PCURVE_S1.);
#2887 = LINE('',#2888,#2889);
#2888 = CARTESIAN_POINT('',(-42.5,12.5,0.5));
#2889 = VECTOR('',#2890,1.);
#2890 = DIRECTION('',(1.,0.,1.110223024625E-16));
#2891 = PCURVE('',#2805,#2892);
#2892 = DEFINITIONAL_REPRESENTATION('',(#2893),#2897);
#2893 = LINE('',#2894,#2895);
#2894 = CARTESIAN_POINT('',(19.5,-85.));
#2895 = VECTOR('',#2896,1.);
#2896 = DIRECTION('',(0.,1.));
#2897 = ( GEOMETRIC_REPRESENTATION_CONTEXT(2) 
PARAMETRIC_REPRESENTATION_CONTEXT() REPRESENTATION_CONTEXT('2D SPACE',''
  ) );
#2898 = PCURVE('',#2899,#2904);
#2899 = PLANE('',#2900);
#2900 = AXIS2_PLACEMENT_3D('',#2901,#2902,#2903);
#2901 = CARTESIAN_POINT('',(-42.5,12.,-4.718447854657E-15));
#2902 = DIRECTION('',(-7.850462293419E-17,-0.707106781187,0.707106781187
    ));
#2903 = DIRECTION('',(7.850462293419E-17,-0.707106781187,-0.707106781187
    ));
#2904 = DEFINITIONAL_REPRESENTATION('',(#2905),#2909);
#2905 = LINE('',#2906,#2907);
#2906 = CARTESIAN_POINT('',(-0.707106781187,5.551115123126E-17));
#2907 = VECTOR('',#2908,1.);
#2908 = DIRECTION('',(0.,1.));
#2909 = ( GEOMETRIC_REPRESENTATION_CONTEXT(2) 
PARAMETRIC_REPRESENTATION_CONTEXT() REPRESENTATION_CONTEXT('2D SPACE',''
  ) );
#2910 = ADVANCED_FACE('',(#2911),#2925,.F.);
#2911 = FACE_BOUND('',#2912,.T.);
#2912 = EDGE_LOOP('',(#2913,#2943,#2971,#2994));
#2913 = ORIENTED_EDGE('',*,*,#2914,.F.);
#2914 = EDGE_CURVE('',#2915,#2917,#2919,.T.);
#2915 = VERTEX_POINT('',#2916);
#2916 = CARTESIAN_POINT('',(42.5,12.5,5.5));
#2917 = VERTEX_POINT('',#2918);
#2918 = CARTESIAN_POINT('',(42.5,12.5,9.5));
#2919 = SURFACE_CURVE('',#2920,(#2924,#2936),.PCURVE_S1.);
#2920 = LINE('',#2921,#2922);
#2921 = CARTESIAN_POINT('',(42.5,12.5,20.));
#2922 = VECTOR('',#2923,1.);
#2923 = DIRECTION('',(-1.110223024625E-16,-1.301042606983E-16,1.));
#2924 = PCURVE('',#2925,#2930);
#2925 = PLANE('',#2926);
#2926 = AXIS2_PLACEMENT_3D('',#2927,#2928,#2929);
#2927 = CARTESIAN_POINT('',(42.5,12.5,20.));
#2928 = DIRECTION('',(1.444447458291E-32,-1.,-1.301042606983E-16));
#2929 = DIRECTION('',(1.110223024625E-16,1.301042606983E-16,-1.));
#2930 = DEFINITIONAL_REPRESENTATION('',(#2931),#2935);
#2931 = LINE('',#2932,#2933);
#2932 = CARTESIAN_POINT('',(0.,0.));
#2933 = VECTOR('',#2934,1.);
#2934 = DIRECTION('',(-1.,0.));
#2935 = ( GEOMETRIC_REPRESENTATION_CONTEXT(2) 
PARAMETRIC_REPRESENTATION_CONTEXT() REPRESENTATION_CONTEXT('2D SPACE',''
  ) );
#2936 = PCURVE('',#2873,#2937);
#2937 = DEFINITIONAL_REPRESENTATION('',(#2938),#2942);
#2938 = LINE('',#2939,#2940);
#2939 = CARTESIAN_POINT('',(-10.,-10.));
#2940 = VECTOR('',#2941,1.);
#2941 = DIRECTION('',(1.,-1.301042606983E-16));
#2942 = ( GEOMETRIC_REPRESENTATION_CONTEXT(2) 
PARAMETRIC_REPRESENTATION_CONTEXT() REPRESENTATION_CONTEXT('2D SPACE',''
  ) );
#2943 = ORIENTED_EDGE('',*,*,#2944,.F.);
#2944 = EDGE_CURVE('',#2945,#2915,#2947,.T.);
#2945 = VERTEX_POINT('',#2946);
#2946 = CARTESIAN_POINT('',(-42.5,12.5,5.5));
#2947 = SURFACE_CURVE('',#2948,(#2952,#2959),.PCURVE_S1.);
#2948 = LINE('',#2949,#2950);
#2949 = CARTESIAN_POINT('',(-42.5,12.5,5.5));
#2950 = VECTOR('',#2951,1.);
#2951 = DIRECTION('',(1.,0.,1.110223024625E-16));
#2952 = PCURVE('',#2925,#2953);
#2953 = DEFINITIONAL_REPRESENTATION('',(#2954),#2958);
#2954 = LINE('',#2955,#2956);
#2955 = CARTESIAN_POINT('',(14.5,-85.));
#2956 = VECTOR('',#2957,1.);
#2957 = DIRECTION('',(0.,1.));
#2958 = ( GEOMETRIC_REPRESENTATION_CONTEXT(2) 
PARAMETRIC_REPRESENTATION_CONTEXT() REPRESENTATION_CONTEXT('2D SPACE',''
  ) );
#2959 = PCURVE('',#2960,#2965);
#2960 = PLANE('',#2961);
#2961 = AXIS2_PLACEMENT_3D('',#2962,#2963,#2964);
#2962 = CARTESIAN_POINT('',(-42.5,12.,5.));
#2963 = DIRECTION('',(-7.850462293419E-17,-0.707106781187,0.707106781187
    ));
#2964 = DIRECTION('',(7.850462293419E-17,-0.707106781187,-0.707106781187
    ));
#2965 = DEFINITIONAL_REPRESENTATION('',(#2966),#2970);
#2966 = LINE('',#2967,#2968);
#2967 = CARTESIAN_POINT('',(-0.707106781187,5.551115123126E-17));
#2968 = VECTOR('',#2969,1.);
#2969 = DIRECTION('',(0.,1.));
#2970 = ( GEOMETRIC_REPRESENTATION_CONTEXT(2) 
PARAMETRIC_REPRESENTATION_CONTEXT() REPRESENTATION_CONTEXT('2D SPACE',''
  ) );
#2971 = ORIENTED_EDGE('',*,*,#2972,.T.);
#2972 = EDGE_CURVE('',#2945,#2973,#2975,.T.);
#2973 = VERTEX_POINT('',#2974);
#2974 = CARTESIAN_POINT('',(-42.5,12.5,9.5));
#2975 = SURFACE_CURVE('',#2976,(#2980,#2987),.PCURVE_S1.);
#2976 = LINE('',#2977,#2978);
#2977 = CARTESIAN_POINT('',(-42.5,12.5,20.));
#2978 = VECTOR('',#2979,1.);
#2979 = DIRECTION('',(-1.110223024625E-16,-1.301042606983E-16,1.));
#2980 = PCURVE('',#2925,#2981);
#2981 = DEFINITIONAL_REPRESENTATION('',(#2982),#2986);
#2982 = LINE('',#2983,#2984);
#2983 = CARTESIAN_POINT('',(-2.331468351713E-15,-85.));
#2984 = VECTOR('',#2985,1.);
#2985 = DIRECTION('',(-1.,0.));
#2986 = ( GEOMETRIC_REPRESENTATION_CONTEXT(2) 
PARAMETRIC_REPRESENTATION_CONTEXT() REPRESENTATION_CONTEXT('2D SPACE',''
  ) );
#2987 = PCURVE('',#2817,#2988);
#2988 = DEFINITIONAL_REPRESENTATION('',(#2989),#2993);
#2989 = LINE('',#2990,#2991);
#2990 = CARTESIAN_POINT('',(-10.,-10.));
#2991 = VECTOR('',#2992,1.);
#2992 = DIRECTION('',(1.,-1.301042606983E-16));
#2993 = ( GEOMETRIC_REPRESENTATION_CONTEXT(2) 
PARAMETRIC_REPRESENTATION_CONTEXT() REPRESENTATION_CONTEXT('2D SPACE',''
  ) );
#2994 = ORIENTED_EDGE('',*,*,#2995,.T.);
#2995 = EDGE_CURVE('',#2973,#2917,#2996,.T.);
#2996 = SURFACE_CURVE('',#2997,(#3001,#3008),.PCURVE_S1.);
#2997 = LINE('',#2998,#2999);
#2998 = CARTESIAN_POINT('',(-42.5,12.5,9.5));
#2999 = VECTOR('',#3000,1.);
#3000 = DIRECTION('',(1.,0.,1.110223024625E-16));
#3001 = PCURVE('',#2925,#3002);
#3002 = DEFINITIONAL_REPRESENTATION('',(#3003),#3007);
#3003 = LINE('',#3004,#3005);
#3004 = CARTESIAN_POINT('',(10.5,-85.));
#3005 = VECTOR('',#3006,1.);
#3006 = DIRECTION('',(0.,1.));
#3007 = ( GEOMETRIC_REPRESENTATION_CONTEXT(2) 
PARAMETRIC_REPRESENTATION_CONTEXT() REPRESENTATION_CONTEXT('2D SPACE',''
  ) );
#3008 = PCURVE('',#3009,#3014);
#3009 = PLANE('',#3010);
#3010 = AXIS2_PLACEMENT_3D('',#3011,#3012,#3013);
#3011 = CARTESIAN_POINT('',(-42.5,12.,10.));
#3012 = DIRECTION('',(7.850462293419E-17,-0.707106781187,-0.707106781187
    ));
#3013 = DIRECTION('',(7.850462293419E-17,0.707106781187,-0.707106781187)
  );
#3014 = DEFINITIONAL_REPRESENTATION('',(#3015),#3019);
#3015 = LINE('',#3016,#3017);
#3016 = CARTESIAN_POINT('',(0.707106781187,-5.551115123126E-17));
#3017 = VECTOR('',#3018,1.);
#3018 = DIRECTION('',(0.,1.));
#3019 = ( GEOMETRIC_REPRESENTATION_CONTEXT(2) 
PARAMETRIC_REPRESENTATION_CONTEXT() REPRESENTATION_CONTEXT('2D SPACE',''
  ) );
#3020 = ADVANCED_FACE('',(#3021),#3035,.F.);
#3021 = FACE_BOUND('',#3022,.T.);
#3022 = EDGE_LOOP('',(#3023,#3053,#3081,#3104));
#3023 = ORIENTED_EDGE('',*,*,#3024,.F.);
#3024 = EDGE_CURVE('',#3025,#3027,#3029,.T.);
#3025 = VERTEX_POINT('',#3026);
#3026 = CARTESIAN_POINT('',(42.5,12.5,-14.5));
#3027 = VERTEX_POINT('',#3028);
#3028 = CARTESIAN_POINT('',(42.5,12.5,-10.5));
#3029 = SURFACE_CURVE('',#3030,(#3034,#3046),.PCURVE_S1.);
#3030 = LINE('',#3031,#3032);
#3031 = CARTESIAN_POINT('',(42.5,12.5,20.));
#3032 = VECTOR('',#3033,1.);
#3033 = DIRECTION('',(-1.110223024625E-16,-1.301042606983E-16,1.));
#3034 = PCURVE('',#3035,#3040);
#3035 = PLANE('',#3036);
#3036 = AXIS2_PLACEMENT_3D('',#3037,#3038,#3039);
#3037 = CARTESIAN_POINT('',(42.5,12.5,20.));
#3038 = DIRECTION('',(1.444447458291E-32,-1.,-1.301042606983E-16));
#3039 = DIRECTION('',(1.110223024625E-16,1.301042606983E-16,-1.));
#3040 = DEFINITIONAL_REPRESENTATION('',(#3041),#3045);
#3041 = LINE('',#3042,#3043);
#3042 = CARTESIAN_POINT('',(0.,0.));
#3043 = VECTOR('',#3044,1.);
#3044 = DIRECTION('',(-1.,0.));
#3045 = ( GEOMETRIC_REPRESENTATION_CONTEXT(2) 
PARAMETRIC_REPRESENTATION_CONTEXT() REPRESENTATION_CONTEXT('2D SPACE',''
  ) );
#3046 = PCURVE('',#2873,#3047);
#3047 = DEFINITIONAL_REPRESENTATION('',(#3048),#3052);
#3048 = LINE('',#3049,#3050);
#3049 = CARTESIAN_POINT('',(-10.,-10.));
#3050 = VECTOR('',#3051,1.);
#3051 = DIRECTION('',(1.,-1.301042606983E-16));
#3052 = ( GEOMETRIC_REPRESENTATION_CONTEXT(2) 
PARAMETRIC_REPRESENTATION_CONTEXT() REPRESENTATION_CONTEXT('2D SPACE',''
  ) );
#3053 = ORIENTED_EDGE('',*,*,#3054,.F.);
#3054 = EDGE_CURVE('',#3055,#3025,#3057,.T.);
#3055 = VERTEX_POINT('',#3056);
#3056 = CARTESIAN_POINT('',(-42.5,12.5,-14.5));
#3057 = SURFACE_CURVE('',#3058,(#3062,#3069),.PCURVE_S1.);
#3058 = LINE('',#3059,#3060);
#3059 = CARTESIAN_POINT('',(-42.5,12.5,-14.5));
#3060 = VECTOR('',#3061,1.);
#3061 = DIRECTION('',(1.,0.,1.110223024625E-16));
#3062 = PCURVE('',#3035,#3063);
#3063 = DEFINITIONAL_REPRESENTATION('',(#3064),#3068);
#3064 = LINE('',#3065,#3066);
#3065 = CARTESIAN_POINT('',(34.5,-85.));
#3066 = VECTOR('',#3067,1.);
#3067 = DIRECTION('',(0.,1.));
#3068 = ( GEOMETRIC_REPRESENTATION_CONTEXT(2) 
PARAMETRIC_REPRESENTATION_CONTEXT() REPRESENTATION_CONTEXT('2D SPACE',''
  ) );
#3069 = PCURVE('',#3070,#3075);
#3070 = PLANE('',#3071);
#3071 = AXIS2_PLACEMENT_3D('',#3072,#3073,#3074);
#3072 = CARTESIAN_POINT('',(-42.5,12.,-15.));
#3073 = DIRECTION('',(-7.850462293419E-17,-0.707106781187,0.707106781187
    ));
#3074 = DIRECTION('',(7.850462293419E-17,-0.707106781187,-0.707106781187
    ));
#3075 = DEFINITIONAL_REPRESENTATION('',(#3076),#3080);
#3076 = LINE('',#3077,#3078);
#3077 = CARTESIAN_POINT('',(-0.707106781187,5.551115123126E-17));
#3078 = VECTOR('',#3079,1.);
#3079 = DIRECTION('',(0.,1.));
#3080 = ( GEOMETRIC_REPRESENTATION_CONTEXT(2) 
PARAMETRIC_REPRESENTATION_CONTEXT() REPRESENTATION_CONTEXT('2D SPACE',''
  ) );
#3081 = ORIENTED_EDGE('',*,*,#3082,.T.);
#3082 = EDGE_CURVE('',#3055,#3083,#3085,.T.);
#3083 = VERTEX_POINT('',#3084);
#3084 = CARTESIAN_POINT('',(-42.5,12.5,-10.5));
#3085 = SURFACE_CURVE('',#3086,(#3090,#3097),.PCURVE_S1.);
#3086 = LINE('',#3087,#3088);
#3087 = CARTESIAN_POINT('',(-42.5,12.5,20.));
#3088 = VECTOR('',#3089,1.);
#3089 = DIRECTION('',(-1.110223024625E-16,-1.301042606983E-16,1.));
#3090 = PCURVE('',#3035,#3091);
#3091 = DEFINITIONAL_REPRESENTATION('',(#3092),#3096);
#3092 = LINE('',#3093,#3094);
#3093 = CARTESIAN_POINT('',(-2.331468351713E-15,-85.));
#3094 = VECTOR('',#3095,1.);
#3095 = DIRECTION('',(-1.,0.));
#3096 = ( GEOMETRIC_REPRESENTATION_CONTEXT(2) 
PARAMETRIC_REPRESENTATION_CONTEXT() REPRESENTATION_CONTEXT('2D SPACE',''
  ) );
#3097 = PCURVE('',#2817,#3098);
#3098 = DEFINITIONAL_REPRESENTATION('',(#3099),#3103);
#3099 = LINE('',#3100,#3101);
#3100 = CARTESIAN_POINT('',(-10.,-10.));
#3101 = VECTOR('',#3102,1.);
#3102 = DIRECTION('',(1.,-1.301042606983E-16));
#3103 = ( GEOMETRIC_REPRESENTATION_CONTEXT(2) 
PARAMETRIC_REPRESENTATION_CONTEXT() REPRESENTATION_CONTEXT('2D SPACE',''
  ) );
#3104 = ORIENTED_EDGE('',*,*,#3105,.T.);
#3105 = EDGE_CURVE('',#3083,#3027,#3106,.T.);
#3106 = SURFACE_CURVE('',#3107,(#3111,#3118),.PCURVE_S1.);
#3107 = LINE('',#3108,#3109);
#3108 = CARTESIAN_POINT('',(-42.5,12.5,-10.5));
#3109 = VECTOR('',#3110,1.);
#3110 = DIRECTION('',(1.,0.,1.110223024625E-16));
#3111 = PCURVE('',#3035,#3112);
#3112 = DEFINITIONAL_REPRESENTATION('',(#3113),#3117);
#3113 = LINE('',#3114,#3115);
#3114 = CARTESIAN_POINT('',(30.5,-85.));
#3115 = VECTOR('',#3116,1.);
#3116 = DIRECTION('',(0.,1.));
#3117 = ( GEOMETRIC_REPRESENTATION_CONTEXT(2) 
PARAMETRIC_REPRESENTATION_CONTEXT() REPRESENTATION_CONTEXT('2D SPACE',''
  ) );
#3118 = PCURVE('',#3119,#3124);
#3119 = PLANE('',#3120);
#3120 = AXIS2_PLACEMENT_3D('',#3121,#3122,#3123);
#3121 = CARTESIAN_POINT('',(-42.5,12.,-10.));
#3122 = DIRECTION('',(7.850462293419E-17,-0.707106781187,-0.707106781187
    ));
#3123 = DIRECTION('',(7.850462293419E-17,0.707106781187,-0.707106781187)
  );
#3124 = DEFINITIONAL_REPRESENTATION('',(#3125),#3129);
#3125 = LINE('',#3126,#3127);
#3126 = CARTESIAN_POINT('',(0.707106781187,-5.551115123126E-17));
#3127 = VECTOR('',#3128,1.);
#3128 = DIRECTION('',(0.,1.));
#3129 = ( GEOMETRIC_REPRESENTATION_CONTEXT(2) 
PARAMETRIC_REPRESENTATION_CONTEXT() REPRESENTATION_CONTEXT('2D SPACE',''
  ) );
#3130 = ADVANCED_FACE('',(#3131),#3145,.F.);
#3131 = FACE_BOUND('',#3132,.T.);
#3132 = EDGE_LOOP('',(#3133,#3163,#3191,#3214));
#3133 = ORIENTED_EDGE('',*,*,#3134,.F.);
#3134 = EDGE_CURVE('',#3135,#3137,#3139,.T.);
#3135 = VERTEX_POINT('',#3136);
#3136 = CARTESIAN_POINT('',(42.5,12.5,-9.5));
#3137 = VERTEX_POINT('',#3138);
#3138 = CARTESIAN_POINT('',(42.5,12.5,-5.5));
#3139 = SURFACE_CURVE('',#3140,(#3144,#3156),.PCURVE_S1.);
#3140 = LINE('',#3141,#3142);
#3141 = CARTESIAN_POINT('',(42.5,12.5,20.));
#3142 = VECTOR('',#3143,1.);
#3143 = DIRECTION('',(-1.110223024625E-16,-1.301042606983E-16,1.));
#3144 = PCURVE('',#3145,#3150);
#3145 = PLANE('',#3146);
#3146 = AXIS2_PLACEMENT_3D('',#3147,#3148,#3149);
#3147 = CARTESIAN_POINT('',(42.5,12.5,20.));
#3148 = DIRECTION('',(1.444447458291E-32,-1.,-1.301042606983E-16));
#3149 = DIRECTION('',(1.110223024625E-16,1.301042606983E-16,-1.));
#3150 = DEFINITIONAL_REPRESENTATION('',(#3151),#3155);
#3151 = LINE('',#3152,#3153);
#3152 = CARTESIAN_POINT('',(0.,0.));
#3153 = VECTOR('',#3154,1.);
#3154 = DIRECTION('',(-1.,0.));
#3155 = ( GEOMETRIC_REPRESENTATION_CONTEXT(2) 
PARAMETRIC_REPRESENTATION_CONTEXT() REPRESENTATION_CONTEXT('2D SPACE',''
  ) );
#3156 = PCURVE('',#2873,#3157);
#3157 = DEFINITIONAL_REPRESENTATION('',(#3158),#3162);
#3158 = LINE('',#3159,#3160);
#3159 = CARTESIAN_POINT('',(-10.,-10.));
#3160 = VECTOR('',#3161,1.);
#3161 = DIRECTION('',(1.,-1.301042606983E-16));
#3162 = ( GEOMETRIC_REPRESENTATION_CONTEXT(2) 
PARAMETRIC_REPRESENTATION_CONTEXT() REPRESENTATION_CONTEXT('2D SPACE',''
  ) );
#3163 = ORIENTED_EDGE('',*,*,#3164,.F.);
#3164 = EDGE_CURVE('',#3165,#3135,#3167,.T.);
#3165 = VERTEX_POINT('',#3166);
#3166 = CARTESIAN_POINT('',(-42.5,12.5,-9.5));
#3167 = SURFACE_CURVE('',#3168,(#3172,#3179),.PCURVE_S1.);
#3168 = LINE('',#3169,#3170);
#3169 = CARTESIAN_POINT('',(-42.5,12.5,-9.5));
#3170 = VECTOR('',#3171,1.);
#3171 = DIRECTION('',(1.,0.,1.110223024625E-16));
#3172 = PCURVE('',#3145,#3173);
#3173 = DEFINITIONAL_REPRESENTATION('',(#3174),#3178);
#3174 = LINE('',#3175,#3176);
#3175 = CARTESIAN_POINT('',(29.5,-85.));
#3176 = VECTOR('',#3177,1.);
#3177 = DIRECTION('',(0.,1.));
#3178 = ( GEOMETRIC_REPRESENTATION_CONTEXT(2) 
PARAMETRIC_REPRESENTATION_CONTEXT() REPRESENTATION_CONTEXT('2D SPACE',''
  ) );
#3179 = PCURVE('',#3180,#3185);
#3180 = PLANE('',#3181);
#3181 = AXIS2_PLACEMENT_3D('',#3182,#3183,#3184);
#3182 = CARTESIAN_POINT('',(-42.5,12.,-10.));
#3183 = DIRECTION('',(-7.850462293419E-17,-0.707106781187,0.707106781187
    ));
#3184 = DIRECTION('',(7.850462293419E-17,-0.707106781187,-0.707106781187
    ));
#3185 = DEFINITIONAL_REPRESENTATION('',(#3186),#3190);
#3186 = LINE('',#3187,#3188);
#3187 = CARTESIAN_POINT('',(-0.707106781187,5.551115123126E-17));
#3188 = VECTOR('',#3189,1.);
#3189 = DIRECTION('',(0.,1.));
#3190 = ( GEOMETRIC_REPRESENTATION_CONTEXT(2) 
PARAMETRIC_REPRESENTATION_CONTEXT() REPRESENTATION_CONTEXT('2D SPACE',''
  ) );
#3191 = ORIENTED_EDGE('',*,*,#3192,.T.);
#3192 = EDGE_CURVE('',#3165,#3193,#3195,.T.);
#3193 = VERTEX_POINT('',#3194);
#3194 = CARTESIAN_POINT('',(-42.5,12.5,-5.5));
#3195 = SURFACE_CURVE('',#3196,(#3200,#3207),.PCURVE_S1.);
#3196 = LINE('',#3197,#3198);
#3197 = CARTESIAN_POINT('',(-42.5,12.5,20.));
#3198 = VECTOR('',#3199,1.);
#3199 = DIRECTION('',(-1.110223024625E-16,-1.301042606983E-16,1.));
#3200 = PCURVE('',#3145,#3201);
#3201 = DEFINITIONAL_REPRESENTATION('',(#3202),#3206);
#3202 = LINE('',#3203,#3204);
#3203 = CARTESIAN_POINT('',(-2.331468351713E-15,-85.));
#3204 = VECTOR('',#3205,1.);
#3205 = DIRECTION('',(-1.,0.));
#3206 = ( GEOMETRIC_REPRESENTATION_CONTEXT(2) 
PARAMETRIC_REPRESENTATION_CONTEXT() REPRESENTATION_CONTEXT('2D SPACE',''
  ) );
#3207 = PCURVE('',#2817,#3208);
#3208 = DEFINITIONAL_REPRESENTATION('',(#3209),#3213);
#3209 = LINE('',#3210,#3211);
#3210 = CARTESIAN_POINT('',(-10.,-10.));
#3211 = VECTOR('',#3212,1.);
#3212 = DIRECTION('',(1.,-1.301042606983E-16));
#3213 = ( GEOMETRIC_REPRESENTATION_CONTEXT(2) 
PARAMETRIC_REPRESENTATION_CONTEXT() REPRESENTATION_CONTEXT('2D SPACE',''
  ) );
#3214 = ORIENTED_EDGE('',*,*,#3215,.T.);
#3215 = EDGE_CURVE('',#3193,#3137,#3216,.T.);
#3216 = SURFACE_CURVE('',#3217,(#3221,#3228),.PCURVE_S1.);
#3217 = LINE('',#3218,#3219);
#3218 = CARTESIAN_POINT('',(-42.5,12.5,-5.5));
#3219 = VECTOR('',#3220,1.);
#3220 = DIRECTION('',(1.,0.,1.110223024625E-16));
#3221 = PCURVE('',#3145,#3222);
#3222 = DEFINITIONAL_REPRESENTATION('',(#3223),#3227);
#3223 = LINE('',#3224,#3225);
#3224 = CARTESIAN_POINT('',(25.5,-85.));
#3225 = VECTOR('',#3226,1.);
#3226 = DIRECTION('',(0.,1.));
#3227 = ( GEOMETRIC_REPRESENTATION_CONTEXT(2) 
PARAMETRIC_REPRESENTATION_CONTEXT() REPRESENTATION_CONTEXT('2D SPACE',''
  ) );
#3228 = PCURVE('',#3229,#3234);
#3229 = PLANE('',#3230);
#3230 = AXIS2_PLACEMENT_3D('',#3231,#3232,#3233);
#3231 = CARTESIAN_POINT('',(-42.5,12.,-5.));
#3232 = DIRECTION('',(7.850462293419E-17,-0.707106781187,-0.707106781187
    ));
#3233 = DIRECTION('',(7.850462293419E-17,0.707106781187,-0.707106781187)
  );
#3234 = DEFINITIONAL_REPRESENTATION('',(#3235),#3239);
#3235 = LINE('',#3236,#3237);
#3236 = CARTESIAN_POINT('',(0.707106781187,-5.551115123126E-17));
#3237 = VECTOR('',#3238,1.);
#3238 = DIRECTION('',(0.,1.));
#3239 = ( GEOMETRIC_REPRESENTATION_CONTEXT(2) 
PARAMETRIC_REPRESENTATION_CONTEXT() REPRESENTATION_CONTEXT('2D SPACE',''
  ) );
#3240 = ADVANCED_FACE('',(#3241),#3255,.F.);
#3241 = FACE_BOUND('',#3242,.T.);
#3242 = EDGE_LOOP('',(#3243,#3273,#3301,#3324));
#3243 = ORIENTED_EDGE('',*,*,#3244,.F.);
#3244 = EDGE_CURVE('',#3245,#3247,#3249,.T.);
#3245 = VERTEX_POINT('',#3246);
#3246 = CARTESIAN_POINT('',(42.5,12.5,-4.5));
#3247 = VERTEX_POINT('',#3248);
#3248 = CARTESIAN_POINT('',(42.5,12.5,-0.5));
#3249 = SURFACE_CURVE('',#3250,(#3254,#3266),.PCURVE_S1.);
#3250 = LINE('',#3251,#3252);
#3251 = CARTESIAN_POINT('',(42.5,12.5,20.));
#3252 = VECTOR('',#3253,1.);
#3253 = DIRECTION('',(-1.110223024625E-16,-1.301042606983E-16,1.));
#3254 = PCURVE('',#3255,#3260);
#3255 = PLANE('',#3256);
#3256 = AXIS2_PLACEMENT_3D('',#3257,#3258,#3259);
#3257 = CARTESIAN_POINT('',(42.5,12.5,20.));
#3258 = DIRECTION('',(1.444447458291E-32,-1.,-1.301042606983E-16));
#3259 = DIRECTION('',(1.110223024625E-16,1.301042606983E-16,-1.));
#3260 = DEFINITIONAL_REPRESENTATION('',(#3261),#3265);
#3261 = LINE('',#3262,#3263);
#3262 = CARTESIAN_POINT('',(0.,0.));
#3263 = VECTOR('',#3264,1.);
#3264 = DIRECTION('',(-1.,0.));
#3265 = ( GEOMETRIC_REPRESENTATION_CONTEXT(2) 
PARAMETRIC_REPRESENTATION_CONTEXT() REPRESENTATION_CONTEXT('2D SPACE',''
  ) );
#3266 = PCURVE('',#2873,#3267);
#3267 = DEFINITIONAL_REPRESENTATION('',(#3268),#3272);
#3268 = LINE('',#3269,#3270);
#3269 = CARTESIAN_POINT('',(-10.,-10.));
#3270 = VECTOR('',#3271,1.);
#3271 = DIRECTION('',(1.,-1.301042606983E-16));
#3272 = ( GEOMETRIC_REPRESENTATION_CONTEXT(2) 
PARAMETRIC_REPRESENTATION_CONTEXT() REPRESENTATION_CONTEXT('2D SPACE',''
  ) );
#3273 = ORIENTED_EDGE('',*,*,#3274,.F.);
#3274 = EDGE_CURVE('',#3275,#3245,#3277,.T.);
#3275 = VERTEX_POINT('',#3276);
#3276 = CARTESIAN_POINT('',(-42.5,12.5,-4.5));
#3277 = SURFACE_CURVE('',#3278,(#3282,#3289),.PCURVE_S1.);
#3278 = LINE('',#3279,#3280);
#3279 = CARTESIAN_POINT('',(-42.5,12.5,-4.5));
#3280 = VECTOR('',#3281,1.);
#3281 = DIRECTION('',(1.,0.,1.110223024625E-16));
#3282 = PCURVE('',#3255,#3283);
#3283 = DEFINITIONAL_REPRESENTATION('',(#3284),#3288);
#3284 = LINE('',#3285,#3286);
#3285 = CARTESIAN_POINT('',(24.5,-85.));
#3286 = VECTOR('',#3287,1.);
#3287 = DIRECTION('',(0.,1.));
#3288 = ( GEOMETRIC_REPRESENTATION_CONTEXT(2) 
PARAMETRIC_REPRESENTATION_CONTEXT() REPRESENTATION_CONTEXT('2D SPACE',''
  ) );
#3289 = PCURVE('',#3290,#3295);
#3290 = PLANE('',#3291);
#3291 = AXIS2_PLACEMENT_3D('',#3292,#3293,#3294);
#3292 = CARTESIAN_POINT('',(-42.5,12.,-5.));
#3293 = DIRECTION('',(-7.850462293419E-17,-0.707106781187,0.707106781187
    ));
#3294 = DIRECTION('',(7.850462293419E-17,-0.707106781187,-0.707106781187
    ));
#3295 = DEFINITIONAL_REPRESENTATION('',(#3296),#3300);
#3296 = LINE('',#3297,#3298);
#3297 = CARTESIAN_POINT('',(-0.707106781187,5.551115123126E-17));
#3298 = VECTOR('',#3299,1.);
#3299 = DIRECTION('',(0.,1.));
#3300 = ( GEOMETRIC_REPRESENTATION_CONTEXT(2) 
PARAMETRIC_REPRESENTATION_CONTEXT() REPRESENTATION_CONTEXT('2D SPACE',''
  ) );
#3301 = ORIENTED_EDGE('',*,*,#3302,.T.);
#3302 = EDGE_CURVE('',#3275,#3303,#3305,.T.);
#3303 = VERTEX_POINT('',#3304);
#3304 = CARTESIAN_POINT('',(-42.5,12.5,-0.5));
#3305 = SURFACE_CURVE('',#3306,(#3310,#3317),.PCURVE_S1.);
#3306 = LINE('',#3307,#3308);
#3307 = CARTESIAN_POINT('',(-42.5,12.5,20.));
#3308 = VECTOR('',#3309,1.);
#3309 = DIRECTION('',(-1.110223024625E-16,-1.301042606983E-16,1.));
#3310 = PCURVE('',#3255,#3311);
#3311 = DEFINITIONAL_REPRESENTATION('',(#3312),#3316);
#3312 = LINE('',#3313,#3314);
#3313 = CARTESIAN_POINT('',(-2.331468351713E-15,-85.));
#3314 = VECTOR('',#3315,1.);
#3315 = DIRECTION('',(-1.,0.));
#3316 = ( GEOMETRIC_REPRESENTATION_CONTEXT(2) 
PARAMETRIC_REPRESENTATION_CONTEXT() REPRESENTATION_CONTEXT('2D SPACE',''
  ) );
#3317 = PCURVE('',#2817,#3318);
#3318 = DEFINITIONAL_REPRESENTATION('',(#3319),#3323);
#3319 = LINE('',#3320,#3321);
#3320 = CARTESIAN_POINT('',(-10.,-10.));
#3321 = VECTOR('',#3322,1.);
#3322 = DIRECTION('',(1.,-1.301042606983E-16));
#3323 = ( GEOMETRIC_REPRESENTATION_CONTEXT(2) 
PARAMETRIC_REPRESENTATION_CONTEXT() REPRESENTATION_CONTEXT('2D SPACE',''
  ) );
#3324 = ORIENTED_EDGE('',*,*,#3325,.T.);
#3325 = EDGE_CURVE('',#3303,#3247,#3326,.T.);
#3326 = SURFACE_CURVE('',#3327,(#3331,#3338),.PCURVE_S1.);
#3327 = LINE('',#3328,#3329);
#3328 = CARTESIAN_POINT('',(-42.5,12.5,-0.5));
#3329 = VECTOR('',#3330,1.);
#3330 = DIRECTION('',(1.,0.,1.110223024625E-16));
#3331 = PCURVE('',#3255,#3332);
#3332 = DEFINITIONAL_REPRESENTATION('',(#3333),#3337);
#3333 = LINE('',#3334,#3335);
#3334 = CARTESIAN_POINT('',(20.5,-85.));
#3335 = VECTOR('',#3336,1.);
#3336 = DIRECTION('',(0.,1.));
#3337 = ( GEOMETRIC_REPRESENTATION_CONTEXT(2) 
PARAMETRIC_REPRESENTATION_CONTEXT() REPRESENTATION_CONTEXT('2D SPACE',''
  ) );
#3338 = PCURVE('',#3339,#3344);
#3339 = PLANE('',#3340);
#3340 = AXIS2_PLACEMENT_3D('',#3341,#3342,#3343);
#3341 = CARTESIAN_POINT('',(-42.5,12.,-4.718447854657E-15));
#3342 = DIRECTION('',(7.850462293419E-17,-0.707106781187,-0.707106781187
    ));
#3343 = DIRECTION('',(7.850462293419E-17,0.707106781187,-0.707106781187)
  );
#3344 = DEFINITIONAL_REPRESENTATION('',(#3345),#3349);
#3345 = LINE('',#3346,#3347);
#3346 = CARTESIAN_POINT('',(0.707106781187,-5.551115123126E-17));
#3347 = VECTOR('',#3348,1.);
#3348 = DIRECTION('',(0.,1.));
#3349 = ( GEOMETRIC_REPRESENTATION_CONTEXT(2) 
PARAMETRIC_REPRESENTATION_CONTEXT() REPRESENTATION_CONTEXT('2D SPACE',''
  ) );
#3350 = ADVANCED_FACE('',(#3351),#3365,.F.);
#3351 = FACE_BOUND('',#3352,.T.);
#3352 = EDGE_LOOP('',(#3353,#3383,#3411,#3434));
#3353 = ORIENTED_EDGE('',*,*,#3354,.F.);
#3354 = EDGE_CURVE('',#3355,#3357,#3359,.T.);
#3355 = VERTEX_POINT('',#3356);
#3356 = CARTESIAN_POINT('',(42.5,12.5,10.5));
#3357 = VERTEX_POINT('',#3358);
#3358 = CARTESIAN_POINT('',(42.5,12.5,14.5));
#3359 = SURFACE_CURVE('',#3360,(#3364,#3376),.PCURVE_S1.);
#3360 = LINE('',#3361,#3362);
#3361 = CARTESIAN_POINT('',(42.5,12.5,20.));
#3362 = VECTOR('',#3363,1.);
#3363 = DIRECTION('',(-1.110223024625E-16,-1.301042606983E-16,1.));
#3364 = PCURVE('',#3365,#3370);
#3365 = PLANE('',#3366);
#3366 = AXIS2_PLACEMENT_3D('',#3367,#3368,#3369);
#3367 = CARTESIAN_POINT('',(42.5,12.5,20.));
#3368 = DIRECTION('',(1.444447458291E-32,-1.,-1.301042606983E-16));
#3369 = DIRECTION('',(1.110223024625E-16,1.301042606983E-16,-1.));
#3370 = DEFINITIONAL_REPRESENTATION('',(#3371),#3375);
#3371 = LINE('',#3372,#3373);
#3372 = CARTESIAN_POINT('',(0.,0.));
#3373 = VECTOR('',#3374,1.);
#3374 = DIRECTION('',(-1.,0.));
#3375 = ( GEOMETRIC_REPRESENTATION_CONTEXT(2) 
PARAMETRIC_REPRESENTATION_CONTEXT() REPRESENTATION_CONTEXT('2D SPACE',''
  ) );
#3376 = PCURVE('',#2873,#3377);
#3377 = DEFINITIONAL_REPRESENTATION('',(#3378),#3382);
#3378 = LINE('',#3379,#3380);
#3379 = CARTESIAN_POINT('',(-10.,-10.));
#3380 = VECTOR('',#3381,1.);
#3381 = DIRECTION('',(1.,-1.301042606983E-16));
#3382 = ( GEOMETRIC_REPRESENTATION_CONTEXT(2) 
PARAMETRIC_REPRESENTATION_CONTEXT() REPRESENTATION_CONTEXT('2D SPACE',''
  ) );
#3383 = ORIENTED_EDGE('',*,*,#3384,.F.);
#3384 = EDGE_CURVE('',#3385,#3355,#3387,.T.);
#3385 = VERTEX_POINT('',#3386);
#3386 = CARTESIAN_POINT('',(-42.5,12.5,10.5));
#3387 = SURFACE_CURVE('',#3388,(#3392,#3399),.PCURVE_S1.);
#3388 = LINE('',#3389,#3390);
#3389 = CARTESIAN_POINT('',(-42.5,12.5,10.5));
#3390 = VECTOR('',#3391,1.);
#3391 = DIRECTION('',(1.,0.,1.110223024625E-16));
#3392 = PCURVE('',#3365,#3393);
#3393 = DEFINITIONAL_REPRESENTATION('',(#3394),#3398);
#3394 = LINE('',#3395,#3396);
#3395 = CARTESIAN_POINT('',(9.5,-85.));
#3396 = VECTOR('',#3397,1.);
#3397 = DIRECTION('',(0.,1.));
#3398 = ( GEOMETRIC_REPRESENTATION_CONTEXT(2) 
PARAMETRIC_REPRESENTATION_CONTEXT() REPRESENTATION_CONTEXT('2D SPACE',''
  ) );
#3399 = PCURVE('',#3400,#3405);
#3400 = PLANE('',#3401);
#3401 = AXIS2_PLACEMENT_3D('',#3402,#3403,#3404);
#3402 = CARTESIAN_POINT('',(-42.5,12.,10.));
#3403 = DIRECTION('',(-7.850462293419E-17,-0.707106781187,0.707106781187
    ));
#3404 = DIRECTION('',(7.850462293419E-17,-0.707106781187,-0.707106781187
    ));
#3405 = DEFINITIONAL_REPRESENTATION('',(#3406),#3410);
#3406 = LINE('',#3407,#3408);
#3407 = CARTESIAN_POINT('',(-0.707106781187,5.551115123126E-17));
#3408 = VECTOR('',#3409,1.);
#3409 = DIRECTION('',(0.,1.));
#3410 = ( GEOMETRIC_REPRESENTATION_CONTEXT(2) 
PARAMETRIC_REPRESENTATION_CONTEXT() REPRESENTATION_CONTEXT('2D SPACE',''
  ) );
#3411 = ORIENTED_EDGE('',*,*,#3412,.T.);
#3412 = EDGE_CURVE('',#3385,#3413,#3415,.T.);
#3413 = VERTEX_POINT('',#3414);
#3414 = CARTESIAN_POINT('',(-42.5,12.5,14.5));
#3415 = SURFACE_CURVE('',#3416,(#3420,#3427),.PCURVE_S1.);
#3416 = LINE('',#3417,#3418);
#3417 = CARTESIAN_POINT('',(-42.5,12.5,20.));
#3418 = VECTOR('',#3419,1.);
#3419 = DIRECTION('',(-1.110223024625E-16,-1.301042606983E-16,1.));
#3420 = PCURVE('',#3365,#3421);
#3421 = DEFINITIONAL_REPRESENTATION('',(#3422),#3426);
#3422 = LINE('',#3423,#3424);
#3423 = CARTESIAN_POINT('',(-2.331468351713E-15,-85.));
#3424 = VECTOR('',#3425,1.);
#3425 = DIRECTION('',(-1.,0.));
#3426 = ( GEOMETRIC_REPRESENTATION_CONTEXT(2) 
PARAMETRIC_REPRESENTATION_CONTEXT() REPRESENTATION_CONTEXT('2D SPACE',''
  ) );
#3427 = PCURVE('',#2817,#3428);
#3428 = DEFINITIONAL_REPRESENTATION('',(#3429),#3433);
#3429 = LINE('',#3430,#3431);
#3430 = CARTESIAN_POINT('',(-10.,-10.));
#3431 = VECTOR('',#3432,1.);
#3432 = DIRECTION('',(1.,-1.301042606983E-16));
#3433 = ( GEOMETRIC_REPRESENTATION_CONTEXT(2) 
PARAMETRIC_REPRESENTATION_CONTEXT() REPRESENTATION_CONTEXT('2D SPACE',''
  ) );
#3434 = ORIENTED_EDGE('',*,*,#3435,.T.);
#3435 = EDGE_CURVE('',#3413,#3357,#3436,.T.);
#3436 = SURFACE_CURVE('',#3437,(#3441,#3448),.PCURVE_S1.);
#3437 = LINE('',#3438,#3439);
#3438 = CARTESIAN_POINT('',(-42.5,12.5,14.5));
#3439 = VECTOR('',#3440,1.);
#3440 = DIRECTION('',(1.,0.,1.110223024625E-16));
#3441 = PCURVE('',#3365,#3442);
#3442 = DEFINITIONAL_REPRESENTATION('',(#3443),#3447);
#3443 = LINE('',#3444,#3445);
#3444 = CARTESIAN_POINT('',(5.5,-85.));
#3445 = VECTOR('',#3446,1.);
#3446 = DIRECTION('',(0.,1.));
#3447 = ( GEOMETRIC_REPRESENTATION_CONTEXT(2) 
PARAMETRIC_REPRESENTATION_CONTEXT() REPRESENTATION_CONTEXT('2D SPACE',''
  ) );
#3448 = PCURVE('',#3449,#3454);
#3449 = PLANE('',#3450);
#3450 = AXIS2_PLACEMENT_3D('',#3451,#3452,#3453);
#3451 = CARTESIAN_POINT('',(-42.5,12.,15.));
#3452 = DIRECTION('',(7.850462293419E-17,-0.707106781187,-0.707106781187
    ));
#3453 = DIRECTION('',(7.850462293419E-17,0.707106781187,-0.707106781187)
  );
#3454 = DEFINITIONAL_REPRESENTATION('',(#3455),#3459);
#3455 = LINE('',#3456,#3457);
#3456 = CARTESIAN_POINT('',(0.707106781187,-5.551115123126E-17));
#3457 = VECTOR('',#3458,1.);
#3458 = DIRECTION('',(0.,1.));
#3459 = ( GEOMETRIC_REPRESENTATION_CONTEXT(2) 
PARAMETRIC_REPRESENTATION_CONTEXT() REPRESENTATION_CONTEXT('2D SPACE',''
  ) );
#3460 = ADVANCED_FACE('',(#3461),#3475,.F.);
#3461 = FACE_BOUND('',#3462,.T.);
#3462 = EDGE_LOOP('',(#3463,#3493,#3521,#3544));
#3463 = ORIENTED_EDGE('',*,*,#3464,.F.);
#3464 = EDGE_CURVE('',#3465,#3467,#3469,.T.);
#3465 = VERTEX_POINT('',#3466);
#3466 = CARTESIAN_POINT('',(42.5,12.5,15.5));
#3467 = VERTEX_POINT('',#3468);
#3468 = CARTESIAN_POINT('',(42.5,12.5,20.));
#3469 = SURFACE_CURVE('',#3470,(#3474,#3486),.PCURVE_S1.);
#3470 = LINE('',#3471,#3472);
#3471 = CARTESIAN_POINT('',(42.5,12.5,20.));
#3472 = VECTOR('',#3473,1.);
#3473 = DIRECTION('',(-1.110223024625E-16,-1.301042606983E-16,1.));
#3474 = PCURVE('',#3475,#3480);
#3475 = PLANE('',#3476);
#3476 = AXIS2_PLACEMENT_3D('',#3477,#3478,#3479);
#3477 = CARTESIAN_POINT('',(42.5,12.5,20.));
#3478 = DIRECTION('',(1.444447458291E-32,-1.,-1.301042606983E-16));
#3479 = DIRECTION('',(1.110223024625E-16,1.301042606983E-16,-1.));
#3480 = DEFINITIONAL_REPRESENTATION('',(#3481),#3485);
#3481 = LINE('',#3482,#3483);
#3482 = CARTESIAN_POINT('',(0.,0.));
#3483 = VECTOR('',#3484,1.);
#3484 = DIRECTION('',(-1.,0.));
#3485 = ( GEOMETRIC_REPRESENTATION_CONTEXT(2) 
PARAMETRIC_REPRESENTATION_CONTEXT() REPRESENTATION_CONTEXT('2D SPACE',''
  ) );
#3486 = PCURVE('',#2873,#3487);
#3487 = DEFINITIONAL_REPRESENTATION('',(#3488),#3492);
#3488 = LINE('',#3489,#3490);
#3489 = CARTESIAN_POINT('',(-10.,-10.));
#3490 = VECTOR('',#3491,1.);
#3491 = DIRECTION('',(1.,-1.301042606983E-16));
#3492 = ( GEOMETRIC_REPRESENTATION_CONTEXT(2) 
PARAMETRIC_REPRESENTATION_CONTEXT() REPRESENTATION_CONTEXT('2D SPACE',''
  ) );
#3493 = ORIENTED_EDGE('',*,*,#3494,.F.);
#3494 = EDGE_CURVE('',#3495,#3465,#3497,.T.);
#3495 = VERTEX_POINT('',#3496);
#3496 = CARTESIAN_POINT('',(-42.5,12.5,15.5));
#3497 = SURFACE_CURVE('',#3498,(#3502,#3509),.PCURVE_S1.);
#3498 = LINE('',#3499,#3500);
#3499 = CARTESIAN_POINT('',(-42.5,12.5,15.5));
#3500 = VECTOR('',#3501,1.);
#3501 = DIRECTION('',(1.,0.,1.110223024625E-16));
#3502 = PCURVE('',#3475,#3503);
#3503 = DEFINITIONAL_REPRESENTATION('',(#3504),#3508);
#3504 = LINE('',#3505,#3506);
#3505 = CARTESIAN_POINT('',(4.5,-85.));
#3506 = VECTOR('',#3507,1.);
#3507 = DIRECTION('',(0.,1.));
#3508 = ( GEOMETRIC_REPRESENTATION_CONTEXT(2) 
PARAMETRIC_REPRESENTATION_CONTEXT() REPRESENTATION_CONTEXT('2D SPACE',''
  ) );
#3509 = PCURVE('',#3510,#3515);
#3510 = PLANE('',#3511);
#3511 = AXIS2_PLACEMENT_3D('',#3512,#3513,#3514);
#3512 = CARTESIAN_POINT('',(-42.5,12.,15.));
#3513 = DIRECTION('',(-7.850462293419E-17,-0.707106781187,0.707106781187
    ));
#3514 = DIRECTION('',(7.850462293419E-17,-0.707106781187,-0.707106781187
    ));
#3515 = DEFINITIONAL_REPRESENTATION('',(#3516),#3520);
#3516 = LINE('',#3517,#3518);
#3517 = CARTESIAN_POINT('',(-0.707106781187,5.551115123126E-17));
#3518 = VECTOR('',#3519,1.);
#3519 = DIRECTION('',(0.,1.));
#3520 = ( GEOMETRIC_REPRESENTATION_CONTEXT(2) 
PARAMETRIC_REPRESENTATION_CONTEXT() REPRESENTATION_CONTEXT('2D SPACE',''
  ) );
#3521 = ORIENTED_EDGE('',*,*,#3522,.T.);
#3522 = EDGE_CURVE('',#3495,#3523,#3525,.T.);
#3523 = VERTEX_POINT('',#3524);
#3524 = CARTESIAN_POINT('',(-42.5,12.5,20.));
#3525 = SURFACE_CURVE('',#3526,(#3530,#3537),.PCURVE_S1.);
#3526 = LINE('',#3527,#3528);
#3527 = CARTESIAN_POINT('',(-42.5,12.5,20.));
#3528 = VECTOR('',#3529,1.);
#3529 = DIRECTION('',(-1.110223024625E-16,-1.301042606983E-16,1.));
#3530 = PCURVE('',#3475,#3531);
#3531 = DEFINITIONAL_REPRESENTATION('',(#3532),#3536);
#3532 = LINE('',#3533,#3534);
#3533 = CARTESIAN_POINT('',(-2.331468351713E-15,-85.));
#3534 = VECTOR('',#3535,1.);
#3535 = DIRECTION('',(-1.,0.));
#3536 = ( GEOMETRIC_REPRESENTATION_CONTEXT(2) 
PARAMETRIC_REPRESENTATION_CONTEXT() REPRESENTATION_CONTEXT('2D SPACE',''
  ) );
#3537 = PCURVE('',#2817,#3538);
#3538 = DEFINITIONAL_REPRESENTATION('',(#3539),#3543);
#3539 = LINE('',#3540,#3541);
#3540 = CARTESIAN_POINT('',(-10.,-10.));
#3541 = VECTOR('',#3542,1.);
#3542 = DIRECTION('',(1.,-1.301042606983E-16));
#3543 = ( GEOMETRIC_REPRESENTATION_CONTEXT(2) 
PARAMETRIC_REPRESENTATION_CONTEXT() REPRESENTATION_CONTEXT('2D SPACE',''
  ) );
#3544 = ORIENTED_EDGE('',*,*,#3545,.F.);
#3545 = EDGE_CURVE('',#3467,#3523,#3546,.T.);
#3546 = SURFACE_CURVE('',#3547,(#3551,#3558),.PCURVE_S1.);
#3547 = LINE('',#3548,#3549);
#3548 = CARTESIAN_POINT('',(-42.5,12.5,20.));
#3549 = VECTOR('',#3550,1.);
#3550 = DIRECTION('',(-1.,-0.,-1.110223024625E-16));
#3551 = PCURVE('',#3475,#3552);
#3552 = DEFINITIONAL_REPRESENTATION('',(#3553),#3557);
#3553 = LINE('',#3554,#3555);
#3554 = CARTESIAN_POINT('',(-2.331468351713E-15,-85.));
#3555 = VECTOR('',#3556,1.);
#3556 = DIRECTION('',(0.,-1.));
#3557 = ( GEOMETRIC_REPRESENTATION_CONTEXT(2) 
PARAMETRIC_REPRESENTATION_CONTEXT() REPRESENTATION_CONTEXT('2D SPACE',''
  ) );
#3558 = PCURVE('',#3559,#3564);
#3559 = PLANE('',#3560);
#3560 = AXIS2_PLACEMENT_3D('',#3561,#3562,#3563);
#3561 = CARTESIAN_POINT('',(-42.5,7.5,20.));
#3562 = DIRECTION('',(1.110223024625E-16,1.301042606983E-16,-1.));
#3563 = DIRECTION('',(-1.444447458291E-32,1.,1.301042606983E-16));
#3564 = DEFINITIONAL_REPRESENTATION('',(#3565),#3569);
#3565 = LINE('',#3566,#3567);
#3566 = CARTESIAN_POINT('',(5.,0.));
#3567 = VECTOR('',#3568,1.);
#3568 = DIRECTION('',(0.,-1.));
#3569 = ( GEOMETRIC_REPRESENTATION_CONTEXT(2) 
PARAMETRIC_REPRESENTATION_CONTEXT() REPRESENTATION_CONTEXT('2D SPACE',''
  ) );
#3570 = ADVANCED_FACE('',(#3571),#3585,.F.);
#3571 = FACE_BOUND('',#3572,.T.);
#3572 = EDGE_LOOP('',(#3573,#3603,#3626,#3654,#3682,#3705,#3733,#3761));
#3573 = ORIENTED_EDGE('',*,*,#3574,.F.);
#3574 = EDGE_CURVE('',#3575,#3577,#3579,.T.);
#3575 = VERTEX_POINT('',#3576);
#3576 = CARTESIAN_POINT('',(42.5,7.5,-30.));
#3577 = VERTEX_POINT('',#3578);
#3578 = CARTESIAN_POINT('',(-42.5,7.5,-30.));
#3579 = SURFACE_CURVE('',#3580,(#3584,#3596),.PCURVE_S1.);
#3580 = LINE('',#3581,#3582);
#3581 = CARTESIAN_POINT('',(42.5,7.5,-30.));
#3582 = VECTOR('',#3583,1.);
#3583 = DIRECTION('',(-1.,0.,-1.110223024625E-16));
#3584 = PCURVE('',#3585,#3590);
#3585 = PLANE('',#3586);
#3586 = AXIS2_PLACEMENT_3D('',#3587,#3588,#3589);
#3587 = CARTESIAN_POINT('',(42.5,0.5,-30.));
#3588 = DIRECTION('',(-1.110223024625E-16,0.,1.));
#3589 = DIRECTION('',(1.,0.,1.110223024625E-16));
#3590 = DEFINITIONAL_REPRESENTATION('',(#3591),#3595);
#3591 = LINE('',#3592,#3593);
#3592 = CARTESIAN_POINT('',(0.,7.));
#3593 = VECTOR('',#3594,1.);
#3594 = DIRECTION('',(-1.,0.));
#3595 = ( GEOMETRIC_REPRESENTATION_CONTEXT(2) 
PARAMETRIC_REPRESENTATION_CONTEXT() REPRESENTATION_CONTEXT('2D SPACE',''
  ) );
#3596 = PCURVE('',#297,#3597);
#3597 = DEFINITIONAL_REPRESENTATION('',(#3598),#3602);
#3598 = LINE('',#3599,#3600);
#3599 = CARTESIAN_POINT('',(85.,2.331468351713E-15));
#3600 = VECTOR('',#3601,1.);
#3601 = DIRECTION('',(-1.,0.));
#3602 = ( GEOMETRIC_REPRESENTATION_CONTEXT(2) 
PARAMETRIC_REPRESENTATION_CONTEXT() REPRESENTATION_CONTEXT('2D SPACE',''
  ) );
#3603 = ORIENTED_EDGE('',*,*,#3604,.F.);
#3604 = EDGE_CURVE('',#3605,#3575,#3607,.T.);
#3605 = VERTEX_POINT('',#3606);
#3606 = CARTESIAN_POINT('',(42.5,-10.5,-30.));
#3607 = SURFACE_CURVE('',#3608,(#3612,#3619),.PCURVE_S1.);
#3608 = LINE('',#3609,#3610);
#3609 = CARTESIAN_POINT('',(42.5,0.5,-30.));
#3610 = VECTOR('',#3611,1.);
#3611 = DIRECTION('',(0.,1.,0.));
#3612 = PCURVE('',#3585,#3613);
#3613 = DEFINITIONAL_REPRESENTATION('',(#3614),#3618);
#3614 = LINE('',#3615,#3616);
#3615 = CARTESIAN_POINT('',(0.,0.));
#3616 = VECTOR('',#3617,1.);
#3617 = DIRECTION('',(0.,1.));
#3618 = ( GEOMETRIC_REPRESENTATION_CONTEXT(2) 
PARAMETRIC_REPRESENTATION_CONTEXT() REPRESENTATION_CONTEXT('2D SPACE',''
  ) );
#3619 = PCURVE('',#2873,#3620);
#3620 = DEFINITIONAL_REPRESENTATION('',(#3621),#3625);
#3621 = LINE('',#3622,#3623);
#3622 = CARTESIAN_POINT('',(-60.,-22.));
#3623 = VECTOR('',#3624,1.);
#3624 = DIRECTION('',(0.,1.));
#3625 = ( GEOMETRIC_REPRESENTATION_CONTEXT(2) 
PARAMETRIC_REPRESENTATION_CONTEXT() REPRESENTATION_CONTEXT('2D SPACE',''
  ) );
#3626 = ORIENTED_EDGE('',*,*,#3627,.T.);
#3627 = EDGE_CURVE('',#3605,#3628,#3630,.T.);
#3628 = VERTEX_POINT('',#3629);
#3629 = CARTESIAN_POINT('',(30.5,-10.5,-30.));
#3630 = SURFACE_CURVE('',#3631,(#3635,#3642),.PCURVE_S1.);
#3631 = LINE('',#3632,#3633);
#3632 = CARTESIAN_POINT('',(30.5,-10.5,-30.));
#3633 = VECTOR('',#3634,1.);
#3634 = DIRECTION('',(-1.,0.,-1.110223024625E-16));
#3635 = PCURVE('',#3585,#3636);
#3636 = DEFINITIONAL_REPRESENTATION('',(#3637),#3641);
#3637 = LINE('',#3638,#3639);
#3638 = CARTESIAN_POINT('',(-12.,-11.));
#3639 = VECTOR('',#3640,1.);
#3640 = DIRECTION('',(-1.,0.));
#3641 = ( GEOMETRIC_REPRESENTATION_CONTEXT(2) 
PARAMETRIC_REPRESENTATION_CONTEXT() REPRESENTATION_CONTEXT('2D SPACE',''
  ) );
#3642 = PCURVE('',#3643,#3648);
#3643 = PLANE('',#3644);
#3644 = AXIS2_PLACEMENT_3D('',#3645,#3646,#3647);
#3645 = CARTESIAN_POINT('',(30.5,-12.5,-28.));
#3646 = DIRECTION('',(7.850462293419E-17,-0.707106781187,-0.707106781187
    ));
#3647 = DIRECTION('',(7.850462293419E-17,0.707106781187,-0.707106781187)
  );
#3648 = DEFINITIONAL_REPRESENTATION('',(#3649),#3653);
#3649 = LINE('',#3650,#3651);
#3650 = CARTESIAN_POINT('',(2.828427124746,-2.22044604925E-16));
#3651 = VECTOR('',#3652,1.);
#3652 = DIRECTION('',(0.,-1.));
#3653 = ( GEOMETRIC_REPRESENTATION_CONTEXT(2) 
PARAMETRIC_REPRESENTATION_CONTEXT() REPRESENTATION_CONTEXT('2D SPACE',''
  ) );
#3654 = ORIENTED_EDGE('',*,*,#3655,.T.);
#3655 = EDGE_CURVE('',#3628,#3656,#3658,.T.);
#3656 = VERTEX_POINT('',#3657);
#3657 = CARTESIAN_POINT('',(30.5,0.5,-30.));
#3658 = SURFACE_CURVE('',#3659,(#3663,#3670),.PCURVE_S1.);
#3659 = LINE('',#3660,#3661);
#3660 = CARTESIAN_POINT('',(30.5,-12.5,-30.));
#3661 = VECTOR('',#3662,1.);
#3662 = DIRECTION('',(0.,1.,0.));
#3663 = PCURVE('',#3585,#3664);
#3664 = DEFINITIONAL_REPRESENTATION('',(#3665),#3669);
#3665 = LINE('',#3666,#3667);
#3666 = CARTESIAN_POINT('',(-12.,-13.));
#3667 = VECTOR('',#3668,1.);
#3668 = DIRECTION('',(0.,1.));
#3669 = ( GEOMETRIC_REPRESENTATION_CONTEXT(2) 
PARAMETRIC_REPRESENTATION_CONTEXT() REPRESENTATION_CONTEXT('2D SPACE',''
  ) );
#3670 = PCURVE('',#3671,#3676);
#3671 = PLANE('',#3672);
#3672 = AXIS2_PLACEMENT_3D('',#3673,#3674,#3675);
#3673 = CARTESIAN_POINT('',(30.5,-12.5,30.));
#3674 = DIRECTION('',(1.,0.,-4.625929269284E-18));
#3675 = DIRECTION('',(-4.625929269284E-18,0.,-1.));
#3676 = DEFINITIONAL_REPRESENTATION('',(#3677),#3681);
#3677 = LINE('',#3678,#3679);
#3678 = CARTESIAN_POINT('',(60.,0.));
#3679 = VECTOR('',#3680,1.);
#3680 = DIRECTION('',(0.,1.));
#3681 = ( GEOMETRIC_REPRESENTATION_CONTEXT(2) 
PARAMETRIC_REPRESENTATION_CONTEXT() REPRESENTATION_CONTEXT('2D SPACE',''
  ) );
#3682 = ORIENTED_EDGE('',*,*,#3683,.T.);
#3683 = EDGE_CURVE('',#3656,#3684,#3686,.T.);
#3684 = VERTEX_POINT('',#3685);
#3685 = CARTESIAN_POINT('',(-30.5,0.5,-30.));
#3686 = SURFACE_CURVE('',#3687,(#3691,#3698),.PCURVE_S1.);
#3687 = LINE('',#3688,#3689);
#3688 = CARTESIAN_POINT('',(42.5,0.5,-30.));
#3689 = VECTOR('',#3690,1.);
#3690 = DIRECTION('',(-1.,-0.,-1.110223024625E-16));
#3691 = PCURVE('',#3585,#3692);
#3692 = DEFINITIONAL_REPRESENTATION('',(#3693),#3697);
#3693 = LINE('',#3694,#3695);
#3694 = CARTESIAN_POINT('',(0.,0.));
#3695 = VECTOR('',#3696,1.);
#3696 = DIRECTION('',(-1.,-0.));
#3697 = ( GEOMETRIC_REPRESENTATION_CONTEXT(2) 
PARAMETRIC_REPRESENTATION_CONTEXT() REPRESENTATION_CONTEXT('2D SPACE',''
  ) );
#3698 = PCURVE('',#123,#3699);
#3699 = DEFINITIONAL_REPRESENTATION('',(#3700),#3704);
#3700 = LINE('',#3701,#3702);
#3701 = CARTESIAN_POINT('',(0.,0.));
#3702 = VECTOR('',#3703,1.);
#3703 = DIRECTION('',(-1.,0.));
#3704 = ( GEOMETRIC_REPRESENTATION_CONTEXT(2) 
PARAMETRIC_REPRESENTATION_CONTEXT() REPRESENTATION_CONTEXT('2D SPACE',''
  ) );
#3705 = ORIENTED_EDGE('',*,*,#3706,.F.);
#3706 = EDGE_CURVE('',#3707,#3684,#3709,.T.);
#3707 = VERTEX_POINT('',#3708);
#3708 = CARTESIAN_POINT('',(-30.5,-10.5,-30.));
#3709 = SURFACE_CURVE('',#3710,(#3714,#3721),.PCURVE_S1.);
#3710 = LINE('',#3711,#3712);
#3711 = CARTESIAN_POINT('',(-30.5,-12.5,-30.));
#3712 = VECTOR('',#3713,1.);
#3713 = DIRECTION('',(0.,1.,0.));
#3714 = PCURVE('',#3585,#3715);
#3715 = DEFINITIONAL_REPRESENTATION('',(#3716),#3720);
#3716 = LINE('',#3717,#3718);
#3717 = CARTESIAN_POINT('',(-73.,-13.));
#3718 = VECTOR('',#3719,1.);
#3719 = DIRECTION('',(0.,1.));
#3720 = ( GEOMETRIC_REPRESENTATION_CONTEXT(2) 
PARAMETRIC_REPRESENTATION_CONTEXT() REPRESENTATION_CONTEXT('2D SPACE',''
  ) );
#3721 = PCURVE('',#3722,#3727);
#3722 = PLANE('',#3723);
#3723 = AXIS2_PLACEMENT_3D('',#3724,#3725,#3726);
#3724 = CARTESIAN_POINT('',(-30.5,-12.5,30.));
#3725 = DIRECTION('',(-1.,0.,-5.319818659663E-17));
#3726 = DIRECTION('',(-5.319818659663E-17,0.,1.));
#3727 = DEFINITIONAL_REPRESENTATION('',(#3728),#3732);
#3728 = LINE('',#3729,#3730);
#3729 = CARTESIAN_POINT('',(-60.,0.));
#3730 = VECTOR('',#3731,1.);
#3731 = DIRECTION('',(0.,1.));
#3732 = ( GEOMETRIC_REPRESENTATION_CONTEXT(2) 
PARAMETRIC_REPRESENTATION_CONTEXT() REPRESENTATION_CONTEXT('2D SPACE',''
  ) );
#3733 = ORIENTED_EDGE('',*,*,#3734,.T.);
#3734 = EDGE_CURVE('',#3707,#3735,#3737,.T.);
#3735 = VERTEX_POINT('',#3736);
#3736 = CARTESIAN_POINT('',(-42.5,-10.5,-30.));
#3737 = SURFACE_CURVE('',#3738,(#3742,#3749),.PCURVE_S1.);
#3738 = LINE('',#3739,#3740);
#3739 = CARTESIAN_POINT('',(42.5,-10.5,-30.));
#3740 = VECTOR('',#3741,1.);
#3741 = DIRECTION('',(-1.,0.,-1.110223024625E-16));
#3742 = PCURVE('',#3585,#3743);
#3743 = DEFINITIONAL_REPRESENTATION('',(#3744),#3748);
#3744 = LINE('',#3745,#3746);
#3745 = CARTESIAN_POINT('',(0.,-11.));
#3746 = VECTOR('',#3747,1.);
#3747 = DIRECTION('',(-1.,0.));
#3748 = ( GEOMETRIC_REPRESENTATION_CONTEXT(2) 
PARAMETRIC_REPRESENTATION_CONTEXT() REPRESENTATION_CONTEXT('2D SPACE',''
  ) );
#3749 = PCURVE('',#3750,#3755);
#3750 = PLANE('',#3751);
#3751 = AXIS2_PLACEMENT_3D('',#3752,#3753,#3754);
#3752 = CARTESIAN_POINT('',(-30.5,-12.5,-28.));
#3753 = DIRECTION('',(-7.850462293419E-17,0.707106781187,0.707106781187)
  );
#3754 = DIRECTION('',(-7.850462293419E-17,-0.707106781187,0.707106781187
    ));
#3755 = DEFINITIONAL_REPRESENTATION('',(#3756),#3760);
#3756 = LINE('',#3757,#3758);
#3757 = CARTESIAN_POINT('',(-2.828427124746,73.));
#3758 = VECTOR('',#3759,1.);
#3759 = DIRECTION('',(0.,-1.));
#3760 = ( GEOMETRIC_REPRESENTATION_CONTEXT(2) 
PARAMETRIC_REPRESENTATION_CONTEXT() REPRESENTATION_CONTEXT('2D SPACE',''
  ) );
#3761 = ORIENTED_EDGE('',*,*,#3762,.T.);
#3762 = EDGE_CURVE('',#3735,#3577,#3763,.T.);
#3763 = SURFACE_CURVE('',#3764,(#3768,#3775),.PCURVE_S1.);
#3764 = LINE('',#3765,#3766);
#3765 = CARTESIAN_POINT('',(-42.5,0.5,-30.));
#3766 = VECTOR('',#3767,1.);
#3767 = DIRECTION('',(0.,1.,0.));
#3768 = PCURVE('',#3585,#3769);
#3769 = DEFINITIONAL_REPRESENTATION('',(#3770),#3774);
#3770 = LINE('',#3771,#3772);
#3771 = CARTESIAN_POINT('',(-85.,0.));
#3772 = VECTOR('',#3773,1.);
#3773 = DIRECTION('',(0.,1.));
#3774 = ( GEOMETRIC_REPRESENTATION_CONTEXT(2) 
PARAMETRIC_REPRESENTATION_CONTEXT() REPRESENTATION_CONTEXT('2D SPACE',''
  ) );
#3775 = PCURVE('',#2817,#3776);
#3776 = DEFINITIONAL_REPRESENTATION('',(#3777),#3781);
#3777 = LINE('',#3778,#3779);
#3778 = CARTESIAN_POINT('',(-60.,-22.));
#3779 = VECTOR('',#3780,1.);
#3780 = DIRECTION('',(0.,1.));
#3781 = ( GEOMETRIC_REPRESENTATION_CONTEXT(2) 
PARAMETRIC_REPRESENTATION_CONTEXT() REPRESENTATION_CONTEXT('2D SPACE',''
  ) );
#3782 = ADVANCED_FACE('',(#3783),#3797,.F.);
#3783 = FACE_BOUND('',#3784,.T.);
#3784 = EDGE_LOOP('',(#3785,#3815,#3838,#3866,#3889,#3912,#3935,#3963));
#3785 = ORIENTED_EDGE('',*,*,#3786,.F.);
#3786 = EDGE_CURVE('',#3787,#3789,#3791,.T.);
#3787 = VERTEX_POINT('',#3788);
#3788 = CARTESIAN_POINT('',(-42.5,7.5,30.));
#3789 = VERTEX_POINT('',#3790);
#3790 = CARTESIAN_POINT('',(42.5,7.5,30.));
#3791 = SURFACE_CURVE('',#3792,(#3796,#3808),.PCURVE_S1.);
#3792 = LINE('',#3793,#3794);
#3793 = CARTESIAN_POINT('',(-42.5,7.5,30.));
#3794 = VECTOR('',#3795,1.);
#3795 = DIRECTION('',(1.,0.,1.110223024625E-16));
#3796 = PCURVE('',#3797,#3802);
#3797 = PLANE('',#3798);
#3798 = AXIS2_PLACEMENT_3D('',#3799,#3800,#3801);
#3799 = CARTESIAN_POINT('',(42.5,0.5,30.));
#3800 = DIRECTION('',(1.110223024625E-16,0.,-1.));
#3801 = DIRECTION('',(-1.,0.,-1.110223024625E-16));
#3802 = DEFINITIONAL_REPRESENTATION('',(#3803),#3807);
#3803 = LINE('',#3804,#3805);
#3804 = CARTESIAN_POINT('',(85.,7.));
#3805 = VECTOR('',#3806,1.);
#3806 = DIRECTION('',(-1.,0.));
#3807 = ( GEOMETRIC_REPRESENTATION_CONTEXT(2) 
PARAMETRIC_REPRESENTATION_CONTEXT() REPRESENTATION_CONTEXT('2D SPACE',''
  ) );
#3808 = PCURVE('',#73,#3809);
#3809 = DEFINITIONAL_REPRESENTATION('',(#3810),#3814);
#3810 = LINE('',#3811,#3812);
#3811 = CARTESIAN_POINT('',(-85.,-2.331468351713E-15));
#3812 = VECTOR('',#3813,1.);
#3813 = DIRECTION('',(1.,0.));
#3814 = ( GEOMETRIC_REPRESENTATION_CONTEXT(2) 
PARAMETRIC_REPRESENTATION_CONTEXT() REPRESENTATION_CONTEXT('2D SPACE',''
  ) );
#3815 = ORIENTED_EDGE('',*,*,#3816,.T.);
#3816 = EDGE_CURVE('',#3787,#3817,#3819,.T.);
#3817 = VERTEX_POINT('',#3818);
#3818 = CARTESIAN_POINT('',(-42.5,-10.5,30.));
#3819 = SURFACE_CURVE('',#3820,(#3824,#3831),.PCURVE_S1.);
#3820 = LINE('',#3821,#3822);
#3821 = CARTESIAN_POINT('',(-42.5,0.5,30.));
#3822 = VECTOR('',#3823,1.);
#3823 = DIRECTION('',(-0.,-1.,0.));
#3824 = PCURVE('',#3797,#3825);
#3825 = DEFINITIONAL_REPRESENTATION('',(#3826),#3830);
#3826 = LINE('',#3827,#3828);
#3827 = CARTESIAN_POINT('',(85.,0.));
#3828 = VECTOR('',#3829,1.);
#3829 = DIRECTION('',(-0.,-1.));
#3830 = ( GEOMETRIC_REPRESENTATION_CONTEXT(2) 
PARAMETRIC_REPRESENTATION_CONTEXT() REPRESENTATION_CONTEXT('2D SPACE',''
  ) );
#3831 = PCURVE('',#2817,#3832);
#3832 = DEFINITIONAL_REPRESENTATION('',(#3833),#3837);
#3833 = LINE('',#3834,#3835);
#3834 = CARTESIAN_POINT('',(0.,-22.));
#3835 = VECTOR('',#3836,1.);
#3836 = DIRECTION('',(0.,-1.));
#3837 = ( GEOMETRIC_REPRESENTATION_CONTEXT(2) 
PARAMETRIC_REPRESENTATION_CONTEXT() REPRESENTATION_CONTEXT('2D SPACE',''
  ) );
#3838 = ORIENTED_EDGE('',*,*,#3839,.T.);
#3839 = EDGE_CURVE('',#3817,#3840,#3842,.T.);
#3840 = VERTEX_POINT('',#3841);
#3841 = CARTESIAN_POINT('',(-30.5,-10.5,30.));
#3842 = SURFACE_CURVE('',#3843,(#3847,#3854),.PCURVE_S1.);
#3843 = LINE('',#3844,#3845);
#3844 = CARTESIAN_POINT('',(42.5,-10.5,30.));
#3845 = VECTOR('',#3846,1.);
#3846 = DIRECTION('',(1.,0.,1.110223024625E-16));
#3847 = PCURVE('',#3797,#3848);
#3848 = DEFINITIONAL_REPRESENTATION('',(#3849),#3853);
#3849 = LINE('',#3850,#3851);
#3850 = CARTESIAN_POINT('',(-0.,-11.));
#3851 = VECTOR('',#3852,1.);
#3852 = DIRECTION('',(-1.,0.));
#3853 = ( GEOMETRIC_REPRESENTATION_CONTEXT(2) 
PARAMETRIC_REPRESENTATION_CONTEXT() REPRESENTATION_CONTEXT('2D SPACE',''
  ) );
#3854 = PCURVE('',#3855,#3860);
#3855 = PLANE('',#3856);
#3856 = AXIS2_PLACEMENT_3D('',#3857,#3858,#3859);
#3857 = CARTESIAN_POINT('',(-30.5,-12.5,28.));
#3858 = DIRECTION('',(7.850462293419E-17,0.707106781187,-0.707106781187)
  );
#3859 = DIRECTION('',(-7.850462293419E-17,0.707106781187,0.707106781187)
  );
#3860 = DEFINITIONAL_REPRESENTATION('',(#3861),#3865);
#3861 = LINE('',#3862,#3863);
#3862 = CARTESIAN_POINT('',(2.828427124746,73.));
#3863 = VECTOR('',#3864,1.);
#3864 = DIRECTION('',(0.,1.));
#3865 = ( GEOMETRIC_REPRESENTATION_CONTEXT(2) 
PARAMETRIC_REPRESENTATION_CONTEXT() REPRESENTATION_CONTEXT('2D SPACE',''
  ) );
#3866 = ORIENTED_EDGE('',*,*,#3867,.T.);
#3867 = EDGE_CURVE('',#3840,#3868,#3870,.T.);
#3868 = VERTEX_POINT('',#3869);
#3869 = CARTESIAN_POINT('',(-30.5,0.5,30.));
#3870 = SURFACE_CURVE('',#3871,(#3875,#3882),.PCURVE_S1.);
#3871 = LINE('',#3872,#3873);
#3872 = CARTESIAN_POINT('',(-30.5,-12.5,30.));
#3873 = VECTOR('',#3874,1.);
#3874 = DIRECTION('',(0.,1.,0.));
#3875 = PCURVE('',#3797,#3876);
#3876 = DEFINITIONAL_REPRESENTATION('',(#3877),#3881);
#3877 = LINE('',#3878,#3879);
#3878 = CARTESIAN_POINT('',(73.,-13.));
#3879 = VECTOR('',#3880,1.);
#3880 = DIRECTION('',(0.,1.));
#3881 = ( GEOMETRIC_REPRESENTATION_CONTEXT(2) 
PARAMETRIC_REPRESENTATION_CONTEXT() REPRESENTATION_CONTEXT('2D SPACE',''
  ) );
#3882 = PCURVE('',#3722,#3883);
#3883 = DEFINITIONAL_REPRESENTATION('',(#3884),#3888);
#3884 = LINE('',#3885,#3886);
#3885 = CARTESIAN_POINT('',(0.,0.));
#3886 = VECTOR('',#3887,1.);
#3887 = DIRECTION('',(0.,1.));
#3888 = ( GEOMETRIC_REPRESENTATION_CONTEXT(2) 
PARAMETRIC_REPRESENTATION_CONTEXT() REPRESENTATION_CONTEXT('2D SPACE',''
  ) );
#3889 = ORIENTED_EDGE('',*,*,#3890,.F.);
#3890 = EDGE_CURVE('',#3891,#3868,#3893,.T.);
#3891 = VERTEX_POINT('',#3892);
#3892 = CARTESIAN_POINT('',(30.5,0.5,30.));
#3893 = SURFACE_CURVE('',#3894,(#3898,#3905),.PCURVE_S1.);
#3894 = LINE('',#3895,#3896);
#3895 = CARTESIAN_POINT('',(42.5,0.5,30.));
#3896 = VECTOR('',#3897,1.);
#3897 = DIRECTION('',(-1.,-0.,-1.110223024625E-16));
#3898 = PCURVE('',#3797,#3899);
#3899 = DEFINITIONAL_REPRESENTATION('',(#3900),#3904);
#3900 = LINE('',#3901,#3902);
#3901 = CARTESIAN_POINT('',(0.,0.));
#3902 = VECTOR('',#3903,1.);
#3903 = DIRECTION('',(1.,-0.));
#3904 = ( GEOMETRIC_REPRESENTATION_CONTEXT(2) 
PARAMETRIC_REPRESENTATION_CONTEXT() REPRESENTATION_CONTEXT('2D SPACE',''
  ) );
#3905 = PCURVE('',#123,#3906);
#3906 = DEFINITIONAL_REPRESENTATION('',(#3907),#3911);
#3907 = LINE('',#3908,#3909);
#3908 = CARTESIAN_POINT('',(6.661338147751E-15,-60.));
#3909 = VECTOR('',#3910,1.);
#3910 = DIRECTION('',(-1.,0.));
#3911 = ( GEOMETRIC_REPRESENTATION_CONTEXT(2) 
PARAMETRIC_REPRESENTATION_CONTEXT() REPRESENTATION_CONTEXT('2D SPACE',''
  ) );
#3912 = ORIENTED_EDGE('',*,*,#3913,.F.);
#3913 = EDGE_CURVE('',#3914,#3891,#3916,.T.);
#3914 = VERTEX_POINT('',#3915);
#3915 = CARTESIAN_POINT('',(30.5,-10.5,30.));
#3916 = SURFACE_CURVE('',#3917,(#3921,#3928),.PCURVE_S1.);
#3917 = LINE('',#3918,#3919);
#3918 = CARTESIAN_POINT('',(30.5,-12.5,30.));
#3919 = VECTOR('',#3920,1.);
#3920 = DIRECTION('',(0.,1.,0.));
#3921 = PCURVE('',#3797,#3922);
#3922 = DEFINITIONAL_REPRESENTATION('',(#3923),#3927);
#3923 = LINE('',#3924,#3925);
#3924 = CARTESIAN_POINT('',(12.,-13.));
#3925 = VECTOR('',#3926,1.);
#3926 = DIRECTION('',(0.,1.));
#3927 = ( GEOMETRIC_REPRESENTATION_CONTEXT(2) 
PARAMETRIC_REPRESENTATION_CONTEXT() REPRESENTATION_CONTEXT('2D SPACE',''
  ) );
#3928 = PCURVE('',#3671,#3929);
#3929 = DEFINITIONAL_REPRESENTATION('',(#3930),#3934);
#3930 = LINE('',#3931,#3932);
#3931 = CARTESIAN_POINT('',(0.,0.));
#3932 = VECTOR('',#3933,1.);
#3933 = DIRECTION('',(0.,1.));
#3934 = ( GEOMETRIC_REPRESENTATION_CONTEXT(2) 
PARAMETRIC_REPRESENTATION_CONTEXT() REPRESENTATION_CONTEXT('2D SPACE',''
  ) );
#3935 = ORIENTED_EDGE('',*,*,#3936,.T.);
#3936 = EDGE_CURVE('',#3914,#3937,#3939,.T.);
#3937 = VERTEX_POINT('',#3938);
#3938 = CARTESIAN_POINT('',(42.5,-10.5,30.));
#3939 = SURFACE_CURVE('',#3940,(#3944,#3951),.PCURVE_S1.);
#3940 = LINE('',#3941,#3942);
#3941 = CARTESIAN_POINT('',(42.5,-10.5,30.));
#3942 = VECTOR('',#3943,1.);
#3943 = DIRECTION('',(1.,0.,1.110223024625E-16));
#3944 = PCURVE('',#3797,#3945);
#3945 = DEFINITIONAL_REPRESENTATION('',(#3946),#3950);
#3946 = LINE('',#3947,#3948);
#3947 = CARTESIAN_POINT('',(-0.,-11.));
#3948 = VECTOR('',#3949,1.);
#3949 = DIRECTION('',(-1.,0.));
#3950 = ( GEOMETRIC_REPRESENTATION_CONTEXT(2) 
PARAMETRIC_REPRESENTATION_CONTEXT() REPRESENTATION_CONTEXT('2D SPACE',''
  ) );
#3951 = PCURVE('',#3952,#3957);
#3952 = PLANE('',#3953);
#3953 = AXIS2_PLACEMENT_3D('',#3954,#3955,#3956);
#3954 = CARTESIAN_POINT('',(30.5,-12.5,28.));
#3955 = DIRECTION('',(-7.850462293419E-17,-0.707106781187,0.707106781187
    ));
#3956 = DIRECTION('',(7.850462293419E-17,-0.707106781187,-0.707106781187
    ));
#3957 = DEFINITIONAL_REPRESENTATION('',(#3958),#3962);
#3958 = LINE('',#3959,#3960);
#3959 = CARTESIAN_POINT('',(-2.828427124746,12.));
#3960 = VECTOR('',#3961,1.);
#3961 = DIRECTION('',(0.,1.));
#3962 = ( GEOMETRIC_REPRESENTATION_CONTEXT(2) 
PARAMETRIC_REPRESENTATION_CONTEXT() REPRESENTATION_CONTEXT('2D SPACE',''
  ) );
#3963 = ORIENTED_EDGE('',*,*,#3964,.F.);
#3964 = EDGE_CURVE('',#3789,#3937,#3965,.T.);
#3965 = SURFACE_CURVE('',#3966,(#3970,#3977),.PCURVE_S1.);
#3966 = LINE('',#3967,#3968);
#3967 = CARTESIAN_POINT('',(42.5,0.5,30.));
#3968 = VECTOR('',#3969,1.);
#3969 = DIRECTION('',(-0.,-1.,0.));
#3970 = PCURVE('',#3797,#3971);
#3971 = DEFINITIONAL_REPRESENTATION('',(#3972),#3976);
#3972 = LINE('',#3973,#3974);
#3973 = CARTESIAN_POINT('',(0.,0.));
#3974 = VECTOR('',#3975,1.);
#3975 = DIRECTION('',(-0.,-1.));
#3976 = ( GEOMETRIC_REPRESENTATION_CONTEXT(2) 
PARAMETRIC_REPRESENTATION_CONTEXT() REPRESENTATION_CONTEXT('2D SPACE',''
  ) );
#3977 = PCURVE('',#2873,#3978);
#3978 = DEFINITIONAL_REPRESENTATION('',(#3979),#3983);
#3979 = LINE('',#3980,#3981);
#3980 = CARTESIAN_POINT('',(0.,-22.));
#3981 = VECTOR('',#3982,1.);
#3982 = DIRECTION('',(0.,-1.));
#3983 = ( GEOMETRIC_REPRESENTATION_CONTEXT(2) 
PARAMETRIC_REPRESENTATION_CONTEXT() REPRESENTATION_CONTEXT('2D SPACE',''
  ) );
#3984 = ADVANCED_FACE('',(#3985,#4010,#4035,#4060,#4085,#4110,#4135),
  #123,.F.);
#3985 = FACE_BOUND('',#3986,.T.);
#3986 = EDGE_LOOP('',(#3987,#4009));
#3987 = ORIENTED_EDGE('',*,*,#3988,.T.);
#3988 = EDGE_CURVE('',#22,#86,#3989,.T.);
#3989 = SURFACE_CURVE('',#3990,(#3995,#4002),.PCURVE_S1.);
#3990 = CIRCLE('',#3991,2.);
#3991 = AXIS2_PLACEMENT_3D('',#3992,#3993,#3994);
#3992 = CARTESIAN_POINT('',(-2.5,0.5,25.));
#3993 = DIRECTION('',(-0.,1.,0.));
#3994 = DIRECTION('',(1.,0.,1.110223024625E-16));
#3995 = PCURVE('',#123,#3996);
#3996 = DEFINITIONAL_REPRESENTATION('',(#3997),#4001);
#3997 = CIRCLE('',#3998,2.);
#3998 = AXIS2_PLACEMENT_2D('',#3999,#4000);
#3999 = CARTESIAN_POINT('',(-45.,-55.));
#4000 = DIRECTION('',(1.,0.));
#4001 = ( GEOMETRIC_REPRESENTATION_CONTEXT(2) 
PARAMETRIC_REPRESENTATION_CONTEXT() REPRESENTATION_CONTEXT('2D SPACE',''
  ) );
#4002 = PCURVE('',#44,#4003);
#4003 = DEFINITIONAL_REPRESENTATION('',(#4004),#4008);
#4004 = LINE('',#4005,#4006);
#4005 = CARTESIAN_POINT('',(0.,-7.));
#4006 = VECTOR('',#4007,1.);
#4007 = DIRECTION('',(1.,0.));
#4008 = ( GEOMETRIC_REPRESENTATION_CONTEXT(2) 
PARAMETRIC_REPRESENTATION_CONTEXT() REPRESENTATION_CONTEXT('2D SPACE',''
  ) );
#4009 = ORIENTED_EDGE('',*,*,#108,.T.);
#4010 = FACE_BOUND('',#4011,.T.);
#4011 = EDGE_LOOP('',(#4012,#4034));
#4012 = ORIENTED_EDGE('',*,*,#4013,.T.);
#4013 = EDGE_CURVE('',#139,#198,#4014,.T.);
#4014 = SURFACE_CURVE('',#4015,(#4020,#4027),.PCURVE_S1.);
#4015 = CIRCLE('',#4016,2.);
#4016 = AXIS2_PLACEMENT_3D('',#4017,#4018,#4019);
#4017 = CARTESIAN_POINT('',(17.5,0.5,25.));
#4018 = DIRECTION('',(-0.,1.,0.));
#4019 = DIRECTION('',(1.,0.,1.110223024625E-16));
#4020 = PCURVE('',#123,#4021);
#4021 = DEFINITIONAL_REPRESENTATION('',(#4022),#4026);
#4022 = CIRCLE('',#4023,2.);
#4023 = AXIS2_PLACEMENT_2D('',#4024,#4025);
#4024 = CARTESIAN_POINT('',(-25.,-55.));
#4025 = DIRECTION('',(1.,0.));
#4026 = ( GEOMETRIC_REPRESENTATION_CONTEXT(2) 
PARAMETRIC_REPRESENTATION_CONTEXT() REPRESENTATION_CONTEXT('2D SPACE',''
  ) );
#4027 = PCURVE('',#161,#4028);
#4028 = DEFINITIONAL_REPRESENTATION('',(#4029),#4033);
#4029 = LINE('',#4030,#4031);
#4030 = CARTESIAN_POINT('',(0.,-7.));
#4031 = VECTOR('',#4032,1.);
#4032 = DIRECTION('',(1.,0.));
#4033 = ( GEOMETRIC_REPRESENTATION_CONTEXT(2) 
PARAMETRIC_REPRESENTATION_CONTEXT() REPRESENTATION_CONTEXT('2D SPACE',''
  ) );
#4034 = ORIENTED_EDGE('',*,*,#220,.T.);
#4035 = FACE_BOUND('',#4036,.T.);
#4036 = EDGE_LOOP('',(#4037,#4059));
#4037 = ORIENTED_EDGE('',*,*,#4038,.T.);
#4038 = EDGE_CURVE('',#246,#310,#4039,.T.);
#4039 = SURFACE_CURVE('',#4040,(#4045,#4052),.PCURVE_S1.);
#4040 = CIRCLE('',#4041,2.);
#4041 = AXIS2_PLACEMENT_3D('',#4042,#4043,#4044);
#4042 = CARTESIAN_POINT('',(17.5,0.5,-25.));
#4043 = DIRECTION('',(-0.,1.,0.));
#4044 = DIRECTION('',(1.,0.,1.110223024625E-16));
#4045 = PCURVE('',#123,#4046);
#4046 = DEFINITIONAL_REPRESENTATION('',(#4047),#4051);
#4047 = CIRCLE('',#4048,2.);
#4048 = AXIS2_PLACEMENT_2D('',#4049,#4050);
#4049 = CARTESIAN_POINT('',(-25.,-5.));
#4050 = DIRECTION('',(1.,0.));
#4051 = ( GEOMETRIC_REPRESENTATION_CONTEXT(2) 
PARAMETRIC_REPRESENTATION_CONTEXT() REPRESENTATION_CONTEXT('2D SPACE',''
  ) );
#4052 = PCURVE('',#268,#4053);
#4053 = DEFINITIONAL_REPRESENTATION('',(#4054),#4058);
#4054 = LINE('',#4055,#4056);
#4055 = CARTESIAN_POINT('',(0.,-7.));
#4056 = VECTOR('',#4057,1.);
#4057 = DIRECTION('',(1.,0.));
#4058 = ( GEOMETRIC_REPRESENTATION_CONTEXT(2) 
PARAMETRIC_REPRESENTATION_CONTEXT() REPRESENTATION_CONTEXT('2D SPACE',''
  ) );
#4059 = ORIENTED_EDGE('',*,*,#332,.T.);
#4060 = FACE_BOUND('',#4061,.T.);
#4061 = EDGE_LOOP('',(#4062,#4084));
#4062 = ORIENTED_EDGE('',*,*,#4063,.T.);
#4063 = EDGE_CURVE('',#358,#417,#4064,.T.);
#4064 = SURFACE_CURVE('',#4065,(#4070,#4077),.PCURVE_S1.);
#4065 = CIRCLE('',#4066,2.);
#4066 = AXIS2_PLACEMENT_3D('',#4067,#4068,#4069);
#4067 = CARTESIAN_POINT('',(-2.5,0.5,-25.));
#4068 = DIRECTION('',(-0.,1.,0.));
#4069 = DIRECTION('',(1.,0.,1.110223024625E-16));
#4070 = PCURVE('',#123,#4071);
#4071 = DEFINITIONAL_REPRESENTATION('',(#4072),#4076);
#4072 = CIRCLE('',#4073,2.);
#4073 = AXIS2_PLACEMENT_2D('',#4074,#4075);
#4074 = CARTESIAN_POINT('',(-45.,-5.));
#4075 = DIRECTION('',(1.,0.));
#4076 = ( GEOMETRIC_REPRESENTATION_CONTEXT(2) 
PARAMETRIC_REPRESENTATION_CONTEXT() REPRESENTATION_CONTEXT('2D SPACE',''
  ) );
#4077 = PCURVE('',#380,#4078);
#4078 = DEFINITIONAL_REPRESENTATION('',(#4079),#4083);
#4079 = LINE('',#4080,#4081);
#4080 = CARTESIAN_POINT('',(0.,-7.));
#4081 = VECTOR('',#4082,1.);
#4082 = DIRECTION('',(1.,0.));
#4083 = ( GEOMETRIC_REPRESENTATION_CONTEXT(2) 
PARAMETRIC_REPRESENTATION_CONTEXT() REPRESENTATION_CONTEXT('2D SPACE',''
  ) );
#4084 = ORIENTED_EDGE('',*,*,#439,.T.);
#4085 = FACE_BOUND('',#4086,.T.);
#4086 = EDGE_LOOP('',(#4087,#4109));
#4087 = ORIENTED_EDGE('',*,*,#4088,.T.);
#4088 = EDGE_CURVE('',#465,#524,#4089,.T.);
#4089 = SURFACE_CURVE('',#4090,(#4095,#4102),.PCURVE_S1.);
#4090 = CIRCLE('',#4091,2.1);
#4091 = AXIS2_PLACEMENT_3D('',#4092,#4093,#4094);
#4092 = CARTESIAN_POINT('',(-20.,0.5,25.));
#4093 = DIRECTION('',(-0.,1.,0.));
#4094 = DIRECTION('',(1.,0.,1.110223024625E-16));
#4095 = PCURVE('',#123,#4096);
#4096 = DEFINITIONAL_REPRESENTATION('',(#4097),#4101);
#4097 = CIRCLE('',#4098,2.1);
#4098 = AXIS2_PLACEMENT_2D('',#4099,#4100);
#4099 = CARTESIAN_POINT('',(-62.5,-55.));
#4100 = DIRECTION('',(1.,0.));
#4101 = ( GEOMETRIC_REPRESENTATION_CONTEXT(2) 
PARAMETRIC_REPRESENTATION_CONTEXT() REPRESENTATION_CONTEXT('2D SPACE',''
  ) );
#4102 = PCURVE('',#487,#4103);
#4103 = DEFINITIONAL_REPRESENTATION('',(#4104),#4108);
#4104 = LINE('',#4105,#4106);
#4105 = CARTESIAN_POINT('',(0.,-7.));
#4106 = VECTOR('',#4107,1.);
#4107 = DIRECTION('',(1.,0.));
#4108 = ( GEOMETRIC_REPRESENTATION_CONTEXT(2) 
PARAMETRIC_REPRESENTATION_CONTEXT() REPRESENTATION_CONTEXT('2D SPACE',''
  ) );
#4109 = ORIENTED_EDGE('',*,*,#546,.T.);
#4110 = FACE_BOUND('',#4111,.T.);
#4111 = EDGE_LOOP('',(#4112,#4134));
#4112 = ORIENTED_EDGE('',*,*,#4113,.T.);
#4113 = EDGE_CURVE('',#781,#840,#4114,.T.);
#4114 = SURFACE_CURVE('',#4115,(#4120,#4127),.PCURVE_S1.);
#4115 = CIRCLE('',#4116,2.1);
#4116 = AXIS2_PLACEMENT_3D('',#4117,#4118,#4119);
#4117 = CARTESIAN_POINT('',(-20.,0.5,-25.));
#4118 = DIRECTION('',(-0.,1.,0.));
#4119 = DIRECTION('',(1.,0.,1.110223024625E-16));
#4120 = PCURVE('',#123,#4121);
#4121 = DEFINITIONAL_REPRESENTATION('',(#4122),#4126);
#4122 = CIRCLE('',#4123,2.1);
#4123 = AXIS2_PLACEMENT_2D('',#4124,#4125);
#4124 = CARTESIAN_POINT('',(-62.5,-5.));
#4125 = DIRECTION('',(1.,0.));
#4126 = ( GEOMETRIC_REPRESENTATION_CONTEXT(2) 
PARAMETRIC_REPRESENTATION_CONTEXT() REPRESENTATION_CONTEXT('2D SPACE',''
  ) );
#4127 = PCURVE('',#803,#4128);
#4128 = DEFINITIONAL_REPRESENTATION('',(#4129),#4133);
#4129 = LINE('',#4130,#4131);
#4130 = CARTESIAN_POINT('',(0.,-7.));
#4131 = VECTOR('',#4132,1.);
#4132 = DIRECTION('',(1.,0.));
#4133 = ( GEOMETRIC_REPRESENTATION_CONTEXT(2) 
PARAMETRIC_REPRESENTATION_CONTEXT() REPRESENTATION_CONTEXT('2D SPACE',''
  ) );
#4134 = ORIENTED_EDGE('',*,*,#862,.T.);
#4135 = FACE_BOUND('',#4136,.T.);
#4136 = EDGE_LOOP('',(#4137,#4158,#4159,#4180));
#4137 = ORIENTED_EDGE('',*,*,#4138,.F.);
#4138 = EDGE_CURVE('',#3684,#3868,#4139,.T.);
#4139 = SURFACE_CURVE('',#4140,(#4144,#4151),.PCURVE_S1.);
#4140 = LINE('',#4141,#4142);
#4141 = CARTESIAN_POINT('',(-30.5,0.5,30.));
#4142 = VECTOR('',#4143,1.);
#4143 = DIRECTION('',(-5.319818659663E-17,0.,1.));
#4144 = PCURVE('',#123,#4145);
#4145 = DEFINITIONAL_REPRESENTATION('',(#4146),#4150);
#4146 = LINE('',#4147,#4148);
#4147 = CARTESIAN_POINT('',(-73.,-60.));
#4148 = VECTOR('',#4149,1.);
#4149 = DIRECTION('',(5.782411586589E-17,-1.));
#4150 = ( GEOMETRIC_REPRESENTATION_CONTEXT(2) 
PARAMETRIC_REPRESENTATION_CONTEXT() REPRESENTATION_CONTEXT('2D SPACE',''
  ) );
#4151 = PCURVE('',#3722,#4152);
#4152 = DEFINITIONAL_REPRESENTATION('',(#4153),#4157);
#4153 = LINE('',#4154,#4155);
#4154 = CARTESIAN_POINT('',(0.,13.));
#4155 = VECTOR('',#4156,1.);
#4156 = DIRECTION('',(1.,0.));
#4157 = ( GEOMETRIC_REPRESENTATION_CONTEXT(2) 
PARAMETRIC_REPRESENTATION_CONTEXT() REPRESENTATION_CONTEXT('2D SPACE',''
  ) );
#4158 = ORIENTED_EDGE('',*,*,#3683,.F.);
#4159 = ORIENTED_EDGE('',*,*,#4160,.F.);
#4160 = EDGE_CURVE('',#3891,#3656,#4161,.T.);
#4161 = SURFACE_CURVE('',#4162,(#4166,#4173),.PCURVE_S1.);
#4162 = LINE('',#4163,#4164);
#4163 = CARTESIAN_POINT('',(30.5,0.5,30.));
#4164 = VECTOR('',#4165,1.);
#4165 = DIRECTION('',(-4.625929269284E-18,0.,-1.));
#4166 = PCURVE('',#123,#4167);
#4167 = DEFINITIONAL_REPRESENTATION('',(#4168),#4172);
#4168 = LINE('',#4169,#4170);
#4169 = CARTESIAN_POINT('',(-12.,-60.));
#4170 = VECTOR('',#4171,1.);
#4171 = DIRECTION('',(-1.156482317318E-16,1.));
#4172 = ( GEOMETRIC_REPRESENTATION_CONTEXT(2) 
PARAMETRIC_REPRESENTATION_CONTEXT() REPRESENTATION_CONTEXT('2D SPACE',''
  ) );
#4173 = PCURVE('',#3671,#4174);
#4174 = DEFINITIONAL_REPRESENTATION('',(#4175),#4179);
#4175 = LINE('',#4176,#4177);
#4176 = CARTESIAN_POINT('',(0.,13.));
#4177 = VECTOR('',#4178,1.);
#4178 = DIRECTION('',(1.,0.));
#4179 = ( GEOMETRIC_REPRESENTATION_CONTEXT(2) 
PARAMETRIC_REPRESENTATION_CONTEXT() REPRESENTATION_CONTEXT('2D SPACE',''
  ) );
#4180 = ORIENTED_EDGE('',*,*,#3890,.T.);
#4181 = ADVANCED_FACE('',(#4182),#4196,.F.);
#4182 = FACE_BOUND('',#4183,.T.);
#4183 = EDGE_LOOP('',(#4184,#4214,#4242,#4265));
#4184 = ORIENTED_EDGE('',*,*,#4185,.T.);
#4185 = EDGE_CURVE('',#4186,#4188,#4190,.T.);
#4186 = VERTEX_POINT('',#4187);
#4187 = CARTESIAN_POINT('',(-42.5,12.5,-20.));
#4188 = VERTEX_POINT('',#4189);
#4189 = CARTESIAN_POINT('',(-42.5,12.5,-15.5));
#4190 = SURFACE_CURVE('',#4191,(#4195,#4207),.PCURVE_S1.);
#4191 = LINE('',#4192,#4193);
#4192 = CARTESIAN_POINT('',(-42.5,12.5,20.));
#4193 = VECTOR('',#4194,1.);
#4194 = DIRECTION('',(-1.110223024625E-16,-1.301042606983E-16,1.));
#4195 = PCURVE('',#4196,#4201);
#4196 = PLANE('',#4197);
#4197 = AXIS2_PLACEMENT_3D('',#4198,#4199,#4200);
#4198 = CARTESIAN_POINT('',(42.5,12.5,20.));
#4199 = DIRECTION('',(1.444447458291E-32,-1.,-1.301042606983E-16));
#4200 = DIRECTION('',(1.110223024625E-16,1.301042606983E-16,-1.));
#4201 = DEFINITIONAL_REPRESENTATION('',(#4202),#4206);
#4202 = LINE('',#4203,#4204);
#4203 = CARTESIAN_POINT('',(-2.331468351713E-15,-85.));
#4204 = VECTOR('',#4205,1.);
#4205 = DIRECTION('',(-1.,0.));
#4206 = ( GEOMETRIC_REPRESENTATION_CONTEXT(2) 
PARAMETRIC_REPRESENTATION_CONTEXT() REPRESENTATION_CONTEXT('2D SPACE',''
  ) );
#4207 = PCURVE('',#2817,#4208);
#4208 = DEFINITIONAL_REPRESENTATION('',(#4209),#4213);
#4209 = LINE('',#4210,#4211);
#4210 = CARTESIAN_POINT('',(-10.,-10.));
#4211 = VECTOR('',#4212,1.);
#4212 = DIRECTION('',(1.,-1.301042606983E-16));
#4213 = ( GEOMETRIC_REPRESENTATION_CONTEXT(2) 
PARAMETRIC_REPRESENTATION_CONTEXT() REPRESENTATION_CONTEXT('2D SPACE',''
  ) );
#4214 = ORIENTED_EDGE('',*,*,#4215,.T.);
#4215 = EDGE_CURVE('',#4188,#4216,#4218,.T.);
#4216 = VERTEX_POINT('',#4217);
#4217 = CARTESIAN_POINT('',(42.5,12.5,-15.5));
#4218 = SURFACE_CURVE('',#4219,(#4223,#4230),.PCURVE_S1.);
#4219 = LINE('',#4220,#4221);
#4220 = CARTESIAN_POINT('',(-42.5,12.5,-15.5));
#4221 = VECTOR('',#4222,1.);
#4222 = DIRECTION('',(1.,0.,1.110223024625E-16));
#4223 = PCURVE('',#4196,#4224);
#4224 = DEFINITIONAL_REPRESENTATION('',(#4225),#4229);
#4225 = LINE('',#4226,#4227);
#4226 = CARTESIAN_POINT('',(35.5,-85.));
#4227 = VECTOR('',#4228,1.);
#4228 = DIRECTION('',(0.,1.));
#4229 = ( GEOMETRIC_REPRESENTATION_CONTEXT(2) 
PARAMETRIC_REPRESENTATION_CONTEXT() REPRESENTATION_CONTEXT('2D SPACE',''
  ) );
#4230 = PCURVE('',#4231,#4236);
#4231 = PLANE('',#4232);
#4232 = AXIS2_PLACEMENT_3D('',#4233,#4234,#4235);
#4233 = CARTESIAN_POINT('',(-42.5,12.,-15.));
#4234 = DIRECTION('',(7.850462293419E-17,-0.707106781187,-0.707106781187
    ));
#4235 = DIRECTION('',(7.850462293419E-17,0.707106781187,-0.707106781187)
  );
#4236 = DEFINITIONAL_REPRESENTATION('',(#4237),#4241);
#4237 = LINE('',#4238,#4239);
#4238 = CARTESIAN_POINT('',(0.707106781187,-5.551115123126E-17));
#4239 = VECTOR('',#4240,1.);
#4240 = DIRECTION('',(0.,1.));
#4241 = ( GEOMETRIC_REPRESENTATION_CONTEXT(2) 
PARAMETRIC_REPRESENTATION_CONTEXT() REPRESENTATION_CONTEXT('2D SPACE',''
  ) );
#4242 = ORIENTED_EDGE('',*,*,#4243,.F.);
#4243 = EDGE_CURVE('',#4244,#4216,#4246,.T.);
#4244 = VERTEX_POINT('',#4245);
#4245 = CARTESIAN_POINT('',(42.5,12.5,-20.));
#4246 = SURFACE_CURVE('',#4247,(#4251,#4258),.PCURVE_S1.);
#4247 = LINE('',#4248,#4249);
#4248 = CARTESIAN_POINT('',(42.5,12.5,20.));
#4249 = VECTOR('',#4250,1.);
#4250 = DIRECTION('',(-1.110223024625E-16,-1.301042606983E-16,1.));
#4251 = PCURVE('',#4196,#4252);
#4252 = DEFINITIONAL_REPRESENTATION('',(#4253),#4257);
#4253 = LINE('',#4254,#4255);
#4254 = CARTESIAN_POINT('',(0.,0.));
#4255 = VECTOR('',#4256,1.);
#4256 = DIRECTION('',(-1.,0.));
#4257 = ( GEOMETRIC_REPRESENTATION_CONTEXT(2) 
PARAMETRIC_REPRESENTATION_CONTEXT() REPRESENTATION_CONTEXT('2D SPACE',''
  ) );
#4258 = PCURVE('',#2873,#4259);
#4259 = DEFINITIONAL_REPRESENTATION('',(#4260),#4264);
#4260 = LINE('',#4261,#4262);
#4261 = CARTESIAN_POINT('',(-10.,-10.));
#4262 = VECTOR('',#4263,1.);
#4263 = DIRECTION('',(1.,-1.301042606983E-16));
#4264 = ( GEOMETRIC_REPRESENTATION_CONTEXT(2) 
PARAMETRIC_REPRESENTATION_CONTEXT() REPRESENTATION_CONTEXT('2D SPACE',''
  ) );
#4265 = ORIENTED_EDGE('',*,*,#4266,.F.);
#4266 = EDGE_CURVE('',#4186,#4244,#4267,.T.);
#4267 = SURFACE_CURVE('',#4268,(#4272,#4279),.PCURVE_S1.);
#4268 = LINE('',#4269,#4270);
#4269 = CARTESIAN_POINT('',(42.5,12.5,-20.));
#4270 = VECTOR('',#4271,1.);
#4271 = DIRECTION('',(1.,0.,1.110223024625E-16));
#4272 = PCURVE('',#4196,#4273);
#4273 = DEFINITIONAL_REPRESENTATION('',(#4274),#4278);
#4274 = LINE('',#4275,#4276);
#4275 = CARTESIAN_POINT('',(40.,-4.440892098501E-15));
#4276 = VECTOR('',#4277,1.);
#4277 = DIRECTION('',(0.,1.));
#4278 = ( GEOMETRIC_REPRESENTATION_CONTEXT(2) 
PARAMETRIC_REPRESENTATION_CONTEXT() REPRESENTATION_CONTEXT('2D SPACE',''
  ) );
#4279 = PCURVE('',#4280,#4285);
#4280 = PLANE('',#4281);
#4281 = AXIS2_PLACEMENT_3D('',#4282,#4283,#4284);
#4282 = CARTESIAN_POINT('',(42.5,7.5,-20.));
#4283 = DIRECTION('',(-1.110223024625E-16,-1.301042606983E-16,1.));
#4284 = DIRECTION('',(1.444447458291E-32,-1.,-1.301042606983E-16));
#4285 = DEFINITIONAL_REPRESENTATION('',(#4286),#4290);
#4286 = LINE('',#4287,#4288);
#4287 = CARTESIAN_POINT('',(-5.,0.));
#4288 = VECTOR('',#4289,1.);
#4289 = DIRECTION('',(0.,1.));
#4290 = ( GEOMETRIC_REPRESENTATION_CONTEXT(2) 
PARAMETRIC_REPRESENTATION_CONTEXT() REPRESENTATION_CONTEXT('2D SPACE',''
  ) );
#4291 = ADVANCED_FACE('',(#4292),#2873,.F.);
#4292 = FACE_BOUND('',#4293,.T.);
#4293 = EDGE_LOOP('',(#4294,#4295,#4318,#4339,#4340,#4363,#4384,#4385,
    #4408,#4429,#4430,#4453,#4474,#4475,#4498,#4521,#4542,#4543,#4566,
    #4587,#4588,#4611,#4632,#4633,#4656,#4677,#4678,#4701,#4722,#4723,
    #4746));
#4294 = ORIENTED_EDGE('',*,*,#2857,.T.);
#4295 = ORIENTED_EDGE('',*,*,#4296,.F.);
#4296 = EDGE_CURVE('',#4297,#2830,#4299,.T.);
#4297 = VERTEX_POINT('',#4298);
#4298 = CARTESIAN_POINT('',(42.5,12.,5.));
#4299 = SURFACE_CURVE('',#4300,(#4304,#4311),.PCURVE_S1.);
#4300 = LINE('',#4301,#4302);
#4301 = CARTESIAN_POINT('',(42.5,12.,5.));
#4302 = VECTOR('',#4303,1.);
#4303 = DIRECTION('',(7.850462293419E-17,0.707106781187,-0.707106781187)
  );
#4304 = PCURVE('',#2873,#4305);
#4305 = DEFINITIONAL_REPRESENTATION('',(#4306),#4310);
#4306 = LINE('',#4307,#4308);
#4307 = CARTESIAN_POINT('',(-25.,-10.5));
#4308 = VECTOR('',#4309,1.);
#4309 = DIRECTION('',(-0.707106781187,0.707106781187));
#4310 = ( GEOMETRIC_REPRESENTATION_CONTEXT(2) 
PARAMETRIC_REPRESENTATION_CONTEXT() REPRESENTATION_CONTEXT('2D SPACE',''
  ) );
#4311 = PCURVE('',#2845,#4312);
#4312 = DEFINITIONAL_REPRESENTATION('',(#4313),#4317);
#4313 = LINE('',#4314,#4315);
#4314 = CARTESIAN_POINT('',(3.925231146709E-16,85.));
#4315 = VECTOR('',#4316,1.);
#4316 = DIRECTION('',(1.,0.));
#4317 = ( GEOMETRIC_REPRESENTATION_CONTEXT(2) 
PARAMETRIC_REPRESENTATION_CONTEXT() REPRESENTATION_CONTEXT('2D SPACE',''
  ) );
#4318 = ORIENTED_EDGE('',*,*,#4319,.F.);
#4319 = EDGE_CURVE('',#2915,#4297,#4320,.T.);
#4320 = SURFACE_CURVE('',#4321,(#4325,#4332),.PCURVE_S1.);
#4321 = LINE('',#4322,#4323);
#4322 = CARTESIAN_POINT('',(42.5,12.,5.));
#4323 = VECTOR('',#4324,1.);
#4324 = DIRECTION('',(7.850462293419E-17,-0.707106781187,-0.707106781187
    ));
#4325 = PCURVE('',#2873,#4326);
#4326 = DEFINITIONAL_REPRESENTATION('',(#4327),#4331);
#4327 = LINE('',#4328,#4329);
#4328 = CARTESIAN_POINT('',(-25.,-10.5));
#4329 = VECTOR('',#4330,1.);
#4330 = DIRECTION('',(-0.707106781187,-0.707106781187));
#4331 = ( GEOMETRIC_REPRESENTATION_CONTEXT(2) 
PARAMETRIC_REPRESENTATION_CONTEXT() REPRESENTATION_CONTEXT('2D SPACE',''
  ) );
#4332 = PCURVE('',#2960,#4333);
#4333 = DEFINITIONAL_REPRESENTATION('',(#4334),#4338);
#4334 = LINE('',#4335,#4336);
#4335 = CARTESIAN_POINT('',(3.925231146709E-16,85.));
#4336 = VECTOR('',#4337,1.);
#4337 = DIRECTION('',(1.,0.));
#4338 = ( GEOMETRIC_REPRESENTATION_CONTEXT(2) 
PARAMETRIC_REPRESENTATION_CONTEXT() REPRESENTATION_CONTEXT('2D SPACE',''
  ) );
#4339 = ORIENTED_EDGE('',*,*,#2914,.T.);
#4340 = ORIENTED_EDGE('',*,*,#4341,.F.);
#4341 = EDGE_CURVE('',#4342,#2917,#4344,.T.);
#4342 = VERTEX_POINT('',#4343);
#4343 = CARTESIAN_POINT('',(42.5,12.,10.));
#4344 = SURFACE_CURVE('',#4345,(#4349,#4356),.PCURVE_S1.);
#4345 = LINE('',#4346,#4347);
#4346 = CARTESIAN_POINT('',(42.5,12.,10.));
#4347 = VECTOR('',#4348,1.);
#4348 = DIRECTION('',(7.850462293419E-17,0.707106781187,-0.707106781187)
  );
#4349 = PCURVE('',#2873,#4350);
#4350 = DEFINITIONAL_REPRESENTATION('',(#4351),#4355);
#4351 = LINE('',#4352,#4353);
#4352 = CARTESIAN_POINT('',(-20.,-10.5));
#4353 = VECTOR('',#4354,1.);
#4354 = DIRECTION('',(-0.707106781187,0.707106781187));
#4355 = ( GEOMETRIC_REPRESENTATION_CONTEXT(2) 
PARAMETRIC_REPRESENTATION_CONTEXT() REPRESENTATION_CONTEXT('2D SPACE',''
  ) );
#4356 = PCURVE('',#3009,#4357);
#4357 = DEFINITIONAL_REPRESENTATION('',(#4358),#4362);
#4358 = LINE('',#4359,#4360);
#4359 = CARTESIAN_POINT('',(-8.635508522761E-16,85.));
#4360 = VECTOR('',#4361,1.);
#4361 = DIRECTION('',(1.,0.));
#4362 = ( GEOMETRIC_REPRESENTATION_CONTEXT(2) 
PARAMETRIC_REPRESENTATION_CONTEXT() REPRESENTATION_CONTEXT('2D SPACE',''
  ) );
#4363 = ORIENTED_EDGE('',*,*,#4364,.F.);
#4364 = EDGE_CURVE('',#3355,#4342,#4365,.T.);
#4365 = SURFACE_CURVE('',#4366,(#4370,#4377),.PCURVE_S1.);
#4366 = LINE('',#4367,#4368);
#4367 = CARTESIAN_POINT('',(42.5,12.,10.));
#4368 = VECTOR('',#4369,1.);
#4369 = DIRECTION('',(7.850462293419E-17,-0.707106781187,-0.707106781187
    ));
#4370 = PCURVE('',#2873,#4371);
#4371 = DEFINITIONAL_REPRESENTATION('',(#4372),#4376);
#4372 = LINE('',#4373,#4374);
#4373 = CARTESIAN_POINT('',(-20.,-10.5));
#4374 = VECTOR('',#4375,1.);
#4375 = DIRECTION('',(-0.707106781187,-0.707106781187));
#4376 = ( GEOMETRIC_REPRESENTATION_CONTEXT(2) 
PARAMETRIC_REPRESENTATION_CONTEXT() REPRESENTATION_CONTEXT('2D SPACE',''
  ) );
#4377 = PCURVE('',#3400,#4378);
#4378 = DEFINITIONAL_REPRESENTATION('',(#4379),#4383);
#4379 = LINE('',#4380,#4381);
#4380 = CARTESIAN_POINT('',(-8.635508522761E-16,85.));
#4381 = VECTOR('',#4382,1.);
#4382 = DIRECTION('',(1.,0.));
#4383 = ( GEOMETRIC_REPRESENTATION_CONTEXT(2) 
PARAMETRIC_REPRESENTATION_CONTEXT() REPRESENTATION_CONTEXT('2D SPACE',''
  ) );
#4384 = ORIENTED_EDGE('',*,*,#3354,.T.);
#4385 = ORIENTED_EDGE('',*,*,#4386,.F.);
#4386 = EDGE_CURVE('',#4387,#3357,#4389,.T.);
#4387 = VERTEX_POINT('',#4388);
#4388 = CARTESIAN_POINT('',(42.5,12.,15.));
#4389 = SURFACE_CURVE('',#4390,(#4394,#4401),.PCURVE_S1.);
#4390 = LINE('',#4391,#4392);
#4391 = CARTESIAN_POINT('',(42.5,12.,15.));
#4392 = VECTOR('',#4393,1.);
#4393 = DIRECTION('',(7.850462293419E-17,0.707106781187,-0.707106781187)
  );
#4394 = PCURVE('',#2873,#4395);
#4395 = DEFINITIONAL_REPRESENTATION('',(#4396),#4400);
#4396 = LINE('',#4397,#4398);
#4397 = CARTESIAN_POINT('',(-15.,-10.5));
#4398 = VECTOR('',#4399,1.);
#4399 = DIRECTION('',(-0.707106781187,0.707106781187));
#4400 = ( GEOMETRIC_REPRESENTATION_CONTEXT(2) 
PARAMETRIC_REPRESENTATION_CONTEXT() REPRESENTATION_CONTEXT('2D SPACE',''
  ) );
#4401 = PCURVE('',#3449,#4402);
#4402 = DEFINITIONAL_REPRESENTATION('',(#4403),#4407);
#4403 = LINE('',#4404,#4405);
#4404 = CARTESIAN_POINT('',(-8.635508522761E-16,85.));
#4405 = VECTOR('',#4406,1.);
#4406 = DIRECTION('',(1.,0.));
#4407 = ( GEOMETRIC_REPRESENTATION_CONTEXT(2) 
PARAMETRIC_REPRESENTATION_CONTEXT() REPRESENTATION_CONTEXT('2D SPACE',''
  ) );
#4408 = ORIENTED_EDGE('',*,*,#4409,.F.);
#4409 = EDGE_CURVE('',#3465,#4387,#4410,.T.);
#4410 = SURFACE_CURVE('',#4411,(#4415,#4422),.PCURVE_S1.);
#4411 = LINE('',#4412,#4413);
#4412 = CARTESIAN_POINT('',(42.5,12.,15.));
#4413 = VECTOR('',#4414,1.);
#4414 = DIRECTION('',(7.850462293419E-17,-0.707106781187,-0.707106781187
    ));
#4415 = PCURVE('',#2873,#4416);
#4416 = DEFINITIONAL_REPRESENTATION('',(#4417),#4421);
#4417 = LINE('',#4418,#4419);
#4418 = CARTESIAN_POINT('',(-15.,-10.5));
#4419 = VECTOR('',#4420,1.);
#4420 = DIRECTION('',(-0.707106781187,-0.707106781187));
#4421 = ( GEOMETRIC_REPRESENTATION_CONTEXT(2) 
PARAMETRIC_REPRESENTATION_CONTEXT() REPRESENTATION_CONTEXT('2D SPACE',''
  ) );
#4422 = PCURVE('',#3510,#4423);
#4423 = DEFINITIONAL_REPRESENTATION('',(#4424),#4428);
#4424 = LINE('',#4425,#4426);
#4425 = CARTESIAN_POINT('',(-8.635508522761E-16,85.));
#4426 = VECTOR('',#4427,1.);
#4427 = DIRECTION('',(1.,0.));
#4428 = ( GEOMETRIC_REPRESENTATION_CONTEXT(2) 
PARAMETRIC_REPRESENTATION_CONTEXT() REPRESENTATION_CONTEXT('2D SPACE',''
  ) );
#4429 = ORIENTED_EDGE('',*,*,#3464,.T.);
#4430 = ORIENTED_EDGE('',*,*,#4431,.F.);
#4431 = EDGE_CURVE('',#4432,#3467,#4434,.T.);
#4432 = VERTEX_POINT('',#4433);
#4433 = CARTESIAN_POINT('',(42.5,7.5,20.));
#4434 = SURFACE_CURVE('',#4435,(#4439,#4446),.PCURVE_S1.);
#4435 = LINE('',#4436,#4437);
#4436 = CARTESIAN_POINT('',(42.5,7.5,20.));
#4437 = VECTOR('',#4438,1.);
#4438 = DIRECTION('',(-1.444447458291E-32,1.,1.301042606983E-16));
#4439 = PCURVE('',#2873,#4440);
#4440 = DEFINITIONAL_REPRESENTATION('',(#4441),#4445);
#4441 = LINE('',#4442,#4443);
#4442 = CARTESIAN_POINT('',(-10.,-15.));
#4443 = VECTOR('',#4444,1.);
#4444 = DIRECTION('',(1.301042606983E-16,1.));
#4445 = ( GEOMETRIC_REPRESENTATION_CONTEXT(2) 
PARAMETRIC_REPRESENTATION_CONTEXT() REPRESENTATION_CONTEXT('2D SPACE',''
  ) );
#4446 = PCURVE('',#3559,#4447);
#4447 = DEFINITIONAL_REPRESENTATION('',(#4448),#4452);
#4448 = LINE('',#4449,#4450);
#4449 = CARTESIAN_POINT('',(1.58889220412E-31,85.));
#4450 = VECTOR('',#4451,1.);
#4451 = DIRECTION('',(1.,0.));
#4452 = ( GEOMETRIC_REPRESENTATION_CONTEXT(2) 
PARAMETRIC_REPRESENTATION_CONTEXT() REPRESENTATION_CONTEXT('2D SPACE',''
  ) );
#4453 = ORIENTED_EDGE('',*,*,#4454,.F.);
#4454 = EDGE_CURVE('',#3789,#4432,#4455,.T.);
#4455 = SURFACE_CURVE('',#4456,(#4460,#4467),.PCURVE_S1.);
#4456 = LINE('',#4457,#4458);
#4457 = CARTESIAN_POINT('',(42.5,7.5,30.));
#4458 = VECTOR('',#4459,1.);
#4459 = DIRECTION('',(1.110223024625E-16,0.,-1.));
#4460 = PCURVE('',#2873,#4461);
#4461 = DEFINITIONAL_REPRESENTATION('',(#4462),#4466);
#4462 = LINE('',#4463,#4464);
#4463 = CARTESIAN_POINT('',(0.,-15.));
#4464 = VECTOR('',#4465,1.);
#4465 = DIRECTION('',(-1.,0.));
#4466 = ( GEOMETRIC_REPRESENTATION_CONTEXT(2) 
PARAMETRIC_REPRESENTATION_CONTEXT() REPRESENTATION_CONTEXT('2D SPACE',''
  ) );
#4467 = PCURVE('',#73,#4468);
#4468 = DEFINITIONAL_REPRESENTATION('',(#4469),#4473);
#4469 = LINE('',#4470,#4471);
#4470 = CARTESIAN_POINT('',(0.,0.));
#4471 = VECTOR('',#4472,1.);
#4472 = DIRECTION('',(0.,1.));
#4473 = ( GEOMETRIC_REPRESENTATION_CONTEXT(2) 
PARAMETRIC_REPRESENTATION_CONTEXT() REPRESENTATION_CONTEXT('2D SPACE',''
  ) );
#4474 = ORIENTED_EDGE('',*,*,#3964,.T.);
#4475 = ORIENTED_EDGE('',*,*,#4476,.T.);
#4476 = EDGE_CURVE('',#3937,#4477,#4479,.T.);
#4477 = VERTEX_POINT('',#4478);
#4478 = CARTESIAN_POINT('',(42.5,-12.5,28.));
#4479 = SURFACE_CURVE('',#4480,(#4484,#4491),.PCURVE_S1.);
#4480 = LINE('',#4481,#4482);
#4481 = CARTESIAN_POINT('',(42.5,-12.5,28.));
#4482 = VECTOR('',#4483,1.);
#4483 = DIRECTION('',(7.850462293419E-17,-0.707106781187,-0.707106781187
    ));
#4484 = PCURVE('',#2873,#4485);
#4485 = DEFINITIONAL_REPRESENTATION('',(#4486),#4490);
#4486 = LINE('',#4487,#4488);
#4487 = CARTESIAN_POINT('',(-2.,-35.));
#4488 = VECTOR('',#4489,1.);
#4489 = DIRECTION('',(-0.707106781187,-0.707106781187));
#4490 = ( GEOMETRIC_REPRESENTATION_CONTEXT(2) 
PARAMETRIC_REPRESENTATION_CONTEXT() REPRESENTATION_CONTEXT('2D SPACE',''
  ) );
#4491 = PCURVE('',#3952,#4492);
#4492 = DEFINITIONAL_REPRESENTATION('',(#4493),#4497);
#4493 = LINE('',#4494,#4495);
#4494 = CARTESIAN_POINT('',(9.420554752103E-16,12.));
#4495 = VECTOR('',#4496,1.);
#4496 = DIRECTION('',(1.,0.));
#4497 = ( GEOMETRIC_REPRESENTATION_CONTEXT(2) 
PARAMETRIC_REPRESENTATION_CONTEXT() REPRESENTATION_CONTEXT('2D SPACE',''
  ) );
#4498 = ORIENTED_EDGE('',*,*,#4499,.F.);
#4499 = EDGE_CURVE('',#4500,#4477,#4502,.T.);
#4500 = VERTEX_POINT('',#4501);
#4501 = CARTESIAN_POINT('',(42.5,-12.5,-28.));
#4502 = SURFACE_CURVE('',#4503,(#4507,#4514),.PCURVE_S1.);
#4503 = LINE('',#4504,#4505);
#4504 = CARTESIAN_POINT('',(42.5,-12.5,30.));
#4505 = VECTOR('',#4506,1.);
#4506 = DIRECTION('',(-1.110223024625E-16,-0.,1.));
#4507 = PCURVE('',#2873,#4508);
#4508 = DEFINITIONAL_REPRESENTATION('',(#4509),#4513);
#4509 = LINE('',#4510,#4511);
#4510 = CARTESIAN_POINT('',(0.,-35.));
#4511 = VECTOR('',#4512,1.);
#4512 = DIRECTION('',(1.,0.));
#4513 = ( GEOMETRIC_REPRESENTATION_CONTEXT(2) 
PARAMETRIC_REPRESENTATION_CONTEXT() REPRESENTATION_CONTEXT('2D SPACE',''
  ) );
#4514 = PCURVE('',#1148,#4515);
#4515 = DEFINITIONAL_REPRESENTATION('',(#4516),#4520);
#4516 = LINE('',#4517,#4518);
#4517 = CARTESIAN_POINT('',(-12.,1.33226762955E-15));
#4518 = VECTOR('',#4519,1.);
#4519 = DIRECTION('',(0.,-1.));
#4520 = ( GEOMETRIC_REPRESENTATION_CONTEXT(2) 
PARAMETRIC_REPRESENTATION_CONTEXT() REPRESENTATION_CONTEXT('2D SPACE',''
  ) );
#4521 = ORIENTED_EDGE('',*,*,#4522,.T.);
#4522 = EDGE_CURVE('',#4500,#3605,#4523,.T.);
#4523 = SURFACE_CURVE('',#4524,(#4528,#4535),.PCURVE_S1.);
#4524 = LINE('',#4525,#4526);
#4525 = CARTESIAN_POINT('',(42.5,-12.5,-28.));
#4526 = VECTOR('',#4527,1.);
#4527 = DIRECTION('',(7.850462293419E-17,0.707106781187,-0.707106781187)
  );
#4528 = PCURVE('',#2873,#4529);
#4529 = DEFINITIONAL_REPRESENTATION('',(#4530),#4534);
#4530 = LINE('',#4531,#4532);
#4531 = CARTESIAN_POINT('',(-58.,-35.));
#4532 = VECTOR('',#4533,1.);
#4533 = DIRECTION('',(-0.707106781187,0.707106781187));
#4534 = ( GEOMETRIC_REPRESENTATION_CONTEXT(2) 
PARAMETRIC_REPRESENTATION_CONTEXT() REPRESENTATION_CONTEXT('2D SPACE',''
  ) );
#4535 = PCURVE('',#3643,#4536);
#4536 = DEFINITIONAL_REPRESENTATION('',(#4537),#4541);
#4537 = LINE('',#4538,#4539);
#4538 = CARTESIAN_POINT('',(9.420554752103E-16,12.));
#4539 = VECTOR('',#4540,1.);
#4540 = DIRECTION('',(1.,0.));
#4541 = ( GEOMETRIC_REPRESENTATION_CONTEXT(2) 
PARAMETRIC_REPRESENTATION_CONTEXT() REPRESENTATION_CONTEXT('2D SPACE',''
  ) );
#4542 = ORIENTED_EDGE('',*,*,#3604,.T.);
#4543 = ORIENTED_EDGE('',*,*,#4544,.F.);
#4544 = EDGE_CURVE('',#4545,#3575,#4547,.T.);
#4545 = VERTEX_POINT('',#4546);
#4546 = CARTESIAN_POINT('',(42.5,7.5,-20.));
#4547 = SURFACE_CURVE('',#4548,(#4552,#4559),.PCURVE_S1.);
#4548 = LINE('',#4549,#4550);
#4549 = CARTESIAN_POINT('',(42.5,7.5,-30.));
#4550 = VECTOR('',#4551,1.);
#4551 = DIRECTION('',(1.110223024625E-16,0.,-1.));
#4552 = PCURVE('',#2873,#4553);
#4553 = DEFINITIONAL_REPRESENTATION('',(#4554),#4558);
#4554 = LINE('',#4555,#4556);
#4555 = CARTESIAN_POINT('',(-60.,-15.));
#4556 = VECTOR('',#4557,1.);
#4557 = DIRECTION('',(-1.,0.));
#4558 = ( GEOMETRIC_REPRESENTATION_CONTEXT(2) 
PARAMETRIC_REPRESENTATION_CONTEXT() REPRESENTATION_CONTEXT('2D SPACE',''
  ) );
#4559 = PCURVE('',#297,#4560);
#4560 = DEFINITIONAL_REPRESENTATION('',(#4561),#4565);
#4561 = LINE('',#4562,#4563);
#4562 = CARTESIAN_POINT('',(85.,2.331468351713E-15));
#4563 = VECTOR('',#4564,1.);
#4564 = DIRECTION('',(0.,1.));
#4565 = ( GEOMETRIC_REPRESENTATION_CONTEXT(2) 
PARAMETRIC_REPRESENTATION_CONTEXT() REPRESENTATION_CONTEXT('2D SPACE',''
  ) );
#4566 = ORIENTED_EDGE('',*,*,#4567,.T.);
#4567 = EDGE_CURVE('',#4545,#4244,#4568,.T.);
#4568 = SURFACE_CURVE('',#4569,(#4573,#4580),.PCURVE_S1.);
#4569 = LINE('',#4570,#4571);
#4570 = CARTESIAN_POINT('',(42.5,7.5,-20.));
#4571 = VECTOR('',#4572,1.);
#4572 = DIRECTION('',(-1.444447458291E-32,1.,1.301042606983E-16));
#4573 = PCURVE('',#2873,#4574);
#4574 = DEFINITIONAL_REPRESENTATION('',(#4575),#4579);
#4575 = LINE('',#4576,#4577);
#4576 = CARTESIAN_POINT('',(-50.,-15.));
#4577 = VECTOR('',#4578,1.);
#4578 = DIRECTION('',(1.301042606983E-16,1.));
#4579 = ( GEOMETRIC_REPRESENTATION_CONTEXT(2) 
PARAMETRIC_REPRESENTATION_CONTEXT() REPRESENTATION_CONTEXT('2D SPACE',''
  ) );
#4580 = PCURVE('',#4280,#4581);
#4581 = DEFINITIONAL_REPRESENTATION('',(#4582),#4586);
#4582 = LINE('',#4583,#4584);
#4583 = CARTESIAN_POINT('',(0.,0.));
#4584 = VECTOR('',#4585,1.);
#4585 = DIRECTION('',(-1.,0.));
#4586 = ( GEOMETRIC_REPRESENTATION_CONTEXT(2) 
PARAMETRIC_REPRESENTATION_CONTEXT() REPRESENTATION_CONTEXT('2D SPACE',''
  ) );
#4587 = ORIENTED_EDGE('',*,*,#4243,.T.);
#4588 = ORIENTED_EDGE('',*,*,#4589,.F.);
#4589 = EDGE_CURVE('',#4590,#4216,#4592,.T.);
#4590 = VERTEX_POINT('',#4591);
#4591 = CARTESIAN_POINT('',(42.5,12.,-15.));
#4592 = SURFACE_CURVE('',#4593,(#4597,#4604),.PCURVE_S1.);
#4593 = LINE('',#4594,#4595);
#4594 = CARTESIAN_POINT('',(42.5,12.,-15.));
#4595 = VECTOR('',#4596,1.);
#4596 = DIRECTION('',(7.850462293419E-17,0.707106781187,-0.707106781187)
  );
#4597 = PCURVE('',#2873,#4598);
#4598 = DEFINITIONAL_REPRESENTATION('',(#4599),#4603);
#4599 = LINE('',#4600,#4601);
#4600 = CARTESIAN_POINT('',(-45.,-10.5));
#4601 = VECTOR('',#4602,1.);
#4602 = DIRECTION('',(-0.707106781187,0.707106781187));
#4603 = ( GEOMETRIC_REPRESENTATION_CONTEXT(2) 
PARAMETRIC_REPRESENTATION_CONTEXT() REPRESENTATION_CONTEXT('2D SPACE',''
  ) );
#4604 = PCURVE('',#4231,#4605);
#4605 = DEFINITIONAL_REPRESENTATION('',(#4606),#4610);
#4606 = LINE('',#4607,#4608);
#4607 = CARTESIAN_POINT('',(-8.635508522761E-16,85.));
#4608 = VECTOR('',#4609,1.);
#4609 = DIRECTION('',(1.,0.));
#4610 = ( GEOMETRIC_REPRESENTATION_CONTEXT(2) 
PARAMETRIC_REPRESENTATION_CONTEXT() REPRESENTATION_CONTEXT('2D SPACE',''
  ) );
#4611 = ORIENTED_EDGE('',*,*,#4612,.F.);
#4612 = EDGE_CURVE('',#3025,#4590,#4613,.T.);
#4613 = SURFACE_CURVE('',#4614,(#4618,#4625),.PCURVE_S1.);
#4614 = LINE('',#4615,#4616);
#4615 = CARTESIAN_POINT('',(42.5,12.,-15.));
#4616 = VECTOR('',#4617,1.);
#4617 = DIRECTION('',(7.850462293419E-17,-0.707106781187,-0.707106781187
    ));
#4618 = PCURVE('',#2873,#4619);
#4619 = DEFINITIONAL_REPRESENTATION('',(#4620),#4624);
#4620 = LINE('',#4621,#4622);
#4621 = CARTESIAN_POINT('',(-45.,-10.5));
#4622 = VECTOR('',#4623,1.);
#4623 = DIRECTION('',(-0.707106781187,-0.707106781187));
#4624 = ( GEOMETRIC_REPRESENTATION_CONTEXT(2) 
PARAMETRIC_REPRESENTATION_CONTEXT() REPRESENTATION_CONTEXT('2D SPACE',''
  ) );
#4625 = PCURVE('',#3070,#4626);
#4626 = DEFINITIONAL_REPRESENTATION('',(#4627),#4631);
#4627 = LINE('',#4628,#4629);
#4628 = CARTESIAN_POINT('',(-8.635508522761E-16,85.));
#4629 = VECTOR('',#4630,1.);
#4630 = DIRECTION('',(1.,0.));
#4631 = ( GEOMETRIC_REPRESENTATION_CONTEXT(2) 
PARAMETRIC_REPRESENTATION_CONTEXT() REPRESENTATION_CONTEXT('2D SPACE',''
  ) );
#4632 = ORIENTED_EDGE('',*,*,#3024,.T.);
#4633 = ORIENTED_EDGE('',*,*,#4634,.F.);
#4634 = EDGE_CURVE('',#4635,#3027,#4637,.T.);
#4635 = VERTEX_POINT('',#4636);
#4636 = CARTESIAN_POINT('',(42.5,12.,-10.));
#4637 = SURFACE_CURVE('',#4638,(#4642,#4649),.PCURVE_S1.);
#4638 = LINE('',#4639,#4640);
#4639 = CARTESIAN_POINT('',(42.5,12.,-10.));
#4640 = VECTOR('',#4641,1.);
#4641 = DIRECTION('',(7.850462293419E-17,0.707106781187,-0.707106781187)
  );
#4642 = PCURVE('',#2873,#4643);
#4643 = DEFINITIONAL_REPRESENTATION('',(#4644),#4648);
#4644 = LINE('',#4645,#4646);
#4645 = CARTESIAN_POINT('',(-40.,-10.5));
#4646 = VECTOR('',#4647,1.);
#4647 = DIRECTION('',(-0.707106781187,0.707106781187));
#4648 = ( GEOMETRIC_REPRESENTATION_CONTEXT(2) 
PARAMETRIC_REPRESENTATION_CONTEXT() REPRESENTATION_CONTEXT('2D SPACE',''
  ) );
#4649 = PCURVE('',#3119,#4650);
#4650 = DEFINITIONAL_REPRESENTATION('',(#4651),#4655);
#4651 = LINE('',#4652,#4653);
#4652 = CARTESIAN_POINT('',(-8.635508522761E-16,85.));
#4653 = VECTOR('',#4654,1.);
#4654 = DIRECTION('',(1.,0.));
#4655 = ( GEOMETRIC_REPRESENTATION_CONTEXT(2) 
PARAMETRIC_REPRESENTATION_CONTEXT() REPRESENTATION_CONTEXT('2D SPACE',''
  ) );
#4656 = ORIENTED_EDGE('',*,*,#4657,.F.);
#4657 = EDGE_CURVE('',#3135,#4635,#4658,.T.);
#4658 = SURFACE_CURVE('',#4659,(#4663,#4670),.PCURVE_S1.);
#4659 = LINE('',#4660,#4661);
#4660 = CARTESIAN_POINT('',(42.5,12.,-10.));
#4661 = VECTOR('',#4662,1.);
#4662 = DIRECTION('',(7.850462293419E-17,-0.707106781187,-0.707106781187
    ));
#4663 = PCURVE('',#2873,#4664);
#4664 = DEFINITIONAL_REPRESENTATION('',(#4665),#4669);
#4665 = LINE('',#4666,#4667);
#4666 = CARTESIAN_POINT('',(-40.,-10.5));
#4667 = VECTOR('',#4668,1.);
#4668 = DIRECTION('',(-0.707106781187,-0.707106781187));
#4669 = ( GEOMETRIC_REPRESENTATION_CONTEXT(2) 
PARAMETRIC_REPRESENTATION_CONTEXT() REPRESENTATION_CONTEXT('2D SPACE',''
  ) );
#4670 = PCURVE('',#3180,#4671);
#4671 = DEFINITIONAL_REPRESENTATION('',(#4672),#4676);
#4672 = LINE('',#4673,#4674);
#4673 = CARTESIAN_POINT('',(-8.635508522761E-16,85.));
#4674 = VECTOR('',#4675,1.);
#4675 = DIRECTION('',(1.,0.));
#4676 = ( GEOMETRIC_REPRESENTATION_CONTEXT(2) 
PARAMETRIC_REPRESENTATION_CONTEXT() REPRESENTATION_CONTEXT('2D SPACE',''
  ) );
#4677 = ORIENTED_EDGE('',*,*,#3134,.T.);
#4678 = ORIENTED_EDGE('',*,*,#4679,.F.);
#4679 = EDGE_CURVE('',#4680,#3137,#4682,.T.);
#4680 = VERTEX_POINT('',#4681);
#4681 = CARTESIAN_POINT('',(42.5,12.,-5.));
#4682 = SURFACE_CURVE('',#4683,(#4687,#4694),.PCURVE_S1.);
#4683 = LINE('',#4684,#4685);
#4684 = CARTESIAN_POINT('',(42.5,12.,-5.));
#4685 = VECTOR('',#4686,1.);
#4686 = DIRECTION('',(7.850462293419E-17,0.707106781187,-0.707106781187)
  );
#4687 = PCURVE('',#2873,#4688);
#4688 = DEFINITIONAL_REPRESENTATION('',(#4689),#4693);
#4689 = LINE('',#4690,#4691);
#4690 = CARTESIAN_POINT('',(-35.,-10.5));
#4691 = VECTOR('',#4692,1.);
#4692 = DIRECTION('',(-0.707106781187,0.707106781187));
#4693 = ( GEOMETRIC_REPRESENTATION_CONTEXT(2) 
PARAMETRIC_REPRESENTATION_CONTEXT() REPRESENTATION_CONTEXT('2D SPACE',''
  ) );
#4694 = PCURVE('',#3229,#4695);
#4695 = DEFINITIONAL_REPRESENTATION('',(#4696),#4700);
#4696 = LINE('',#4697,#4698);
#4697 = CARTESIAN_POINT('',(3.925231146709E-16,85.));
#4698 = VECTOR('',#4699,1.);
#4699 = DIRECTION('',(1.,0.));
#4700 = ( GEOMETRIC_REPRESENTATION_CONTEXT(2) 
PARAMETRIC_REPRESENTATION_CONTEXT() REPRESENTATION_CONTEXT('2D SPACE',''
  ) );
#4701 = ORIENTED_EDGE('',*,*,#4702,.F.);
#4702 = EDGE_CURVE('',#3245,#4680,#4703,.T.);
#4703 = SURFACE_CURVE('',#4704,(#4708,#4715),.PCURVE_S1.);
#4704 = LINE('',#4705,#4706);
#4705 = CARTESIAN_POINT('',(42.5,12.,-5.));
#4706 = VECTOR('',#4707,1.);
#4707 = DIRECTION('',(7.850462293419E-17,-0.707106781187,-0.707106781187
    ));
#4708 = PCURVE('',#2873,#4709);
#4709 = DEFINITIONAL_REPRESENTATION('',(#4710),#4714);
#4710 = LINE('',#4711,#4712);
#4711 = CARTESIAN_POINT('',(-35.,-10.5));
#4712 = VECTOR('',#4713,1.);
#4713 = DIRECTION('',(-0.707106781187,-0.707106781187));
#4714 = ( GEOMETRIC_REPRESENTATION_CONTEXT(2) 
PARAMETRIC_REPRESENTATION_CONTEXT() REPRESENTATION_CONTEXT('2D SPACE',''
  ) );
#4715 = PCURVE('',#3290,#4716);
#4716 = DEFINITIONAL_REPRESENTATION('',(#4717),#4721);
#4717 = LINE('',#4718,#4719);
#4718 = CARTESIAN_POINT('',(3.925231146709E-16,85.));
#4719 = VECTOR('',#4720,1.);
#4720 = DIRECTION('',(1.,0.));
#4721 = ( GEOMETRIC_REPRESENTATION_CONTEXT(2) 
PARAMETRIC_REPRESENTATION_CONTEXT() REPRESENTATION_CONTEXT('2D SPACE',''
  ) );
#4722 = ORIENTED_EDGE('',*,*,#3244,.T.);
#4723 = ORIENTED_EDGE('',*,*,#4724,.F.);
#4724 = EDGE_CURVE('',#4725,#3247,#4727,.T.);
#4725 = VERTEX_POINT('',#4726);
#4726 = CARTESIAN_POINT('',(42.5,12.,4.718447854657E-15));
#4727 = SURFACE_CURVE('',#4728,(#4732,#4739),.PCURVE_S1.);
#4728 = LINE('',#4729,#4730);
#4729 = CARTESIAN_POINT('',(42.5,12.,4.718447854657E-15));
#4730 = VECTOR('',#4731,1.);
#4731 = DIRECTION('',(7.850462293419E-17,0.707106781187,-0.707106781187)
  );
#4732 = PCURVE('',#2873,#4733);
#4733 = DEFINITIONAL_REPRESENTATION('',(#4734),#4738);
#4734 = LINE('',#4735,#4736);
#4735 = CARTESIAN_POINT('',(-30.,-10.5));
#4736 = VECTOR('',#4737,1.);
#4737 = DIRECTION('',(-0.707106781187,0.707106781187));
#4738 = ( GEOMETRIC_REPRESENTATION_CONTEXT(2) 
PARAMETRIC_REPRESENTATION_CONTEXT() REPRESENTATION_CONTEXT('2D SPACE',''
  ) );
#4739 = PCURVE('',#3339,#4740);
#4740 = DEFINITIONAL_REPRESENTATION('',(#4741),#4745);
#4741 = LINE('',#4742,#4743);
#4742 = CARTESIAN_POINT('',(0.,85.));
#4743 = VECTOR('',#4744,1.);
#4744 = DIRECTION('',(1.,0.));
#4745 = ( GEOMETRIC_REPRESENTATION_CONTEXT(2) 
PARAMETRIC_REPRESENTATION_CONTEXT() REPRESENTATION_CONTEXT('2D SPACE',''
  ) );
#4746 = ORIENTED_EDGE('',*,*,#4747,.F.);
#4747 = EDGE_CURVE('',#2858,#4725,#4748,.T.);
#4748 = SURFACE_CURVE('',#4749,(#4753,#4760),.PCURVE_S1.);
#4749 = LINE('',#4750,#4751);
#4750 = CARTESIAN_POINT('',(42.5,12.,4.718447854657E-15));
#4751 = VECTOR('',#4752,1.);
#4752 = DIRECTION('',(7.850462293419E-17,-0.707106781187,-0.707106781187
    ));
#4753 = PCURVE('',#2873,#4754);
#4754 = DEFINITIONAL_REPRESENTATION('',(#4755),#4759);
#4755 = LINE('',#4756,#4757);
#4756 = CARTESIAN_POINT('',(-30.,-10.5));
#4757 = VECTOR('',#4758,1.);
#4758 = DIRECTION('',(-0.707106781187,-0.707106781187));
#4759 = ( GEOMETRIC_REPRESENTATION_CONTEXT(2) 
PARAMETRIC_REPRESENTATION_CONTEXT() REPRESENTATION_CONTEXT('2D SPACE',''
  ) );
#4760 = PCURVE('',#2899,#4761);
#4761 = DEFINITIONAL_REPRESENTATION('',(#4762),#4766);
#4762 = LINE('',#4763,#4764);
#4763 = CARTESIAN_POINT('',(0.,85.));
#4764 = VECTOR('',#4765,1.);
#4765 = DIRECTION('',(1.,0.));
#4766 = ( GEOMETRIC_REPRESENTATION_CONTEXT(2) 
PARAMETRIC_REPRESENTATION_CONTEXT() REPRESENTATION_CONTEXT('2D SPACE',''
  ) );
#4767 = ADVANCED_FACE('',(#4768),#2817,.T.);
#4768 = FACE_BOUND('',#4769,.T.);
#4769 = EDGE_LOOP('',(#4770,#4793,#4794,#4817,#4838,#4839,#4862,#4883,
    #4884,#4907,#4928,#4929,#4952,#4973,#4974,#4997,#5018,#5019,#5042,
    #5065,#5086,#5087,#5110,#5131,#5132,#5155,#5176,#5177,#5200,#5221,
    #5222));
#4770 = ORIENTED_EDGE('',*,*,#4771,.T.);
#4771 = EDGE_CURVE('',#4772,#2797,#4774,.T.);
#4772 = VERTEX_POINT('',#4773);
#4773 = CARTESIAN_POINT('',(-42.5,12.,5.));
#4774 = SURFACE_CURVE('',#4775,(#4779,#4786),.PCURVE_S1.);
#4775 = LINE('',#4776,#4777);
#4776 = CARTESIAN_POINT('',(-42.5,12.,5.));
#4777 = VECTOR('',#4778,1.);
#4778 = DIRECTION('',(7.850462293419E-17,0.707106781187,-0.707106781187)
  );
#4779 = PCURVE('',#2817,#4780);
#4780 = DEFINITIONAL_REPRESENTATION('',(#4781),#4785);
#4781 = LINE('',#4782,#4783);
#4782 = CARTESIAN_POINT('',(-25.,-10.5));
#4783 = VECTOR('',#4784,1.);
#4784 = DIRECTION('',(-0.707106781187,0.707106781187));
#4785 = ( GEOMETRIC_REPRESENTATION_CONTEXT(2) 
PARAMETRIC_REPRESENTATION_CONTEXT() REPRESENTATION_CONTEXT('2D SPACE',''
  ) );
#4786 = PCURVE('',#2845,#4787);
#4787 = DEFINITIONAL_REPRESENTATION('',(#4788),#4792);
#4788 = LINE('',#4789,#4790);
#4789 = CARTESIAN_POINT('',(0.,0.));
#4790 = VECTOR('',#4791,1.);
#4791 = DIRECTION('',(1.,0.));
#4792 = ( GEOMETRIC_REPRESENTATION_CONTEXT(2) 
PARAMETRIC_REPRESENTATION_CONTEXT() REPRESENTATION_CONTEXT('2D SPACE',''
  ) );
#4793 = ORIENTED_EDGE('',*,*,#2794,.F.);
#4794 = ORIENTED_EDGE('',*,*,#4795,.T.);
#4795 = EDGE_CURVE('',#2795,#4796,#4798,.T.);
#4796 = VERTEX_POINT('',#4797);
#4797 = CARTESIAN_POINT('',(-42.5,12.,-4.718447854657E-15));
#4798 = SURFACE_CURVE('',#4799,(#4803,#4810),.PCURVE_S1.);
#4799 = LINE('',#4800,#4801);
#4800 = CARTESIAN_POINT('',(-42.5,12.,-4.718447854657E-15));
#4801 = VECTOR('',#4802,1.);
#4802 = DIRECTION('',(7.850462293419E-17,-0.707106781187,-0.707106781187
    ));
#4803 = PCURVE('',#2817,#4804);
#4804 = DEFINITIONAL_REPRESENTATION('',(#4805),#4809);
#4805 = LINE('',#4806,#4807);
#4806 = CARTESIAN_POINT('',(-30.,-10.5));
#4807 = VECTOR('',#4808,1.);
#4808 = DIRECTION('',(-0.707106781187,-0.707106781187));
#4809 = ( GEOMETRIC_REPRESENTATION_CONTEXT(2) 
PARAMETRIC_REPRESENTATION_CONTEXT() REPRESENTATION_CONTEXT('2D SPACE',''
  ) );
#4810 = PCURVE('',#2899,#4811);
#4811 = DEFINITIONAL_REPRESENTATION('',(#4812),#4816);
#4812 = LINE('',#4813,#4814);
#4813 = CARTESIAN_POINT('',(0.,0.));
#4814 = VECTOR('',#4815,1.);
#4815 = DIRECTION('',(1.,0.));
#4816 = ( GEOMETRIC_REPRESENTATION_CONTEXT(2) 
PARAMETRIC_REPRESENTATION_CONTEXT() REPRESENTATION_CONTEXT('2D SPACE',''
  ) );
#4817 = ORIENTED_EDGE('',*,*,#4818,.T.);
#4818 = EDGE_CURVE('',#4796,#3303,#4819,.T.);
#4819 = SURFACE_CURVE('',#4820,(#4824,#4831),.PCURVE_S1.);
#4820 = LINE('',#4821,#4822);
#4821 = CARTESIAN_POINT('',(-42.5,12.,-4.718447854657E-15));
#4822 = VECTOR('',#4823,1.);
#4823 = DIRECTION('',(7.850462293419E-17,0.707106781187,-0.707106781187)
  );
#4824 = PCURVE('',#2817,#4825);
#4825 = DEFINITIONAL_REPRESENTATION('',(#4826),#4830);
#4826 = LINE('',#4827,#4828);
#4827 = CARTESIAN_POINT('',(-30.,-10.5));
#4828 = VECTOR('',#4829,1.);
#4829 = DIRECTION('',(-0.707106781187,0.707106781187));
#4830 = ( GEOMETRIC_REPRESENTATION_CONTEXT(2) 
PARAMETRIC_REPRESENTATION_CONTEXT() REPRESENTATION_CONTEXT('2D SPACE',''
  ) );
#4831 = PCURVE('',#3339,#4832);
#4832 = DEFINITIONAL_REPRESENTATION('',(#4833),#4837);
#4833 = LINE('',#4834,#4835);
#4834 = CARTESIAN_POINT('',(0.,0.));
#4835 = VECTOR('',#4836,1.);
#4836 = DIRECTION('',(1.,0.));
#4837 = ( GEOMETRIC_REPRESENTATION_CONTEXT(2) 
PARAMETRIC_REPRESENTATION_CONTEXT() REPRESENTATION_CONTEXT('2D SPACE',''
  ) );
#4838 = ORIENTED_EDGE('',*,*,#3302,.F.);
#4839 = ORIENTED_EDGE('',*,*,#4840,.T.);
#4840 = EDGE_CURVE('',#3275,#4841,#4843,.T.);
#4841 = VERTEX_POINT('',#4842);
#4842 = CARTESIAN_POINT('',(-42.5,12.,-5.));
#4843 = SURFACE_CURVE('',#4844,(#4848,#4855),.PCURVE_S1.);
#4844 = LINE('',#4845,#4846);
#4845 = CARTESIAN_POINT('',(-42.5,12.,-5.));
#4846 = VECTOR('',#4847,1.);
#4847 = DIRECTION('',(7.850462293419E-17,-0.707106781187,-0.707106781187
    ));
#4848 = PCURVE('',#2817,#4849);
#4849 = DEFINITIONAL_REPRESENTATION('',(#4850),#4854);
#4850 = LINE('',#4851,#4852);
#4851 = CARTESIAN_POINT('',(-35.,-10.5));
#4852 = VECTOR('',#4853,1.);
#4853 = DIRECTION('',(-0.707106781187,-0.707106781187));
#4854 = ( GEOMETRIC_REPRESENTATION_CONTEXT(2) 
PARAMETRIC_REPRESENTATION_CONTEXT() REPRESENTATION_CONTEXT('2D SPACE',''
  ) );
#4855 = PCURVE('',#3290,#4856);
#4856 = DEFINITIONAL_REPRESENTATION('',(#4857),#4861);
#4857 = LINE('',#4858,#4859);
#4858 = CARTESIAN_POINT('',(0.,0.));
#4859 = VECTOR('',#4860,1.);
#4860 = DIRECTION('',(1.,0.));
#4861 = ( GEOMETRIC_REPRESENTATION_CONTEXT(2) 
PARAMETRIC_REPRESENTATION_CONTEXT() REPRESENTATION_CONTEXT('2D SPACE',''
  ) );
#4862 = ORIENTED_EDGE('',*,*,#4863,.T.);
#4863 = EDGE_CURVE('',#4841,#3193,#4864,.T.);
#4864 = SURFACE_CURVE('',#4865,(#4869,#4876),.PCURVE_S1.);
#4865 = LINE('',#4866,#4867);
#4866 = CARTESIAN_POINT('',(-42.5,12.,-5.));
#4867 = VECTOR('',#4868,1.);
#4868 = DIRECTION('',(7.850462293419E-17,0.707106781187,-0.707106781187)
  );
#4869 = PCURVE('',#2817,#4870);
#4870 = DEFINITIONAL_REPRESENTATION('',(#4871),#4875);
#4871 = LINE('',#4872,#4873);
#4872 = CARTESIAN_POINT('',(-35.,-10.5));
#4873 = VECTOR('',#4874,1.);
#4874 = DIRECTION('',(-0.707106781187,0.707106781187));
#4875 = ( GEOMETRIC_REPRESENTATION_CONTEXT(2) 
PARAMETRIC_REPRESENTATION_CONTEXT() REPRESENTATION_CONTEXT('2D SPACE',''
  ) );
#4876 = PCURVE('',#3229,#4877);
#4877 = DEFINITIONAL_REPRESENTATION('',(#4878),#4882);
#4878 = LINE('',#4879,#4880);
#4879 = CARTESIAN_POINT('',(0.,0.));
#4880 = VECTOR('',#4881,1.);
#4881 = DIRECTION('',(1.,0.));
#4882 = ( GEOMETRIC_REPRESENTATION_CONTEXT(2) 
PARAMETRIC_REPRESENTATION_CONTEXT() REPRESENTATION_CONTEXT('2D SPACE',''
  ) );
#4883 = ORIENTED_EDGE('',*,*,#3192,.F.);
#4884 = ORIENTED_EDGE('',*,*,#4885,.T.);
#4885 = EDGE_CURVE('',#3165,#4886,#4888,.T.);
#4886 = VERTEX_POINT('',#4887);
#4887 = CARTESIAN_POINT('',(-42.5,12.,-10.));
#4888 = SURFACE_CURVE('',#4889,(#4893,#4900),.PCURVE_S1.);
#4889 = LINE('',#4890,#4891);
#4890 = CARTESIAN_POINT('',(-42.5,12.,-10.));
#4891 = VECTOR('',#4892,1.);
#4892 = DIRECTION('',(7.850462293419E-17,-0.707106781187,-0.707106781187
    ));
#4893 = PCURVE('',#2817,#4894);
#4894 = DEFINITIONAL_REPRESENTATION('',(#4895),#4899);
#4895 = LINE('',#4896,#4897);
#4896 = CARTESIAN_POINT('',(-40.,-10.5));
#4897 = VECTOR('',#4898,1.);
#4898 = DIRECTION('',(-0.707106781187,-0.707106781187));
#4899 = ( GEOMETRIC_REPRESENTATION_CONTEXT(2) 
PARAMETRIC_REPRESENTATION_CONTEXT() REPRESENTATION_CONTEXT('2D SPACE',''
  ) );
#4900 = PCURVE('',#3180,#4901);
#4901 = DEFINITIONAL_REPRESENTATION('',(#4902),#4906);
#4902 = LINE('',#4903,#4904);
#4903 = CARTESIAN_POINT('',(0.,0.));
#4904 = VECTOR('',#4905,1.);
#4905 = DIRECTION('',(1.,0.));
#4906 = ( GEOMETRIC_REPRESENTATION_CONTEXT(2) 
PARAMETRIC_REPRESENTATION_CONTEXT() REPRESENTATION_CONTEXT('2D SPACE',''
  ) );
#4907 = ORIENTED_EDGE('',*,*,#4908,.T.);
#4908 = EDGE_CURVE('',#4886,#3083,#4909,.T.);
#4909 = SURFACE_CURVE('',#4910,(#4914,#4921),.PCURVE_S1.);
#4910 = LINE('',#4911,#4912);
#4911 = CARTESIAN_POINT('',(-42.5,12.,-10.));
#4912 = VECTOR('',#4913,1.);
#4913 = DIRECTION('',(7.850462293419E-17,0.707106781187,-0.707106781187)
  );
#4914 = PCURVE('',#2817,#4915);
#4915 = DEFINITIONAL_REPRESENTATION('',(#4916),#4920);
#4916 = LINE('',#4917,#4918);
#4917 = CARTESIAN_POINT('',(-40.,-10.5));
#4918 = VECTOR('',#4919,1.);
#4919 = DIRECTION('',(-0.707106781187,0.707106781187));
#4920 = ( GEOMETRIC_REPRESENTATION_CONTEXT(2) 
PARAMETRIC_REPRESENTATION_CONTEXT() REPRESENTATION_CONTEXT('2D SPACE',''
  ) );
#4921 = PCURVE('',#3119,#4922);
#4922 = DEFINITIONAL_REPRESENTATION('',(#4923),#4927);
#4923 = LINE('',#4924,#4925);
#4924 = CARTESIAN_POINT('',(0.,0.));
#4925 = VECTOR('',#4926,1.);
#4926 = DIRECTION('',(1.,0.));
#4927 = ( GEOMETRIC_REPRESENTATION_CONTEXT(2) 
PARAMETRIC_REPRESENTATION_CONTEXT() REPRESENTATION_CONTEXT('2D SPACE',''
  ) );
#4928 = ORIENTED_EDGE('',*,*,#3082,.F.);
#4929 = ORIENTED_EDGE('',*,*,#4930,.T.);
#4930 = EDGE_CURVE('',#3055,#4931,#4933,.T.);
#4931 = VERTEX_POINT('',#4932);
#4932 = CARTESIAN_POINT('',(-42.5,12.,-15.));
#4933 = SURFACE_CURVE('',#4934,(#4938,#4945),.PCURVE_S1.);
#4934 = LINE('',#4935,#4936);
#4935 = CARTESIAN_POINT('',(-42.5,12.,-15.));
#4936 = VECTOR('',#4937,1.);
#4937 = DIRECTION('',(7.850462293419E-17,-0.707106781187,-0.707106781187
    ));
#4938 = PCURVE('',#2817,#4939);
#4939 = DEFINITIONAL_REPRESENTATION('',(#4940),#4944);
#4940 = LINE('',#4941,#4942);
#4941 = CARTESIAN_POINT('',(-45.,-10.5));
#4942 = VECTOR('',#4943,1.);
#4943 = DIRECTION('',(-0.707106781187,-0.707106781187));
#4944 = ( GEOMETRIC_REPRESENTATION_CONTEXT(2) 
PARAMETRIC_REPRESENTATION_CONTEXT() REPRESENTATION_CONTEXT('2D SPACE',''
  ) );
#4945 = PCURVE('',#3070,#4946);
#4946 = DEFINITIONAL_REPRESENTATION('',(#4947),#4951);
#4947 = LINE('',#4948,#4949);
#4948 = CARTESIAN_POINT('',(0.,0.));
#4949 = VECTOR('',#4950,1.);
#4950 = DIRECTION('',(1.,0.));
#4951 = ( GEOMETRIC_REPRESENTATION_CONTEXT(2) 
PARAMETRIC_REPRESENTATION_CONTEXT() REPRESENTATION_CONTEXT('2D SPACE',''
  ) );
#4952 = ORIENTED_EDGE('',*,*,#4953,.T.);
#4953 = EDGE_CURVE('',#4931,#4188,#4954,.T.);
#4954 = SURFACE_CURVE('',#4955,(#4959,#4966),.PCURVE_S1.);
#4955 = LINE('',#4956,#4957);
#4956 = CARTESIAN_POINT('',(-42.5,12.,-15.));
#4957 = VECTOR('',#4958,1.);
#4958 = DIRECTION('',(7.850462293419E-17,0.707106781187,-0.707106781187)
  );
#4959 = PCURVE('',#2817,#4960);
#4960 = DEFINITIONAL_REPRESENTATION('',(#4961),#4965);
#4961 = LINE('',#4962,#4963);
#4962 = CARTESIAN_POINT('',(-45.,-10.5));
#4963 = VECTOR('',#4964,1.);
#4964 = DIRECTION('',(-0.707106781187,0.707106781187));
#4965 = ( GEOMETRIC_REPRESENTATION_CONTEXT(2) 
PARAMETRIC_REPRESENTATION_CONTEXT() REPRESENTATION_CONTEXT('2D SPACE',''
  ) );
#4966 = PCURVE('',#4231,#4967);
#4967 = DEFINITIONAL_REPRESENTATION('',(#4968),#4972);
#4968 = LINE('',#4969,#4970);
#4969 = CARTESIAN_POINT('',(0.,0.));
#4970 = VECTOR('',#4971,1.);
#4971 = DIRECTION('',(1.,0.));
#4972 = ( GEOMETRIC_REPRESENTATION_CONTEXT(2) 
PARAMETRIC_REPRESENTATION_CONTEXT() REPRESENTATION_CONTEXT('2D SPACE',''
  ) );
#4973 = ORIENTED_EDGE('',*,*,#4185,.F.);
#4974 = ORIENTED_EDGE('',*,*,#4975,.F.);
#4975 = EDGE_CURVE('',#4976,#4186,#4978,.T.);
#4976 = VERTEX_POINT('',#4977);
#4977 = CARTESIAN_POINT('',(-42.5,7.5,-20.));
#4978 = SURFACE_CURVE('',#4979,(#4983,#4990),.PCURVE_S1.);
#4979 = LINE('',#4980,#4981);
#4980 = CARTESIAN_POINT('',(-42.5,7.5,-20.));
#4981 = VECTOR('',#4982,1.);
#4982 = DIRECTION('',(-1.444447458291E-32,1.,1.301042606983E-16));
#4983 = PCURVE('',#2817,#4984);
#4984 = DEFINITIONAL_REPRESENTATION('',(#4985),#4989);
#4985 = LINE('',#4986,#4987);
#4986 = CARTESIAN_POINT('',(-50.,-15.));
#4987 = VECTOR('',#4988,1.);
#4988 = DIRECTION('',(1.301042606983E-16,1.));
#4989 = ( GEOMETRIC_REPRESENTATION_CONTEXT(2) 
PARAMETRIC_REPRESENTATION_CONTEXT() REPRESENTATION_CONTEXT('2D SPACE',''
  ) );
#4990 = PCURVE('',#4280,#4991);
#4991 = DEFINITIONAL_REPRESENTATION('',(#4992),#4996);
#4992 = LINE('',#4993,#4994);
#4993 = CARTESIAN_POINT('',(1.58889220412E-31,-85.));
#4994 = VECTOR('',#4995,1.);
#4995 = DIRECTION('',(-1.,0.));
#4996 = ( GEOMETRIC_REPRESENTATION_CONTEXT(2) 
PARAMETRIC_REPRESENTATION_CONTEXT() REPRESENTATION_CONTEXT('2D SPACE',''
  ) );
#4997 = ORIENTED_EDGE('',*,*,#4998,.F.);
#4998 = EDGE_CURVE('',#3577,#4976,#4999,.T.);
#4999 = SURFACE_CURVE('',#5000,(#5004,#5011),.PCURVE_S1.);
#5000 = LINE('',#5001,#5002);
#5001 = CARTESIAN_POINT('',(-42.5,7.5,-30.));
#5002 = VECTOR('',#5003,1.);
#5003 = DIRECTION('',(-1.110223024625E-16,0.,1.));
#5004 = PCURVE('',#2817,#5005);
#5005 = DEFINITIONAL_REPRESENTATION('',(#5006),#5010);
#5006 = LINE('',#5007,#5008);
#5007 = CARTESIAN_POINT('',(-60.,-15.));
#5008 = VECTOR('',#5009,1.);
#5009 = DIRECTION('',(1.,0.));
#5010 = ( GEOMETRIC_REPRESENTATION_CONTEXT(2) 
PARAMETRIC_REPRESENTATION_CONTEXT() REPRESENTATION_CONTEXT('2D SPACE',''
  ) );
#5011 = PCURVE('',#297,#5012);
#5012 = DEFINITIONAL_REPRESENTATION('',(#5013),#5017);
#5013 = LINE('',#5014,#5015);
#5014 = CARTESIAN_POINT('',(0.,0.));
#5015 = VECTOR('',#5016,1.);
#5016 = DIRECTION('',(0.,-1.));
#5017 = ( GEOMETRIC_REPRESENTATION_CONTEXT(2) 
PARAMETRIC_REPRESENTATION_CONTEXT() REPRESENTATION_CONTEXT('2D SPACE',''
  ) );
#5018 = ORIENTED_EDGE('',*,*,#3762,.F.);
#5019 = ORIENTED_EDGE('',*,*,#5020,.T.);
#5020 = EDGE_CURVE('',#3735,#5021,#5023,.T.);
#5021 = VERTEX_POINT('',#5022);
#5022 = CARTESIAN_POINT('',(-42.5,-12.5,-28.));
#5023 = SURFACE_CURVE('',#5024,(#5028,#5035),.PCURVE_S1.);
#5024 = LINE('',#5025,#5026);
#5025 = CARTESIAN_POINT('',(-42.5,-24.,-16.5));
#5026 = VECTOR('',#5027,1.);
#5027 = DIRECTION('',(-7.850462293419E-17,-0.707106781187,0.707106781187
    ));
#5028 = PCURVE('',#2817,#5029);
#5029 = DEFINITIONAL_REPRESENTATION('',(#5030),#5034);
#5030 = LINE('',#5031,#5032);
#5031 = CARTESIAN_POINT('',(-46.5,-46.5));
#5032 = VECTOR('',#5033,1.);
#5033 = DIRECTION('',(0.707106781187,-0.707106781187));
#5034 = ( GEOMETRIC_REPRESENTATION_CONTEXT(2) 
PARAMETRIC_REPRESENTATION_CONTEXT() REPRESENTATION_CONTEXT('2D SPACE',''
  ) );
#5035 = PCURVE('',#3750,#5036);
#5036 = DEFINITIONAL_REPRESENTATION('',(#5037),#5041);
#5037 = LINE('',#5038,#5039);
#5038 = CARTESIAN_POINT('',(16.263455967291,-12.));
#5039 = VECTOR('',#5040,1.);
#5040 = DIRECTION('',(1.,0.));
#5041 = ( GEOMETRIC_REPRESENTATION_CONTEXT(2) 
PARAMETRIC_REPRESENTATION_CONTEXT() REPRESENTATION_CONTEXT('2D SPACE',''
  ) );
#5042 = ORIENTED_EDGE('',*,*,#5043,.F.);
#5043 = EDGE_CURVE('',#5044,#5021,#5046,.T.);
#5044 = VERTEX_POINT('',#5045);
#5045 = CARTESIAN_POINT('',(-42.5,-12.5,28.));
#5046 = SURFACE_CURVE('',#5047,(#5051,#5058),.PCURVE_S1.);
#5047 = LINE('',#5048,#5049);
#5048 = CARTESIAN_POINT('',(-42.5,-12.5,30.));
#5049 = VECTOR('',#5050,1.);
#5050 = DIRECTION('',(1.110223024625E-16,0.,-1.));
#5051 = PCURVE('',#2817,#5052);
#5052 = DEFINITIONAL_REPRESENTATION('',(#5053),#5057);
#5053 = LINE('',#5054,#5055);
#5054 = CARTESIAN_POINT('',(0.,-35.));
#5055 = VECTOR('',#5056,1.);
#5056 = DIRECTION('',(-1.,0.));
#5057 = ( GEOMETRIC_REPRESENTATION_CONTEXT(2) 
PARAMETRIC_REPRESENTATION_CONTEXT() REPRESENTATION_CONTEXT('2D SPACE',''
  ) );
#5058 = PCURVE('',#1571,#5059);
#5059 = DEFINITIONAL_REPRESENTATION('',(#5060),#5064);
#5060 = LINE('',#5061,#5062);
#5061 = CARTESIAN_POINT('',(-12.,-1.33226762955E-15));
#5062 = VECTOR('',#5063,1.);
#5063 = DIRECTION('',(0.,1.));
#5064 = ( GEOMETRIC_REPRESENTATION_CONTEXT(2) 
PARAMETRIC_REPRESENTATION_CONTEXT() REPRESENTATION_CONTEXT('2D SPACE',''
  ) );
#5065 = ORIENTED_EDGE('',*,*,#5066,.T.);
#5066 = EDGE_CURVE('',#5044,#3817,#5067,.T.);
#5067 = SURFACE_CURVE('',#5068,(#5072,#5079),.PCURVE_S1.);
#5068 = LINE('',#5069,#5070);
#5069 = CARTESIAN_POINT('',(-42.5,6.,46.5));
#5070 = VECTOR('',#5071,1.);
#5071 = DIRECTION('',(-7.850462293419E-17,0.707106781187,0.707106781187)
  );
#5072 = PCURVE('',#2817,#5073);
#5073 = DEFINITIONAL_REPRESENTATION('',(#5074),#5078);
#5074 = LINE('',#5075,#5076);
#5075 = CARTESIAN_POINT('',(16.5,-16.5));
#5076 = VECTOR('',#5077,1.);
#5077 = DIRECTION('',(0.707106781187,0.707106781187));
#5078 = ( GEOMETRIC_REPRESENTATION_CONTEXT(2) 
PARAMETRIC_REPRESENTATION_CONTEXT() REPRESENTATION_CONTEXT('2D SPACE',''
  ) );
#5079 = PCURVE('',#3855,#5080);
#5080 = DEFINITIONAL_REPRESENTATION('',(#5081),#5085);
#5081 = LINE('',#5082,#5083);
#5082 = CARTESIAN_POINT('',(26.162950903902,-12.));
#5083 = VECTOR('',#5084,1.);
#5084 = DIRECTION('',(1.,0.));
#5085 = ( GEOMETRIC_REPRESENTATION_CONTEXT(2) 
PARAMETRIC_REPRESENTATION_CONTEXT() REPRESENTATION_CONTEXT('2D SPACE',''
  ) );
#5086 = ORIENTED_EDGE('',*,*,#3816,.F.);
#5087 = ORIENTED_EDGE('',*,*,#5088,.F.);
#5088 = EDGE_CURVE('',#5089,#3787,#5091,.T.);
#5089 = VERTEX_POINT('',#5090);
#5090 = CARTESIAN_POINT('',(-42.5,7.5,20.));
#5091 = SURFACE_CURVE('',#5092,(#5096,#5103),.PCURVE_S1.);
#5092 = LINE('',#5093,#5094);
#5093 = CARTESIAN_POINT('',(-42.5,7.5,30.));
#5094 = VECTOR('',#5095,1.);
#5095 = DIRECTION('',(-1.110223024625E-16,-0.,1.));
#5096 = PCURVE('',#2817,#5097);
#5097 = DEFINITIONAL_REPRESENTATION('',(#5098),#5102);
#5098 = LINE('',#5099,#5100);
#5099 = CARTESIAN_POINT('',(0.,-15.));
#5100 = VECTOR('',#5101,1.);
#5101 = DIRECTION('',(1.,0.));
#5102 = ( GEOMETRIC_REPRESENTATION_CONTEXT(2) 
PARAMETRIC_REPRESENTATION_CONTEXT() REPRESENTATION_CONTEXT('2D SPACE',''
  ) );
#5103 = PCURVE('',#73,#5104);
#5104 = DEFINITIONAL_REPRESENTATION('',(#5105),#5109);
#5105 = LINE('',#5106,#5107);
#5106 = CARTESIAN_POINT('',(-85.,-2.331468351713E-15));
#5107 = VECTOR('',#5108,1.);
#5108 = DIRECTION('',(0.,-1.));
#5109 = ( GEOMETRIC_REPRESENTATION_CONTEXT(2) 
PARAMETRIC_REPRESENTATION_CONTEXT() REPRESENTATION_CONTEXT('2D SPACE',''
  ) );
#5110 = ORIENTED_EDGE('',*,*,#5111,.T.);
#5111 = EDGE_CURVE('',#5089,#3523,#5112,.T.);
#5112 = SURFACE_CURVE('',#5113,(#5117,#5124),.PCURVE_S1.);
#5113 = LINE('',#5114,#5115);
#5114 = CARTESIAN_POINT('',(-42.5,7.5,20.));
#5115 = VECTOR('',#5116,1.);
#5116 = DIRECTION('',(-1.444447458291E-32,1.,1.301042606983E-16));
#5117 = PCURVE('',#2817,#5118);
#5118 = DEFINITIONAL_REPRESENTATION('',(#5119),#5123);
#5119 = LINE('',#5120,#5121);
#5120 = CARTESIAN_POINT('',(-10.,-15.));
#5121 = VECTOR('',#5122,1.);
#5122 = DIRECTION('',(1.301042606983E-16,1.));
#5123 = ( GEOMETRIC_REPRESENTATION_CONTEXT(2) 
PARAMETRIC_REPRESENTATION_CONTEXT() REPRESENTATION_CONTEXT('2D SPACE',''
  ) );
#5124 = PCURVE('',#3559,#5125);
#5125 = DEFINITIONAL_REPRESENTATION('',(#5126),#5130);
#5126 = LINE('',#5127,#5128);
#5127 = CARTESIAN_POINT('',(0.,0.));
#5128 = VECTOR('',#5129,1.);
#5129 = DIRECTION('',(1.,0.));
#5130 = ( GEOMETRIC_REPRESENTATION_CONTEXT(2) 
PARAMETRIC_REPRESENTATION_CONTEXT() REPRESENTATION_CONTEXT('2D SPACE',''
  ) );
#5131 = ORIENTED_EDGE('',*,*,#3522,.F.);
#5132 = ORIENTED_EDGE('',*,*,#5133,.T.);
#5133 = EDGE_CURVE('',#3495,#5134,#5136,.T.);
#5134 = VERTEX_POINT('',#5135);
#5135 = CARTESIAN_POINT('',(-42.5,12.,15.));
#5136 = SURFACE_CURVE('',#5137,(#5141,#5148),.PCURVE_S1.);
#5137 = LINE('',#5138,#5139);
#5138 = CARTESIAN_POINT('',(-42.5,12.,15.));
#5139 = VECTOR('',#5140,1.);
#5140 = DIRECTION('',(7.850462293419E-17,-0.707106781187,-0.707106781187
    ));
#5141 = PCURVE('',#2817,#5142);
#5142 = DEFINITIONAL_REPRESENTATION('',(#5143),#5147);
#5143 = LINE('',#5144,#5145);
#5144 = CARTESIAN_POINT('',(-15.,-10.5));
#5145 = VECTOR('',#5146,1.);
#5146 = DIRECTION('',(-0.707106781187,-0.707106781187));
#5147 = ( GEOMETRIC_REPRESENTATION_CONTEXT(2) 
PARAMETRIC_REPRESENTATION_CONTEXT() REPRESENTATION_CONTEXT('2D SPACE',''
  ) );
#5148 = PCURVE('',#3510,#5149);
#5149 = DEFINITIONAL_REPRESENTATION('',(#5150),#5154);
#5150 = LINE('',#5151,#5152);
#5151 = CARTESIAN_POINT('',(0.,0.));
#5152 = VECTOR('',#5153,1.);
#5153 = DIRECTION('',(1.,0.));
#5154 = ( GEOMETRIC_REPRESENTATION_CONTEXT(2) 
PARAMETRIC_REPRESENTATION_CONTEXT() REPRESENTATION_CONTEXT('2D SPACE',''
  ) );
#5155 = ORIENTED_EDGE('',*,*,#5156,.T.);
#5156 = EDGE_CURVE('',#5134,#3413,#5157,.T.);
#5157 = SURFACE_CURVE('',#5158,(#5162,#5169),.PCURVE_S1.);
#5158 = LINE('',#5159,#5160);
#5159 = CARTESIAN_POINT('',(-42.5,12.,15.));
#5160 = VECTOR('',#5161,1.);
#5161 = DIRECTION('',(7.850462293419E-17,0.707106781187,-0.707106781187)
  );
#5162 = PCURVE('',#2817,#5163);
#5163 = DEFINITIONAL_REPRESENTATION('',(#5164),#5168);
#5164 = LINE('',#5165,#5166);
#5165 = CARTESIAN_POINT('',(-15.,-10.5));
#5166 = VECTOR('',#5167,1.);
#5167 = DIRECTION('',(-0.707106781187,0.707106781187));
#5168 = ( GEOMETRIC_REPRESENTATION_CONTEXT(2) 
PARAMETRIC_REPRESENTATION_CONTEXT() REPRESENTATION_CONTEXT('2D SPACE',''
  ) );
#5169 = PCURVE('',#3449,#5170);
#5170 = DEFINITIONAL_REPRESENTATION('',(#5171),#5175);
#5171 = LINE('',#5172,#5173);
#5172 = CARTESIAN_POINT('',(0.,0.));
#5173 = VECTOR('',#5174,1.);
#5174 = DIRECTION('',(1.,0.));
#5175 = ( GEOMETRIC_REPRESENTATION_CONTEXT(2) 
PARAMETRIC_REPRESENTATION_CONTEXT() REPRESENTATION_CONTEXT('2D SPACE',''
  ) );
#5176 = ORIENTED_EDGE('',*,*,#3412,.F.);
#5177 = ORIENTED_EDGE('',*,*,#5178,.T.);
#5178 = EDGE_CURVE('',#3385,#5179,#5181,.T.);
#5179 = VERTEX_POINT('',#5180);
#5180 = CARTESIAN_POINT('',(-42.5,12.,10.));
#5181 = SURFACE_CURVE('',#5182,(#5186,#5193),.PCURVE_S1.);
#5182 = LINE('',#5183,#5184);
#5183 = CARTESIAN_POINT('',(-42.5,12.,10.));
#5184 = VECTOR('',#5185,1.);
#5185 = DIRECTION('',(7.850462293419E-17,-0.707106781187,-0.707106781187
    ));
#5186 = PCURVE('',#2817,#5187);
#5187 = DEFINITIONAL_REPRESENTATION('',(#5188),#5192);
#5188 = LINE('',#5189,#5190);
#5189 = CARTESIAN_POINT('',(-20.,-10.5));
#5190 = VECTOR('',#5191,1.);
#5191 = DIRECTION('',(-0.707106781187,-0.707106781187));
#5192 = ( GEOMETRIC_REPRESENTATION_CONTEXT(2) 
PARAMETRIC_REPRESENTATION_CONTEXT() REPRESENTATION_CONTEXT('2D SPACE',''
  ) );
#5193 = PCURVE('',#3400,#5194);
#5194 = DEFINITIONAL_REPRESENTATION('',(#5195),#5199);
#5195 = LINE('',#5196,#5197);
#5196 = CARTESIAN_POINT('',(0.,0.));
#5197 = VECTOR('',#5198,1.);
#5198 = DIRECTION('',(1.,0.));
#5199 = ( GEOMETRIC_REPRESENTATION_CONTEXT(2) 
PARAMETRIC_REPRESENTATION_CONTEXT() REPRESENTATION_CONTEXT('2D SPACE',''
  ) );
#5200 = ORIENTED_EDGE('',*,*,#5201,.T.);
#5201 = EDGE_CURVE('',#5179,#2973,#5202,.T.);
#5202 = SURFACE_CURVE('',#5203,(#5207,#5214),.PCURVE_S1.);
#5203 = LINE('',#5204,#5205);
#5204 = CARTESIAN_POINT('',(-42.5,12.,10.));
#5205 = VECTOR('',#5206,1.);
#5206 = DIRECTION('',(7.850462293419E-17,0.707106781187,-0.707106781187)
  );
#5207 = PCURVE('',#2817,#5208);
#5208 = DEFINITIONAL_REPRESENTATION('',(#5209),#5213);
#5209 = LINE('',#5210,#5211);
#5210 = CARTESIAN_POINT('',(-20.,-10.5));
#5211 = VECTOR('',#5212,1.);
#5212 = DIRECTION('',(-0.707106781187,0.707106781187));
#5213 = ( GEOMETRIC_REPRESENTATION_CONTEXT(2) 
PARAMETRIC_REPRESENTATION_CONTEXT() REPRESENTATION_CONTEXT('2D SPACE',''
  ) );
#5214 = PCURVE('',#3009,#5215);
#5215 = DEFINITIONAL_REPRESENTATION('',(#5216),#5220);
#5216 = LINE('',#5217,#5218);
#5217 = CARTESIAN_POINT('',(0.,0.));
#5218 = VECTOR('',#5219,1.);
#5219 = DIRECTION('',(1.,0.));
#5220 = ( GEOMETRIC_REPRESENTATION_CONTEXT(2) 
PARAMETRIC_REPRESENTATION_CONTEXT() REPRESENTATION_CONTEXT('2D SPACE',''
  ) );
#5221 = ORIENTED_EDGE('',*,*,#2972,.F.);
#5222 = ORIENTED_EDGE('',*,*,#5223,.T.);
#5223 = EDGE_CURVE('',#2945,#4772,#5224,.T.);
#5224 = SURFACE_CURVE('',#5225,(#5229,#5236),.PCURVE_S1.);
#5225 = LINE('',#5226,#5227);
#5226 = CARTESIAN_POINT('',(-42.5,12.,5.));
#5227 = VECTOR('',#5228,1.);
#5228 = DIRECTION('',(7.850462293419E-17,-0.707106781187,-0.707106781187
    ));
#5229 = PCURVE('',#2817,#5230);
#5230 = DEFINITIONAL_REPRESENTATION('',(#5231),#5235);
#5231 = LINE('',#5232,#5233);
#5232 = CARTESIAN_POINT('',(-25.,-10.5));
#5233 = VECTOR('',#5234,1.);
#5234 = DIRECTION('',(-0.707106781187,-0.707106781187));
#5235 = ( GEOMETRIC_REPRESENTATION_CONTEXT(2) 
PARAMETRIC_REPRESENTATION_CONTEXT() REPRESENTATION_CONTEXT('2D SPACE',''
  ) );
#5236 = PCURVE('',#2960,#5237);
#5237 = DEFINITIONAL_REPRESENTATION('',(#5238),#5242);
#5238 = LINE('',#5239,#5240);
#5239 = CARTESIAN_POINT('',(0.,0.));
#5240 = VECTOR('',#5241,1.);
#5241 = DIRECTION('',(1.,0.));
#5242 = ( GEOMETRIC_REPRESENTATION_CONTEXT(2) 
PARAMETRIC_REPRESENTATION_CONTEXT() REPRESENTATION_CONTEXT('2D SPACE',''
  ) );
#5243 = ADVANCED_FACE('',(#5244),#3671,.F.);
#5244 = FACE_BOUND('',#5245,.T.);
#5245 = EDGE_LOOP('',(#5246,#5271,#5292,#5293,#5294,#5295));
#5246 = ORIENTED_EDGE('',*,*,#5247,.F.);
#5247 = EDGE_CURVE('',#5248,#5250,#5252,.T.);
#5248 = VERTEX_POINT('',#5249);
#5249 = CARTESIAN_POINT('',(30.5,-12.5,28.));
#5250 = VERTEX_POINT('',#5251);
#5251 = CARTESIAN_POINT('',(30.5,-12.5,-28.));
#5252 = SURFACE_CURVE('',#5253,(#5257,#5264),.PCURVE_S1.);
#5253 = LINE('',#5254,#5255);
#5254 = CARTESIAN_POINT('',(30.5,-12.5,30.));
#5255 = VECTOR('',#5256,1.);
#5256 = DIRECTION('',(-4.625929269284E-18,0.,-1.));
#5257 = PCURVE('',#3671,#5258);
#5258 = DEFINITIONAL_REPRESENTATION('',(#5259),#5263);
#5259 = LINE('',#5260,#5261);
#5260 = CARTESIAN_POINT('',(0.,0.));
#5261 = VECTOR('',#5262,1.);
#5262 = DIRECTION('',(1.,0.));
#5263 = ( GEOMETRIC_REPRESENTATION_CONTEXT(2) 
PARAMETRIC_REPRESENTATION_CONTEXT() REPRESENTATION_CONTEXT('2D SPACE',''
  ) );
#5264 = PCURVE('',#1148,#5265);
#5265 = DEFINITIONAL_REPRESENTATION('',(#5266),#5270);
#5266 = LINE('',#5267,#5268);
#5267 = CARTESIAN_POINT('',(0.,0.));
#5268 = VECTOR('',#5269,1.);
#5269 = DIRECTION('',(1.156482317318E-16,1.));
#5270 = ( GEOMETRIC_REPRESENTATION_CONTEXT(2) 
PARAMETRIC_REPRESENTATION_CONTEXT() REPRESENTATION_CONTEXT('2D SPACE',''
  ) );
#5271 = ORIENTED_EDGE('',*,*,#5272,.T.);
#5272 = EDGE_CURVE('',#5248,#3914,#5273,.T.);
#5273 = SURFACE_CURVE('',#5274,(#5278,#5285),.PCURVE_S1.);
#5274 = LINE('',#5275,#5276);
#5275 = CARTESIAN_POINT('',(30.5,-12.5,28.));
#5276 = VECTOR('',#5277,1.);
#5277 = DIRECTION('',(3.271025955539E-18,0.707106781187,0.707106781187)
  );
#5278 = PCURVE('',#3671,#5279);
#5279 = DEFINITIONAL_REPRESENTATION('',(#5280),#5284);
#5280 = LINE('',#5281,#5282);
#5281 = CARTESIAN_POINT('',(2.,0.));
#5282 = VECTOR('',#5283,1.);
#5283 = DIRECTION('',(-0.707106781187,0.707106781187));
#5284 = ( GEOMETRIC_REPRESENTATION_CONTEXT(2) 
PARAMETRIC_REPRESENTATION_CONTEXT() REPRESENTATION_CONTEXT('2D SPACE',''
  ) );
#5285 = PCURVE('',#3952,#5286);
#5286 = DEFINITIONAL_REPRESENTATION('',(#5287),#5291);
#5287 = LINE('',#5288,#5289);
#5288 = CARTESIAN_POINT('',(0.,0.));
#5289 = VECTOR('',#5290,1.);
#5290 = DIRECTION('',(-1.,8.177564888973E-17));
#5291 = ( GEOMETRIC_REPRESENTATION_CONTEXT(2) 
PARAMETRIC_REPRESENTATION_CONTEXT() REPRESENTATION_CONTEXT('2D SPACE',''
  ) );
#5292 = ORIENTED_EDGE('',*,*,#3913,.T.);
#5293 = ORIENTED_EDGE('',*,*,#4160,.T.);
#5294 = ORIENTED_EDGE('',*,*,#3655,.F.);
#5295 = ORIENTED_EDGE('',*,*,#5296,.T.);
#5296 = EDGE_CURVE('',#3628,#5250,#5297,.T.);
#5297 = SURFACE_CURVE('',#5298,(#5302,#5309),.PCURVE_S1.);
#5298 = LINE('',#5299,#5300);
#5299 = CARTESIAN_POINT('',(30.5,-12.5,-28.));
#5300 = VECTOR('',#5301,1.);
#5301 = DIRECTION('',(3.271025955539E-18,-0.707106781187,0.707106781187)
  );
#5302 = PCURVE('',#3671,#5303);
#5303 = DEFINITIONAL_REPRESENTATION('',(#5304),#5308);
#5304 = LINE('',#5305,#5306);
#5305 = CARTESIAN_POINT('',(58.,0.));
#5306 = VECTOR('',#5307,1.);
#5307 = DIRECTION('',(-0.707106781187,-0.707106781187));
#5308 = ( GEOMETRIC_REPRESENTATION_CONTEXT(2) 
PARAMETRIC_REPRESENTATION_CONTEXT() REPRESENTATION_CONTEXT('2D SPACE',''
  ) );
#5309 = PCURVE('',#3643,#5310);
#5310 = DEFINITIONAL_REPRESENTATION('',(#5311),#5315);
#5311 = LINE('',#5312,#5313);
#5312 = CARTESIAN_POINT('',(0.,0.));
#5313 = VECTOR('',#5314,1.);
#5314 = DIRECTION('',(-1.,8.177564888973E-17));
#5315 = ( GEOMETRIC_REPRESENTATION_CONTEXT(2) 
PARAMETRIC_REPRESENTATION_CONTEXT() REPRESENTATION_CONTEXT('2D SPACE',''
  ) );
#5316 = ADVANCED_FACE('',(#5317,#5342,#5367,#5392,#5417),#1148,.T.);
#5317 = FACE_BOUND('',#5318,.T.);
#5318 = EDGE_LOOP('',(#5319,#5341));
#5319 = ORIENTED_EDGE('',*,*,#5320,.F.);
#5320 = EDGE_CURVE('',#1099,#1132,#5321,.T.);
#5321 = SURFACE_CURVE('',#5322,(#5327,#5334),.PCURVE_S1.);
#5322 = CIRCLE('',#5323,2.);
#5323 = AXIS2_PLACEMENT_3D('',#5324,#5325,#5326);
#5324 = CARTESIAN_POINT('',(36.5,-12.5,10.));
#5325 = DIRECTION('',(0.,-1.,-0.));
#5326 = DIRECTION('',(-1.,0.,-1.110223024625E-16));
#5327 = PCURVE('',#1148,#5328);
#5328 = DEFINITIONAL_REPRESENTATION('',(#5329),#5333);
#5329 = CIRCLE('',#5330,2.);
#5330 = AXIS2_PLACEMENT_2D('',#5331,#5332);
#5331 = CARTESIAN_POINT('',(-6.,20.));
#5332 = DIRECTION('',(1.,0.));
#5333 = ( GEOMETRIC_REPRESENTATION_CONTEXT(2) 
PARAMETRIC_REPRESENTATION_CONTEXT() REPRESENTATION_CONTEXT('2D SPACE',''
  ) );
#5334 = PCURVE('',#1119,#5335);
#5335 = DEFINITIONAL_REPRESENTATION('',(#5336),#5340);
#5336 = LINE('',#5337,#5338);
#5337 = CARTESIAN_POINT('',(0.,1.7763568394E-15));
#5338 = VECTOR('',#5339,1.);
#5339 = DIRECTION('',(1.,0.));
#5340 = ( GEOMETRIC_REPRESENTATION_CONTEXT(2) 
PARAMETRIC_REPRESENTATION_CONTEXT() REPRESENTATION_CONTEXT('2D SPACE',''
  ) );
#5341 = ORIENTED_EDGE('',*,*,#1131,.F.);
#5342 = FACE_BOUND('',#5343,.T.);
#5343 = EDGE_LOOP('',(#5344,#5366));
#5344 = ORIENTED_EDGE('',*,*,#5345,.F.);
#5345 = EDGE_CURVE('',#1313,#1346,#5346,.T.);
#5346 = SURFACE_CURVE('',#5347,(#5352,#5359),.PCURVE_S1.);
#5347 = CIRCLE('',#5348,2.);
#5348 = AXIS2_PLACEMENT_3D('',#5349,#5350,#5351);
#5349 = CARTESIAN_POINT('',(36.5,-12.5,-10.));
#5350 = DIRECTION('',(0.,-1.,-0.));
#5351 = DIRECTION('',(-1.,0.,-1.110223024625E-16));
#5352 = PCURVE('',#1148,#5353);
#5353 = DEFINITIONAL_REPRESENTATION('',(#5354),#5358);
#5354 = CIRCLE('',#5355,2.);
#5355 = AXIS2_PLACEMENT_2D('',#5356,#5357);
#5356 = CARTESIAN_POINT('',(-6.,40.));
#5357 = DIRECTION('',(1.,0.));
#5358 = ( GEOMETRIC_REPRESENTATION_CONTEXT(2) 
PARAMETRIC_REPRESENTATION_CONTEXT() REPRESENTATION_CONTEXT('2D SPACE',''
  ) );
#5359 = PCURVE('',#1333,#5360);
#5360 = DEFINITIONAL_REPRESENTATION('',(#5361),#5365);
#5361 = LINE('',#5362,#5363);
#5362 = CARTESIAN_POINT('',(0.,1.7763568394E-15));
#5363 = VECTOR('',#5364,1.);
#5364 = DIRECTION('',(1.,0.));
#5365 = ( GEOMETRIC_REPRESENTATION_CONTEXT(2) 
PARAMETRIC_REPRESENTATION_CONTEXT() REPRESENTATION_CONTEXT('2D SPACE',''
  ) );
#5366 = ORIENTED_EDGE('',*,*,#1345,.F.);
#5367 = FACE_BOUND('',#5368,.T.);
#5368 = EDGE_LOOP('',(#5369,#5391));
#5369 = ORIENTED_EDGE('',*,*,#5370,.F.);
#5370 = EDGE_CURVE('',#1953,#1986,#5371,.T.);
#5371 = SURFACE_CURVE('',#5372,(#5377,#5384),.PCURVE_S1.);
#5372 = CIRCLE('',#5373,2.5);
#5373 = AXIS2_PLACEMENT_3D('',#5374,#5375,#5376);
#5374 = CARTESIAN_POINT('',(36.5,-12.5,22.5));
#5375 = DIRECTION('',(0.,-1.,-0.));
#5376 = DIRECTION('',(-1.,0.,-1.110223024625E-16));
#5377 = PCURVE('',#1148,#5378);
#5378 = DEFINITIONAL_REPRESENTATION('',(#5379),#5383);
#5379 = CIRCLE('',#5380,2.5);
#5380 = AXIS2_PLACEMENT_2D('',#5381,#5382);
#5381 = CARTESIAN_POINT('',(-6.,7.5));
#5382 = DIRECTION('',(1.,0.));
#5383 = ( GEOMETRIC_REPRESENTATION_CONTEXT(2) 
PARAMETRIC_REPRESENTATION_CONTEXT() REPRESENTATION_CONTEXT('2D SPACE',''
  ) );
#5384 = PCURVE('',#1973,#5385);
#5385 = DEFINITIONAL_REPRESENTATION('',(#5386),#5390);
#5386 = LINE('',#5387,#5388);
#5387 = CARTESIAN_POINT('',(0.,1.7763568394E-15));
#5388 = VECTOR('',#5389,1.);
#5389 = DIRECTION('',(1.,0.));
#5390 = ( GEOMETRIC_REPRESENTATION_CONTEXT(2) 
PARAMETRIC_REPRESENTATION_CONTEXT() REPRESENTATION_CONTEXT('2D SPACE',''
  ) );
#5391 = ORIENTED_EDGE('',*,*,#1985,.F.);
#5392 = FACE_BOUND('',#5393,.T.);
#5393 = EDGE_LOOP('',(#5394,#5416));
#5394 = ORIENTED_EDGE('',*,*,#5395,.F.);
#5395 = EDGE_CURVE('',#2162,#2195,#5396,.T.);
#5396 = SURFACE_CURVE('',#5397,(#5402,#5409),.PCURVE_S1.);
#5397 = CIRCLE('',#5398,2.5);
#5398 = AXIS2_PLACEMENT_3D('',#5399,#5400,#5401);
#5399 = CARTESIAN_POINT('',(36.5,-12.5,-22.5));
#5400 = DIRECTION('',(0.,-1.,-0.));
#5401 = DIRECTION('',(-1.,0.,-1.110223024625E-16));
#5402 = PCURVE('',#1148,#5403);
#5403 = DEFINITIONAL_REPRESENTATION('',(#5404),#5408);
#5404 = CIRCLE('',#5405,2.5);
#5405 = AXIS2_PLACEMENT_2D('',#5406,#5407);
#5406 = CARTESIAN_POINT('',(-6.,52.5));
#5407 = DIRECTION('',(1.,0.));
#5408 = ( GEOMETRIC_REPRESENTATION_CONTEXT(2) 
PARAMETRIC_REPRESENTATION_CONTEXT() REPRESENTATION_CONTEXT('2D SPACE',''
  ) );
#5409 = PCURVE('',#2182,#5410);
#5410 = DEFINITIONAL_REPRESENTATION('',(#5411),#5415);
#5411 = LINE('',#5412,#5413);
#5412 = CARTESIAN_POINT('',(0.,1.7763568394E-15));
#5413 = VECTOR('',#5414,1.);
#5414 = DIRECTION('',(1.,0.));
#5415 = ( GEOMETRIC_REPRESENTATION_CONTEXT(2) 
PARAMETRIC_REPRESENTATION_CONTEXT() REPRESENTATION_CONTEXT('2D SPACE',''
  ) );
#5416 = ORIENTED_EDGE('',*,*,#2194,.F.);
#5417 = FACE_BOUND('',#5418,.T.);
#5418 = EDGE_LOOP('',(#5419,#5420,#5441,#5442));
#5419 = ORIENTED_EDGE('',*,*,#4499,.T.);
#5420 = ORIENTED_EDGE('',*,*,#5421,.T.);
#5421 = EDGE_CURVE('',#4477,#5248,#5422,.T.);
#5422 = SURFACE_CURVE('',#5423,(#5427,#5434),.PCURVE_S1.);
#5423 = LINE('',#5424,#5425);
#5424 = CARTESIAN_POINT('',(30.5,-12.5,28.));
#5425 = VECTOR('',#5426,1.);
#5426 = DIRECTION('',(-1.,0.,-1.110223024625E-16));
#5427 = PCURVE('',#1148,#5428);
#5428 = DEFINITIONAL_REPRESENTATION('',(#5429),#5433);
#5429 = LINE('',#5430,#5431);
#5430 = CARTESIAN_POINT('',(2.22044604925E-16,2.));
#5431 = VECTOR('',#5432,1.);
#5432 = DIRECTION('',(1.,0.));
#5433 = ( GEOMETRIC_REPRESENTATION_CONTEXT(2) 
PARAMETRIC_REPRESENTATION_CONTEXT() REPRESENTATION_CONTEXT('2D SPACE',''
  ) );
#5434 = PCURVE('',#3952,#5435);
#5435 = DEFINITIONAL_REPRESENTATION('',(#5436),#5440);
#5436 = LINE('',#5437,#5438);
#5437 = CARTESIAN_POINT('',(0.,0.));
#5438 = VECTOR('',#5439,1.);
#5439 = DIRECTION('',(0.,-1.));
#5440 = ( GEOMETRIC_REPRESENTATION_CONTEXT(2) 
PARAMETRIC_REPRESENTATION_CONTEXT() REPRESENTATION_CONTEXT('2D SPACE',''
  ) );
#5441 = ORIENTED_EDGE('',*,*,#5247,.T.);
#5442 = ORIENTED_EDGE('',*,*,#5443,.T.);
#5443 = EDGE_CURVE('',#5250,#4500,#5444,.T.);
#5444 = SURFACE_CURVE('',#5445,(#5449,#5456),.PCURVE_S1.);
#5445 = LINE('',#5446,#5447);
#5446 = CARTESIAN_POINT('',(42.5,-12.5,-28.));
#5447 = VECTOR('',#5448,1.);
#5448 = DIRECTION('',(1.,0.,1.110223024625E-16));
#5449 = PCURVE('',#1148,#5450);
#5450 = DEFINITIONAL_REPRESENTATION('',(#5451),#5455);
#5451 = LINE('',#5452,#5453);
#5452 = CARTESIAN_POINT('',(-12.,58.));
#5453 = VECTOR('',#5454,1.);
#5454 = DIRECTION('',(-1.,0.));
#5455 = ( GEOMETRIC_REPRESENTATION_CONTEXT(2) 
PARAMETRIC_REPRESENTATION_CONTEXT() REPRESENTATION_CONTEXT('2D SPACE',''
  ) );
#5456 = PCURVE('',#3643,#5457);
#5457 = DEFINITIONAL_REPRESENTATION('',(#5458),#5462);
#5458 = LINE('',#5459,#5460);
#5459 = CARTESIAN_POINT('',(9.420554752103E-16,12.));
#5460 = VECTOR('',#5461,1.);
#5461 = DIRECTION('',(0.,1.));
#5462 = ( GEOMETRIC_REPRESENTATION_CONTEXT(2) 
PARAMETRIC_REPRESENTATION_CONTEXT() REPRESENTATION_CONTEXT('2D SPACE',''
  ) );
#5463 = ADVANCED_FACE('',(#5464),#3722,.F.);
#5464 = FACE_BOUND('',#5465,.T.);
#5465 = EDGE_LOOP('',(#5466,#5467,#5490,#5513,#5534,#5535));
#5466 = ORIENTED_EDGE('',*,*,#3867,.F.);
#5467 = ORIENTED_EDGE('',*,*,#5468,.T.);
#5468 = EDGE_CURVE('',#3840,#5469,#5471,.T.);
#5469 = VERTEX_POINT('',#5470);
#5470 = CARTESIAN_POINT('',(-30.5,-12.5,28.));
#5471 = SURFACE_CURVE('',#5472,(#5476,#5483),.PCURVE_S1.);
#5472 = LINE('',#5473,#5474);
#5473 = CARTESIAN_POINT('',(-30.5,-12.5,28.));
#5474 = VECTOR('',#5475,1.);
#5475 = DIRECTION('',(3.761679848932E-17,-0.707106781187,-0.707106781187
    ));
#5476 = PCURVE('',#3722,#5477);
#5477 = DEFINITIONAL_REPRESENTATION('',(#5478),#5482);
#5478 = LINE('',#5479,#5480);
#5479 = CARTESIAN_POINT('',(-2.,0.));
#5480 = VECTOR('',#5481,1.);
#5481 = DIRECTION('',(-0.707106781187,-0.707106781187));
#5482 = ( GEOMETRIC_REPRESENTATION_CONTEXT(2) 
PARAMETRIC_REPRESENTATION_CONTEXT() REPRESENTATION_CONTEXT('2D SPACE',''
  ) );
#5483 = PCURVE('',#3855,#5484);
#5484 = DEFINITIONAL_REPRESENTATION('',(#5485),#5489);
#5485 = LINE('',#5486,#5487);
#5486 = CARTESIAN_POINT('',(0.,0.));
#5487 = VECTOR('',#5488,1.);
#5488 = DIRECTION('',(-1.,-4.088782444486E-17));
#5489 = ( GEOMETRIC_REPRESENTATION_CONTEXT(2) 
PARAMETRIC_REPRESENTATION_CONTEXT() REPRESENTATION_CONTEXT('2D SPACE',''
  ) );
#5490 = ORIENTED_EDGE('',*,*,#5491,.F.);
#5491 = EDGE_CURVE('',#5492,#5469,#5494,.T.);
#5492 = VERTEX_POINT('',#5493);
#5493 = CARTESIAN_POINT('',(-30.5,-12.5,-28.));
#5494 = SURFACE_CURVE('',#5495,(#5499,#5506),.PCURVE_S1.);
#5495 = LINE('',#5496,#5497);
#5496 = CARTESIAN_POINT('',(-30.5,-12.5,30.));
#5497 = VECTOR('',#5498,1.);
#5498 = DIRECTION('',(-5.319818659663E-17,0.,1.));
#5499 = PCURVE('',#3722,#5500);
#5500 = DEFINITIONAL_REPRESENTATION('',(#5501),#5505);
#5501 = LINE('',#5502,#5503);
#5502 = CARTESIAN_POINT('',(0.,0.));
#5503 = VECTOR('',#5504,1.);
#5504 = DIRECTION('',(1.,0.));
#5505 = ( GEOMETRIC_REPRESENTATION_CONTEXT(2) 
PARAMETRIC_REPRESENTATION_CONTEXT() REPRESENTATION_CONTEXT('2D SPACE',''
  ) );
#5506 = PCURVE('',#1571,#5507);
#5507 = DEFINITIONAL_REPRESENTATION('',(#5508),#5512);
#5508 = LINE('',#5509,#5510);
#5509 = CARTESIAN_POINT('',(0.,0.));
#5510 = VECTOR('',#5511,1.);
#5511 = DIRECTION('',(5.782411586589E-17,-1.));
#5512 = ( GEOMETRIC_REPRESENTATION_CONTEXT(2) 
PARAMETRIC_REPRESENTATION_CONTEXT() REPRESENTATION_CONTEXT('2D SPACE',''
  ) );
#5513 = ORIENTED_EDGE('',*,*,#5514,.T.);
#5514 = EDGE_CURVE('',#5492,#3707,#5515,.T.);
#5515 = SURFACE_CURVE('',#5516,(#5520,#5527),.PCURVE_S1.);
#5516 = LINE('',#5517,#5518);
#5517 = CARTESIAN_POINT('',(-30.5,-12.5,-28.));
#5518 = VECTOR('',#5519,1.);
#5519 = DIRECTION('',(3.761679848932E-17,0.707106781187,-0.707106781187)
  );
#5520 = PCURVE('',#3722,#5521);
#5521 = DEFINITIONAL_REPRESENTATION('',(#5522),#5526);
#5522 = LINE('',#5523,#5524);
#5523 = CARTESIAN_POINT('',(-58.,0.));
#5524 = VECTOR('',#5525,1.);
#5525 = DIRECTION('',(-0.707106781187,0.707106781187));
#5526 = ( GEOMETRIC_REPRESENTATION_CONTEXT(2) 
PARAMETRIC_REPRESENTATION_CONTEXT() REPRESENTATION_CONTEXT('2D SPACE',''
  ) );
#5527 = PCURVE('',#3750,#5528);
#5528 = DEFINITIONAL_REPRESENTATION('',(#5529),#5533);
#5529 = LINE('',#5530,#5531);
#5530 = CARTESIAN_POINT('',(0.,0.));
#5531 = VECTOR('',#5532,1.);
#5532 = DIRECTION('',(-1.,-4.088782444486E-17));
#5533 = ( GEOMETRIC_REPRESENTATION_CONTEXT(2) 
PARAMETRIC_REPRESENTATION_CONTEXT() REPRESENTATION_CONTEXT('2D SPACE',''
  ) );
#5534 = ORIENTED_EDGE('',*,*,#3706,.T.);
#5535 = ORIENTED_EDGE('',*,*,#4138,.T.);
#5536 = ADVANCED_FACE('',(#5537,#5566,#5595,#5624,#5653),#1571,.F.);
#5537 = FACE_BOUND('',#5538,.T.);
#5538 = EDGE_LOOP('',(#5539,#5565));
#5539 = ORIENTED_EDGE('',*,*,#5540,.F.);
#5540 = EDGE_CURVE('',#1522,#1555,#5541,.T.);
#5541 = SURFACE_CURVE('',#5542,(#5547,#5558),.PCURVE_S1.);
#5542 = CIRCLE('',#5543,2.);
#5543 = AXIS2_PLACEMENT_3D('',#5544,#5545,#5546);
#5544 = CARTESIAN_POINT('',(-36.5,-12.5,10.));
#5545 = DIRECTION('',(0.,-1.,-0.));
#5546 = DIRECTION('',(-1.,0.,-1.110223024625E-16));
#5547 = PCURVE('',#1571,#5548);
#5548 = DEFINITIONAL_REPRESENTATION('',(#5549),#5557);
#5549 = ( BOUNDED_CURVE() B_SPLINE_CURVE(2,(#5550,#5551,#5552,#5553,
#5554,#5555,#5556),.UNSPECIFIED.,.T.,.F.) B_SPLINE_CURVE_WITH_KNOTS((1,2
    ,2,2,2,1),(-2.094395102393,0.,2.094395102393,4.188790204786,
6.28318530718,8.377580409573),.UNSPECIFIED.) CURVE() 
GEOMETRIC_REPRESENTATION_ITEM() RATIONAL_B_SPLINE_CURVE((1.,0.5,1.,0.5,
1.,0.5,1.)) REPRESENTATION_ITEM('') );
#5550 = CARTESIAN_POINT('',(-8.,20.));
#5551 = CARTESIAN_POINT('',(-8.,23.464101615138));
#5552 = CARTESIAN_POINT('',(-5.,21.732050807569));
#5553 = CARTESIAN_POINT('',(-2.,20.));
#5554 = CARTESIAN_POINT('',(-5.,18.267949192431));
#5555 = CARTESIAN_POINT('',(-8.,16.535898384862));
#5556 = CARTESIAN_POINT('',(-8.,20.));
#5557 = ( GEOMETRIC_REPRESENTATION_CONTEXT(2) 
PARAMETRIC_REPRESENTATION_CONTEXT() REPRESENTATION_CONTEXT('2D SPACE',''
  ) );
#5558 = PCURVE('',#1542,#5559);
#5559 = DEFINITIONAL_REPRESENTATION('',(#5560),#5564);
#5560 = LINE('',#5561,#5562);
#5561 = CARTESIAN_POINT('',(0.,1.7763568394E-15));
#5562 = VECTOR('',#5563,1.);
#5563 = DIRECTION('',(1.,0.));
#5564 = ( GEOMETRIC_REPRESENTATION_CONTEXT(2) 
PARAMETRIC_REPRESENTATION_CONTEXT() REPRESENTATION_CONTEXT('2D SPACE',''
  ) );
#5565 = ORIENTED_EDGE('',*,*,#1554,.F.);
#5566 = FACE_BOUND('',#5567,.T.);
#5567 = EDGE_LOOP('',(#5568,#5594));
#5568 = ORIENTED_EDGE('',*,*,#5569,.F.);
#5569 = EDGE_CURVE('',#1740,#1773,#5570,.T.);
#5570 = SURFACE_CURVE('',#5571,(#5576,#5587),.PCURVE_S1.);
#5571 = CIRCLE('',#5572,2.);
#5572 = AXIS2_PLACEMENT_3D('',#5573,#5574,#5575);
#5573 = CARTESIAN_POINT('',(-36.5,-12.5,-10.));
#5574 = DIRECTION('',(0.,-1.,-0.));
#5575 = DIRECTION('',(-1.,0.,-1.110223024625E-16));
#5576 = PCURVE('',#1571,#5577);
#5577 = DEFINITIONAL_REPRESENTATION('',(#5578),#5586);
#5578 = ( BOUNDED_CURVE() B_SPLINE_CURVE(2,(#5579,#5580,#5581,#5582,
#5583,#5584,#5585),.UNSPECIFIED.,.T.,.F.) B_SPLINE_CURVE_WITH_KNOTS((1,2
    ,2,2,2,1),(-2.094395102393,0.,2.094395102393,4.188790204786,
6.28318530718,8.377580409573),.UNSPECIFIED.) CURVE() 
GEOMETRIC_REPRESENTATION_ITEM() RATIONAL_B_SPLINE_CURVE((1.,0.5,1.,0.5,
1.,0.5,1.)) REPRESENTATION_ITEM('') );
#5579 = CARTESIAN_POINT('',(-8.,40.));
#5580 = CARTESIAN_POINT('',(-8.,43.464101615138));
#5581 = CARTESIAN_POINT('',(-5.,41.732050807569));
#5582 = CARTESIAN_POINT('',(-2.,40.));
#5583 = CARTESIAN_POINT('',(-5.,38.267949192431));
#5584 = CARTESIAN_POINT('',(-8.,36.535898384862));
#5585 = CARTESIAN_POINT('',(-8.,40.));
#5586 = ( GEOMETRIC_REPRESENTATION_CONTEXT(2) 
PARAMETRIC_REPRESENTATION_CONTEXT() REPRESENTATION_CONTEXT('2D SPACE',''
  ) );
#5587 = PCURVE('',#1760,#5588);
#5588 = DEFINITIONAL_REPRESENTATION('',(#5589),#5593);
#5589 = LINE('',#5590,#5591);
#5590 = CARTESIAN_POINT('',(0.,1.7763568394E-15));
#5591 = VECTOR('',#5592,1.);
#5592 = DIRECTION('',(1.,0.));
#5593 = ( GEOMETRIC_REPRESENTATION_CONTEXT(2) 
PARAMETRIC_REPRESENTATION_CONTEXT() REPRESENTATION_CONTEXT('2D SPACE',''
  ) );
#5594 = ORIENTED_EDGE('',*,*,#1772,.F.);
#5595 = FACE_BOUND('',#5596,.T.);
#5596 = EDGE_LOOP('',(#5597,#5623));
#5597 = ORIENTED_EDGE('',*,*,#5598,.F.);
#5598 = EDGE_CURVE('',#2371,#2404,#5599,.T.);
#5599 = SURFACE_CURVE('',#5600,(#5605,#5616),.PCURVE_S1.);
#5600 = CIRCLE('',#5601,2.5);
#5601 = AXIS2_PLACEMENT_3D('',#5602,#5603,#5604);
#5602 = CARTESIAN_POINT('',(-36.5,-12.5,22.5));
#5603 = DIRECTION('',(0.,-1.,-0.));
#5604 = DIRECTION('',(-1.,0.,-1.110223024625E-16));
#5605 = PCURVE('',#1571,#5606);
#5606 = DEFINITIONAL_REPRESENTATION('',(#5607),#5615);
#5607 = ( BOUNDED_CURVE() B_SPLINE_CURVE(2,(#5608,#5609,#5610,#5611,
#5612,#5613,#5614),.UNSPECIFIED.,.T.,.F.) B_SPLINE_CURVE_WITH_KNOTS((1,2
    ,2,2,2,1),(-2.094395102393,0.,2.094395102393,4.188790204786,
6.28318530718,8.377580409573),.UNSPECIFIED.) CURVE() 
GEOMETRIC_REPRESENTATION_ITEM() RATIONAL_B_SPLINE_CURVE((1.,0.5,1.,0.5,
1.,0.5,1.)) REPRESENTATION_ITEM('') );
#5608 = CARTESIAN_POINT('',(-8.5,7.5));
#5609 = CARTESIAN_POINT('',(-8.5,11.830127018922));
#5610 = CARTESIAN_POINT('',(-4.75,9.665063509461));
#5611 = CARTESIAN_POINT('',(-1.,7.5));
#5612 = CARTESIAN_POINT('',(-4.75,5.334936490539));
#5613 = CARTESIAN_POINT('',(-8.5,3.169872981078));
#5614 = CARTESIAN_POINT('',(-8.5,7.5));
#5615 = ( GEOMETRIC_REPRESENTATION_CONTEXT(2) 
PARAMETRIC_REPRESENTATION_CONTEXT() REPRESENTATION_CONTEXT('2D SPACE',''
  ) );
#5616 = PCURVE('',#2391,#5617);
#5617 = DEFINITIONAL_REPRESENTATION('',(#5618),#5622);
#5618 = LINE('',#5619,#5620);
#5619 = CARTESIAN_POINT('',(0.,1.7763568394E-15));
#5620 = VECTOR('',#5621,1.);
#5621 = DIRECTION('',(1.,0.));
#5622 = ( GEOMETRIC_REPRESENTATION_CONTEXT(2) 
PARAMETRIC_REPRESENTATION_CONTEXT() REPRESENTATION_CONTEXT('2D SPACE',''
  ) );
#5623 = ORIENTED_EDGE('',*,*,#2403,.F.);
#5624 = FACE_BOUND('',#5625,.T.);
#5625 = EDGE_LOOP('',(#5626,#5652));
#5626 = ORIENTED_EDGE('',*,*,#5627,.F.);
#5627 = EDGE_CURVE('',#2584,#2617,#5628,.T.);
#5628 = SURFACE_CURVE('',#5629,(#5634,#5645),.PCURVE_S1.);
#5629 = CIRCLE('',#5630,2.5);
#5630 = AXIS2_PLACEMENT_3D('',#5631,#5632,#5633);
#5631 = CARTESIAN_POINT('',(-36.5,-12.5,-22.5));
#5632 = DIRECTION('',(0.,-1.,-0.));
#5633 = DIRECTION('',(-1.,0.,-1.110223024625E-16));
#5634 = PCURVE('',#1571,#5635);
#5635 = DEFINITIONAL_REPRESENTATION('',(#5636),#5644);
#5636 = ( BOUNDED_CURVE() B_SPLINE_CURVE(2,(#5637,#5638,#5639,#5640,
#5641,#5642,#5643),.UNSPECIFIED.,.T.,.F.) B_SPLINE_CURVE_WITH_KNOTS((1,2
    ,2,2,2,1),(-2.094395102393,0.,2.094395102393,4.188790204786,
6.28318530718,8.377580409573),.UNSPECIFIED.) CURVE() 
GEOMETRIC_REPRESENTATION_ITEM() RATIONAL_B_SPLINE_CURVE((1.,0.5,1.,0.5,
1.,0.5,1.)) REPRESENTATION_ITEM('') );
#5637 = CARTESIAN_POINT('',(-8.5,52.5));
#5638 = CARTESIAN_POINT('',(-8.5,56.830127018922));
#5639 = CARTESIAN_POINT('',(-4.75,54.665063509461));
#5640 = CARTESIAN_POINT('',(-1.,52.5));
#5641 = CARTESIAN_POINT('',(-4.75,50.334936490539));
#5642 = CARTESIAN_POINT('',(-8.5,48.169872981078));
#5643 = CARTESIAN_POINT('',(-8.5,52.5));
#5644 = ( GEOMETRIC_REPRESENTATION_CONTEXT(2) 
PARAMETRIC_REPRESENTATION_CONTEXT() REPRESENTATION_CONTEXT('2D SPACE',''
  ) );
#5645 = PCURVE('',#2604,#5646);
#5646 = DEFINITIONAL_REPRESENTATION('',(#5647),#5651);
#5647 = LINE('',#5648,#5649);
#5648 = CARTESIAN_POINT('',(0.,1.7763568394E-15));
#5649 = VECTOR('',#5650,1.);
#5650 = DIRECTION('',(1.,0.));
#5651 = ( GEOMETRIC_REPRESENTATION_CONTEXT(2) 
PARAMETRIC_REPRESENTATION_CONTEXT() REPRESENTATION_CONTEXT('2D SPACE',''
  ) );
#5652 = ORIENTED_EDGE('',*,*,#2616,.F.);
#5653 = FACE_BOUND('',#5654,.T.);
#5654 = EDGE_LOOP('',(#5655,#5656,#5677,#5678));
#5655 = ORIENTED_EDGE('',*,*,#5491,.T.);
#5656 = ORIENTED_EDGE('',*,*,#5657,.T.);
#5657 = EDGE_CURVE('',#5469,#5044,#5658,.T.);
#5658 = SURFACE_CURVE('',#5659,(#5663,#5670),.PCURVE_S1.);
#5659 = LINE('',#5660,#5661);
#5660 = CARTESIAN_POINT('',(-30.5,-12.5,28.));
#5661 = VECTOR('',#5662,1.);
#5662 = DIRECTION('',(-1.,0.,-1.110223024625E-16));
#5663 = PCURVE('',#1571,#5664);
#5664 = DEFINITIONAL_REPRESENTATION('',(#5665),#5669);
#5665 = LINE('',#5666,#5667);
#5666 = CARTESIAN_POINT('',(-2.22044604925E-16,2.));
#5667 = VECTOR('',#5668,1.);
#5668 = DIRECTION('',(-1.,0.));
#5669 = ( GEOMETRIC_REPRESENTATION_CONTEXT(2) 
PARAMETRIC_REPRESENTATION_CONTEXT() REPRESENTATION_CONTEXT('2D SPACE',''
  ) );
#5670 = PCURVE('',#3855,#5671);
#5671 = DEFINITIONAL_REPRESENTATION('',(#5672),#5676);
#5672 = LINE('',#5673,#5674);
#5673 = CARTESIAN_POINT('',(0.,0.));
#5674 = VECTOR('',#5675,1.);
#5675 = DIRECTION('',(0.,-1.));
#5676 = ( GEOMETRIC_REPRESENTATION_CONTEXT(2) 
PARAMETRIC_REPRESENTATION_CONTEXT() REPRESENTATION_CONTEXT('2D SPACE',''
  ) );
#5677 = ORIENTED_EDGE('',*,*,#5043,.T.);
#5678 = ORIENTED_EDGE('',*,*,#5679,.T.);
#5679 = EDGE_CURVE('',#5021,#5492,#5680,.T.);
#5680 = SURFACE_CURVE('',#5681,(#5685,#5692),.PCURVE_S1.);
#5681 = LINE('',#5682,#5683);
#5682 = CARTESIAN_POINT('',(-30.5,-12.5,-28.));
#5683 = VECTOR('',#5684,1.);
#5684 = DIRECTION('',(1.,0.,1.110223024625E-16));
#5685 = PCURVE('',#1571,#5686);
#5686 = DEFINITIONAL_REPRESENTATION('',(#5687),#5691);
#5687 = LINE('',#5688,#5689);
#5688 = CARTESIAN_POINT('',(6.661338147751E-16,58.));
#5689 = VECTOR('',#5690,1.);
#5690 = DIRECTION('',(1.,0.));
#5691 = ( GEOMETRIC_REPRESENTATION_CONTEXT(2) 
PARAMETRIC_REPRESENTATION_CONTEXT() REPRESENTATION_CONTEXT('2D SPACE',''
  ) );
#5692 = PCURVE('',#3750,#5693);
#5693 = DEFINITIONAL_REPRESENTATION('',(#5694),#5698);
#5694 = LINE('',#5695,#5696);
#5695 = CARTESIAN_POINT('',(0.,0.));
#5696 = VECTOR('',#5697,1.);
#5697 = DIRECTION('',(0.,1.));
#5698 = ( GEOMETRIC_REPRESENTATION_CONTEXT(2) 
PARAMETRIC_REPRESENTATION_CONTEXT() REPRESENTATION_CONTEXT('2D SPACE',''
  ) );
#5699 = ADVANCED_FACE('',(#5700),#3952,.T.);
#5700 = FACE_BOUND('',#5701,.T.);
#5701 = EDGE_LOOP('',(#5702,#5703,#5704,#5705));
#5702 = ORIENTED_EDGE('',*,*,#4476,.F.);
#5703 = ORIENTED_EDGE('',*,*,#3936,.F.);
#5704 = ORIENTED_EDGE('',*,*,#5272,.F.);
#5705 = ORIENTED_EDGE('',*,*,#5421,.F.);
#5706 = ADVANCED_FACE('',(#5707),#3855,.F.);
#5707 = FACE_BOUND('',#5708,.T.);
#5708 = EDGE_LOOP('',(#5709,#5710,#5711,#5712));
#5709 = ORIENTED_EDGE('',*,*,#5468,.F.);
#5710 = ORIENTED_EDGE('',*,*,#3839,.F.);
#5711 = ORIENTED_EDGE('',*,*,#5066,.F.);
#5712 = ORIENTED_EDGE('',*,*,#5657,.F.);
#5713 = ADVANCED_FACE('',(#5714),#3750,.F.);
#5714 = FACE_BOUND('',#5715,.T.);
#5715 = EDGE_LOOP('',(#5716,#5717,#5718,#5719));
#5716 = ORIENTED_EDGE('',*,*,#5020,.F.);
#5717 = ORIENTED_EDGE('',*,*,#3734,.F.);
#5718 = ORIENTED_EDGE('',*,*,#5514,.F.);
#5719 = ORIENTED_EDGE('',*,*,#5679,.F.);
#5720 = ADVANCED_FACE('',(#5721),#3643,.T.);
#5721 = FACE_BOUND('',#5722,.T.);
#5722 = EDGE_LOOP('',(#5723,#5724,#5725,#5726));
#5723 = ORIENTED_EDGE('',*,*,#5296,.F.);
#5724 = ORIENTED_EDGE('',*,*,#3627,.F.);
#5725 = ORIENTED_EDGE('',*,*,#4522,.F.);
#5726 = ORIENTED_EDGE('',*,*,#5443,.F.);
#5727 = ADVANCED_FACE('',(#5728),#2736,.F.);
#5728 = FACE_BOUND('',#5729,.F.);
#5729 = EDGE_LOOP('',(#5730,#5752,#5753));
#5730 = ORIENTED_EDGE('',*,*,#5731,.F.);
#5731 = EDGE_CURVE('',#2582,#2645,#5732,.T.);
#5732 = SURFACE_CURVE('',#5733,(#5738,#5745),.PCURVE_S1.);
#5733 = CIRCLE('',#5734,2.5);
#5734 = AXIS2_PLACEMENT_3D('',#5735,#5736,#5737);
#5735 = CARTESIAN_POINT('',(-36.5,-3.5,-22.5));
#5736 = DIRECTION('',(0.,-1.,-0.));
#5737 = DIRECTION('',(-1.,0.,-1.110223024625E-16));
#5738 = PCURVE('',#2736,#5739);
#5739 = DEFINITIONAL_REPRESENTATION('',(#5740),#5744);
#5740 = LINE('',#5741,#5742);
#5741 = CARTESIAN_POINT('',(0.,-9.802687471293E-16));
#5742 = VECTOR('',#5743,1.);
#5743 = DIRECTION('',(1.,0.));
#5744 = ( GEOMETRIC_REPRESENTATION_CONTEXT(2) 
PARAMETRIC_REPRESENTATION_CONTEXT() REPRESENTATION_CONTEXT('2D SPACE',''
  ) );
#5745 = PCURVE('',#2604,#5746);
#5746 = DEFINITIONAL_REPRESENTATION('',(#5747),#5751);
#5747 = LINE('',#5748,#5749);
#5748 = CARTESIAN_POINT('',(0.,-9.));
#5749 = VECTOR('',#5750,1.);
#5750 = DIRECTION('',(1.,0.));
#5751 = ( GEOMETRIC_REPRESENTATION_CONTEXT(2) 
PARAMETRIC_REPRESENTATION_CONTEXT() REPRESENTATION_CONTEXT('2D SPACE',''
  ) );
#5752 = ORIENTED_EDGE('',*,*,#2770,.F.);
#5753 = ORIENTED_EDGE('',*,*,#2698,.T.);
#5754 = ADVANCED_FACE('',(#5755),#2604,.F.);
#5755 = FACE_BOUND('',#5756,.F.);
#5756 = EDGE_LOOP('',(#5757,#5758,#5759,#5760));
#5757 = ORIENTED_EDGE('',*,*,#5627,.F.);
#5758 = ORIENTED_EDGE('',*,*,#2581,.F.);
#5759 = ORIENTED_EDGE('',*,*,#5731,.T.);
#5760 = ORIENTED_EDGE('',*,*,#2644,.T.);
#5761 = ADVANCED_FACE('',(#5762),#2523,.F.);
#5762 = FACE_BOUND('',#5763,.F.);
#5763 = EDGE_LOOP('',(#5764,#5786,#5787));
#5764 = ORIENTED_EDGE('',*,*,#5765,.F.);
#5765 = EDGE_CURVE('',#2369,#2432,#5766,.T.);
#5766 = SURFACE_CURVE('',#5767,(#5772,#5779),.PCURVE_S1.);
#5767 = CIRCLE('',#5768,2.5);
#5768 = AXIS2_PLACEMENT_3D('',#5769,#5770,#5771);
#5769 = CARTESIAN_POINT('',(-36.5,-3.5,22.5));
#5770 = DIRECTION('',(0.,-1.,-0.));
#5771 = DIRECTION('',(-1.,0.,-1.110223024625E-16));
#5772 = PCURVE('',#2523,#5773);
#5773 = DEFINITIONAL_REPRESENTATION('',(#5774),#5778);
#5774 = LINE('',#5775,#5776);
#5775 = CARTESIAN_POINT('',(0.,-9.802687471293E-16));
#5776 = VECTOR('',#5777,1.);
#5777 = DIRECTION('',(1.,0.));
#5778 = ( GEOMETRIC_REPRESENTATION_CONTEXT(2) 
PARAMETRIC_REPRESENTATION_CONTEXT() REPRESENTATION_CONTEXT('2D SPACE',''
  ) );
#5779 = PCURVE('',#2391,#5780);
#5780 = DEFINITIONAL_REPRESENTATION('',(#5781),#5785);
#5781 = LINE('',#5782,#5783);
#5782 = CARTESIAN_POINT('',(0.,-9.));
#5783 = VECTOR('',#5784,1.);
#5784 = DIRECTION('',(1.,0.));
#5785 = ( GEOMETRIC_REPRESENTATION_CONTEXT(2) 
PARAMETRIC_REPRESENTATION_CONTEXT() REPRESENTATION_CONTEXT('2D SPACE',''
  ) );
#5786 = ORIENTED_EDGE('',*,*,#2557,.F.);
#5787 = ORIENTED_EDGE('',*,*,#2485,.T.);
#5788 = ADVANCED_FACE('',(#5789),#2391,.F.);
#5789 = FACE_BOUND('',#5790,.F.);
#5790 = EDGE_LOOP('',(#5791,#5792,#5793,#5794));
#5791 = ORIENTED_EDGE('',*,*,#5598,.F.);
#5792 = ORIENTED_EDGE('',*,*,#2368,.F.);
#5793 = ORIENTED_EDGE('',*,*,#5765,.T.);
#5794 = ORIENTED_EDGE('',*,*,#2431,.T.);
#5795 = ADVANCED_FACE('',(#5796),#2310,.F.);
#5796 = FACE_BOUND('',#5797,.F.);
#5797 = EDGE_LOOP('',(#5798,#5820,#5821));
#5798 = ORIENTED_EDGE('',*,*,#5799,.F.);
#5799 = EDGE_CURVE('',#2160,#2219,#5800,.T.);
#5800 = SURFACE_CURVE('',#5801,(#5806,#5813),.PCURVE_S1.);
#5801 = CIRCLE('',#5802,2.5);
#5802 = AXIS2_PLACEMENT_3D('',#5803,#5804,#5805);
#5803 = CARTESIAN_POINT('',(36.5,-3.5,-22.5));
#5804 = DIRECTION('',(0.,-1.,-0.));
#5805 = DIRECTION('',(-1.,0.,-1.110223024625E-16));
#5806 = PCURVE('',#2310,#5807);
#5807 = DEFINITIONAL_REPRESENTATION('',(#5808),#5812);
#5808 = LINE('',#5809,#5810);
#5809 = CARTESIAN_POINT('',(0.,-9.802687471293E-16));
#5810 = VECTOR('',#5811,1.);
#5811 = DIRECTION('',(1.,0.));
#5812 = ( GEOMETRIC_REPRESENTATION_CONTEXT(2) 
PARAMETRIC_REPRESENTATION_CONTEXT() REPRESENTATION_CONTEXT('2D SPACE',''
  ) );
#5813 = PCURVE('',#2182,#5814);
#5814 = DEFINITIONAL_REPRESENTATION('',(#5815),#5819);
#5815 = LINE('',#5816,#5817);
#5816 = CARTESIAN_POINT('',(0.,-9.));
#5817 = VECTOR('',#5818,1.);
#5818 = DIRECTION('',(1.,0.));
#5819 = ( GEOMETRIC_REPRESENTATION_CONTEXT(2) 
PARAMETRIC_REPRESENTATION_CONTEXT() REPRESENTATION_CONTEXT('2D SPACE',''
  ) );
#5820 = ORIENTED_EDGE('',*,*,#2344,.F.);
#5821 = ORIENTED_EDGE('',*,*,#2272,.T.);
#5822 = ADVANCED_FACE('',(#5823),#2182,.F.);
#5823 = FACE_BOUND('',#5824,.F.);
#5824 = EDGE_LOOP('',(#5825,#5826,#5827,#5828));
#5825 = ORIENTED_EDGE('',*,*,#5395,.F.);
#5826 = ORIENTED_EDGE('',*,*,#2159,.F.);
#5827 = ORIENTED_EDGE('',*,*,#5799,.T.);
#5828 = ORIENTED_EDGE('',*,*,#2218,.T.);
#5829 = ADVANCED_FACE('',(#5830),#2101,.F.);
#5830 = FACE_BOUND('',#5831,.F.);
#5831 = EDGE_LOOP('',(#5832,#5854,#5855));
#5832 = ORIENTED_EDGE('',*,*,#5833,.F.);
#5833 = EDGE_CURVE('',#1951,#2010,#5834,.T.);
#5834 = SURFACE_CURVE('',#5835,(#5840,#5847),.PCURVE_S1.);
#5835 = CIRCLE('',#5836,2.5);
#5836 = AXIS2_PLACEMENT_3D('',#5837,#5838,#5839);
#5837 = CARTESIAN_POINT('',(36.5,-3.5,22.5));
#5838 = DIRECTION('',(0.,-1.,-0.));
#5839 = DIRECTION('',(-1.,0.,-1.110223024625E-16));
#5840 = PCURVE('',#2101,#5841);
#5841 = DEFINITIONAL_REPRESENTATION('',(#5842),#5846);
#5842 = LINE('',#5843,#5844);
#5843 = CARTESIAN_POINT('',(0.,-9.802687471293E-16));
#5844 = VECTOR('',#5845,1.);
#5845 = DIRECTION('',(1.,0.));
#5846 = ( GEOMETRIC_REPRESENTATION_CONTEXT(2) 
PARAMETRIC_REPRESENTATION_CONTEXT() REPRESENTATION_CONTEXT('2D SPACE',''
  ) );
#5847 = PCURVE('',#1973,#5848);
#5848 = DEFINITIONAL_REPRESENTATION('',(#5849),#5853);
#5849 = LINE('',#5850,#5851);
#5850 = CARTESIAN_POINT('',(0.,-9.));
#5851 = VECTOR('',#5852,1.);
#5852 = DIRECTION('',(1.,0.));
#5853 = ( GEOMETRIC_REPRESENTATION_CONTEXT(2) 
PARAMETRIC_REPRESENTATION_CONTEXT() REPRESENTATION_CONTEXT('2D SPACE',''
  ) );
#5854 = ORIENTED_EDGE('',*,*,#2135,.F.);
#5855 = ORIENTED_EDGE('',*,*,#2063,.T.);
#5856 = ADVANCED_FACE('',(#5857),#1973,.F.);
#5857 = FACE_BOUND('',#5858,.F.);
#5858 = EDGE_LOOP('',(#5859,#5860,#5861,#5862));
#5859 = ORIENTED_EDGE('',*,*,#5370,.F.);
#5860 = ORIENTED_EDGE('',*,*,#1950,.F.);
#5861 = ORIENTED_EDGE('',*,*,#5833,.T.);
#5862 = ORIENTED_EDGE('',*,*,#2009,.T.);
#5863 = ADVANCED_FACE('',(#5864),#1892,.F.);
#5864 = FACE_BOUND('',#5865,.F.);
#5865 = EDGE_LOOP('',(#5866,#5888,#5889));
#5866 = ORIENTED_EDGE('',*,*,#5867,.F.);
#5867 = EDGE_CURVE('',#1738,#1801,#5868,.T.);
#5868 = SURFACE_CURVE('',#5869,(#5874,#5881),.PCURVE_S1.);
#5869 = CIRCLE('',#5870,2.);
#5870 = AXIS2_PLACEMENT_3D('',#5871,#5872,#5873);
#5871 = CARTESIAN_POINT('',(-36.5,-2.5,-10.));
#5872 = DIRECTION('',(0.,-1.,-0.));
#5873 = DIRECTION('',(-1.,0.,-1.110223024625E-16));
#5874 = PCURVE('',#1892,#5875);
#5875 = DEFINITIONAL_REPRESENTATION('',(#5876),#5880);
#5876 = LINE('',#5877,#5878);
#5877 = CARTESIAN_POINT('',(0.,-9.802687471293E-16));
#5878 = VECTOR('',#5879,1.);
#5879 = DIRECTION('',(1.,0.));
#5880 = ( GEOMETRIC_REPRESENTATION_CONTEXT(2) 
PARAMETRIC_REPRESENTATION_CONTEXT() REPRESENTATION_CONTEXT('2D SPACE',''
  ) );
#5881 = PCURVE('',#1760,#5882);
#5882 = DEFINITIONAL_REPRESENTATION('',(#5883),#5887);
#5883 = LINE('',#5884,#5885);
#5884 = CARTESIAN_POINT('',(0.,-10.));
#5885 = VECTOR('',#5886,1.);
#5886 = DIRECTION('',(1.,0.));
#5887 = ( GEOMETRIC_REPRESENTATION_CONTEXT(2) 
PARAMETRIC_REPRESENTATION_CONTEXT() REPRESENTATION_CONTEXT('2D SPACE',''
  ) );
#5888 = ORIENTED_EDGE('',*,*,#1926,.F.);
#5889 = ORIENTED_EDGE('',*,*,#1854,.T.);
#5890 = ADVANCED_FACE('',(#5891),#1760,.F.);
#5891 = FACE_BOUND('',#5892,.F.);
#5892 = EDGE_LOOP('',(#5893,#5894,#5895,#5896));
#5893 = ORIENTED_EDGE('',*,*,#5569,.F.);
#5894 = ORIENTED_EDGE('',*,*,#1737,.F.);
#5895 = ORIENTED_EDGE('',*,*,#5867,.T.);
#5896 = ORIENTED_EDGE('',*,*,#1800,.T.);
#5897 = ADVANCED_FACE('',(#5898),#1679,.F.);
#5898 = FACE_BOUND('',#5899,.F.);
#5899 = EDGE_LOOP('',(#5900,#5922,#5923));
#5900 = ORIENTED_EDGE('',*,*,#5901,.F.);
#5901 = EDGE_CURVE('',#1520,#1588,#5902,.T.);
#5902 = SURFACE_CURVE('',#5903,(#5908,#5915),.PCURVE_S1.);
#5903 = CIRCLE('',#5904,2.);
#5904 = AXIS2_PLACEMENT_3D('',#5905,#5906,#5907);
#5905 = CARTESIAN_POINT('',(-36.5,-2.5,10.));
#5906 = DIRECTION('',(0.,-1.,-0.));
#5907 = DIRECTION('',(-1.,0.,-1.110223024625E-16));
#5908 = PCURVE('',#1679,#5909);
#5909 = DEFINITIONAL_REPRESENTATION('',(#5910),#5914);
#5910 = LINE('',#5911,#5912);
#5911 = CARTESIAN_POINT('',(0.,-9.802687471293E-16));
#5912 = VECTOR('',#5913,1.);
#5913 = DIRECTION('',(1.,0.));
#5914 = ( GEOMETRIC_REPRESENTATION_CONTEXT(2) 
PARAMETRIC_REPRESENTATION_CONTEXT() REPRESENTATION_CONTEXT('2D SPACE',''
  ) );
#5915 = PCURVE('',#1542,#5916);
#5916 = DEFINITIONAL_REPRESENTATION('',(#5917),#5921);
#5917 = LINE('',#5918,#5919);
#5918 = CARTESIAN_POINT('',(0.,-10.));
#5919 = VECTOR('',#5920,1.);
#5920 = DIRECTION('',(1.,0.));
#5921 = ( GEOMETRIC_REPRESENTATION_CONTEXT(2) 
PARAMETRIC_REPRESENTATION_CONTEXT() REPRESENTATION_CONTEXT('2D SPACE',''
  ) );
#5922 = ORIENTED_EDGE('',*,*,#1713,.F.);
#5923 = ORIENTED_EDGE('',*,*,#1641,.T.);
#5924 = ADVANCED_FACE('',(#5925),#1542,.F.);
#5925 = FACE_BOUND('',#5926,.F.);
#5926 = EDGE_LOOP('',(#5927,#5928,#5929,#5930));
#5927 = ORIENTED_EDGE('',*,*,#5540,.F.);
#5928 = ORIENTED_EDGE('',*,*,#1519,.F.);
#5929 = ORIENTED_EDGE('',*,*,#5901,.T.);
#5930 = ORIENTED_EDGE('',*,*,#1587,.T.);
#5931 = ADVANCED_FACE('',(#5932),#1461,.F.);
#5932 = FACE_BOUND('',#5933,.F.);
#5933 = EDGE_LOOP('',(#5934,#5956,#5957));
#5934 = ORIENTED_EDGE('',*,*,#5935,.F.);
#5935 = EDGE_CURVE('',#1311,#1370,#5936,.T.);
#5936 = SURFACE_CURVE('',#5937,(#5942,#5949),.PCURVE_S1.);
#5937 = CIRCLE('',#5938,2.);
#5938 = AXIS2_PLACEMENT_3D('',#5939,#5940,#5941);
#5939 = CARTESIAN_POINT('',(36.5,-2.5,-10.));
#5940 = DIRECTION('',(0.,-1.,-0.));
#5941 = DIRECTION('',(-1.,0.,-1.110223024625E-16));
#5942 = PCURVE('',#1461,#5943);
#5943 = DEFINITIONAL_REPRESENTATION('',(#5944),#5948);
#5944 = LINE('',#5945,#5946);
#5945 = CARTESIAN_POINT('',(0.,-9.802687471293E-16));
#5946 = VECTOR('',#5947,1.);
#5947 = DIRECTION('',(1.,0.));
#5948 = ( GEOMETRIC_REPRESENTATION_CONTEXT(2) 
PARAMETRIC_REPRESENTATION_CONTEXT() REPRESENTATION_CONTEXT('2D SPACE',''
  ) );
#5949 = PCURVE('',#1333,#5950);
#5950 = DEFINITIONAL_REPRESENTATION('',(#5951),#5955);
#5951 = LINE('',#5952,#5953);
#5952 = CARTESIAN_POINT('',(0.,-10.));
#5953 = VECTOR('',#5954,1.);
#5954 = DIRECTION('',(1.,0.));
#5955 = ( GEOMETRIC_REPRESENTATION_CONTEXT(2) 
PARAMETRIC_REPRESENTATION_CONTEXT() REPRESENTATION_CONTEXT('2D SPACE',''
  ) );
#5956 = ORIENTED_EDGE('',*,*,#1495,.F.);
#5957 = ORIENTED_EDGE('',*,*,#1423,.T.);
#5958 = ADVANCED_FACE('',(#5959),#1333,.F.);
#5959 = FACE_BOUND('',#5960,.F.);
#5960 = EDGE_LOOP('',(#5961,#5962,#5963,#5964));
#5961 = ORIENTED_EDGE('',*,*,#5345,.F.);
#5962 = ORIENTED_EDGE('',*,*,#1310,.F.);
#5963 = ORIENTED_EDGE('',*,*,#5935,.T.);
#5964 = ORIENTED_EDGE('',*,*,#1369,.T.);
#5965 = ADVANCED_FACE('',(#5966),#1252,.F.);
#5966 = FACE_BOUND('',#5967,.F.);
#5967 = EDGE_LOOP('',(#5968,#5990,#5991));
#5968 = ORIENTED_EDGE('',*,*,#5969,.F.);
#5969 = EDGE_CURVE('',#1097,#1161,#5970,.T.);
#5970 = SURFACE_CURVE('',#5971,(#5976,#5983),.PCURVE_S1.);
#5971 = CIRCLE('',#5972,2.);
#5972 = AXIS2_PLACEMENT_3D('',#5973,#5974,#5975);
#5973 = CARTESIAN_POINT('',(36.5,-2.5,10.));
#5974 = DIRECTION('',(0.,-1.,-0.));
#5975 = DIRECTION('',(-1.,0.,-1.110223024625E-16));
#5976 = PCURVE('',#1252,#5977);
#5977 = DEFINITIONAL_REPRESENTATION('',(#5978),#5982);
#5978 = LINE('',#5979,#5980);
#5979 = CARTESIAN_POINT('',(0.,-9.802687471293E-16));
#5980 = VECTOR('',#5981,1.);
#5981 = DIRECTION('',(1.,0.));
#5982 = ( GEOMETRIC_REPRESENTATION_CONTEXT(2) 
PARAMETRIC_REPRESENTATION_CONTEXT() REPRESENTATION_CONTEXT('2D SPACE',''
  ) );
#5983 = PCURVE('',#1119,#5984);
#5984 = DEFINITIONAL_REPRESENTATION('',(#5985),#5989);
#5985 = LINE('',#5986,#5987);
#5986 = CARTESIAN_POINT('',(0.,-10.));
#5987 = VECTOR('',#5988,1.);
#5988 = DIRECTION('',(1.,0.));
#5989 = ( GEOMETRIC_REPRESENTATION_CONTEXT(2) 
PARAMETRIC_REPRESENTATION_CONTEXT() REPRESENTATION_CONTEXT('2D SPACE',''
  ) );
#5990 = ORIENTED_EDGE('',*,*,#1286,.F.);
#5991 = ORIENTED_EDGE('',*,*,#1214,.T.);
#5992 = ADVANCED_FACE('',(#5993),#1119,.F.);
#5993 = FACE_BOUND('',#5994,.F.);
#5994 = EDGE_LOOP('',(#5995,#5996,#5997,#5998));
#5995 = ORIENTED_EDGE('',*,*,#5320,.F.);
#5996 = ORIENTED_EDGE('',*,*,#1096,.F.);
#5997 = ORIENTED_EDGE('',*,*,#5969,.T.);
#5998 = ORIENTED_EDGE('',*,*,#1160,.T.);
#5999 = ADVANCED_FACE('',(#6000),#3559,.F.);
#6000 = FACE_BOUND('',#6001,.T.);
#6001 = EDGE_LOOP('',(#6002,#6003,#6004,#6025));
#6002 = ORIENTED_EDGE('',*,*,#3545,.T.);
#6003 = ORIENTED_EDGE('',*,*,#5111,.F.);
#6004 = ORIENTED_EDGE('',*,*,#6005,.F.);
#6005 = EDGE_CURVE('',#4432,#5089,#6006,.T.);
#6006 = SURFACE_CURVE('',#6007,(#6011,#6018),.PCURVE_S1.);
#6007 = LINE('',#6008,#6009);
#6008 = CARTESIAN_POINT('',(-42.5,7.5,20.));
#6009 = VECTOR('',#6010,1.);
#6010 = DIRECTION('',(-1.,-0.,-1.110223024625E-16));
#6011 = PCURVE('',#3559,#6012);
#6012 = DEFINITIONAL_REPRESENTATION('',(#6013),#6017);
#6013 = LINE('',#6014,#6015);
#6014 = CARTESIAN_POINT('',(0.,0.));
#6015 = VECTOR('',#6016,1.);
#6016 = DIRECTION('',(0.,-1.));
#6017 = ( GEOMETRIC_REPRESENTATION_CONTEXT(2) 
PARAMETRIC_REPRESENTATION_CONTEXT() REPRESENTATION_CONTEXT('2D SPACE',''
  ) );
#6018 = PCURVE('',#73,#6019);
#6019 = DEFINITIONAL_REPRESENTATION('',(#6020),#6024);
#6020 = LINE('',#6021,#6022);
#6021 = CARTESIAN_POINT('',(-85.,10.));
#6022 = VECTOR('',#6023,1.);
#6023 = DIRECTION('',(-1.,0.));
#6024 = ( GEOMETRIC_REPRESENTATION_CONTEXT(2) 
PARAMETRIC_REPRESENTATION_CONTEXT() REPRESENTATION_CONTEXT('2D SPACE',''
  ) );
#6025 = ORIENTED_EDGE('',*,*,#4431,.T.);
#6026 = ADVANCED_FACE('',(#6027,#6052,#6077,#6102,#6127),#73,.T.);
#6027 = FACE_BOUND('',#6028,.T.);
#6028 = EDGE_LOOP('',(#6029,#6051));
#6029 = ORIENTED_EDGE('',*,*,#6030,.F.);
#6030 = EDGE_CURVE('',#24,#57,#6031,.T.);
#6031 = SURFACE_CURVE('',#6032,(#6037,#6044),.PCURVE_S1.);
#6032 = CIRCLE('',#6033,2.);
#6033 = AXIS2_PLACEMENT_3D('',#6034,#6035,#6036);
#6034 = CARTESIAN_POINT('',(-2.5,7.5,25.));
#6035 = DIRECTION('',(-0.,1.,0.));
#6036 = DIRECTION('',(1.,0.,1.110223024625E-16));
#6037 = PCURVE('',#73,#6038);
#6038 = DEFINITIONAL_REPRESENTATION('',(#6039),#6043);
#6039 = CIRCLE('',#6040,2.);
#6040 = AXIS2_PLACEMENT_2D('',#6041,#6042);
#6041 = CARTESIAN_POINT('',(-45.,5.));
#6042 = DIRECTION('',(1.,0.));
#6043 = ( GEOMETRIC_REPRESENTATION_CONTEXT(2) 
PARAMETRIC_REPRESENTATION_CONTEXT() REPRESENTATION_CONTEXT('2D SPACE',''
  ) );
#6044 = PCURVE('',#44,#6045);
#6045 = DEFINITIONAL_REPRESENTATION('',(#6046),#6050);
#6046 = LINE('',#6047,#6048);
#6047 = CARTESIAN_POINT('',(0.,1.7763568394E-15));
#6048 = VECTOR('',#6049,1.);
#6049 = DIRECTION('',(1.,0.));
#6050 = ( GEOMETRIC_REPRESENTATION_CONTEXT(2) 
PARAMETRIC_REPRESENTATION_CONTEXT() REPRESENTATION_CONTEXT('2D SPACE',''
  ) );
#6051 = ORIENTED_EDGE('',*,*,#56,.F.);
#6052 = FACE_BOUND('',#6053,.T.);
#6053 = EDGE_LOOP('',(#6054,#6076));
#6054 = ORIENTED_EDGE('',*,*,#6055,.F.);
#6055 = EDGE_CURVE('',#141,#174,#6056,.T.);
#6056 = SURFACE_CURVE('',#6057,(#6062,#6069),.PCURVE_S1.);
#6057 = CIRCLE('',#6058,2.);
#6058 = AXIS2_PLACEMENT_3D('',#6059,#6060,#6061);
#6059 = CARTESIAN_POINT('',(17.5,7.5,25.));
#6060 = DIRECTION('',(-0.,1.,0.));
#6061 = DIRECTION('',(1.,0.,1.110223024625E-16));
#6062 = PCURVE('',#73,#6063);
#6063 = DEFINITIONAL_REPRESENTATION('',(#6064),#6068);
#6064 = CIRCLE('',#6065,2.);
#6065 = AXIS2_PLACEMENT_2D('',#6066,#6067);
#6066 = CARTESIAN_POINT('',(-25.,5.));
#6067 = DIRECTION('',(1.,0.));
#6068 = ( GEOMETRIC_REPRESENTATION_CONTEXT(2) 
PARAMETRIC_REPRESENTATION_CONTEXT() REPRESENTATION_CONTEXT('2D SPACE',''
  ) );
#6069 = PCURVE('',#161,#6070);
#6070 = DEFINITIONAL_REPRESENTATION('',(#6071),#6075);
#6071 = LINE('',#6072,#6073);
#6072 = CARTESIAN_POINT('',(0.,1.7763568394E-15));
#6073 = VECTOR('',#6074,1.);
#6074 = DIRECTION('',(1.,0.));
#6075 = ( GEOMETRIC_REPRESENTATION_CONTEXT(2) 
PARAMETRIC_REPRESENTATION_CONTEXT() REPRESENTATION_CONTEXT('2D SPACE',''
  ) );
#6076 = ORIENTED_EDGE('',*,*,#173,.F.);
#6077 = FACE_BOUND('',#6078,.T.);
#6078 = EDGE_LOOP('',(#6079,#6101));
#6079 = ORIENTED_EDGE('',*,*,#6080,.F.);
#6080 = EDGE_CURVE('',#467,#500,#6081,.T.);
#6081 = SURFACE_CURVE('',#6082,(#6087,#6094),.PCURVE_S1.);
#6082 = CIRCLE('',#6083,2.1);
#6083 = AXIS2_PLACEMENT_3D('',#6084,#6085,#6086);
#6084 = CARTESIAN_POINT('',(-20.,7.5,25.));
#6085 = DIRECTION('',(-0.,1.,0.));
#6086 = DIRECTION('',(1.,0.,1.110223024625E-16));
#6087 = PCURVE('',#73,#6088);
#6088 = DEFINITIONAL_REPRESENTATION('',(#6089),#6093);
#6089 = CIRCLE('',#6090,2.1);
#6090 = AXIS2_PLACEMENT_2D('',#6091,#6092);
#6091 = CARTESIAN_POINT('',(-62.5,5.));
#6092 = DIRECTION('',(1.,0.));
#6093 = ( GEOMETRIC_REPRESENTATION_CONTEXT(2) 
PARAMETRIC_REPRESENTATION_CONTEXT() REPRESENTATION_CONTEXT('2D SPACE',''
  ) );
#6094 = PCURVE('',#487,#6095);
#6095 = DEFINITIONAL_REPRESENTATION('',(#6096),#6100);
#6096 = LINE('',#6097,#6098);
#6097 = CARTESIAN_POINT('',(0.,8.881784197001E-16));
#6098 = VECTOR('',#6099,1.);
#6099 = DIRECTION('',(1.,0.));
#6100 = ( GEOMETRIC_REPRESENTATION_CONTEXT(2) 
PARAMETRIC_REPRESENTATION_CONTEXT() REPRESENTATION_CONTEXT('2D SPACE',''
  ) );
#6101 = ORIENTED_EDGE('',*,*,#499,.F.);
#6102 = FACE_BOUND('',#6103,.T.);
#6103 = EDGE_LOOP('',(#6104,#6126));
#6104 = ORIENTED_EDGE('',*,*,#6105,.F.);
#6105 = EDGE_CURVE('',#574,#607,#6106,.T.);
#6106 = SURFACE_CURVE('',#6107,(#6112,#6119),.PCURVE_S1.);
#6107 = CIRCLE('',#6108,2.1);
#6108 = AXIS2_PLACEMENT_3D('',#6109,#6110,#6111);
#6109 = CARTESIAN_POINT('',(35.,7.5,25.));
#6110 = DIRECTION('',(-0.,1.,0.));
#6111 = DIRECTION('',(1.,0.,1.110223024625E-16));
#6112 = PCURVE('',#73,#6113);
#6113 = DEFINITIONAL_REPRESENTATION('',(#6114),#6118);
#6114 = CIRCLE('',#6115,2.1);
#6115 = AXIS2_PLACEMENT_2D('',#6116,#6117);
#6116 = CARTESIAN_POINT('',(-7.5,5.));
#6117 = DIRECTION('',(1.,0.));
#6118 = ( GEOMETRIC_REPRESENTATION_CONTEXT(2) 
PARAMETRIC_REPRESENTATION_CONTEXT() REPRESENTATION_CONTEXT('2D SPACE',''
  ) );
#6119 = PCURVE('',#594,#6120);
#6120 = DEFINITIONAL_REPRESENTATION('',(#6121),#6125);
#6121 = LINE('',#6122,#6123);
#6122 = CARTESIAN_POINT('',(0.,8.881784197001E-16));
#6123 = VECTOR('',#6124,1.);
#6124 = DIRECTION('',(1.,0.));
#6125 = ( GEOMETRIC_REPRESENTATION_CONTEXT(2) 
PARAMETRIC_REPRESENTATION_CONTEXT() REPRESENTATION_CONTEXT('2D SPACE',''
  ) );
#6126 = ORIENTED_EDGE('',*,*,#606,.F.);
#6127 = FACE_BOUND('',#6128,.T.);
#6128 = EDGE_LOOP('',(#6129,#6130,#6131,#6132));
#6129 = ORIENTED_EDGE('',*,*,#3786,.T.);
#6130 = ORIENTED_EDGE('',*,*,#4454,.T.);
#6131 = ORIENTED_EDGE('',*,*,#6005,.T.);
#6132 = ORIENTED_EDGE('',*,*,#5088,.T.);
#6133 = ADVANCED_FACE('',(#6134),#4280,.F.);
#6134 = FACE_BOUND('',#6135,.T.);
#6135 = EDGE_LOOP('',(#6136,#6137,#6138,#6159));
#6136 = ORIENTED_EDGE('',*,*,#4266,.T.);
#6137 = ORIENTED_EDGE('',*,*,#4567,.F.);
#6138 = ORIENTED_EDGE('',*,*,#6139,.F.);
#6139 = EDGE_CURVE('',#4976,#4545,#6140,.T.);
#6140 = SURFACE_CURVE('',#6141,(#6145,#6152),.PCURVE_S1.);
#6141 = LINE('',#6142,#6143);
#6142 = CARTESIAN_POINT('',(42.5,7.5,-20.));
#6143 = VECTOR('',#6144,1.);
#6144 = DIRECTION('',(1.,0.,1.110223024625E-16));
#6145 = PCURVE('',#4280,#6146);
#6146 = DEFINITIONAL_REPRESENTATION('',(#6147),#6151);
#6147 = LINE('',#6148,#6149);
#6148 = CARTESIAN_POINT('',(0.,0.));
#6149 = VECTOR('',#6150,1.);
#6150 = DIRECTION('',(0.,1.));
#6151 = ( GEOMETRIC_REPRESENTATION_CONTEXT(2) 
PARAMETRIC_REPRESENTATION_CONTEXT() REPRESENTATION_CONTEXT('2D SPACE',''
  ) );
#6152 = PCURVE('',#297,#6153);
#6153 = DEFINITIONAL_REPRESENTATION('',(#6154),#6158);
#6154 = LINE('',#6155,#6156);
#6155 = CARTESIAN_POINT('',(85.,-10.));
#6156 = VECTOR('',#6157,1.);
#6157 = DIRECTION('',(1.,0.));
#6158 = ( GEOMETRIC_REPRESENTATION_CONTEXT(2) 
PARAMETRIC_REPRESENTATION_CONTEXT() REPRESENTATION_CONTEXT('2D SPACE',''
  ) );
#6159 = ORIENTED_EDGE('',*,*,#4975,.T.);
#6160 = ADVANCED_FACE('',(#6161,#6186,#6211,#6236,#6261),#297,.T.);
#6161 = FACE_BOUND('',#6162,.T.);
#6162 = EDGE_LOOP('',(#6163,#6185));
#6163 = ORIENTED_EDGE('',*,*,#6164,.F.);
#6164 = EDGE_CURVE('',#248,#281,#6165,.T.);
#6165 = SURFACE_CURVE('',#6166,(#6171,#6178),.PCURVE_S1.);
#6166 = CIRCLE('',#6167,2.);
#6167 = AXIS2_PLACEMENT_3D('',#6168,#6169,#6170);
#6168 = CARTESIAN_POINT('',(17.5,7.5,-25.));
#6169 = DIRECTION('',(-0.,1.,0.));
#6170 = DIRECTION('',(1.,0.,1.110223024625E-16));
#6171 = PCURVE('',#297,#6172);
#6172 = DEFINITIONAL_REPRESENTATION('',(#6173),#6177);
#6173 = CIRCLE('',#6174,2.);
#6174 = AXIS2_PLACEMENT_2D('',#6175,#6176);
#6175 = CARTESIAN_POINT('',(60.,-5.));
#6176 = DIRECTION('',(1.,0.));
#6177 = ( GEOMETRIC_REPRESENTATION_CONTEXT(2) 
PARAMETRIC_REPRESENTATION_CONTEXT() REPRESENTATION_CONTEXT('2D SPACE',''
  ) );
#6178 = PCURVE('',#268,#6179);
#6179 = DEFINITIONAL_REPRESENTATION('',(#6180),#6184);
#6180 = LINE('',#6181,#6182);
#6181 = CARTESIAN_POINT('',(0.,1.7763568394E-15));
#6182 = VECTOR('',#6183,1.);
#6183 = DIRECTION('',(1.,0.));
#6184 = ( GEOMETRIC_REPRESENTATION_CONTEXT(2) 
PARAMETRIC_REPRESENTATION_CONTEXT() REPRESENTATION_CONTEXT('2D SPACE',''
  ) );
#6185 = ORIENTED_EDGE('',*,*,#280,.F.);
#6186 = FACE_BOUND('',#6187,.T.);
#6187 = EDGE_LOOP('',(#6188,#6210));
#6188 = ORIENTED_EDGE('',*,*,#6189,.F.);
#6189 = EDGE_CURVE('',#360,#393,#6190,.T.);
#6190 = SURFACE_CURVE('',#6191,(#6196,#6203),.PCURVE_S1.);
#6191 = CIRCLE('',#6192,2.);
#6192 = AXIS2_PLACEMENT_3D('',#6193,#6194,#6195);
#6193 = CARTESIAN_POINT('',(-2.5,7.5,-25.));
#6194 = DIRECTION('',(-0.,1.,0.));
#6195 = DIRECTION('',(1.,0.,1.110223024625E-16));
#6196 = PCURVE('',#297,#6197);
#6197 = DEFINITIONAL_REPRESENTATION('',(#6198),#6202);
#6198 = CIRCLE('',#6199,2.);
#6199 = AXIS2_PLACEMENT_2D('',#6200,#6201);
#6200 = CARTESIAN_POINT('',(40.,-5.));
#6201 = DIRECTION('',(1.,0.));
#6202 = ( GEOMETRIC_REPRESENTATION_CONTEXT(2) 
PARAMETRIC_REPRESENTATION_CONTEXT() REPRESENTATION_CONTEXT('2D SPACE',''
  ) );
#6203 = PCURVE('',#380,#6204);
#6204 = DEFINITIONAL_REPRESENTATION('',(#6205),#6209);
#6205 = LINE('',#6206,#6207);
#6206 = CARTESIAN_POINT('',(0.,1.7763568394E-15));
#6207 = VECTOR('',#6208,1.);
#6208 = DIRECTION('',(1.,0.));
#6209 = ( GEOMETRIC_REPRESENTATION_CONTEXT(2) 
PARAMETRIC_REPRESENTATION_CONTEXT() REPRESENTATION_CONTEXT('2D SPACE',''
  ) );
#6210 = ORIENTED_EDGE('',*,*,#392,.F.);
#6211 = FACE_BOUND('',#6212,.T.);
#6212 = EDGE_LOOP('',(#6213,#6235));
#6213 = ORIENTED_EDGE('',*,*,#6214,.F.);
#6214 = EDGE_CURVE('',#783,#816,#6215,.T.);
#6215 = SURFACE_CURVE('',#6216,(#6221,#6228),.PCURVE_S1.);
#6216 = CIRCLE('',#6217,2.1);
#6217 = AXIS2_PLACEMENT_3D('',#6218,#6219,#6220);
#6218 = CARTESIAN_POINT('',(-20.,7.5,-25.));
#6219 = DIRECTION('',(-0.,1.,0.));
#6220 = DIRECTION('',(1.,0.,1.110223024625E-16));
#6221 = PCURVE('',#297,#6222);
#6222 = DEFINITIONAL_REPRESENTATION('',(#6223),#6227);
#6223 = CIRCLE('',#6224,2.1);
#6224 = AXIS2_PLACEMENT_2D('',#6225,#6226);
#6225 = CARTESIAN_POINT('',(22.5,-5.));
#6226 = DIRECTION('',(1.,0.));
#6227 = ( GEOMETRIC_REPRESENTATION_CONTEXT(2) 
PARAMETRIC_REPRESENTATION_CONTEXT() REPRESENTATION_CONTEXT('2D SPACE',''
  ) );
#6228 = PCURVE('',#803,#6229);
#6229 = DEFINITIONAL_REPRESENTATION('',(#6230),#6234);
#6230 = LINE('',#6231,#6232);
#6231 = CARTESIAN_POINT('',(0.,8.881784197001E-16));
#6232 = VECTOR('',#6233,1.);
#6233 = DIRECTION('',(1.,0.));
#6234 = ( GEOMETRIC_REPRESENTATION_CONTEXT(2) 
PARAMETRIC_REPRESENTATION_CONTEXT() REPRESENTATION_CONTEXT('2D SPACE',''
  ) );
#6235 = ORIENTED_EDGE('',*,*,#815,.F.);
#6236 = FACE_BOUND('',#6237,.T.);
#6237 = EDGE_LOOP('',(#6238,#6260));
#6238 = ORIENTED_EDGE('',*,*,#6239,.F.);
#6239 = EDGE_CURVE('',#890,#923,#6240,.T.);
#6240 = SURFACE_CURVE('',#6241,(#6246,#6253),.PCURVE_S1.);
#6241 = CIRCLE('',#6242,2.1);
#6242 = AXIS2_PLACEMENT_3D('',#6243,#6244,#6245);
#6243 = CARTESIAN_POINT('',(35.,7.5,-25.));
#6244 = DIRECTION('',(-0.,1.,0.));
#6245 = DIRECTION('',(1.,0.,1.110223024625E-16));
#6246 = PCURVE('',#297,#6247);
#6247 = DEFINITIONAL_REPRESENTATION('',(#6248),#6252);
#6248 = CIRCLE('',#6249,2.1);
#6249 = AXIS2_PLACEMENT_2D('',#6250,#6251);
#6250 = CARTESIAN_POINT('',(77.5,-5.));
#6251 = DIRECTION('',(1.,0.));
#6252 = ( GEOMETRIC_REPRESENTATION_CONTEXT(2) 
PARAMETRIC_REPRESENTATION_CONTEXT() REPRESENTATION_CONTEXT('2D SPACE',''
  ) );
#6253 = PCURVE('',#910,#6254);
#6254 = DEFINITIONAL_REPRESENTATION('',(#6255),#6259);
#6255 = LINE('',#6256,#6257);
#6256 = CARTESIAN_POINT('',(0.,8.881784197001E-16));
#6257 = VECTOR('',#6258,1.);
#6258 = DIRECTION('',(1.,0.));
#6259 = ( GEOMETRIC_REPRESENTATION_CONTEXT(2) 
PARAMETRIC_REPRESENTATION_CONTEXT() REPRESENTATION_CONTEXT('2D SPACE',''
  ) );
#6260 = ORIENTED_EDGE('',*,*,#922,.F.);
#6261 = FACE_BOUND('',#6262,.T.);
#6262 = EDGE_LOOP('',(#6263,#6264,#6265,#6266));
#6263 = ORIENTED_EDGE('',*,*,#3574,.T.);
#6264 = ORIENTED_EDGE('',*,*,#4998,.T.);
#6265 = ORIENTED_EDGE('',*,*,#6139,.T.);
#6266 = ORIENTED_EDGE('',*,*,#4544,.T.);
#6267 = ADVANCED_FACE('',(#6268),#1038,.F.);
#6268 = FACE_BOUND('',#6269,.F.);
#6269 = EDGE_LOOP('',(#6270,#6292,#6293));
#6270 = ORIENTED_EDGE('',*,*,#6271,.F.);
#6271 = EDGE_CURVE('',#888,#947,#6272,.T.);
#6272 = SURFACE_CURVE('',#6273,(#6278,#6285),.PCURVE_S1.);
#6273 = CIRCLE('',#6274,2.1);
#6274 = AXIS2_PLACEMENT_3D('',#6275,#6276,#6277);
#6275 = CARTESIAN_POINT('',(35.,-1.5,-25.));
#6276 = DIRECTION('',(-0.,1.,0.));
#6277 = DIRECTION('',(1.,0.,1.110223024625E-16));
#6278 = PCURVE('',#1038,#6279);
#6279 = DEFINITIONAL_REPRESENTATION('',(#6280),#6284);
#6280 = LINE('',#6281,#6282);
#6281 = CARTESIAN_POINT('',(0.,1.568429995407E-15));
#6282 = VECTOR('',#6283,1.);
#6283 = DIRECTION('',(1.,0.));
#6284 = ( GEOMETRIC_REPRESENTATION_CONTEXT(2) 
PARAMETRIC_REPRESENTATION_CONTEXT() REPRESENTATION_CONTEXT('2D SPACE',''
  ) );
#6285 = PCURVE('',#910,#6286);
#6286 = DEFINITIONAL_REPRESENTATION('',(#6287),#6291);
#6287 = LINE('',#6288,#6289);
#6288 = CARTESIAN_POINT('',(0.,-9.));
#6289 = VECTOR('',#6290,1.);
#6290 = DIRECTION('',(1.,0.));
#6291 = ( GEOMETRIC_REPRESENTATION_CONTEXT(2) 
PARAMETRIC_REPRESENTATION_CONTEXT() REPRESENTATION_CONTEXT('2D SPACE',''
  ) );
#6292 = ORIENTED_EDGE('',*,*,#1072,.F.);
#6293 = ORIENTED_EDGE('',*,*,#1000,.T.);
#6294 = ADVANCED_FACE('',(#6295),#910,.F.);
#6295 = FACE_BOUND('',#6296,.F.);
#6296 = EDGE_LOOP('',(#6297,#6298,#6299,#6300));
#6297 = ORIENTED_EDGE('',*,*,#6239,.F.);
#6298 = ORIENTED_EDGE('',*,*,#887,.F.);
#6299 = ORIENTED_EDGE('',*,*,#6271,.T.);
#6300 = ORIENTED_EDGE('',*,*,#946,.T.);
#6301 = ADVANCED_FACE('',(#6302),#803,.F.);
#6302 = FACE_BOUND('',#6303,.F.);
#6303 = EDGE_LOOP('',(#6304,#6305,#6306,#6307));
#6304 = ORIENTED_EDGE('',*,*,#6214,.F.);
#6305 = ORIENTED_EDGE('',*,*,#780,.F.);
#6306 = ORIENTED_EDGE('',*,*,#4113,.T.);
#6307 = ORIENTED_EDGE('',*,*,#839,.T.);
#6308 = ADVANCED_FACE('',(#6309),#722,.F.);
#6309 = FACE_BOUND('',#6310,.F.);
#6310 = EDGE_LOOP('',(#6311,#6333,#6334));
#6311 = ORIENTED_EDGE('',*,*,#6312,.F.);
#6312 = EDGE_CURVE('',#572,#631,#6313,.T.);
#6313 = SURFACE_CURVE('',#6314,(#6319,#6326),.PCURVE_S1.);
#6314 = CIRCLE('',#6315,2.1);
#6315 = AXIS2_PLACEMENT_3D('',#6316,#6317,#6318);
#6316 = CARTESIAN_POINT('',(35.,-1.5,25.));
#6317 = DIRECTION('',(-0.,1.,0.));
#6318 = DIRECTION('',(1.,0.,1.110223024625E-16));
#6319 = PCURVE('',#722,#6320);
#6320 = DEFINITIONAL_REPRESENTATION('',(#6321),#6325);
#6321 = LINE('',#6322,#6323);
#6322 = CARTESIAN_POINT('',(0.,1.568429995407E-15));
#6323 = VECTOR('',#6324,1.);
#6324 = DIRECTION('',(1.,0.));
#6325 = ( GEOMETRIC_REPRESENTATION_CONTEXT(2) 
PARAMETRIC_REPRESENTATION_CONTEXT() REPRESENTATION_CONTEXT('2D SPACE',''
  ) );
#6326 = PCURVE('',#594,#6327);
#6327 = DEFINITIONAL_REPRESENTATION('',(#6328),#6332);
#6328 = LINE('',#6329,#6330);
#6329 = CARTESIAN_POINT('',(0.,-9.));
#6330 = VECTOR('',#6331,1.);
#6331 = DIRECTION('',(1.,0.));
#6332 = ( GEOMETRIC_REPRESENTATION_CONTEXT(2) 
PARAMETRIC_REPRESENTATION_CONTEXT() REPRESENTATION_CONTEXT('2D SPACE',''
  ) );
#6333 = ORIENTED_EDGE('',*,*,#756,.F.);
#6334 = ORIENTED_EDGE('',*,*,#684,.T.);
#6335 = ADVANCED_FACE('',(#6336),#594,.F.);
#6336 = FACE_BOUND('',#6337,.F.);
#6337 = EDGE_LOOP('',(#6338,#6339,#6340,#6341));
#6338 = ORIENTED_EDGE('',*,*,#6105,.F.);
#6339 = ORIENTED_EDGE('',*,*,#571,.F.);
#6340 = ORIENTED_EDGE('',*,*,#6312,.T.);
#6341 = ORIENTED_EDGE('',*,*,#630,.T.);
#6342 = ADVANCED_FACE('',(#6343),#487,.F.);
#6343 = FACE_BOUND('',#6344,.F.);
#6344 = EDGE_LOOP('',(#6345,#6346,#6347,#6348));
#6345 = ORIENTED_EDGE('',*,*,#6080,.F.);
#6346 = ORIENTED_EDGE('',*,*,#464,.F.);
#6347 = ORIENTED_EDGE('',*,*,#4088,.T.);
#6348 = ORIENTED_EDGE('',*,*,#523,.T.);
#6349 = ADVANCED_FACE('',(#6350),#380,.F.);
#6350 = FACE_BOUND('',#6351,.F.);
#6351 = EDGE_LOOP('',(#6352,#6353,#6354,#6355));
#6352 = ORIENTED_EDGE('',*,*,#6189,.F.);
#6353 = ORIENTED_EDGE('',*,*,#357,.F.);
#6354 = ORIENTED_EDGE('',*,*,#4063,.T.);
#6355 = ORIENTED_EDGE('',*,*,#416,.T.);
#6356 = ADVANCED_FACE('',(#6357),#268,.F.);
#6357 = FACE_BOUND('',#6358,.F.);
#6358 = EDGE_LOOP('',(#6359,#6360,#6361,#6362));
#6359 = ORIENTED_EDGE('',*,*,#6164,.F.);
#6360 = ORIENTED_EDGE('',*,*,#245,.F.);
#6361 = ORIENTED_EDGE('',*,*,#4038,.T.);
#6362 = ORIENTED_EDGE('',*,*,#309,.T.);
#6363 = ADVANCED_FACE('',(#6364),#161,.F.);
#6364 = FACE_BOUND('',#6365,.F.);
#6365 = EDGE_LOOP('',(#6366,#6367,#6368,#6369));
#6366 = ORIENTED_EDGE('',*,*,#6055,.F.);
#6367 = ORIENTED_EDGE('',*,*,#138,.F.);
#6368 = ORIENTED_EDGE('',*,*,#4013,.T.);
#6369 = ORIENTED_EDGE('',*,*,#197,.T.);
#6370 = ADVANCED_FACE('',(#6371),#44,.F.);
#6371 = FACE_BOUND('',#6372,.F.);
#6372 = EDGE_LOOP('',(#6373,#6374,#6375,#6376));
#6373 = ORIENTED_EDGE('',*,*,#6030,.F.);
#6374 = ORIENTED_EDGE('',*,*,#21,.F.);
#6375 = ORIENTED_EDGE('',*,*,#3988,.T.);
#6376 = ORIENTED_EDGE('',*,*,#85,.T.);
#6377 = ADVANCED_FACE('',(#6378),#2899,.F.);
#6378 = FACE_BOUND('',#6379,.T.);
#6379 = EDGE_LOOP('',(#6380,#6381,#6402,#6403));
#6380 = ORIENTED_EDGE('',*,*,#4747,.T.);
#6381 = ORIENTED_EDGE('',*,*,#6382,.F.);
#6382 = EDGE_CURVE('',#4796,#4725,#6383,.T.);
#6383 = SURFACE_CURVE('',#6384,(#6388,#6395),.PCURVE_S1.);
#6384 = LINE('',#6385,#6386);
#6385 = CARTESIAN_POINT('',(-42.5,12.,-4.718447854657E-15));
#6386 = VECTOR('',#6387,1.);
#6387 = DIRECTION('',(1.,0.,1.110223024625E-16));
#6388 = PCURVE('',#2899,#6389);
#6389 = DEFINITIONAL_REPRESENTATION('',(#6390),#6394);
#6390 = LINE('',#6391,#6392);
#6391 = CARTESIAN_POINT('',(0.,0.));
#6392 = VECTOR('',#6393,1.);
#6393 = DIRECTION('',(0.,1.));
#6394 = ( GEOMETRIC_REPRESENTATION_CONTEXT(2) 
PARAMETRIC_REPRESENTATION_CONTEXT() REPRESENTATION_CONTEXT('2D SPACE',''
  ) );
#6395 = PCURVE('',#3339,#6396);
#6396 = DEFINITIONAL_REPRESENTATION('',(#6397),#6401);
#6397 = LINE('',#6398,#6399);
#6398 = CARTESIAN_POINT('',(0.,0.));
#6399 = VECTOR('',#6400,1.);
#6400 = DIRECTION('',(0.,1.));
#6401 = ( GEOMETRIC_REPRESENTATION_CONTEXT(2) 
PARAMETRIC_REPRESENTATION_CONTEXT() REPRESENTATION_CONTEXT('2D SPACE',''
  ) );
#6402 = ORIENTED_EDGE('',*,*,#4795,.F.);
#6403 = ORIENTED_EDGE('',*,*,#2885,.T.);
#6404 = ADVANCED_FACE('',(#6405),#3339,.F.);
#6405 = FACE_BOUND('',#6406,.T.);
#6406 = EDGE_LOOP('',(#6407,#6408,#6409,#6410));
#6407 = ORIENTED_EDGE('',*,*,#4724,.T.);
#6408 = ORIENTED_EDGE('',*,*,#3325,.F.);
#6409 = ORIENTED_EDGE('',*,*,#4818,.F.);
#6410 = ORIENTED_EDGE('',*,*,#6382,.T.);
#6411 = ADVANCED_FACE('',(#6412),#3449,.F.);
#6412 = FACE_BOUND('',#6413,.T.);
#6413 = EDGE_LOOP('',(#6414,#6415,#6416,#6417));
#6414 = ORIENTED_EDGE('',*,*,#4386,.T.);
#6415 = ORIENTED_EDGE('',*,*,#3435,.F.);
#6416 = ORIENTED_EDGE('',*,*,#5156,.F.);
#6417 = ORIENTED_EDGE('',*,*,#6418,.T.);
#6418 = EDGE_CURVE('',#5134,#4387,#6419,.T.);
#6419 = SURFACE_CURVE('',#6420,(#6424,#6431),.PCURVE_S1.);
#6420 = LINE('',#6421,#6422);
#6421 = CARTESIAN_POINT('',(-42.5,12.,15.));
#6422 = VECTOR('',#6423,1.);
#6423 = DIRECTION('',(1.,0.,1.110223024625E-16));
#6424 = PCURVE('',#3449,#6425);
#6425 = DEFINITIONAL_REPRESENTATION('',(#6426),#6430);
#6426 = LINE('',#6427,#6428);
#6427 = CARTESIAN_POINT('',(0.,0.));
#6428 = VECTOR('',#6429,1.);
#6429 = DIRECTION('',(0.,1.));
#6430 = ( GEOMETRIC_REPRESENTATION_CONTEXT(2) 
PARAMETRIC_REPRESENTATION_CONTEXT() REPRESENTATION_CONTEXT('2D SPACE',''
  ) );
#6431 = PCURVE('',#3510,#6432);
#6432 = DEFINITIONAL_REPRESENTATION('',(#6433),#6437);
#6433 = LINE('',#6434,#6435);
#6434 = CARTESIAN_POINT('',(0.,0.));
#6435 = VECTOR('',#6436,1.);
#6436 = DIRECTION('',(0.,1.));
#6437 = ( GEOMETRIC_REPRESENTATION_CONTEXT(2) 
PARAMETRIC_REPRESENTATION_CONTEXT() REPRESENTATION_CONTEXT('2D SPACE',''
  ) );
#6438 = ADVANCED_FACE('',(#6439),#3510,.F.);
#6439 = FACE_BOUND('',#6440,.T.);
#6440 = EDGE_LOOP('',(#6441,#6442,#6443,#6444));
#6441 = ORIENTED_EDGE('',*,*,#4409,.T.);
#6442 = ORIENTED_EDGE('',*,*,#6418,.F.);
#6443 = ORIENTED_EDGE('',*,*,#5133,.F.);
#6444 = ORIENTED_EDGE('',*,*,#3494,.T.);
#6445 = ADVANCED_FACE('',(#6446),#3290,.F.);
#6446 = FACE_BOUND('',#6447,.T.);
#6447 = EDGE_LOOP('',(#6448,#6449,#6470,#6471));
#6448 = ORIENTED_EDGE('',*,*,#4702,.T.);
#6449 = ORIENTED_EDGE('',*,*,#6450,.F.);
#6450 = EDGE_CURVE('',#4841,#4680,#6451,.T.);
#6451 = SURFACE_CURVE('',#6452,(#6456,#6463),.PCURVE_S1.);
#6452 = LINE('',#6453,#6454);
#6453 = CARTESIAN_POINT('',(-42.5,12.,-5.));
#6454 = VECTOR('',#6455,1.);
#6455 = DIRECTION('',(1.,0.,1.110223024625E-16));
#6456 = PCURVE('',#3290,#6457);
#6457 = DEFINITIONAL_REPRESENTATION('',(#6458),#6462);
#6458 = LINE('',#6459,#6460);
#6459 = CARTESIAN_POINT('',(0.,0.));
#6460 = VECTOR('',#6461,1.);
#6461 = DIRECTION('',(0.,1.));
#6462 = ( GEOMETRIC_REPRESENTATION_CONTEXT(2) 
PARAMETRIC_REPRESENTATION_CONTEXT() REPRESENTATION_CONTEXT('2D SPACE',''
  ) );
#6463 = PCURVE('',#3229,#6464);
#6464 = DEFINITIONAL_REPRESENTATION('',(#6465),#6469);
#6465 = LINE('',#6466,#6467);
#6466 = CARTESIAN_POINT('',(0.,0.));
#6467 = VECTOR('',#6468,1.);
#6468 = DIRECTION('',(0.,1.));
#6469 = ( GEOMETRIC_REPRESENTATION_CONTEXT(2) 
PARAMETRIC_REPRESENTATION_CONTEXT() REPRESENTATION_CONTEXT('2D SPACE',''
  ) );
#6470 = ORIENTED_EDGE('',*,*,#4840,.F.);
#6471 = ORIENTED_EDGE('',*,*,#3274,.T.);
#6472 = ADVANCED_FACE('',(#6473),#3229,.F.);
#6473 = FACE_BOUND('',#6474,.T.);
#6474 = EDGE_LOOP('',(#6475,#6476,#6477,#6478));
#6475 = ORIENTED_EDGE('',*,*,#4679,.T.);
#6476 = ORIENTED_EDGE('',*,*,#3215,.F.);
#6477 = ORIENTED_EDGE('',*,*,#4863,.F.);
#6478 = ORIENTED_EDGE('',*,*,#6450,.T.);
#6479 = ADVANCED_FACE('',(#6480),#3180,.F.);
#6480 = FACE_BOUND('',#6481,.T.);
#6481 = EDGE_LOOP('',(#6482,#6483,#6504,#6505));
#6482 = ORIENTED_EDGE('',*,*,#4657,.T.);
#6483 = ORIENTED_EDGE('',*,*,#6484,.F.);
#6484 = EDGE_CURVE('',#4886,#4635,#6485,.T.);
#6485 = SURFACE_CURVE('',#6486,(#6490,#6497),.PCURVE_S1.);
#6486 = LINE('',#6487,#6488);
#6487 = CARTESIAN_POINT('',(-42.5,12.,-10.));
#6488 = VECTOR('',#6489,1.);
#6489 = DIRECTION('',(1.,0.,1.110223024625E-16));
#6490 = PCURVE('',#3180,#6491);
#6491 = DEFINITIONAL_REPRESENTATION('',(#6492),#6496);
#6492 = LINE('',#6493,#6494);
#6493 = CARTESIAN_POINT('',(0.,0.));
#6494 = VECTOR('',#6495,1.);
#6495 = DIRECTION('',(0.,1.));
#6496 = ( GEOMETRIC_REPRESENTATION_CONTEXT(2) 
PARAMETRIC_REPRESENTATION_CONTEXT() REPRESENTATION_CONTEXT('2D SPACE',''
  ) );
#6497 = PCURVE('',#3119,#6498);
#6498 = DEFINITIONAL_REPRESENTATION('',(#6499),#6503);
#6499 = LINE('',#6500,#6501);
#6500 = CARTESIAN_POINT('',(0.,0.));
#6501 = VECTOR('',#6502,1.);
#6502 = DIRECTION('',(0.,1.));
#6503 = ( GEOMETRIC_REPRESENTATION_CONTEXT(2) 
PARAMETRIC_REPRESENTATION_CONTEXT() REPRESENTATION_CONTEXT('2D SPACE',''
  ) );
#6504 = ORIENTED_EDGE('',*,*,#4885,.F.);
#6505 = ORIENTED_EDGE('',*,*,#3164,.T.);
#6506 = ADVANCED_FACE('',(#6507),#3119,.F.);
#6507 = FACE_BOUND('',#6508,.T.);
#6508 = EDGE_LOOP('',(#6509,#6510,#6511,#6512));
#6509 = ORIENTED_EDGE('',*,*,#4634,.T.);
#6510 = ORIENTED_EDGE('',*,*,#3105,.F.);
#6511 = ORIENTED_EDGE('',*,*,#4908,.F.);
#6512 = ORIENTED_EDGE('',*,*,#6484,.T.);
#6513 = ADVANCED_FACE('',(#6514),#3070,.F.);
#6514 = FACE_BOUND('',#6515,.T.);
#6515 = EDGE_LOOP('',(#6516,#6517,#6538,#6539));
#6516 = ORIENTED_EDGE('',*,*,#4612,.T.);
#6517 = ORIENTED_EDGE('',*,*,#6518,.F.);
#6518 = EDGE_CURVE('',#4931,#4590,#6519,.T.);
#6519 = SURFACE_CURVE('',#6520,(#6524,#6531),.PCURVE_S1.);
#6520 = LINE('',#6521,#6522);
#6521 = CARTESIAN_POINT('',(-42.5,12.,-15.));
#6522 = VECTOR('',#6523,1.);
#6523 = DIRECTION('',(1.,0.,1.110223024625E-16));
#6524 = PCURVE('',#3070,#6525);
#6525 = DEFINITIONAL_REPRESENTATION('',(#6526),#6530);
#6526 = LINE('',#6527,#6528);
#6527 = CARTESIAN_POINT('',(0.,0.));
#6528 = VECTOR('',#6529,1.);
#6529 = DIRECTION('',(0.,1.));
#6530 = ( GEOMETRIC_REPRESENTATION_CONTEXT(2) 
PARAMETRIC_REPRESENTATION_CONTEXT() REPRESENTATION_CONTEXT('2D SPACE',''
  ) );
#6531 = PCURVE('',#4231,#6532);
#6532 = DEFINITIONAL_REPRESENTATION('',(#6533),#6537);
#6533 = LINE('',#6534,#6535);
#6534 = CARTESIAN_POINT('',(0.,0.));
#6535 = VECTOR('',#6536,1.);
#6536 = DIRECTION('',(0.,1.));
#6537 = ( GEOMETRIC_REPRESENTATION_CONTEXT(2) 
PARAMETRIC_REPRESENTATION_CONTEXT() REPRESENTATION_CONTEXT('2D SPACE',''
  ) );
#6538 = ORIENTED_EDGE('',*,*,#4930,.F.);
#6539 = ORIENTED_EDGE('',*,*,#3054,.T.);
#6540 = ADVANCED_FACE('',(#6541),#4231,.F.);
#6541 = FACE_BOUND('',#6542,.T.);
#6542 = EDGE_LOOP('',(#6543,#6544,#6545,#6546));
#6543 = ORIENTED_EDGE('',*,*,#4589,.T.);
#6544 = ORIENTED_EDGE('',*,*,#4215,.F.);
#6545 = ORIENTED_EDGE('',*,*,#4953,.F.);
#6546 = ORIENTED_EDGE('',*,*,#6518,.T.);
#6547 = ADVANCED_FACE('',(#6548),#3009,.F.);
#6548 = FACE_BOUND('',#6549,.T.);
#6549 = EDGE_LOOP('',(#6550,#6551,#6552,#6553));
#6550 = ORIENTED_EDGE('',*,*,#4341,.T.);
#6551 = ORIENTED_EDGE('',*,*,#2995,.F.);
#6552 = ORIENTED_EDGE('',*,*,#5201,.F.);
#6553 = ORIENTED_EDGE('',*,*,#6554,.T.);
#6554 = EDGE_CURVE('',#5179,#4342,#6555,.T.);
#6555 = SURFACE_CURVE('',#6556,(#6560,#6567),.PCURVE_S1.);
#6556 = LINE('',#6557,#6558);
#6557 = CARTESIAN_POINT('',(-42.5,12.,10.));
#6558 = VECTOR('',#6559,1.);
#6559 = DIRECTION('',(1.,0.,1.110223024625E-16));
#6560 = PCURVE('',#3009,#6561);
#6561 = DEFINITIONAL_REPRESENTATION('',(#6562),#6566);
#6562 = LINE('',#6563,#6564);
#6563 = CARTESIAN_POINT('',(0.,0.));
#6564 = VECTOR('',#6565,1.);
#6565 = DIRECTION('',(0.,1.));
#6566 = ( GEOMETRIC_REPRESENTATION_CONTEXT(2) 
PARAMETRIC_REPRESENTATION_CONTEXT() REPRESENTATION_CONTEXT('2D SPACE',''
  ) );
#6567 = PCURVE('',#3400,#6568);
#6568 = DEFINITIONAL_REPRESENTATION('',(#6569),#6573);
#6569 = LINE('',#6570,#6571);
#6570 = CARTESIAN_POINT('',(0.,0.));
#6571 = VECTOR('',#6572,1.);
#6572 = DIRECTION('',(0.,1.));
#6573 = ( GEOMETRIC_REPRESENTATION_CONTEXT(2) 
PARAMETRIC_REPRESENTATION_CONTEXT() REPRESENTATION_CONTEXT('2D SPACE',''
  ) );
#6574 = ADVANCED_FACE('',(#6575),#3400,.F.);
#6575 = FACE_BOUND('',#6576,.T.);
#6576 = EDGE_LOOP('',(#6577,#6578,#6579,#6580));
#6577 = ORIENTED_EDGE('',*,*,#4364,.T.);
#6578 = ORIENTED_EDGE('',*,*,#6554,.F.);
#6579 = ORIENTED_EDGE('',*,*,#5178,.F.);
#6580 = ORIENTED_EDGE('',*,*,#3384,.T.);
#6581 = ADVANCED_FACE('',(#6582),#2845,.F.);
#6582 = FACE_BOUND('',#6583,.T.);
#6583 = EDGE_LOOP('',(#6584,#6585,#6586,#6587));
#6584 = ORIENTED_EDGE('',*,*,#4296,.T.);
#6585 = ORIENTED_EDGE('',*,*,#2829,.F.);
#6586 = ORIENTED_EDGE('',*,*,#4771,.F.);
#6587 = ORIENTED_EDGE('',*,*,#6588,.T.);
#6588 = EDGE_CURVE('',#4772,#4297,#6589,.T.);
#6589 = SURFACE_CURVE('',#6590,(#6594,#6601),.PCURVE_S1.);
#6590 = LINE('',#6591,#6592);
#6591 = CARTESIAN_POINT('',(-42.5,12.,5.));
#6592 = VECTOR('',#6593,1.);
#6593 = DIRECTION('',(1.,0.,1.110223024625E-16));
#6594 = PCURVE('',#2845,#6595);
#6595 = DEFINITIONAL_REPRESENTATION('',(#6596),#6600);
#6596 = LINE('',#6597,#6598);
#6597 = CARTESIAN_POINT('',(0.,0.));
#6598 = VECTOR('',#6599,1.);
#6599 = DIRECTION('',(0.,1.));
#6600 = ( GEOMETRIC_REPRESENTATION_CONTEXT(2) 
PARAMETRIC_REPRESENTATION_CONTEXT() REPRESENTATION_CONTEXT('2D SPACE',''
  ) );
#6601 = PCURVE('',#2960,#6602);
#6602 = DEFINITIONAL_REPRESENTATION('',(#6603),#6607);
#6603 = LINE('',#6604,#6605);
#6604 = CARTESIAN_POINT('',(0.,0.));
#6605 = VECTOR('',#6606,1.);
#6606 = DIRECTION('',(0.,1.));
#6607 = ( GEOMETRIC_REPRESENTATION_CONTEXT(2) 
PARAMETRIC_REPRESENTATION_CONTEXT() REPRESENTATION_CONTEXT('2D SPACE',''
  ) );
#6608 = ADVANCED_FACE('',(#6609),#2960,.F.);
#6609 = FACE_BOUND('',#6610,.T.);
#6610 = EDGE_LOOP('',(#6611,#6612,#6613,#6614));
#6611 = ORIENTED_EDGE('',*,*,#4319,.T.);
#6612 = ORIENTED_EDGE('',*,*,#6588,.F.);
#6613 = ORIENTED_EDGE('',*,*,#5223,.F.);
#6614 = ORIENTED_EDGE('',*,*,#2944,.T.);
#6615 = ( GEOMETRIC_REPRESENTATION_CONTEXT(3) 
GLOBAL_UNCERTAINTY_ASSIGNED_CONTEXT((#6619)) 
GLOBAL_UNIT_ASSIGNED_CONTEXT((#6616,#6617,#6618)) REPRESENTATION_CONTEXT
('Context #1','3D Context with UNIT and UNCERTAINTY') );
#6616 = ( LENGTH_UNIT() NAMED_UNIT(*) SI_UNIT(.MILLI.,.METRE.) );
#6617 = ( NAMED_UNIT(*) PLANE_ANGLE_UNIT() SI_UNIT($,.RADIAN.) );
#6618 = ( NAMED_UNIT(*) SI_UNIT($,.STERADIAN.) SOLID_ANGLE_UNIT() );
#6619 = UNCERTAINTY_MEASURE_WITH_UNIT(LENGTH_MEASURE(1.E-07),#6616,
  'distance_accuracy_value','confusion accuracy');
#6620 = PRODUCT_RELATED_PRODUCT_CATEGORY('part',$,(#7));
ENDSEC;
END-ISO-10303-21;
