ISO-10303-21;
HEADER;
FILE_DESCRIPTION(('Open CASCADE Model'),'2;1');
FILE_NAME('Open CASCADE Shape Model','2026-09-11T11:57:32',('Author'),(
    'Open CASCADE'),'Open CASCADE STEP processor 7.9','Open CASCADE 7.9'
  ,'Unknown');
FILE_SCHEMA(('AUTOMOTIVE_DESIGN { 1 0 10303 214 1 1 1 1 }'));
ENDSEC;
DATA;
#1 = APPLICATION_PROTOCOL_DEFINITION('international standard',
  'automotive_design',2000,#2);
#2 = APPLICATION_CONTEXT(
  'core data for automotive mechanical design processes');
#3 = SHAPE_DEFINITION_REPRESENTATION(#4,#10);
#4 = PRODUCT_DEFINITION_SHAPE('','',#5);
#5 = PRODUCT_DEFINITION('design','',#6,#9);
#6 = PRODUCT_DEFINITION_FORMATION('','',#7);
#7 = PRODUCT('Open CASCADE STEP translator 7.9 5',
  'Open CASCADE STEP translator 7.9 5','',(#8));
#8 = PRODUCT_CONTEXT('',#2,'mechanical');
#9 = PRODUCT_DEFINITION_CONTEXT('part definition',#2,'design');
#10 = ADVANCED_BREP_SHAPE_REPRESENTATION('',(#11,#15),#3305);
#11 = AXIS2_PLACEMENT_3D('',#12,#13,#14);
#12 = CARTESIAN_POINT('',(0.,0.,0.));
#13 = DIRECTION('',(0.,0.,1.));
#14 = DIRECTION('',(1.,0.,-0.));
#15 = MANIFOLD_SOLID_BREP('',#16);
#16 = CLOSED_SHELL('',(#17,#770,#886,#963,#1049,#1165,#1290,#1406,#1526,
    #1642,#1758,#2008,#2042,#2073,#2126,#2151,#2204,#2229,#2282,#2308,
    #2336,#2364,#2417,#2442,#2495,#2520,#2568,#2641,#2692,#2743,#2794,
    #2826,#2856,#2907,#2936,#2974,#2979,#3011,#3043,#3077,#3111,#3139,
    #3171,#3201,#3206,#3238,#3272,#3300));
#17 = ADVANCED_FACE('',(#18,#453),#65,.T.);
#18 = FACE_BOUND('',#19,.T.);
#19 = EDGE_LOOP('',(#20,#264));
#20 = ORIENTED_EDGE('',*,*,#21,.T.);
#21 = EDGE_CURVE('',#22,#24,#26,.T.);
#22 = VERTEX_POINT('',#23);
#23 = CARTESIAN_POINT('',(-2.036659280149E-16,0.566174209355,
    -0.650000000028));
#24 = VERTEX_POINT('',#25);
#25 = CARTESIAN_POINT('',(9.829338014749E-16,0.566174209355,
    8.149999999972));
#26 = SURFACE_CURVE('',#27,(#64,#164),.PCURVE_S1.);
#27 = B_SPLINE_CURVE_WITH_KNOTS('',3,(#28,#29,#30,#31,#32,#33,#34,#35,
    #36,#37,#38,#39,#40,#41,#42,#43,#44,#45,#46,#47,#48,#49,#50,#51,#52,
    #53,#54,#55,#56,#57,#58,#59,#60,#61,#62,#63),.UNSPECIFIED.,.F.,.F.,(
    4,2,2,2,2,2,2,2,2,2,2,2,2,2,2,2,2,4),(-1.417232140262E-02,
    -1.328655131496E-02,-1.240078122729E-02,-1.062924105197E-02,
    -9.743470964302E-03,-8.857700876638E-03,-7.971930788974E-03,
    -7.529045745142E-03,-7.08616070131E-03,-6.200390613647E-03,
    -5.757505569815E-03,-5.314620525983E-03,-4.428850438319E-03,
    -3.543080350655E-03,-2.657310262991E-03,-1.771540175328E-03,
    -8.857700876638E-04,1.040834085586E-17),.UNSPECIFIED.);
#28 = CARTESIAN_POINT('',(-2.036659280149E-16,0.566174209355,
    -0.650000000028));
#29 = CARTESIAN_POINT('',(0.299396927512,0.566174209355,-0.650000000028)
  );
#30 = CARTESIAN_POINT('',(0.592397632031,0.547329314767,-0.619771486816)
  );
#31 = CARTESIAN_POINT('',(1.166535079435,0.475659817428,-0.50265019839)
  );
#32 = CARTESIAN_POINT('',(1.450083633575,0.421900216401,-0.414179610307)
  );
#33 = CARTESIAN_POINT('',(2.246613969959,0.223554840029,
    -7.691300584746E-02));
#34 = CARTESIAN_POINT('',(2.723021645467,3.791989392974E-02,
    0.248933184603));
#35 = CARTESIAN_POINT('',(3.314602016705,-0.251184186434,0.842854939488)
  );
#36 = CARTESIAN_POINT('',(3.494672410147,-0.350735562772,1.06187411866)
  );
#37 = CARTESIAN_POINT('',(3.807866871865,-0.53853681459,1.527635067254)
  );
#38 = CARTESIAN_POINT('',(3.941753448567,-0.626979581996,1.77421429554)
  );
#39 = CARTESIAN_POINT('',(4.163613894836,-0.78121145309,2.298976659755)
  );
#40 = CARTESIAN_POINT('',(4.251781354337,-0.847191637055,2.580463314717)
  );
#41 = CARTESIAN_POINT('',(4.339796210845,-0.914436854221,3.010044572837)
  );
#42 = CARTESIAN_POINT('',(4.362093571327,-0.93181681809,3.155056999002)
  );
#43 = CARTESIAN_POINT('',(4.392172397756,-0.955368433814,3.448936671417)
  );
#44 = CARTESIAN_POINT('',(4.39993071161,-0.961518392383,3.598906114319)
  );
#45 = CARTESIAN_POINT('',(4.400137169989,-0.961681417423,4.046093570091)
  );
#46 = CARTESIAN_POINT('',(4.370298556544,-0.937762908437,4.33889298928)
  );
#47 = CARTESIAN_POINT('',(4.282488448999,-0.870642057273,4.770719741495)
  );
#48 = CARTESIAN_POINT('',(4.245745995387,-0.842912878029,4.913938450404)
  );
#49 = CARTESIAN_POINT('',(4.159707712843,-0.779724594104,5.191507376801)
  );
#50 = CARTESIAN_POINT('',(4.110306674922,-0.744183434633,5.32665680321)
  );
#51 = CARTESIAN_POINT('',(3.943652385204,-0.628241640502,5.722175553288)
  );
#52 = CARTESIAN_POINT('',(3.806649038434,-0.537747171115,5.974523504988)
  );
#53 = CARTESIAN_POINT('',(3.492484092831,-0.349483418596,6.441028908681)
  );
#54 = CARTESIAN_POINT('',(3.315132432636,-0.25140333572,6.656745897109)
  );
#55 = CARTESIAN_POINT('',(2.917603182555,-5.721196726425E-02,
    7.055581102529));
#56 = CARTESIAN_POINT('',(2.699489997797,3.767069684875E-02,
    7.235973220827));
#57 = CARTESIAN_POINT('',(2.23321307115,0.21039927323,7.551580582253));
#58 = CARTESIAN_POINT('',(1.983654656162,0.289060174897,7.688303083198)
  );
#59 = CARTESIAN_POINT('',(1.446305365503,0.422815603262,7.915731359527)
  );
#60 = CARTESIAN_POINT('',(1.168587250855,0.475267592627,8.00200349791));
#61 = CARTESIAN_POINT('',(0.596911106118,0.546900397373,8.119076222783)
  );
#62 = CARTESIAN_POINT('',(0.299979161641,0.566174209355,8.149999999972)
  );
#63 = CARTESIAN_POINT('',(9.829338014749E-16,0.566174209355,
    8.149999999972));
#64 = PCURVE('',#65,#70);
#65 = CYLINDRICAL_SURFACE('',#66,7.1);
#66 = AXIS2_PLACEMENT_3D('',#67,#68,#69);
#67 = CARTESIAN_POINT('',(8.355394352776E-17,-6.533825790645,
    5.419999999972));
#68 = DIRECTION('',(4.177697176388E-17,-2.22044604925E-16,-1.));
#69 = DIRECTION('',(-1.,-9.276351190275E-33,-4.177697176388E-17));
#70 = DEFINITIONAL_REPRESENTATION('',(#71),#163);
#71 = B_SPLINE_CURVE_WITH_KNOTS('',3,(#72,#73,#74,#75,#76,#77,#78,#79,
    #80,#81,#82,#83,#84,#85,#86,#87,#88,#89,#90,#91,#92,#93,#94,#95,#96,
    #97,#98,#99,#100,#101,#102,#103,#104,#105,#106,#107,#108,#109,#110,
    #111,#112,#113,#114,#115,#116,#117,#118,#119,#120,#121,#122,#123,
    #124,#125,#126,#127,#128,#129,#130,#131,#132,#133,#134,#135,#136,
    #137,#138,#139,#140,#141,#142,#143,#144,#145,#146,#147,#148,#149,
    #150,#151,#152,#153,#154,#155,#156,#157,#158,#159,#160,#161,#162),
  .UNSPECIFIED.,.F.,.F.,(4,1,1,1,1,1,1,1,1,1,1,1,1,1,1,1,1,1,1,1,1,1,1,1
    ,1,1,1,1,1,1,1,1,1,1,1,1,1,1,1,1,1,1,1,1,1,1,1,1,1,1,1,1,1,1,1,1,1,1
    ,1,1,1,1,1,1,1,1,1,1,1,1,1,1,1,1,1,1,1,1,1,1,1,1,1,1,1,1,1,1,4),(
    -1.417232140262E-02,-1.401127229577E-02,-1.385022318892E-02,
    -1.368917408208E-02,-1.352812497523E-02,-1.336707586838E-02,
    -1.320602676153E-02,-1.304497765468E-02,-1.288392854784E-02,
    -1.272287944099E-02,-1.256183033414E-02,-1.240078122729E-02,
    -1.223973212044E-02,-1.20786830136E-02,-1.191763390675E-02,
    -1.17565847999E-02,-1.159553569305E-02,-1.14344865862E-02,
    -1.127343747936E-02,-1.111238837251E-02,-1.095133926566E-02,
    -1.079029015881E-02,-1.062924105196E-02,-1.046819194512E-02,
    -1.030714283827E-02,-1.014609373142E-02,-9.985044624573E-03,
    -9.823995517725E-03,-9.662946410877E-03,-9.501897304029E-03,
    -9.340848197181E-03,-9.179799090333E-03,-9.018749983485E-03,
    -8.857700876637E-03,-8.69665176979E-03,-8.535602662942E-03,
    -8.374553556094E-03,-8.213504449246E-03,-8.052455342398E-03,
    -7.89140623555E-03,-7.730357128702E-03,-7.569308021854E-03,
    -7.408258915006E-03,-7.247209808158E-03,-7.08616070131E-03,
    -6.925111594462E-03,-6.764062487614E-03,-6.603013380766E-03,
    -6.441964273918E-03,-6.28091516707E-03,-6.119866060222E-03,
    -5.958816953374E-03,-5.797767846526E-03,-5.636718739678E-03,
    -5.47566963283E-03,-5.314620525982E-03,-5.153571419135E-03,
    -4.992522312287E-03,-4.831473205439E-03,-4.670424098591E-03,
    -4.509374991743E-03,-4.348325884895E-03,-4.187276778047E-03,
    -4.026227671199E-03,-3.865178564351E-03,-3.704129457503E-03,
    -3.543080350655E-03,-3.382031243807E-03,-3.220982136959E-03,
    -3.059933030111E-03,-2.898883923263E-03,-2.737834816415E-03,
    -2.576785709567E-03,-2.415736602719E-03,-2.254687495871E-03,
    -2.093638389023E-03,-1.932589282175E-03,-1.771540175327E-03,
    -1.61049106848E-03,-1.449441961632E-03,-1.288392854784E-03,
    -1.127343747936E-03,-9.662946410877E-04,-8.052455342398E-04,
    -6.441964273918E-04,-4.831473205439E-04,-3.220982136959E-04,
    -1.610491068479E-04,1.040834085586E-17),.UNSPECIFIED.);
#72 = CARTESIAN_POINT('',(1.570796326795,6.07));
#73 = CARTESIAN_POINT('',(1.578463311555,6.07));
#74 = CARTESIAN_POINT('',(1.593737831909,6.068001404978));
#75 = CARTESIAN_POINT('',(1.616485059983,6.059076257546));
#76 = CARTESIAN_POINT('',(1.639081693426,6.044291822474));
#77 = CARTESIAN_POINT('',(1.661541120325,6.023718037206));
#78 = CARTESIAN_POINT('',(1.683876450515,5.997417521359));
#79 = CARTESIAN_POINT('',(1.706099811934,5.965480195665));
#80 = CARTESIAN_POINT('',(1.728267594406,5.927677689068));
#81 = CARTESIAN_POINT('',(1.750298266382,5.884275065395));
#82 = CARTESIAN_POINT('',(1.772127366803,5.835476669196));
#83 = CARTESIAN_POINT('',(1.79369161634,5.781489314023));
#84 = CARTESIAN_POINT('',(1.814901739629,5.722570656693));
#85 = CARTESIAN_POINT('',(1.835769102686,5.658772511962));
#86 = CARTESIAN_POINT('',(1.856358850521,5.590070778456));
#87 = CARTESIAN_POINT('',(1.876633808916,5.516648535269));
#88 = CARTESIAN_POINT('',(1.896582763658,5.438633333811));
#89 = CARTESIAN_POINT('',(1.916186199261,5.356167655752));
#90 = CARTESIAN_POINT('',(1.93542563262,5.269389789406));
#91 = CARTESIAN_POINT('',(1.954281091703,5.178439866257));
#92 = CARTESIAN_POINT('',(1.972732397123,5.083454838464));
#93 = CARTESIAN_POINT('',(1.990757058552,4.984582532314));
#94 = CARTESIAN_POINT('',(2.008337873776,4.881930456905));
#95 = CARTESIAN_POINT('',(2.025435060843,4.775756515966));
#96 = CARTESIAN_POINT('',(2.042090507592,4.665757351891));
#97 = CARTESIAN_POINT('',(2.058324841946,4.551749583725));
#98 = CARTESIAN_POINT('',(2.074075705078,4.434110312243));
#99 = CARTESIAN_POINT('',(2.089301393982,4.313068972198));
#100 = CARTESIAN_POINT('',(2.103955591035,4.188885180708));
#101 = CARTESIAN_POINT('',(2.117985524003,4.061845491447));
#102 = CARTESIAN_POINT('',(2.131385246392,3.932080843667));
#103 = CARTESIAN_POINT('',(2.144141448697,3.799475689389));
#104 = CARTESIAN_POINT('',(2.156238800298,3.663972238899));
#105 = CARTESIAN_POINT('',(2.167662142774,3.525462111459));
#106 = CARTESIAN_POINT('',(2.178394030772,3.383981532173));
#107 = CARTESIAN_POINT('',(2.188422521595,3.239038893792));
#108 = CARTESIAN_POINT('',(2.197696099347,3.090731693104));
#109 = CARTESIAN_POINT('',(2.206157043033,2.939681286279));
#110 = CARTESIAN_POINT('',(2.213748046211,2.786378329042));
#111 = CARTESIAN_POINT('',(2.220414136989,2.631312419527));
#112 = CARTESIAN_POINT('',(2.226088606907,2.475108086672));
#113 = CARTESIAN_POINT('',(2.230787144403,2.317430105827));
#114 = CARTESIAN_POINT('',(2.234487207426,2.158318719788));
#115 = CARTESIAN_POINT('',(2.237167591955,1.997474776317));
#116 = CARTESIAN_POINT('',(2.238801500129,1.834883112816));
#117 = CARTESIAN_POINT('',(2.239360787634,1.671885887544));
#118 = CARTESIAN_POINT('',(2.238835191482,1.50976173938));
#119 = CARTESIAN_POINT('',(2.237254677236,1.34872795));
#120 = CARTESIAN_POINT('',(2.23463045474,1.188708642231));
#121 = CARTESIAN_POINT('',(2.230978529156,1.029701190736));
#122 = CARTESIAN_POINT('',(2.226314121407,0.871703121683));
#123 = CARTESIAN_POINT('',(2.220650388488,0.714638103383));
#124 = CARTESIAN_POINT('',(2.213989448362,0.558560147193));
#125 = CARTESIAN_POINT('',(2.206415886812,0.404693136792));
#126 = CARTESIAN_POINT('',(2.198004183714,0.254074585139));
#127 = CARTESIAN_POINT('',(2.188774931637,0.10619265742));
#128 = CARTESIAN_POINT('',(2.178762768704,-3.89017407126E-02));
#129 = CARTESIAN_POINT('',(2.167967122495,-0.181564014156));
#130 = CARTESIAN_POINT('',(2.156411927849,-0.321747986006));
#131 = CARTESIAN_POINT('',(2.144154327992,-0.459112235106));
#132 = CARTESIAN_POINT('',(2.131242338338,-0.593388651517));
#133 = CARTESIAN_POINT('',(2.117723981243,-0.724311124676));
#134 = CARTESIAN_POINT('',(2.103652647065,-0.851532235296));
#135 = CARTESIAN_POINT('',(2.08904394802,-0.975300369402));
#136 = CARTESIAN_POINT('',(2.073899328003,-1.09565515685));
#137 = CARTESIAN_POINT('',(2.058222510702,-1.212648631647));
#138 = CARTESIAN_POINT('',(2.042019216842,-1.326300542841));
#139 = CARTESIAN_POINT('',(2.025280281283,-1.436747375166));
#140 = CARTESIAN_POINT('',(2.008049406159,-1.543690955578));
#141 = CARTESIAN_POINT('',(1.99039744241,-1.64665978808));
#142 = CARTESIAN_POINT('',(1.972340680052,-1.745618018287));
#143 = CARTESIAN_POINT('',(1.953909948384,-1.840409612694));
#144 = CARTESIAN_POINT('',(1.935128410471,-1.930923612664));
#145 = CARTESIAN_POINT('',(1.916030718853,-2.016988939208));
#146 = CARTESIAN_POINT('',(1.896570037195,-2.098861513919));
#147 = CARTESIAN_POINT('',(1.876735326065,-2.176440076272));
#148 = CARTESIAN_POINT('',(1.856508173772,-2.249673591794));
#149 = CARTESIAN_POINT('',(1.835886471828,-2.318450457622));
#150 = CARTESIAN_POINT('',(1.814804402103,-2.382851118396));
#151 = CARTESIAN_POINT('',(1.793429115971,-2.442248397138));
#152 = CARTESIAN_POINT('',(1.771942488317,-2.496074264341));
#153 = CARTESIAN_POINT('',(1.750292006031,-2.544467345166));
#154 = CARTESIAN_POINT('',(1.728487911037,-2.587377601583));
#155 = CARTESIAN_POINT('',(1.706521174366,-2.624802993653));
#156 = CARTESIAN_POINT('',(1.684394438439,-2.656738152269));
#157 = CARTESIAN_POINT('',(1.662022668466,-2.68314775062));
#158 = CARTESIAN_POINT('',(1.639449962697,-2.703898401304));
#159 = CARTESIAN_POINT('',(1.616703303095,-2.718874437516));
#160 = CARTESIAN_POINT('',(1.593813792307,-2.727955442599));
#161 = CARTESIAN_POINT('',(1.578478185614,-2.73));
#162 = CARTESIAN_POINT('',(1.570796326795,-2.73));
#163 = ( GEOMETRIC_REPRESENTATION_CONTEXT(2) 
PARAMETRIC_REPRESENTATION_CONTEXT() REPRESENTATION_CONTEXT('2D SPACE',''
  ) );
#164 = PCURVE('',#165,#170);
#165 = CYLINDRICAL_SURFACE('',#166,4.4);
#166 = AXIS2_PLACEMENT_3D('',#167,#168,#169);
#167 = CARTESIAN_POINT('',(4.440892098501E-16,-2.273825790645,
    3.749999999972));
#168 = DIRECTION('',(4.523819939065E-48,-1.,1.349682892682E-16));
#169 = DIRECTION('',(-3.939175729889E-64,-1.349682892682E-16,-1.));
#170 = DEFINITIONAL_REPRESENTATION('',(#171),#263);
#171 = B_SPLINE_CURVE_WITH_KNOTS('',3,(#172,#173,#174,#175,#176,#177,
    #178,#179,#180,#181,#182,#183,#184,#185,#186,#187,#188,#189,#190,
    #191,#192,#193,#194,#195,#196,#197,#198,#199,#200,#201,#202,#203,
    #204,#205,#206,#207,#208,#209,#210,#211,#212,#213,#214,#215,#216,
    #217,#218,#219,#220,#221,#222,#223,#224,#225,#226,#227,#228,#229,
    #230,#231,#232,#233,#234,#235,#236,#237,#238,#239,#240,#241,#242,
    #243,#244,#245,#246,#247,#248,#249,#250,#251,#252,#253,#254,#255,
    #256,#257,#258,#259,#260,#261,#262),.UNSPECIFIED.,.F.,.F.,(4,1,1,1,1
    ,1,1,1,1,1,1,1,1,1,1,1,1,1,1,1,1,1,1,1,1,1,1,1,1,1,1,1,1,1,1,1,1,1,1
    ,1,1,1,1,1,1,1,1,1,1,1,1,1,1,1,1,1,1,1,1,1,1,1,1,1,1,1,1,1,1,1,1,1,1
    ,1,1,1,1,1,1,1,1,1,1,1,1,1,1,1,4),(-1.417232140262E-02,
    -1.401127229577E-02,-1.385022318892E-02,-1.368917408208E-02,
    -1.352812497523E-02,-1.336707586838E-02,-1.320602676153E-02,
    -1.304497765468E-02,-1.288392854784E-02,-1.272287944099E-02,
    -1.256183033414E-02,-1.240078122729E-02,-1.223973212044E-02,
    -1.20786830136E-02,-1.191763390675E-02,-1.17565847999E-02,
    -1.159553569305E-02,-1.14344865862E-02,-1.127343747936E-02,
    -1.111238837251E-02,-1.095133926566E-02,-1.079029015881E-02,
    -1.062924105196E-02,-1.046819194512E-02,-1.030714283827E-02,
    -1.014609373142E-02,-9.985044624573E-03,-9.823995517725E-03,
    -9.662946410877E-03,-9.501897304029E-03,-9.340848197181E-03,
    -9.179799090333E-03,-9.018749983485E-03,-8.857700876637E-03,
    -8.69665176979E-03,-8.535602662942E-03,-8.374553556094E-03,
    -8.213504449246E-03,-8.052455342398E-03,-7.89140623555E-03,
    -7.730357128702E-03,-7.569308021854E-03,-7.408258915006E-03,
    -7.247209808158E-03,-7.08616070131E-03,-6.925111594462E-03,
    -6.764062487614E-03,-6.603013380766E-03,-6.441964273918E-03,
    -6.28091516707E-03,-6.119866060222E-03,-5.958816953374E-03,
    -5.797767846526E-03,-5.636718739678E-03,-5.47566963283E-03,
    -5.314620525982E-03,-5.153571419135E-03,-4.992522312287E-03,
    -4.831473205439E-03,-4.670424098591E-03,-4.509374991743E-03,
    -4.348325884895E-03,-4.187276778047E-03,-4.026227671199E-03,
    -3.865178564351E-03,-3.704129457503E-03,-3.543080350655E-03,
    -3.382031243807E-03,-3.220982136959E-03,-3.059933030111E-03,
    -2.898883923263E-03,-2.737834816415E-03,-2.576785709567E-03,
    -2.415736602719E-03,-2.254687495871E-03,-2.093638389023E-03,
    -1.932589282175E-03,-1.771540175327E-03,-1.61049106848E-03,
    -1.449441961632E-03,-1.288392854784E-03,-1.127343747936E-03,
    -9.662946410877E-04,-8.052455342398E-04,-6.441964273918E-04,
    -4.831473205439E-04,-3.220982136959E-04,-1.610491068479E-04,
    1.040834085586E-17),.UNSPECIFIED.);
#172 = CARTESIAN_POINT('',(0.,-2.84));
#173 = CARTESIAN_POINT('',(1.237173326605E-02,-2.84));
#174 = CARTESIAN_POINT('',(3.701923070337E-02,-2.838754050738));
#175 = CARTESIAN_POINT('',(7.375529430004E-02,-2.833214229954));
#176 = CARTESIAN_POINT('',(0.110309241511,-2.824070253715));
#177 = CARTESIAN_POINT('',(0.14673294344,-2.811389596565));
#178 = CARTESIAN_POINT('',(0.183077616478,-2.795237010076));
#179 = CARTESIAN_POINT('',(0.219390633562,-2.775687404601));
#180 = CARTESIAN_POINT('',(0.255800613584,-2.752655431283));
#181 = CARTESIAN_POINT('',(0.292203415249,-2.726376268735));
#182 = CARTESIAN_POINT('',(0.328522502088,-2.697043800846));
#183 = CARTESIAN_POINT('',(0.364683125557,-2.664852397174));
#184 = CARTESIAN_POINT('',(0.400568896595,-2.63003577933));
#185 = CARTESIAN_POINT('',(0.436229234332,-2.59266977504));
#186 = CARTESIAN_POINT('',(0.471802046221,-2.552837867134));
#187 = CARTESIAN_POINT('',(0.50725871374,-2.510782348466));
#188 = CARTESIAN_POINT('',(0.542613469788,-2.466702953336));
#189 = CARTESIAN_POINT('',(0.577867483417,-2.420810840241));
#190 = CARTESIAN_POINT('',(0.613024138151,-2.373314029442));
#191 = CARTESIAN_POINT('',(0.648084878555,-2.324421669946));
#192 = CARTESIAN_POINT('',(0.683051632764,-2.274341534007));
#193 = CARTESIAN_POINT('',(0.717922397909,-2.223285772152));
#194 = CARTESIAN_POINT('',(0.752707625061,-2.171450398569));
#195 = CARTESIAN_POINT('',(0.787370262246,-2.119091594529));
#196 = CARTESIAN_POINT('',(0.822050376712,-2.066241009304));
#197 = CARTESIAN_POINT('',(0.85685160647,-2.013040245351));
#198 = CARTESIAN_POINT('',(0.891699919831,-1.959855039185));
#199 = CARTESIAN_POINT('',(0.926567479894,-1.906992353028));
#200 = CARTESIAN_POINT('',(0.961417603202,-1.854770112215));
#201 = CARTESIAN_POINT('',(0.996204954544,-1.803521163923));
#202 = CARTESIAN_POINT('',(1.030954475129,-1.75346564372));
#203 = CARTESIAN_POINT('',(1.065729359728,-1.70480870983));
#204 = CARTESIAN_POINT('',(1.100582607574,-1.657764186188));
#205 = CARTESIAN_POINT('',(1.135578661321,-1.612541539437));
#206 = CARTESIAN_POINT('',(1.170751330836,-1.569358999676));
#207 = CARTESIAN_POINT('',(1.20624754639,-1.52840410047));
#208 = CARTESIAN_POINT('',(1.242074279525,-1.490014190336));
#209 = CARTESIAN_POINT('',(1.278125127983,-1.454556026208));
#210 = CARTESIAN_POINT('',(1.314321821118,-1.422392109999));
#211 = CARTESIAN_POINT('',(1.350588851721,-1.393872555278));
#212 = CARTESIAN_POINT('',(1.386821240563,-1.369401284019));
#213 = CARTESIAN_POINT('',(1.423149931436,-1.34900456205));
#214 = CARTESIAN_POINT('',(1.459610645818,-1.332848226966));
#215 = CARTESIAN_POINT('',(1.496317977475,-1.321102132917));
#216 = CARTESIAN_POINT('',(1.533322539851,-1.313923023831));
#217 = CARTESIAN_POINT('',(1.57036785961,-1.311452847739));
#218 = CARTESIAN_POINT('',(1.60721389093,-1.313783924705));
#219 = CARTESIAN_POINT('',(1.64386054358,-1.320755927567));
#220 = CARTESIAN_POINT('',(1.680374012358,-1.332265238335));
#221 = CARTESIAN_POINT('',(1.716803411527,-1.348194576073));
#222 = CARTESIAN_POINT('',(1.753197056795,-1.368424602454));
#223 = CARTESIAN_POINT('',(1.789618153464,-1.39285787166));
#224 = CARTESIAN_POINT('',(1.82610676426,-1.421360380688));
#225 = CARTESIAN_POINT('',(1.862419269116,-1.453459168288));
#226 = CARTESIAN_POINT('',(1.898354781363,-1.488727441191));
#227 = CARTESIAN_POINT('',(1.934069105462,-1.526953996219));
#228 = CARTESIAN_POINT('',(1.969587815569,-1.567866034971));
#229 = CARTESIAN_POINT('',(2.005039383183,-1.611319588231));
#230 = CARTESIAN_POINT('',(2.040455069262,-1.657066905952));
#231 = CARTESIAN_POINT('',(2.075784153971,-1.704737542663));
#232 = CARTESIAN_POINT('',(2.110994657825,-1.75399190217));
#233 = CARTESIAN_POINT('',(2.146053736892,-1.804489686603));
#234 = CARTESIAN_POINT('',(2.180909316776,-1.855862555508));
#235 = CARTESIAN_POINT('',(2.215645604853,-1.90792214632));
#236 = CARTESIAN_POINT('',(2.250319309787,-1.96049943847));
#237 = CARTESIAN_POINT('',(2.284987964434,-2.013416929738));
#238 = CARTESIAN_POINT('',(2.319701042006,-2.066486339039));
#239 = CARTESIAN_POINT('',(2.354540469632,-2.119570982404));
#240 = CARTESIAN_POINT('',(2.389464650021,-2.172338566262));
#241 = CARTESIAN_POINT('',(2.424373665976,-2.224407052143));
#242 = CARTESIAN_POINT('',(2.459290353318,-2.275590968153));
#243 = CARTESIAN_POINT('',(2.4942029995,-2.325649895877));
#244 = CARTESIAN_POINT('',(2.529114177611,-2.374366636412));
#245 = CARTESIAN_POINT('',(2.564004206755,-2.421486059332));
#246 = CARTESIAN_POINT('',(2.599004236714,-2.467012811426));
#247 = CARTESIAN_POINT('',(2.634160487534,-2.510787301358));
#248 = CARTESIAN_POINT('',(2.669535766501,-2.552671671344));
#249 = CARTESIAN_POINT('',(2.705164357428,-2.59249416198));
#250 = CARTESIAN_POINT('',(2.741189256036,-2.630196886792));
#251 = CARTESIAN_POINT('',(2.777355407031,-2.665300369198));
#252 = CARTESIAN_POINT('',(2.813386926454,-2.697392637031));
#253 = CARTESIAN_POINT('',(2.849407396605,-2.726483033799));
#254 = CARTESIAN_POINT('',(2.885432896798,-2.752467990613));
#255 = CARTESIAN_POINT('',(2.921511256143,-2.775274272501));
#256 = CARTESIAN_POINT('',(2.957670438152,-2.794820221216));
#257 = CARTESIAN_POINT('',(2.994076040441,-2.811039021674));
#258 = CARTESIAN_POINT('',(3.030685350538,-2.823828025139));
#259 = CARTESIAN_POINT('',(3.067483829121,-2.833089847998));
#260 = CARTESIAN_POINT('',(3.104450760466,-2.838725695366));
#261 = CARTESIAN_POINT('',(3.129197012103,-2.84));
#262 = CARTESIAN_POINT('',(3.14159265359,-2.84));
#263 = ( GEOMETRIC_REPRESENTATION_CONTEXT(2) 
PARAMETRIC_REPRESENTATION_CONTEXT() REPRESENTATION_CONTEXT('2D SPACE',''
  ) );
#264 = ORIENTED_EDGE('',*,*,#265,.T.);
#265 = EDGE_CURVE('',#24,#22,#266,.T.);
#266 = SURFACE_CURVE('',#267,(#302,#375),.PCURVE_S1.);
#267 = B_SPLINE_CURVE_WITH_KNOTS('',3,(#268,#269,#270,#271,#272,#273,
    #274,#275,#276,#277,#278,#279,#280,#281,#282,#283,#284,#285,#286,
    #287,#288,#289,#290,#291,#292,#293,#294,#295,#296,#297,#298,#299,
    #300,#301),.UNSPECIFIED.,.F.,.F.,(4,2,2,2,2,2,2,2,2,2,2,2,2,2,2,2,4)
  ,(9.812029660994E-18,8.843819453649E-04,1.76876389073E-03,
    2.653145836095E-03,3.53752778146E-03,4.421909726825E-03,
    5.306291672189E-03,6.190673617554E-03,7.075055562919E-03,
    7.959437508284E-03,8.843819453649E-03,9.728201399014E-03,
    1.061258334438E-02,1.149696528974E-02,1.238134723511E-02,
    1.326572918047E-02,1.415011112584E-02),.UNSPECIFIED.);
#268 = CARTESIAN_POINT('',(9.829338014749E-16,0.566174209355,
    8.149999999972));
#269 = CARTESIAN_POINT('',(-0.299509046688,0.566174209355,8.149999999972
    ));
#270 = CARTESIAN_POINT('',(-0.59261712049,0.547315259015,8.119749076273)
  );
#271 = CARTESIAN_POINT('',(-1.166960600748,0.475593341707,8.002541004787
    ));
#272 = CARTESIAN_POINT('',(-1.450603646803,0.421795122595,7.91400549238)
  );
#273 = CARTESIAN_POINT('',(-1.981776942701,0.289477909045,7.689004040374
    ));
#274 = CARTESIAN_POINT('',(-2.232225652095,0.210857370963,7.552465310132
    ));
#275 = CARTESIAN_POINT('',(-2.705070851692,3.551009661675E-02,
    7.231977237715));
#276 = CARTESIAN_POINT('',(-2.921083523856,-5.883866749425E-02,
    7.052333824972));
#277 = CARTESIAN_POINT('',(-3.315505638908,-0.251659798195,
    6.656124567752));
#278 = CARTESIAN_POINT('',(-3.495579363698,-0.351248740848,
    6.436956862469));
#279 = CARTESIAN_POINT('',(-3.80871872617,-0.539078445718,5.970917363079
    ));
#280 = CARTESIAN_POINT('',(-3.942563900875,-0.627521973943,
    5.724187092915));
#281 = CARTESIAN_POINT('',(-4.164298232679,-0.781708344263,
    5.199084200331));
#282 = CARTESIAN_POINT('',(-4.252368123709,-0.84763393637,4.917275825752
    ));
#283 = CARTESIAN_POINT('',(-4.369281856987,-0.936970556019,
    4.345435611259));
#284 = CARTESIAN_POINT('',(-4.399799883491,-0.961415087042,
    4.052902461213));
#285 = CARTESIAN_POINT('',(-4.400198177361,-0.961729590441,
    3.452939541926));
#286 = CARTESIAN_POINT('',(-4.37004804574,-0.937573430168,3.160080708798
    ));
#287 = CARTESIAN_POINT('',(-4.253714579283,-0.848645698315,2.58757281078
    ));
#288 = CARTESIAN_POINT('',(-4.166072239858,-0.7829877928,2.305814841214)
  );
#289 = CARTESIAN_POINT('',(-3.944011872113,-0.628483638169,
    1.778554075496));
#290 = CARTESIAN_POINT('',(-3.808969835229,-0.539183548602,
    1.529189591386));
#291 = CARTESIAN_POINT('',(-3.492739056406,-0.349590939055,
    1.059084921338));
#292 = CARTESIAN_POINT('',(-3.315146990855,-0.251463216985,0.8434443732)
  );
#293 = CARTESIAN_POINT('',(-2.920332237764,-5.849269504526E-02,
    0.446982469959));
#294 = CARTESIAN_POINT('',(-2.700463797981,3.731737534774E-02,
    0.264668540726));
#295 = CARTESIAN_POINT('',(-2.231868555439,0.210889917479,
    -5.247325519446E-02));
#296 = CARTESIAN_POINT('',(-1.982975498902,0.289105598199,
    -0.188357051699));
#297 = CARTESIAN_POINT('',(-1.453003172802,0.42127063902,-0.413127415268
    ));
#298 = CARTESIAN_POINT('',(-1.168705027906,0.475319655441,
    -0.502091399547));
#299 = CARTESIAN_POINT('',(-0.59356078539,0.547253005746,-0.619649677767
    ));
#300 = CARTESIAN_POINT('',(-0.298927725012,0.566174209355,
    -0.650000000028));
#301 = CARTESIAN_POINT('',(-2.036659280149E-16,0.566174209355,
    -0.650000000028));
#302 = PCURVE('',#65,#303);
#303 = DEFINITIONAL_REPRESENTATION('',(#304),#374);
#304 = B_SPLINE_CURVE_WITH_KNOTS('',3,(#305,#306,#307,#308,#309,#310,
    #311,#312,#313,#314,#315,#316,#317,#318,#319,#320,#321,#322,#323,
    #324,#325,#326,#327,#328,#329,#330,#331,#332,#333,#334,#335,#336,
    #337,#338,#339,#340,#341,#342,#343,#344,#345,#346,#347,#348,#349,
    #350,#351,#352,#353,#354,#355,#356,#357,#358,#359,#360,#361,#362,
    #363,#364,#365,#366,#367,#368,#369,#370,#371,#372,#373),
  .UNSPECIFIED.,.F.,.F.,(4,1,1,1,1,1,1,1,1,1,1,1,1,1,1,1,1,1,1,1,1,1,1,1
    ,1,1,1,1,1,1,1,1,1,1,1,1,1,1,1,1,1,1,1,1,1,1,1,1,1,1,1,1,1,1,1,1,1,1
    ,1,1,1,1,1,1,1,1,4),(9.812029660994E-18,2.143956231188E-04,
    4.287912462376E-04,6.431868693564E-04,8.575824924752E-04,
    1.071978115594E-03,1.286373738713E-03,1.500769361832E-03,
    1.71516498495E-03,1.929560608069E-03,2.143956231188E-03,
    2.358351854307E-03,2.572747477425E-03,2.787143100544E-03,
    3.001538723663E-03,3.215934346782E-03,3.430329969901E-03,
    3.644725593019E-03,3.859121216138E-03,4.073516839257E-03,
    4.287912462376E-03,4.502308085495E-03,4.716703708613E-03,
    4.931099331732E-03,5.145494954851E-03,5.35989057797E-03,
    5.574286201088E-03,5.788681824207E-03,6.003077447326E-03,
    6.217473070445E-03,6.431868693564E-03,6.646264316682E-03,
    6.860659939801E-03,7.07505556292E-03,7.289451186039E-03,
    7.503846809158E-03,7.718242432276E-03,7.932638055395E-03,
    8.147033678514E-03,8.361429301633E-03,8.575824924752E-03,
    8.79022054787E-03,9.004616170989E-03,9.219011794108E-03,
    9.433407417227E-03,9.647803040345E-03,9.862198663464E-03,
    1.007659428658E-02,1.02909899097E-02,1.050538553282E-02,
    1.071978115594E-02,1.093417677906E-02,1.114857240218E-02,
    1.13629680253E-02,1.157736364841E-02,1.179175927153E-02,
    1.200615489465E-02,1.222055051777E-02,1.243494614089E-02,
    1.264934176401E-02,1.286373738713E-02,1.307813301025E-02,
    1.329252863336E-02,1.350692425648E-02,1.37213198796E-02,
    1.393571550272E-02,1.415011112584E-02),.QUASI_UNIFORM_KNOTS.);
#305 = CARTESIAN_POINT('',(1.570796326795,-2.73));
#306 = CARTESIAN_POINT('',(1.560569912344,-2.73));
#307 = CARTESIAN_POINT('',(1.540222515515,-2.726443702054));
#308 = CARTESIAN_POINT('',(1.50998692653,-2.710608296172));
#309 = CARTESIAN_POINT('',(1.479999772986,-2.684417048697));
#310 = CARTESIAN_POINT('',(1.450245967056,-2.64809493826));
#311 = CARTESIAN_POINT('',(1.420636916892,-2.601570315951));
#312 = CARTESIAN_POINT('',(1.391201815698,-2.544832824408));
#313 = CARTESIAN_POINT('',(1.36213135241,-2.478527561826));
#314 = CARTESIAN_POINT('',(1.33357981662,-2.403117806685));
#315 = CARTESIAN_POINT('',(1.305705115623,-2.319165428701));
#316 = CARTESIAN_POINT('',(1.278374134741,-2.226773275057));
#317 = CARTESIAN_POINT('',(1.251587753923,-2.125950849848));
#318 = CARTESIAN_POINT('',(1.225319507943,-2.016730641629));
#319 = CARTESIAN_POINT('',(1.199555800424,-1.899143832222));
#320 = CARTESIAN_POINT('',(1.174669567997,-1.774995791514));
#321 = CARTESIAN_POINT('',(1.150582377226,-1.644078883744));
#322 = CARTESIAN_POINT('',(1.127301850461,-1.506537284524));
#323 = CARTESIAN_POINT('',(1.104816958716,-1.362483107492));
#324 = CARTESIAN_POINT('',(1.083061843649,-1.211183835321));
#325 = CARTESIAN_POINT('',(1.062166294998,-1.053418701794));
#326 = CARTESIAN_POINT('',(1.042230168087,-0.889746686683));
#327 = CARTESIAN_POINT('',(1.02338062182,-0.72085115805));
#328 = CARTESIAN_POINT('',(1.00565791188,-0.547117216815));
#329 = CARTESIAN_POINT('',(0.989087437063,-0.368294077803));
#330 = CARTESIAN_POINT('',(0.973708473443,-0.18417025388));
#331 = CARTESIAN_POINT('',(0.959556586604,5.240071401358E-03));
#332 = CARTESIAN_POINT('',(0.946678552258,0.201068804311));
#333 = CARTESIAN_POINT('',(0.93521812426,0.402070638582));
#334 = CARTESIAN_POINT('',(0.925303460412,0.606993673146));
#335 = CARTESIAN_POINT('',(0.917096149467,0.814322884501));
#336 = CARTESIAN_POINT('',(0.910641207652,1.023646345737));
#337 = CARTESIAN_POINT('',(0.905948509829,1.235520709288));
#338 = CARTESIAN_POINT('',(0.903082013554,1.449670401848));
#339 = CARTESIAN_POINT('',(0.902091003495,1.667069470513));
#340 = CARTESIAN_POINT('',(0.903030590935,1.884525706522));
#341 = CARTESIAN_POINT('',(0.905849143259,2.098821278383));
#342 = CARTESIAN_POINT('',(0.910497187145,2.310898529735));
#343 = CARTESIAN_POINT('',(0.916913291358,2.520471466326));
#344 = CARTESIAN_POINT('',(0.9250828967,2.728007270343));
#345 = CARTESIAN_POINT('',(0.934959171979,2.933086505448));
#346 = CARTESIAN_POINT('',(0.946394633651,3.134362107661));
#347 = CARTESIAN_POINT('',(0.959269103083,3.330687371276));
#348 = CARTESIAN_POINT('',(0.973456082832,3.521004564849));
#349 = CARTESIAN_POINT('',(0.988929278312,3.706487495749));
#350 = CARTESIAN_POINT('',(1.005633821844,3.88687818612));
#351 = CARTESIAN_POINT('',(1.023524490756,4.062248190974));
#352 = CARTESIAN_POINT('',(1.042551596462,4.232545546435));
#353 = CARTESIAN_POINT('',(1.062447357198,4.395818293626));
#354 = CARTESIAN_POINT('',(1.0832355796,4.552602239705));
#355 = CARTESIAN_POINT('',(1.10489033493,4.702965175548));
#356 = CARTESIAN_POINT('',(1.127395565088,4.847127049063));
#357 = CARTESIAN_POINT('',(1.150850238771,4.985456908767));
#358 = CARTESIAN_POINT('',(1.175109579836,5.117133483589));
#359 = CARTESIAN_POINT('',(1.200069407521,5.241558616599));
#360 = CARTESIAN_POINT('',(1.225602463995,5.357932265643));
#361 = CARTESIAN_POINT('',(1.251663948567,5.466227516357));
#362 = CARTESIAN_POINT('',(1.278286439322,5.566442660741));
#363 = CARTESIAN_POINT('',(1.305496312093,5.658485165103));
#364 = CARTESIAN_POINT('',(1.333295338821,5.742310649024));
#365 = CARTESIAN_POINT('',(1.361830632909,5.817770113098));
#366 = CARTESIAN_POINT('',(1.390924577597,5.884230407834));
#367 = CARTESIAN_POINT('',(1.420407711083,5.941164791066));
#368 = CARTESIAN_POINT('',(1.450055764878,5.987844322494));
#369 = CARTESIAN_POINT('',(1.479879170773,6.02427228073));
#370 = CARTESIAN_POINT('',(1.509953113399,6.050546329896));
#371 = CARTESIAN_POINT('',(1.540247103001,6.066431942853));
#372 = CARTESIAN_POINT('',(1.560589775704,6.07));
#373 = CARTESIAN_POINT('',(1.570796326795,6.07));
#374 = ( GEOMETRIC_REPRESENTATION_CONTEXT(2) 
PARAMETRIC_REPRESENTATION_CONTEXT() REPRESENTATION_CONTEXT('2D SPACE',''
  ) );
#375 = PCURVE('',#376,#381);
#376 = CYLINDRICAL_SURFACE('',#377,4.4);
#377 = AXIS2_PLACEMENT_3D('',#378,#379,#380);
#378 = CARTESIAN_POINT('',(4.440892098501E-16,-2.273825790645,
    3.749999999972));
#379 = DIRECTION('',(4.523819939065E-48,-1.,1.349682892682E-16));
#380 = DIRECTION('',(-3.939175729889E-64,-1.349682892682E-16,-1.));
#381 = DEFINITIONAL_REPRESENTATION('',(#382),#452);
#382 = B_SPLINE_CURVE_WITH_KNOTS('',3,(#383,#384,#385,#386,#387,#388,
    #389,#390,#391,#392,#393,#394,#395,#396,#397,#398,#399,#400,#401,
    #402,#403,#404,#405,#406,#407,#408,#409,#410,#411,#412,#413,#414,
    #415,#416,#417,#418,#419,#420,#421,#422,#423,#424,#425,#426,#427,
    #428,#429,#430,#431,#432,#433,#434,#435,#436,#437,#438,#439,#440,
    #441,#442,#443,#444,#445,#446,#447,#448,#449,#450,#451),
  .UNSPECIFIED.,.F.,.F.,(4,1,1,1,1,1,1,1,1,1,1,1,1,1,1,1,1,1,1,1,1,1,1,1
    ,1,1,1,1,1,1,1,1,1,1,1,1,1,1,1,1,1,1,1,1,1,1,1,1,1,1,1,1,1,1,1,1,1,1
    ,1,1,1,1,1,1,1,1,4),(9.812029660994E-18,2.143956231188E-04,
    4.287912462375E-04,6.431868693563E-04,8.575824924751E-04,
    1.071978115594E-03,1.286373738713E-03,1.500769361831E-03,
    1.71516498495E-03,1.929560608069E-03,2.143956231188E-03,
    2.358351854306E-03,2.572747477425E-03,2.787143100544E-03,
    3.001538723663E-03,3.215934346782E-03,3.4303299699E-03,
    3.644725593019E-03,3.859121216138E-03,4.073516839257E-03,
    4.287912462375E-03,4.502308085494E-03,4.716703708613E-03,
    4.931099331732E-03,5.14549495485E-03,5.359890577969E-03,
    5.574286201088E-03,5.788681824207E-03,6.003077447325E-03,
    6.217473070444E-03,6.431868693563E-03,6.646264316682E-03,
    6.860659939801E-03,7.075055562919E-03,7.289451186038E-03,
    7.503846809157E-03,7.718242432276E-03,7.932638055394E-03,
    8.147033678513E-03,8.361429301632E-03,8.575824924751E-03,
    8.790220547869E-03,9.004616170988E-03,9.219011794107E-03,
    9.433407417226E-03,9.647803040344E-03,9.862198663463E-03,
    1.007659428658E-02,1.02909899097E-02,1.050538553282E-02,
    1.071978115594E-02,1.093417677906E-02,1.114857240218E-02,
    1.136296802529E-02,1.157736364841E-02,1.179175927153E-02,
    1.200615489465E-02,1.222055051777E-02,1.243494614089E-02,
    1.264934176401E-02,1.286373738713E-02,1.307813301024E-02,
    1.329252863336E-02,1.350692425648E-02,1.37213198796E-02,
    1.393571550272E-02,1.415011112584E-02),.UNSPECIFIED.);
#383 = CARTESIAN_POINT('',(3.14159265359,-2.84));
#384 = CARTESIAN_POINT('',(3.158094353216,-2.84));
#385 = CARTESIAN_POINT('',(3.190927648119,-2.837782942474));
#386 = CARTESIAN_POINT('',(3.239788856245,-2.827968474189));
#387 = CARTESIAN_POINT('',(3.288393950132,-2.811813199526));
#388 = CARTESIAN_POINT('',(3.336836905682,-2.789514946488));
#389 = CARTESIAN_POINT('',(3.385333716308,-2.761086748498));
#390 = CARTESIAN_POINT('',(3.433917096977,-2.726686616816));
#391 = CARTESIAN_POINT('',(3.48234117629,-2.686873157161));
#392 = CARTESIAN_POINT('',(3.530423413432,-2.642098220124));
#393 = CARTESIAN_POINT('',(3.577974111954,-2.592856162127));
#394 = CARTESIAN_POINT('',(3.625277731221,-2.539439462448));
#395 = CARTESIAN_POINT('',(3.672423728721,-2.482137815658));
#396 = CARTESIAN_POINT('',(3.719544742376,-2.421244528117));
#397 = CARTESIAN_POINT('',(3.766753916774,-2.357045061573));
#398 = CARTESIAN_POINT('',(3.813460247929,-2.290860415165));
#399 = CARTESIAN_POINT('',(3.859899951049,-2.222930618616));
#400 = CARTESIAN_POINT('',(3.906157549595,-2.15368903564));
#401 = CARTESIAN_POINT('',(3.952342598252,-2.083528345204));
#402 = CARTESIAN_POINT('',(3.99874976387,-2.012560635207));
#403 = CARTESIAN_POINT('',(4.045243478466,-1.941626404348));
#404 = CARTESIAN_POINT('',(4.091753568343,-1.871451389387));
#405 = CARTESIAN_POINT('',(4.138168024603,-1.802832553671));
#406 = CARTESIAN_POINT('',(4.184509434859,-1.736353148626));
#407 = CARTESIAN_POINT('',(4.230929308551,-1.672488018441));
#408 = CARTESIAN_POINT('',(4.27756844549,-1.611748137268));
#409 = CARTESIAN_POINT('',(4.324524367267,-1.554630098793));
#410 = CARTESIAN_POINT('',(4.372131222006,-1.501645430036));
#411 = CARTESIAN_POINT('',(4.420182794442,-1.453687081974));
#412 = CARTESIAN_POINT('',(4.468476479394,-1.411586107092));
#413 = CARTESIAN_POINT('',(4.516747020355,-1.376300321571));
#414 = CARTESIAN_POINT('',(4.565016307939,-1.34832429647));
#415 = CARTESIAN_POINT('',(4.613523415865,-1.32783401058));
#416 = CARTESIAN_POINT('',(4.662313481378,-1.315223185864));
#417 = CARTESIAN_POINT('',(4.711723219861,-1.310825115232));
#418 = CARTESIAN_POINT('',(4.761144337197,-1.314997064627));
#419 = CARTESIAN_POINT('',(4.809962991358,-1.327398701935));
#420 = CARTESIAN_POINT('',(4.85850884702,-1.347696996516));
#421 = CARTESIAN_POINT('',(4.906825382015,-1.375509886004));
#422 = CARTESIAN_POINT('',(4.955130799634,-1.410644133458));
#423 = CARTESIAN_POINT('',(5.00344463372,-1.452597729012));
#424 = CARTESIAN_POINT('',(5.05154402118,-1.500468991907));
#425 = CARTESIAN_POINT('',(5.099253452794,-1.553458490314));
#426 = CARTESIAN_POINT('',(5.146415276802,-1.610741883443));
#427 = CARTESIAN_POINT('',(5.19338604213,-1.671872194145));
#428 = CARTESIAN_POINT('',(5.240204949368,-1.736264713872));
#429 = CARTESIAN_POINT('',(5.286983542266,-1.803370787937));
#430 = CARTESIAN_POINT('',(5.333801801583,-1.87260934285));
#431 = CARTESIAN_POINT('',(5.380205444222,-1.942631312811));
#432 = CARTESIAN_POINT('',(5.42643104967,-2.01317014736));
#433 = CARTESIAN_POINT('',(5.472587555348,-2.083760874854));
#434 = CARTESIAN_POINT('',(5.518811217656,-2.153978842176));
#435 = CARTESIAN_POINT('',(5.565384613566,-2.223656290147));
#436 = CARTESIAN_POINT('',(5.612137156181,-2.292007215433));
#437 = CARTESIAN_POINT('',(5.658972521487,-2.358353276709));
#438 = CARTESIAN_POINT('',(5.705742933347,-2.421911861466));
#439 = CARTESIAN_POINT('',(5.752487296428,-2.482298774363));
#440 = CARTESIAN_POINT('',(5.799345709366,-2.539254426922));
#441 = CARTESIAN_POINT('',(5.846444278472,-2.59246152741));
#442 = CARTESIAN_POINT('',(5.893872331538,-2.641621597764));
#443 = CARTESIAN_POINT('',(5.941932314001,-2.686421876502));
#444 = CARTESIAN_POINT('',(5.990400447469,-2.726324466963));
#445 = CARTESIAN_POINT('',(6.039067379348,-2.760840245489));
#446 = CARTESIAN_POINT('',(6.087630926678,-2.789361169426));
#447 = CARTESIAN_POINT('',(6.136187672388,-2.811723934185));
#448 = CARTESIAN_POINT('',(6.184933877343,-2.827929988478));
#449 = CARTESIAN_POINT('',(6.233889931586,-2.837775581685));
#450 = CARTESIAN_POINT('',(6.266715695687,-2.84));
#451 = CARTESIAN_POINT('',(6.28318530718,-2.84));
#452 = ( GEOMETRIC_REPRESENTATION_CONTEXT(2) 
PARAMETRIC_REPRESENTATION_CONTEXT() REPRESENTATION_CONTEXT('2D SPACE',''
  ) );
#453 = FACE_BOUND('',#454,.T.);
#454 = EDGE_LOOP('',(#455,#490,#518,#551,#584,#617,#650,#683,#716,#749)
  );
#455 = ORIENTED_EDGE('',*,*,#456,.T.);
#456 = EDGE_CURVE('',#457,#459,#461,.T.);
#457 = VERTEX_POINT('',#458);
#458 = CARTESIAN_POINT('',(-7.1,-6.533825790645,14.049999999972));
#459 = VERTEX_POINT('',#460);
#460 = CARTESIAN_POINT('',(7.1,-6.533825790645,14.049999999972));
#461 = SURFACE_CURVE('',#462,(#467,#474),.PCURVE_S1.);
#462 = CIRCLE('',#463,7.1);
#463 = AXIS2_PLACEMENT_3D('',#464,#465,#466);
#464 = CARTESIAN_POINT('',(-2.769813227945E-16,-6.533825790645,
    14.049999999972));
#465 = DIRECTION('',(4.177697176388E-17,-2.22044604925E-16,-1.));
#466 = DIRECTION('',(-1.,-9.276351190275E-33,-4.177697176388E-17));
#467 = PCURVE('',#65,#468);
#468 = DEFINITIONAL_REPRESENTATION('',(#469),#473);
#469 = LINE('',#470,#471);
#470 = CARTESIAN_POINT('',(0.,-8.63));
#471 = VECTOR('',#472,1.);
#472 = DIRECTION('',(1.,0.));
#473 = ( GEOMETRIC_REPRESENTATION_CONTEXT(2) 
PARAMETRIC_REPRESENTATION_CONTEXT() REPRESENTATION_CONTEXT('2D SPACE',''
  ) );
#474 = PCURVE('',#475,#480);
#475 = PLANE('',#476);
#476 = AXIS2_PLACEMENT_3D('',#477,#478,#479);
#477 = CARTESIAN_POINT('',(-5.982,-6.533825790645,14.049999999972));
#478 = DIRECTION('',(-2.506051345239E-48,2.22044604925E-16,1.));
#479 = DIRECTION('',(0.,-1.,2.22044604925E-16));
#480 = DEFINITIONAL_REPRESENTATION('',(#481),#489);
#481 = ( BOUNDED_CURVE() B_SPLINE_CURVE(2,(#482,#483,#484,#485,#486,#487
,#488),.UNSPECIFIED.,.T.,.F.) B_SPLINE_CURVE_WITH_KNOTS((1,2,2,2,2,1),(
    -2.094395102393,0.,2.094395102393,4.188790204786,6.28318530718,
8.377580409573),.UNSPECIFIED.) CURVE() GEOMETRIC_REPRESENTATION_ITEM() 
RATIONAL_B_SPLINE_CURVE((1.,0.5,1.,0.5,1.,0.5,1.)) REPRESENTATION_ITEM(
  '') );
#482 = CARTESIAN_POINT('',(-1.7763568394E-15,-1.118));
#483 = CARTESIAN_POINT('',(-12.29756073373,-1.118));
#484 = CARTESIAN_POINT('',(-6.14878036687,9.532));
#485 = CARTESIAN_POINT('',(-3.515355294189E-15,20.182));
#486 = CARTESIAN_POINT('',(6.14878036687,9.532));
#487 = CARTESIAN_POINT('',(12.297560733739,-1.118));
#488 = CARTESIAN_POINT('',(-1.7763568394E-15,-1.118));
#489 = ( GEOMETRIC_REPRESENTATION_CONTEXT(2) 
PARAMETRIC_REPRESENTATION_CONTEXT() REPRESENTATION_CONTEXT('2D SPACE',''
  ) );
#490 = ORIENTED_EDGE('',*,*,#491,.T.);
#491 = EDGE_CURVE('',#459,#492,#494,.T.);
#492 = VERTEX_POINT('',#493);
#493 = CARTESIAN_POINT('',(7.1,-6.533825790645,-3.210000000028));
#494 = SURFACE_CURVE('',#495,(#499,#506),.PCURVE_S1.);
#495 = LINE('',#496,#497);
#496 = CARTESIAN_POINT('',(7.1,-6.533825790645,5.419999999972));
#497 = VECTOR('',#498,1.);
#498 = DIRECTION('',(4.177697176388E-17,-2.22044604925E-16,-1.));
#499 = PCURVE('',#65,#500);
#500 = DEFINITIONAL_REPRESENTATION('',(#501),#505);
#501 = LINE('',#502,#503);
#502 = CARTESIAN_POINT('',(3.14159265359,0.));
#503 = VECTOR('',#504,1.);
#504 = DIRECTION('',(0.,1.));
#505 = ( GEOMETRIC_REPRESENTATION_CONTEXT(2) 
PARAMETRIC_REPRESENTATION_CONTEXT() REPRESENTATION_CONTEXT('2D SPACE',''
  ) );
#506 = PCURVE('',#507,#512);
#507 = CYLINDRICAL_SURFACE('',#508,7.1);
#508 = AXIS2_PLACEMENT_3D('',#509,#510,#511);
#509 = CARTESIAN_POINT('',(8.355394352776E-17,-6.533825790645,
    5.419999999972));
#510 = DIRECTION('',(4.177697176388E-17,-2.22044604925E-16,-1.));
#511 = DIRECTION('',(-1.,-9.276351190275E-33,-4.177697176388E-17));
#512 = DEFINITIONAL_REPRESENTATION('',(#513),#517);
#513 = LINE('',#514,#515);
#514 = CARTESIAN_POINT('',(3.14159265359,0.));
#515 = VECTOR('',#516,1.);
#516 = DIRECTION('',(0.,1.));
#517 = ( GEOMETRIC_REPRESENTATION_CONTEXT(2) 
PARAMETRIC_REPRESENTATION_CONTEXT() REPRESENTATION_CONTEXT('2D SPACE',''
  ) );
#518 = ORIENTED_EDGE('',*,*,#519,.T.);
#519 = EDGE_CURVE('',#492,#520,#522,.T.);
#520 = VERTEX_POINT('',#521);
#521 = CARTESIAN_POINT('',(6.35,-3.357743298014,-3.210000000028));
#522 = SURFACE_CURVE('',#523,(#528,#535),.PCURVE_S1.);
#523 = CIRCLE('',#524,7.1);
#524 = AXIS2_PLACEMENT_3D('',#525,#526,#527);
#525 = CARTESIAN_POINT('',(4.440892098501E-16,-6.533825790645,
    -3.210000000028));
#526 = DIRECTION('',(-4.177697176388E-17,2.22044604925E-16,1.));
#527 = DIRECTION('',(-1.,-9.276351190275E-33,-4.177697176388E-17));
#528 = PCURVE('',#65,#529);
#529 = DEFINITIONAL_REPRESENTATION('',(#530),#534);
#530 = LINE('',#531,#532);
#531 = CARTESIAN_POINT('',(6.28318530718,8.63));
#532 = VECTOR('',#533,1.);
#533 = DIRECTION('',(-1.,0.));
#534 = ( GEOMETRIC_REPRESENTATION_CONTEXT(2) 
PARAMETRIC_REPRESENTATION_CONTEXT() REPRESENTATION_CONTEXT('2D SPACE',''
  ) );
#535 = PCURVE('',#536,#541);
#536 = PLANE('',#537);
#537 = AXIS2_PLACEMENT_3D('',#538,#539,#540);
#538 = CARTESIAN_POINT('',(-3.55,-6.533825790645,-3.210000000028));
#539 = DIRECTION('',(2.506051345239E-48,-2.22044604925E-16,-1.));
#540 = DIRECTION('',(0.,1.,-2.22044604925E-16));
#541 = DEFINITIONAL_REPRESENTATION('',(#542),#550);
#542 = ( BOUNDED_CURVE() B_SPLINE_CURVE(2,(#543,#544,#545,#546,#547,#548
,#549),.UNSPECIFIED.,.T.,.F.) B_SPLINE_CURVE_WITH_KNOTS((1,2,2,2,2,1),(
    -2.094395102393,0.,2.094395102393,4.188790204786,6.28318530718,
8.377580409573),.UNSPECIFIED.) CURVE() GEOMETRIC_REPRESENTATION_ITEM() 
RATIONAL_B_SPLINE_CURVE((1.,0.5,1.,0.5,1.,0.5,1.)) REPRESENTATION_ITEM(
  '') );
#543 = CARTESIAN_POINT('',(8.881784197001E-16,-3.55));
#544 = CARTESIAN_POINT('',(-12.29756073373,-3.55));
#545 = CARTESIAN_POINT('',(-6.14878036687,7.1));
#546 = CARTESIAN_POINT('',(-8.508200350891E-16,17.75));
#547 = CARTESIAN_POINT('',(6.14878036687,7.1));
#548 = CARTESIAN_POINT('',(12.297560733739,-3.55));
#549 = CARTESIAN_POINT('',(8.881784197001E-16,-3.55));
#550 = ( GEOMETRIC_REPRESENTATION_CONTEXT(2) 
PARAMETRIC_REPRESENTATION_CONTEXT() REPRESENTATION_CONTEXT('2D SPACE',''
  ) );
#551 = ORIENTED_EDGE('',*,*,#552,.T.);
#552 = EDGE_CURVE('',#520,#553,#555,.T.);
#553 = VERTEX_POINT('',#554);
#554 = CARTESIAN_POINT('',(5.925568123134,-2.62260572293,-3.210000000028
    ));
#555 = SURFACE_CURVE('',#556,(#561,#568),.PCURVE_S1.);
#556 = CIRCLE('',#557,7.1);
#557 = AXIS2_PLACEMENT_3D('',#558,#559,#560);
#558 = CARTESIAN_POINT('',(4.440892098501E-16,-6.533825790645,
    -3.210000000028));
#559 = DIRECTION('',(-4.177697176388E-17,2.22044604925E-16,1.));
#560 = DIRECTION('',(-1.,-9.276351190275E-33,-4.177697176388E-17));
#561 = PCURVE('',#65,#562);
#562 = DEFINITIONAL_REPRESENTATION('',(#563),#567);
#563 = LINE('',#564,#565);
#564 = CARTESIAN_POINT('',(6.28318530718,8.63));
#565 = VECTOR('',#566,1.);
#566 = DIRECTION('',(-1.,0.));
#567 = ( GEOMETRIC_REPRESENTATION_CONTEXT(2) 
PARAMETRIC_REPRESENTATION_CONTEXT() REPRESENTATION_CONTEXT('2D SPACE',''
  ) );
#568 = PCURVE('',#569,#574);
#569 = PLANE('',#570);
#570 = AXIS2_PLACEMENT_3D('',#571,#572,#573);
#571 = CARTESIAN_POINT('',(4.440892098501E-16,-6.533825790645,
    -3.210000000028));
#572 = DIRECTION('',(0.,-2.22044604925E-16,-1.));
#573 = DIRECTION('',(0.,1.,-2.22044604925E-16));
#574 = DEFINITIONAL_REPRESENTATION('',(#575),#583);
#575 = ( BOUNDED_CURVE() B_SPLINE_CURVE(2,(#576,#577,#578,#579,#580,#581
,#582),.UNSPECIFIED.,.T.,.F.) B_SPLINE_CURVE_WITH_KNOTS((1,2,2,2,2,1),(
    -2.094395102393,0.,2.094395102393,4.188790204786,6.28318530718,
8.377580409573),.UNSPECIFIED.) CURVE() GEOMETRIC_REPRESENTATION_ITEM() 
RATIONAL_B_SPLINE_CURVE((1.,0.5,1.,0.5,1.,0.5,1.)) REPRESENTATION_ITEM(
  '') );
#576 = CARTESIAN_POINT('',(0.,-7.1));
#577 = CARTESIAN_POINT('',(-12.29756073373,-7.1));
#578 = CARTESIAN_POINT('',(-6.14878036687,3.55));
#579 = CARTESIAN_POINT('',(-1.738998454789E-15,14.2));
#580 = CARTESIAN_POINT('',(6.14878036687,3.55));
#581 = CARTESIAN_POINT('',(12.297560733739,-7.1));
#582 = CARTESIAN_POINT('',(0.,-7.1));
#583 = ( GEOMETRIC_REPRESENTATION_CONTEXT(2) 
PARAMETRIC_REPRESENTATION_CONTEXT() REPRESENTATION_CONTEXT('2D SPACE',''
  ) );
#584 = ORIENTED_EDGE('',*,*,#585,.T.);
#585 = EDGE_CURVE('',#553,#586,#588,.T.);
#586 = VERTEX_POINT('',#587);
#587 = CARTESIAN_POINT('',(0.424431876866,0.553476769702,-3.210000000028
    ));
#588 = SURFACE_CURVE('',#589,(#594,#601),.PCURVE_S1.);
#589 = CIRCLE('',#590,7.1);
#590 = AXIS2_PLACEMENT_3D('',#591,#592,#593);
#591 = CARTESIAN_POINT('',(4.440892098501E-16,-6.533825790645,
    -3.210000000028));
#592 = DIRECTION('',(-4.177697176388E-17,2.22044604925E-16,1.));
#593 = DIRECTION('',(-1.,1.7763568394E-15,-4.177697176388E-17));
#594 = PCURVE('',#65,#595);
#595 = DEFINITIONAL_REPRESENTATION('',(#596),#600);
#596 = LINE('',#597,#598);
#597 = CARTESIAN_POINT('',(6.28318530718,8.63));
#598 = VECTOR('',#599,1.);
#599 = DIRECTION('',(-1.,0.));
#600 = ( GEOMETRIC_REPRESENTATION_CONTEXT(2) 
PARAMETRIC_REPRESENTATION_CONTEXT() REPRESENTATION_CONTEXT('2D SPACE',''
  ) );
#601 = PCURVE('',#602,#607);
#602 = PLANE('',#603);
#603 = AXIS2_PLACEMENT_3D('',#604,#605,#606);
#604 = CARTESIAN_POINT('',(-3.55,-6.533825790645,-3.210000000028));
#605 = DIRECTION('',(2.506051345239E-48,-2.22044604925E-16,-1.));
#606 = DIRECTION('',(0.,1.,-2.22044604925E-16));
#607 = DEFINITIONAL_REPRESENTATION('',(#608),#616);
#608 = ( BOUNDED_CURVE() B_SPLINE_CURVE(2,(#609,#610,#611,#612,#613,#614
,#615),.UNSPECIFIED.,.T.,.F.) B_SPLINE_CURVE_WITH_KNOTS((1,2,2,2,2,1),(
    -2.094395102393,0.,2.094395102393,4.188790204786,6.28318530718,
8.377580409573),.UNSPECIFIED.) CURVE() GEOMETRIC_REPRESENTATION_ITEM() 
RATIONAL_B_SPLINE_CURVE((1.,0.5,1.,0.5,1.,0.5,1.)) REPRESENTATION_ITEM(
  '') );
#609 = CARTESIAN_POINT('',(1.350031197944E-14,-3.55));
#610 = CARTESIAN_POINT('',(-12.29756073373,-3.55));
#611 = CARTESIAN_POINT('',(-6.14878036687,7.1));
#612 = CARTESIAN_POINT('',(-2.607508715457E-14,17.75));
#613 = CARTESIAN_POINT('',(6.14878036687,7.1));
#614 = CARTESIAN_POINT('',(12.297560733739,-3.55));
#615 = CARTESIAN_POINT('',(1.350031197944E-14,-3.55));
#616 = ( GEOMETRIC_REPRESENTATION_CONTEXT(2) 
PARAMETRIC_REPRESENTATION_CONTEXT() REPRESENTATION_CONTEXT('2D SPACE',''
  ) );
#617 = ORIENTED_EDGE('',*,*,#618,.T.);
#618 = EDGE_CURVE('',#586,#619,#621,.T.);
#619 = VERTEX_POINT('',#620);
#620 = CARTESIAN_POINT('',(-0.424431876866,0.553476769702,
    -3.210000000028));
#621 = SURFACE_CURVE('',#622,(#627,#634),.PCURVE_S1.);
#622 = CIRCLE('',#623,7.1);
#623 = AXIS2_PLACEMENT_3D('',#624,#625,#626);
#624 = CARTESIAN_POINT('',(4.440892098501E-16,-6.533825790645,
    -3.210000000028));
#625 = DIRECTION('',(-4.177697176388E-17,2.22044604925E-16,1.));
#626 = DIRECTION('',(-1.,-2.6645352591E-14,-4.177697176387E-17));
#627 = PCURVE('',#65,#628);
#628 = DEFINITIONAL_REPRESENTATION('',(#629),#633);
#629 = LINE('',#630,#631);
#630 = CARTESIAN_POINT('',(6.28318530718,8.63));
#631 = VECTOR('',#632,1.);
#632 = DIRECTION('',(-1.,0.));
#633 = ( GEOMETRIC_REPRESENTATION_CONTEXT(2) 
PARAMETRIC_REPRESENTATION_CONTEXT() REPRESENTATION_CONTEXT('2D SPACE',''
  ) );
#634 = PCURVE('',#635,#640);
#635 = PLANE('',#636);
#636 = AXIS2_PLACEMENT_3D('',#637,#638,#639);
#637 = CARTESIAN_POINT('',(4.440892098501E-16,-6.533825790645,
    -3.210000000028));
#638 = DIRECTION('',(0.,-2.22044604925E-16,-1.));
#639 = DIRECTION('',(0.,1.,-2.22044604925E-16));
#640 = DEFINITIONAL_REPRESENTATION('',(#641),#649);
#641 = ( BOUNDED_CURVE() B_SPLINE_CURVE(2,(#642,#643,#644,#645,#646,#647
,#648),.UNSPECIFIED.,.T.,.F.) B_SPLINE_CURVE_WITH_KNOTS((1,2,2,2,2,1),(
    -2.094395102393,0.,2.094395102393,4.188790204786,6.28318530718,
8.377580409573),.UNSPECIFIED.) CURVE() GEOMETRIC_REPRESENTATION_ITEM() 
RATIONAL_B_SPLINE_CURVE((1.,0.5,1.,0.5,1.,0.5,1.)) REPRESENTATION_ITEM(
  '') );
#642 = CARTESIAN_POINT('',(-1.891820033961E-13,-7.1));
#643 = CARTESIAN_POINT('',(-12.29756073373,-7.1));
#644 = CARTESIAN_POINT('',(-6.148780366869,3.55));
#645 = CARTESIAN_POINT('',(3.766250083374E-13,14.2));
#646 = CARTESIAN_POINT('',(6.14878036687,3.55));
#647 = CARTESIAN_POINT('',(12.297560733739,-7.1));
#648 = CARTESIAN_POINT('',(-1.891820033961E-13,-7.1));
#649 = ( GEOMETRIC_REPRESENTATION_CONTEXT(2) 
PARAMETRIC_REPRESENTATION_CONTEXT() REPRESENTATION_CONTEXT('2D SPACE',''
  ) );
#650 = ORIENTED_EDGE('',*,*,#651,.T.);
#651 = EDGE_CURVE('',#619,#652,#654,.T.);
#652 = VERTEX_POINT('',#653);
#653 = CARTESIAN_POINT('',(-5.925568123134,-2.62260572293,
    -3.210000000028));
#654 = SURFACE_CURVE('',#655,(#660,#667),.PCURVE_S1.);
#655 = CIRCLE('',#656,7.1);
#656 = AXIS2_PLACEMENT_3D('',#657,#658,#659);
#657 = CARTESIAN_POINT('',(4.440892098501E-16,-6.533825790645,
    -3.210000000028));
#658 = DIRECTION('',(-4.177697176388E-17,2.22044604925E-16,1.));
#659 = DIRECTION('',(-1.,1.7763568394E-15,-4.177697176388E-17));
#660 = PCURVE('',#65,#661);
#661 = DEFINITIONAL_REPRESENTATION('',(#662),#666);
#662 = LINE('',#663,#664);
#663 = CARTESIAN_POINT('',(6.28318530718,8.63));
#664 = VECTOR('',#665,1.);
#665 = DIRECTION('',(-1.,0.));
#666 = ( GEOMETRIC_REPRESENTATION_CONTEXT(2) 
PARAMETRIC_REPRESENTATION_CONTEXT() REPRESENTATION_CONTEXT('2D SPACE',''
  ) );
#667 = PCURVE('',#668,#673);
#668 = PLANE('',#669);
#669 = AXIS2_PLACEMENT_3D('',#670,#671,#672);
#670 = CARTESIAN_POINT('',(-3.55,-6.533825790645,-3.210000000028));
#671 = DIRECTION('',(2.506051345239E-48,-2.22044604925E-16,-1.));
#672 = DIRECTION('',(0.,1.,-2.22044604925E-16));
#673 = DEFINITIONAL_REPRESENTATION('',(#674),#682);
#674 = ( BOUNDED_CURVE() B_SPLINE_CURVE(2,(#675,#676,#677,#678,#679,#680
,#681),.UNSPECIFIED.,.T.,.F.) B_SPLINE_CURVE_WITH_KNOTS((1,2,2,2,2,1),(
    -2.094395102393,0.,2.094395102393,4.188790204786,6.28318530718,
8.377580409573),.UNSPECIFIED.) CURVE() GEOMETRIC_REPRESENTATION_ITEM() 
RATIONAL_B_SPLINE_CURVE((1.,0.5,1.,0.5,1.,0.5,1.)) REPRESENTATION_ITEM(
  '') );
#675 = CARTESIAN_POINT('',(1.350031197944E-14,-3.55));
#676 = CARTESIAN_POINT('',(-12.29756073373,-3.55));
#677 = CARTESIAN_POINT('',(-6.14878036687,7.1));
#678 = CARTESIAN_POINT('',(-2.607508715457E-14,17.75));
#679 = CARTESIAN_POINT('',(6.14878036687,7.1));
#680 = CARTESIAN_POINT('',(12.297560733739,-3.55));
#681 = CARTESIAN_POINT('',(1.350031197944E-14,-3.55));
#682 = ( GEOMETRIC_REPRESENTATION_CONTEXT(2) 
PARAMETRIC_REPRESENTATION_CONTEXT() REPRESENTATION_CONTEXT('2D SPACE',''
  ) );
#683 = ORIENTED_EDGE('',*,*,#684,.T.);
#684 = EDGE_CURVE('',#652,#685,#687,.T.);
#685 = VERTEX_POINT('',#686);
#686 = CARTESIAN_POINT('',(-6.35,-3.357743298014,-3.210000000028));
#687 = SURFACE_CURVE('',#688,(#693,#700),.PCURVE_S1.);
#688 = CIRCLE('',#689,7.1);
#689 = AXIS2_PLACEMENT_3D('',#690,#691,#692);
#690 = CARTESIAN_POINT('',(4.440892098501E-16,-6.533825790645,
    -3.210000000028));
#691 = DIRECTION('',(-4.177697176388E-17,2.22044604925E-16,1.));
#692 = DIRECTION('',(-1.,-1.59872115546E-14,-4.177697176388E-17));
#693 = PCURVE('',#65,#694);
#694 = DEFINITIONAL_REPRESENTATION('',(#695),#699);
#695 = LINE('',#696,#697);
#696 = CARTESIAN_POINT('',(6.28318530718,8.63));
#697 = VECTOR('',#698,1.);
#698 = DIRECTION('',(-1.,0.));
#699 = ( GEOMETRIC_REPRESENTATION_CONTEXT(2) 
PARAMETRIC_REPRESENTATION_CONTEXT() REPRESENTATION_CONTEXT('2D SPACE',''
  ) );
#700 = PCURVE('',#701,#706);
#701 = PLANE('',#702);
#702 = AXIS2_PLACEMENT_3D('',#703,#704,#705);
#703 = CARTESIAN_POINT('',(4.440892098501E-16,-6.533825790645,
    -3.210000000028));
#704 = DIRECTION('',(0.,-2.22044604925E-16,-1.));
#705 = DIRECTION('',(0.,1.,-2.22044604925E-16));
#706 = DEFINITIONAL_REPRESENTATION('',(#707),#715);
#707 = ( BOUNDED_CURVE() B_SPLINE_CURVE(2,(#708,#709,#710,#711,#712,#713
,#714),.UNSPECIFIED.,.T.,.F.) B_SPLINE_CURVE_WITH_KNOTS((1,2,2,2,2,1),(
    -2.094395102393,0.,2.094395102393,4.188790204786,6.28318530718,
8.377580409573),.UNSPECIFIED.) CURVE() GEOMETRIC_REPRESENTATION_ITEM() 
RATIONAL_B_SPLINE_CURVE((1.,0.5,1.,0.5,1.,0.5,1.)) REPRESENTATION_ITEM(
  '') );
#708 = CARTESIAN_POINT('',(-1.135092020377E-13,-7.1));
#709 = CARTESIAN_POINT('',(-12.29756073373,-7.1));
#710 = CARTESIAN_POINT('',(-6.148780366869,3.55));
#711 = CARTESIAN_POINT('',(2.252794056205E-13,14.2));
#712 = CARTESIAN_POINT('',(6.14878036687,3.55));
#713 = CARTESIAN_POINT('',(12.297560733739,-7.1));
#714 = CARTESIAN_POINT('',(-1.135092020377E-13,-7.1));
#715 = ( GEOMETRIC_REPRESENTATION_CONTEXT(2) 
PARAMETRIC_REPRESENTATION_CONTEXT() REPRESENTATION_CONTEXT('2D SPACE',''
  ) );
#716 = ORIENTED_EDGE('',*,*,#717,.T.);
#717 = EDGE_CURVE('',#685,#718,#720,.T.);
#718 = VERTEX_POINT('',#719);
#719 = CARTESIAN_POINT('',(-7.1,-6.533825790645,-3.210000000028));
#720 = SURFACE_CURVE('',#721,(#726,#733),.PCURVE_S1.);
#721 = CIRCLE('',#722,7.1);
#722 = AXIS2_PLACEMENT_3D('',#723,#724,#725);
#723 = CARTESIAN_POINT('',(4.440892098501E-16,-6.533825790645,
    -3.210000000028));
#724 = DIRECTION('',(-4.177697176388E-17,2.22044604925E-16,1.));
#725 = DIRECTION('',(-1.,2.6645352591E-15,-4.177697176388E-17));
#726 = PCURVE('',#65,#727);
#727 = DEFINITIONAL_REPRESENTATION('',(#728),#732);
#728 = LINE('',#729,#730);
#729 = CARTESIAN_POINT('',(6.28318530718,8.63));
#730 = VECTOR('',#731,1.);
#731 = DIRECTION('',(-1.,0.));
#732 = ( GEOMETRIC_REPRESENTATION_CONTEXT(2) 
PARAMETRIC_REPRESENTATION_CONTEXT() REPRESENTATION_CONTEXT('2D SPACE',''
  ) );
#733 = PCURVE('',#734,#739);
#734 = PLANE('',#735);
#735 = AXIS2_PLACEMENT_3D('',#736,#737,#738);
#736 = CARTESIAN_POINT('',(-3.55,-6.533825790645,-3.210000000028));
#737 = DIRECTION('',(2.506051345239E-48,-2.22044604925E-16,-1.));
#738 = DIRECTION('',(0.,1.,-2.22044604925E-16));
#739 = DEFINITIONAL_REPRESENTATION('',(#740),#748);
#740 = ( BOUNDED_CURVE() B_SPLINE_CURVE(2,(#741,#742,#743,#744,#745,#746
,#747),.UNSPECIFIED.,.T.,.F.) B_SPLINE_CURVE_WITH_KNOTS((1,2,2,2,2,1),(
    -2.094395102393,0.,2.094395102393,4.188790204786,6.28318530718,
8.377580409573),.UNSPECIFIED.) CURVE() GEOMETRIC_REPRESENTATION_ITEM() 
RATIONAL_B_SPLINE_CURVE((1.,0.5,1.,0.5,1.,0.5,1.)) REPRESENTATION_ITEM(
  '') );
#741 = CARTESIAN_POINT('',(1.980637875931E-14,-3.55));
#742 = CARTESIAN_POINT('',(-12.29756073373,-3.55));
#743 = CARTESIAN_POINT('',(-6.14878036687,7.1));
#744 = CARTESIAN_POINT('',(-3.868722071431E-14,17.75));
#745 = CARTESIAN_POINT('',(6.14878036687,7.1));
#746 = CARTESIAN_POINT('',(12.297560733739,-3.55));
#747 = CARTESIAN_POINT('',(1.980637875931E-14,-3.55));
#748 = ( GEOMETRIC_REPRESENTATION_CONTEXT(2) 
PARAMETRIC_REPRESENTATION_CONTEXT() REPRESENTATION_CONTEXT('2D SPACE',''
  ) );
#749 = ORIENTED_EDGE('',*,*,#750,.F.);
#750 = EDGE_CURVE('',#457,#718,#751,.T.);
#751 = SURFACE_CURVE('',#752,(#756,#763),.PCURVE_S1.);
#752 = LINE('',#753,#754);
#753 = CARTESIAN_POINT('',(-7.1,-6.533825790645,5.419999999972));
#754 = VECTOR('',#755,1.);
#755 = DIRECTION('',(4.177697176388E-17,-2.22044604925E-16,-1.));
#756 = PCURVE('',#65,#757);
#757 = DEFINITIONAL_REPRESENTATION('',(#758),#762);
#758 = LINE('',#759,#760);
#759 = CARTESIAN_POINT('',(0.,0.));
#760 = VECTOR('',#761,1.);
#761 = DIRECTION('',(0.,1.));
#762 = ( GEOMETRIC_REPRESENTATION_CONTEXT(2) 
PARAMETRIC_REPRESENTATION_CONTEXT() REPRESENTATION_CONTEXT('2D SPACE',''
  ) );
#763 = PCURVE('',#507,#764);
#764 = DEFINITIONAL_REPRESENTATION('',(#765),#769);
#765 = LINE('',#766,#767);
#766 = CARTESIAN_POINT('',(6.28318530718,0.));
#767 = VECTOR('',#768,1.);
#768 = DIRECTION('',(0.,1.));
#769 = ( GEOMETRIC_REPRESENTATION_CONTEXT(2) 
PARAMETRIC_REPRESENTATION_CONTEXT() REPRESENTATION_CONTEXT('2D SPACE',''
  ) );
#770 = ADVANCED_FACE('',(#771),#786,.T.);
#771 = FACE_BOUND('',#772,.T.);
#772 = EDGE_LOOP('',(#773,#809,#837,#865));
#773 = ORIENTED_EDGE('',*,*,#774,.T.);
#774 = EDGE_CURVE('',#775,#777,#779,.T.);
#775 = VERTEX_POINT('',#776);
#776 = CARTESIAN_POINT('',(-4.864000000044,-6.533825790645,
    17.468999999972));
#777 = VERTEX_POINT('',#778);
#778 = CARTESIAN_POINT('',(4.864000000044,-6.533825790645,
    17.468999999972));
#779 = SURFACE_CURVE('',#780,(#785,#797),.PCURVE_S1.);
#780 = CIRCLE('',#781,4.864);
#781 = AXIS2_PLACEMENT_3D('',#782,#783,#784);
#782 = CARTESIAN_POINT('',(-4.198167892552E-16,-6.533825790645,
    17.468999999972));
#783 = DIRECTION('',(4.177697176388E-17,-2.22044604925E-16,-1.));
#784 = DIRECTION('',(-1.,-9.276351190275E-33,-4.177697176388E-17));
#785 = PCURVE('',#786,#791);
#786 = CYLINDRICAL_SURFACE('',#787,4.864);
#787 = AXIS2_PLACEMENT_3D('',#788,#789,#790);
#788 = CARTESIAN_POINT('',(-3.483990560249E-16,-6.533825790645,
    15.759499999972));
#789 = DIRECTION('',(4.177697176388E-17,-2.22044604925E-16,-1.));
#790 = DIRECTION('',(-1.,-9.276351190275E-33,-4.177697176388E-17));
#791 = DEFINITIONAL_REPRESENTATION('',(#792),#796);
#792 = LINE('',#793,#794);
#793 = CARTESIAN_POINT('',(0.,-1.7095));
#794 = VECTOR('',#795,1.);
#795 = DIRECTION('',(1.,0.));
#796 = ( GEOMETRIC_REPRESENTATION_CONTEXT(2) 
PARAMETRIC_REPRESENTATION_CONTEXT() REPRESENTATION_CONTEXT('2D SPACE',''
  ) );
#797 = PCURVE('',#798,#803);
#798 = CONICAL_SURFACE('',#799,4.863999999998,0.785398163397);
#799 = AXIS2_PLACEMENT_3D('',#800,#801,#802);
#800 = CARTESIAN_POINT('',(-4.232725281383E-16,-6.533825790645,
    17.469000000018));
#801 = DIRECTION('',(4.458068143446E-17,-2.22044604925E-16,-1.));
#802 = DIRECTION('',(-1.,-9.898899796403E-33,-4.458068143446E-17));
#803 = DEFINITIONAL_REPRESENTATION('',(#804),#808);
#804 = LINE('',#805,#806);
#805 = CARTESIAN_POINT('',(0.,2.401817633668E-11));
#806 = VECTOR('',#807,1.);
#807 = DIRECTION('',(1.,0.));
#808 = ( GEOMETRIC_REPRESENTATION_CONTEXT(2) 
PARAMETRIC_REPRESENTATION_CONTEXT() REPRESENTATION_CONTEXT('2D SPACE',''
  ) );
#809 = ORIENTED_EDGE('',*,*,#810,.T.);
#810 = EDGE_CURVE('',#777,#811,#813,.T.);
#811 = VERTEX_POINT('',#812);
#812 = CARTESIAN_POINT('',(4.864,-6.533825790645,14.049999999972));
#813 = SURFACE_CURVE('',#814,(#818,#825),.PCURVE_S1.);
#814 = LINE('',#815,#816);
#815 = CARTESIAN_POINT('',(4.864,-6.533825790645,15.759499999972));
#816 = VECTOR('',#817,1.);
#817 = DIRECTION('',(4.177697176388E-17,-2.22044604925E-16,-1.));
#818 = PCURVE('',#786,#819);
#819 = DEFINITIONAL_REPRESENTATION('',(#820),#824);
#820 = LINE('',#821,#822);
#821 = CARTESIAN_POINT('',(3.14159265359,2.22044604925E-16));
#822 = VECTOR('',#823,1.);
#823 = DIRECTION('',(0.,1.));
#824 = ( GEOMETRIC_REPRESENTATION_CONTEXT(2) 
PARAMETRIC_REPRESENTATION_CONTEXT() REPRESENTATION_CONTEXT('2D SPACE',''
  ) );
#825 = PCURVE('',#826,#831);
#826 = CYLINDRICAL_SURFACE('',#827,4.864);
#827 = AXIS2_PLACEMENT_3D('',#828,#829,#830);
#828 = CARTESIAN_POINT('',(-3.483990560249E-16,-6.533825790645,
    15.759499999972));
#829 = DIRECTION('',(4.177697176388E-17,-2.22044604925E-16,-1.));
#830 = DIRECTION('',(-1.,-9.276351190275E-33,-4.177697176388E-17));
#831 = DEFINITIONAL_REPRESENTATION('',(#832),#836);
#832 = LINE('',#833,#834);
#833 = CARTESIAN_POINT('',(3.14159265359,2.22044604925E-16));
#834 = VECTOR('',#835,1.);
#835 = DIRECTION('',(0.,1.));
#836 = ( GEOMETRIC_REPRESENTATION_CONTEXT(2) 
PARAMETRIC_REPRESENTATION_CONTEXT() REPRESENTATION_CONTEXT('2D SPACE',''
  ) );
#837 = ORIENTED_EDGE('',*,*,#838,.F.);
#838 = EDGE_CURVE('',#839,#811,#841,.T.);
#839 = VERTEX_POINT('',#840);
#840 = CARTESIAN_POINT('',(-4.864,-6.533825790645,14.049999999972));
#841 = SURFACE_CURVE('',#842,(#847,#854),.PCURVE_S1.);
#842 = CIRCLE('',#843,4.864);
#843 = AXIS2_PLACEMENT_3D('',#844,#845,#846);
#844 = CARTESIAN_POINT('',(-2.769813227945E-16,-6.533825790645,
    14.049999999972));
#845 = DIRECTION('',(4.177697176388E-17,-2.22044604925E-16,-1.));
#846 = DIRECTION('',(-1.,-9.276351190275E-33,-4.177697176388E-17));
#847 = PCURVE('',#786,#848);
#848 = DEFINITIONAL_REPRESENTATION('',(#849),#853);
#849 = LINE('',#850,#851);
#850 = CARTESIAN_POINT('',(0.,1.7095));
#851 = VECTOR('',#852,1.);
#852 = DIRECTION('',(1.,0.));
#853 = ( GEOMETRIC_REPRESENTATION_CONTEXT(2) 
PARAMETRIC_REPRESENTATION_CONTEXT() REPRESENTATION_CONTEXT('2D SPACE',''
  ) );
#854 = PCURVE('',#475,#855);
#855 = DEFINITIONAL_REPRESENTATION('',(#856),#864);
#856 = ( BOUNDED_CURVE() B_SPLINE_CURVE(2,(#857,#858,#859,#860,#861,#862
,#863),.UNSPECIFIED.,.T.,.F.) B_SPLINE_CURVE_WITH_KNOTS((1,2,2,2,2,1),(
    -2.094395102393,0.,2.094395102393,4.188790204786,6.28318530718,
8.377580409573),.UNSPECIFIED.) CURVE() GEOMETRIC_REPRESENTATION_ITEM() 
RATIONAL_B_SPLINE_CURVE((1.,0.5,1.,0.5,1.,0.5,1.)) REPRESENTATION_ITEM(
  '') );
#857 = CARTESIAN_POINT('',(-1.7763568394E-15,1.118));
#858 = CARTESIAN_POINT('',(-8.424695128015,1.118));
#859 = CARTESIAN_POINT('',(-4.212347564008,8.414));
#860 = CARTESIAN_POINT('',(-2.967693245611E-15,15.71));
#861 = CARTESIAN_POINT('',(4.212347564008,8.414));
#862 = CARTESIAN_POINT('',(8.424695128015,1.118));
#863 = CARTESIAN_POINT('',(-1.7763568394E-15,1.118));
#864 = ( GEOMETRIC_REPRESENTATION_CONTEXT(2) 
PARAMETRIC_REPRESENTATION_CONTEXT() REPRESENTATION_CONTEXT('2D SPACE',''
  ) );
#865 = ORIENTED_EDGE('',*,*,#866,.F.);
#866 = EDGE_CURVE('',#775,#839,#867,.T.);
#867 = SURFACE_CURVE('',#868,(#872,#879),.PCURVE_S1.);
#868 = LINE('',#869,#870);
#869 = CARTESIAN_POINT('',(-4.864,-6.533825790645,15.759499999972));
#870 = VECTOR('',#871,1.);
#871 = DIRECTION('',(4.177697176388E-17,-2.22044604925E-16,-1.));
#872 = PCURVE('',#786,#873);
#873 = DEFINITIONAL_REPRESENTATION('',(#874),#878);
#874 = LINE('',#875,#876);
#875 = CARTESIAN_POINT('',(0.,-2.22044604925E-16));
#876 = VECTOR('',#877,1.);
#877 = DIRECTION('',(0.,1.));
#878 = ( GEOMETRIC_REPRESENTATION_CONTEXT(2) 
PARAMETRIC_REPRESENTATION_CONTEXT() REPRESENTATION_CONTEXT('2D SPACE',''
  ) );
#879 = PCURVE('',#826,#880);
#880 = DEFINITIONAL_REPRESENTATION('',(#881),#885);
#881 = LINE('',#882,#883);
#882 = CARTESIAN_POINT('',(6.28318530718,-2.22044604925E-16));
#883 = VECTOR('',#884,1.);
#884 = DIRECTION('',(0.,1.));
#885 = ( GEOMETRIC_REPRESENTATION_CONTEXT(2) 
PARAMETRIC_REPRESENTATION_CONTEXT() REPRESENTATION_CONTEXT('2D SPACE',''
  ) );
#886 = ADVANCED_FACE('',(#887),#165,.T.);
#887 = FACE_BOUND('',#888,.T.);
#888 = EDGE_LOOP('',(#889,#920,#941,#942));
#889 = ORIENTED_EDGE('',*,*,#890,.T.);
#890 = EDGE_CURVE('',#891,#893,#895,.T.);
#891 = VERTEX_POINT('',#892);
#892 = CARTESIAN_POINT('',(4.440892098501E-16,1.986174209355,
    -0.650000000028));
#893 = VERTEX_POINT('',#894);
#894 = CARTESIAN_POINT('',(9.829338014749E-16,1.986174209355,
    8.149999999972));
#895 = SURFACE_CURVE('',#896,(#901,#908),.PCURVE_S1.);
#896 = CIRCLE('',#897,4.4);
#897 = AXIS2_PLACEMENT_3D('',#898,#899,#900);
#898 = CARTESIAN_POINT('',(4.440892098501E-16,1.986174209355,
    3.749999999972));
#899 = DIRECTION('',(4.523819939065E-48,-1.,1.349682892682E-16));
#900 = DIRECTION('',(-3.939175729889E-64,-1.349682892682E-16,-1.));
#901 = PCURVE('',#165,#902);
#902 = DEFINITIONAL_REPRESENTATION('',(#903),#907);
#903 = LINE('',#904,#905);
#904 = CARTESIAN_POINT('',(0.,-4.26));
#905 = VECTOR('',#906,1.);
#906 = DIRECTION('',(1.,-5.654319433713E-16));
#907 = ( GEOMETRIC_REPRESENTATION_CONTEXT(2) 
PARAMETRIC_REPRESENTATION_CONTEXT() REPRESENTATION_CONTEXT('2D SPACE',''
  ) );
#908 = PCURVE('',#909,#914);
#909 = PLANE('',#910);
#910 = AXIS2_PLACEMENT_3D('',#911,#912,#913);
#911 = CARTESIAN_POINT('',(-8.050092710489E-16,1.986174209355,
    -1.350000000028));
#912 = DIRECTION('',(1.264377054561E-30,-1.,5.297349860354E-15));
#913 = DIRECTION('',(0.,-5.297349860354E-15,-1.));
#914 = DEFINITIONAL_REPRESENTATION('',(#915),#919);
#915 = CIRCLE('',#916,4.4);
#916 = AXIS2_PLACEMENT_2D('',#917,#918);
#917 = CARTESIAN_POINT('',(-5.1,1.249098480899E-15));
#918 = DIRECTION('',(1.,6.52719680537E-45));
#919 = ( GEOMETRIC_REPRESENTATION_CONTEXT(2) 
PARAMETRIC_REPRESENTATION_CONTEXT() REPRESENTATION_CONTEXT('2D SPACE',''
  ) );
#920 = ORIENTED_EDGE('',*,*,#921,.T.);
#921 = EDGE_CURVE('',#893,#24,#922,.T.);
#922 = SURFACE_CURVE('',#923,(#927,#934),.PCURVE_S1.);
#923 = LINE('',#924,#925);
#924 = CARTESIAN_POINT('',(9.829338014749E-16,-2.273825790645,
    8.149999999972));
#925 = VECTOR('',#926,1.);
#926 = DIRECTION('',(4.523819939065E-48,-1.,1.349682892682E-16));
#927 = PCURVE('',#165,#928);
#928 = DEFINITIONAL_REPRESENTATION('',(#929),#933);
#929 = LINE('',#930,#931);
#930 = CARTESIAN_POINT('',(3.14159265359,-8.881784197001E-16));
#931 = VECTOR('',#932,1.);
#932 = DIRECTION('',(0.,1.));
#933 = ( GEOMETRIC_REPRESENTATION_CONTEXT(2) 
PARAMETRIC_REPRESENTATION_CONTEXT() REPRESENTATION_CONTEXT('2D SPACE',''
  ) );
#934 = PCURVE('',#376,#935);
#935 = DEFINITIONAL_REPRESENTATION('',(#936),#940);
#936 = LINE('',#937,#938);
#937 = CARTESIAN_POINT('',(3.14159265359,-8.881784197001E-16));
#938 = VECTOR('',#939,1.);
#939 = DIRECTION('',(0.,1.));
#940 = ( GEOMETRIC_REPRESENTATION_CONTEXT(2) 
PARAMETRIC_REPRESENTATION_CONTEXT() REPRESENTATION_CONTEXT('2D SPACE',''
  ) );
#941 = ORIENTED_EDGE('',*,*,#21,.F.);
#942 = ORIENTED_EDGE('',*,*,#943,.F.);
#943 = EDGE_CURVE('',#891,#22,#944,.T.);
#944 = SURFACE_CURVE('',#945,(#949,#956),.PCURVE_S1.);
#945 = LINE('',#946,#947);
#946 = CARTESIAN_POINT('',(4.440892098501E-16,-2.273825790645,
    -0.650000000028));
#947 = VECTOR('',#948,1.);
#948 = DIRECTION('',(4.523819939065E-48,-1.,1.349682892682E-16));
#949 = PCURVE('',#165,#950);
#950 = DEFINITIONAL_REPRESENTATION('',(#951),#955);
#951 = LINE('',#952,#953);
#952 = CARTESIAN_POINT('',(0.,8.881784197001E-16));
#953 = VECTOR('',#954,1.);
#954 = DIRECTION('',(0.,1.));
#955 = ( GEOMETRIC_REPRESENTATION_CONTEXT(2) 
PARAMETRIC_REPRESENTATION_CONTEXT() REPRESENTATION_CONTEXT('2D SPACE',''
  ) );
#956 = PCURVE('',#376,#957);
#957 = DEFINITIONAL_REPRESENTATION('',(#958),#962);
#958 = LINE('',#959,#960);
#959 = CARTESIAN_POINT('',(6.28318530718,8.881784197001E-16));
#960 = VECTOR('',#961,1.);
#961 = DIRECTION('',(0.,1.));
#962 = ( GEOMETRIC_REPRESENTATION_CONTEXT(2) 
PARAMETRIC_REPRESENTATION_CONTEXT() REPRESENTATION_CONTEXT('2D SPACE',''
  ) );
#963 = ADVANCED_FACE('',(#964),#798,.T.);
#964 = FACE_BOUND('',#965,.T.);
#965 = EDGE_LOOP('',(#966,#1001,#1027,#1028));
#966 = ORIENTED_EDGE('',*,*,#967,.T.);
#967 = EDGE_CURVE('',#968,#970,#972,.T.);
#968 = VERTEX_POINT('',#969);
#969 = CARTESIAN_POINT('',(-4.282999999987,-6.533825790645,
    18.050000000028));
#970 = VERTEX_POINT('',#971);
#971 = CARTESIAN_POINT('',(4.282999999987,-6.533825790645,
    18.050000000028));
#972 = SURFACE_CURVE('',#973,(#978,#985),.PCURVE_S1.);
#973 = CIRCLE('',#974,4.282999999987);
#974 = AXIS2_PLACEMENT_3D('',#975,#976,#977);
#975 = CARTESIAN_POINT('',(-4.491739040522E-16,-6.533825790645,
    18.050000000028));
#976 = DIRECTION('',(4.458068143446E-17,-2.22044604925E-16,-1.));
#977 = DIRECTION('',(-1.,-9.898899796403E-33,-4.458068143446E-17));
#978 = PCURVE('',#798,#979);
#979 = DEFINITIONAL_REPRESENTATION('',(#980),#984);
#980 = LINE('',#981,#982);
#981 = CARTESIAN_POINT('',(0.,-0.581000000011));
#982 = VECTOR('',#983,1.);
#983 = DIRECTION('',(1.,0.));
#984 = ( GEOMETRIC_REPRESENTATION_CONTEXT(2) 
PARAMETRIC_REPRESENTATION_CONTEXT() REPRESENTATION_CONTEXT('2D SPACE',''
  ) );
#985 = PCURVE('',#986,#991);
#986 = PLANE('',#987);
#987 = AXIS2_PLACEMENT_3D('',#988,#989,#990);
#988 = CARTESIAN_POINT('',(-2.1415,-6.533825790645,18.049999999972));
#989 = DIRECTION('',(-2.506051345239E-48,2.22044604925E-16,1.));
#990 = DIRECTION('',(0.,-1.,2.22044604925E-16));
#991 = DEFINITIONAL_REPRESENTATION('',(#992),#1000);
#992 = ( BOUNDED_CURVE() B_SPLINE_CURVE(2,(#993,#994,#995,#996,#997,#998
,#999),.UNSPECIFIED.,.T.,.F.) B_SPLINE_CURVE_WITH_KNOTS((1,2,2,2,2,1),(
    -2.094395102393,0.,2.094395102393,4.188790204786,6.28318530718,
8.377580409573),.UNSPECIFIED.) CURVE() GEOMETRIC_REPRESENTATION_ITEM() 
RATIONAL_B_SPLINE_CURVE((1.,0.5,1.,0.5,1.,0.5,1.)) REPRESENTATION_ITEM(
  '') );
#993 = CARTESIAN_POINT('',(-8.881784197001E-16,-2.141499999987));
#994 = CARTESIAN_POINT('',(-7.418373608795,-2.141499999987));
#995 = CARTESIAN_POINT('',(-3.709186804397,4.282999999993));
#996 = CARTESIAN_POINT('',(-1.937210867847E-15,10.707499999974));
#997 = CARTESIAN_POINT('',(3.709186804397,4.282999999994));
#998 = CARTESIAN_POINT('',(7.418373608795,-2.141499999987));
#999 = CARTESIAN_POINT('',(-8.881784197001E-16,-2.141499999987));
#1000 = ( GEOMETRIC_REPRESENTATION_CONTEXT(2) 
PARAMETRIC_REPRESENTATION_CONTEXT() REPRESENTATION_CONTEXT('2D SPACE',''
  ) );
#1001 = ORIENTED_EDGE('',*,*,#1002,.T.);
#1002 = EDGE_CURVE('',#970,#777,#1003,.T.);
#1003 = SURFACE_CURVE('',#1004,(#1008,#1015),.PCURVE_S1.);
#1004 = LINE('',#1005,#1006);
#1005 = CARTESIAN_POINT('',(4.863999999998,-6.533825790645,
    17.469000000018));
#1006 = VECTOR('',#1007,1.);
#1007 = DIRECTION('',(0.707106781187,-7.041364024488E-17,-0.707106781187
    ));
#1008 = PCURVE('',#798,#1009);
#1009 = DEFINITIONAL_REPRESENTATION('',(#1010),#1014);
#1010 = LINE('',#1011,#1012);
#1011 = CARTESIAN_POINT('',(3.14159265359,-7.850462293419E-17));
#1012 = VECTOR('',#1013,1.);
#1013 = DIRECTION('',(0.,1.));
#1014 = ( GEOMETRIC_REPRESENTATION_CONTEXT(2) 
PARAMETRIC_REPRESENTATION_CONTEXT() REPRESENTATION_CONTEXT('2D SPACE',''
  ) );
#1015 = PCURVE('',#1016,#1021);
#1016 = CONICAL_SURFACE('',#1017,4.863999999998,0.785398163397);
#1017 = AXIS2_PLACEMENT_3D('',#1018,#1019,#1020);
#1018 = CARTESIAN_POINT('',(-4.232725281383E-16,-6.533825790645,
    17.469000000018));
#1019 = DIRECTION('',(4.458068143446E-17,-2.22044604925E-16,-1.));
#1020 = DIRECTION('',(-1.,-9.898899796403E-33,-4.458068143446E-17));
#1021 = DEFINITIONAL_REPRESENTATION('',(#1022),#1026);
#1022 = LINE('',#1023,#1024);
#1023 = CARTESIAN_POINT('',(3.14159265359,-7.850462293419E-17));
#1024 = VECTOR('',#1025,1.);
#1025 = DIRECTION('',(0.,1.));
#1026 = ( GEOMETRIC_REPRESENTATION_CONTEXT(2) 
PARAMETRIC_REPRESENTATION_CONTEXT() REPRESENTATION_CONTEXT('2D SPACE',''
  ) );
#1027 = ORIENTED_EDGE('',*,*,#774,.F.);
#1028 = ORIENTED_EDGE('',*,*,#1029,.F.);
#1029 = EDGE_CURVE('',#968,#775,#1030,.T.);
#1030 = SURFACE_CURVE('',#1031,(#1035,#1042),.PCURVE_S1.);
#1031 = LINE('',#1032,#1033);
#1032 = CARTESIAN_POINT('',(-4.863999999998,-6.533825790645,
    17.469000000018));
#1033 = VECTOR('',#1034,1.);
#1034 = DIRECTION('',(-0.707106781187,-1.570092458684E-16,
    -0.707106781187));
#1035 = PCURVE('',#798,#1036);
#1036 = DEFINITIONAL_REPRESENTATION('',(#1037),#1041);
#1037 = LINE('',#1038,#1039);
#1038 = CARTESIAN_POINT('',(0.,-7.850462293419E-17));
#1039 = VECTOR('',#1040,1.);
#1040 = DIRECTION('',(0.,1.));
#1041 = ( GEOMETRIC_REPRESENTATION_CONTEXT(2) 
PARAMETRIC_REPRESENTATION_CONTEXT() REPRESENTATION_CONTEXT('2D SPACE',''
  ) );
#1042 = PCURVE('',#1016,#1043);
#1043 = DEFINITIONAL_REPRESENTATION('',(#1044),#1048);
#1044 = LINE('',#1045,#1046);
#1045 = CARTESIAN_POINT('',(6.28318530718,-7.850462293419E-17));
#1046 = VECTOR('',#1047,1.);
#1047 = DIRECTION('',(0.,1.));
#1048 = ( GEOMETRIC_REPRESENTATION_CONTEXT(2) 
PARAMETRIC_REPRESENTATION_CONTEXT() REPRESENTATION_CONTEXT('2D SPACE',''
  ) );
#1049 = ADVANCED_FACE('',(#1050),#1065,.T.);
#1050 = FACE_BOUND('',#1051,.T.);
#1051 = EDGE_LOOP('',(#1052,#1092,#1120,#1144));
#1052 = ORIENTED_EDGE('',*,*,#1053,.T.);
#1053 = EDGE_CURVE('',#1054,#1056,#1058,.T.);
#1054 = VERTEX_POINT('',#1055);
#1055 = CARTESIAN_POINT('',(4.440892098501E-16,11.866174209355,
    -2.050000000028));
#1056 = VERTEX_POINT('',#1057);
#1057 = CARTESIAN_POINT('',(1.154384353356E-15,11.866174209355,
    9.549999999972));
#1058 = SURFACE_CURVE('',#1059,(#1064,#1076),.PCURVE_S1.);
#1059 = CIRCLE('',#1060,5.8);
#1060 = AXIS2_PLACEMENT_3D('',#1061,#1062,#1063);
#1061 = CARTESIAN_POINT('',(4.440892098501E-16,11.866174209355,
    3.749999999972));
#1062 = DIRECTION('',(2.603482580865E-48,-1.,1.349682892682E-16));
#1063 = DIRECTION('',(-2.267016710186E-64,-1.349682892682E-16,-1.));
#1064 = PCURVE('',#1065,#1070);
#1065 = CYLINDRICAL_SURFACE('',#1066,5.8);
#1066 = AXIS2_PLACEMENT_3D('',#1067,#1068,#1069);
#1067 = CARTESIAN_POINT('',(4.440892098501E-16,6.926174209355,
    3.749999999972));
#1068 = DIRECTION('',(2.603482580865E-48,-1.,1.349682892682E-16));
#1069 = DIRECTION('',(-2.267016710186E-64,-1.349682892682E-16,-1.));
#1070 = DEFINITIONAL_REPRESENTATION('',(#1071),#1075);
#1071 = LINE('',#1072,#1073);
#1072 = CARTESIAN_POINT('',(0.,-4.94));
#1073 = VECTOR('',#1074,1.);
#1074 = DIRECTION('',(1.,0.));
#1075 = ( GEOMETRIC_REPRESENTATION_CONTEXT(2) 
PARAMETRIC_REPRESENTATION_CONTEXT() REPRESENTATION_CONTEXT('2D SPACE',''
  ) );
#1076 = PCURVE('',#1077,#1082);
#1077 = PLANE('',#1078);
#1078 = AXIS2_PLACEMENT_3D('',#1079,#1080,#1081);
#1079 = CARTESIAN_POINT('',(-7.560250168959E-16,11.866174209355,
    -1.150000000028));
#1080 = DIRECTION('',(-2.132684188417E-32,1.,-2.22044604925E-16));
#1081 = DIRECTION('',(1.,2.132684188417E-32,-4.735510180469E-48));
#1082 = DEFINITIONAL_REPRESENTATION('',(#1083),#1091);
#1083 = ( BOUNDED_CURVE() B_SPLINE_CURVE(2,(#1084,#1085,#1086,#1087,
#1088,#1089,#1090),.UNSPECIFIED.,.T.,.F.) B_SPLINE_CURVE_WITH_KNOTS((1,2
    ,2,2,2,1),(-2.094395102393,0.,2.094395102393,4.188790204786,
6.28318530718,8.377580409573),.UNSPECIFIED.) CURVE() 
GEOMETRIC_REPRESENTATION_ITEM() RATIONAL_B_SPLINE_CURVE((1.,0.5,1.,0.5,
1.,0.5,1.)) REPRESENTATION_ITEM('') );
#1084 = CARTESIAN_POINT('',(1.200114226746E-15,0.9));
#1085 = CARTESIAN_POINT('',(10.045894683899,0.9));
#1086 = CARTESIAN_POINT('',(5.02294734195,-7.8));
#1087 = CARTESIAN_POINT('',(2.620704513757E-15,-16.5));
#1088 = CARTESIAN_POINT('',(-5.02294734195,-7.8));
#1089 = CARTESIAN_POINT('',(-10.04589468389,0.9));
#1090 = CARTESIAN_POINT('',(1.200114226746E-15,0.9));
#1091 = ( GEOMETRIC_REPRESENTATION_CONTEXT(2) 
PARAMETRIC_REPRESENTATION_CONTEXT() REPRESENTATION_CONTEXT('2D SPACE',''
  ) );
#1092 = ORIENTED_EDGE('',*,*,#1093,.T.);
#1093 = EDGE_CURVE('',#1056,#1094,#1096,.T.);
#1094 = VERTEX_POINT('',#1095);
#1095 = CARTESIAN_POINT('',(1.154384353356E-15,1.986174209355,
    9.549999999972));
#1096 = SURFACE_CURVE('',#1097,(#1101,#1108),.PCURVE_S1.);
#1097 = LINE('',#1098,#1099);
#1098 = CARTESIAN_POINT('',(1.154384353356E-15,6.926174209355,
    9.549999999972));
#1099 = VECTOR('',#1100,1.);
#1100 = DIRECTION('',(2.603482580865E-48,-1.,1.349682892682E-16));
#1101 = PCURVE('',#1065,#1102);
#1102 = DEFINITIONAL_REPRESENTATION('',(#1103),#1107);
#1103 = LINE('',#1104,#1105);
#1104 = CARTESIAN_POINT('',(3.14159265359,-1.7763568394E-15));
#1105 = VECTOR('',#1106,1.);
#1106 = DIRECTION('',(0.,1.));
#1107 = ( GEOMETRIC_REPRESENTATION_CONTEXT(2) 
PARAMETRIC_REPRESENTATION_CONTEXT() REPRESENTATION_CONTEXT('2D SPACE',''
  ) );
#1108 = PCURVE('',#1109,#1114);
#1109 = CYLINDRICAL_SURFACE('',#1110,5.8);
#1110 = AXIS2_PLACEMENT_3D('',#1111,#1112,#1113);
#1111 = CARTESIAN_POINT('',(4.440892098501E-16,6.926174209355,
    3.749999999972));
#1112 = DIRECTION('',(2.603482580865E-48,-1.,1.349682892682E-16));
#1113 = DIRECTION('',(-2.267016710186E-64,-1.349682892682E-16,-1.));
#1114 = DEFINITIONAL_REPRESENTATION('',(#1115),#1119);
#1115 = LINE('',#1116,#1117);
#1116 = CARTESIAN_POINT('',(3.14159265359,-1.7763568394E-15));
#1117 = VECTOR('',#1118,1.);
#1118 = DIRECTION('',(0.,1.));
#1119 = ( GEOMETRIC_REPRESENTATION_CONTEXT(2) 
PARAMETRIC_REPRESENTATION_CONTEXT() REPRESENTATION_CONTEXT('2D SPACE',''
  ) );
#1120 = ORIENTED_EDGE('',*,*,#1121,.F.);
#1121 = EDGE_CURVE('',#1122,#1094,#1124,.T.);
#1122 = VERTEX_POINT('',#1123);
#1123 = CARTESIAN_POINT('',(4.440892098501E-16,1.986174209355,
    -2.050000000028));
#1124 = SURFACE_CURVE('',#1125,(#1130,#1137),.PCURVE_S1.);
#1125 = CIRCLE('',#1126,5.8);
#1126 = AXIS2_PLACEMENT_3D('',#1127,#1128,#1129);
#1127 = CARTESIAN_POINT('',(4.440892098501E-16,1.986174209355,
    3.749999999972));
#1128 = DIRECTION('',(2.603482580865E-48,-1.,1.349682892682E-16));
#1129 = DIRECTION('',(-2.267016710186E-64,-1.349682892682E-16,-1.));
#1130 = PCURVE('',#1065,#1131);
#1131 = DEFINITIONAL_REPRESENTATION('',(#1132),#1136);
#1132 = LINE('',#1133,#1134);
#1133 = CARTESIAN_POINT('',(0.,4.94));
#1134 = VECTOR('',#1135,1.);
#1135 = DIRECTION('',(1.,-5.654319433713E-16));
#1136 = ( GEOMETRIC_REPRESENTATION_CONTEXT(2) 
PARAMETRIC_REPRESENTATION_CONTEXT() REPRESENTATION_CONTEXT('2D SPACE',''
  ) );
#1137 = PCURVE('',#909,#1138);
#1138 = DEFINITIONAL_REPRESENTATION('',(#1139),#1143);
#1139 = CIRCLE('',#1140,5.8);
#1140 = AXIS2_PLACEMENT_2D('',#1141,#1142);
#1141 = CARTESIAN_POINT('',(-5.1,1.249098480899E-15));
#1142 = DIRECTION('',(1.,6.52719680537E-45));
#1143 = ( GEOMETRIC_REPRESENTATION_CONTEXT(2) 
PARAMETRIC_REPRESENTATION_CONTEXT() REPRESENTATION_CONTEXT('2D SPACE',''
  ) );
#1144 = ORIENTED_EDGE('',*,*,#1145,.F.);
#1145 = EDGE_CURVE('',#1054,#1122,#1146,.T.);
#1146 = SURFACE_CURVE('',#1147,(#1151,#1158),.PCURVE_S1.);
#1147 = LINE('',#1148,#1149);
#1148 = CARTESIAN_POINT('',(4.440892098501E-16,6.926174209355,
    -2.050000000028));
#1149 = VECTOR('',#1150,1.);
#1150 = DIRECTION('',(2.603482580865E-48,-1.,1.349682892682E-16));
#1151 = PCURVE('',#1065,#1152);
#1152 = DEFINITIONAL_REPRESENTATION('',(#1153),#1157);
#1153 = LINE('',#1154,#1155);
#1154 = CARTESIAN_POINT('',(0.,-1.7763568394E-15));
#1155 = VECTOR('',#1156,1.);
#1156 = DIRECTION('',(0.,1.));
#1157 = ( GEOMETRIC_REPRESENTATION_CONTEXT(2) 
PARAMETRIC_REPRESENTATION_CONTEXT() REPRESENTATION_CONTEXT('2D SPACE',''
  ) );
#1158 = PCURVE('',#1109,#1159);
#1159 = DEFINITIONAL_REPRESENTATION('',(#1160),#1164);
#1160 = LINE('',#1161,#1162);
#1161 = CARTESIAN_POINT('',(6.28318530718,-1.7763568394E-15));
#1162 = VECTOR('',#1163,1.);
#1163 = DIRECTION('',(0.,1.));
#1164 = ( GEOMETRIC_REPRESENTATION_CONTEXT(2) 
PARAMETRIC_REPRESENTATION_CONTEXT() REPRESENTATION_CONTEXT('2D SPACE',''
  ) );
#1165 = ADVANCED_FACE('',(#1166),#1181,.T.);
#1166 = FACE_BOUND('',#1167,.T.);
#1167 = EDGE_LOOP('',(#1168,#1208,#1236,#1269));
#1168 = ORIENTED_EDGE('',*,*,#1169,.F.);
#1169 = EDGE_CURVE('',#1170,#1172,#1174,.T.);
#1170 = VERTEX_POINT('',#1171);
#1171 = CARTESIAN_POINT('',(1.066209783817E-15,-11.61382579064,
    -6.690000000028));
#1172 = VERTEX_POINT('',#1173);
#1173 = CARTESIAN_POINT('',(4.440892098501E-16,-1.453825790645,
    -6.690000000028));
#1174 = SURFACE_CURVE('',#1175,(#1180,#1192),.PCURVE_S1.);
#1175 = CIRCLE('',#1176,5.08);
#1176 = AXIS2_PLACEMENT_3D('',#1177,#1178,#1179);
#1177 = CARTESIAN_POINT('',(4.440892098501E-16,-6.533825790645,
    -6.690000000028));
#1178 = DIRECTION('',(0.,2.22044604925E-16,1.));
#1179 = DIRECTION('',(0.,1.,-2.22044604925E-16));
#1180 = PCURVE('',#1181,#1186);
#1181 = CYLINDRICAL_SURFACE('',#1182,5.08);
#1182 = AXIS2_PLACEMENT_3D('',#1183,#1184,#1185);
#1183 = CARTESIAN_POINT('',(4.440892098501E-16,-6.533825790645,
    -8.382000000028));
#1184 = DIRECTION('',(0.,-2.22044604925E-16,-1.));
#1185 = DIRECTION('',(0.,1.,-2.22044604925E-16));
#1186 = DEFINITIONAL_REPRESENTATION('',(#1187),#1191);
#1187 = LINE('',#1188,#1189);
#1188 = CARTESIAN_POINT('',(6.28318530718,-1.692));
#1189 = VECTOR('',#1190,1.);
#1190 = DIRECTION('',(-1.,0.));
#1191 = ( GEOMETRIC_REPRESENTATION_CONTEXT(2) 
PARAMETRIC_REPRESENTATION_CONTEXT() REPRESENTATION_CONTEXT('2D SPACE',''
  ) );
#1192 = PCURVE('',#1193,#1198);
#1193 = PLANE('',#1194);
#1194 = AXIS2_PLACEMENT_3D('',#1195,#1196,#1197);
#1195 = CARTESIAN_POINT('',(4.440892098501E-16,-6.533825790645,
    -6.690000000028));
#1196 = DIRECTION('',(0.,-2.22044604925E-16,-1.));
#1197 = DIRECTION('',(0.,1.,-2.22044604925E-16));
#1198 = DEFINITIONAL_REPRESENTATION('',(#1199),#1207);
#1199 = ( BOUNDED_CURVE() B_SPLINE_CURVE(2,(#1200,#1201,#1202,#1203,
#1204,#1205,#1206),.UNSPECIFIED.,.T.,.F.) B_SPLINE_CURVE_WITH_KNOTS((1,2
    ,2,2,2,1),(-2.094395102393,0.,2.094395102393,4.188790204786,
6.28318530718,8.377580409573),.UNSPECIFIED.) CURVE() 
GEOMETRIC_REPRESENTATION_ITEM() RATIONAL_B_SPLINE_CURVE((1.,0.5,1.,0.5,
1.,0.5,1.)) REPRESENTATION_ITEM('') );
#1200 = CARTESIAN_POINT('',(5.08,0.));
#1201 = CARTESIAN_POINT('',(5.08,-8.79881810245));
#1202 = CARTESIAN_POINT('',(-2.54,-4.399409051225));
#1203 = CARTESIAN_POINT('',(-10.16,-1.244241147934E-15));
#1204 = CARTESIAN_POINT('',(-2.54,4.399409051225));
#1205 = CARTESIAN_POINT('',(5.08,8.79881810245));
#1206 = CARTESIAN_POINT('',(5.08,0.));
#1207 = ( GEOMETRIC_REPRESENTATION_CONTEXT(2) 
PARAMETRIC_REPRESENTATION_CONTEXT() REPRESENTATION_CONTEXT('2D SPACE',''
  ) );
#1208 = ORIENTED_EDGE('',*,*,#1209,.T.);
#1209 = EDGE_CURVE('',#1170,#1210,#1212,.T.);
#1210 = VERTEX_POINT('',#1211);
#1211 = CARTESIAN_POINT('',(1.066209783817E-15,-11.61382579064,
    -11.23400000002));
#1212 = SURFACE_CURVE('',#1213,(#1217,#1224),.PCURVE_S1.);
#1213 = LINE('',#1214,#1215);
#1214 = CARTESIAN_POINT('',(1.066209783817E-15,-11.61382579064,
    -8.382000000028));
#1215 = VECTOR('',#1216,1.);
#1216 = DIRECTION('',(0.,-2.22044604925E-16,-1.));
#1217 = PCURVE('',#1181,#1218);
#1218 = DEFINITIONAL_REPRESENTATION('',(#1219),#1223);
#1219 = LINE('',#1220,#1221);
#1220 = CARTESIAN_POINT('',(3.14159265359,0.));
#1221 = VECTOR('',#1222,1.);
#1222 = DIRECTION('',(0.,1.));
#1223 = ( GEOMETRIC_REPRESENTATION_CONTEXT(2) 
PARAMETRIC_REPRESENTATION_CONTEXT() REPRESENTATION_CONTEXT('2D SPACE',''
  ) );
#1224 = PCURVE('',#1225,#1230);
#1225 = CYLINDRICAL_SURFACE('',#1226,5.08);
#1226 = AXIS2_PLACEMENT_3D('',#1227,#1228,#1229);
#1227 = CARTESIAN_POINT('',(4.440892098501E-16,-6.533825790645,
    -8.382000000028));
#1228 = DIRECTION('',(0.,-2.22044604925E-16,-1.));
#1229 = DIRECTION('',(0.,1.,-2.22044604925E-16));
#1230 = DEFINITIONAL_REPRESENTATION('',(#1231),#1235);
#1231 = LINE('',#1232,#1233);
#1232 = CARTESIAN_POINT('',(3.14159265359,0.));
#1233 = VECTOR('',#1234,1.);
#1234 = DIRECTION('',(0.,1.));
#1235 = ( GEOMETRIC_REPRESENTATION_CONTEXT(2) 
PARAMETRIC_REPRESENTATION_CONTEXT() REPRESENTATION_CONTEXT('2D SPACE',''
  ) );
#1236 = ORIENTED_EDGE('',*,*,#1237,.T.);
#1237 = EDGE_CURVE('',#1210,#1238,#1240,.T.);
#1238 = VERTEX_POINT('',#1239);
#1239 = CARTESIAN_POINT('',(4.440892098501E-16,-1.453825790645,
    -11.23400000002));
#1240 = SURFACE_CURVE('',#1241,(#1246,#1253),.PCURVE_S1.);
#1241 = CIRCLE('',#1242,5.08);
#1242 = AXIS2_PLACEMENT_3D('',#1243,#1244,#1245);
#1243 = CARTESIAN_POINT('',(4.440892098501E-16,-6.533825790645,
    -11.23400000002));
#1244 = DIRECTION('',(0.,2.22044604925E-16,1.));
#1245 = DIRECTION('',(0.,1.,-2.22044604925E-16));
#1246 = PCURVE('',#1181,#1247);
#1247 = DEFINITIONAL_REPRESENTATION('',(#1248),#1252);
#1248 = LINE('',#1249,#1250);
#1249 = CARTESIAN_POINT('',(6.28318530718,2.852));
#1250 = VECTOR('',#1251,1.);
#1251 = DIRECTION('',(-1.,0.));
#1252 = ( GEOMETRIC_REPRESENTATION_CONTEXT(2) 
PARAMETRIC_REPRESENTATION_CONTEXT() REPRESENTATION_CONTEXT('2D SPACE',''
  ) );
#1253 = PCURVE('',#1254,#1259);
#1254 = PLANE('',#1255);
#1255 = AXIS2_PLACEMENT_3D('',#1256,#1257,#1258);
#1256 = CARTESIAN_POINT('',(-4.445,-6.533825790645,-11.23400000002));
#1257 = DIRECTION('',(0.,-2.22044604925E-16,-1.));
#1258 = DIRECTION('',(0.,1.,-2.22044604925E-16));
#1259 = DEFINITIONAL_REPRESENTATION('',(#1260),#1268);
#1260 = ( BOUNDED_CURVE() B_SPLINE_CURVE(2,(#1261,#1262,#1263,#1264,
#1265,#1266,#1267),.UNSPECIFIED.,.T.,.F.) B_SPLINE_CURVE_WITH_KNOTS((1,2
    ,2,2,2,1),(-2.094395102393,0.,2.094395102393,4.188790204786,
6.28318530718,8.377580409573),.UNSPECIFIED.) CURVE() 
GEOMETRIC_REPRESENTATION_ITEM() RATIONAL_B_SPLINE_CURVE((1.,0.5,1.,0.5,
1.,0.5,1.)) REPRESENTATION_ITEM('') );
#1261 = CARTESIAN_POINT('',(5.08,4.445));
#1262 = CARTESIAN_POINT('',(5.08,-4.35381810245));
#1263 = CARTESIAN_POINT('',(-2.54,4.559094877505E-02));
#1264 = CARTESIAN_POINT('',(-10.16,4.445));
#1265 = CARTESIAN_POINT('',(-2.54,8.844409051225));
#1266 = CARTESIAN_POINT('',(5.08,13.24381810245));
#1267 = CARTESIAN_POINT('',(5.08,4.445));
#1268 = ( GEOMETRIC_REPRESENTATION_CONTEXT(2) 
PARAMETRIC_REPRESENTATION_CONTEXT() REPRESENTATION_CONTEXT('2D SPACE',''
  ) );
#1269 = ORIENTED_EDGE('',*,*,#1270,.F.);
#1270 = EDGE_CURVE('',#1172,#1238,#1271,.T.);
#1271 = SURFACE_CURVE('',#1272,(#1276,#1283),.PCURVE_S1.);
#1272 = LINE('',#1273,#1274);
#1273 = CARTESIAN_POINT('',(4.440892098501E-16,-1.453825790645,
    -8.382000000028));
#1274 = VECTOR('',#1275,1.);
#1275 = DIRECTION('',(0.,-2.22044604925E-16,-1.));
#1276 = PCURVE('',#1181,#1277);
#1277 = DEFINITIONAL_REPRESENTATION('',(#1278),#1282);
#1278 = LINE('',#1279,#1280);
#1279 = CARTESIAN_POINT('',(0.,0.));
#1280 = VECTOR('',#1281,1.);
#1281 = DIRECTION('',(0.,1.));
#1282 = ( GEOMETRIC_REPRESENTATION_CONTEXT(2) 
PARAMETRIC_REPRESENTATION_CONTEXT() REPRESENTATION_CONTEXT('2D SPACE',''
  ) );
#1283 = PCURVE('',#1225,#1284);
#1284 = DEFINITIONAL_REPRESENTATION('',(#1285),#1289);
#1285 = LINE('',#1286,#1287);
#1286 = CARTESIAN_POINT('',(6.28318530718,0.));
#1287 = VECTOR('',#1288,1.);
#1288 = DIRECTION('',(0.,1.));
#1289 = ( GEOMETRIC_REPRESENTATION_CONTEXT(2) 
PARAMETRIC_REPRESENTATION_CONTEXT() REPRESENTATION_CONTEXT('2D SPACE',''
  ) );
#1290 = ADVANCED_FACE('',(#1291),#1306,.T.);
#1291 = FACE_BOUND('',#1292,.T.);
#1292 = EDGE_LOOP('',(#1293,#1329,#1357,#1385));
#1293 = ORIENTED_EDGE('',*,*,#1294,.T.);
#1294 = EDGE_CURVE('',#1295,#1297,#1299,.T.);
#1295 = VERTEX_POINT('',#1296);
#1296 = CARTESIAN_POINT('',(4.440892098501E-16,12.866174209355,
    -0.250000000028));
#1297 = VERTEX_POINT('',#1298);
#1298 = CARTESIAN_POINT('',(9.33947929509E-16,12.866174209355,
    7.749999999972));
#1299 = SURFACE_CURVE('',#1300,(#1305,#1317),.PCURVE_S1.);
#1300 = CIRCLE('',#1301,4.);
#1301 = AXIS2_PLACEMENT_3D('',#1302,#1303,#1304);
#1302 = CARTESIAN_POINT('',(4.440892098501E-16,12.866174209355,
    3.749999999972));
#1303 = DIRECTION('',(0.,-1.,1.349682892682E-16));
#1304 = DIRECTION('',(0.,-1.349682892682E-16,-1.));
#1305 = PCURVE('',#1306,#1311);
#1306 = CYLINDRICAL_SURFACE('',#1307,4.);
#1307 = AXIS2_PLACEMENT_3D('',#1308,#1309,#1310);
#1308 = CARTESIAN_POINT('',(4.440892098501E-16,12.366174209355,
    3.749999999972));
#1309 = DIRECTION('',(0.,-1.,1.349682892682E-16));
#1310 = DIRECTION('',(0.,-1.349682892682E-16,-1.));
#1311 = DEFINITIONAL_REPRESENTATION('',(#1312),#1316);
#1312 = LINE('',#1313,#1314);
#1313 = CARTESIAN_POINT('',(0.,-0.5));
#1314 = VECTOR('',#1315,1.);
#1315 = DIRECTION('',(1.,0.));
#1316 = ( GEOMETRIC_REPRESENTATION_CONTEXT(2) 
PARAMETRIC_REPRESENTATION_CONTEXT() REPRESENTATION_CONTEXT('2D SPACE',''
  ) );
#1317 = PCURVE('',#1318,#1323);
#1318 = PLANE('',#1319);
#1319 = AXIS2_PLACEMENT_3D('',#1320,#1321,#1322);
#1320 = CARTESIAN_POINT('',(-7.560250168959E-16,12.866174209355,
    -1.150000000028));
#1321 = DIRECTION('',(2.132684188417E-32,-1.,2.22044604925E-16));
#1322 = DIRECTION('',(-1.,-2.132684188417E-32,4.735510180469E-48));
#1323 = DEFINITIONAL_REPRESENTATION('',(#1324),#1328);
#1324 = CIRCLE('',#1325,4.);
#1325 = AXIS2_PLACEMENT_2D('',#1326,#1327);
#1326 = CARTESIAN_POINT('',(-1.200114226746E-15,-4.9));
#1327 = DIRECTION('',(-1.85706281587E-48,1.));
#1328 = ( GEOMETRIC_REPRESENTATION_CONTEXT(2) 
PARAMETRIC_REPRESENTATION_CONTEXT() REPRESENTATION_CONTEXT('2D SPACE',''
  ) );
#1329 = ORIENTED_EDGE('',*,*,#1330,.T.);
#1330 = EDGE_CURVE('',#1297,#1331,#1333,.T.);
#1331 = VERTEX_POINT('',#1332);
#1332 = CARTESIAN_POINT('',(9.33947929509E-16,11.866174209355,
    7.749999999972));
#1333 = SURFACE_CURVE('',#1334,(#1338,#1345),.PCURVE_S1.);
#1334 = LINE('',#1335,#1336);
#1335 = CARTESIAN_POINT('',(9.33947929509E-16,12.366174209355,
    7.749999999972));
#1336 = VECTOR('',#1337,1.);
#1337 = DIRECTION('',(0.,-1.,1.349682892682E-16));
#1338 = PCURVE('',#1306,#1339);
#1339 = DEFINITIONAL_REPRESENTATION('',(#1340),#1344);
#1340 = LINE('',#1341,#1342);
#1341 = CARTESIAN_POINT('',(3.14159265359,0.));
#1342 = VECTOR('',#1343,1.);
#1343 = DIRECTION('',(0.,1.));
#1344 = ( GEOMETRIC_REPRESENTATION_CONTEXT(2) 
PARAMETRIC_REPRESENTATION_CONTEXT() REPRESENTATION_CONTEXT('2D SPACE',''
  ) );
#1345 = PCURVE('',#1346,#1351);
#1346 = CYLINDRICAL_SURFACE('',#1347,4.);
#1347 = AXIS2_PLACEMENT_3D('',#1348,#1349,#1350);
#1348 = CARTESIAN_POINT('',(4.440892098501E-16,12.366174209355,
    3.749999999972));
#1349 = DIRECTION('',(0.,-1.,1.349682892682E-16));
#1350 = DIRECTION('',(0.,-1.349682892682E-16,-1.));
#1351 = DEFINITIONAL_REPRESENTATION('',(#1352),#1356);
#1352 = LINE('',#1353,#1354);
#1353 = CARTESIAN_POINT('',(3.14159265359,0.));
#1354 = VECTOR('',#1355,1.);
#1355 = DIRECTION('',(0.,1.));
#1356 = ( GEOMETRIC_REPRESENTATION_CONTEXT(2) 
PARAMETRIC_REPRESENTATION_CONTEXT() REPRESENTATION_CONTEXT('2D SPACE',''
  ) );
#1357 = ORIENTED_EDGE('',*,*,#1358,.F.);
#1358 = EDGE_CURVE('',#1359,#1331,#1361,.T.);
#1359 = VERTEX_POINT('',#1360);
#1360 = CARTESIAN_POINT('',(4.440892098501E-16,11.866174209355,
    -0.250000000028));
#1361 = SURFACE_CURVE('',#1362,(#1367,#1374),.PCURVE_S1.);
#1362 = CIRCLE('',#1363,4.);
#1363 = AXIS2_PLACEMENT_3D('',#1364,#1365,#1366);
#1364 = CARTESIAN_POINT('',(4.440892098501E-16,11.866174209355,
    3.749999999972));
#1365 = DIRECTION('',(0.,-1.,1.349682892682E-16));
#1366 = DIRECTION('',(0.,-1.349682892682E-16,-1.));
#1367 = PCURVE('',#1306,#1368);
#1368 = DEFINITIONAL_REPRESENTATION('',(#1369),#1373);
#1369 = LINE('',#1370,#1371);
#1370 = CARTESIAN_POINT('',(0.,0.5));
#1371 = VECTOR('',#1372,1.);
#1372 = DIRECTION('',(1.,0.));
#1373 = ( GEOMETRIC_REPRESENTATION_CONTEXT(2) 
PARAMETRIC_REPRESENTATION_CONTEXT() REPRESENTATION_CONTEXT('2D SPACE',''
  ) );
#1374 = PCURVE('',#1077,#1375);
#1375 = DEFINITIONAL_REPRESENTATION('',(#1376),#1384);
#1376 = ( BOUNDED_CURVE() B_SPLINE_CURVE(2,(#1377,#1378,#1379,#1380,
#1381,#1382,#1383),.UNSPECIFIED.,.T.,.F.) B_SPLINE_CURVE_WITH_KNOTS((1,2
    ,2,2,2,1),(-2.094395102393,0.,2.094395102393,4.188790204786,
6.28318530718,8.377580409573),.UNSPECIFIED.) CURVE() 
GEOMETRIC_REPRESENTATION_ITEM() RATIONAL_B_SPLINE_CURVE((1.,0.5,1.,0.5,
1.,0.5,1.)) REPRESENTATION_ITEM('') );
#1377 = CARTESIAN_POINT('',(1.200114226746E-15,-0.9));
#1378 = CARTESIAN_POINT('',(6.928203230276,-0.9));
#1379 = CARTESIAN_POINT('',(3.464101615138,-6.9));
#1380 = CARTESIAN_POINT('',(2.179831666064E-15,-12.9));
#1381 = CARTESIAN_POINT('',(-3.464101615138,-6.9));
#1382 = CARTESIAN_POINT('',(-6.928203230276,-0.9));
#1383 = CARTESIAN_POINT('',(1.200114226746E-15,-0.9));
#1384 = ( GEOMETRIC_REPRESENTATION_CONTEXT(2) 
PARAMETRIC_REPRESENTATION_CONTEXT() REPRESENTATION_CONTEXT('2D SPACE',''
  ) );
#1385 = ORIENTED_EDGE('',*,*,#1386,.F.);
#1386 = EDGE_CURVE('',#1295,#1359,#1387,.T.);
#1387 = SURFACE_CURVE('',#1388,(#1392,#1399),.PCURVE_S1.);
#1388 = LINE('',#1389,#1390);
#1389 = CARTESIAN_POINT('',(4.440892098501E-16,12.366174209355,
    -0.250000000028));
#1390 = VECTOR('',#1391,1.);
#1391 = DIRECTION('',(0.,-1.,1.349682892682E-16));
#1392 = PCURVE('',#1306,#1393);
#1393 = DEFINITIONAL_REPRESENTATION('',(#1394),#1398);
#1394 = LINE('',#1395,#1396);
#1395 = CARTESIAN_POINT('',(0.,0.));
#1396 = VECTOR('',#1397,1.);
#1397 = DIRECTION('',(0.,1.));
#1398 = ( GEOMETRIC_REPRESENTATION_CONTEXT(2) 
PARAMETRIC_REPRESENTATION_CONTEXT() REPRESENTATION_CONTEXT('2D SPACE',''
  ) );
#1399 = PCURVE('',#1346,#1400);
#1400 = DEFINITIONAL_REPRESENTATION('',(#1401),#1405);
#1401 = LINE('',#1402,#1403);
#1402 = CARTESIAN_POINT('',(6.28318530718,0.));
#1403 = VECTOR('',#1404,1.);
#1404 = DIRECTION('',(0.,1.));
#1405 = ( GEOMETRIC_REPRESENTATION_CONTEXT(2) 
PARAMETRIC_REPRESENTATION_CONTEXT() REPRESENTATION_CONTEXT('2D SPACE',''
  ) );
#1406 = ADVANCED_FACE('',(#1407),#1422,.T.);
#1407 = FACE_BOUND('',#1408,.T.);
#1408 = EDGE_LOOP('',(#1409,#1444,#1472,#1505));
#1409 = ORIENTED_EDGE('',*,*,#1410,.F.);
#1410 = EDGE_CURVE('',#1411,#1413,#1415,.T.);
#1411 = VERTEX_POINT('',#1412);
#1412 = CARTESIAN_POINT('',(9.106796403252E-16,-10.34382579064,
    -11.23400000002));
#1413 = VERTEX_POINT('',#1414);
#1414 = CARTESIAN_POINT('',(4.440892098501E-16,-2.723825790645,
    -11.23400000002));
#1415 = SURFACE_CURVE('',#1416,(#1421,#1433),.PCURVE_S1.);
#1416 = CIRCLE('',#1417,3.81);
#1417 = AXIS2_PLACEMENT_3D('',#1418,#1419,#1420);
#1418 = CARTESIAN_POINT('',(4.440892098501E-16,-6.533825790645,
    -11.23400000002));
#1419 = DIRECTION('',(0.,2.22044604925E-16,1.));
#1420 = DIRECTION('',(0.,1.,-2.22044604925E-16));
#1421 = PCURVE('',#1422,#1427);
#1422 = CYLINDRICAL_SURFACE('',#1423,3.81);
#1423 = AXIS2_PLACEMENT_3D('',#1424,#1425,#1426);
#1424 = CARTESIAN_POINT('',(4.440892098501E-16,-6.533825790645,
    -14.64200000002));
#1425 = DIRECTION('',(0.,-2.22044604925E-16,-1.));
#1426 = DIRECTION('',(0.,1.,-2.22044604925E-16));
#1427 = DEFINITIONAL_REPRESENTATION('',(#1428),#1432);
#1428 = LINE('',#1429,#1430);
#1429 = CARTESIAN_POINT('',(6.28318530718,-3.408));
#1430 = VECTOR('',#1431,1.);
#1431 = DIRECTION('',(-1.,0.));
#1432 = ( GEOMETRIC_REPRESENTATION_CONTEXT(2) 
PARAMETRIC_REPRESENTATION_CONTEXT() REPRESENTATION_CONTEXT('2D SPACE',''
  ) );
#1433 = PCURVE('',#1254,#1434);
#1434 = DEFINITIONAL_REPRESENTATION('',(#1435),#1443);
#1435 = ( BOUNDED_CURVE() B_SPLINE_CURVE(2,(#1436,#1437,#1438,#1439,
#1440,#1441,#1442),.UNSPECIFIED.,.T.,.F.) B_SPLINE_CURVE_WITH_KNOTS((1,2
    ,2,2,2,1),(-2.094395102393,0.,2.094395102393,4.188790204786,
6.28318530718,8.377580409573),.UNSPECIFIED.) CURVE() 
GEOMETRIC_REPRESENTATION_ITEM() RATIONAL_B_SPLINE_CURVE((1.,0.5,1.,0.5,
1.,0.5,1.)) REPRESENTATION_ITEM('') );
#1436 = CARTESIAN_POINT('',(3.81,4.445));
#1437 = CARTESIAN_POINT('',(3.81,-2.154113576837));
#1438 = CARTESIAN_POINT('',(-1.905,1.145443211581));
#1439 = CARTESIAN_POINT('',(-7.62,4.445));
#1440 = CARTESIAN_POINT('',(-1.905,7.744556788419));
#1441 = CARTESIAN_POINT('',(3.81,11.044113576837));
#1442 = CARTESIAN_POINT('',(3.81,4.445));
#1443 = ( GEOMETRIC_REPRESENTATION_CONTEXT(2) 
PARAMETRIC_REPRESENTATION_CONTEXT() REPRESENTATION_CONTEXT('2D SPACE',''
  ) );
#1444 = ORIENTED_EDGE('',*,*,#1445,.T.);
#1445 = EDGE_CURVE('',#1411,#1446,#1448,.T.);
#1446 = VERTEX_POINT('',#1447);
#1447 = CARTESIAN_POINT('',(9.106796403252E-16,-10.34382579064,
    -18.05000000002));
#1448 = SURFACE_CURVE('',#1449,(#1453,#1460),.PCURVE_S1.);
#1449 = LINE('',#1450,#1451);
#1450 = CARTESIAN_POINT('',(9.106796403252E-16,-10.34382579064,
    -14.64200000002));
#1451 = VECTOR('',#1452,1.);
#1452 = DIRECTION('',(0.,-2.22044604925E-16,-1.));
#1453 = PCURVE('',#1422,#1454);
#1454 = DEFINITIONAL_REPRESENTATION('',(#1455),#1459);
#1455 = LINE('',#1456,#1457);
#1456 = CARTESIAN_POINT('',(3.14159265359,0.));
#1457 = VECTOR('',#1458,1.);
#1458 = DIRECTION('',(0.,1.));
#1459 = ( GEOMETRIC_REPRESENTATION_CONTEXT(2) 
PARAMETRIC_REPRESENTATION_CONTEXT() REPRESENTATION_CONTEXT('2D SPACE',''
  ) );
#1460 = PCURVE('',#1461,#1466);
#1461 = CYLINDRICAL_SURFACE('',#1462,3.81);
#1462 = AXIS2_PLACEMENT_3D('',#1463,#1464,#1465);
#1463 = CARTESIAN_POINT('',(4.440892098501E-16,-6.533825790645,
    -14.64200000002));
#1464 = DIRECTION('',(0.,-2.22044604925E-16,-1.));
#1465 = DIRECTION('',(0.,1.,-2.22044604925E-16));
#1466 = DEFINITIONAL_REPRESENTATION('',(#1467),#1471);
#1467 = LINE('',#1468,#1469);
#1468 = CARTESIAN_POINT('',(3.14159265359,0.));
#1469 = VECTOR('',#1470,1.);
#1470 = DIRECTION('',(0.,1.));
#1471 = ( GEOMETRIC_REPRESENTATION_CONTEXT(2) 
PARAMETRIC_REPRESENTATION_CONTEXT() REPRESENTATION_CONTEXT('2D SPACE',''
  ) );
#1472 = ORIENTED_EDGE('',*,*,#1473,.T.);
#1473 = EDGE_CURVE('',#1446,#1474,#1476,.T.);
#1474 = VERTEX_POINT('',#1475);
#1475 = CARTESIAN_POINT('',(4.440892098501E-16,-2.723825790645,
    -18.05000000002));
#1476 = SURFACE_CURVE('',#1477,(#1482,#1489),.PCURVE_S1.);
#1477 = CIRCLE('',#1478,3.81);
#1478 = AXIS2_PLACEMENT_3D('',#1479,#1480,#1481);
#1479 = CARTESIAN_POINT('',(4.440892098501E-16,-6.533825790645,
    -18.05000000002));
#1480 = DIRECTION('',(0.,2.22044604925E-16,1.));
#1481 = DIRECTION('',(0.,1.,-2.22044604925E-16));
#1482 = PCURVE('',#1422,#1483);
#1483 = DEFINITIONAL_REPRESENTATION('',(#1484),#1488);
#1484 = LINE('',#1485,#1486);
#1485 = CARTESIAN_POINT('',(6.28318530718,3.408));
#1486 = VECTOR('',#1487,1.);
#1487 = DIRECTION('',(-1.,0.));
#1488 = ( GEOMETRIC_REPRESENTATION_CONTEXT(2) 
PARAMETRIC_REPRESENTATION_CONTEXT() REPRESENTATION_CONTEXT('2D SPACE',''
  ) );
#1489 = PCURVE('',#1490,#1495);
#1490 = PLANE('',#1491);
#1491 = AXIS2_PLACEMENT_3D('',#1492,#1493,#1494);
#1492 = CARTESIAN_POINT('',(-1.905,-6.533825790645,-18.05000000002));
#1493 = DIRECTION('',(0.,-2.22044604925E-16,-1.));
#1494 = DIRECTION('',(0.,1.,-2.22044604925E-16));
#1495 = DEFINITIONAL_REPRESENTATION('',(#1496),#1504);
#1496 = ( BOUNDED_CURVE() B_SPLINE_CURVE(2,(#1497,#1498,#1499,#1500,
#1501,#1502,#1503),.UNSPECIFIED.,.T.,.F.) B_SPLINE_CURVE_WITH_KNOTS((1,2
    ,2,2,2,1),(-2.094395102393,0.,2.094395102393,4.188790204786,
6.28318530718,8.377580409573),.UNSPECIFIED.) CURVE() 
GEOMETRIC_REPRESENTATION_ITEM() RATIONAL_B_SPLINE_CURVE((1.,0.5,1.,0.5,
1.,0.5,1.)) REPRESENTATION_ITEM('') );
#1497 = CARTESIAN_POINT('',(3.81,1.905));
#1498 = CARTESIAN_POINT('',(3.81,-4.694113576837));
#1499 = CARTESIAN_POINT('',(-1.905,-1.394556788419));
#1500 = CARTESIAN_POINT('',(-7.62,1.905));
#1501 = CARTESIAN_POINT('',(-1.905,5.204556788419));
#1502 = CARTESIAN_POINT('',(3.81,8.504113576837));
#1503 = CARTESIAN_POINT('',(3.81,1.905));
#1504 = ( GEOMETRIC_REPRESENTATION_CONTEXT(2) 
PARAMETRIC_REPRESENTATION_CONTEXT() REPRESENTATION_CONTEXT('2D SPACE',''
  ) );
#1505 = ORIENTED_EDGE('',*,*,#1506,.F.);
#1506 = EDGE_CURVE('',#1413,#1474,#1507,.T.);
#1507 = SURFACE_CURVE('',#1508,(#1512,#1519),.PCURVE_S1.);
#1508 = LINE('',#1509,#1510);
#1509 = CARTESIAN_POINT('',(4.440892098501E-16,-2.723825790645,
    -14.64200000002));
#1510 = VECTOR('',#1511,1.);
#1511 = DIRECTION('',(0.,-2.22044604925E-16,-1.));
#1512 = PCURVE('',#1422,#1513);
#1513 = DEFINITIONAL_REPRESENTATION('',(#1514),#1518);
#1514 = LINE('',#1515,#1516);
#1515 = CARTESIAN_POINT('',(0.,0.));
#1516 = VECTOR('',#1517,1.);
#1517 = DIRECTION('',(0.,1.));
#1518 = ( GEOMETRIC_REPRESENTATION_CONTEXT(2) 
PARAMETRIC_REPRESENTATION_CONTEXT() REPRESENTATION_CONTEXT('2D SPACE',''
  ) );
#1519 = PCURVE('',#1461,#1520);
#1520 = DEFINITIONAL_REPRESENTATION('',(#1521),#1525);
#1521 = LINE('',#1522,#1523);
#1522 = CARTESIAN_POINT('',(6.28318530718,0.));
#1523 = VECTOR('',#1524,1.);
#1524 = DIRECTION('',(0.,1.));
#1525 = ( GEOMETRIC_REPRESENTATION_CONTEXT(2) 
PARAMETRIC_REPRESENTATION_CONTEXT() REPRESENTATION_CONTEXT('2D SPACE',''
  ) );
#1526 = ADVANCED_FACE('',(#1527),#1542,.T.);
#1527 = FACE_BOUND('',#1528,.T.);
#1528 = EDGE_LOOP('',(#1529,#1569,#1597,#1621));
#1529 = ORIENTED_EDGE('',*,*,#1530,.T.);
#1530 = EDGE_CURVE('',#1531,#1533,#1535,.T.);
#1531 = VERTEX_POINT('',#1532);
#1532 = CARTESIAN_POINT('',(4.440892098501E-16,13.866174209355,
    -2.050000000028));
#1533 = VERTEX_POINT('',#1534);
#1534 = CARTESIAN_POINT('',(1.154384353356E-15,13.866174209355,
    9.549999999972));
#1535 = SURFACE_CURVE('',#1536,(#1541,#1553),.PCURVE_S1.);
#1536 = CIRCLE('',#1537,5.8);
#1537 = AXIS2_PLACEMENT_3D('',#1538,#1539,#1540);
#1538 = CARTESIAN_POINT('',(4.440892098501E-16,13.866174209355,
    3.749999999972));
#1539 = DIRECTION('',(2.603482580865E-48,-1.,1.349682892682E-16));
#1540 = DIRECTION('',(-2.267016710186E-64,-1.349682892682E-16,-1.));
#1541 = PCURVE('',#1542,#1547);
#1542 = CYLINDRICAL_SURFACE('',#1543,5.8);
#1543 = AXIS2_PLACEMENT_3D('',#1544,#1545,#1546);
#1544 = CARTESIAN_POINT('',(4.440892098501E-16,13.366174209355,
    3.749999999972));
#1545 = DIRECTION('',(2.603482580865E-48,-1.,1.349682892682E-16));
#1546 = DIRECTION('',(-2.267016710186E-64,-1.349682892682E-16,-1.));
#1547 = DEFINITIONAL_REPRESENTATION('',(#1548),#1552);
#1548 = LINE('',#1549,#1550);
#1549 = CARTESIAN_POINT('',(0.,-0.5));
#1550 = VECTOR('',#1551,1.);
#1551 = DIRECTION('',(1.,0.));
#1552 = ( GEOMETRIC_REPRESENTATION_CONTEXT(2) 
PARAMETRIC_REPRESENTATION_CONTEXT() REPRESENTATION_CONTEXT('2D SPACE',''
  ) );
#1553 = PCURVE('',#1554,#1559);
#1554 = PLANE('',#1555);
#1555 = AXIS2_PLACEMENT_3D('',#1556,#1557,#1558);
#1556 = CARTESIAN_POINT('',(-2.661824753669E-16,13.866174209355,
    0.849999999972));
#1557 = DIRECTION('',(-2.132684188417E-32,1.,-2.22044604925E-16));
#1558 = DIRECTION('',(1.,2.132684188417E-32,-4.735510180469E-48));
#1559 = DEFINITIONAL_REPRESENTATION('',(#1560),#1568);
#1560 = ( BOUNDED_CURVE() B_SPLINE_CURVE(2,(#1561,#1562,#1563,#1564,
#1565,#1566,#1567),.UNSPECIFIED.,.T.,.F.) B_SPLINE_CURVE_WITH_KNOTS((1,2
    ,2,2,2,1),(-2.094395102393,0.,2.094395102393,4.188790204786,
6.28318530718,8.377580409573),.UNSPECIFIED.) CURVE() 
GEOMETRIC_REPRESENTATION_ITEM() RATIONAL_B_SPLINE_CURVE((1.,0.5,1.,0.5,
1.,0.5,1.)) REPRESENTATION_ITEM('') );
#1561 = CARTESIAN_POINT('',(7.10271685217E-16,2.9));
#1562 = CARTESIAN_POINT('',(10.045894683899,2.9));
#1563 = CARTESIAN_POINT('',(5.02294734195,-5.8));
#1564 = CARTESIAN_POINT('',(2.130861972228E-15,-14.5));
#1565 = CARTESIAN_POINT('',(-5.02294734195,-5.8));
#1566 = CARTESIAN_POINT('',(-10.04589468389,2.9));
#1567 = CARTESIAN_POINT('',(7.10271685217E-16,2.9));
#1568 = ( GEOMETRIC_REPRESENTATION_CONTEXT(2) 
PARAMETRIC_REPRESENTATION_CONTEXT() REPRESENTATION_CONTEXT('2D SPACE',''
  ) );
#1569 = ORIENTED_EDGE('',*,*,#1570,.T.);
#1570 = EDGE_CURVE('',#1533,#1571,#1573,.T.);
#1571 = VERTEX_POINT('',#1572);
#1572 = CARTESIAN_POINT('',(1.154384353356E-15,12.866174209355,
    9.549999999972));
#1573 = SURFACE_CURVE('',#1574,(#1578,#1585),.PCURVE_S1.);
#1574 = LINE('',#1575,#1576);
#1575 = CARTESIAN_POINT('',(1.154384353356E-15,13.366174209355,
    9.549999999972));
#1576 = VECTOR('',#1577,1.);
#1577 = DIRECTION('',(2.603482580865E-48,-1.,1.349682892682E-16));
#1578 = PCURVE('',#1542,#1579);
#1579 = DEFINITIONAL_REPRESENTATION('',(#1580),#1584);
#1580 = LINE('',#1581,#1582);
#1581 = CARTESIAN_POINT('',(3.14159265359,0.));
#1582 = VECTOR('',#1583,1.);
#1583 = DIRECTION('',(0.,1.));
#1584 = ( GEOMETRIC_REPRESENTATION_CONTEXT(2) 
PARAMETRIC_REPRESENTATION_CONTEXT() REPRESENTATION_CONTEXT('2D SPACE',''
  ) );
#1585 = PCURVE('',#1586,#1591);
#1586 = CYLINDRICAL_SURFACE('',#1587,5.8);
#1587 = AXIS2_PLACEMENT_3D('',#1588,#1589,#1590);
#1588 = CARTESIAN_POINT('',(4.440892098501E-16,13.366174209355,
    3.749999999972));
#1589 = DIRECTION('',(2.603482580865E-48,-1.,1.349682892682E-16));
#1590 = DIRECTION('',(-2.267016710186E-64,-1.349682892682E-16,-1.));
#1591 = DEFINITIONAL_REPRESENTATION('',(#1592),#1596);
#1592 = LINE('',#1593,#1594);
#1593 = CARTESIAN_POINT('',(3.14159265359,0.));
#1594 = VECTOR('',#1595,1.);
#1595 = DIRECTION('',(0.,1.));
#1596 = ( GEOMETRIC_REPRESENTATION_CONTEXT(2) 
PARAMETRIC_REPRESENTATION_CONTEXT() REPRESENTATION_CONTEXT('2D SPACE',''
  ) );
#1597 = ORIENTED_EDGE('',*,*,#1598,.F.);
#1598 = EDGE_CURVE('',#1599,#1571,#1601,.T.);
#1599 = VERTEX_POINT('',#1600);
#1600 = CARTESIAN_POINT('',(4.440892098501E-16,12.866174209355,
    -2.050000000028));
#1601 = SURFACE_CURVE('',#1602,(#1607,#1614),.PCURVE_S1.);
#1602 = CIRCLE('',#1603,5.8);
#1603 = AXIS2_PLACEMENT_3D('',#1604,#1605,#1606);
#1604 = CARTESIAN_POINT('',(4.440892098501E-16,12.866174209355,
    3.749999999972));
#1605 = DIRECTION('',(2.603482580865E-48,-1.,1.349682892682E-16));
#1606 = DIRECTION('',(-2.267016710186E-64,-1.349682892682E-16,-1.));
#1607 = PCURVE('',#1542,#1608);
#1608 = DEFINITIONAL_REPRESENTATION('',(#1609),#1613);
#1609 = LINE('',#1610,#1611);
#1610 = CARTESIAN_POINT('',(0.,0.5));
#1611 = VECTOR('',#1612,1.);
#1612 = DIRECTION('',(1.,0.));
#1613 = ( GEOMETRIC_REPRESENTATION_CONTEXT(2) 
PARAMETRIC_REPRESENTATION_CONTEXT() REPRESENTATION_CONTEXT('2D SPACE',''
  ) );
#1614 = PCURVE('',#1318,#1615);
#1615 = DEFINITIONAL_REPRESENTATION('',(#1616),#1620);
#1616 = CIRCLE('',#1617,5.8);
#1617 = AXIS2_PLACEMENT_2D('',#1618,#1619);
#1618 = CARTESIAN_POINT('',(-1.200114226746E-15,-4.9));
#1619 = DIRECTION('',(-1.85706281587E-48,1.));
#1620 = ( GEOMETRIC_REPRESENTATION_CONTEXT(2) 
PARAMETRIC_REPRESENTATION_CONTEXT() REPRESENTATION_CONTEXT('2D SPACE',''
  ) );
#1621 = ORIENTED_EDGE('',*,*,#1622,.F.);
#1622 = EDGE_CURVE('',#1531,#1599,#1623,.T.);
#1623 = SURFACE_CURVE('',#1624,(#1628,#1635),.PCURVE_S1.);
#1624 = LINE('',#1625,#1626);
#1625 = CARTESIAN_POINT('',(4.440892098501E-16,13.366174209355,
    -2.050000000028));
#1626 = VECTOR('',#1627,1.);
#1627 = DIRECTION('',(2.603482580865E-48,-1.,1.349682892682E-16));
#1628 = PCURVE('',#1542,#1629);
#1629 = DEFINITIONAL_REPRESENTATION('',(#1630),#1634);
#1630 = LINE('',#1631,#1632);
#1631 = CARTESIAN_POINT('',(0.,0.));
#1632 = VECTOR('',#1633,1.);
#1633 = DIRECTION('',(0.,1.));
#1634 = ( GEOMETRIC_REPRESENTATION_CONTEXT(2) 
PARAMETRIC_REPRESENTATION_CONTEXT() REPRESENTATION_CONTEXT('2D SPACE',''
  ) );
#1635 = PCURVE('',#1586,#1636);
#1636 = DEFINITIONAL_REPRESENTATION('',(#1637),#1641);
#1637 = LINE('',#1638,#1639);
#1638 = CARTESIAN_POINT('',(6.28318530718,0.));
#1639 = VECTOR('',#1640,1.);
#1640 = DIRECTION('',(0.,1.));
#1641 = ( GEOMETRIC_REPRESENTATION_CONTEXT(2) 
PARAMETRIC_REPRESENTATION_CONTEXT() REPRESENTATION_CONTEXT('2D SPACE',''
  ) );
#1642 = ADVANCED_FACE('',(#1643),#1657,.F.);
#1643 = FACE_BOUND('',#1644,.F.);
#1644 = EDGE_LOOP('',(#1645,#1680,#1708,#1731));
#1645 = ORIENTED_EDGE('',*,*,#1646,.T.);
#1646 = EDGE_CURVE('',#1647,#1649,#1651,.T.);
#1647 = VERTEX_POINT('',#1648);
#1648 = CARTESIAN_POINT('',(3.,0.366174209355,3.749999999972));
#1649 = VERTEX_POINT('',#1650);
#1650 = CARTESIAN_POINT('',(3.,13.866174209355,3.749999999972));
#1651 = SURFACE_CURVE('',#1652,(#1656,#1668),.PCURVE_S1.);
#1652 = LINE('',#1653,#1654);
#1653 = CARTESIAN_POINT('',(3.,13.866174209355,3.749999999972));
#1654 = VECTOR('',#1655,1.);
#1655 = DIRECTION('',(0.,1.,-2.22044604925E-16));
#1656 = PCURVE('',#1657,#1662);
#1657 = CYLINDRICAL_SURFACE('',#1658,3.);
#1658 = AXIS2_PLACEMENT_3D('',#1659,#1660,#1661);
#1659 = CARTESIAN_POINT('',(4.440892098501E-16,13.866174209355,
    3.749999999972));
#1660 = DIRECTION('',(0.,1.,-2.22044604925E-16));
#1661 = DIRECTION('',(1.,0.,0.));
#1662 = DEFINITIONAL_REPRESENTATION('',(#1663),#1667);
#1663 = LINE('',#1664,#1665);
#1664 = CARTESIAN_POINT('',(6.28318530718,0.));
#1665 = VECTOR('',#1666,1.);
#1666 = DIRECTION('',(0.,1.));
#1667 = ( GEOMETRIC_REPRESENTATION_CONTEXT(2) 
PARAMETRIC_REPRESENTATION_CONTEXT() REPRESENTATION_CONTEXT('2D SPACE',''
  ) );
#1668 = PCURVE('',#1669,#1674);
#1669 = CYLINDRICAL_SURFACE('',#1670,3.);
#1670 = AXIS2_PLACEMENT_3D('',#1671,#1672,#1673);
#1671 = CARTESIAN_POINT('',(4.440892098501E-16,13.866174209355,
    3.749999999972));
#1672 = DIRECTION('',(0.,1.,-2.22044604925E-16));
#1673 = DIRECTION('',(1.,0.,0.));
#1674 = DEFINITIONAL_REPRESENTATION('',(#1675),#1679);
#1675 = LINE('',#1676,#1677);
#1676 = CARTESIAN_POINT('',(0.,0.));
#1677 = VECTOR('',#1678,1.);
#1678 = DIRECTION('',(0.,1.));
#1679 = ( GEOMETRIC_REPRESENTATION_CONTEXT(2) 
PARAMETRIC_REPRESENTATION_CONTEXT() REPRESENTATION_CONTEXT('2D SPACE',''
  ) );
#1680 = ORIENTED_EDGE('',*,*,#1681,.T.);
#1681 = EDGE_CURVE('',#1649,#1682,#1684,.T.);
#1682 = VERTEX_POINT('',#1683);
#1683 = CARTESIAN_POINT('',(-3.,13.866174209355,3.749999999972));
#1684 = SURFACE_CURVE('',#1685,(#1690,#1697),.PCURVE_S1.);
#1685 = CIRCLE('',#1686,3.);
#1686 = AXIS2_PLACEMENT_3D('',#1687,#1688,#1689);
#1687 = CARTESIAN_POINT('',(4.440892098501E-16,13.866174209355,
    3.749999999972));
#1688 = DIRECTION('',(0.,-1.,2.22044604925E-16));
#1689 = DIRECTION('',(1.,0.,0.));
#1690 = PCURVE('',#1657,#1691);
#1691 = DEFINITIONAL_REPRESENTATION('',(#1692),#1696);
#1692 = LINE('',#1693,#1694);
#1693 = CARTESIAN_POINT('',(6.28318530718,0.));
#1694 = VECTOR('',#1695,1.);
#1695 = DIRECTION('',(-1.,0.));
#1696 = ( GEOMETRIC_REPRESENTATION_CONTEXT(2) 
PARAMETRIC_REPRESENTATION_CONTEXT() REPRESENTATION_CONTEXT('2D SPACE',''
  ) );
#1697 = PCURVE('',#1554,#1698);
#1698 = DEFINITIONAL_REPRESENTATION('',(#1699),#1707);
#1699 = ( BOUNDED_CURVE() B_SPLINE_CURVE(2,(#1700,#1701,#1702,#1703,
#1704,#1705,#1706),.UNSPECIFIED.,.T.,.F.) B_SPLINE_CURVE_WITH_KNOTS((1,2
    ,2,2,2,1),(-2.094395102393,0.,2.094395102393,4.188790204786,
6.28318530718,8.377580409573),.UNSPECIFIED.) CURVE() 
GEOMETRIC_REPRESENTATION_ITEM() RATIONAL_B_SPLINE_CURVE((1.,0.5,1.,0.5,
1.,0.5,1.)) REPRESENTATION_ITEM('') );
#1700 = CARTESIAN_POINT('',(3.,-2.9));
#1701 = CARTESIAN_POINT('',(3.,-8.096152422707));
#1702 = CARTESIAN_POINT('',(-1.5,-5.498076211353));
#1703 = CARTESIAN_POINT('',(-6.,-2.9));
#1704 = CARTESIAN_POINT('',(-1.5,-0.301923788647));
#1705 = CARTESIAN_POINT('',(3.,2.296152422707));
#1706 = CARTESIAN_POINT('',(3.,-2.9));
#1707 = ( GEOMETRIC_REPRESENTATION_CONTEXT(2) 
PARAMETRIC_REPRESENTATION_CONTEXT() REPRESENTATION_CONTEXT('2D SPACE',''
  ) );
#1708 = ORIENTED_EDGE('',*,*,#1709,.F.);
#1709 = EDGE_CURVE('',#1710,#1682,#1712,.T.);
#1710 = VERTEX_POINT('',#1711);
#1711 = CARTESIAN_POINT('',(-3.,0.366174209355,3.749999999972));
#1712 = SURFACE_CURVE('',#1713,(#1717,#1724),.PCURVE_S1.);
#1713 = LINE('',#1714,#1715);
#1714 = CARTESIAN_POINT('',(-3.,13.866174209355,3.749999999972));
#1715 = VECTOR('',#1716,1.);
#1716 = DIRECTION('',(0.,1.,-2.22044604925E-16));
#1717 = PCURVE('',#1657,#1718);
#1718 = DEFINITIONAL_REPRESENTATION('',(#1719),#1723);
#1719 = LINE('',#1720,#1721);
#1720 = CARTESIAN_POINT('',(3.14159265359,0.));
#1721 = VECTOR('',#1722,1.);
#1722 = DIRECTION('',(0.,1.));
#1723 = ( GEOMETRIC_REPRESENTATION_CONTEXT(2) 
PARAMETRIC_REPRESENTATION_CONTEXT() REPRESENTATION_CONTEXT('2D SPACE',''
  ) );
#1724 = PCURVE('',#1669,#1725);
#1725 = DEFINITIONAL_REPRESENTATION('',(#1726),#1730);
#1726 = LINE('',#1727,#1728);
#1727 = CARTESIAN_POINT('',(3.14159265359,0.));
#1728 = VECTOR('',#1729,1.);
#1729 = DIRECTION('',(0.,1.));
#1730 = ( GEOMETRIC_REPRESENTATION_CONTEXT(2) 
PARAMETRIC_REPRESENTATION_CONTEXT() REPRESENTATION_CONTEXT('2D SPACE',''
  ) );
#1731 = ORIENTED_EDGE('',*,*,#1732,.T.);
#1732 = EDGE_CURVE('',#1710,#1647,#1733,.T.);
#1733 = SURFACE_CURVE('',#1734,(#1739,#1746),.PCURVE_S1.);
#1734 = CIRCLE('',#1735,3.);
#1735 = AXIS2_PLACEMENT_3D('',#1736,#1737,#1738);
#1736 = CARTESIAN_POINT('',(4.440892098501E-16,0.366174209355,
    3.749999999972));
#1737 = DIRECTION('',(0.,1.,-2.22044604925E-16));
#1738 = DIRECTION('',(1.,0.,0.));
#1739 = PCURVE('',#1657,#1740);
#1740 = DEFINITIONAL_REPRESENTATION('',(#1741),#1745);
#1741 = LINE('',#1742,#1743);
#1742 = CARTESIAN_POINT('',(0.,-13.5));
#1743 = VECTOR('',#1744,1.);
#1744 = DIRECTION('',(1.,0.));
#1745 = ( GEOMETRIC_REPRESENTATION_CONTEXT(2) 
PARAMETRIC_REPRESENTATION_CONTEXT() REPRESENTATION_CONTEXT('2D SPACE',''
  ) );
#1746 = PCURVE('',#1747,#1752);
#1747 = PLANE('',#1748);
#1748 = AXIS2_PLACEMENT_3D('',#1749,#1750,#1751);
#1749 = CARTESIAN_POINT('',(4.440892098501E-16,0.366174209355,
    3.749999999972));
#1750 = DIRECTION('',(0.,1.,-2.22044604925E-16));
#1751 = DIRECTION('',(1.,0.,0.));
#1752 = DEFINITIONAL_REPRESENTATION('',(#1753),#1757);
#1753 = CIRCLE('',#1754,3.);
#1754 = AXIS2_PLACEMENT_2D('',#1755,#1756);
#1755 = CARTESIAN_POINT('',(0.,0.));
#1756 = DIRECTION('',(1.,0.));
#1757 = ( GEOMETRIC_REPRESENTATION_CONTEXT(2) 
PARAMETRIC_REPRESENTATION_CONTEXT() REPRESENTATION_CONTEXT('2D SPACE',''
  ) );
#1758 = ADVANCED_FACE('',(#1759),#507,.T.);
#1759 = FACE_BOUND('',#1760,.T.);
#1760 = EDGE_LOOP('',(#1761,#1762,#1788,#1789,#1817,#1850,#1883,#1916,
    #1949,#1982));
#1761 = ORIENTED_EDGE('',*,*,#491,.F.);
#1762 = ORIENTED_EDGE('',*,*,#1763,.T.);
#1763 = EDGE_CURVE('',#459,#457,#1764,.T.);
#1764 = SURFACE_CURVE('',#1765,(#1770,#1777),.PCURVE_S1.);
#1765 = CIRCLE('',#1766,7.1);
#1766 = AXIS2_PLACEMENT_3D('',#1767,#1768,#1769);
#1767 = CARTESIAN_POINT('',(-2.769813227945E-16,-6.533825790645,
    14.049999999972));
#1768 = DIRECTION('',(4.177697176388E-17,-2.22044604925E-16,-1.));
#1769 = DIRECTION('',(-1.,-9.276351190275E-33,-4.177697176388E-17));
#1770 = PCURVE('',#507,#1771);
#1771 = DEFINITIONAL_REPRESENTATION('',(#1772),#1776);
#1772 = LINE('',#1773,#1774);
#1773 = CARTESIAN_POINT('',(0.,-8.63));
#1774 = VECTOR('',#1775,1.);
#1775 = DIRECTION('',(1.,0.));
#1776 = ( GEOMETRIC_REPRESENTATION_CONTEXT(2) 
PARAMETRIC_REPRESENTATION_CONTEXT() REPRESENTATION_CONTEXT('2D SPACE',''
  ) );
#1777 = PCURVE('',#475,#1778);
#1778 = DEFINITIONAL_REPRESENTATION('',(#1779),#1787);
#1779 = ( BOUNDED_CURVE() B_SPLINE_CURVE(2,(#1780,#1781,#1782,#1783,
#1784,#1785,#1786),.UNSPECIFIED.,.T.,.F.) B_SPLINE_CURVE_WITH_KNOTS((1,2
    ,2,2,2,1),(-2.094395102393,0.,2.094395102393,4.188790204786,
6.28318530718,8.377580409573),.UNSPECIFIED.) CURVE() 
GEOMETRIC_REPRESENTATION_ITEM() RATIONAL_B_SPLINE_CURVE((1.,0.5,1.,0.5,
1.,0.5,1.)) REPRESENTATION_ITEM('') );
#1780 = CARTESIAN_POINT('',(-1.7763568394E-15,-1.118));
#1781 = CARTESIAN_POINT('',(-12.29756073373,-1.118));
#1782 = CARTESIAN_POINT('',(-6.14878036687,9.532));
#1783 = CARTESIAN_POINT('',(-3.515355294189E-15,20.182));
#1784 = CARTESIAN_POINT('',(6.14878036687,9.532));
#1785 = CARTESIAN_POINT('',(12.297560733739,-1.118));
#1786 = CARTESIAN_POINT('',(-1.7763568394E-15,-1.118));
#1787 = ( GEOMETRIC_REPRESENTATION_CONTEXT(2) 
PARAMETRIC_REPRESENTATION_CONTEXT() REPRESENTATION_CONTEXT('2D SPACE',''
  ) );
#1788 = ORIENTED_EDGE('',*,*,#750,.T.);
#1789 = ORIENTED_EDGE('',*,*,#1790,.T.);
#1790 = EDGE_CURVE('',#718,#1791,#1793,.T.);
#1791 = VERTEX_POINT('',#1792);
#1792 = CARTESIAN_POINT('',(-6.35,-9.709908283276,-3.210000000028));
#1793 = SURFACE_CURVE('',#1794,(#1799,#1806),.PCURVE_S1.);
#1794 = CIRCLE('',#1795,7.1);
#1795 = AXIS2_PLACEMENT_3D('',#1796,#1797,#1798);
#1796 = CARTESIAN_POINT('',(4.440892098501E-16,-6.533825790645,
    -3.210000000028));
#1797 = DIRECTION('',(-4.177697176388E-17,2.22044604925E-16,1.));
#1798 = DIRECTION('',(-1.,-9.276351190275E-33,-4.177697176388E-17));
#1799 = PCURVE('',#507,#1800);
#1800 = DEFINITIONAL_REPRESENTATION('',(#1801),#1805);
#1801 = LINE('',#1802,#1803);
#1802 = CARTESIAN_POINT('',(6.28318530718,8.63));
#1803 = VECTOR('',#1804,1.);
#1804 = DIRECTION('',(-1.,0.));
#1805 = ( GEOMETRIC_REPRESENTATION_CONTEXT(2) 
PARAMETRIC_REPRESENTATION_CONTEXT() REPRESENTATION_CONTEXT('2D SPACE',''
  ) );
#1806 = PCURVE('',#734,#1807);
#1807 = DEFINITIONAL_REPRESENTATION('',(#1808),#1816);
#1808 = ( BOUNDED_CURVE() B_SPLINE_CURVE(2,(#1809,#1810,#1811,#1812,
#1813,#1814,#1815),.UNSPECIFIED.,.T.,.F.) B_SPLINE_CURVE_WITH_KNOTS((1,2
    ,2,2,2,1),(-2.094395102393,0.,2.094395102393,4.188790204786,
6.28318530718,8.377580409573),.UNSPECIFIED.) CURVE() 
GEOMETRIC_REPRESENTATION_ITEM() RATIONAL_B_SPLINE_CURVE((1.,0.5,1.,0.5,
1.,0.5,1.)) REPRESENTATION_ITEM('') );
#1809 = CARTESIAN_POINT('',(8.881784197001E-16,-3.55));
#1810 = CARTESIAN_POINT('',(-12.29756073373,-3.55));
#1811 = CARTESIAN_POINT('',(-6.14878036687,7.1));
#1812 = CARTESIAN_POINT('',(-8.508200350891E-16,17.75));
#1813 = CARTESIAN_POINT('',(6.14878036687,7.1));
#1814 = CARTESIAN_POINT('',(12.297560733739,-3.55));
#1815 = CARTESIAN_POINT('',(8.881784197001E-16,-3.55));
#1816 = ( GEOMETRIC_REPRESENTATION_CONTEXT(2) 
PARAMETRIC_REPRESENTATION_CONTEXT() REPRESENTATION_CONTEXT('2D SPACE',''
  ) );
#1817 = ORIENTED_EDGE('',*,*,#1818,.T.);
#1818 = EDGE_CURVE('',#1791,#1819,#1821,.T.);
#1819 = VERTEX_POINT('',#1820);
#1820 = CARTESIAN_POINT('',(-5.925568123134,-10.44504585836,
    -3.210000000028));
#1821 = SURFACE_CURVE('',#1822,(#1827,#1834),.PCURVE_S1.);
#1822 = CIRCLE('',#1823,7.1);
#1823 = AXIS2_PLACEMENT_3D('',#1824,#1825,#1826);
#1824 = CARTESIAN_POINT('',(4.440892098501E-16,-6.533825790645,
    -3.210000000028));
#1825 = DIRECTION('',(-4.177697176388E-17,2.22044604925E-16,1.));
#1826 = DIRECTION('',(-1.,-9.276351190275E-33,-4.177697176388E-17));
#1827 = PCURVE('',#507,#1828);
#1828 = DEFINITIONAL_REPRESENTATION('',(#1829),#1833);
#1829 = LINE('',#1830,#1831);
#1830 = CARTESIAN_POINT('',(6.28318530718,8.63));
#1831 = VECTOR('',#1832,1.);
#1832 = DIRECTION('',(-1.,0.));
#1833 = ( GEOMETRIC_REPRESENTATION_CONTEXT(2) 
PARAMETRIC_REPRESENTATION_CONTEXT() REPRESENTATION_CONTEXT('2D SPACE',''
  ) );
#1834 = PCURVE('',#1835,#1840);
#1835 = PLANE('',#1836);
#1836 = AXIS2_PLACEMENT_3D('',#1837,#1838,#1839);
#1837 = CARTESIAN_POINT('',(4.440892098501E-16,-6.533825790645,
    -3.210000000028));
#1838 = DIRECTION('',(0.,-2.22044604925E-16,-1.));
#1839 = DIRECTION('',(0.,1.,-2.22044604925E-16));
#1840 = DEFINITIONAL_REPRESENTATION('',(#1841),#1849);
#1841 = ( BOUNDED_CURVE() B_SPLINE_CURVE(2,(#1842,#1843,#1844,#1845,
#1846,#1847,#1848),.UNSPECIFIED.,.T.,.F.) B_SPLINE_CURVE_WITH_KNOTS((1,2
    ,2,2,2,1),(-2.094395102393,0.,2.094395102393,4.188790204786,
6.28318530718,8.377580409573),.UNSPECIFIED.) CURVE() 
GEOMETRIC_REPRESENTATION_ITEM() RATIONAL_B_SPLINE_CURVE((1.,0.5,1.,0.5,
1.,0.5,1.)) REPRESENTATION_ITEM('') );
#1842 = CARTESIAN_POINT('',(0.,-7.1));
#1843 = CARTESIAN_POINT('',(-12.29756073373,-7.1));
#1844 = CARTESIAN_POINT('',(-6.14878036687,3.55));
#1845 = CARTESIAN_POINT('',(-1.738998454789E-15,14.2));
#1846 = CARTESIAN_POINT('',(6.14878036687,3.55));
#1847 = CARTESIAN_POINT('',(12.297560733739,-7.1));
#1848 = CARTESIAN_POINT('',(0.,-7.1));
#1849 = ( GEOMETRIC_REPRESENTATION_CONTEXT(2) 
PARAMETRIC_REPRESENTATION_CONTEXT() REPRESENTATION_CONTEXT('2D SPACE',''
  ) );
#1850 = ORIENTED_EDGE('',*,*,#1851,.T.);
#1851 = EDGE_CURVE('',#1819,#1852,#1854,.T.);
#1852 = VERTEX_POINT('',#1853);
#1853 = CARTESIAN_POINT('',(-0.424431876866,-13.62112835099,
    -3.210000000028));
#1854 = SURFACE_CURVE('',#1855,(#1860,#1867),.PCURVE_S1.);
#1855 = CIRCLE('',#1856,7.1);
#1856 = AXIS2_PLACEMENT_3D('',#1857,#1858,#1859);
#1857 = CARTESIAN_POINT('',(4.440892098501E-16,-6.533825790645,
    -3.210000000028));
#1858 = DIRECTION('',(-4.177697176388E-17,2.22044604925E-16,1.));
#1859 = DIRECTION('',(-1.,-9.276351190275E-33,-4.177697176388E-17));
#1860 = PCURVE('',#507,#1861);
#1861 = DEFINITIONAL_REPRESENTATION('',(#1862),#1866);
#1862 = LINE('',#1863,#1864);
#1863 = CARTESIAN_POINT('',(6.28318530718,8.63));
#1864 = VECTOR('',#1865,1.);
#1865 = DIRECTION('',(-1.,0.));
#1866 = ( GEOMETRIC_REPRESENTATION_CONTEXT(2) 
PARAMETRIC_REPRESENTATION_CONTEXT() REPRESENTATION_CONTEXT('2D SPACE',''
  ) );
#1867 = PCURVE('',#1868,#1873);
#1868 = PLANE('',#1869);
#1869 = AXIS2_PLACEMENT_3D('',#1870,#1871,#1872);
#1870 = CARTESIAN_POINT('',(-3.55,-6.533825790645,-3.210000000028));
#1871 = DIRECTION('',(2.506051345239E-48,-2.22044604925E-16,-1.));
#1872 = DIRECTION('',(0.,1.,-2.22044604925E-16));
#1873 = DEFINITIONAL_REPRESENTATION('',(#1874),#1882);
#1874 = ( BOUNDED_CURVE() B_SPLINE_CURVE(2,(#1875,#1876,#1877,#1878,
#1879,#1880,#1881),.UNSPECIFIED.,.T.,.F.) B_SPLINE_CURVE_WITH_KNOTS((1,2
    ,2,2,2,1),(-2.094395102393,0.,2.094395102393,4.188790204786,
6.28318530718,8.377580409573),.UNSPECIFIED.) CURVE() 
GEOMETRIC_REPRESENTATION_ITEM() RATIONAL_B_SPLINE_CURVE((1.,0.5,1.,0.5,
1.,0.5,1.)) REPRESENTATION_ITEM('') );
#1875 = CARTESIAN_POINT('',(8.881784197001E-16,-3.55));
#1876 = CARTESIAN_POINT('',(-12.29756073373,-3.55));
#1877 = CARTESIAN_POINT('',(-6.14878036687,7.1));
#1878 = CARTESIAN_POINT('',(-8.508200350891E-16,17.75));
#1879 = CARTESIAN_POINT('',(6.14878036687,7.1));
#1880 = CARTESIAN_POINT('',(12.297560733739,-3.55));
#1881 = CARTESIAN_POINT('',(8.881784197001E-16,-3.55));
#1882 = ( GEOMETRIC_REPRESENTATION_CONTEXT(2) 
PARAMETRIC_REPRESENTATION_CONTEXT() REPRESENTATION_CONTEXT('2D SPACE',''
  ) );
#1883 = ORIENTED_EDGE('',*,*,#1884,.T.);
#1884 = EDGE_CURVE('',#1852,#1885,#1887,.T.);
#1885 = VERTEX_POINT('',#1886);
#1886 = CARTESIAN_POINT('',(0.424431876866,-13.62112835099,
    -3.210000000028));
#1887 = SURFACE_CURVE('',#1888,(#1893,#1900),.PCURVE_S1.);
#1888 = CIRCLE('',#1889,7.1);
#1889 = AXIS2_PLACEMENT_3D('',#1890,#1891,#1892);
#1890 = CARTESIAN_POINT('',(4.440892098501E-16,-6.533825790645,
    -3.210000000028));
#1891 = DIRECTION('',(-4.177697176388E-17,2.22044604925E-16,1.));
#1892 = DIRECTION('',(-1.,-9.276351190275E-33,-4.177697176388E-17));
#1893 = PCURVE('',#507,#1894);
#1894 = DEFINITIONAL_REPRESENTATION('',(#1895),#1899);
#1895 = LINE('',#1896,#1897);
#1896 = CARTESIAN_POINT('',(6.28318530718,8.63));
#1897 = VECTOR('',#1898,1.);
#1898 = DIRECTION('',(-1.,0.));
#1899 = ( GEOMETRIC_REPRESENTATION_CONTEXT(2) 
PARAMETRIC_REPRESENTATION_CONTEXT() REPRESENTATION_CONTEXT('2D SPACE',''
  ) );
#1900 = PCURVE('',#1901,#1906);
#1901 = PLANE('',#1902);
#1902 = AXIS2_PLACEMENT_3D('',#1903,#1904,#1905);
#1903 = CARTESIAN_POINT('',(4.440892098501E-16,-6.533825790645,
    -3.210000000028));
#1904 = DIRECTION('',(0.,-2.22044604925E-16,-1.));
#1905 = DIRECTION('',(0.,1.,-2.22044604925E-16));
#1906 = DEFINITIONAL_REPRESENTATION('',(#1907),#1915);
#1907 = ( BOUNDED_CURVE() B_SPLINE_CURVE(2,(#1908,#1909,#1910,#1911,
#1912,#1913,#1914),.UNSPECIFIED.,.T.,.F.) B_SPLINE_CURVE_WITH_KNOTS((1,2
    ,2,2,2,1),(-2.094395102393,0.,2.094395102393,4.188790204786,
6.28318530718,8.377580409573),.UNSPECIFIED.) CURVE() 
GEOMETRIC_REPRESENTATION_ITEM() RATIONAL_B_SPLINE_CURVE((1.,0.5,1.,0.5,
1.,0.5,1.)) REPRESENTATION_ITEM('') );
#1908 = CARTESIAN_POINT('',(0.,-7.1));
#1909 = CARTESIAN_POINT('',(-12.29756073373,-7.1));
#1910 = CARTESIAN_POINT('',(-6.14878036687,3.55));
#1911 = CARTESIAN_POINT('',(-1.738998454789E-15,14.2));
#1912 = CARTESIAN_POINT('',(6.14878036687,3.55));
#1913 = CARTESIAN_POINT('',(12.297560733739,-7.1));
#1914 = CARTESIAN_POINT('',(0.,-7.1));
#1915 = ( GEOMETRIC_REPRESENTATION_CONTEXT(2) 
PARAMETRIC_REPRESENTATION_CONTEXT() REPRESENTATION_CONTEXT('2D SPACE',''
  ) );
#1916 = ORIENTED_EDGE('',*,*,#1917,.T.);
#1917 = EDGE_CURVE('',#1885,#1918,#1920,.T.);
#1918 = VERTEX_POINT('',#1919);
#1919 = CARTESIAN_POINT('',(5.925568123134,-10.44504585836,
    -3.210000000028));
#1920 = SURFACE_CURVE('',#1921,(#1926,#1933),.PCURVE_S1.);
#1921 = CIRCLE('',#1922,7.1);
#1922 = AXIS2_PLACEMENT_3D('',#1923,#1924,#1925);
#1923 = CARTESIAN_POINT('',(4.440892098501E-16,-6.533825790645,
    -3.210000000028));
#1924 = DIRECTION('',(-4.177697176388E-17,2.22044604925E-16,1.));
#1925 = DIRECTION('',(-1.,-9.276351190275E-33,-4.177697176388E-17));
#1926 = PCURVE('',#507,#1927);
#1927 = DEFINITIONAL_REPRESENTATION('',(#1928),#1932);
#1928 = LINE('',#1929,#1930);
#1929 = CARTESIAN_POINT('',(6.28318530718,8.63));
#1930 = VECTOR('',#1931,1.);
#1931 = DIRECTION('',(-1.,0.));
#1932 = ( GEOMETRIC_REPRESENTATION_CONTEXT(2) 
PARAMETRIC_REPRESENTATION_CONTEXT() REPRESENTATION_CONTEXT('2D SPACE',''
  ) );
#1933 = PCURVE('',#1934,#1939);
#1934 = PLANE('',#1935);
#1935 = AXIS2_PLACEMENT_3D('',#1936,#1937,#1938);
#1936 = CARTESIAN_POINT('',(-3.55,-6.533825790645,-3.210000000028));
#1937 = DIRECTION('',(2.506051345239E-48,-2.22044604925E-16,-1.));
#1938 = DIRECTION('',(0.,1.,-2.22044604925E-16));
#1939 = DEFINITIONAL_REPRESENTATION('',(#1940),#1948);
#1940 = ( BOUNDED_CURVE() B_SPLINE_CURVE(2,(#1941,#1942,#1943,#1944,
#1945,#1946,#1947),.UNSPECIFIED.,.T.,.F.) B_SPLINE_CURVE_WITH_KNOTS((1,2
    ,2,2,2,1),(-2.094395102393,0.,2.094395102393,4.188790204786,
6.28318530718,8.377580409573),.UNSPECIFIED.) CURVE() 
GEOMETRIC_REPRESENTATION_ITEM() RATIONAL_B_SPLINE_CURVE((1.,0.5,1.,0.5,
1.,0.5,1.)) REPRESENTATION_ITEM('') );
#1941 = CARTESIAN_POINT('',(8.881784197001E-16,-3.55));
#1942 = CARTESIAN_POINT('',(-12.29756073373,-3.55));
#1943 = CARTESIAN_POINT('',(-6.14878036687,7.1));
#1944 = CARTESIAN_POINT('',(-8.508200350891E-16,17.75));
#1945 = CARTESIAN_POINT('',(6.14878036687,7.1));
#1946 = CARTESIAN_POINT('',(12.297560733739,-3.55));
#1947 = CARTESIAN_POINT('',(8.881784197001E-16,-3.55));
#1948 = ( GEOMETRIC_REPRESENTATION_CONTEXT(2) 
PARAMETRIC_REPRESENTATION_CONTEXT() REPRESENTATION_CONTEXT('2D SPACE',''
  ) );
#1949 = ORIENTED_EDGE('',*,*,#1950,.T.);
#1950 = EDGE_CURVE('',#1918,#1951,#1953,.T.);
#1951 = VERTEX_POINT('',#1952);
#1952 = CARTESIAN_POINT('',(6.35,-9.709908283276,-3.210000000028));
#1953 = SURFACE_CURVE('',#1954,(#1959,#1966),.PCURVE_S1.);
#1954 = CIRCLE('',#1955,7.1);
#1955 = AXIS2_PLACEMENT_3D('',#1956,#1957,#1958);
#1956 = CARTESIAN_POINT('',(4.440892098501E-16,-6.533825790645,
    -3.210000000028));
#1957 = DIRECTION('',(-4.177697176388E-17,2.22044604925E-16,1.));
#1958 = DIRECTION('',(-1.,-9.276351190275E-33,-4.177697176388E-17));
#1959 = PCURVE('',#507,#1960);
#1960 = DEFINITIONAL_REPRESENTATION('',(#1961),#1965);
#1961 = LINE('',#1962,#1963);
#1962 = CARTESIAN_POINT('',(6.28318530718,8.63));
#1963 = VECTOR('',#1964,1.);
#1964 = DIRECTION('',(-1.,0.));
#1965 = ( GEOMETRIC_REPRESENTATION_CONTEXT(2) 
PARAMETRIC_REPRESENTATION_CONTEXT() REPRESENTATION_CONTEXT('2D SPACE',''
  ) );
#1966 = PCURVE('',#1967,#1972);
#1967 = PLANE('',#1968);
#1968 = AXIS2_PLACEMENT_3D('',#1969,#1970,#1971);
#1969 = CARTESIAN_POINT('',(4.440892098501E-16,-6.533825790645,
    -3.210000000028));
#1970 = DIRECTION('',(0.,-2.22044604925E-16,-1.));
#1971 = DIRECTION('',(0.,1.,-2.22044604925E-16));
#1972 = DEFINITIONAL_REPRESENTATION('',(#1973),#1981);
#1973 = ( BOUNDED_CURVE() B_SPLINE_CURVE(2,(#1974,#1975,#1976,#1977,
#1978,#1979,#1980),.UNSPECIFIED.,.T.,.F.) B_SPLINE_CURVE_WITH_KNOTS((1,2
    ,2,2,2,1),(-2.094395102393,0.,2.094395102393,4.188790204786,
6.28318530718,8.377580409573),.UNSPECIFIED.) CURVE() 
GEOMETRIC_REPRESENTATION_ITEM() RATIONAL_B_SPLINE_CURVE((1.,0.5,1.,0.5,
1.,0.5,1.)) REPRESENTATION_ITEM('') );
#1974 = CARTESIAN_POINT('',(0.,-7.1));
#1975 = CARTESIAN_POINT('',(-12.29756073373,-7.1));
#1976 = CARTESIAN_POINT('',(-6.14878036687,3.55));
#1977 = CARTESIAN_POINT('',(-1.738998454789E-15,14.2));
#1978 = CARTESIAN_POINT('',(6.14878036687,3.55));
#1979 = CARTESIAN_POINT('',(12.297560733739,-7.1));
#1980 = CARTESIAN_POINT('',(0.,-7.1));
#1981 = ( GEOMETRIC_REPRESENTATION_CONTEXT(2) 
PARAMETRIC_REPRESENTATION_CONTEXT() REPRESENTATION_CONTEXT('2D SPACE',''
  ) );
#1982 = ORIENTED_EDGE('',*,*,#1983,.T.);
#1983 = EDGE_CURVE('',#1951,#492,#1984,.T.);
#1984 = SURFACE_CURVE('',#1985,(#1990,#1997),.PCURVE_S1.);
#1985 = CIRCLE('',#1986,7.1);
#1986 = AXIS2_PLACEMENT_3D('',#1987,#1988,#1989);
#1987 = CARTESIAN_POINT('',(4.440892098501E-16,-6.533825790645,
    -3.210000000028));
#1988 = DIRECTION('',(-4.177697176388E-17,2.22044604925E-16,1.));
#1989 = DIRECTION('',(-1.,3.552713678801E-15,-4.177697176388E-17));
#1990 = PCURVE('',#507,#1991);
#1991 = DEFINITIONAL_REPRESENTATION('',(#1992),#1996);
#1992 = LINE('',#1993,#1994);
#1993 = CARTESIAN_POINT('',(6.28318530718,8.63));
#1994 = VECTOR('',#1995,1.);
#1995 = DIRECTION('',(-1.,0.));
#1996 = ( GEOMETRIC_REPRESENTATION_CONTEXT(2) 
PARAMETRIC_REPRESENTATION_CONTEXT() REPRESENTATION_CONTEXT('2D SPACE',''
  ) );
#1997 = PCURVE('',#536,#1998);
#1998 = DEFINITIONAL_REPRESENTATION('',(#1999),#2007);
#1999 = ( BOUNDED_CURVE() B_SPLINE_CURVE(2,(#2000,#2001,#2002,#2003,
#2004,#2005,#2006),.UNSPECIFIED.,.T.,.F.) B_SPLINE_CURVE_WITH_KNOTS((1,2
    ,2,2,2,1),(-2.094395102393,0.,2.094395102393,4.188790204786,
6.28318530718,8.377580409573),.UNSPECIFIED.) CURVE() 
GEOMETRIC_REPRESENTATION_ITEM() RATIONAL_B_SPLINE_CURVE((1.,0.5,1.,0.5,
1.,0.5,1.)) REPRESENTATION_ITEM('') );
#2000 = CARTESIAN_POINT('',(2.611244553919E-14,-3.55));
#2001 = CARTESIAN_POINT('',(-12.29756073373,-3.55));
#2002 = CARTESIAN_POINT('',(-6.14878036687,7.1));
#2003 = CARTESIAN_POINT('',(-5.129935427406E-14,17.75));
#2004 = CARTESIAN_POINT('',(6.14878036687,7.1));
#2005 = CARTESIAN_POINT('',(12.297560733739,-3.55));
#2006 = CARTESIAN_POINT('',(2.611244553919E-14,-3.55));
#2007 = ( GEOMETRIC_REPRESENTATION_CONTEXT(2) 
PARAMETRIC_REPRESENTATION_CONTEXT() REPRESENTATION_CONTEXT('2D SPACE',''
  ) );
#2008 = ADVANCED_FACE('',(#2009,#2013),#475,.T.);
#2009 = FACE_BOUND('',#2010,.T.);
#2010 = EDGE_LOOP('',(#2011,#2012));
#2011 = ORIENTED_EDGE('',*,*,#456,.F.);
#2012 = ORIENTED_EDGE('',*,*,#1763,.F.);
#2013 = FACE_BOUND('',#2014,.T.);
#2014 = EDGE_LOOP('',(#2015,#2016));
#2015 = ORIENTED_EDGE('',*,*,#838,.T.);
#2016 = ORIENTED_EDGE('',*,*,#2017,.T.);
#2017 = EDGE_CURVE('',#811,#839,#2018,.T.);
#2018 = SURFACE_CURVE('',#2019,(#2024,#2035),.PCURVE_S1.);
#2019 = CIRCLE('',#2020,4.864);
#2020 = AXIS2_PLACEMENT_3D('',#2021,#2022,#2023);
#2021 = CARTESIAN_POINT('',(-2.769813227945E-16,-6.533825790645,
    14.049999999972));
#2022 = DIRECTION('',(4.177697176388E-17,-2.22044604925E-16,-1.));
#2023 = DIRECTION('',(-1.,-9.276351190275E-33,-4.177697176388E-17));
#2024 = PCURVE('',#475,#2025);
#2025 = DEFINITIONAL_REPRESENTATION('',(#2026),#2034);
#2026 = ( BOUNDED_CURVE() B_SPLINE_CURVE(2,(#2027,#2028,#2029,#2030,
#2031,#2032,#2033),.UNSPECIFIED.,.T.,.F.) B_SPLINE_CURVE_WITH_KNOTS((1,2
    ,2,2,2,1),(-2.094395102393,0.,2.094395102393,4.188790204786,
6.28318530718,8.377580409573),.UNSPECIFIED.) CURVE() 
GEOMETRIC_REPRESENTATION_ITEM() RATIONAL_B_SPLINE_CURVE((1.,0.5,1.,0.5,
1.,0.5,1.)) REPRESENTATION_ITEM('') );
#2027 = CARTESIAN_POINT('',(-1.7763568394E-15,1.118));
#2028 = CARTESIAN_POINT('',(-8.424695128015,1.118));
#2029 = CARTESIAN_POINT('',(-4.212347564008,8.414));
#2030 = CARTESIAN_POINT('',(-2.967693245611E-15,15.71));
#2031 = CARTESIAN_POINT('',(4.212347564008,8.414));
#2032 = CARTESIAN_POINT('',(8.424695128015,1.118));
#2033 = CARTESIAN_POINT('',(-1.7763568394E-15,1.118));
#2034 = ( GEOMETRIC_REPRESENTATION_CONTEXT(2) 
PARAMETRIC_REPRESENTATION_CONTEXT() REPRESENTATION_CONTEXT('2D SPACE',''
  ) );
#2035 = PCURVE('',#826,#2036);
#2036 = DEFINITIONAL_REPRESENTATION('',(#2037),#2041);
#2037 = LINE('',#2038,#2039);
#2038 = CARTESIAN_POINT('',(0.,1.7095));
#2039 = VECTOR('',#2040,1.);
#2040 = DIRECTION('',(1.,0.));
#2041 = ( GEOMETRIC_REPRESENTATION_CONTEXT(2) 
PARAMETRIC_REPRESENTATION_CONTEXT() REPRESENTATION_CONTEXT('2D SPACE',''
  ) );
#2042 = ADVANCED_FACE('',(#2043),#536,.T.);
#2043 = FACE_BOUND('',#2044,.T.);
#2044 = EDGE_LOOP('',(#2045,#2071,#2072));
#2045 = ORIENTED_EDGE('',*,*,#2046,.T.);
#2046 = EDGE_CURVE('',#1951,#520,#2047,.T.);
#2047 = SURFACE_CURVE('',#2048,(#2052,#2059),.PCURVE_S1.);
#2048 = LINE('',#2049,#2050);
#2049 = CARTESIAN_POINT('',(6.35,-6.533825790645,-3.210000000028));
#2050 = VECTOR('',#2051,1.);
#2051 = DIRECTION('',(0.,1.,-2.22044604925E-16));
#2052 = PCURVE('',#536,#2053);
#2053 = DEFINITIONAL_REPRESENTATION('',(#2054),#2058);
#2054 = LINE('',#2055,#2056);
#2055 = CARTESIAN_POINT('',(0.,9.9));
#2056 = VECTOR('',#2057,1.);
#2057 = DIRECTION('',(1.,0.));
#2058 = ( GEOMETRIC_REPRESENTATION_CONTEXT(2) 
PARAMETRIC_REPRESENTATION_CONTEXT() REPRESENTATION_CONTEXT('2D SPACE',''
  ) );
#2059 = PCURVE('',#2060,#2065);
#2060 = PLANE('',#2061);
#2061 = AXIS2_PLACEMENT_3D('',#2062,#2063,#2064);
#2062 = CARTESIAN_POINT('',(6.35,-10.19999999999,-3.210000000028));
#2063 = DIRECTION('',(1.,0.,0.));
#2064 = DIRECTION('',(0.,-1.,2.22044604925E-16));
#2065 = DEFINITIONAL_REPRESENTATION('',(#2066),#2070);
#2066 = LINE('',#2067,#2068);
#2067 = CARTESIAN_POINT('',(-3.666174209354,7.412421579778E-17));
#2068 = VECTOR('',#2069,1.);
#2069 = DIRECTION('',(-1.,0.));
#2070 = ( GEOMETRIC_REPRESENTATION_CONTEXT(2) 
PARAMETRIC_REPRESENTATION_CONTEXT() REPRESENTATION_CONTEXT('2D SPACE',''
  ) );
#2071 = ORIENTED_EDGE('',*,*,#519,.F.);
#2072 = ORIENTED_EDGE('',*,*,#1983,.F.);
#2073 = ADVANCED_FACE('',(#2074),#1967,.F.);
#2074 = FACE_BOUND('',#2075,.T.);
#2075 = EDGE_LOOP('',(#2076,#2104,#2125));
#2076 = ORIENTED_EDGE('',*,*,#2077,.F.);
#2077 = EDGE_CURVE('',#2078,#1918,#2080,.T.);
#2078 = VERTEX_POINT('',#2079);
#2079 = CARTESIAN_POINT('',(6.35,-10.19999999999,-3.210000000028));
#2080 = SURFACE_CURVE('',#2081,(#2085,#2092),.PCURVE_S1.);
#2081 = LINE('',#2082,#2083);
#2082 = CARTESIAN_POINT('',(4.440892098501E-16,-13.86617420935,
    -3.210000000028));
#2083 = VECTOR('',#2084,1.);
#2084 = DIRECTION('',(-0.866025403784,-0.5,1.110223024626E-16));
#2085 = PCURVE('',#1967,#2086);
#2086 = DEFINITIONAL_REPRESENTATION('',(#2087),#2091);
#2087 = LINE('',#2088,#2089);
#2088 = CARTESIAN_POINT('',(-7.332348418708,0.));
#2089 = VECTOR('',#2090,1.);
#2090 = DIRECTION('',(-0.5,-0.866025403784));
#2091 = ( GEOMETRIC_REPRESENTATION_CONTEXT(2) 
PARAMETRIC_REPRESENTATION_CONTEXT() REPRESENTATION_CONTEXT('2D SPACE',''
  ) );
#2092 = PCURVE('',#2093,#2098);
#2093 = PLANE('',#2094);
#2094 = AXIS2_PLACEMENT_3D('',#2095,#2096,#2097);
#2095 = CARTESIAN_POINT('',(4.440892098501E-16,-13.86617420935,
    -3.210000000028));
#2096 = DIRECTION('',(0.5,-0.866025403784,1.922962686383E-16));
#2097 = DIRECTION('',(-0.866025403784,-0.5,1.110223024626E-16));
#2098 = DEFINITIONAL_REPRESENTATION('',(#2099),#2103);
#2099 = LINE('',#2100,#2101);
#2100 = CARTESIAN_POINT('',(0.,0.));
#2101 = VECTOR('',#2102,1.);
#2102 = DIRECTION('',(1.,0.));
#2103 = ( GEOMETRIC_REPRESENTATION_CONTEXT(2) 
PARAMETRIC_REPRESENTATION_CONTEXT() REPRESENTATION_CONTEXT('2D SPACE',''
  ) );
#2104 = ORIENTED_EDGE('',*,*,#2105,.F.);
#2105 = EDGE_CURVE('',#1951,#2078,#2106,.T.);
#2106 = SURFACE_CURVE('',#2107,(#2111,#2118),.PCURVE_S1.);
#2107 = LINE('',#2108,#2109);
#2108 = CARTESIAN_POINT('',(6.35,-6.533825790645,-3.210000000028));
#2109 = VECTOR('',#2110,1.);
#2110 = DIRECTION('',(0.,-1.,2.22044604925E-16));
#2111 = PCURVE('',#1967,#2112);
#2112 = DEFINITIONAL_REPRESENTATION('',(#2113),#2117);
#2113 = LINE('',#2114,#2115);
#2114 = CARTESIAN_POINT('',(0.,6.35));
#2115 = VECTOR('',#2116,1.);
#2116 = DIRECTION('',(-1.,0.));
#2117 = ( GEOMETRIC_REPRESENTATION_CONTEXT(2) 
PARAMETRIC_REPRESENTATION_CONTEXT() REPRESENTATION_CONTEXT('2D SPACE',''
  ) );
#2118 = PCURVE('',#2060,#2119);
#2119 = DEFINITIONAL_REPRESENTATION('',(#2120),#2124);
#2120 = LINE('',#2121,#2122);
#2121 = CARTESIAN_POINT('',(-3.666174209354,7.412421579778E-17));
#2122 = VECTOR('',#2123,1.);
#2123 = DIRECTION('',(1.,0.));
#2124 = ( GEOMETRIC_REPRESENTATION_CONTEXT(2) 
PARAMETRIC_REPRESENTATION_CONTEXT() REPRESENTATION_CONTEXT('2D SPACE',''
  ) );
#2125 = ORIENTED_EDGE('',*,*,#1950,.F.);
#2126 = ADVANCED_FACE('',(#2127),#1934,.T.);
#2127 = FACE_BOUND('',#2128,.T.);
#2128 = EDGE_LOOP('',(#2129,#2150));
#2129 = ORIENTED_EDGE('',*,*,#2130,.T.);
#2130 = EDGE_CURVE('',#1885,#1918,#2131,.T.);
#2131 = SURFACE_CURVE('',#2132,(#2136,#2143),.PCURVE_S1.);
#2132 = LINE('',#2133,#2134);
#2133 = CARTESIAN_POINT('',(0.424431876866,-13.62112835099,
    -3.210000000028));
#2134 = VECTOR('',#2135,1.);
#2135 = DIRECTION('',(0.866025403784,0.5,-1.110223024626E-16));
#2136 = PCURVE('',#1934,#2137);
#2137 = DEFINITIONAL_REPRESENTATION('',(#2138),#2142);
#2138 = LINE('',#2139,#2140);
#2139 = CARTESIAN_POINT('',(-7.087302560347,3.974431876866));
#2140 = VECTOR('',#2141,1.);
#2141 = DIRECTION('',(0.5,0.866025403784));
#2142 = ( GEOMETRIC_REPRESENTATION_CONTEXT(2) 
PARAMETRIC_REPRESENTATION_CONTEXT() REPRESENTATION_CONTEXT('2D SPACE',''
  ) );
#2143 = PCURVE('',#2093,#2144);
#2144 = DEFINITIONAL_REPRESENTATION('',(#2145),#2149);
#2145 = LINE('',#2146,#2147);
#2146 = CARTESIAN_POINT('',(-0.490091716722,-5.441111080834E-17));
#2147 = VECTOR('',#2148,1.);
#2148 = DIRECTION('',(-1.,0.));
#2149 = ( GEOMETRIC_REPRESENTATION_CONTEXT(2) 
PARAMETRIC_REPRESENTATION_CONTEXT() REPRESENTATION_CONTEXT('2D SPACE',''
  ) );
#2150 = ORIENTED_EDGE('',*,*,#1917,.F.);
#2151 = ADVANCED_FACE('',(#2152),#1901,.F.);
#2152 = FACE_BOUND('',#2153,.T.);
#2153 = EDGE_LOOP('',(#2154,#2182,#2203));
#2154 = ORIENTED_EDGE('',*,*,#2155,.F.);
#2155 = EDGE_CURVE('',#2156,#1852,#2158,.T.);
#2156 = VERTEX_POINT('',#2157);
#2157 = CARTESIAN_POINT('',(2.452121983474E-15,-13.86617420935,
    -3.210000000028));
#2158 = SURFACE_CURVE('',#2159,(#2163,#2170),.PCURVE_S1.);
#2159 = LINE('',#2160,#2161);
#2160 = CARTESIAN_POINT('',(-6.35,-10.19999999999,-3.210000000028));
#2161 = VECTOR('',#2162,1.);
#2162 = DIRECTION('',(-0.866025403784,0.5,-1.110223024626E-16));
#2163 = PCURVE('',#1901,#2164);
#2164 = DEFINITIONAL_REPRESENTATION('',(#2165),#2169);
#2165 = LINE('',#2166,#2167);
#2166 = CARTESIAN_POINT('',(-3.666174209354,-6.35));
#2167 = VECTOR('',#2168,1.);
#2168 = DIRECTION('',(0.5,-0.866025403784));
#2169 = ( GEOMETRIC_REPRESENTATION_CONTEXT(2) 
PARAMETRIC_REPRESENTATION_CONTEXT() REPRESENTATION_CONTEXT('2D SPACE',''
  ) );
#2170 = PCURVE('',#2171,#2176);
#2171 = PLANE('',#2172);
#2172 = AXIS2_PLACEMENT_3D('',#2173,#2174,#2175);
#2173 = CARTESIAN_POINT('',(-6.35,-10.19999999999,-3.210000000028));
#2174 = DIRECTION('',(-0.5,-0.866025403784,1.922962686383E-16));
#2175 = DIRECTION('',(-0.866025403784,0.5,-1.110223024626E-16));
#2176 = DEFINITIONAL_REPRESENTATION('',(#2177),#2181);
#2177 = LINE('',#2178,#2179);
#2178 = CARTESIAN_POINT('',(0.,0.));
#2179 = VECTOR('',#2180,1.);
#2180 = DIRECTION('',(1.,0.));
#2181 = ( GEOMETRIC_REPRESENTATION_CONTEXT(2) 
PARAMETRIC_REPRESENTATION_CONTEXT() REPRESENTATION_CONTEXT('2D SPACE',''
  ) );
#2182 = ORIENTED_EDGE('',*,*,#2183,.F.);
#2183 = EDGE_CURVE('',#1885,#2156,#2184,.T.);
#2184 = SURFACE_CURVE('',#2185,(#2189,#2196),.PCURVE_S1.);
#2185 = LINE('',#2186,#2187);
#2186 = CARTESIAN_POINT('',(0.424431876866,-13.62112835099,
    -3.210000000028));
#2187 = VECTOR('',#2188,1.);
#2188 = DIRECTION('',(-0.866025403784,-0.5,1.110223024626E-16));
#2189 = PCURVE('',#1901,#2190);
#2190 = DEFINITIONAL_REPRESENTATION('',(#2191),#2195);
#2191 = LINE('',#2192,#2193);
#2192 = CARTESIAN_POINT('',(-7.087302560347,0.424431876866));
#2193 = VECTOR('',#2194,1.);
#2194 = DIRECTION('',(-0.5,-0.866025403784));
#2195 = ( GEOMETRIC_REPRESENTATION_CONTEXT(2) 
PARAMETRIC_REPRESENTATION_CONTEXT() REPRESENTATION_CONTEXT('2D SPACE',''
  ) );
#2196 = PCURVE('',#2093,#2197);
#2197 = DEFINITIONAL_REPRESENTATION('',(#2198),#2202);
#2198 = LINE('',#2199,#2200);
#2199 = CARTESIAN_POINT('',(-0.490091716722,-5.441111080834E-17));
#2200 = VECTOR('',#2201,1.);
#2201 = DIRECTION('',(1.,0.));
#2202 = ( GEOMETRIC_REPRESENTATION_CONTEXT(2) 
PARAMETRIC_REPRESENTATION_CONTEXT() REPRESENTATION_CONTEXT('2D SPACE',''
  ) );
#2203 = ORIENTED_EDGE('',*,*,#1884,.F.);
#2204 = ADVANCED_FACE('',(#2205),#1868,.T.);
#2205 = FACE_BOUND('',#2206,.T.);
#2206 = EDGE_LOOP('',(#2207,#2228));
#2207 = ORIENTED_EDGE('',*,*,#2208,.T.);
#2208 = EDGE_CURVE('',#1819,#1852,#2209,.T.);
#2209 = SURFACE_CURVE('',#2210,(#2214,#2221),.PCURVE_S1.);
#2210 = LINE('',#2211,#2212);
#2211 = CARTESIAN_POINT('',(-5.925568123134,-10.44504585836,
    -3.210000000028));
#2212 = VECTOR('',#2213,1.);
#2213 = DIRECTION('',(0.866025403784,-0.5,1.110223024626E-16));
#2214 = PCURVE('',#1868,#2215);
#2215 = DEFINITIONAL_REPRESENTATION('',(#2216),#2220);
#2216 = LINE('',#2217,#2218);
#2217 = CARTESIAN_POINT('',(-3.911220067715,-2.375568123134));
#2218 = VECTOR('',#2219,1.);
#2219 = DIRECTION('',(-0.5,0.866025403784));
#2220 = ( GEOMETRIC_REPRESENTATION_CONTEXT(2) 
PARAMETRIC_REPRESENTATION_CONTEXT() REPRESENTATION_CONTEXT('2D SPACE',''
  ) );
#2221 = PCURVE('',#2171,#2222);
#2222 = DEFINITIONAL_REPRESENTATION('',(#2223),#2227);
#2223 = LINE('',#2224,#2225);
#2224 = CARTESIAN_POINT('',(-0.490091716722,5.441111080834E-17));
#2225 = VECTOR('',#2226,1.);
#2226 = DIRECTION('',(-1.,0.));
#2227 = ( GEOMETRIC_REPRESENTATION_CONTEXT(2) 
PARAMETRIC_REPRESENTATION_CONTEXT() REPRESENTATION_CONTEXT('2D SPACE',''
  ) );
#2228 = ORIENTED_EDGE('',*,*,#1851,.F.);
#2229 = ADVANCED_FACE('',(#2230),#1835,.F.);
#2230 = FACE_BOUND('',#2231,.T.);
#2231 = EDGE_LOOP('',(#2232,#2260,#2281));
#2232 = ORIENTED_EDGE('',*,*,#2233,.F.);
#2233 = EDGE_CURVE('',#2234,#1791,#2236,.T.);
#2234 = VERTEX_POINT('',#2235);
#2235 = CARTESIAN_POINT('',(-6.35,-10.19999999999,-3.210000000028));
#2236 = SURFACE_CURVE('',#2237,(#2241,#2248),.PCURVE_S1.);
#2237 = LINE('',#2238,#2239);
#2238 = CARTESIAN_POINT('',(-6.35,-2.867651581291,-3.210000000028));
#2239 = VECTOR('',#2240,1.);
#2240 = DIRECTION('',(0.,1.,-2.22044604925E-16));
#2241 = PCURVE('',#1835,#2242);
#2242 = DEFINITIONAL_REPRESENTATION('',(#2243),#2247);
#2243 = LINE('',#2244,#2245);
#2244 = CARTESIAN_POINT('',(3.666174209354,-6.35));
#2245 = VECTOR('',#2246,1.);
#2246 = DIRECTION('',(1.,0.));
#2247 = ( GEOMETRIC_REPRESENTATION_CONTEXT(2) 
PARAMETRIC_REPRESENTATION_CONTEXT() REPRESENTATION_CONTEXT('2D SPACE',''
  ) );
#2248 = PCURVE('',#2249,#2254);
#2249 = PLANE('',#2250);
#2250 = AXIS2_PLACEMENT_3D('',#2251,#2252,#2253);
#2251 = CARTESIAN_POINT('',(-6.35,-2.867651581291,-3.210000000028));
#2252 = DIRECTION('',(-1.,0.,-0.));
#2253 = DIRECTION('',(0.,1.,-2.22044604925E-16));
#2254 = DEFINITIONAL_REPRESENTATION('',(#2255),#2259);
#2255 = LINE('',#2256,#2257);
#2256 = CARTESIAN_POINT('',(0.,0.));
#2257 = VECTOR('',#2258,1.);
#2258 = DIRECTION('',(1.,0.));
#2259 = ( GEOMETRIC_REPRESENTATION_CONTEXT(2) 
PARAMETRIC_REPRESENTATION_CONTEXT() REPRESENTATION_CONTEXT('2D SPACE',''
  ) );
#2260 = ORIENTED_EDGE('',*,*,#2261,.F.);
#2261 = EDGE_CURVE('',#1819,#2234,#2262,.T.);
#2262 = SURFACE_CURVE('',#2263,(#2267,#2274),.PCURVE_S1.);
#2263 = LINE('',#2264,#2265);
#2264 = CARTESIAN_POINT('',(-5.925568123134,-10.44504585836,
    -3.210000000028));
#2265 = VECTOR('',#2266,1.);
#2266 = DIRECTION('',(-0.866025403784,0.5,-1.110223024626E-16));
#2267 = PCURVE('',#1835,#2268);
#2268 = DEFINITIONAL_REPRESENTATION('',(#2269),#2273);
#2269 = LINE('',#2270,#2271);
#2270 = CARTESIAN_POINT('',(-3.911220067715,-5.925568123134));
#2271 = VECTOR('',#2272,1.);
#2272 = DIRECTION('',(0.5,-0.866025403784));
#2273 = ( GEOMETRIC_REPRESENTATION_CONTEXT(2) 
PARAMETRIC_REPRESENTATION_CONTEXT() REPRESENTATION_CONTEXT('2D SPACE',''
  ) );
#2274 = PCURVE('',#2171,#2275);
#2275 = DEFINITIONAL_REPRESENTATION('',(#2276),#2280);
#2276 = LINE('',#2277,#2278);
#2277 = CARTESIAN_POINT('',(-0.490091716722,5.441111080834E-17));
#2278 = VECTOR('',#2279,1.);
#2279 = DIRECTION('',(1.,0.));
#2280 = ( GEOMETRIC_REPRESENTATION_CONTEXT(2) 
PARAMETRIC_REPRESENTATION_CONTEXT() REPRESENTATION_CONTEXT('2D SPACE',''
  ) );
#2281 = ORIENTED_EDGE('',*,*,#1818,.F.);
#2282 = ADVANCED_FACE('',(#2283),#734,.T.);
#2283 = FACE_BOUND('',#2284,.T.);
#2284 = EDGE_LOOP('',(#2285,#2286,#2307));
#2285 = ORIENTED_EDGE('',*,*,#717,.F.);
#2286 = ORIENTED_EDGE('',*,*,#2287,.T.);
#2287 = EDGE_CURVE('',#685,#1791,#2288,.T.);
#2288 = SURFACE_CURVE('',#2289,(#2293,#2300),.PCURVE_S1.);
#2289 = LINE('',#2290,#2291);
#2290 = CARTESIAN_POINT('',(-6.35,-6.533825790645,-3.210000000028));
#2291 = VECTOR('',#2292,1.);
#2292 = DIRECTION('',(-0.,-1.,2.22044604925E-16));
#2293 = PCURVE('',#734,#2294);
#2294 = DEFINITIONAL_REPRESENTATION('',(#2295),#2299);
#2295 = LINE('',#2296,#2297);
#2296 = CARTESIAN_POINT('',(0.,-2.8));
#2297 = VECTOR('',#2298,1.);
#2298 = DIRECTION('',(-1.,0.));
#2299 = ( GEOMETRIC_REPRESENTATION_CONTEXT(2) 
PARAMETRIC_REPRESENTATION_CONTEXT() REPRESENTATION_CONTEXT('2D SPACE',''
  ) );
#2300 = PCURVE('',#2249,#2301);
#2301 = DEFINITIONAL_REPRESENTATION('',(#2302),#2306);
#2302 = LINE('',#2303,#2304);
#2303 = CARTESIAN_POINT('',(-3.666174209354,-7.412421579778E-17));
#2304 = VECTOR('',#2305,1.);
#2305 = DIRECTION('',(-1.,0.));
#2306 = ( GEOMETRIC_REPRESENTATION_CONTEXT(2) 
PARAMETRIC_REPRESENTATION_CONTEXT() REPRESENTATION_CONTEXT('2D SPACE',''
  ) );
#2307 = ORIENTED_EDGE('',*,*,#1790,.F.);
#2308 = ADVANCED_FACE('',(#2309),#826,.T.);
#2309 = FACE_BOUND('',#2310,.T.);
#2310 = EDGE_LOOP('',(#2311,#2312,#2334,#2335));
#2311 = ORIENTED_EDGE('',*,*,#810,.F.);
#2312 = ORIENTED_EDGE('',*,*,#2313,.T.);
#2313 = EDGE_CURVE('',#777,#775,#2314,.T.);
#2314 = SURFACE_CURVE('',#2315,(#2320,#2327),.PCURVE_S1.);
#2315 = CIRCLE('',#2316,4.864);
#2316 = AXIS2_PLACEMENT_3D('',#2317,#2318,#2319);
#2317 = CARTESIAN_POINT('',(-4.198167892552E-16,-6.533825790645,
    17.468999999972));
#2318 = DIRECTION('',(4.177697176388E-17,-2.22044604925E-16,-1.));
#2319 = DIRECTION('',(-1.,-9.276351190275E-33,-4.177697176388E-17));
#2320 = PCURVE('',#826,#2321);
#2321 = DEFINITIONAL_REPRESENTATION('',(#2322),#2326);
#2322 = LINE('',#2323,#2324);
#2323 = CARTESIAN_POINT('',(0.,-1.7095));
#2324 = VECTOR('',#2325,1.);
#2325 = DIRECTION('',(1.,0.));
#2326 = ( GEOMETRIC_REPRESENTATION_CONTEXT(2) 
PARAMETRIC_REPRESENTATION_CONTEXT() REPRESENTATION_CONTEXT('2D SPACE',''
  ) );
#2327 = PCURVE('',#1016,#2328);
#2328 = DEFINITIONAL_REPRESENTATION('',(#2329),#2333);
#2329 = LINE('',#2330,#2331);
#2330 = CARTESIAN_POINT('',(0.,2.401817633668E-11));
#2331 = VECTOR('',#2332,1.);
#2332 = DIRECTION('',(1.,0.));
#2333 = ( GEOMETRIC_REPRESENTATION_CONTEXT(2) 
PARAMETRIC_REPRESENTATION_CONTEXT() REPRESENTATION_CONTEXT('2D SPACE',''
  ) );
#2334 = ORIENTED_EDGE('',*,*,#866,.T.);
#2335 = ORIENTED_EDGE('',*,*,#2017,.F.);
#2336 = ADVANCED_FACE('',(#2337),#376,.T.);
#2337 = FACE_BOUND('',#2338,.T.);
#2338 = EDGE_LOOP('',(#2339,#2340,#2362,#2363));
#2339 = ORIENTED_EDGE('',*,*,#921,.F.);
#2340 = ORIENTED_EDGE('',*,*,#2341,.T.);
#2341 = EDGE_CURVE('',#893,#891,#2342,.T.);
#2342 = SURFACE_CURVE('',#2343,(#2348,#2355),.PCURVE_S1.);
#2343 = CIRCLE('',#2344,4.4);
#2344 = AXIS2_PLACEMENT_3D('',#2345,#2346,#2347);
#2345 = CARTESIAN_POINT('',(4.440892098501E-16,1.986174209355,
    3.749999999972));
#2346 = DIRECTION('',(4.523819939065E-48,-1.,1.349682892682E-16));
#2347 = DIRECTION('',(-3.939175729889E-64,-1.349682892682E-16,-1.));
#2348 = PCURVE('',#376,#2349);
#2349 = DEFINITIONAL_REPRESENTATION('',(#2350),#2354);
#2350 = LINE('',#2351,#2352);
#2351 = CARTESIAN_POINT('',(0.,-4.26));
#2352 = VECTOR('',#2353,1.);
#2353 = DIRECTION('',(1.,5.654319433713E-16));
#2354 = ( GEOMETRIC_REPRESENTATION_CONTEXT(2) 
PARAMETRIC_REPRESENTATION_CONTEXT() REPRESENTATION_CONTEXT('2D SPACE',''
  ) );
#2355 = PCURVE('',#909,#2356);
#2356 = DEFINITIONAL_REPRESENTATION('',(#2357),#2361);
#2357 = CIRCLE('',#2358,4.4);
#2358 = AXIS2_PLACEMENT_2D('',#2359,#2360);
#2359 = CARTESIAN_POINT('',(-5.1,1.249098480899E-15));
#2360 = DIRECTION('',(1.,6.52719680537E-45));
#2361 = ( GEOMETRIC_REPRESENTATION_CONTEXT(2) 
PARAMETRIC_REPRESENTATION_CONTEXT() REPRESENTATION_CONTEXT('2D SPACE',''
  ) );
#2362 = ORIENTED_EDGE('',*,*,#943,.T.);
#2363 = ORIENTED_EDGE('',*,*,#265,.F.);
#2364 = ADVANCED_FACE('',(#2365),#701,.F.);
#2365 = FACE_BOUND('',#2366,.T.);
#2366 = EDGE_LOOP('',(#2367,#2395,#2416));
#2367 = ORIENTED_EDGE('',*,*,#2368,.F.);
#2368 = EDGE_CURVE('',#2369,#652,#2371,.T.);
#2369 = VERTEX_POINT('',#2370);
#2370 = CARTESIAN_POINT('',(-6.35,-2.867651581291,-3.210000000028));
#2371 = SURFACE_CURVE('',#2372,(#2376,#2383),.PCURVE_S1.);
#2372 = LINE('',#2373,#2374);
#2373 = CARTESIAN_POINT('',(4.440892098501E-16,0.798522628063,
    -3.210000000028));
#2374 = VECTOR('',#2375,1.);
#2375 = DIRECTION('',(0.866025403784,0.5,-1.110223024626E-16));
#2376 = PCURVE('',#701,#2377);
#2377 = DEFINITIONAL_REPRESENTATION('',(#2378),#2382);
#2378 = LINE('',#2379,#2380);
#2379 = CARTESIAN_POINT('',(7.332348418708,0.));
#2380 = VECTOR('',#2381,1.);
#2381 = DIRECTION('',(0.5,0.866025403784));
#2382 = ( GEOMETRIC_REPRESENTATION_CONTEXT(2) 
PARAMETRIC_REPRESENTATION_CONTEXT() REPRESENTATION_CONTEXT('2D SPACE',''
  ) );
#2383 = PCURVE('',#2384,#2389);
#2384 = PLANE('',#2385);
#2385 = AXIS2_PLACEMENT_3D('',#2386,#2387,#2388);
#2386 = CARTESIAN_POINT('',(4.440892098501E-16,0.798522628063,
    -3.210000000028));
#2387 = DIRECTION('',(-0.5,0.866025403784,-1.922962686383E-16));
#2388 = DIRECTION('',(0.866025403784,0.5,-1.110223024626E-16));
#2389 = DEFINITIONAL_REPRESENTATION('',(#2390),#2394);
#2390 = LINE('',#2391,#2392);
#2391 = CARTESIAN_POINT('',(0.,0.));
#2392 = VECTOR('',#2393,1.);
#2393 = DIRECTION('',(1.,0.));
#2394 = ( GEOMETRIC_REPRESENTATION_CONTEXT(2) 
PARAMETRIC_REPRESENTATION_CONTEXT() REPRESENTATION_CONTEXT('2D SPACE',''
  ) );
#2395 = ORIENTED_EDGE('',*,*,#2396,.F.);
#2396 = EDGE_CURVE('',#685,#2369,#2397,.T.);
#2397 = SURFACE_CURVE('',#2398,(#2402,#2409),.PCURVE_S1.);
#2398 = LINE('',#2399,#2400);
#2399 = CARTESIAN_POINT('',(-6.35,-6.533825790645,-3.210000000028));
#2400 = VECTOR('',#2401,1.);
#2401 = DIRECTION('',(0.,1.,-2.22044604925E-16));
#2402 = PCURVE('',#701,#2403);
#2403 = DEFINITIONAL_REPRESENTATION('',(#2404),#2408);
#2404 = LINE('',#2405,#2406);
#2405 = CARTESIAN_POINT('',(0.,-6.35));
#2406 = VECTOR('',#2407,1.);
#2407 = DIRECTION('',(1.,0.));
#2408 = ( GEOMETRIC_REPRESENTATION_CONTEXT(2) 
PARAMETRIC_REPRESENTATION_CONTEXT() REPRESENTATION_CONTEXT('2D SPACE',''
  ) );
#2409 = PCURVE('',#2249,#2410);
#2410 = DEFINITIONAL_REPRESENTATION('',(#2411),#2415);
#2411 = LINE('',#2412,#2413);
#2412 = CARTESIAN_POINT('',(-3.666174209354,-7.412421579778E-17));
#2413 = VECTOR('',#2414,1.);
#2414 = DIRECTION('',(1.,0.));
#2415 = ( GEOMETRIC_REPRESENTATION_CONTEXT(2) 
PARAMETRIC_REPRESENTATION_CONTEXT() REPRESENTATION_CONTEXT('2D SPACE',''
  ) );
#2416 = ORIENTED_EDGE('',*,*,#684,.F.);
#2417 = ADVANCED_FACE('',(#2418),#668,.T.);
#2418 = FACE_BOUND('',#2419,.T.);
#2419 = EDGE_LOOP('',(#2420,#2441));
#2420 = ORIENTED_EDGE('',*,*,#2421,.T.);
#2421 = EDGE_CURVE('',#619,#652,#2422,.T.);
#2422 = SURFACE_CURVE('',#2423,(#2427,#2434),.PCURVE_S1.);
#2423 = LINE('',#2424,#2425);
#2424 = CARTESIAN_POINT('',(-0.424431876866,0.553476769702,
    -3.210000000028));
#2425 = VECTOR('',#2426,1.);
#2426 = DIRECTION('',(-0.866025403784,-0.5,1.110223024626E-16));
#2427 = PCURVE('',#668,#2428);
#2428 = DEFINITIONAL_REPRESENTATION('',(#2429),#2433);
#2429 = LINE('',#2430,#2431);
#2430 = CARTESIAN_POINT('',(7.087302560347,3.125568123134));
#2431 = VECTOR('',#2432,1.);
#2432 = DIRECTION('',(-0.5,-0.866025403784));
#2433 = ( GEOMETRIC_REPRESENTATION_CONTEXT(2) 
PARAMETRIC_REPRESENTATION_CONTEXT() REPRESENTATION_CONTEXT('2D SPACE',''
  ) );
#2434 = PCURVE('',#2384,#2435);
#2435 = DEFINITIONAL_REPRESENTATION('',(#2436),#2440);
#2436 = LINE('',#2437,#2438);
#2437 = CARTESIAN_POINT('',(-0.490091716722,5.441111080834E-17));
#2438 = VECTOR('',#2439,1.);
#2439 = DIRECTION('',(-1.,0.));
#2440 = ( GEOMETRIC_REPRESENTATION_CONTEXT(2) 
PARAMETRIC_REPRESENTATION_CONTEXT() REPRESENTATION_CONTEXT('2D SPACE',''
  ) );
#2441 = ORIENTED_EDGE('',*,*,#651,.F.);
#2442 = ADVANCED_FACE('',(#2443),#635,.F.);
#2443 = FACE_BOUND('',#2444,.T.);
#2444 = EDGE_LOOP('',(#2445,#2473,#2494));
#2445 = ORIENTED_EDGE('',*,*,#2446,.F.);
#2446 = EDGE_CURVE('',#2447,#586,#2449,.T.);
#2447 = VERTEX_POINT('',#2448);
#2448 = CARTESIAN_POINT('',(-1.563943563774E-15,0.798522628063,
    -3.210000000028));
#2449 = SURFACE_CURVE('',#2450,(#2454,#2461),.PCURVE_S1.);
#2450 = LINE('',#2451,#2452);
#2451 = CARTESIAN_POINT('',(6.35,-2.867651581291,-3.210000000028));
#2452 = VECTOR('',#2453,1.);
#2453 = DIRECTION('',(0.866025403784,-0.5,1.110223024626E-16));
#2454 = PCURVE('',#635,#2455);
#2455 = DEFINITIONAL_REPRESENTATION('',(#2456),#2460);
#2456 = LINE('',#2457,#2458);
#2457 = CARTESIAN_POINT('',(3.666174209354,6.35));
#2458 = VECTOR('',#2459,1.);
#2459 = DIRECTION('',(-0.5,0.866025403784));
#2460 = ( GEOMETRIC_REPRESENTATION_CONTEXT(2) 
PARAMETRIC_REPRESENTATION_CONTEXT() REPRESENTATION_CONTEXT('2D SPACE',''
  ) );
#2461 = PCURVE('',#2462,#2467);
#2462 = PLANE('',#2463);
#2463 = AXIS2_PLACEMENT_3D('',#2464,#2465,#2466);
#2464 = CARTESIAN_POINT('',(6.35,-2.867651581291,-3.210000000028));
#2465 = DIRECTION('',(0.5,0.866025403784,-1.922962686383E-16));
#2466 = DIRECTION('',(0.866025403784,-0.5,1.110223024626E-16));
#2467 = DEFINITIONAL_REPRESENTATION('',(#2468),#2472);
#2468 = LINE('',#2469,#2470);
#2469 = CARTESIAN_POINT('',(0.,0.));
#2470 = VECTOR('',#2471,1.);
#2471 = DIRECTION('',(1.,0.));
#2472 = ( GEOMETRIC_REPRESENTATION_CONTEXT(2) 
PARAMETRIC_REPRESENTATION_CONTEXT() REPRESENTATION_CONTEXT('2D SPACE',''
  ) );
#2473 = ORIENTED_EDGE('',*,*,#2474,.F.);
#2474 = EDGE_CURVE('',#619,#2447,#2475,.T.);
#2475 = SURFACE_CURVE('',#2476,(#2480,#2487),.PCURVE_S1.);
#2476 = LINE('',#2477,#2478);
#2477 = CARTESIAN_POINT('',(-0.424431876866,0.553476769702,
    -3.210000000028));
#2478 = VECTOR('',#2479,1.);
#2479 = DIRECTION('',(0.866025403784,0.5,-1.110223024626E-16));
#2480 = PCURVE('',#635,#2481);
#2481 = DEFINITIONAL_REPRESENTATION('',(#2482),#2486);
#2482 = LINE('',#2483,#2484);
#2483 = CARTESIAN_POINT('',(7.087302560347,-0.424431876866));
#2484 = VECTOR('',#2485,1.);
#2485 = DIRECTION('',(0.5,0.866025403784));
#2486 = ( GEOMETRIC_REPRESENTATION_CONTEXT(2) 
PARAMETRIC_REPRESENTATION_CONTEXT() REPRESENTATION_CONTEXT('2D SPACE',''
  ) );
#2487 = PCURVE('',#2384,#2488);
#2488 = DEFINITIONAL_REPRESENTATION('',(#2489),#2493);
#2489 = LINE('',#2490,#2491);
#2490 = CARTESIAN_POINT('',(-0.490091716722,5.441111080834E-17));
#2491 = VECTOR('',#2492,1.);
#2492 = DIRECTION('',(1.,0.));
#2493 = ( GEOMETRIC_REPRESENTATION_CONTEXT(2) 
PARAMETRIC_REPRESENTATION_CONTEXT() REPRESENTATION_CONTEXT('2D SPACE',''
  ) );
#2494 = ORIENTED_EDGE('',*,*,#618,.F.);
#2495 = ADVANCED_FACE('',(#2496),#602,.T.);
#2496 = FACE_BOUND('',#2497,.T.);
#2497 = EDGE_LOOP('',(#2498,#2519));
#2498 = ORIENTED_EDGE('',*,*,#2499,.T.);
#2499 = EDGE_CURVE('',#553,#586,#2500,.T.);
#2500 = SURFACE_CURVE('',#2501,(#2505,#2512),.PCURVE_S1.);
#2501 = LINE('',#2502,#2503);
#2502 = CARTESIAN_POINT('',(5.925568123134,-2.62260572293,
    -3.210000000028));
#2503 = VECTOR('',#2504,1.);
#2504 = DIRECTION('',(-0.866025403784,0.5,-1.110223024626E-16));
#2505 = PCURVE('',#602,#2506);
#2506 = DEFINITIONAL_REPRESENTATION('',(#2507),#2511);
#2507 = LINE('',#2508,#2509);
#2508 = CARTESIAN_POINT('',(3.911220067715,9.475568123134));
#2509 = VECTOR('',#2510,1.);
#2510 = DIRECTION('',(0.5,-0.866025403784));
#2511 = ( GEOMETRIC_REPRESENTATION_CONTEXT(2) 
PARAMETRIC_REPRESENTATION_CONTEXT() REPRESENTATION_CONTEXT('2D SPACE',''
  ) );
#2512 = PCURVE('',#2462,#2513);
#2513 = DEFINITIONAL_REPRESENTATION('',(#2514),#2518);
#2514 = LINE('',#2515,#2516);
#2515 = CARTESIAN_POINT('',(-0.490091716722,-5.441111080834E-17));
#2516 = VECTOR('',#2517,1.);
#2517 = DIRECTION('',(-1.,0.));
#2518 = ( GEOMETRIC_REPRESENTATION_CONTEXT(2) 
PARAMETRIC_REPRESENTATION_CONTEXT() REPRESENTATION_CONTEXT('2D SPACE',''
  ) );
#2519 = ORIENTED_EDGE('',*,*,#585,.F.);
#2520 = ADVANCED_FACE('',(#2521),#569,.F.);
#2521 = FACE_BOUND('',#2522,.T.);
#2522 = EDGE_LOOP('',(#2523,#2546,#2567));
#2523 = ORIENTED_EDGE('',*,*,#2524,.F.);
#2524 = EDGE_CURVE('',#2525,#520,#2527,.T.);
#2525 = VERTEX_POINT('',#2526);
#2526 = CARTESIAN_POINT('',(6.35,-2.867651581291,-3.210000000028));
#2527 = SURFACE_CURVE('',#2528,(#2532,#2539),.PCURVE_S1.);
#2528 = LINE('',#2529,#2530);
#2529 = CARTESIAN_POINT('',(6.35,-6.533825790645,-3.210000000028));
#2530 = VECTOR('',#2531,1.);
#2531 = DIRECTION('',(0.,-1.,2.22044604925E-16));
#2532 = PCURVE('',#569,#2533);
#2533 = DEFINITIONAL_REPRESENTATION('',(#2534),#2538);
#2534 = LINE('',#2535,#2536);
#2535 = CARTESIAN_POINT('',(0.,6.35));
#2536 = VECTOR('',#2537,1.);
#2537 = DIRECTION('',(-1.,0.));
#2538 = ( GEOMETRIC_REPRESENTATION_CONTEXT(2) 
PARAMETRIC_REPRESENTATION_CONTEXT() REPRESENTATION_CONTEXT('2D SPACE',''
  ) );
#2539 = PCURVE('',#2060,#2540);
#2540 = DEFINITIONAL_REPRESENTATION('',(#2541),#2545);
#2541 = LINE('',#2542,#2543);
#2542 = CARTESIAN_POINT('',(-3.666174209354,7.412421579778E-17));
#2543 = VECTOR('',#2544,1.);
#2544 = DIRECTION('',(1.,0.));
#2545 = ( GEOMETRIC_REPRESENTATION_CONTEXT(2) 
PARAMETRIC_REPRESENTATION_CONTEXT() REPRESENTATION_CONTEXT('2D SPACE',''
  ) );
#2546 = ORIENTED_EDGE('',*,*,#2547,.F.);
#2547 = EDGE_CURVE('',#553,#2525,#2548,.T.);
#2548 = SURFACE_CURVE('',#2549,(#2553,#2560),.PCURVE_S1.);
#2549 = LINE('',#2550,#2551);
#2550 = CARTESIAN_POINT('',(5.925568123134,-2.62260572293,
    -3.210000000028));
#2551 = VECTOR('',#2552,1.);
#2552 = DIRECTION('',(0.866025403784,-0.5,1.110223024626E-16));
#2553 = PCURVE('',#569,#2554);
#2554 = DEFINITIONAL_REPRESENTATION('',(#2555),#2559);
#2555 = LINE('',#2556,#2557);
#2556 = CARTESIAN_POINT('',(3.911220067715,5.925568123134));
#2557 = VECTOR('',#2558,1.);
#2558 = DIRECTION('',(-0.5,0.866025403784));
#2559 = ( GEOMETRIC_REPRESENTATION_CONTEXT(2) 
PARAMETRIC_REPRESENTATION_CONTEXT() REPRESENTATION_CONTEXT('2D SPACE',''
  ) );
#2560 = PCURVE('',#2462,#2561);
#2561 = DEFINITIONAL_REPRESENTATION('',(#2562),#2566);
#2562 = LINE('',#2563,#2564);
#2563 = CARTESIAN_POINT('',(-0.490091716722,-5.441111080834E-17));
#2564 = VECTOR('',#2565,1.);
#2565 = DIRECTION('',(1.,0.));
#2566 = ( GEOMETRIC_REPRESENTATION_CONTEXT(2) 
PARAMETRIC_REPRESENTATION_CONTEXT() REPRESENTATION_CONTEXT('2D SPACE',''
  ) );
#2567 = ORIENTED_EDGE('',*,*,#552,.F.);
#2568 = ADVANCED_FACE('',(#2569),#2060,.T.);
#2569 = FACE_BOUND('',#2570,.T.);
#2570 = EDGE_LOOP('',(#2571,#2572,#2595,#2618,#2639,#2640));
#2571 = ORIENTED_EDGE('',*,*,#2105,.T.);
#2572 = ORIENTED_EDGE('',*,*,#2573,.T.);
#2573 = EDGE_CURVE('',#2078,#2574,#2576,.T.);
#2574 = VERTEX_POINT('',#2575);
#2575 = CARTESIAN_POINT('',(6.35,-10.19999999999,-6.690000000028));
#2576 = SURFACE_CURVE('',#2577,(#2581,#2588),.PCURVE_S1.);
#2577 = LINE('',#2578,#2579);
#2578 = CARTESIAN_POINT('',(6.35,-10.19999999999,-3.210000000028));
#2579 = VECTOR('',#2580,1.);
#2580 = DIRECTION('',(0.,-2.22044604925E-16,-1.));
#2581 = PCURVE('',#2060,#2582);
#2582 = DEFINITIONAL_REPRESENTATION('',(#2583),#2587);
#2583 = LINE('',#2584,#2585);
#2584 = CARTESIAN_POINT('',(0.,0.));
#2585 = VECTOR('',#2586,1.);
#2586 = DIRECTION('',(0.,1.));
#2587 = ( GEOMETRIC_REPRESENTATION_CONTEXT(2) 
PARAMETRIC_REPRESENTATION_CONTEXT() REPRESENTATION_CONTEXT('2D SPACE',''
  ) );
#2588 = PCURVE('',#2093,#2589);
#2589 = DEFINITIONAL_REPRESENTATION('',(#2590),#2594);
#2590 = LINE('',#2591,#2592);
#2591 = CARTESIAN_POINT('',(-7.332348418708,7.412421579745E-17));
#2592 = VECTOR('',#2593,1.);
#2593 = DIRECTION('',(0.,1.));
#2594 = ( GEOMETRIC_REPRESENTATION_CONTEXT(2) 
PARAMETRIC_REPRESENTATION_CONTEXT() REPRESENTATION_CONTEXT('2D SPACE',''
  ) );
#2595 = ORIENTED_EDGE('',*,*,#2596,.T.);
#2596 = EDGE_CURVE('',#2574,#2597,#2599,.T.);
#2597 = VERTEX_POINT('',#2598);
#2598 = CARTESIAN_POINT('',(6.35,-2.867651581291,-6.690000000028));
#2599 = SURFACE_CURVE('',#2600,(#2604,#2611),.PCURVE_S1.);
#2600 = LINE('',#2601,#2602);
#2601 = CARTESIAN_POINT('',(6.35,-10.19999999999,-6.690000000028));
#2602 = VECTOR('',#2603,1.);
#2603 = DIRECTION('',(0.,1.,-2.22044604925E-16));
#2604 = PCURVE('',#2060,#2605);
#2605 = DEFINITIONAL_REPRESENTATION('',(#2606),#2610);
#2606 = LINE('',#2607,#2608);
#2607 = CARTESIAN_POINT('',(1.003641614261E-15,3.48));
#2608 = VECTOR('',#2609,1.);
#2609 = DIRECTION('',(-1.,0.));
#2610 = ( GEOMETRIC_REPRESENTATION_CONTEXT(2) 
PARAMETRIC_REPRESENTATION_CONTEXT() REPRESENTATION_CONTEXT('2D SPACE',''
  ) );
#2611 = PCURVE('',#1193,#2612);
#2612 = DEFINITIONAL_REPRESENTATION('',(#2613),#2617);
#2613 = LINE('',#2614,#2615);
#2614 = CARTESIAN_POINT('',(-3.666174209354,6.35));
#2615 = VECTOR('',#2616,1.);
#2616 = DIRECTION('',(1.,0.));
#2617 = ( GEOMETRIC_REPRESENTATION_CONTEXT(2) 
PARAMETRIC_REPRESENTATION_CONTEXT() REPRESENTATION_CONTEXT('2D SPACE',''
  ) );
#2618 = ORIENTED_EDGE('',*,*,#2619,.T.);
#2619 = EDGE_CURVE('',#2597,#2525,#2620,.T.);
#2620 = SURFACE_CURVE('',#2621,(#2625,#2632),.PCURVE_S1.);
#2621 = LINE('',#2622,#2623);
#2622 = CARTESIAN_POINT('',(6.35,-2.867651581291,-3.210000000028));
#2623 = VECTOR('',#2624,1.);
#2624 = DIRECTION('',(-0.,2.22044604925E-16,1.));
#2625 = PCURVE('',#2060,#2626);
#2626 = DEFINITIONAL_REPRESENTATION('',(#2627),#2631);
#2627 = LINE('',#2628,#2629);
#2628 = CARTESIAN_POINT('',(-7.332348418708,1.482484315956E-16));
#2629 = VECTOR('',#2630,1.);
#2630 = DIRECTION('',(0.,-1.));
#2631 = ( GEOMETRIC_REPRESENTATION_CONTEXT(2) 
PARAMETRIC_REPRESENTATION_CONTEXT() REPRESENTATION_CONTEXT('2D SPACE',''
  ) );
#2632 = PCURVE('',#2462,#2633);
#2633 = DEFINITIONAL_REPRESENTATION('',(#2634),#2638);
#2634 = LINE('',#2635,#2636);
#2635 = CARTESIAN_POINT('',(0.,0.));
#2636 = VECTOR('',#2637,1.);
#2637 = DIRECTION('',(0.,-1.));
#2638 = ( GEOMETRIC_REPRESENTATION_CONTEXT(2) 
PARAMETRIC_REPRESENTATION_CONTEXT() REPRESENTATION_CONTEXT('2D SPACE',''
  ) );
#2639 = ORIENTED_EDGE('',*,*,#2524,.T.);
#2640 = ORIENTED_EDGE('',*,*,#2046,.F.);
#2641 = ADVANCED_FACE('',(#2642),#2093,.T.);
#2642 = FACE_BOUND('',#2643,.T.);
#2643 = EDGE_LOOP('',(#2644,#2645,#2668,#2689,#2690,#2691));
#2644 = ORIENTED_EDGE('',*,*,#2183,.T.);
#2645 = ORIENTED_EDGE('',*,*,#2646,.T.);
#2646 = EDGE_CURVE('',#2156,#2647,#2649,.T.);
#2647 = VERTEX_POINT('',#2648);
#2648 = CARTESIAN_POINT('',(2.178812685827E-15,-13.86617420935,
    -6.690000000028));
#2649 = SURFACE_CURVE('',#2650,(#2654,#2661),.PCURVE_S1.);
#2650 = LINE('',#2651,#2652);
#2651 = CARTESIAN_POINT('',(4.440892098501E-16,-13.86617420935,
    -3.210000000028));
#2652 = VECTOR('',#2653,1.);
#2653 = DIRECTION('',(0.,-2.22044604925E-16,-1.));
#2654 = PCURVE('',#2093,#2655);
#2655 = DEFINITIONAL_REPRESENTATION('',(#2656),#2660);
#2656 = LINE('',#2657,#2658);
#2657 = CARTESIAN_POINT('',(0.,0.));
#2658 = VECTOR('',#2659,1.);
#2659 = DIRECTION('',(0.,1.));
#2660 = ( GEOMETRIC_REPRESENTATION_CONTEXT(2) 
PARAMETRIC_REPRESENTATION_CONTEXT() REPRESENTATION_CONTEXT('2D SPACE',''
  ) );
#2661 = PCURVE('',#2171,#2662);
#2662 = DEFINITIONAL_REPRESENTATION('',(#2663),#2667);
#2663 = LINE('',#2664,#2665);
#2664 = CARTESIAN_POINT('',(-7.332348418708,-7.412421579745E-17));
#2665 = VECTOR('',#2666,1.);
#2666 = DIRECTION('',(0.,1.));
#2667 = ( GEOMETRIC_REPRESENTATION_CONTEXT(2) 
PARAMETRIC_REPRESENTATION_CONTEXT() REPRESENTATION_CONTEXT('2D SPACE',''
  ) );
#2668 = ORIENTED_EDGE('',*,*,#2669,.T.);
#2669 = EDGE_CURVE('',#2647,#2574,#2670,.T.);
#2670 = SURFACE_CURVE('',#2671,(#2675,#2682),.PCURVE_S1.);
#2671 = LINE('',#2672,#2673);
#2672 = CARTESIAN_POINT('',(4.440892098501E-16,-13.86617420935,
    -6.690000000028));
#2673 = VECTOR('',#2674,1.);
#2674 = DIRECTION('',(0.866025403784,0.5,-1.110223024626E-16));
#2675 = PCURVE('',#2093,#2676);
#2676 = DEFINITIONAL_REPRESENTATION('',(#2677),#2681);
#2677 = LINE('',#2678,#2679);
#2678 = CARTESIAN_POINT('',(8.781864124787E-16,3.48));
#2679 = VECTOR('',#2680,1.);
#2680 = DIRECTION('',(-1.,0.));
#2681 = ( GEOMETRIC_REPRESENTATION_CONTEXT(2) 
PARAMETRIC_REPRESENTATION_CONTEXT() REPRESENTATION_CONTEXT('2D SPACE',''
  ) );
#2682 = PCURVE('',#1193,#2683);
#2683 = DEFINITIONAL_REPRESENTATION('',(#2684),#2688);
#2684 = LINE('',#2685,#2686);
#2685 = CARTESIAN_POINT('',(-7.332348418708,0.));
#2686 = VECTOR('',#2687,1.);
#2687 = DIRECTION('',(0.5,0.866025403784));
#2688 = ( GEOMETRIC_REPRESENTATION_CONTEXT(2) 
PARAMETRIC_REPRESENTATION_CONTEXT() REPRESENTATION_CONTEXT('2D SPACE',''
  ) );
#2689 = ORIENTED_EDGE('',*,*,#2573,.F.);
#2690 = ORIENTED_EDGE('',*,*,#2077,.T.);
#2691 = ORIENTED_EDGE('',*,*,#2130,.F.);
#2692 = ADVANCED_FACE('',(#2693),#2171,.T.);
#2693 = FACE_BOUND('',#2694,.T.);
#2694 = EDGE_LOOP('',(#2695,#2696,#2719,#2740,#2741,#2742));
#2695 = ORIENTED_EDGE('',*,*,#2261,.T.);
#2696 = ORIENTED_EDGE('',*,*,#2697,.T.);
#2697 = EDGE_CURVE('',#2234,#2698,#2700,.T.);
#2698 = VERTEX_POINT('',#2699);
#2699 = CARTESIAN_POINT('',(-6.35,-10.19999999999,-6.690000000028));
#2700 = SURFACE_CURVE('',#2701,(#2705,#2712),.PCURVE_S1.);
#2701 = LINE('',#2702,#2703);
#2702 = CARTESIAN_POINT('',(-6.35,-10.19999999999,-3.210000000028));
#2703 = VECTOR('',#2704,1.);
#2704 = DIRECTION('',(0.,-2.22044604925E-16,-1.));
#2705 = PCURVE('',#2171,#2706);
#2706 = DEFINITIONAL_REPRESENTATION('',(#2707),#2711);
#2707 = LINE('',#2708,#2709);
#2708 = CARTESIAN_POINT('',(0.,0.));
#2709 = VECTOR('',#2710,1.);
#2710 = DIRECTION('',(0.,1.));
#2711 = ( GEOMETRIC_REPRESENTATION_CONTEXT(2) 
PARAMETRIC_REPRESENTATION_CONTEXT() REPRESENTATION_CONTEXT('2D SPACE',''
  ) );
#2712 = PCURVE('',#2249,#2713);
#2713 = DEFINITIONAL_REPRESENTATION('',(#2714),#2718);
#2714 = LINE('',#2715,#2716);
#2715 = CARTESIAN_POINT('',(-7.332348418708,-1.482484315956E-16));
#2716 = VECTOR('',#2717,1.);
#2717 = DIRECTION('',(0.,1.));
#2718 = ( GEOMETRIC_REPRESENTATION_CONTEXT(2) 
PARAMETRIC_REPRESENTATION_CONTEXT() REPRESENTATION_CONTEXT('2D SPACE',''
  ) );
#2719 = ORIENTED_EDGE('',*,*,#2720,.T.);
#2720 = EDGE_CURVE('',#2698,#2647,#2721,.T.);
#2721 = SURFACE_CURVE('',#2722,(#2726,#2733),.PCURVE_S1.);
#2722 = LINE('',#2723,#2724);
#2723 = CARTESIAN_POINT('',(-6.35,-10.19999999999,-6.690000000028));
#2724 = VECTOR('',#2725,1.);
#2725 = DIRECTION('',(0.866025403784,-0.5,1.110223024626E-16));
#2726 = PCURVE('',#2171,#2727);
#2727 = DEFINITIONAL_REPRESENTATION('',(#2728),#2732);
#2728 = LINE('',#2729,#2730);
#2729 = CARTESIAN_POINT('',(-5.018208071308E-16,3.48));
#2730 = VECTOR('',#2731,1.);
#2731 = DIRECTION('',(-1.,0.));
#2732 = ( GEOMETRIC_REPRESENTATION_CONTEXT(2) 
PARAMETRIC_REPRESENTATION_CONTEXT() REPRESENTATION_CONTEXT('2D SPACE',''
  ) );
#2733 = PCURVE('',#1193,#2734);
#2734 = DEFINITIONAL_REPRESENTATION('',(#2735),#2739);
#2735 = LINE('',#2736,#2737);
#2736 = CARTESIAN_POINT('',(-3.666174209354,-6.35));
#2737 = VECTOR('',#2738,1.);
#2738 = DIRECTION('',(-0.5,0.866025403784));
#2739 = ( GEOMETRIC_REPRESENTATION_CONTEXT(2) 
PARAMETRIC_REPRESENTATION_CONTEXT() REPRESENTATION_CONTEXT('2D SPACE',''
  ) );
#2740 = ORIENTED_EDGE('',*,*,#2646,.F.);
#2741 = ORIENTED_EDGE('',*,*,#2155,.T.);
#2742 = ORIENTED_EDGE('',*,*,#2208,.F.);
#2743 = ADVANCED_FACE('',(#2744),#2249,.T.);
#2744 = FACE_BOUND('',#2745,.T.);
#2745 = EDGE_LOOP('',(#2746,#2747,#2770,#2791,#2792,#2793));
#2746 = ORIENTED_EDGE('',*,*,#2396,.T.);
#2747 = ORIENTED_EDGE('',*,*,#2748,.T.);
#2748 = EDGE_CURVE('',#2369,#2749,#2751,.T.);
#2749 = VERTEX_POINT('',#2750);
#2750 = CARTESIAN_POINT('',(-6.35,-2.867651581291,-6.690000000028));
#2751 = SURFACE_CURVE('',#2752,(#2756,#2763),.PCURVE_S1.);
#2752 = LINE('',#2753,#2754);
#2753 = CARTESIAN_POINT('',(-6.35,-2.867651581291,-3.210000000028));
#2754 = VECTOR('',#2755,1.);
#2755 = DIRECTION('',(0.,-2.22044604925E-16,-1.));
#2756 = PCURVE('',#2249,#2757);
#2757 = DEFINITIONAL_REPRESENTATION('',(#2758),#2762);
#2758 = LINE('',#2759,#2760);
#2759 = CARTESIAN_POINT('',(0.,0.));
#2760 = VECTOR('',#2761,1.);
#2761 = DIRECTION('',(0.,1.));
#2762 = ( GEOMETRIC_REPRESENTATION_CONTEXT(2) 
PARAMETRIC_REPRESENTATION_CONTEXT() REPRESENTATION_CONTEXT('2D SPACE',''
  ) );
#2763 = PCURVE('',#2384,#2764);
#2764 = DEFINITIONAL_REPRESENTATION('',(#2765),#2769);
#2765 = LINE('',#2766,#2767);
#2766 = CARTESIAN_POINT('',(-7.332348418708,3.699649940526E-16));
#2767 = VECTOR('',#2768,1.);
#2768 = DIRECTION('',(0.,1.));
#2769 = ( GEOMETRIC_REPRESENTATION_CONTEXT(2) 
PARAMETRIC_REPRESENTATION_CONTEXT() REPRESENTATION_CONTEXT('2D SPACE',''
  ) );
#2770 = ORIENTED_EDGE('',*,*,#2771,.T.);
#2771 = EDGE_CURVE('',#2749,#2698,#2772,.T.);
#2772 = SURFACE_CURVE('',#2773,(#2777,#2784),.PCURVE_S1.);
#2773 = LINE('',#2774,#2775);
#2774 = CARTESIAN_POINT('',(-6.35,-2.867651581291,-6.690000000028));
#2775 = VECTOR('',#2776,1.);
#2776 = DIRECTION('',(-0.,-1.,2.22044604925E-16));
#2777 = PCURVE('',#2249,#2778);
#2778 = DEFINITIONAL_REPRESENTATION('',(#2779),#2783);
#2779 = LINE('',#2780,#2781);
#2780 = CARTESIAN_POINT('',(3.28626015289E-16,3.48));
#2781 = VECTOR('',#2782,1.);
#2782 = DIRECTION('',(-1.,0.));
#2783 = ( GEOMETRIC_REPRESENTATION_CONTEXT(2) 
PARAMETRIC_REPRESENTATION_CONTEXT() REPRESENTATION_CONTEXT('2D SPACE',''
  ) );
#2784 = PCURVE('',#1193,#2785);
#2785 = DEFINITIONAL_REPRESENTATION('',(#2786),#2790);
#2786 = LINE('',#2787,#2788);
#2787 = CARTESIAN_POINT('',(3.666174209354,-6.35));
#2788 = VECTOR('',#2789,1.);
#2789 = DIRECTION('',(-1.,0.));
#2790 = ( GEOMETRIC_REPRESENTATION_CONTEXT(2) 
PARAMETRIC_REPRESENTATION_CONTEXT() REPRESENTATION_CONTEXT('2D SPACE',''
  ) );
#2791 = ORIENTED_EDGE('',*,*,#2697,.F.);
#2792 = ORIENTED_EDGE('',*,*,#2233,.T.);
#2793 = ORIENTED_EDGE('',*,*,#2287,.F.);
#2794 = ADVANCED_FACE('',(#2795),#1016,.T.);
#2795 = FACE_BOUND('',#2796,.T.);
#2796 = EDGE_LOOP('',(#2797,#2798,#2824,#2825));
#2797 = ORIENTED_EDGE('',*,*,#1002,.F.);
#2798 = ORIENTED_EDGE('',*,*,#2799,.T.);
#2799 = EDGE_CURVE('',#970,#968,#2800,.T.);
#2800 = SURFACE_CURVE('',#2801,(#2806,#2813),.PCURVE_S1.);
#2801 = CIRCLE('',#2802,4.282999999987);
#2802 = AXIS2_PLACEMENT_3D('',#2803,#2804,#2805);
#2803 = CARTESIAN_POINT('',(-4.491739040522E-16,-6.533825790645,
    18.050000000028));
#2804 = DIRECTION('',(4.458068143446E-17,-2.22044604925E-16,-1.));
#2805 = DIRECTION('',(-1.,-9.898899796403E-33,-4.458068143446E-17));
#2806 = PCURVE('',#1016,#2807);
#2807 = DEFINITIONAL_REPRESENTATION('',(#2808),#2812);
#2808 = LINE('',#2809,#2810);
#2809 = CARTESIAN_POINT('',(0.,-0.581000000011));
#2810 = VECTOR('',#2811,1.);
#2811 = DIRECTION('',(1.,0.));
#2812 = ( GEOMETRIC_REPRESENTATION_CONTEXT(2) 
PARAMETRIC_REPRESENTATION_CONTEXT() REPRESENTATION_CONTEXT('2D SPACE',''
  ) );
#2813 = PCURVE('',#986,#2814);
#2814 = DEFINITIONAL_REPRESENTATION('',(#2815),#2823);
#2815 = ( BOUNDED_CURVE() B_SPLINE_CURVE(2,(#2816,#2817,#2818,#2819,
#2820,#2821,#2822),.UNSPECIFIED.,.T.,.F.) B_SPLINE_CURVE_WITH_KNOTS((1,2
    ,2,2,2,1),(-2.094395102393,0.,2.094395102393,4.188790204786,
6.28318530718,8.377580409573),.UNSPECIFIED.) CURVE() 
GEOMETRIC_REPRESENTATION_ITEM() RATIONAL_B_SPLINE_CURVE((1.,0.5,1.,0.5,
1.,0.5,1.)) REPRESENTATION_ITEM('') );
#2816 = CARTESIAN_POINT('',(-8.881784197001E-16,-2.141499999987));
#2817 = CARTESIAN_POINT('',(-7.418373608795,-2.141499999987));
#2818 = CARTESIAN_POINT('',(-3.709186804397,4.282999999993));
#2819 = CARTESIAN_POINT('',(-1.937210867847E-15,10.707499999974));
#2820 = CARTESIAN_POINT('',(3.709186804397,4.282999999994));
#2821 = CARTESIAN_POINT('',(7.418373608795,-2.141499999987));
#2822 = CARTESIAN_POINT('',(-8.881784197001E-16,-2.141499999987));
#2823 = ( GEOMETRIC_REPRESENTATION_CONTEXT(2) 
PARAMETRIC_REPRESENTATION_CONTEXT() REPRESENTATION_CONTEXT('2D SPACE',''
  ) );
#2824 = ORIENTED_EDGE('',*,*,#1029,.T.);
#2825 = ORIENTED_EDGE('',*,*,#2313,.F.);
#2826 = ADVANCED_FACE('',(#2827,#2831),#909,.T.);
#2827 = FACE_BOUND('',#2828,.T.);
#2828 = EDGE_LOOP('',(#2829,#2830));
#2829 = ORIENTED_EDGE('',*,*,#890,.F.);
#2830 = ORIENTED_EDGE('',*,*,#2341,.F.);
#2831 = FACE_BOUND('',#2832,.T.);
#2832 = EDGE_LOOP('',(#2833,#2834));
#2833 = ORIENTED_EDGE('',*,*,#1121,.T.);
#2834 = ORIENTED_EDGE('',*,*,#2835,.T.);
#2835 = EDGE_CURVE('',#1094,#1122,#2836,.T.);
#2836 = SURFACE_CURVE('',#2837,(#2842,#2849),.PCURVE_S1.);
#2837 = CIRCLE('',#2838,5.8);
#2838 = AXIS2_PLACEMENT_3D('',#2839,#2840,#2841);
#2839 = CARTESIAN_POINT('',(4.440892098501E-16,1.986174209355,
    3.749999999972));
#2840 = DIRECTION('',(2.603482580865E-48,-1.,1.349682892682E-16));
#2841 = DIRECTION('',(-2.267016710186E-64,-1.349682892682E-16,-1.));
#2842 = PCURVE('',#909,#2843);
#2843 = DEFINITIONAL_REPRESENTATION('',(#2844),#2848);
#2844 = CIRCLE('',#2845,5.8);
#2845 = AXIS2_PLACEMENT_2D('',#2846,#2847);
#2846 = CARTESIAN_POINT('',(-5.1,1.249098480899E-15));
#2847 = DIRECTION('',(1.,6.52719680537E-45));
#2848 = ( GEOMETRIC_REPRESENTATION_CONTEXT(2) 
PARAMETRIC_REPRESENTATION_CONTEXT() REPRESENTATION_CONTEXT('2D SPACE',''
  ) );
#2849 = PCURVE('',#1109,#2850);
#2850 = DEFINITIONAL_REPRESENTATION('',(#2851),#2855);
#2851 = LINE('',#2852,#2853);
#2852 = CARTESIAN_POINT('',(0.,4.94));
#2853 = VECTOR('',#2854,1.);
#2854 = DIRECTION('',(1.,5.654319433713E-16));
#2855 = ( GEOMETRIC_REPRESENTATION_CONTEXT(2) 
PARAMETRIC_REPRESENTATION_CONTEXT() REPRESENTATION_CONTEXT('2D SPACE',''
  ) );
#2856 = ADVANCED_FACE('',(#2857),#2384,.T.);
#2857 = FACE_BOUND('',#2858,.T.);
#2858 = EDGE_LOOP('',(#2859,#2860,#2883,#2904,#2905,#2906));
#2859 = ORIENTED_EDGE('',*,*,#2474,.T.);
#2860 = ORIENTED_EDGE('',*,*,#2861,.T.);
#2861 = EDGE_CURVE('',#2447,#2862,#2864,.T.);
#2862 = VERTEX_POINT('',#2863);
#2863 = CARTESIAN_POINT('',(-1.290634266127E-15,0.798522628063,
    -6.690000000028));
#2864 = SURFACE_CURVE('',#2865,(#2869,#2876),.PCURVE_S1.);
#2865 = LINE('',#2866,#2867);
#2866 = CARTESIAN_POINT('',(4.440892098501E-16,0.798522628063,
    -3.210000000028));
#2867 = VECTOR('',#2868,1.);
#2868 = DIRECTION('',(0.,-2.22044604925E-16,-1.));
#2869 = PCURVE('',#2384,#2870);
#2870 = DEFINITIONAL_REPRESENTATION('',(#2871),#2875);
#2871 = LINE('',#2872,#2873);
#2872 = CARTESIAN_POINT('',(0.,0.));
#2873 = VECTOR('',#2874,1.);
#2874 = DIRECTION('',(0.,1.));
#2875 = ( GEOMETRIC_REPRESENTATION_CONTEXT(2) 
PARAMETRIC_REPRESENTATION_CONTEXT() REPRESENTATION_CONTEXT('2D SPACE',''
  ) );
#2876 = PCURVE('',#2462,#2877);
#2877 = DEFINITIONAL_REPRESENTATION('',(#2878),#2882);
#2878 = LINE('',#2879,#2880);
#2879 = CARTESIAN_POINT('',(-7.332348418708,-3.699649940526E-16));
#2880 = VECTOR('',#2881,1.);
#2881 = DIRECTION('',(0.,1.));
#2882 = ( GEOMETRIC_REPRESENTATION_CONTEXT(2) 
PARAMETRIC_REPRESENTATION_CONTEXT() REPRESENTATION_CONTEXT('2D SPACE',''
  ) );
#2883 = ORIENTED_EDGE('',*,*,#2884,.T.);
#2884 = EDGE_CURVE('',#2862,#2749,#2885,.T.);
#2885 = SURFACE_CURVE('',#2886,(#2890,#2897),.PCURVE_S1.);
#2886 = LINE('',#2887,#2888);
#2887 = CARTESIAN_POINT('',(4.440892098501E-16,0.798522628063,
    -6.690000000028));
#2888 = VECTOR('',#2889,1.);
#2889 = DIRECTION('',(-0.866025403784,-0.5,1.110223024626E-16));
#2890 = PCURVE('',#2384,#2891);
#2891 = DEFINITIONAL_REPRESENTATION('',(#2892),#2896);
#2892 = LINE('',#2893,#2894);
#2893 = CARTESIAN_POINT('',(-3.88578058619E-18,3.48));
#2894 = VECTOR('',#2895,1.);
#2895 = DIRECTION('',(-1.,0.));
#2896 = ( GEOMETRIC_REPRESENTATION_CONTEXT(2) 
PARAMETRIC_REPRESENTATION_CONTEXT() REPRESENTATION_CONTEXT('2D SPACE',''
  ) );
#2897 = PCURVE('',#1193,#2898);
#2898 = DEFINITIONAL_REPRESENTATION('',(#2899),#2903);
#2899 = LINE('',#2900,#2901);
#2900 = CARTESIAN_POINT('',(7.332348418708,0.));
#2901 = VECTOR('',#2902,1.);
#2902 = DIRECTION('',(-0.5,-0.866025403784));
#2903 = ( GEOMETRIC_REPRESENTATION_CONTEXT(2) 
PARAMETRIC_REPRESENTATION_CONTEXT() REPRESENTATION_CONTEXT('2D SPACE',''
  ) );
#2904 = ORIENTED_EDGE('',*,*,#2748,.F.);
#2905 = ORIENTED_EDGE('',*,*,#2368,.T.);
#2906 = ORIENTED_EDGE('',*,*,#2421,.F.);
#2907 = ADVANCED_FACE('',(#2908),#2462,.T.);
#2908 = FACE_BOUND('',#2909,.T.);
#2909 = EDGE_LOOP('',(#2910,#2911,#2912,#2933,#2934,#2935));
#2910 = ORIENTED_EDGE('',*,*,#2547,.T.);
#2911 = ORIENTED_EDGE('',*,*,#2619,.F.);
#2912 = ORIENTED_EDGE('',*,*,#2913,.T.);
#2913 = EDGE_CURVE('',#2597,#2862,#2914,.T.);
#2914 = SURFACE_CURVE('',#2915,(#2919,#2926),.PCURVE_S1.);
#2915 = LINE('',#2916,#2917);
#2916 = CARTESIAN_POINT('',(6.35,-2.867651581291,-6.690000000028));
#2917 = VECTOR('',#2918,1.);
#2918 = DIRECTION('',(-0.866025403784,0.5,-1.110223024626E-16));
#2919 = PCURVE('',#2462,#2920);
#2920 = DEFINITIONAL_REPRESENTATION('',(#2921),#2925);
#2921 = LINE('',#2922,#2923);
#2922 = CARTESIAN_POINT('',(5.773159728053E-17,3.48));
#2923 = VECTOR('',#2924,1.);
#2924 = DIRECTION('',(-1.,0.));
#2925 = ( GEOMETRIC_REPRESENTATION_CONTEXT(2) 
PARAMETRIC_REPRESENTATION_CONTEXT() REPRESENTATION_CONTEXT('2D SPACE',''
  ) );
#2926 = PCURVE('',#1193,#2927);
#2927 = DEFINITIONAL_REPRESENTATION('',(#2928),#2932);
#2928 = LINE('',#2929,#2930);
#2929 = CARTESIAN_POINT('',(3.666174209354,6.35));
#2930 = VECTOR('',#2931,1.);
#2931 = DIRECTION('',(0.5,-0.866025403784));
#2932 = ( GEOMETRIC_REPRESENTATION_CONTEXT(2) 
PARAMETRIC_REPRESENTATION_CONTEXT() REPRESENTATION_CONTEXT('2D SPACE',''
  ) );
#2933 = ORIENTED_EDGE('',*,*,#2861,.F.);
#2934 = ORIENTED_EDGE('',*,*,#2446,.T.);
#2935 = ORIENTED_EDGE('',*,*,#2499,.F.);
#2936 = ADVANCED_FACE('',(#2937,#2945),#1193,.T.);
#2937 = FACE_BOUND('',#2938,.T.);
#2938 = EDGE_LOOP('',(#2939,#2940,#2941,#2942,#2943,#2944));
#2939 = ORIENTED_EDGE('',*,*,#2771,.F.);
#2940 = ORIENTED_EDGE('',*,*,#2884,.F.);
#2941 = ORIENTED_EDGE('',*,*,#2913,.F.);
#2942 = ORIENTED_EDGE('',*,*,#2596,.F.);
#2943 = ORIENTED_EDGE('',*,*,#2669,.F.);
#2944 = ORIENTED_EDGE('',*,*,#2720,.F.);
#2945 = FACE_BOUND('',#2946,.T.);
#2946 = EDGE_LOOP('',(#2947,#2973));
#2947 = ORIENTED_EDGE('',*,*,#2948,.T.);
#2948 = EDGE_CURVE('',#1172,#1170,#2949,.T.);
#2949 = SURFACE_CURVE('',#2950,(#2955,#2966),.PCURVE_S1.);
#2950 = CIRCLE('',#2951,5.08);
#2951 = AXIS2_PLACEMENT_3D('',#2952,#2953,#2954);
#2952 = CARTESIAN_POINT('',(4.440892098501E-16,-6.533825790645,
    -6.690000000028));
#2953 = DIRECTION('',(0.,2.22044604925E-16,1.));
#2954 = DIRECTION('',(0.,1.,-2.22044604925E-16));
#2955 = PCURVE('',#1193,#2956);
#2956 = DEFINITIONAL_REPRESENTATION('',(#2957),#2965);
#2957 = ( BOUNDED_CURVE() B_SPLINE_CURVE(2,(#2958,#2959,#2960,#2961,
#2962,#2963,#2964),.UNSPECIFIED.,.T.,.F.) B_SPLINE_CURVE_WITH_KNOTS((1,2
    ,2,2,2,1),(-2.094395102393,0.,2.094395102393,4.188790204786,
6.28318530718,8.377580409573),.UNSPECIFIED.) CURVE() 
GEOMETRIC_REPRESENTATION_ITEM() RATIONAL_B_SPLINE_CURVE((1.,0.5,1.,0.5,
1.,0.5,1.)) REPRESENTATION_ITEM('') );
#2958 = CARTESIAN_POINT('',(5.08,0.));
#2959 = CARTESIAN_POINT('',(5.08,-8.79881810245));
#2960 = CARTESIAN_POINT('',(-2.54,-4.399409051225));
#2961 = CARTESIAN_POINT('',(-10.16,-1.244241147934E-15));
#2962 = CARTESIAN_POINT('',(-2.54,4.399409051225));
#2963 = CARTESIAN_POINT('',(5.08,8.79881810245));
#2964 = CARTESIAN_POINT('',(5.08,0.));
#2965 = ( GEOMETRIC_REPRESENTATION_CONTEXT(2) 
PARAMETRIC_REPRESENTATION_CONTEXT() REPRESENTATION_CONTEXT('2D SPACE',''
  ) );
#2966 = PCURVE('',#1225,#2967);
#2967 = DEFINITIONAL_REPRESENTATION('',(#2968),#2972);
#2968 = LINE('',#2969,#2970);
#2969 = CARTESIAN_POINT('',(6.28318530718,-1.692));
#2970 = VECTOR('',#2971,1.);
#2971 = DIRECTION('',(-1.,0.));
#2972 = ( GEOMETRIC_REPRESENTATION_CONTEXT(2) 
PARAMETRIC_REPRESENTATION_CONTEXT() REPRESENTATION_CONTEXT('2D SPACE',''
  ) );
#2973 = ORIENTED_EDGE('',*,*,#1169,.T.);
#2974 = ADVANCED_FACE('',(#2975),#986,.T.);
#2975 = FACE_BOUND('',#2976,.T.);
#2976 = EDGE_LOOP('',(#2977,#2978));
#2977 = ORIENTED_EDGE('',*,*,#967,.F.);
#2978 = ORIENTED_EDGE('',*,*,#2799,.F.);
#2979 = ADVANCED_FACE('',(#2980),#1109,.T.);
#2980 = FACE_BOUND('',#2981,.T.);
#2981 = EDGE_LOOP('',(#2982,#2983,#3009,#3010));
#2982 = ORIENTED_EDGE('',*,*,#1093,.F.);
#2983 = ORIENTED_EDGE('',*,*,#2984,.T.);
#2984 = EDGE_CURVE('',#1056,#1054,#2985,.T.);
#2985 = SURFACE_CURVE('',#2986,(#2991,#2998),.PCURVE_S1.);
#2986 = CIRCLE('',#2987,5.8);
#2987 = AXIS2_PLACEMENT_3D('',#2988,#2989,#2990);
#2988 = CARTESIAN_POINT('',(4.440892098501E-16,11.866174209355,
    3.749999999972));
#2989 = DIRECTION('',(2.603482580865E-48,-1.,1.349682892682E-16));
#2990 = DIRECTION('',(-2.267016710186E-64,-1.349682892682E-16,-1.));
#2991 = PCURVE('',#1109,#2992);
#2992 = DEFINITIONAL_REPRESENTATION('',(#2993),#2997);
#2993 = LINE('',#2994,#2995);
#2994 = CARTESIAN_POINT('',(0.,-4.94));
#2995 = VECTOR('',#2996,1.);
#2996 = DIRECTION('',(1.,0.));
#2997 = ( GEOMETRIC_REPRESENTATION_CONTEXT(2) 
PARAMETRIC_REPRESENTATION_CONTEXT() REPRESENTATION_CONTEXT('2D SPACE',''
  ) );
#2998 = PCURVE('',#1077,#2999);
#2999 = DEFINITIONAL_REPRESENTATION('',(#3000),#3008);
#3000 = ( BOUNDED_CURVE() B_SPLINE_CURVE(2,(#3001,#3002,#3003,#3004,
#3005,#3006,#3007),.UNSPECIFIED.,.T.,.F.) B_SPLINE_CURVE_WITH_KNOTS((1,2
    ,2,2,2,1),(-2.094395102393,0.,2.094395102393,4.188790204786,
6.28318530718,8.377580409573),.UNSPECIFIED.) CURVE() 
GEOMETRIC_REPRESENTATION_ITEM() RATIONAL_B_SPLINE_CURVE((1.,0.5,1.,0.5,
1.,0.5,1.)) REPRESENTATION_ITEM('') );
#3001 = CARTESIAN_POINT('',(1.200114226746E-15,0.9));
#3002 = CARTESIAN_POINT('',(10.045894683899,0.9));
#3003 = CARTESIAN_POINT('',(5.02294734195,-7.8));
#3004 = CARTESIAN_POINT('',(2.620704513757E-15,-16.5));
#3005 = CARTESIAN_POINT('',(-5.02294734195,-7.8));
#3006 = CARTESIAN_POINT('',(-10.04589468389,0.9));
#3007 = CARTESIAN_POINT('',(1.200114226746E-15,0.9));
#3008 = ( GEOMETRIC_REPRESENTATION_CONTEXT(2) 
PARAMETRIC_REPRESENTATION_CONTEXT() REPRESENTATION_CONTEXT('2D SPACE',''
  ) );
#3009 = ORIENTED_EDGE('',*,*,#1145,.T.);
#3010 = ORIENTED_EDGE('',*,*,#2835,.F.);
#3011 = ADVANCED_FACE('',(#3012),#1225,.T.);
#3012 = FACE_BOUND('',#3013,.T.);
#3013 = EDGE_LOOP('',(#3014,#3015,#3016,#3017));
#3014 = ORIENTED_EDGE('',*,*,#1209,.F.);
#3015 = ORIENTED_EDGE('',*,*,#2948,.F.);
#3016 = ORIENTED_EDGE('',*,*,#1270,.T.);
#3017 = ORIENTED_EDGE('',*,*,#3018,.T.);
#3018 = EDGE_CURVE('',#1238,#1210,#3019,.T.);
#3019 = SURFACE_CURVE('',#3020,(#3025,#3032),.PCURVE_S1.);
#3020 = CIRCLE('',#3021,5.08);
#3021 = AXIS2_PLACEMENT_3D('',#3022,#3023,#3024);
#3022 = CARTESIAN_POINT('',(4.440892098501E-16,-6.533825790645,
    -11.23400000002));
#3023 = DIRECTION('',(0.,2.22044604925E-16,1.));
#3024 = DIRECTION('',(0.,1.,-2.22044604925E-16));
#3025 = PCURVE('',#1225,#3026);
#3026 = DEFINITIONAL_REPRESENTATION('',(#3027),#3031);
#3027 = LINE('',#3028,#3029);
#3028 = CARTESIAN_POINT('',(6.28318530718,2.852));
#3029 = VECTOR('',#3030,1.);
#3030 = DIRECTION('',(-1.,0.));
#3031 = ( GEOMETRIC_REPRESENTATION_CONTEXT(2) 
PARAMETRIC_REPRESENTATION_CONTEXT() REPRESENTATION_CONTEXT('2D SPACE',''
  ) );
#3032 = PCURVE('',#1254,#3033);
#3033 = DEFINITIONAL_REPRESENTATION('',(#3034),#3042);
#3034 = ( BOUNDED_CURVE() B_SPLINE_CURVE(2,(#3035,#3036,#3037,#3038,
#3039,#3040,#3041),.UNSPECIFIED.,.T.,.F.) B_SPLINE_CURVE_WITH_KNOTS((1,2
    ,2,2,2,1),(-2.094395102393,0.,2.094395102393,4.188790204786,
6.28318530718,8.377580409573),.UNSPECIFIED.) CURVE() 
GEOMETRIC_REPRESENTATION_ITEM() RATIONAL_B_SPLINE_CURVE((1.,0.5,1.,0.5,
1.,0.5,1.)) REPRESENTATION_ITEM('') );
#3035 = CARTESIAN_POINT('',(5.08,4.445));
#3036 = CARTESIAN_POINT('',(5.08,-4.35381810245));
#3037 = CARTESIAN_POINT('',(-2.54,4.559094877505E-02));
#3038 = CARTESIAN_POINT('',(-10.16,4.445));
#3039 = CARTESIAN_POINT('',(-2.54,8.844409051225));
#3040 = CARTESIAN_POINT('',(5.08,13.24381810245));
#3041 = CARTESIAN_POINT('',(5.08,4.445));
#3042 = ( GEOMETRIC_REPRESENTATION_CONTEXT(2) 
PARAMETRIC_REPRESENTATION_CONTEXT() REPRESENTATION_CONTEXT('2D SPACE',''
  ) );
#3043 = ADVANCED_FACE('',(#3044,#3048),#1077,.T.);
#3044 = FACE_BOUND('',#3045,.T.);
#3045 = EDGE_LOOP('',(#3046,#3047));
#3046 = ORIENTED_EDGE('',*,*,#1053,.F.);
#3047 = ORIENTED_EDGE('',*,*,#2984,.F.);
#3048 = FACE_BOUND('',#3049,.T.);
#3049 = EDGE_LOOP('',(#3050,#3051));
#3050 = ORIENTED_EDGE('',*,*,#1358,.T.);
#3051 = ORIENTED_EDGE('',*,*,#3052,.T.);
#3052 = EDGE_CURVE('',#1331,#1359,#3053,.T.);
#3053 = SURFACE_CURVE('',#3054,(#3059,#3070),.PCURVE_S1.);
#3054 = CIRCLE('',#3055,4.);
#3055 = AXIS2_PLACEMENT_3D('',#3056,#3057,#3058);
#3056 = CARTESIAN_POINT('',(4.440892098501E-16,11.866174209355,
    3.749999999972));
#3057 = DIRECTION('',(0.,-1.,1.349682892682E-16));
#3058 = DIRECTION('',(0.,-1.349682892682E-16,-1.));
#3059 = PCURVE('',#1077,#3060);
#3060 = DEFINITIONAL_REPRESENTATION('',(#3061),#3069);
#3061 = ( BOUNDED_CURVE() B_SPLINE_CURVE(2,(#3062,#3063,#3064,#3065,
#3066,#3067,#3068),.UNSPECIFIED.,.T.,.F.) B_SPLINE_CURVE_WITH_KNOTS((1,2
    ,2,2,2,1),(-2.094395102393,0.,2.094395102393,4.188790204786,
6.28318530718,8.377580409573),.UNSPECIFIED.) CURVE() 
GEOMETRIC_REPRESENTATION_ITEM() RATIONAL_B_SPLINE_CURVE((1.,0.5,1.,0.5,
1.,0.5,1.)) REPRESENTATION_ITEM('') );
#3062 = CARTESIAN_POINT('',(1.200114226746E-15,-0.9));
#3063 = CARTESIAN_POINT('',(6.928203230276,-0.9));
#3064 = CARTESIAN_POINT('',(3.464101615138,-6.9));
#3065 = CARTESIAN_POINT('',(2.179831666064E-15,-12.9));
#3066 = CARTESIAN_POINT('',(-3.464101615138,-6.9));
#3067 = CARTESIAN_POINT('',(-6.928203230276,-0.9));
#3068 = CARTESIAN_POINT('',(1.200114226746E-15,-0.9));
#3069 = ( GEOMETRIC_REPRESENTATION_CONTEXT(2) 
PARAMETRIC_REPRESENTATION_CONTEXT() REPRESENTATION_CONTEXT('2D SPACE',''
  ) );
#3070 = PCURVE('',#1346,#3071);
#3071 = DEFINITIONAL_REPRESENTATION('',(#3072),#3076);
#3072 = LINE('',#3073,#3074);
#3073 = CARTESIAN_POINT('',(0.,0.5));
#3074 = VECTOR('',#3075,1.);
#3075 = DIRECTION('',(1.,0.));
#3076 = ( GEOMETRIC_REPRESENTATION_CONTEXT(2) 
PARAMETRIC_REPRESENTATION_CONTEXT() REPRESENTATION_CONTEXT('2D SPACE',''
  ) );
#3077 = ADVANCED_FACE('',(#3078,#3107),#1254,.T.);
#3078 = FACE_BOUND('',#3079,.T.);
#3079 = EDGE_LOOP('',(#3080,#3106));
#3080 = ORIENTED_EDGE('',*,*,#3081,.T.);
#3081 = EDGE_CURVE('',#1413,#1411,#3082,.T.);
#3082 = SURFACE_CURVE('',#3083,(#3088,#3099),.PCURVE_S1.);
#3083 = CIRCLE('',#3084,3.81);
#3084 = AXIS2_PLACEMENT_3D('',#3085,#3086,#3087);
#3085 = CARTESIAN_POINT('',(4.440892098501E-16,-6.533825790645,
    -11.23400000002));
#3086 = DIRECTION('',(0.,2.22044604925E-16,1.));
#3087 = DIRECTION('',(0.,1.,-2.22044604925E-16));
#3088 = PCURVE('',#1254,#3089);
#3089 = DEFINITIONAL_REPRESENTATION('',(#3090),#3098);
#3090 = ( BOUNDED_CURVE() B_SPLINE_CURVE(2,(#3091,#3092,#3093,#3094,
#3095,#3096,#3097),.UNSPECIFIED.,.T.,.F.) B_SPLINE_CURVE_WITH_KNOTS((1,2
    ,2,2,2,1),(-2.094395102393,0.,2.094395102393,4.188790204786,
6.28318530718,8.377580409573),.UNSPECIFIED.) CURVE() 
GEOMETRIC_REPRESENTATION_ITEM() RATIONAL_B_SPLINE_CURVE((1.,0.5,1.,0.5,
1.,0.5,1.)) REPRESENTATION_ITEM('') );
#3091 = CARTESIAN_POINT('',(3.81,4.445));
#3092 = CARTESIAN_POINT('',(3.81,-2.154113576837));
#3093 = CARTESIAN_POINT('',(-1.905,1.145443211581));
#3094 = CARTESIAN_POINT('',(-7.62,4.445));
#3095 = CARTESIAN_POINT('',(-1.905,7.744556788419));
#3096 = CARTESIAN_POINT('',(3.81,11.044113576837));
#3097 = CARTESIAN_POINT('',(3.81,4.445));
#3098 = ( GEOMETRIC_REPRESENTATION_CONTEXT(2) 
PARAMETRIC_REPRESENTATION_CONTEXT() REPRESENTATION_CONTEXT('2D SPACE',''
  ) );
#3099 = PCURVE('',#1461,#3100);
#3100 = DEFINITIONAL_REPRESENTATION('',(#3101),#3105);
#3101 = LINE('',#3102,#3103);
#3102 = CARTESIAN_POINT('',(6.28318530718,-3.408));
#3103 = VECTOR('',#3104,1.);
#3104 = DIRECTION('',(-1.,0.));
#3105 = ( GEOMETRIC_REPRESENTATION_CONTEXT(2) 
PARAMETRIC_REPRESENTATION_CONTEXT() REPRESENTATION_CONTEXT('2D SPACE',''
  ) );
#3106 = ORIENTED_EDGE('',*,*,#1410,.T.);
#3107 = FACE_BOUND('',#3108,.T.);
#3108 = EDGE_LOOP('',(#3109,#3110));
#3109 = ORIENTED_EDGE('',*,*,#3018,.F.);
#3110 = ORIENTED_EDGE('',*,*,#1237,.F.);
#3111 = ADVANCED_FACE('',(#3112),#1346,.T.);
#3112 = FACE_BOUND('',#3113,.T.);
#3113 = EDGE_LOOP('',(#3114,#3115,#3137,#3138));
#3114 = ORIENTED_EDGE('',*,*,#1330,.F.);
#3115 = ORIENTED_EDGE('',*,*,#3116,.T.);
#3116 = EDGE_CURVE('',#1297,#1295,#3117,.T.);
#3117 = SURFACE_CURVE('',#3118,(#3123,#3130),.PCURVE_S1.);
#3118 = CIRCLE('',#3119,4.);
#3119 = AXIS2_PLACEMENT_3D('',#3120,#3121,#3122);
#3120 = CARTESIAN_POINT('',(4.440892098501E-16,12.866174209355,
    3.749999999972));
#3121 = DIRECTION('',(0.,-1.,1.349682892682E-16));
#3122 = DIRECTION('',(0.,-1.349682892682E-16,-1.));
#3123 = PCURVE('',#1346,#3124);
#3124 = DEFINITIONAL_REPRESENTATION('',(#3125),#3129);
#3125 = LINE('',#3126,#3127);
#3126 = CARTESIAN_POINT('',(0.,-0.5));
#3127 = VECTOR('',#3128,1.);
#3128 = DIRECTION('',(1.,0.));
#3129 = ( GEOMETRIC_REPRESENTATION_CONTEXT(2) 
PARAMETRIC_REPRESENTATION_CONTEXT() REPRESENTATION_CONTEXT('2D SPACE',''
  ) );
#3130 = PCURVE('',#1318,#3131);
#3131 = DEFINITIONAL_REPRESENTATION('',(#3132),#3136);
#3132 = CIRCLE('',#3133,4.);
#3133 = AXIS2_PLACEMENT_2D('',#3134,#3135);
#3134 = CARTESIAN_POINT('',(-1.200114226746E-15,-4.9));
#3135 = DIRECTION('',(-1.85706281587E-48,1.));
#3136 = ( GEOMETRIC_REPRESENTATION_CONTEXT(2) 
PARAMETRIC_REPRESENTATION_CONTEXT() REPRESENTATION_CONTEXT('2D SPACE',''
  ) );
#3137 = ORIENTED_EDGE('',*,*,#1386,.T.);
#3138 = ORIENTED_EDGE('',*,*,#3052,.F.);
#3139 = ADVANCED_FACE('',(#3140),#1461,.T.);
#3140 = FACE_BOUND('',#3141,.T.);
#3141 = EDGE_LOOP('',(#3142,#3143,#3144,#3145));
#3142 = ORIENTED_EDGE('',*,*,#1445,.F.);
#3143 = ORIENTED_EDGE('',*,*,#3081,.F.);
#3144 = ORIENTED_EDGE('',*,*,#1506,.T.);
#3145 = ORIENTED_EDGE('',*,*,#3146,.T.);
#3146 = EDGE_CURVE('',#1474,#1446,#3147,.T.);
#3147 = SURFACE_CURVE('',#3148,(#3153,#3160),.PCURVE_S1.);
#3148 = CIRCLE('',#3149,3.81);
#3149 = AXIS2_PLACEMENT_3D('',#3150,#3151,#3152);
#3150 = CARTESIAN_POINT('',(4.440892098501E-16,-6.533825790645,
    -18.05000000002));
#3151 = DIRECTION('',(0.,2.22044604925E-16,1.));
#3152 = DIRECTION('',(0.,1.,-2.22044604925E-16));
#3153 = PCURVE('',#1461,#3154);
#3154 = DEFINITIONAL_REPRESENTATION('',(#3155),#3159);
#3155 = LINE('',#3156,#3157);
#3156 = CARTESIAN_POINT('',(6.28318530718,3.408));
#3157 = VECTOR('',#3158,1.);
#3158 = DIRECTION('',(-1.,0.));
#3159 = ( GEOMETRIC_REPRESENTATION_CONTEXT(2) 
PARAMETRIC_REPRESENTATION_CONTEXT() REPRESENTATION_CONTEXT('2D SPACE',''
  ) );
#3160 = PCURVE('',#1490,#3161);
#3161 = DEFINITIONAL_REPRESENTATION('',(#3162),#3170);
#3162 = ( BOUNDED_CURVE() B_SPLINE_CURVE(2,(#3163,#3164,#3165,#3166,
#3167,#3168,#3169),.UNSPECIFIED.,.T.,.F.) B_SPLINE_CURVE_WITH_KNOTS((1,2
    ,2,2,2,1),(-2.094395102393,0.,2.094395102393,4.188790204786,
6.28318530718,8.377580409573),.UNSPECIFIED.) CURVE() 
GEOMETRIC_REPRESENTATION_ITEM() RATIONAL_B_SPLINE_CURVE((1.,0.5,1.,0.5,
1.,0.5,1.)) REPRESENTATION_ITEM('') );
#3163 = CARTESIAN_POINT('',(3.81,1.905));
#3164 = CARTESIAN_POINT('',(3.81,-4.694113576837));
#3165 = CARTESIAN_POINT('',(-1.905,-1.394556788419));
#3166 = CARTESIAN_POINT('',(-7.62,1.905));
#3167 = CARTESIAN_POINT('',(-1.905,5.204556788419));
#3168 = CARTESIAN_POINT('',(3.81,8.504113576837));
#3169 = CARTESIAN_POINT('',(3.81,1.905));
#3170 = ( GEOMETRIC_REPRESENTATION_CONTEXT(2) 
PARAMETRIC_REPRESENTATION_CONTEXT() REPRESENTATION_CONTEXT('2D SPACE',''
  ) );
#3171 = ADVANCED_FACE('',(#3172,#3176),#1318,.T.);
#3172 = FACE_BOUND('',#3173,.T.);
#3173 = EDGE_LOOP('',(#3174,#3175));
#3174 = ORIENTED_EDGE('',*,*,#1294,.F.);
#3175 = ORIENTED_EDGE('',*,*,#3116,.F.);
#3176 = FACE_BOUND('',#3177,.T.);
#3177 = EDGE_LOOP('',(#3178,#3179));
#3178 = ORIENTED_EDGE('',*,*,#1598,.T.);
#3179 = ORIENTED_EDGE('',*,*,#3180,.T.);
#3180 = EDGE_CURVE('',#1571,#1599,#3181,.T.);
#3181 = SURFACE_CURVE('',#3182,(#3187,#3194),.PCURVE_S1.);
#3182 = CIRCLE('',#3183,5.8);
#3183 = AXIS2_PLACEMENT_3D('',#3184,#3185,#3186);
#3184 = CARTESIAN_POINT('',(4.440892098501E-16,12.866174209355,
    3.749999999972));
#3185 = DIRECTION('',(2.603482580865E-48,-1.,1.349682892682E-16));
#3186 = DIRECTION('',(-2.267016710186E-64,-1.349682892682E-16,-1.));
#3187 = PCURVE('',#1318,#3188);
#3188 = DEFINITIONAL_REPRESENTATION('',(#3189),#3193);
#3189 = CIRCLE('',#3190,5.8);
#3190 = AXIS2_PLACEMENT_2D('',#3191,#3192);
#3191 = CARTESIAN_POINT('',(-1.200114226746E-15,-4.9));
#3192 = DIRECTION('',(-1.85706281587E-48,1.));
#3193 = ( GEOMETRIC_REPRESENTATION_CONTEXT(2) 
PARAMETRIC_REPRESENTATION_CONTEXT() REPRESENTATION_CONTEXT('2D SPACE',''
  ) );
#3194 = PCURVE('',#1586,#3195);
#3195 = DEFINITIONAL_REPRESENTATION('',(#3196),#3200);
#3196 = LINE('',#3197,#3198);
#3197 = CARTESIAN_POINT('',(0.,0.5));
#3198 = VECTOR('',#3199,1.);
#3199 = DIRECTION('',(1.,0.));
#3200 = ( GEOMETRIC_REPRESENTATION_CONTEXT(2) 
PARAMETRIC_REPRESENTATION_CONTEXT() REPRESENTATION_CONTEXT('2D SPACE',''
  ) );
#3201 = ADVANCED_FACE('',(#3202),#1490,.T.);
#3202 = FACE_BOUND('',#3203,.T.);
#3203 = EDGE_LOOP('',(#3204,#3205));
#3204 = ORIENTED_EDGE('',*,*,#3146,.F.);
#3205 = ORIENTED_EDGE('',*,*,#1473,.F.);
#3206 = ADVANCED_FACE('',(#3207),#1586,.T.);
#3207 = FACE_BOUND('',#3208,.T.);
#3208 = EDGE_LOOP('',(#3209,#3210,#3236,#3237));
#3209 = ORIENTED_EDGE('',*,*,#1570,.F.);
#3210 = ORIENTED_EDGE('',*,*,#3211,.T.);
#3211 = EDGE_CURVE('',#1533,#1531,#3212,.T.);
#3212 = SURFACE_CURVE('',#3213,(#3218,#3225),.PCURVE_S1.);
#3213 = CIRCLE('',#3214,5.8);
#3214 = AXIS2_PLACEMENT_3D('',#3215,#3216,#3217);
#3215 = CARTESIAN_POINT('',(4.440892098501E-16,13.866174209355,
    3.749999999972));
#3216 = DIRECTION('',(2.603482580865E-48,-1.,1.349682892682E-16));
#3217 = DIRECTION('',(-2.267016710186E-64,-1.349682892682E-16,-1.));
#3218 = PCURVE('',#1586,#3219);
#3219 = DEFINITIONAL_REPRESENTATION('',(#3220),#3224);
#3220 = LINE('',#3221,#3222);
#3221 = CARTESIAN_POINT('',(0.,-0.5));
#3222 = VECTOR('',#3223,1.);
#3223 = DIRECTION('',(1.,0.));
#3224 = ( GEOMETRIC_REPRESENTATION_CONTEXT(2) 
PARAMETRIC_REPRESENTATION_CONTEXT() REPRESENTATION_CONTEXT('2D SPACE',''
  ) );
#3225 = PCURVE('',#1554,#3226);
#3226 = DEFINITIONAL_REPRESENTATION('',(#3227),#3235);
#3227 = ( BOUNDED_CURVE() B_SPLINE_CURVE(2,(#3228,#3229,#3230,#3231,
#3232,#3233,#3234),.UNSPECIFIED.,.T.,.F.) B_SPLINE_CURVE_WITH_KNOTS((1,2
    ,2,2,2,1),(-2.094395102393,0.,2.094395102393,4.188790204786,
6.28318530718,8.377580409573),.UNSPECIFIED.) CURVE() 
GEOMETRIC_REPRESENTATION_ITEM() RATIONAL_B_SPLINE_CURVE((1.,0.5,1.,0.5,
1.,0.5,1.)) REPRESENTATION_ITEM('') );
#3228 = CARTESIAN_POINT('',(7.10271685217E-16,2.9));
#3229 = CARTESIAN_POINT('',(10.045894683899,2.9));
#3230 = CARTESIAN_POINT('',(5.02294734195,-5.8));
#3231 = CARTESIAN_POINT('',(2.130861972228E-15,-14.5));
#3232 = CARTESIAN_POINT('',(-5.02294734195,-5.8));
#3233 = CARTESIAN_POINT('',(-10.04589468389,2.9));
#3234 = CARTESIAN_POINT('',(7.10271685217E-16,2.9));
#3235 = ( GEOMETRIC_REPRESENTATION_CONTEXT(2) 
PARAMETRIC_REPRESENTATION_CONTEXT() REPRESENTATION_CONTEXT('2D SPACE',''
  ) );
#3236 = ORIENTED_EDGE('',*,*,#1622,.T.);
#3237 = ORIENTED_EDGE('',*,*,#3180,.F.);
#3238 = ADVANCED_FACE('',(#3239,#3243),#1554,.T.);
#3239 = FACE_BOUND('',#3240,.T.);
#3240 = EDGE_LOOP('',(#3241,#3242));
#3241 = ORIENTED_EDGE('',*,*,#1530,.F.);
#3242 = ORIENTED_EDGE('',*,*,#3211,.F.);
#3243 = FACE_BOUND('',#3244,.T.);
#3244 = EDGE_LOOP('',(#3245,#3246));
#3245 = ORIENTED_EDGE('',*,*,#1681,.T.);
#3246 = ORIENTED_EDGE('',*,*,#3247,.T.);
#3247 = EDGE_CURVE('',#1682,#1649,#3248,.T.);
#3248 = SURFACE_CURVE('',#3249,(#3254,#3265),.PCURVE_S1.);
#3249 = CIRCLE('',#3250,3.);
#3250 = AXIS2_PLACEMENT_3D('',#3251,#3252,#3253);
#3251 = CARTESIAN_POINT('',(4.440892098501E-16,13.866174209355,
    3.749999999972));
#3252 = DIRECTION('',(0.,-1.,2.22044604925E-16));
#3253 = DIRECTION('',(1.,0.,0.));
#3254 = PCURVE('',#1554,#3255);
#3255 = DEFINITIONAL_REPRESENTATION('',(#3256),#3264);
#3256 = ( BOUNDED_CURVE() B_SPLINE_CURVE(2,(#3257,#3258,#3259,#3260,
#3261,#3262,#3263),.UNSPECIFIED.,.T.,.F.) B_SPLINE_CURVE_WITH_KNOTS((1,2
    ,2,2,2,1),(-2.094395102393,0.,2.094395102393,4.188790204786,
6.28318530718,8.377580409573),.UNSPECIFIED.) CURVE() 
GEOMETRIC_REPRESENTATION_ITEM() RATIONAL_B_SPLINE_CURVE((1.,0.5,1.,0.5,
1.,0.5,1.)) REPRESENTATION_ITEM('') );
#3257 = CARTESIAN_POINT('',(3.,-2.9));
#3258 = CARTESIAN_POINT('',(3.,-8.096152422707));
#3259 = CARTESIAN_POINT('',(-1.5,-5.498076211353));
#3260 = CARTESIAN_POINT('',(-6.,-2.9));
#3261 = CARTESIAN_POINT('',(-1.5,-0.301923788647));
#3262 = CARTESIAN_POINT('',(3.,2.296152422707));
#3263 = CARTESIAN_POINT('',(3.,-2.9));
#3264 = ( GEOMETRIC_REPRESENTATION_CONTEXT(2) 
PARAMETRIC_REPRESENTATION_CONTEXT() REPRESENTATION_CONTEXT('2D SPACE',''
  ) );
#3265 = PCURVE('',#1669,#3266);
#3266 = DEFINITIONAL_REPRESENTATION('',(#3267),#3271);
#3267 = LINE('',#3268,#3269);
#3268 = CARTESIAN_POINT('',(6.28318530718,0.));
#3269 = VECTOR('',#3270,1.);
#3270 = DIRECTION('',(-1.,0.));
#3271 = ( GEOMETRIC_REPRESENTATION_CONTEXT(2) 
PARAMETRIC_REPRESENTATION_CONTEXT() REPRESENTATION_CONTEXT('2D SPACE',''
  ) );
#3272 = ADVANCED_FACE('',(#3273),#1669,.F.);
#3273 = FACE_BOUND('',#3274,.F.);
#3274 = EDGE_LOOP('',(#3275,#3276,#3277,#3299));
#3275 = ORIENTED_EDGE('',*,*,#3247,.T.);
#3276 = ORIENTED_EDGE('',*,*,#1646,.F.);
#3277 = ORIENTED_EDGE('',*,*,#3278,.T.);
#3278 = EDGE_CURVE('',#1647,#1710,#3279,.T.);
#3279 = SURFACE_CURVE('',#3280,(#3285,#3292),.PCURVE_S1.);
#3280 = CIRCLE('',#3281,3.);
#3281 = AXIS2_PLACEMENT_3D('',#3282,#3283,#3284);
#3282 = CARTESIAN_POINT('',(4.440892098501E-16,0.366174209355,
    3.749999999972));
#3283 = DIRECTION('',(0.,1.,-2.22044604925E-16));
#3284 = DIRECTION('',(1.,0.,0.));
#3285 = PCURVE('',#1669,#3286);
#3286 = DEFINITIONAL_REPRESENTATION('',(#3287),#3291);
#3287 = LINE('',#3288,#3289);
#3288 = CARTESIAN_POINT('',(0.,-13.5));
#3289 = VECTOR('',#3290,1.);
#3290 = DIRECTION('',(1.,0.));
#3291 = ( GEOMETRIC_REPRESENTATION_CONTEXT(2) 
PARAMETRIC_REPRESENTATION_CONTEXT() REPRESENTATION_CONTEXT('2D SPACE',''
  ) );
#3292 = PCURVE('',#1747,#3293);
#3293 = DEFINITIONAL_REPRESENTATION('',(#3294),#3298);
#3294 = CIRCLE('',#3295,3.);
#3295 = AXIS2_PLACEMENT_2D('',#3296,#3297);
#3296 = CARTESIAN_POINT('',(0.,0.));
#3297 = DIRECTION('',(1.,0.));
#3298 = ( GEOMETRIC_REPRESENTATION_CONTEXT(2) 
PARAMETRIC_REPRESENTATION_CONTEXT() REPRESENTATION_CONTEXT('2D SPACE',''
  ) );
#3299 = ORIENTED_EDGE('',*,*,#1709,.T.);
#3300 = ADVANCED_FACE('',(#3301),#1747,.T.);
#3301 = FACE_BOUND('',#3302,.T.);
#3302 = EDGE_LOOP('',(#3303,#3304));
#3303 = ORIENTED_EDGE('',*,*,#3278,.T.);
#3304 = ORIENTED_EDGE('',*,*,#1732,.T.);
#3305 = ( GEOMETRIC_REPRESENTATION_CONTEXT(3) 
GLOBAL_UNCERTAINTY_ASSIGNED_CONTEXT((#3309)) 
GLOBAL_UNIT_ASSIGNED_CONTEXT((#3306,#3307,#3308)) REPRESENTATION_CONTEXT
('Context #1','3D Context with UNIT and UNCERTAINTY') );
#3306 = ( LENGTH_UNIT() NAMED_UNIT(*) SI_UNIT(.MILLI.,.METRE.) );
#3307 = ( NAMED_UNIT(*) PLANE_ANGLE_UNIT() SI_UNIT($,.RADIAN.) );
#3308 = ( NAMED_UNIT(*) SI_UNIT($,.STERADIAN.) SOLID_ANGLE_UNIT() );
#3309 = UNCERTAINTY_MEASURE_WITH_UNIT(LENGTH_MEASURE(1.E-05),#3306,
  'distance_accuracy_value','confusion accuracy');
#3310 = PRODUCT_RELATED_PRODUCT_CATEGORY('part',$,(#7));
ENDSEC;
END-ISO-10303-21;
