ISO-10303-21;
HEADER;
FILE_DESCRIPTION(('Open CASCADE Model'),'2;1');
FILE_NAME('Open CASCADE Shape Model','2026-09-11T11:57:33',('Author'),(
    'Open CASCADE'),'Open CASCADE STEP processor 7.9','Open CASCADE 7.9'
  ,'Unknown');
FILE_SCHEMA(('AUTOMOTIVE_DESIGN { 1 0 10303 214 1 1 1 1 }'));
ENDSEC;
DATA;
#1 = APPLICATION_PROTOCOL_DEFINITION('international standard',
  'automotive_design',2000,#2);
#2 = APPLICATION_CONTEXT(
  'core data for automotive mechanical design processes');
#3 = SHAPE_DEFINITION_REPRESENTATION(#4,#10);
#4 = PRODUCT_DEFINITION_SHAPE('','',#5);
#5 = PRODUCT_DEFINITION('design','',#6,#9);
#6 = PRODUCT_DEFINITION_FORMATION('','',#7);
#7 = PRODUCT('Open CASCADE STEP translator 7.9 16',
  'Open CASCADE STEP translator 7.9 16','',(#8));
#8 = PRODUCT_CONTEXT('',#2,'mechanical');
#9 = PRODUCT_DEFINITION_CONTEXT('part definition',#2,'design');
#10 = ADVANCED_BREP_SHAPE_REPRESENTATION('',(#11,#15),#4407);
#11 = AXIS2_PLACEMENT_3D('',#12,#13,#14);
#12 = CARTESIAN_POINT('',(0.,0.,0.));
#13 = DIRECTION('',(0.,0.,1.));
#14 = DIRECTION('',(1.,0.,-0.));
#15 = MANIFOLD_SOLID_BREP('',#16);
#16 = CLOSED_SHELL('',(#17,#138,#258,#520,#782,#896,#1014,#1134,#1250,
    #1332,#1414,#1526,#1635,#1756,#1837,#2538,#3095,#3154,#3203,#3351,
    #3503,#3531,#3563,#3643,#3762,#3790,#3820,#3848,#3878,#3906,#3934,
    #3966,#4000,#4032,#4066,#4073,#4101,#4106,#4135,#4141,#4167,#4176,
    #4202,#4207,#4237,#4242,#4268,#4273,#4303,#4308,#4340,#4374,#4402));
#17 = ADVANCED_FACE('',(#18),#32,.F.);
#18 = FACE_BOUND('',#19,.F.);
#19 = EDGE_LOOP('',(#20,#55,#88,#111));
#20 = ORIENTED_EDGE('',*,*,#21,.T.);
#21 = EDGE_CURVE('',#22,#24,#26,.T.);
#22 = VERTEX_POINT('',#23);
#23 = CARTESIAN_POINT('',(5.551115117575E-15,-10.,41.99999995));
#24 = VERTEX_POINT('',#25);
#25 = CARTESIAN_POINT('',(-2.442490659726E-15,-10.,-30.00000005));
#26 = SURFACE_CURVE('',#27,(#31,#43),.PCURVE_S1.);
#27 = LINE('',#28,#29);
#28 = CARTESIAN_POINT('',(5.551115117575E-15,-10.,41.99999995));
#29 = VECTOR('',#30,1.);
#30 = DIRECTION('',(-1.110223024625E-16,-1.110223024625E-16,-1.));
#31 = PCURVE('',#32,#37);
#32 = CYLINDRICAL_SURFACE('',#33,10.);
#33 = AXIS2_PLACEMENT_3D('',#34,#35,#36);
#34 = CARTESIAN_POINT('',(5.551115117575E-15,4.662936697875E-15,
    41.99999995));
#35 = DIRECTION('',(-1.110223024625E-16,-1.110223024625E-16,-1.));
#36 = DIRECTION('',(0.,-1.,1.110223024625E-16));
#37 = DEFINITIONAL_REPRESENTATION('',(#38),#42);
#38 = LINE('',#39,#40);
#39 = CARTESIAN_POINT('',(6.28318530718,0.));
#40 = VECTOR('',#41,1.);
#41 = DIRECTION('',(0.,1.));
#42 = ( GEOMETRIC_REPRESENTATION_CONTEXT(2) 
PARAMETRIC_REPRESENTATION_CONTEXT() REPRESENTATION_CONTEXT('2D SPACE',''
  ) );
#43 = PCURVE('',#44,#49);
#44 = CYLINDRICAL_SURFACE('',#45,10.);
#45 = AXIS2_PLACEMENT_3D('',#46,#47,#48);
#46 = CARTESIAN_POINT('',(5.551115117575E-15,4.662936697875E-15,
    41.99999995));
#47 = DIRECTION('',(-1.110223024625E-16,-1.110223024625E-16,-1.));
#48 = DIRECTION('',(0.,-1.,1.110223024625E-16));
#49 = DEFINITIONAL_REPRESENTATION('',(#50),#54);
#50 = LINE('',#51,#52);
#51 = CARTESIAN_POINT('',(0.,0.));
#52 = VECTOR('',#53,1.);
#53 = DIRECTION('',(0.,1.));
#54 = ( GEOMETRIC_REPRESENTATION_CONTEXT(2) 
PARAMETRIC_REPRESENTATION_CONTEXT() REPRESENTATION_CONTEXT('2D SPACE',''
  ) );
#55 = ORIENTED_EDGE('',*,*,#56,.F.);
#56 = EDGE_CURVE('',#57,#24,#59,.T.);
#57 = VERTEX_POINT('',#58);
#58 = CARTESIAN_POINT('',(-3.667137458874E-15,10.,-30.00000005));
#59 = SURFACE_CURVE('',#60,(#65,#72),.PCURVE_S1.);
#60 = CIRCLE('',#61,10.);
#61 = AXIS2_PLACEMENT_3D('',#62,#63,#64);
#62 = CARTESIAN_POINT('',(-2.442490659726E-15,-3.330669079427E-15,
    -30.00000005));
#63 = DIRECTION('',(-1.110223024625E-16,-1.110223024625E-16,-1.));
#64 = DIRECTION('',(0.,-1.,1.110223024625E-16));
#65 = PCURVE('',#32,#66);
#66 = DEFINITIONAL_REPRESENTATION('',(#67),#71);
#67 = LINE('',#68,#69);
#68 = CARTESIAN_POINT('',(0.,72.));
#69 = VECTOR('',#70,1.);
#70 = DIRECTION('',(1.,0.));
#71 = ( GEOMETRIC_REPRESENTATION_CONTEXT(2) 
PARAMETRIC_REPRESENTATION_CONTEXT() REPRESENTATION_CONTEXT('2D SPACE',''
  ) );
#72 = PCURVE('',#73,#78);
#73 = PLANE('',#74);
#74 = AXIS2_PLACEMENT_3D('',#75,#76,#77);
#75 = CARTESIAN_POINT('',(-4.,-3.330669079427E-15,-30.00000005));
#76 = DIRECTION('',(1.110223024625E-16,1.110223024625E-16,1.));
#77 = DIRECTION('',(0.,1.,-1.110223024625E-16));
#78 = DEFINITIONAL_REPRESENTATION('',(#79),#87);
#79 = ( BOUNDED_CURVE() B_SPLINE_CURVE(2,(#80,#81,#82,#83,#84,#85,#86),
.UNSPECIFIED.,.T.,.F.) B_SPLINE_CURVE_WITH_KNOTS((1,2,2,2,2,1),(
    -2.094395102393,0.,2.094395102393,4.188790204786,6.28318530718,
8.377580409573),.UNSPECIFIED.) CURVE() GEOMETRIC_REPRESENTATION_ITEM() 
RATIONAL_B_SPLINE_CURVE((1.,0.5,1.,0.5,1.,0.5,1.)) REPRESENTATION_ITEM(
  '') );
#80 = CARTESIAN_POINT('',(-10.,-4.));
#81 = CARTESIAN_POINT('',(-10.,13.320508075689));
#82 = CARTESIAN_POINT('',(5.,4.660254037844));
#83 = CARTESIAN_POINT('',(20.,-4.));
#84 = CARTESIAN_POINT('',(5.,-12.66025403784));
#85 = CARTESIAN_POINT('',(-10.,-21.32050807568));
#86 = CARTESIAN_POINT('',(-10.,-4.));
#87 = ( GEOMETRIC_REPRESENTATION_CONTEXT(2) 
PARAMETRIC_REPRESENTATION_CONTEXT() REPRESENTATION_CONTEXT('2D SPACE',''
  ) );
#88 = ORIENTED_EDGE('',*,*,#89,.F.);
#89 = EDGE_CURVE('',#90,#57,#92,.T.);
#90 = VERTEX_POINT('',#91);
#91 = CARTESIAN_POINT('',(4.326468318427E-15,10.,41.99999995));
#92 = SURFACE_CURVE('',#93,(#97,#104),.PCURVE_S1.);
#93 = LINE('',#94,#95);
#94 = CARTESIAN_POINT('',(4.326468318427E-15,10.,41.99999995));
#95 = VECTOR('',#96,1.);
#96 = DIRECTION('',(-1.110223024625E-16,-1.110223024625E-16,-1.));
#97 = PCURVE('',#32,#98);
#98 = DEFINITIONAL_REPRESENTATION('',(#99),#103);
#99 = LINE('',#100,#101);
#100 = CARTESIAN_POINT('',(3.14159265359,0.));
#101 = VECTOR('',#102,1.);
#102 = DIRECTION('',(0.,1.));
#103 = ( GEOMETRIC_REPRESENTATION_CONTEXT(2) 
PARAMETRIC_REPRESENTATION_CONTEXT() REPRESENTATION_CONTEXT('2D SPACE',''
  ) );
#104 = PCURVE('',#44,#105);
#105 = DEFINITIONAL_REPRESENTATION('',(#106),#110);
#106 = LINE('',#107,#108);
#107 = CARTESIAN_POINT('',(3.14159265359,0.));
#108 = VECTOR('',#109,1.);
#109 = DIRECTION('',(0.,1.));
#110 = ( GEOMETRIC_REPRESENTATION_CONTEXT(2) 
PARAMETRIC_REPRESENTATION_CONTEXT() REPRESENTATION_CONTEXT('2D SPACE',''
  ) );
#111 = ORIENTED_EDGE('',*,*,#112,.T.);
#112 = EDGE_CURVE('',#90,#22,#113,.T.);
#113 = SURFACE_CURVE('',#114,(#119,#126),.PCURVE_S1.);
#114 = CIRCLE('',#115,10.);
#115 = AXIS2_PLACEMENT_3D('',#116,#117,#118);
#116 = CARTESIAN_POINT('',(5.551115117575E-15,4.662936697875E-15,
    41.99999995));
#117 = DIRECTION('',(-1.110223024625E-16,-1.110223024625E-16,-1.));
#118 = DIRECTION('',(0.,-1.,1.110223024625E-16));
#119 = PCURVE('',#32,#120);
#120 = DEFINITIONAL_REPRESENTATION('',(#121),#125);
#121 = LINE('',#122,#123);
#122 = CARTESIAN_POINT('',(0.,0.));
#123 = VECTOR('',#124,1.);
#124 = DIRECTION('',(1.,0.));
#125 = ( GEOMETRIC_REPRESENTATION_CONTEXT(2) 
PARAMETRIC_REPRESENTATION_CONTEXT() REPRESENTATION_CONTEXT('2D SPACE',''
  ) );
#126 = PCURVE('',#127,#132);
#127 = PLANE('',#128);
#128 = AXIS2_PLACEMENT_3D('',#129,#130,#131);
#129 = CARTESIAN_POINT('',(-10.,4.662936697875E-15,41.99999995));
#130 = DIRECTION('',(-1.110223024625E-16,-1.110223024625E-16,-1.));
#131 = DIRECTION('',(0.,-1.,1.110223024625E-16));
#132 = DEFINITIONAL_REPRESENTATION('',(#133),#137);
#133 = CIRCLE('',#134,10.);
#134 = AXIS2_PLACEMENT_2D('',#135,#136);
#135 = CARTESIAN_POINT('',(0.,-10.));
#136 = DIRECTION('',(1.,0.));
#137 = ( GEOMETRIC_REPRESENTATION_CONTEXT(2) 
PARAMETRIC_REPRESENTATION_CONTEXT() REPRESENTATION_CONTEXT('2D SPACE',''
  ) );
#138 = ADVANCED_FACE('',(#139),#153,.F.);
#139 = FACE_BOUND('',#140,.F.);
#140 = EDGE_LOOP('',(#141,#176,#209,#232));
#141 = ORIENTED_EDGE('',*,*,#142,.T.);
#142 = EDGE_CURVE('',#143,#145,#147,.T.);
#143 = VERTEX_POINT('',#144);
#144 = CARTESIAN_POINT('',(-2.442490659726E-15,-4.,-30.00000005));
#145 = VERTEX_POINT('',#146);
#146 = CARTESIAN_POINT('',(-6.772360455765E-15,-4.,-69.00000005));
#147 = SURFACE_CURVE('',#148,(#152,#164),.PCURVE_S1.);
#148 = LINE('',#149,#150);
#149 = CARTESIAN_POINT('',(5.551115117575E-15,-4.,41.99999995));
#150 = VECTOR('',#151,1.);
#151 = DIRECTION('',(-1.110223024625E-16,-1.110223024625E-16,-1.));
#152 = PCURVE('',#153,#158);
#153 = CYLINDRICAL_SURFACE('',#154,4.);
#154 = AXIS2_PLACEMENT_3D('',#155,#156,#157);
#155 = CARTESIAN_POINT('',(5.551115117575E-15,4.662936697875E-15,
    41.99999995));
#156 = DIRECTION('',(-1.110223024625E-16,-1.110223024625E-16,-1.));
#157 = DIRECTION('',(0.,-1.,1.110223024625E-16));
#158 = DEFINITIONAL_REPRESENTATION('',(#159),#163);
#159 = LINE('',#160,#161);
#160 = CARTESIAN_POINT('',(6.28318530718,0.));
#161 = VECTOR('',#162,1.);
#162 = DIRECTION('',(0.,1.));
#163 = ( GEOMETRIC_REPRESENTATION_CONTEXT(2) 
PARAMETRIC_REPRESENTATION_CONTEXT() REPRESENTATION_CONTEXT('2D SPACE',''
  ) );
#164 = PCURVE('',#165,#170);
#165 = CYLINDRICAL_SURFACE('',#166,4.);
#166 = AXIS2_PLACEMENT_3D('',#167,#168,#169);
#167 = CARTESIAN_POINT('',(5.551115117575E-15,4.662936697875E-15,
    41.99999995));
#168 = DIRECTION('',(-1.110223024625E-16,-1.110223024625E-16,-1.));
#169 = DIRECTION('',(0.,-1.,1.110223024625E-16));
#170 = DEFINITIONAL_REPRESENTATION('',(#171),#175);
#171 = LINE('',#172,#173);
#172 = CARTESIAN_POINT('',(0.,0.));
#173 = VECTOR('',#174,1.);
#174 = DIRECTION('',(0.,1.));
#175 = ( GEOMETRIC_REPRESENTATION_CONTEXT(2) 
PARAMETRIC_REPRESENTATION_CONTEXT() REPRESENTATION_CONTEXT('2D SPACE',''
  ) );
#176 = ORIENTED_EDGE('',*,*,#177,.F.);
#177 = EDGE_CURVE('',#178,#145,#180,.T.);
#178 = VERTEX_POINT('',#179);
#179 = CARTESIAN_POINT('',(-7.262219175424E-15,4.,-69.00000005));
#180 = SURFACE_CURVE('',#181,(#186,#193),.PCURVE_S1.);
#181 = CIRCLE('',#182,4.);
#182 = AXIS2_PLACEMENT_3D('',#183,#184,#185);
#183 = CARTESIAN_POINT('',(-6.772360455765E-15,-7.660538875465E-15,
    -69.00000005));
#184 = DIRECTION('',(-1.110223024625E-16,-1.110223024625E-16,-1.));
#185 = DIRECTION('',(0.,-1.,1.110223024625E-16));
#186 = PCURVE('',#153,#187);
#187 = DEFINITIONAL_REPRESENTATION('',(#188),#192);
#188 = LINE('',#189,#190);
#189 = CARTESIAN_POINT('',(0.,111.));
#190 = VECTOR('',#191,1.);
#191 = DIRECTION('',(1.,0.));
#192 = ( GEOMETRIC_REPRESENTATION_CONTEXT(2) 
PARAMETRIC_REPRESENTATION_CONTEXT() REPRESENTATION_CONTEXT('2D SPACE',''
  ) );
#193 = PCURVE('',#194,#199);
#194 = PLANE('',#195);
#195 = AXIS2_PLACEMENT_3D('',#196,#197,#198);
#196 = CARTESIAN_POINT('',(-6.772360455765E-15,-7.660538875465E-15,
    -69.00000005));
#197 = DIRECTION('',(1.110223024625E-16,1.110223024625E-16,1.));
#198 = DIRECTION('',(0.,1.,-1.110223024625E-16));
#199 = DEFINITIONAL_REPRESENTATION('',(#200),#208);
#200 = ( BOUNDED_CURVE() B_SPLINE_CURVE(2,(#201,#202,#203,#204,#205,#206
,#207),.UNSPECIFIED.,.T.,.F.) B_SPLINE_CURVE_WITH_KNOTS((1,2,2,2,2,1),(
    -2.094395102393,0.,2.094395102393,4.188790204786,6.28318530718,
8.377580409573),.UNSPECIFIED.) CURVE() GEOMETRIC_REPRESENTATION_ITEM() 
RATIONAL_B_SPLINE_CURVE((1.,0.5,1.,0.5,1.,0.5,1.)) REPRESENTATION_ITEM(
  '') );
#201 = CARTESIAN_POINT('',(-4.,0.));
#202 = CARTESIAN_POINT('',(-4.,6.928203230276));
#203 = CARTESIAN_POINT('',(2.,3.464101615138));
#204 = CARTESIAN_POINT('',(8.,9.797174393179E-16));
#205 = CARTESIAN_POINT('',(2.,-3.464101615138));
#206 = CARTESIAN_POINT('',(-4.,-6.928203230276));
#207 = CARTESIAN_POINT('',(-4.,0.));
#208 = ( GEOMETRIC_REPRESENTATION_CONTEXT(2) 
PARAMETRIC_REPRESENTATION_CONTEXT() REPRESENTATION_CONTEXT('2D SPACE',''
  ) );
#209 = ORIENTED_EDGE('',*,*,#210,.F.);
#210 = EDGE_CURVE('',#211,#178,#213,.T.);
#211 = VERTEX_POINT('',#212);
#212 = CARTESIAN_POINT('',(-2.932349379385E-15,4.,-30.00000005));
#213 = SURFACE_CURVE('',#214,(#218,#225),.PCURVE_S1.);
#214 = LINE('',#215,#216);
#215 = CARTESIAN_POINT('',(5.061256397916E-15,4.,41.99999995));
#216 = VECTOR('',#217,1.);
#217 = DIRECTION('',(-1.110223024625E-16,-1.110223024625E-16,-1.));
#218 = PCURVE('',#153,#219);
#219 = DEFINITIONAL_REPRESENTATION('',(#220),#224);
#220 = LINE('',#221,#222);
#221 = CARTESIAN_POINT('',(3.14159265359,0.));
#222 = VECTOR('',#223,1.);
#223 = DIRECTION('',(0.,1.));
#224 = ( GEOMETRIC_REPRESENTATION_CONTEXT(2) 
PARAMETRIC_REPRESENTATION_CONTEXT() REPRESENTATION_CONTEXT('2D SPACE',''
  ) );
#225 = PCURVE('',#165,#226);
#226 = DEFINITIONAL_REPRESENTATION('',(#227),#231);
#227 = LINE('',#228,#229);
#228 = CARTESIAN_POINT('',(3.14159265359,0.));
#229 = VECTOR('',#230,1.);
#230 = DIRECTION('',(0.,1.));
#231 = ( GEOMETRIC_REPRESENTATION_CONTEXT(2) 
PARAMETRIC_REPRESENTATION_CONTEXT() REPRESENTATION_CONTEXT('2D SPACE',''
  ) );
#232 = ORIENTED_EDGE('',*,*,#233,.T.);
#233 = EDGE_CURVE('',#211,#143,#234,.T.);
#234 = SURFACE_CURVE('',#235,(#240,#247),.PCURVE_S1.);
#235 = CIRCLE('',#236,4.);
#236 = AXIS2_PLACEMENT_3D('',#237,#238,#239);
#237 = CARTESIAN_POINT('',(-2.442490659726E-15,-3.330669079427E-15,
    -30.00000005));
#238 = DIRECTION('',(-1.110223024625E-16,-1.110223024625E-16,-1.));
#239 = DIRECTION('',(0.,-1.,1.110223024625E-16));
#240 = PCURVE('',#153,#241);
#241 = DEFINITIONAL_REPRESENTATION('',(#242),#246);
#242 = LINE('',#243,#244);
#243 = CARTESIAN_POINT('',(0.,72.));
#244 = VECTOR('',#245,1.);
#245 = DIRECTION('',(1.,0.));
#246 = ( GEOMETRIC_REPRESENTATION_CONTEXT(2) 
PARAMETRIC_REPRESENTATION_CONTEXT() REPRESENTATION_CONTEXT('2D SPACE',''
  ) );
#247 = PCURVE('',#73,#248);
#248 = DEFINITIONAL_REPRESENTATION('',(#249),#257);
#249 = ( BOUNDED_CURVE() B_SPLINE_CURVE(2,(#250,#251,#252,#253,#254,#255
,#256),.UNSPECIFIED.,.T.,.F.) B_SPLINE_CURVE_WITH_KNOTS((1,2,2,2,2,1),(
    -2.094395102393,0.,2.094395102393,4.188790204786,6.28318530718,
8.377580409573),.UNSPECIFIED.) CURVE() GEOMETRIC_REPRESENTATION_ITEM() 
RATIONAL_B_SPLINE_CURVE((1.,0.5,1.,0.5,1.,0.5,1.)) REPRESENTATION_ITEM(
  '') );
#250 = CARTESIAN_POINT('',(-4.,-4.));
#251 = CARTESIAN_POINT('',(-4.,2.928203230276));
#252 = CARTESIAN_POINT('',(2.,-0.535898384862));
#253 = CARTESIAN_POINT('',(8.,-4.));
#254 = CARTESIAN_POINT('',(2.,-7.464101615138));
#255 = CARTESIAN_POINT('',(-4.,-10.92820323027));
#256 = CARTESIAN_POINT('',(-4.,-4.));
#257 = ( GEOMETRIC_REPRESENTATION_CONTEXT(2) 
PARAMETRIC_REPRESENTATION_CONTEXT() REPRESENTATION_CONTEXT('2D SPACE',''
  ) );
#258 = ADVANCED_FACE('',(#259),#273,.F.);
#259 = FACE_BOUND('',#260,.F.);
#260 = EDGE_LOOP('',(#261,#296,#371,#400,#470,#493));
#261 = ORIENTED_EDGE('',*,*,#262,.T.);
#262 = EDGE_CURVE('',#263,#265,#267,.T.);
#263 = VERTEX_POINT('',#264);
#264 = CARTESIAN_POINT('',(-5.5,-4.283,60.99999995));
#265 = VERTEX_POINT('',#266);
#266 = CARTESIAN_POINT('',(-12.80257438955,-4.283,60.99999995));
#267 = SURFACE_CURVE('',#268,(#272,#284),.PCURVE_S1.);
#268 = LINE('',#269,#270);
#269 = CARTESIAN_POINT('',(-5.5,-4.283,60.99999995));
#270 = VECTOR('',#271,1.);
#271 = DIRECTION('',(-1.,1.232595164408E-32,1.110223024625E-16));
#272 = PCURVE('',#273,#278);
#273 = CYLINDRICAL_SURFACE('',#274,4.283);
#274 = AXIS2_PLACEMENT_3D('',#275,#276,#277);
#275 = CARTESIAN_POINT('',(-5.5,6.772360444662E-15,60.99999995));
#276 = DIRECTION('',(-1.,1.232595164408E-32,1.110223024625E-16));
#277 = DIRECTION('',(0.,-1.,1.110223024625E-16));
#278 = DEFINITIONAL_REPRESENTATION('',(#279),#283);
#279 = LINE('',#280,#281);
#280 = CARTESIAN_POINT('',(6.28318530718,0.));
#281 = VECTOR('',#282,1.);
#282 = DIRECTION('',(0.,1.));
#283 = ( GEOMETRIC_REPRESENTATION_CONTEXT(2) 
PARAMETRIC_REPRESENTATION_CONTEXT() REPRESENTATION_CONTEXT('2D SPACE',''
  ) );
#284 = PCURVE('',#285,#290);
#285 = CYLINDRICAL_SURFACE('',#286,4.283);
#286 = AXIS2_PLACEMENT_3D('',#287,#288,#289);
#287 = CARTESIAN_POINT('',(-5.5,6.772360444662E-15,60.99999995));
#288 = DIRECTION('',(-1.,1.232595164408E-32,1.110223024625E-16));
#289 = DIRECTION('',(0.,-1.,1.110223024625E-16));
#290 = DEFINITIONAL_REPRESENTATION('',(#291),#295);
#291 = LINE('',#292,#293);
#292 = CARTESIAN_POINT('',(0.,0.));
#293 = VECTOR('',#294,1.);
#294 = DIRECTION('',(0.,1.));
#295 = ( GEOMETRIC_REPRESENTATION_CONTEXT(2) 
PARAMETRIC_REPRESENTATION_CONTEXT() REPRESENTATION_CONTEXT('2D SPACE',''
  ) );
#296 = ORIENTED_EDGE('',*,*,#297,.F.);
#297 = EDGE_CURVE('',#298,#265,#300,.T.);
#298 = VERTEX_POINT('',#299);
#299 = CARTESIAN_POINT('',(-12.919,-3.91783600984,59.269494243566));
#300 = SURFACE_CURVE('',#301,(#308,#337),.PCURVE_S1.);
#301 = B_SPLINE_CURVE_WITH_KNOTS('',3,(#302,#303,#304,#305,#306,#307),
  .UNSPECIFIED.,.F.,.F.,(4,2,4),(0.,8.884588941381E-04,
    1.776917788276E-03),.UNSPECIFIED.);
#302 = CARTESIAN_POINT('',(-12.919,-3.91783600984,59.269494243566));
#303 = CARTESIAN_POINT('',(-12.88247862386,-4.038264648774,
    59.542142670252));
#304 = CARTESIAN_POINT('',(-12.85330594939,-4.128762911874,
    59.823179231577));
#305 = CARTESIAN_POINT('',(-12.81328324664,-4.251344428827,
    60.401952516045));
#306 = CARTESIAN_POINT('',(-12.80257438955,-4.283,60.703165485728));
#307 = CARTESIAN_POINT('',(-12.80257438955,-4.283,60.99999995));
#308 = PCURVE('',#273,#309);
#309 = DEFINITIONAL_REPRESENTATION('',(#310),#336);
#310 = B_SPLINE_CURVE_WITH_KNOTS('',3,(#311,#312,#313,#314,#315,#316,
    #317,#318,#319,#320,#321,#322,#323,#324,#325,#326,#327,#328,#329,
    #330,#331,#332,#333,#334,#335),.UNSPECIFIED.,.F.,.F.,(4,1,1,1,1,1,1,
    1,1,1,1,1,1,1,1,1,1,1,1,1,1,1,4),(0.,8.076899037619E-05,
    1.615379807524E-04,2.423069711286E-04,3.230759615048E-04,
    4.038449518809E-04,4.846139422571E-04,5.653829326333E-04,
    6.461519230095E-04,7.269209133857E-04,8.076899037619E-04,
    8.884588941381E-04,9.692278845143E-04,1.04999687489E-03,
    1.130765865267E-03,1.211534855643E-03,1.292303846019E-03,
    1.373072836395E-03,1.453841826771E-03,1.534610817148E-03,
    1.615379807524E-03,1.6961487979E-03,1.776917788276E-03),
  .QUASI_UNIFORM_KNOTS.);
#311 = CARTESIAN_POINT('',(5.867255588018,7.419));
#312 = CARTESIAN_POINT('',(5.873582099119,7.415679874897));
#313 = CARTESIAN_POINT('',(5.886218050777,7.409161090834));
#314 = CARTESIAN_POINT('',(5.905127714935,7.39975548427));
#315 = CARTESIAN_POINT('',(5.924000052649,7.390730618303));
#316 = CARTESIAN_POINT('',(5.94284204078,7.382094664146));
#317 = CARTESIAN_POINT('',(5.961660658875,7.373855792455));
#318 = CARTESIAN_POINT('',(5.980462893148,7.366022175968));
#319 = CARTESIAN_POINT('',(5.999255666224,7.358601979651));
#320 = CARTESIAN_POINT('',(6.018046024215,7.351603397477));
#321 = CARTESIAN_POINT('',(6.036840369846,7.345034515165));
#322 = CARTESIAN_POINT('',(6.055647254701,7.338903822442));
#323 = CARTESIAN_POINT('',(6.074466889071,7.333218301254));
#324 = CARTESIAN_POINT('',(6.093330221967,7.327990560664));
#325 = CARTESIAN_POINT('',(6.112251534197,7.32323137836));
#326 = CARTESIAN_POINT('',(6.131214074683,7.318945904923));
#327 = CARTESIAN_POINT('',(6.150209202181,7.31514079871));
#328 = CARTESIAN_POINT('',(6.16922595536,7.311822314071));
#329 = CARTESIAN_POINT('',(6.188253906845,7.308996813612));
#330 = CARTESIAN_POINT('',(6.207282459376,7.306670630928));
#331 = CARTESIAN_POINT('',(6.226301093456,7.304850107389));
#332 = CARTESIAN_POINT('',(6.245299368471,7.303541582283));
#333 = CARTESIAN_POINT('',(6.264266957447,7.302751395455));
#334 = CARTESIAN_POINT('',(6.276884846092,7.302574389552));
#335 = CARTESIAN_POINT('',(6.28318530718,7.302574389552));
#336 = ( GEOMETRIC_REPRESENTATION_CONTEXT(2) 
PARAMETRIC_REPRESENTATION_CONTEXT() REPRESENTATION_CONTEXT('2D SPACE',''
  ) );
#337 = PCURVE('',#338,#343);
#338 = CYLINDRICAL_SURFACE('',#339,13.5);
#339 = AXIS2_PLACEMENT_3D('',#340,#341,#342);
#340 = CARTESIAN_POINT('',(8.548717284063E-15,7.660538864362E-15,
    68.99999995));
#341 = DIRECTION('',(-1.110223024625E-16,-1.110223024625E-16,-1.));
#342 = DIRECTION('',(0.,-1.,1.110223024625E-16));
#343 = DEFINITIONAL_REPRESENTATION('',(#344),#370);
#344 = B_SPLINE_CURVE_WITH_KNOTS('',3,(#345,#346,#347,#348,#349,#350,
    #351,#352,#353,#354,#355,#356,#357,#358,#359,#360,#361,#362,#363,
    #364,#365,#366,#367,#368,#369),.UNSPECIFIED.,.F.,.F.,(4,1,1,1,1,1,1,
    1,1,1,1,1,1,1,1,1,1,1,1,1,1,1,4),(0.,8.076899037619E-05,
    1.615379807524E-04,2.423069711286E-04,3.230759615048E-04,
    4.038449518809E-04,4.846139422571E-04,5.653829326333E-04,
    6.461519230095E-04,7.269209133857E-04,8.076899037619E-04,
    8.884588941381E-04,9.692278845143E-04,1.04999687489E-03,
    1.130765865267E-03,1.211534855643E-03,1.292303846019E-03,
    1.373072836395E-03,1.453841826771E-03,1.534610817148E-03,
    1.615379807524E-03,1.6961487979E-03,1.776917788276E-03),
  .QUASI_UNIFORM_KNOTS.);
#345 = CARTESIAN_POINT('',(1.276349973954,9.730505706434));
#346 = CARTESIAN_POINT('',(1.275502535631,9.705719485826));
#347 = CARTESIAN_POINT('',(1.273845338029,9.656008397786));
#348 = CARTESIAN_POINT('',(1.271472513402,9.581025996531));
#349 = CARTESIAN_POINT('',(1.269212594265,9.505627998417));
#350 = CARTESIAN_POINT('',(1.267065517552,9.429814572077));
#351 = CARTESIAN_POINT('',(1.265031222332,9.353585899892));
#352 = CARTESIAN_POINT('',(1.263109650806,9.276942112958));
#353 = CARTESIAN_POINT('',(1.261300745942,9.199883533759));
#354 = CARTESIAN_POINT('',(1.259604460197,9.122409770515));
#355 = CARTESIAN_POINT('',(1.258020723021,9.044523097119));
#356 = CARTESIAN_POINT('',(1.25654956185,8.966215839025));
#357 = CARTESIAN_POINT('',(1.255190650135,8.887517449777));
#358 = CARTESIAN_POINT('',(1.253944993448,8.808318819));
#359 = CARTESIAN_POINT('',(1.252814427007,8.72858371436));
#360 = CARTESIAN_POINT('',(1.251799456097,8.648414467445));
#361 = CARTESIAN_POINT('',(1.250900942535,8.567876281749));
#362 = CARTESIAN_POINT('',(1.250119652962,8.487044309211));
#363 = CARTESIAN_POINT('',(1.249456379996,8.405991036092));
#364 = CARTESIAN_POINT('',(1.248911909844,8.324789662919));
#365 = CARTESIAN_POINT('',(1.248487030992,8.24351319883));
#366 = CARTESIAN_POINT('',(1.248182531832,8.162234704249));
#367 = CARTESIAN_POINT('',(1.247999201188,8.081027225853));
#368 = CARTESIAN_POINT('',(1.247958285733,8.026984951297));
#369 = CARTESIAN_POINT('',(1.247958285734,8.));
#370 = ( GEOMETRIC_REPRESENTATION_CONTEXT(2) 
PARAMETRIC_REPRESENTATION_CONTEXT() REPRESENTATION_CONTEXT('2D SPACE',''
  ) );
#371 = ORIENTED_EDGE('',*,*,#372,.F.);
#372 = EDGE_CURVE('',#373,#298,#375,.T.);
#373 = VERTEX_POINT('',#374);
#374 = CARTESIAN_POINT('',(-12.919,3.91783600984,59.269494243566));
#375 = SURFACE_CURVE('',#376,(#381,#388),.PCURVE_S1.);
#376 = CIRCLE('',#377,4.283);
#377 = AXIS2_PLACEMENT_3D('',#378,#379,#380);
#378 = CARTESIAN_POINT('',(-12.919,6.772360444662E-15,60.99999995));
#379 = DIRECTION('',(-1.,1.232595164408E-32,1.110223024625E-16));
#380 = DIRECTION('',(0.,-1.,1.110223024625E-16));
#381 = PCURVE('',#273,#382);
#382 = DEFINITIONAL_REPRESENTATION('',(#383),#387);
#383 = LINE('',#384,#385);
#384 = CARTESIAN_POINT('',(0.,7.419));
#385 = VECTOR('',#386,1.);
#386 = DIRECTION('',(1.,0.));
#387 = ( GEOMETRIC_REPRESENTATION_CONTEXT(2) 
PARAMETRIC_REPRESENTATION_CONTEXT() REPRESENTATION_CONTEXT('2D SPACE',''
  ) );
#388 = PCURVE('',#389,#394);
#389 = CONICAL_SURFACE('',#390,4.283,0.785398163397);
#390 = AXIS2_PLACEMENT_3D('',#391,#392,#393);
#391 = CARTESIAN_POINT('',(-12.919,6.772360444662E-15,60.99999995));
#392 = DIRECTION('',(-1.,1.232595164408E-32,1.110223024625E-16));
#393 = DIRECTION('',(0.,-1.,1.110223024625E-16));
#394 = DEFINITIONAL_REPRESENTATION('',(#395),#399);
#395 = LINE('',#396,#397);
#396 = CARTESIAN_POINT('',(0.,1.12808911473E-15));
#397 = VECTOR('',#398,1.);
#398 = DIRECTION('',(1.,-1.922686165289E-16));
#399 = ( GEOMETRIC_REPRESENTATION_CONTEXT(2) 
PARAMETRIC_REPRESENTATION_CONTEXT() REPRESENTATION_CONTEXT('2D SPACE',''
  ) );
#400 = ORIENTED_EDGE('',*,*,#401,.F.);
#401 = EDGE_CURVE('',#402,#373,#404,.T.);
#402 = VERTEX_POINT('',#403);
#403 = CARTESIAN_POINT('',(-12.80257438955,4.283,60.99999995));
#404 = SURFACE_CURVE('',#405,(#412,#441),.PCURVE_S1.);
#405 = B_SPLINE_CURVE_WITH_KNOTS('',3,(#406,#407,#408,#409,#410,#411),
  .UNSPECIFIED.,.F.,.F.,(4,2,4),(1.776917788276E-03,2.664094494922E-03,
    3.551271201567E-03),.UNSPECIFIED.);
#406 = CARTESIAN_POINT('',(-12.80257438955,4.283,60.99999995));
#407 = CARTESIAN_POINT('',(-12.80257438955,4.283,60.703593865071));
#408 = CARTESIAN_POINT('',(-12.81287943898,4.252562896342,
    60.409542010797));
#409 = CARTESIAN_POINT('',(-12.85297871875,4.129783137248,
    59.826192894041));
#410 = CARTESIAN_POINT('',(-12.88252452992,4.038113274295,
    59.541799960961));
#411 = CARTESIAN_POINT('',(-12.919,3.91783600984,59.269494243566));
#412 = PCURVE('',#273,#413);
#413 = DEFINITIONAL_REPRESENTATION('',(#414),#440);
#414 = B_SPLINE_CURVE_WITH_KNOTS('',3,(#415,#416,#417,#418,#419,#420,
    #421,#422,#423,#424,#425,#426,#427,#428,#429,#430,#431,#432,#433,
    #434,#435,#436,#437,#438,#439),.UNSPECIFIED.,.F.,.F.,(4,1,1,1,1,1,1,
    1,1,1,1,1,1,1,1,1,1,1,1,1,1,1,4),(1.776917788276E-03,
    1.857570216153E-03,1.93822264403E-03,2.018875071907E-03,
    2.099527499784E-03,2.18017992766E-03,2.260832355537E-03,
    2.341484783414E-03,2.422137211291E-03,2.502789639168E-03,
    2.583442067045E-03,2.664094494922E-03,2.744746922799E-03,
    2.825399350675E-03,2.906051778552E-03,2.986704206429E-03,
    3.067356634306E-03,3.148009062183E-03,3.22866149006E-03,
    3.309313917937E-03,3.389966345813E-03,3.47061877369E-03,
    3.551271201567E-03),.QUASI_UNIFORM_KNOTS.);
#415 = CARTESIAN_POINT('',(3.14159265359,7.302574389552));
#416 = CARTESIAN_POINT('',(3.147884046791,7.302574389552));
#417 = CARTESIAN_POINT('',(3.160457721346,7.302744720949));
#418 = CARTESIAN_POINT('',(3.179297517789,7.303508685733));
#419 = CARTESIAN_POINT('',(3.19812319042,7.304778591775));
#420 = CARTESIAN_POINT('',(3.216941430833,7.306551912379));
#421 = CARTESIAN_POINT('',(3.235758983337,7.308826121834));
#422 = CARTESIAN_POINT('',(3.25458261954,7.311598690762));
#423 = CARTESIAN_POINT('',(3.273419201821,7.314867103463));
#424 = CARTESIAN_POINT('',(3.292275369408,7.318628793195));
#425 = CARTESIAN_POINT('',(3.311158644731,7.322881383708));
#426 = CARTESIAN_POINT('',(3.330073235198,7.327621787819));
#427 = CARTESIAN_POINT('',(3.349035631626,7.332849571589));
#428 = CARTESIAN_POINT('',(3.368016322769,7.338554399039));
#429 = CARTESIAN_POINT('',(3.386980585786,7.344716891124));
#430 = CARTESIAN_POINT('',(3.405939628324,7.351327570837));
#431 = CARTESIAN_POINT('',(3.424892323655,7.358374307931));
#432 = CARTESIAN_POINT('',(3.443840828385,7.365845683091));
#433 = CARTESIAN_POINT('',(3.462786403432,7.373730086509));
#434 = CARTESIAN_POINT('',(3.481730539598,7.382015959417));
#435 = CARTESIAN_POINT('',(3.500674661646,7.390691729375));
#436 = CARTESIAN_POINT('',(3.519620213874,7.399745827602));
#437 = CARTESIAN_POINT('',(3.538568641246,7.40916668434));
#438 = CARTESIAN_POINT('',(3.551203818252,7.415684048175));
#439 = CARTESIAN_POINT('',(3.557522372752,7.419));
#440 = ( GEOMETRIC_REPRESENTATION_CONTEXT(2) 
PARAMETRIC_REPRESENTATION_CONTEXT() REPRESENTATION_CONTEXT('2D SPACE',''
  ) );
#441 = PCURVE('',#338,#442);
#442 = DEFINITIONAL_REPRESENTATION('',(#443),#469);
#443 = B_SPLINE_CURVE_WITH_KNOTS('',3,(#444,#445,#446,#447,#448,#449,
    #450,#451,#452,#453,#454,#455,#456,#457,#458,#459,#460,#461,#462,
    #463,#464,#465,#466,#467,#468),.UNSPECIFIED.,.F.,.F.,(4,1,1,1,1,1,1,
    1,1,1,1,1,1,1,1,1,1,1,1,1,1,1,4),(1.776917788276E-03,
    1.857570216153E-03,1.93822264403E-03,2.018875071907E-03,
    2.099527499784E-03,2.18017992766E-03,2.260832355537E-03,
    2.341484783414E-03,2.422137211291E-03,2.502789639168E-03,
    2.583442067045E-03,2.664094494922E-03,2.744746922799E-03,
    2.825399350675E-03,2.906051778552E-03,2.986704206429E-03,
    3.067356634306E-03,3.148009062183E-03,3.22866149006E-03,
    3.309313917937E-03,3.389966345813E-03,3.47061877369E-03,
    3.551271201567E-03),.QUASI_UNIFORM_KNOTS.);
#444 = CARTESIAN_POINT('',(1.893634367856,8.));
#445 = CARTESIAN_POINT('',(1.893634367857,8.026946007721));
#446 = CARTESIAN_POINT('',(1.893595024035,8.0807991103));
#447 = CARTESIAN_POINT('',(1.893417873044,8.161461921235));
#448 = CARTESIAN_POINT('',(1.893122483043,8.24200778638));
#449 = CARTESIAN_POINT('',(1.892708750188,8.322436597655));
#450 = CARTESIAN_POINT('',(1.892176570129,8.402748266376));
#451 = CARTESIAN_POINT('',(1.891525838903,8.482942631508));
#452 = CARTESIAN_POINT('',(1.890756449174,8.563019802025));
#453 = CARTESIAN_POINT('',(1.889868304066,8.642978879209));
#454 = CARTESIAN_POINT('',(1.888861265595,8.722822725108));
#455 = CARTESIAN_POINT('',(1.887735347416,8.802540166393));
#456 = CARTESIAN_POINT('',(1.886489996004,8.882172410479));
#457 = CARTESIAN_POINT('',(1.885126774105,8.96156517718));
#458 = CARTESIAN_POINT('',(1.883648145764,9.040542627218));
#459 = CARTESIAN_POINT('',(1.882054456697,9.119124408917));
#460 = CARTESIAN_POINT('',(1.880346617348,9.197277789857));
#461 = CARTESIAN_POINT('',(1.878525383788,9.274984072993));
#462 = CARTESIAN_POINT('',(1.876591550269,9.352220800517));
#463 = CARTESIAN_POINT('',(1.874545897544,9.42896652231));
#464 = CARTESIAN_POINT('',(1.87238920669,9.505199518247));
#465 = CARTESIAN_POINT('',(1.870122255329,9.58089814055));
#466 = CARTESIAN_POINT('',(1.867745818966,9.65604072205));
#467 = CARTESIAN_POINT('',(1.866089052741,9.705750641216));
#468 = CARTESIAN_POINT('',(1.865242679636,9.730505706434));
#469 = ( GEOMETRIC_REPRESENTATION_CONTEXT(2) 
PARAMETRIC_REPRESENTATION_CONTEXT() REPRESENTATION_CONTEXT('2D SPACE',''
  ) );
#470 = ORIENTED_EDGE('',*,*,#471,.F.);
#471 = EDGE_CURVE('',#472,#402,#474,.T.);
#472 = VERTEX_POINT('',#473);
#473 = CARTESIAN_POINT('',(-5.5,4.283,60.99999995));
#474 = SURFACE_CURVE('',#475,(#479,#486),.PCURVE_S1.);
#475 = LINE('',#476,#477);
#476 = CARTESIAN_POINT('',(-5.5,4.283,60.99999995));
#477 = VECTOR('',#478,1.);
#478 = DIRECTION('',(-1.,1.232595164408E-32,1.110223024625E-16));
#479 = PCURVE('',#273,#480);
#480 = DEFINITIONAL_REPRESENTATION('',(#481),#485);
#481 = LINE('',#482,#483);
#482 = CARTESIAN_POINT('',(3.14159265359,0.));
#483 = VECTOR('',#484,1.);
#484 = DIRECTION('',(0.,1.));
#485 = ( GEOMETRIC_REPRESENTATION_CONTEXT(2) 
PARAMETRIC_REPRESENTATION_CONTEXT() REPRESENTATION_CONTEXT('2D SPACE',''
  ) );
#486 = PCURVE('',#285,#487);
#487 = DEFINITIONAL_REPRESENTATION('',(#488),#492);
#488 = LINE('',#489,#490);
#489 = CARTESIAN_POINT('',(3.14159265359,0.));
#490 = VECTOR('',#491,1.);
#491 = DIRECTION('',(0.,1.));
#492 = ( GEOMETRIC_REPRESENTATION_CONTEXT(2) 
PARAMETRIC_REPRESENTATION_CONTEXT() REPRESENTATION_CONTEXT('2D SPACE',''
  ) );
#493 = ORIENTED_EDGE('',*,*,#494,.T.);
#494 = EDGE_CURVE('',#472,#263,#495,.T.);
#495 = SURFACE_CURVE('',#496,(#501,#508),.PCURVE_S1.);
#496 = CIRCLE('',#497,4.283);
#497 = AXIS2_PLACEMENT_3D('',#498,#499,#500);
#498 = CARTESIAN_POINT('',(-5.5,6.772360444662E-15,60.99999995));
#499 = DIRECTION('',(-1.,1.232595164408E-32,1.110223024625E-16));
#500 = DIRECTION('',(0.,-1.,1.110223024625E-16));
#501 = PCURVE('',#273,#502);
#502 = DEFINITIONAL_REPRESENTATION('',(#503),#507);
#503 = LINE('',#504,#505);
#504 = CARTESIAN_POINT('',(0.,-8.881784197001E-16));
#505 = VECTOR('',#506,1.);
#506 = DIRECTION('',(1.,0.));
#507 = ( GEOMETRIC_REPRESENTATION_CONTEXT(2) 
PARAMETRIC_REPRESENTATION_CONTEXT() REPRESENTATION_CONTEXT('2D SPACE',''
  ) );
#508 = PCURVE('',#509,#514);
#509 = PLANE('',#510);
#510 = AXIS2_PLACEMENT_3D('',#511,#512,#513);
#511 = CARTESIAN_POINT('',(-5.5,7.247868966109E-15,65.28299995));
#512 = DIRECTION('',(-1.,1.232595164408E-32,1.110223024625E-16));
#513 = DIRECTION('',(0.,-1.,1.110223024625E-16));
#514 = DEFINITIONAL_REPRESENTATION('',(#515),#519);
#515 = CIRCLE('',#516,4.283);
#516 = AXIS2_PLACEMENT_2D('',#517,#518);
#517 = CARTESIAN_POINT('',(0.,-4.283));
#518 = DIRECTION('',(1.,0.));
#519 = ( GEOMETRIC_REPRESENTATION_CONTEXT(2) 
PARAMETRIC_REPRESENTATION_CONTEXT() REPRESENTATION_CONTEXT('2D SPACE',''
  ) );
#520 = ADVANCED_FACE('',(#521),#535,.F.);
#521 = FACE_BOUND('',#522,.F.);
#522 = EDGE_LOOP('',(#523,#558,#633,#662,#732,#755));
#523 = ORIENTED_EDGE('',*,*,#524,.T.);
#524 = EDGE_CURVE('',#525,#527,#529,.T.);
#525 = VERTEX_POINT('',#526);
#526 = CARTESIAN_POINT('',(-5.5,-4.283,-49.00000005));
#527 = VERTEX_POINT('',#528);
#528 = CARTESIAN_POINT('',(-12.80257438955,-4.283,-49.00000005));
#529 = SURFACE_CURVE('',#530,(#534,#546),.PCURVE_S1.);
#530 = LINE('',#531,#532);
#531 = CARTESIAN_POINT('',(-5.5,-4.283,-49.00000005));
#532 = VECTOR('',#533,1.);
#533 = DIRECTION('',(-1.,1.232595164408E-32,1.110223024625E-16));
#534 = PCURVE('',#535,#540);
#535 = CYLINDRICAL_SURFACE('',#536,4.283);
#536 = AXIS2_PLACEMENT_3D('',#537,#538,#539);
#537 = CARTESIAN_POINT('',(-5.5,-5.440092826214E-15,-49.00000005));
#538 = DIRECTION('',(-1.,1.232595164408E-32,1.110223024625E-16));
#539 = DIRECTION('',(0.,-1.,1.110223024625E-16));
#540 = DEFINITIONAL_REPRESENTATION('',(#541),#545);
#541 = LINE('',#542,#543);
#542 = CARTESIAN_POINT('',(6.28318530718,0.));
#543 = VECTOR('',#544,1.);
#544 = DIRECTION('',(0.,1.));
#545 = ( GEOMETRIC_REPRESENTATION_CONTEXT(2) 
PARAMETRIC_REPRESENTATION_CONTEXT() REPRESENTATION_CONTEXT('2D SPACE',''
  ) );
#546 = PCURVE('',#547,#552);
#547 = CYLINDRICAL_SURFACE('',#548,4.283);
#548 = AXIS2_PLACEMENT_3D('',#549,#550,#551);
#549 = CARTESIAN_POINT('',(-5.5,-5.440092826214E-15,-49.00000005));
#550 = DIRECTION('',(-1.,1.232595164408E-32,1.110223024625E-16));
#551 = DIRECTION('',(0.,-1.,1.110223024625E-16));
#552 = DEFINITIONAL_REPRESENTATION('',(#553),#557);
#553 = LINE('',#554,#555);
#554 = CARTESIAN_POINT('',(0.,0.));
#555 = VECTOR('',#556,1.);
#556 = DIRECTION('',(0.,1.));
#557 = ( GEOMETRIC_REPRESENTATION_CONTEXT(2) 
PARAMETRIC_REPRESENTATION_CONTEXT() REPRESENTATION_CONTEXT('2D SPACE',''
  ) );
#558 = ORIENTED_EDGE('',*,*,#559,.F.);
#559 = EDGE_CURVE('',#560,#527,#562,.T.);
#560 = VERTEX_POINT('',#561);
#561 = CARTESIAN_POINT('',(-12.919,-3.91783600984,-50.73050575643));
#562 = SURFACE_CURVE('',#563,(#570,#599),.PCURVE_S1.);
#563 = B_SPLINE_CURVE_WITH_KNOTS('',3,(#564,#565,#566,#567,#568,#569),
  .UNSPECIFIED.,.F.,.F.,(4,2,4),(0.,8.884588941382E-04,
    1.776917788276E-03),.UNSPECIFIED.);
#564 = CARTESIAN_POINT('',(-12.919,-3.91783600984,-50.73050575643));
#565 = CARTESIAN_POINT('',(-12.88247862386,-4.038264648774,
    -50.45785732974));
#566 = CARTESIAN_POINT('',(-12.85330594939,-4.128762911874,
    -50.17682076842));
#567 = CARTESIAN_POINT('',(-12.81328324664,-4.251344428827,
    -49.59804748395));
#568 = CARTESIAN_POINT('',(-12.80257438955,-4.283,-49.29683451427));
#569 = CARTESIAN_POINT('',(-12.80257438955,-4.283,-49.00000005));
#570 = PCURVE('',#535,#571);
#571 = DEFINITIONAL_REPRESENTATION('',(#572),#598);
#572 = B_SPLINE_CURVE_WITH_KNOTS('',3,(#573,#574,#575,#576,#577,#578,
    #579,#580,#581,#582,#583,#584,#585,#586,#587,#588,#589,#590,#591,
    #592,#593,#594,#595,#596,#597),.UNSPECIFIED.,.F.,.F.,(4,1,1,1,1,1,1,
    1,1,1,1,1,1,1,1,1,1,1,1,1,1,1,4),(0.,8.07689903762E-05,
    1.615379807524E-04,2.423069711286E-04,3.230759615048E-04,
    4.03844951881E-04,4.846139422572E-04,5.653829326334E-04,
    6.461519230096E-04,7.269209133858E-04,8.07689903762E-04,
    8.884588941382E-04,9.692278845144E-04,1.049996874891E-03,
    1.130765865267E-03,1.211534855643E-03,1.292303846019E-03,
    1.373072836395E-03,1.453841826772E-03,1.534610817148E-03,
    1.615379807524E-03,1.6961487979E-03,1.776917788276E-03),
  .QUASI_UNIFORM_KNOTS.);
#573 = CARTESIAN_POINT('',(5.867255588018,7.419));
#574 = CARTESIAN_POINT('',(5.873582099119,7.415679874897));
#575 = CARTESIAN_POINT('',(5.886218050777,7.409161090834));
#576 = CARTESIAN_POINT('',(5.905127714935,7.39975548427));
#577 = CARTESIAN_POINT('',(5.924000052649,7.390730618303));
#578 = CARTESIAN_POINT('',(5.94284204078,7.382094664146));
#579 = CARTESIAN_POINT('',(5.961660658875,7.373855792455));
#580 = CARTESIAN_POINT('',(5.980462893148,7.366022175968));
#581 = CARTESIAN_POINT('',(5.999255666224,7.358601979651));
#582 = CARTESIAN_POINT('',(6.018046024215,7.351603397477));
#583 = CARTESIAN_POINT('',(6.036840369846,7.345034515165));
#584 = CARTESIAN_POINT('',(6.055647254701,7.338903822442));
#585 = CARTESIAN_POINT('',(6.074466889071,7.333218301254));
#586 = CARTESIAN_POINT('',(6.093330221967,7.327990560664));
#587 = CARTESIAN_POINT('',(6.112251534197,7.32323137836));
#588 = CARTESIAN_POINT('',(6.131214074683,7.318945904923));
#589 = CARTESIAN_POINT('',(6.150209202181,7.31514079871));
#590 = CARTESIAN_POINT('',(6.16922595536,7.311822314071));
#591 = CARTESIAN_POINT('',(6.188253906844,7.308996813612));
#592 = CARTESIAN_POINT('',(6.207282459376,7.306670630928));
#593 = CARTESIAN_POINT('',(6.226301093456,7.304850107389));
#594 = CARTESIAN_POINT('',(6.245299368471,7.303541582283));
#595 = CARTESIAN_POINT('',(6.264266957447,7.302751395455));
#596 = CARTESIAN_POINT('',(6.276884846092,7.302574389551));
#597 = CARTESIAN_POINT('',(6.28318530718,7.302574389551));
#598 = ( GEOMETRIC_REPRESENTATION_CONTEXT(2) 
PARAMETRIC_REPRESENTATION_CONTEXT() REPRESENTATION_CONTEXT('2D SPACE',''
  ) );
#599 = PCURVE('',#600,#605);
#600 = CYLINDRICAL_SURFACE('',#601,13.5);
#601 = AXIS2_PLACEMENT_3D('',#602,#603,#604);
#602 = CARTESIAN_POINT('',(8.548717284063E-15,7.660538864362E-15,
    68.99999995));
#603 = DIRECTION('',(-1.110223024625E-16,-1.110223024625E-16,-1.));
#604 = DIRECTION('',(0.,-1.,1.110223024625E-16));
#605 = DEFINITIONAL_REPRESENTATION('',(#606),#632);
#606 = B_SPLINE_CURVE_WITH_KNOTS('',3,(#607,#608,#609,#610,#611,#612,
    #613,#614,#615,#616,#617,#618,#619,#620,#621,#622,#623,#624,#625,
    #626,#627,#628,#629,#630,#631),.UNSPECIFIED.,.F.,.F.,(4,1,1,1,1,1,1,
    1,1,1,1,1,1,1,1,1,1,1,1,1,1,1,4),(0.,8.07689903762E-05,
    1.615379807524E-04,2.423069711286E-04,3.230759615048E-04,
    4.03844951881E-04,4.846139422572E-04,5.653829326334E-04,
    6.461519230096E-04,7.269209133858E-04,8.07689903762E-04,
    8.884588941382E-04,9.692278845144E-04,1.049996874891E-03,
    1.130765865267E-03,1.211534855643E-03,1.292303846019E-03,
    1.373072836395E-03,1.453841826772E-03,1.534610817148E-03,
    1.615379807524E-03,1.6961487979E-03,1.776917788276E-03),
  .QUASI_UNIFORM_KNOTS.);
#607 = CARTESIAN_POINT('',(1.276349973954,119.73050570643));
#608 = CARTESIAN_POINT('',(1.275502535631,119.70571948582));
#609 = CARTESIAN_POINT('',(1.273845338029,119.65600839778));
#610 = CARTESIAN_POINT('',(1.271472513402,119.58102599653));
#611 = CARTESIAN_POINT('',(1.269212594265,119.50562799841));
#612 = CARTESIAN_POINT('',(1.267065517552,119.42981457207));
#613 = CARTESIAN_POINT('',(1.265031222332,119.35358589989));
#614 = CARTESIAN_POINT('',(1.263109650806,119.27694211295));
#615 = CARTESIAN_POINT('',(1.261300745942,119.19988353375));
#616 = CARTESIAN_POINT('',(1.259604460197,119.12240977051));
#617 = CARTESIAN_POINT('',(1.258020723021,119.04452309711));
#618 = CARTESIAN_POINT('',(1.25654956185,118.96621583902));
#619 = CARTESIAN_POINT('',(1.255190650135,118.88751744977));
#620 = CARTESIAN_POINT('',(1.253944993448,118.808318819));
#621 = CARTESIAN_POINT('',(1.252814427007,118.72858371436));
#622 = CARTESIAN_POINT('',(1.251799456097,118.64841446744));
#623 = CARTESIAN_POINT('',(1.250900942535,118.56787628174));
#624 = CARTESIAN_POINT('',(1.250119652962,118.48704430921));
#625 = CARTESIAN_POINT('',(1.249456379996,118.40599103609));
#626 = CARTESIAN_POINT('',(1.248911909844,118.32478966291));
#627 = CARTESIAN_POINT('',(1.248487030992,118.24351319883));
#628 = CARTESIAN_POINT('',(1.248182531832,118.16223470424));
#629 = CARTESIAN_POINT('',(1.247999201188,118.08102722585));
#630 = CARTESIAN_POINT('',(1.247958285733,118.02698495129));
#631 = CARTESIAN_POINT('',(1.247958285734,118.));
#632 = ( GEOMETRIC_REPRESENTATION_CONTEXT(2) 
PARAMETRIC_REPRESENTATION_CONTEXT() REPRESENTATION_CONTEXT('2D SPACE',''
  ) );
#633 = ORIENTED_EDGE('',*,*,#634,.F.);
#634 = EDGE_CURVE('',#635,#560,#637,.T.);
#635 = VERTEX_POINT('',#636);
#636 = CARTESIAN_POINT('',(-12.919,3.91783600984,-50.73050575643));
#637 = SURFACE_CURVE('',#638,(#643,#650),.PCURVE_S1.);
#638 = CIRCLE('',#639,4.283);
#639 = AXIS2_PLACEMENT_3D('',#640,#641,#642);
#640 = CARTESIAN_POINT('',(-12.919,-5.440092826214E-15,-49.00000005));
#641 = DIRECTION('',(-1.,1.232595164408E-32,1.110223024625E-16));
#642 = DIRECTION('',(0.,-1.,1.110223024625E-16));
#643 = PCURVE('',#535,#644);
#644 = DEFINITIONAL_REPRESENTATION('',(#645),#649);
#645 = LINE('',#646,#647);
#646 = CARTESIAN_POINT('',(0.,7.419));
#647 = VECTOR('',#648,1.);
#648 = DIRECTION('',(1.,0.));
#649 = ( GEOMETRIC_REPRESENTATION_CONTEXT(2) 
PARAMETRIC_REPRESENTATION_CONTEXT() REPRESENTATION_CONTEXT('2D SPACE',''
  ) );
#650 = PCURVE('',#651,#656);
#651 = CONICAL_SURFACE('',#652,4.283,0.785398163397);
#652 = AXIS2_PLACEMENT_3D('',#653,#654,#655);
#653 = CARTESIAN_POINT('',(-12.919,-5.440092826214E-15,-49.00000005));
#654 = DIRECTION('',(-1.,1.232595164408E-32,1.110223024625E-16));
#655 = DIRECTION('',(0.,-1.,1.110223024625E-16));
#656 = DEFINITIONAL_REPRESENTATION('',(#657),#661);
#657 = LINE('',#658,#659);
#658 = CARTESIAN_POINT('',(0.,0.));
#659 = VECTOR('',#660,1.);
#660 = DIRECTION('',(1.,0.));
#661 = ( GEOMETRIC_REPRESENTATION_CONTEXT(2) 
PARAMETRIC_REPRESENTATION_CONTEXT() REPRESENTATION_CONTEXT('2D SPACE',''
  ) );
#662 = ORIENTED_EDGE('',*,*,#663,.F.);
#663 = EDGE_CURVE('',#664,#635,#666,.T.);
#664 = VERTEX_POINT('',#665);
#665 = CARTESIAN_POINT('',(-12.80257438955,4.283,-49.00000005));
#666 = SURFACE_CURVE('',#667,(#674,#703),.PCURVE_S1.);
#667 = B_SPLINE_CURVE_WITH_KNOTS('',3,(#668,#669,#670,#671,#672,#673),
  .UNSPECIFIED.,.F.,.F.,(4,2,4),(1.776917788276E-03,2.664094494922E-03,
    3.551271201568E-03),.UNSPECIFIED.);
#668 = CARTESIAN_POINT('',(-12.80257438955,4.283,-49.00000005));
#669 = CARTESIAN_POINT('',(-12.80257438955,4.283,-49.29640613492));
#670 = CARTESIAN_POINT('',(-12.81287943898,4.252562896342,-49.5904579892
    ));
#671 = CARTESIAN_POINT('',(-12.85297871875,4.129783137248,
    -50.17380710595));
#672 = CARTESIAN_POINT('',(-12.88252452992,4.038113274295,
    -50.45820003903));
#673 = CARTESIAN_POINT('',(-12.919,3.91783600984,-50.73050575643));
#674 = PCURVE('',#535,#675);
#675 = DEFINITIONAL_REPRESENTATION('',(#676),#702);
#676 = B_SPLINE_CURVE_WITH_KNOTS('',3,(#677,#678,#679,#680,#681,#682,
    #683,#684,#685,#686,#687,#688,#689,#690,#691,#692,#693,#694,#695,
    #696,#697,#698,#699,#700,#701),.UNSPECIFIED.,.F.,.F.,(4,1,1,1,1,1,1,
    1,1,1,1,1,1,1,1,1,1,1,1,1,1,1,4),(1.776917788276E-03,
    1.857570216153E-03,1.93822264403E-03,2.018875071907E-03,
    2.099527499784E-03,2.180179927661E-03,2.260832355538E-03,
    2.341484783414E-03,2.422137211291E-03,2.502789639168E-03,
    2.583442067045E-03,2.664094494922E-03,2.744746922799E-03,
    2.825399350676E-03,2.906051778553E-03,2.986704206429E-03,
    3.067356634306E-03,3.148009062183E-03,3.22866149006E-03,
    3.309313917937E-03,3.389966345814E-03,3.470618773691E-03,
    3.551271201568E-03),.QUASI_UNIFORM_KNOTS.);
#677 = CARTESIAN_POINT('',(3.14159265359,7.302574389551));
#678 = CARTESIAN_POINT('',(3.147884046791,7.302574389551));
#679 = CARTESIAN_POINT('',(3.160457721346,7.302744720949));
#680 = CARTESIAN_POINT('',(3.179297517789,7.303508685733));
#681 = CARTESIAN_POINT('',(3.19812319042,7.304778591775));
#682 = CARTESIAN_POINT('',(3.216941430833,7.306551912379));
#683 = CARTESIAN_POINT('',(3.235758983337,7.308826121834));
#684 = CARTESIAN_POINT('',(3.25458261954,7.311598690762));
#685 = CARTESIAN_POINT('',(3.273419201821,7.314867103463));
#686 = CARTESIAN_POINT('',(3.292275369408,7.318628793195));
#687 = CARTESIAN_POINT('',(3.311158644731,7.322881383708));
#688 = CARTESIAN_POINT('',(3.330073235198,7.327621787819));
#689 = CARTESIAN_POINT('',(3.349035631626,7.332849571589));
#690 = CARTESIAN_POINT('',(3.368016322769,7.338554399039));
#691 = CARTESIAN_POINT('',(3.386980585786,7.344716891124));
#692 = CARTESIAN_POINT('',(3.405939628324,7.351327570837));
#693 = CARTESIAN_POINT('',(3.424892323655,7.358374307931));
#694 = CARTESIAN_POINT('',(3.443840828385,7.365845683091));
#695 = CARTESIAN_POINT('',(3.462786403432,7.373730086509));
#696 = CARTESIAN_POINT('',(3.481730539598,7.382015959417));
#697 = CARTESIAN_POINT('',(3.500674661646,7.390691729375));
#698 = CARTESIAN_POINT('',(3.519620213874,7.399745827602));
#699 = CARTESIAN_POINT('',(3.538568641246,7.40916668434));
#700 = CARTESIAN_POINT('',(3.551203818252,7.415684048175));
#701 = CARTESIAN_POINT('',(3.557522372752,7.419));
#702 = ( GEOMETRIC_REPRESENTATION_CONTEXT(2) 
PARAMETRIC_REPRESENTATION_CONTEXT() REPRESENTATION_CONTEXT('2D SPACE',''
  ) );
#703 = PCURVE('',#600,#704);
#704 = DEFINITIONAL_REPRESENTATION('',(#705),#731);
#705 = B_SPLINE_CURVE_WITH_KNOTS('',3,(#706,#707,#708,#709,#710,#711,
    #712,#713,#714,#715,#716,#717,#718,#719,#720,#721,#722,#723,#724,
    #725,#726,#727,#728,#729,#730),.UNSPECIFIED.,.F.,.F.,(4,1,1,1,1,1,1,
    1,1,1,1,1,1,1,1,1,1,1,1,1,1,1,4),(1.776917788276E-03,
    1.857570216153E-03,1.93822264403E-03,2.018875071907E-03,
    2.099527499784E-03,2.180179927661E-03,2.260832355538E-03,
    2.341484783414E-03,2.422137211291E-03,2.502789639168E-03,
    2.583442067045E-03,2.664094494922E-03,2.744746922799E-03,
    2.825399350676E-03,2.906051778553E-03,2.986704206429E-03,
    3.067356634306E-03,3.148009062183E-03,3.22866149006E-03,
    3.309313917937E-03,3.389966345814E-03,3.470618773691E-03,
    3.551271201568E-03),.QUASI_UNIFORM_KNOTS.);
#706 = CARTESIAN_POINT('',(1.893634367856,118.));
#707 = CARTESIAN_POINT('',(1.893634367857,118.02694600772));
#708 = CARTESIAN_POINT('',(1.893595024035,118.0807991103));
#709 = CARTESIAN_POINT('',(1.893417873044,118.16146192123));
#710 = CARTESIAN_POINT('',(1.893122483043,118.24200778638));
#711 = CARTESIAN_POINT('',(1.892708750188,118.32243659765));
#712 = CARTESIAN_POINT('',(1.892176570129,118.40274826637));
#713 = CARTESIAN_POINT('',(1.891525838903,118.4829426315));
#714 = CARTESIAN_POINT('',(1.890756449174,118.56301980202));
#715 = CARTESIAN_POINT('',(1.889868304066,118.6429788792));
#716 = CARTESIAN_POINT('',(1.888861265595,118.7228227251));
#717 = CARTESIAN_POINT('',(1.887735347416,118.80254016639));
#718 = CARTESIAN_POINT('',(1.886489996004,118.88217241047));
#719 = CARTESIAN_POINT('',(1.885126774105,118.96156517718));
#720 = CARTESIAN_POINT('',(1.883648145764,119.04054262721));
#721 = CARTESIAN_POINT('',(1.882054456697,119.11912440891));
#722 = CARTESIAN_POINT('',(1.880346617348,119.19727778985));
#723 = CARTESIAN_POINT('',(1.878525383788,119.27498407299));
#724 = CARTESIAN_POINT('',(1.876591550269,119.35222080051));
#725 = CARTESIAN_POINT('',(1.874545897544,119.42896652231));
#726 = CARTESIAN_POINT('',(1.87238920669,119.50519951824));
#727 = CARTESIAN_POINT('',(1.870122255329,119.58089814055));
#728 = CARTESIAN_POINT('',(1.867745818966,119.65604072205));
#729 = CARTESIAN_POINT('',(1.866089052741,119.70575064121));
#730 = CARTESIAN_POINT('',(1.865242679636,119.73050570643));
#731 = ( GEOMETRIC_REPRESENTATION_CONTEXT(2) 
PARAMETRIC_REPRESENTATION_CONTEXT() REPRESENTATION_CONTEXT('2D SPACE',''
  ) );
#732 = ORIENTED_EDGE('',*,*,#733,.F.);
#733 = EDGE_CURVE('',#734,#664,#736,.T.);
#734 = VERTEX_POINT('',#735);
#735 = CARTESIAN_POINT('',(-5.5,4.283,-49.00000005));
#736 = SURFACE_CURVE('',#737,(#741,#748),.PCURVE_S1.);
#737 = LINE('',#738,#739);
#738 = CARTESIAN_POINT('',(-5.5,4.283,-49.00000005));
#739 = VECTOR('',#740,1.);
#740 = DIRECTION('',(-1.,1.232595164408E-32,1.110223024625E-16));
#741 = PCURVE('',#535,#742);
#742 = DEFINITIONAL_REPRESENTATION('',(#743),#747);
#743 = LINE('',#744,#745);
#744 = CARTESIAN_POINT('',(3.14159265359,0.));
#745 = VECTOR('',#746,1.);
#746 = DIRECTION('',(0.,1.));
#747 = ( GEOMETRIC_REPRESENTATION_CONTEXT(2) 
PARAMETRIC_REPRESENTATION_CONTEXT() REPRESENTATION_CONTEXT('2D SPACE',''
  ) );
#748 = PCURVE('',#547,#749);
#749 = DEFINITIONAL_REPRESENTATION('',(#750),#754);
#750 = LINE('',#751,#752);
#751 = CARTESIAN_POINT('',(3.14159265359,0.));
#752 = VECTOR('',#753,1.);
#753 = DIRECTION('',(0.,1.));
#754 = ( GEOMETRIC_REPRESENTATION_CONTEXT(2) 
PARAMETRIC_REPRESENTATION_CONTEXT() REPRESENTATION_CONTEXT('2D SPACE',''
  ) );
#755 = ORIENTED_EDGE('',*,*,#756,.T.);
#756 = EDGE_CURVE('',#734,#525,#757,.T.);
#757 = SURFACE_CURVE('',#758,(#763,#770),.PCURVE_S1.);
#758 = CIRCLE('',#759,4.283);
#759 = AXIS2_PLACEMENT_3D('',#760,#761,#762);
#760 = CARTESIAN_POINT('',(-5.5,-5.440092826214E-15,-49.00000005));
#761 = DIRECTION('',(-1.,1.232595164408E-32,1.110223024625E-16));
#762 = DIRECTION('',(0.,-1.,1.110223024625E-16));
#763 = PCURVE('',#535,#764);
#764 = DEFINITIONAL_REPRESENTATION('',(#765),#769);
#765 = LINE('',#766,#767);
#766 = CARTESIAN_POINT('',(0.,-8.881784197001E-16));
#767 = VECTOR('',#768,1.);
#768 = DIRECTION('',(1.,0.));
#769 = ( GEOMETRIC_REPRESENTATION_CONTEXT(2) 
PARAMETRIC_REPRESENTATION_CONTEXT() REPRESENTATION_CONTEXT('2D SPACE',''
  ) );
#770 = PCURVE('',#771,#776);
#771 = PLANE('',#772);
#772 = AXIS2_PLACEMENT_3D('',#773,#774,#775);
#773 = CARTESIAN_POINT('',(-5.5,-4.964584304767E-15,-44.71700005));
#774 = DIRECTION('',(-1.,1.232595164408E-32,1.110223024625E-16));
#775 = DIRECTION('',(0.,-1.,1.110223024625E-16));
#776 = DEFINITIONAL_REPRESENTATION('',(#777),#781);
#777 = CIRCLE('',#778,4.283);
#778 = AXIS2_PLACEMENT_2D('',#779,#780);
#779 = CARTESIAN_POINT('',(0.,-4.283));
#780 = DIRECTION('',(1.,0.));
#781 = ( GEOMETRIC_REPRESENTATION_CONTEXT(2) 
PARAMETRIC_REPRESENTATION_CONTEXT() REPRESENTATION_CONTEXT('2D SPACE',''
  ) );
#782 = ADVANCED_FACE('',(#783),#798,.T.);
#783 = FACE_BOUND('',#784,.T.);
#784 = EDGE_LOOP('',(#785,#821,#850,#874));
#785 = ORIENTED_EDGE('',*,*,#786,.T.);
#786 = EDGE_CURVE('',#787,#789,#791,.T.);
#787 = VERTEX_POINT('',#788);
#788 = CARTESIAN_POINT('',(8.548717284063E-15,-13.1,68.99999995));
#789 = VERTEX_POINT('',#790);
#790 = CARTESIAN_POINT('',(6.919937041197E-15,13.1,68.99999995));
#791 = SURFACE_CURVE('',#792,(#797,#809),.PCURVE_S1.);
#792 = CIRCLE('',#793,13.1);
#793 = AXIS2_PLACEMENT_3D('',#794,#795,#796);
#794 = CARTESIAN_POINT('',(8.548717284063E-15,7.660538864362E-15,
    68.99999995));
#795 = DIRECTION('',(-1.110223024625E-16,-1.110223024625E-16,-1.));
#796 = DIRECTION('',(0.,-1.,1.110223024625E-16));
#797 = PCURVE('',#798,#803);
#798 = TOROIDAL_SURFACE('',#799,13.1,0.4);
#799 = AXIS2_PLACEMENT_3D('',#800,#801,#802);
#800 = CARTESIAN_POINT('',(8.504308363078E-15,7.616129943377E-15,
    68.59999995));
#801 = DIRECTION('',(-1.110223024625E-16,-1.110223024625E-16,-1.));
#802 = DIRECTION('',(0.,-1.,1.110223024625E-16));
#803 = DEFINITIONAL_REPRESENTATION('',(#804),#808);
#804 = LINE('',#805,#806);
#805 = CARTESIAN_POINT('',(0.,4.712388980384));
#806 = VECTOR('',#807,1.);
#807 = DIRECTION('',(1.,0.));
#808 = ( GEOMETRIC_REPRESENTATION_CONTEXT(2) 
PARAMETRIC_REPRESENTATION_CONTEXT() REPRESENTATION_CONTEXT('2D SPACE',''
  ) );
#809 = PCURVE('',#810,#815);
#810 = PLANE('',#811);
#811 = AXIS2_PLACEMENT_3D('',#812,#813,#814);
#812 = CARTESIAN_POINT('',(-13.1,7.660538864362E-15,68.99999995));
#813 = DIRECTION('',(-1.110223024625E-16,-1.110223024625E-16,-1.));
#814 = DIRECTION('',(0.,-1.,1.110223024625E-16));
#815 = DEFINITIONAL_REPRESENTATION('',(#816),#820);
#816 = CIRCLE('',#817,13.1);
#817 = AXIS2_PLACEMENT_2D('',#818,#819);
#818 = CARTESIAN_POINT('',(0.,-13.1));
#819 = DIRECTION('',(1.,0.));
#820 = ( GEOMETRIC_REPRESENTATION_CONTEXT(2) 
PARAMETRIC_REPRESENTATION_CONTEXT() REPRESENTATION_CONTEXT('2D SPACE',''
  ) );
#821 = ORIENTED_EDGE('',*,*,#822,.T.);
#822 = EDGE_CURVE('',#789,#823,#825,.T.);
#823 = VERTEX_POINT('',#824);
#824 = CARTESIAN_POINT('',(6.851035184229E-15,13.5,68.59999995));
#825 = SURFACE_CURVE('',#826,(#831,#838),.PCURVE_S1.);
#826 = CIRCLE('',#827,0.4);
#827 = AXIS2_PLACEMENT_3D('',#828,#829,#830);
#828 = CARTESIAN_POINT('',(6.900021056195E-15,13.1,68.59999995));
#829 = DIRECTION('',(-1.,-1.224646799147E-16,1.110223024625E-16));
#830 = DIRECTION('',(1.224646799147E-16,-1.,1.110223024625E-16));
#831 = PCURVE('',#798,#832);
#832 = DEFINITIONAL_REPRESENTATION('',(#833),#837);
#833 = LINE('',#834,#835);
#834 = CARTESIAN_POINT('',(3.14159265359,3.14159265359));
#835 = VECTOR('',#836,1.);
#836 = DIRECTION('',(0.,1.));
#837 = ( GEOMETRIC_REPRESENTATION_CONTEXT(2) 
PARAMETRIC_REPRESENTATION_CONTEXT() REPRESENTATION_CONTEXT('2D SPACE',''
  ) );
#838 = PCURVE('',#839,#844);
#839 = TOROIDAL_SURFACE('',#840,13.1,0.4);
#840 = AXIS2_PLACEMENT_3D('',#841,#842,#843);
#841 = CARTESIAN_POINT('',(8.504308363078E-15,7.616129943377E-15,
    68.59999995));
#842 = DIRECTION('',(-1.110223024625E-16,-1.110223024625E-16,-1.));
#843 = DIRECTION('',(0.,-1.,1.110223024625E-16));
#844 = DEFINITIONAL_REPRESENTATION('',(#845),#849);
#845 = LINE('',#846,#847);
#846 = CARTESIAN_POINT('',(3.14159265359,3.14159265359));
#847 = VECTOR('',#848,1.);
#848 = DIRECTION('',(0.,1.));
#849 = ( GEOMETRIC_REPRESENTATION_CONTEXT(2) 
PARAMETRIC_REPRESENTATION_CONTEXT() REPRESENTATION_CONTEXT('2D SPACE',''
  ) );
#850 = ORIENTED_EDGE('',*,*,#851,.F.);
#851 = EDGE_CURVE('',#852,#823,#854,.T.);
#852 = VERTEX_POINT('',#853);
#853 = CARTESIAN_POINT('',(8.504308363078E-15,-13.5,68.59999995));
#854 = SURFACE_CURVE('',#855,(#860,#867),.PCURVE_S1.);
#855 = CIRCLE('',#856,13.5);
#856 = AXIS2_PLACEMENT_3D('',#857,#858,#859);
#857 = CARTESIAN_POINT('',(8.504308363078E-15,7.616129943377E-15,
    68.59999995));
#858 = DIRECTION('',(-1.110223024625E-16,-1.110223024625E-16,-1.));
#859 = DIRECTION('',(0.,-1.,1.110223024625E-16));
#860 = PCURVE('',#798,#861);
#861 = DEFINITIONAL_REPRESENTATION('',(#862),#866);
#862 = LINE('',#863,#864);
#863 = CARTESIAN_POINT('',(0.,6.28318530718));
#864 = VECTOR('',#865,1.);
#865 = DIRECTION('',(1.,0.));
#866 = ( GEOMETRIC_REPRESENTATION_CONTEXT(2) 
PARAMETRIC_REPRESENTATION_CONTEXT() REPRESENTATION_CONTEXT('2D SPACE',''
  ) );
#867 = PCURVE('',#338,#868);
#868 = DEFINITIONAL_REPRESENTATION('',(#869),#873);
#869 = LINE('',#870,#871);
#870 = CARTESIAN_POINT('',(0.,0.4));
#871 = VECTOR('',#872,1.);
#872 = DIRECTION('',(1.,0.));
#873 = ( GEOMETRIC_REPRESENTATION_CONTEXT(2) 
PARAMETRIC_REPRESENTATION_CONTEXT() REPRESENTATION_CONTEXT('2D SPACE',''
  ) );
#874 = ORIENTED_EDGE('',*,*,#875,.F.);
#875 = EDGE_CURVE('',#787,#852,#876,.T.);
#876 = SURFACE_CURVE('',#877,(#882,#889),.PCURVE_S1.);
#877 = CIRCLE('',#878,0.4);
#878 = AXIS2_PLACEMENT_3D('',#879,#880,#881);
#879 = CARTESIAN_POINT('',(8.504308363078E-15,-13.1,68.59999995));
#880 = DIRECTION('',(1.,-1.232595164408E-32,-1.110223024625E-16));
#881 = DIRECTION('',(0.,1.,-1.110223024625E-16));
#882 = PCURVE('',#798,#883);
#883 = DEFINITIONAL_REPRESENTATION('',(#884),#888);
#884 = LINE('',#885,#886);
#885 = CARTESIAN_POINT('',(0.,3.14159265359));
#886 = VECTOR('',#887,1.);
#887 = DIRECTION('',(0.,1.));
#888 = ( GEOMETRIC_REPRESENTATION_CONTEXT(2) 
PARAMETRIC_REPRESENTATION_CONTEXT() REPRESENTATION_CONTEXT('2D SPACE',''
  ) );
#889 = PCURVE('',#839,#890);
#890 = DEFINITIONAL_REPRESENTATION('',(#891),#895);
#891 = LINE('',#892,#893);
#892 = CARTESIAN_POINT('',(6.28318530718,3.14159265359));
#893 = VECTOR('',#894,1.);
#894 = DIRECTION('',(0.,1.));
#895 = ( GEOMETRIC_REPRESENTATION_CONTEXT(2) 
PARAMETRIC_REPRESENTATION_CONTEXT() REPRESENTATION_CONTEXT('2D SPACE',''
  ) );
#896 = ADVANCED_FACE('',(#897),#912,.T.);
#897 = FACE_BOUND('',#898,.T.);
#898 = EDGE_LOOP('',(#899,#930,#959,#992));
#899 = ORIENTED_EDGE('',*,*,#900,.T.);
#900 = EDGE_CURVE('',#901,#903,#905,.T.);
#901 = VERTEX_POINT('',#902);
#902 = CARTESIAN_POINT('',(6.816769365647E-15,-13.5,53.39999995));
#903 = VERTEX_POINT('',#904);
#904 = CARTESIAN_POINT('',(5.163496186798E-15,13.5,53.39999995));
#905 = SURFACE_CURVE('',#906,(#911,#923),.PCURVE_S1.);
#906 = CIRCLE('',#907,13.5);
#907 = AXIS2_PLACEMENT_3D('',#908,#909,#910);
#908 = CARTESIAN_POINT('',(6.816769365647E-15,5.928590945947E-15,
    53.39999995));
#909 = DIRECTION('',(-1.110223024625E-16,-1.110223024625E-16,-1.));
#910 = DIRECTION('',(0.,-1.,1.110223024625E-16));
#911 = PCURVE('',#912,#917);
#912 = TOROIDAL_SURFACE('',#913,13.1,0.4);
#913 = AXIS2_PLACEMENT_3D('',#914,#915,#916);
#914 = CARTESIAN_POINT('',(6.816769365647E-15,5.928590945947E-15,
    53.39999995));
#915 = DIRECTION('',(-1.110223024625E-16,-1.110223024625E-16,-1.));
#916 = DIRECTION('',(0.,-1.,1.110223024625E-16));
#917 = DEFINITIONAL_REPRESENTATION('',(#918),#922);
#918 = LINE('',#919,#920);
#919 = CARTESIAN_POINT('',(0.,0.));
#920 = VECTOR('',#921,1.);
#921 = DIRECTION('',(1.,0.));
#922 = ( GEOMETRIC_REPRESENTATION_CONTEXT(2) 
PARAMETRIC_REPRESENTATION_CONTEXT() REPRESENTATION_CONTEXT('2D SPACE',''
  ) );
#923 = PCURVE('',#338,#924);
#924 = DEFINITIONAL_REPRESENTATION('',(#925),#929);
#925 = LINE('',#926,#927);
#926 = CARTESIAN_POINT('',(0.,15.6));
#927 = VECTOR('',#928,1.);
#928 = DIRECTION('',(1.,0.));
#929 = ( GEOMETRIC_REPRESENTATION_CONTEXT(2) 
PARAMETRIC_REPRESENTATION_CONTEXT() REPRESENTATION_CONTEXT('2D SPACE',''
  ) );
#930 = ORIENTED_EDGE('',*,*,#931,.T.);
#931 = EDGE_CURVE('',#903,#932,#934,.T.);
#932 = VERTEX_POINT('',#933);
#933 = CARTESIAN_POINT('',(5.143580201796E-15,13.1,52.99999995));
#934 = SURFACE_CURVE('',#935,(#940,#947),.PCURVE_S1.);
#935 = CIRCLE('',#936,0.4);
#936 = AXIS2_PLACEMENT_3D('',#937,#938,#939);
#937 = CARTESIAN_POINT('',(5.212482058764E-15,13.1,53.39999995));
#938 = DIRECTION('',(-1.,-1.224646799147E-16,1.110223024625E-16));
#939 = DIRECTION('',(1.224646799147E-16,-1.,1.110223024625E-16));
#940 = PCURVE('',#912,#941);
#941 = DEFINITIONAL_REPRESENTATION('',(#942),#946);
#942 = LINE('',#943,#944);
#943 = CARTESIAN_POINT('',(3.14159265359,-3.14159265359));
#944 = VECTOR('',#945,1.);
#945 = DIRECTION('',(0.,1.));
#946 = ( GEOMETRIC_REPRESENTATION_CONTEXT(2) 
PARAMETRIC_REPRESENTATION_CONTEXT() REPRESENTATION_CONTEXT('2D SPACE',''
  ) );
#947 = PCURVE('',#948,#953);
#948 = TOROIDAL_SURFACE('',#949,13.1,0.4);
#949 = AXIS2_PLACEMENT_3D('',#950,#951,#952);
#950 = CARTESIAN_POINT('',(6.816769365647E-15,5.928590945947E-15,
    53.39999995));
#951 = DIRECTION('',(-1.110223024625E-16,-1.110223024625E-16,-1.));
#952 = DIRECTION('',(0.,-1.,1.110223024625E-16));
#953 = DEFINITIONAL_REPRESENTATION('',(#954),#958);
#954 = LINE('',#955,#956);
#955 = CARTESIAN_POINT('',(3.14159265359,-3.14159265359));
#956 = VECTOR('',#957,1.);
#957 = DIRECTION('',(0.,1.));
#958 = ( GEOMETRIC_REPRESENTATION_CONTEXT(2) 
PARAMETRIC_REPRESENTATION_CONTEXT() REPRESENTATION_CONTEXT('2D SPACE',''
  ) );
#959 = ORIENTED_EDGE('',*,*,#960,.F.);
#960 = EDGE_CURVE('',#961,#932,#963,.T.);
#961 = VERTEX_POINT('',#962);
#962 = CARTESIAN_POINT('',(6.772360444662E-15,-13.1,52.99999995));
#963 = SURFACE_CURVE('',#964,(#969,#976),.PCURVE_S1.);
#964 = CIRCLE('',#965,13.1);
#965 = AXIS2_PLACEMENT_3D('',#966,#967,#968);
#966 = CARTESIAN_POINT('',(6.772360444662E-15,5.884182024962E-15,
    52.99999995));
#967 = DIRECTION('',(-1.110223024625E-16,-1.110223024625E-16,-1.));
#968 = DIRECTION('',(0.,-1.,1.110223024625E-16));
#969 = PCURVE('',#912,#970);
#970 = DEFINITIONAL_REPRESENTATION('',(#971),#975);
#971 = LINE('',#972,#973);
#972 = CARTESIAN_POINT('',(0.,1.570796326795));
#973 = VECTOR('',#974,1.);
#974 = DIRECTION('',(1.,0.));
#975 = ( GEOMETRIC_REPRESENTATION_CONTEXT(2) 
PARAMETRIC_REPRESENTATION_CONTEXT() REPRESENTATION_CONTEXT('2D SPACE',''
  ) );
#976 = PCURVE('',#977,#982);
#977 = PLANE('',#978);
#978 = AXIS2_PLACEMENT_3D('',#979,#980,#981);
#979 = CARTESIAN_POINT('',(-10.7,5.884182024962E-15,52.99999995));
#980 = DIRECTION('',(1.110223024625E-16,1.110223024625E-16,1.));
#981 = DIRECTION('',(0.,1.,-1.110223024625E-16));
#982 = DEFINITIONAL_REPRESENTATION('',(#983),#991);
#983 = ( BOUNDED_CURVE() B_SPLINE_CURVE(2,(#984,#985,#986,#987,#988,#989
,#990),.UNSPECIFIED.,.T.,.F.) B_SPLINE_CURVE_WITH_KNOTS((1,2,2,2,2,1),(
    -2.094395102393,0.,2.094395102393,4.188790204786,6.28318530718,
8.377580409573),.UNSPECIFIED.) CURVE() GEOMETRIC_REPRESENTATION_ITEM() 
RATIONAL_B_SPLINE_CURVE((1.,0.5,1.,0.5,1.,0.5,1.)) REPRESENTATION_ITEM(
  '') );
#984 = CARTESIAN_POINT('',(-13.1,-10.7));
#985 = CARTESIAN_POINT('',(-13.1,11.989865579152));
#986 = CARTESIAN_POINT('',(6.55,0.644932789576));
#987 = CARTESIAN_POINT('',(26.2,-10.7));
#988 = CARTESIAN_POINT('',(6.55,-22.04493278957));
#989 = CARTESIAN_POINT('',(-13.1,-33.38986557915));
#990 = CARTESIAN_POINT('',(-13.1,-10.7));
#991 = ( GEOMETRIC_REPRESENTATION_CONTEXT(2) 
PARAMETRIC_REPRESENTATION_CONTEXT() REPRESENTATION_CONTEXT('2D SPACE',''
  ) );
#992 = ORIENTED_EDGE('',*,*,#993,.F.);
#993 = EDGE_CURVE('',#901,#961,#994,.T.);
#994 = SURFACE_CURVE('',#995,(#1000,#1007),.PCURVE_S1.);
#995 = CIRCLE('',#996,0.4);
#996 = AXIS2_PLACEMENT_3D('',#997,#998,#999);
#997 = CARTESIAN_POINT('',(6.816769365647E-15,-13.1,53.39999995));
#998 = DIRECTION('',(1.,-1.232595164408E-32,-1.110223024625E-16));
#999 = DIRECTION('',(0.,1.,-1.110223024625E-16));
#1000 = PCURVE('',#912,#1001);
#1001 = DEFINITIONAL_REPRESENTATION('',(#1002),#1006);
#1002 = LINE('',#1003,#1004);
#1003 = CARTESIAN_POINT('',(0.,-3.14159265359));
#1004 = VECTOR('',#1005,1.);
#1005 = DIRECTION('',(0.,1.));
#1006 = ( GEOMETRIC_REPRESENTATION_CONTEXT(2) 
PARAMETRIC_REPRESENTATION_CONTEXT() REPRESENTATION_CONTEXT('2D SPACE',''
  ) );
#1007 = PCURVE('',#948,#1008);
#1008 = DEFINITIONAL_REPRESENTATION('',(#1009),#1013);
#1009 = LINE('',#1010,#1011);
#1010 = CARTESIAN_POINT('',(6.28318530718,-3.14159265359));
#1011 = VECTOR('',#1012,1.);
#1012 = DIRECTION('',(0.,1.));
#1013 = ( GEOMETRIC_REPRESENTATION_CONTEXT(2) 
PARAMETRIC_REPRESENTATION_CONTEXT() REPRESENTATION_CONTEXT('2D SPACE',''
  ) );
#1014 = ADVANCED_FACE('',(#1015),#1030,.T.);
#1015 = FACE_BOUND('',#1016,.T.);
#1016 = EDGE_LOOP('',(#1017,#1052,#1080,#1113));
#1017 = ORIENTED_EDGE('',*,*,#1018,.T.);
#1018 = EDGE_CURVE('',#1019,#1021,#1023,.T.);
#1019 = VERTEX_POINT('',#1020);
#1020 = CARTESIAN_POINT('',(6.772360444662E-15,-10.7,52.99999995));
#1021 = VERTEX_POINT('',#1022);
#1022 = CARTESIAN_POINT('',(5.461988369575E-15,10.7,52.99999995));
#1023 = SURFACE_CURVE('',#1024,(#1029,#1041),.PCURVE_S1.);
#1024 = CIRCLE('',#1025,10.7);
#1025 = AXIS2_PLACEMENT_3D('',#1026,#1027,#1028);
#1026 = CARTESIAN_POINT('',(6.772360444662E-15,5.884182024962E-15,
    52.99999995));
#1027 = DIRECTION('',(-1.110223024625E-16,-1.110223024625E-16,-1.));
#1028 = DIRECTION('',(0.,-1.,1.110223024625E-16));
#1029 = PCURVE('',#1030,#1035);
#1030 = CYLINDRICAL_SURFACE('',#1031,10.7);
#1031 = AXIS2_PLACEMENT_3D('',#1032,#1033,#1034);
#1032 = CARTESIAN_POINT('',(8.548717284063E-15,7.660538864362E-15,
    68.99999995));
#1033 = DIRECTION('',(-1.110223024625E-16,-1.110223024625E-16,-1.));
#1034 = DIRECTION('',(0.,-1.,1.110223024625E-16));
#1035 = DEFINITIONAL_REPRESENTATION('',(#1036),#1040);
#1036 = LINE('',#1037,#1038);
#1037 = CARTESIAN_POINT('',(0.,16.));
#1038 = VECTOR('',#1039,1.);
#1039 = DIRECTION('',(1.,0.));
#1040 = ( GEOMETRIC_REPRESENTATION_CONTEXT(2) 
PARAMETRIC_REPRESENTATION_CONTEXT() REPRESENTATION_CONTEXT('2D SPACE',''
  ) );
#1041 = PCURVE('',#977,#1042);
#1042 = DEFINITIONAL_REPRESENTATION('',(#1043),#1051);
#1043 = ( BOUNDED_CURVE() B_SPLINE_CURVE(2,(#1044,#1045,#1046,#1047,
#1048,#1049,#1050),.UNSPECIFIED.,.T.,.F.) B_SPLINE_CURVE_WITH_KNOTS((1,2
    ,2,2,2,1),(-2.094395102393,0.,2.094395102393,4.188790204786,
6.28318530718,8.377580409573),.UNSPECIFIED.) CURVE() 
GEOMETRIC_REPRESENTATION_ITEM() RATIONAL_B_SPLINE_CURVE((1.,0.5,1.,0.5,
1.,0.5,1.)) REPRESENTATION_ITEM('') );
#1044 = CARTESIAN_POINT('',(-10.7,-10.7));
#1045 = CARTESIAN_POINT('',(-10.7,7.832943640987));
#1046 = CARTESIAN_POINT('',(5.35,-1.433528179507));
#1047 = CARTESIAN_POINT('',(21.4,-10.7));
#1048 = CARTESIAN_POINT('',(5.35,-19.96647182049));
#1049 = CARTESIAN_POINT('',(-10.7,-29.23294364098));
#1050 = CARTESIAN_POINT('',(-10.7,-10.7));
#1051 = ( GEOMETRIC_REPRESENTATION_CONTEXT(2) 
PARAMETRIC_REPRESENTATION_CONTEXT() REPRESENTATION_CONTEXT('2D SPACE',''
  ) );
#1052 = ORIENTED_EDGE('',*,*,#1053,.T.);
#1053 = EDGE_CURVE('',#1021,#1054,#1056,.T.);
#1054 = VERTEX_POINT('',#1055);
#1055 = CARTESIAN_POINT('',(5.350966067112E-15,10.7,51.99999995));
#1056 = SURFACE_CURVE('',#1057,(#1061,#1068),.PCURVE_S1.);
#1057 = LINE('',#1058,#1059);
#1058 = CARTESIAN_POINT('',(7.238345208975E-15,10.7,68.99999995));
#1059 = VECTOR('',#1060,1.);
#1060 = DIRECTION('',(-1.110223024625E-16,-1.110223024625E-16,-1.));
#1061 = PCURVE('',#1030,#1062);
#1062 = DEFINITIONAL_REPRESENTATION('',(#1063),#1067);
#1063 = LINE('',#1064,#1065);
#1064 = CARTESIAN_POINT('',(3.14159265359,0.));
#1065 = VECTOR('',#1066,1.);
#1066 = DIRECTION('',(0.,1.));
#1067 = ( GEOMETRIC_REPRESENTATION_CONTEXT(2) 
PARAMETRIC_REPRESENTATION_CONTEXT() REPRESENTATION_CONTEXT('2D SPACE',''
  ) );
#1068 = PCURVE('',#1069,#1074);
#1069 = CYLINDRICAL_SURFACE('',#1070,10.7);
#1070 = AXIS2_PLACEMENT_3D('',#1071,#1072,#1073);
#1071 = CARTESIAN_POINT('',(8.548717284063E-15,7.660538864362E-15,
    68.99999995));
#1072 = DIRECTION('',(-1.110223024625E-16,-1.110223024625E-16,-1.));
#1073 = DIRECTION('',(0.,-1.,1.110223024625E-16));
#1074 = DEFINITIONAL_REPRESENTATION('',(#1075),#1079);
#1075 = LINE('',#1076,#1077);
#1076 = CARTESIAN_POINT('',(3.14159265359,0.));
#1077 = VECTOR('',#1078,1.);
#1078 = DIRECTION('',(0.,1.));
#1079 = ( GEOMETRIC_REPRESENTATION_CONTEXT(2) 
PARAMETRIC_REPRESENTATION_CONTEXT() REPRESENTATION_CONTEXT('2D SPACE',''
  ) );
#1080 = ORIENTED_EDGE('',*,*,#1081,.F.);
#1081 = EDGE_CURVE('',#1082,#1054,#1084,.T.);
#1082 = VERTEX_POINT('',#1083);
#1083 = CARTESIAN_POINT('',(6.6613381422E-15,-10.7,51.99999995));
#1084 = SURFACE_CURVE('',#1085,(#1090,#1097),.PCURVE_S1.);
#1085 = CIRCLE('',#1086,10.7);
#1086 = AXIS2_PLACEMENT_3D('',#1087,#1088,#1089);
#1087 = CARTESIAN_POINT('',(6.6613381422E-15,5.7731597225E-15,
    51.99999995));
#1088 = DIRECTION('',(-1.110223024625E-16,-1.110223024625E-16,-1.));
#1089 = DIRECTION('',(0.,-1.,1.110223024625E-16));
#1090 = PCURVE('',#1030,#1091);
#1091 = DEFINITIONAL_REPRESENTATION('',(#1092),#1096);
#1092 = LINE('',#1093,#1094);
#1093 = CARTESIAN_POINT('',(0.,17.));
#1094 = VECTOR('',#1095,1.);
#1095 = DIRECTION('',(1.,0.));
#1096 = ( GEOMETRIC_REPRESENTATION_CONTEXT(2) 
PARAMETRIC_REPRESENTATION_CONTEXT() REPRESENTATION_CONTEXT('2D SPACE',''
  ) );
#1097 = PCURVE('',#1098,#1103);
#1098 = PLANE('',#1099);
#1099 = AXIS2_PLACEMENT_3D('',#1100,#1101,#1102);
#1100 = CARTESIAN_POINT('',(-10.2,5.7731597225E-15,51.99999995));
#1101 = DIRECTION('',(1.110223024625E-16,1.110223024625E-16,1.));
#1102 = DIRECTION('',(0.,1.,-1.110223024625E-16));
#1103 = DEFINITIONAL_REPRESENTATION('',(#1104),#1112);
#1104 = ( BOUNDED_CURVE() B_SPLINE_CURVE(2,(#1105,#1106,#1107,#1108,
#1109,#1110,#1111),.UNSPECIFIED.,.T.,.F.) B_SPLINE_CURVE_WITH_KNOTS((1,2
    ,2,2,2,1),(-2.094395102393,0.,2.094395102393,4.188790204786,
6.28318530718,8.377580409573),.UNSPECIFIED.) CURVE() 
GEOMETRIC_REPRESENTATION_ITEM() RATIONAL_B_SPLINE_CURVE((1.,0.5,1.,0.5,
1.,0.5,1.)) REPRESENTATION_ITEM('') );
#1105 = CARTESIAN_POINT('',(-10.7,-10.2));
#1106 = CARTESIAN_POINT('',(-10.7,8.332943640987));
#1107 = CARTESIAN_POINT('',(5.35,-0.933528179506));
#1108 = CARTESIAN_POINT('',(21.4,-10.2));
#1109 = CARTESIAN_POINT('',(5.35,-19.46647182049));
#1110 = CARTESIAN_POINT('',(-10.7,-28.73294364098));
#1111 = CARTESIAN_POINT('',(-10.7,-10.2));
#1112 = ( GEOMETRIC_REPRESENTATION_CONTEXT(2) 
PARAMETRIC_REPRESENTATION_CONTEXT() REPRESENTATION_CONTEXT('2D SPACE',''
  ) );
#1113 = ORIENTED_EDGE('',*,*,#1114,.F.);
#1114 = EDGE_CURVE('',#1019,#1082,#1115,.T.);
#1115 = SURFACE_CURVE('',#1116,(#1120,#1127),.PCURVE_S1.);
#1116 = LINE('',#1117,#1118);
#1117 = CARTESIAN_POINT('',(8.548717284063E-15,-10.7,68.99999995));
#1118 = VECTOR('',#1119,1.);
#1119 = DIRECTION('',(-1.110223024625E-16,-1.110223024625E-16,-1.));
#1120 = PCURVE('',#1030,#1121);
#1121 = DEFINITIONAL_REPRESENTATION('',(#1122),#1126);
#1122 = LINE('',#1123,#1124);
#1123 = CARTESIAN_POINT('',(0.,0.));
#1124 = VECTOR('',#1125,1.);
#1125 = DIRECTION('',(0.,1.));
#1126 = ( GEOMETRIC_REPRESENTATION_CONTEXT(2) 
PARAMETRIC_REPRESENTATION_CONTEXT() REPRESENTATION_CONTEXT('2D SPACE',''
  ) );
#1127 = PCURVE('',#1069,#1128);
#1128 = DEFINITIONAL_REPRESENTATION('',(#1129),#1133);
#1129 = LINE('',#1130,#1131);
#1130 = CARTESIAN_POINT('',(6.28318530718,0.));
#1131 = VECTOR('',#1132,1.);
#1132 = DIRECTION('',(0.,1.));
#1133 = ( GEOMETRIC_REPRESENTATION_CONTEXT(2) 
PARAMETRIC_REPRESENTATION_CONTEXT() REPRESENTATION_CONTEXT('2D SPACE',''
  ) );
#1134 = ADVANCED_FACE('',(#1135),#1150,.T.);
#1135 = FACE_BOUND('',#1136,.T.);
#1136 = EDGE_LOOP('',(#1137,#1172,#1200,#1229));
#1137 = ORIENTED_EDGE('',*,*,#1138,.T.);
#1138 = EDGE_CURVE('',#1139,#1141,#1143,.T.);
#1139 = VERTEX_POINT('',#1140);
#1140 = CARTESIAN_POINT('',(6.6613381422E-15,-10.2,51.99999995));
#1141 = VERTEX_POINT('',#1142);
#1142 = CARTESIAN_POINT('',(5.381582237091E-15,10.2,51.99999995));
#1143 = SURFACE_CURVE('',#1144,(#1149,#1161),.PCURVE_S1.);
#1144 = CIRCLE('',#1145,10.2);
#1145 = AXIS2_PLACEMENT_3D('',#1146,#1147,#1148);
#1146 = CARTESIAN_POINT('',(6.6613381422E-15,5.7731597225E-15,
    51.99999995));
#1147 = DIRECTION('',(-1.110223024625E-16,-1.110223024625E-16,-1.));
#1148 = DIRECTION('',(0.,-1.,1.110223024625E-16));
#1149 = PCURVE('',#1150,#1155);
#1150 = CONICAL_SURFACE('',#1151,10.2,1.030376826524);
#1151 = AXIS2_PLACEMENT_3D('',#1152,#1153,#1154);
#1152 = CARTESIAN_POINT('',(6.6613381422E-15,5.7731597225E-15,
    51.99999995));
#1153 = DIRECTION('',(-1.110223024625E-16,-1.110223024625E-16,-1.));
#1154 = DIRECTION('',(0.,-1.,1.110223024625E-16));
#1155 = DEFINITIONAL_REPRESENTATION('',(#1156),#1160);
#1156 = LINE('',#1157,#1158);
#1157 = CARTESIAN_POINT('',(0.,0.));
#1158 = VECTOR('',#1159,1.);
#1159 = DIRECTION('',(1.,0.));
#1160 = ( GEOMETRIC_REPRESENTATION_CONTEXT(2) 
PARAMETRIC_REPRESENTATION_CONTEXT() REPRESENTATION_CONTEXT('2D SPACE',''
  ) );
#1161 = PCURVE('',#1098,#1162);
#1162 = DEFINITIONAL_REPRESENTATION('',(#1163),#1171);
#1163 = ( BOUNDED_CURVE() B_SPLINE_CURVE(2,(#1164,#1165,#1166,#1167,
#1168,#1169,#1170),.UNSPECIFIED.,.T.,.F.) B_SPLINE_CURVE_WITH_KNOTS((1,2
    ,2,2,2,1),(-2.094395102393,0.,2.094395102393,4.188790204786,
6.28318530718,8.377580409573),.UNSPECIFIED.) CURVE() 
GEOMETRIC_REPRESENTATION_ITEM() RATIONAL_B_SPLINE_CURVE((1.,0.5,1.,0.5,
1.,0.5,1.)) REPRESENTATION_ITEM('') );
#1164 = CARTESIAN_POINT('',(-10.2,-10.2));
#1165 = CARTESIAN_POINT('',(-10.2,7.466918237203));
#1166 = CARTESIAN_POINT('',(5.1,-1.366540881399));
#1167 = CARTESIAN_POINT('',(20.4,-10.2));
#1168 = CARTESIAN_POINT('',(5.1,-19.0334591186));
#1169 = CARTESIAN_POINT('',(-10.2,-27.8669182372));
#1170 = CARTESIAN_POINT('',(-10.2,-10.2));
#1171 = ( GEOMETRIC_REPRESENTATION_CONTEXT(2) 
PARAMETRIC_REPRESENTATION_CONTEXT() REPRESENTATION_CONTEXT('2D SPACE',''
  ) );
#1172 = ORIENTED_EDGE('',*,*,#1173,.T.);
#1173 = EDGE_CURVE('',#1141,#1174,#1176,.T.);
#1174 = VERTEX_POINT('',#1175);
#1175 = CARTESIAN_POINT('',(5.317659376373E-15,10.7,51.69999995));
#1176 = SURFACE_CURVE('',#1177,(#1181,#1188),.PCURVE_S1.);
#1177 = LINE('',#1178,#1179);
#1178 = CARTESIAN_POINT('',(5.41219840707E-15,10.2,51.99999995));
#1179 = VECTOR('',#1180,1.);
#1180 = DIRECTION('',(-1.621331000513E-16,0.857492925713,-0.514495755428
    ));
#1181 = PCURVE('',#1150,#1182);
#1182 = DEFINITIONAL_REPRESENTATION('',(#1183),#1187);
#1183 = LINE('',#1184,#1185);
#1184 = CARTESIAN_POINT('',(3.14159265359,-1.654146819112E-33));
#1185 = VECTOR('',#1186,1.);
#1186 = DIRECTION('',(0.,1.));
#1187 = ( GEOMETRIC_REPRESENTATION_CONTEXT(2) 
PARAMETRIC_REPRESENTATION_CONTEXT() REPRESENTATION_CONTEXT('2D SPACE',''
  ) );
#1188 = PCURVE('',#1189,#1194);
#1189 = CONICAL_SURFACE('',#1190,10.2,1.030376826524);
#1190 = AXIS2_PLACEMENT_3D('',#1191,#1192,#1193);
#1191 = CARTESIAN_POINT('',(6.6613381422E-15,5.7731597225E-15,
    51.99999995));
#1192 = DIRECTION('',(-1.110223024625E-16,-1.110223024625E-16,-1.));
#1193 = DIRECTION('',(0.,-1.,1.110223024625E-16));
#1194 = DEFINITIONAL_REPRESENTATION('',(#1195),#1199);
#1195 = LINE('',#1196,#1197);
#1196 = CARTESIAN_POINT('',(3.14159265359,-1.654146819112E-33));
#1197 = VECTOR('',#1198,1.);
#1198 = DIRECTION('',(0.,1.));
#1199 = ( GEOMETRIC_REPRESENTATION_CONTEXT(2) 
PARAMETRIC_REPRESENTATION_CONTEXT() REPRESENTATION_CONTEXT('2D SPACE',''
  ) );
#1200 = ORIENTED_EDGE('',*,*,#1201,.F.);
#1201 = EDGE_CURVE('',#1202,#1174,#1204,.T.);
#1202 = VERTEX_POINT('',#1203);
#1203 = CARTESIAN_POINT('',(6.628031451461E-15,-10.7,51.69999995));
#1204 = SURFACE_CURVE('',#1205,(#1210,#1217),.PCURVE_S1.);
#1205 = CIRCLE('',#1206,10.7);
#1206 = AXIS2_PLACEMENT_3D('',#1207,#1208,#1209);
#1207 = CARTESIAN_POINT('',(6.628031451461E-15,5.739853031761E-15,
    51.69999995));
#1208 = DIRECTION('',(-1.110223024625E-16,-1.110223024625E-16,-1.));
#1209 = DIRECTION('',(0.,-1.,1.110223024625E-16));
#1210 = PCURVE('',#1150,#1211);
#1211 = DEFINITIONAL_REPRESENTATION('',(#1212),#1216);
#1212 = LINE('',#1213,#1214);
#1213 = CARTESIAN_POINT('',(0.,0.3));
#1214 = VECTOR('',#1215,1.);
#1215 = DIRECTION('',(1.,0.));
#1216 = ( GEOMETRIC_REPRESENTATION_CONTEXT(2) 
PARAMETRIC_REPRESENTATION_CONTEXT() REPRESENTATION_CONTEXT('2D SPACE',''
  ) );
#1217 = PCURVE('',#1218,#1223);
#1218 = CYLINDRICAL_SURFACE('',#1219,10.7);
#1219 = AXIS2_PLACEMENT_3D('',#1220,#1221,#1222);
#1220 = CARTESIAN_POINT('',(8.548717284063E-15,7.660538864362E-15,
    68.99999995));
#1221 = DIRECTION('',(-1.110223024625E-16,-1.110223024625E-16,-1.));
#1222 = DIRECTION('',(0.,-1.,1.110223024625E-16));
#1223 = DEFINITIONAL_REPRESENTATION('',(#1224),#1228);
#1224 = LINE('',#1225,#1226);
#1225 = CARTESIAN_POINT('',(0.,17.3));
#1226 = VECTOR('',#1227,1.);
#1227 = DIRECTION('',(1.,0.));
#1228 = ( GEOMETRIC_REPRESENTATION_CONTEXT(2) 
PARAMETRIC_REPRESENTATION_CONTEXT() REPRESENTATION_CONTEXT('2D SPACE',''
  ) );
#1229 = ORIENTED_EDGE('',*,*,#1230,.F.);
#1230 = EDGE_CURVE('',#1139,#1202,#1231,.T.);
#1231 = SURFACE_CURVE('',#1232,(#1236,#1243),.PCURVE_S1.);
#1232 = LINE('',#1233,#1234);
#1233 = CARTESIAN_POINT('',(6.6613381422E-15,-10.2,51.99999995));
#1234 = VECTOR('',#1235,1.);
#1235 = DIRECTION('',(-5.712050337475E-17,-0.857492925713,
    -0.514495755428));
#1236 = PCURVE('',#1150,#1237);
#1237 = DEFINITIONAL_REPRESENTATION('',(#1238),#1242);
#1238 = LINE('',#1239,#1240);
#1239 = CARTESIAN_POINT('',(0.,0.));
#1240 = VECTOR('',#1241,1.);
#1241 = DIRECTION('',(0.,1.));
#1242 = ( GEOMETRIC_REPRESENTATION_CONTEXT(2) 
PARAMETRIC_REPRESENTATION_CONTEXT() REPRESENTATION_CONTEXT('2D SPACE',''
  ) );
#1243 = PCURVE('',#1189,#1244);
#1244 = DEFINITIONAL_REPRESENTATION('',(#1245),#1249);
#1245 = LINE('',#1246,#1247);
#1246 = CARTESIAN_POINT('',(6.28318530718,0.));
#1247 = VECTOR('',#1248,1.);
#1248 = DIRECTION('',(0.,1.));
#1249 = ( GEOMETRIC_REPRESENTATION_CONTEXT(2) 
PARAMETRIC_REPRESENTATION_CONTEXT() REPRESENTATION_CONTEXT('2D SPACE',''
  ) );
#1250 = ADVANCED_FACE('',(#1251),#1218,.T.);
#1251 = FACE_BOUND('',#1252,.T.);
#1252 = EDGE_LOOP('',(#1253,#1254,#1282,#1311));
#1253 = ORIENTED_EDGE('',*,*,#1201,.T.);
#1254 = ORIENTED_EDGE('',*,*,#1255,.T.);
#1255 = EDGE_CURVE('',#1174,#1256,#1258,.T.);
#1256 = VERTEX_POINT('',#1257);
#1257 = CARTESIAN_POINT('',(-3.519406993613E-15,10.7,-39.70000005));
#1258 = SURFACE_CURVE('',#1259,(#1263,#1270),.PCURVE_S1.);
#1259 = LINE('',#1260,#1261);
#1260 = CARTESIAN_POINT('',(7.238345208975E-15,10.7,68.99999995));
#1261 = VECTOR('',#1262,1.);
#1262 = DIRECTION('',(-1.110223024625E-16,-1.110223024625E-16,-1.));
#1263 = PCURVE('',#1218,#1264);
#1264 = DEFINITIONAL_REPRESENTATION('',(#1265),#1269);
#1265 = LINE('',#1266,#1267);
#1266 = CARTESIAN_POINT('',(3.14159265359,0.));
#1267 = VECTOR('',#1268,1.);
#1268 = DIRECTION('',(0.,1.));
#1269 = ( GEOMETRIC_REPRESENTATION_CONTEXT(2) 
PARAMETRIC_REPRESENTATION_CONTEXT() REPRESENTATION_CONTEXT('2D SPACE',''
  ) );
#1270 = PCURVE('',#1271,#1276);
#1271 = CYLINDRICAL_SURFACE('',#1272,10.7);
#1272 = AXIS2_PLACEMENT_3D('',#1273,#1274,#1275);
#1273 = CARTESIAN_POINT('',(8.548717284063E-15,7.660538864362E-15,
    68.99999995));
#1274 = DIRECTION('',(-1.110223024625E-16,-1.110223024625E-16,-1.));
#1275 = DIRECTION('',(0.,-1.,1.110223024625E-16));
#1276 = DEFINITIONAL_REPRESENTATION('',(#1277),#1281);
#1277 = LINE('',#1278,#1279);
#1278 = CARTESIAN_POINT('',(3.14159265359,0.));
#1279 = VECTOR('',#1280,1.);
#1280 = DIRECTION('',(0.,1.));
#1281 = ( GEOMETRIC_REPRESENTATION_CONTEXT(2) 
PARAMETRIC_REPRESENTATION_CONTEXT() REPRESENTATION_CONTEXT('2D SPACE',''
  ) );
#1282 = ORIENTED_EDGE('',*,*,#1283,.F.);
#1283 = EDGE_CURVE('',#1284,#1256,#1286,.T.);
#1284 = VERTEX_POINT('',#1285);
#1285 = CARTESIAN_POINT('',(-4.829779068701E-15,-10.7,-39.70000005));
#1286 = SURFACE_CURVE('',#1287,(#1292,#1299),.PCURVE_S1.);
#1287 = CIRCLE('',#1288,10.7);
#1288 = AXIS2_PLACEMENT_3D('',#1289,#1290,#1291);
#1289 = CARTESIAN_POINT('',(-3.519406993613E-15,-4.407585413313E-15,
    -39.70000005));
#1290 = DIRECTION('',(-1.110223024625E-16,-1.110223024625E-16,-1.));
#1291 = DIRECTION('',(0.,-1.,1.110223024625E-16));
#1292 = PCURVE('',#1218,#1293);
#1293 = DEFINITIONAL_REPRESENTATION('',(#1294),#1298);
#1294 = LINE('',#1295,#1296);
#1295 = CARTESIAN_POINT('',(0.,108.7));
#1296 = VECTOR('',#1297,1.);
#1297 = DIRECTION('',(1.,0.));
#1298 = ( GEOMETRIC_REPRESENTATION_CONTEXT(2) 
PARAMETRIC_REPRESENTATION_CONTEXT() REPRESENTATION_CONTEXT('2D SPACE',''
  ) );
#1299 = PCURVE('',#1300,#1305);
#1300 = CONICAL_SURFACE('',#1301,10.7,1.030376826524);
#1301 = AXIS2_PLACEMENT_3D('',#1302,#1303,#1304);
#1302 = CARTESIAN_POINT('',(-3.519406993613E-15,-4.407585413313E-15,
    -39.70000005));
#1303 = DIRECTION('',(1.110223024625E-16,1.110223024625E-16,1.));
#1304 = DIRECTION('',(0.,1.,-1.110223024625E-16));
#1305 = DEFINITIONAL_REPRESENTATION('',(#1306),#1310);
#1306 = LINE('',#1307,#1308);
#1307 = CARTESIAN_POINT('',(3.14159265359,0.));
#1308 = VECTOR('',#1309,1.);
#1309 = DIRECTION('',(-1.,0.));
#1310 = ( GEOMETRIC_REPRESENTATION_CONTEXT(2) 
PARAMETRIC_REPRESENTATION_CONTEXT() REPRESENTATION_CONTEXT('2D SPACE',''
  ) );
#1311 = ORIENTED_EDGE('',*,*,#1312,.F.);
#1312 = EDGE_CURVE('',#1202,#1284,#1313,.T.);
#1313 = SURFACE_CURVE('',#1314,(#1318,#1325),.PCURVE_S1.);
#1314 = LINE('',#1315,#1316);
#1315 = CARTESIAN_POINT('',(8.548717284063E-15,-10.7,68.99999995));
#1316 = VECTOR('',#1317,1.);
#1317 = DIRECTION('',(-1.110223024625E-16,-1.110223024625E-16,-1.));
#1318 = PCURVE('',#1218,#1319);
#1319 = DEFINITIONAL_REPRESENTATION('',(#1320),#1324);
#1320 = LINE('',#1321,#1322);
#1321 = CARTESIAN_POINT('',(0.,0.));
#1322 = VECTOR('',#1323,1.);
#1323 = DIRECTION('',(0.,1.));
#1324 = ( GEOMETRIC_REPRESENTATION_CONTEXT(2) 
PARAMETRIC_REPRESENTATION_CONTEXT() REPRESENTATION_CONTEXT('2D SPACE',''
  ) );
#1325 = PCURVE('',#1271,#1326);
#1326 = DEFINITIONAL_REPRESENTATION('',(#1327),#1331);
#1327 = LINE('',#1328,#1329);
#1328 = CARTESIAN_POINT('',(6.28318530718,0.));
#1329 = VECTOR('',#1330,1.);
#1330 = DIRECTION('',(0.,1.));
#1331 = ( GEOMETRIC_REPRESENTATION_CONTEXT(2) 
PARAMETRIC_REPRESENTATION_CONTEXT() REPRESENTATION_CONTEXT('2D SPACE',''
  ) );
#1332 = ADVANCED_FACE('',(#1333),#1300,.T.);
#1333 = FACE_BOUND('',#1334,.T.);
#1334 = EDGE_LOOP('',(#1335,#1366,#1392,#1393));
#1335 = ORIENTED_EDGE('',*,*,#1336,.F.);
#1336 = EDGE_CURVE('',#1337,#1339,#1341,.T.);
#1337 = VERTEX_POINT('',#1338);
#1338 = CARTESIAN_POINT('',(-4.832469589461E-15,-10.2,-40.00000005));
#1339 = VERTEX_POINT('',#1340);
#1340 = CARTESIAN_POINT('',(-3.552713684352E-15,10.2,-40.00000005));
#1341 = SURFACE_CURVE('',#1342,(#1347,#1354),.PCURVE_S1.);
#1342 = CIRCLE('',#1343,10.2);
#1343 = AXIS2_PLACEMENT_3D('',#1344,#1345,#1346);
#1344 = CARTESIAN_POINT('',(-3.552713684352E-15,-4.440892104052E-15,
    -40.00000005));
#1345 = DIRECTION('',(-1.110223024625E-16,-1.110223024625E-16,-1.));
#1346 = DIRECTION('',(0.,-1.,1.110223024625E-16));
#1347 = PCURVE('',#1300,#1348);
#1348 = DEFINITIONAL_REPRESENTATION('',(#1349),#1353);
#1349 = LINE('',#1350,#1351);
#1350 = CARTESIAN_POINT('',(3.14159265359,-0.3));
#1351 = VECTOR('',#1352,1.);
#1352 = DIRECTION('',(-1.,0.));
#1353 = ( GEOMETRIC_REPRESENTATION_CONTEXT(2) 
PARAMETRIC_REPRESENTATION_CONTEXT() REPRESENTATION_CONTEXT('2D SPACE',''
  ) );
#1354 = PCURVE('',#1355,#1360);
#1355 = PLANE('',#1356);
#1356 = AXIS2_PLACEMENT_3D('',#1357,#1358,#1359);
#1357 = CARTESIAN_POINT('',(-10.7,-4.440892104052E-15,-40.00000005));
#1358 = DIRECTION('',(-1.110223024625E-16,-1.110223024625E-16,-1.));
#1359 = DIRECTION('',(0.,-1.,1.110223024625E-16));
#1360 = DEFINITIONAL_REPRESENTATION('',(#1361),#1365);
#1361 = CIRCLE('',#1362,10.2);
#1362 = AXIS2_PLACEMENT_2D('',#1363,#1364);
#1363 = CARTESIAN_POINT('',(0.,-10.7));
#1364 = DIRECTION('',(1.,0.));
#1365 = ( GEOMETRIC_REPRESENTATION_CONTEXT(2) 
PARAMETRIC_REPRESENTATION_CONTEXT() REPRESENTATION_CONTEXT('2D SPACE',''
  ) );
#1366 = ORIENTED_EDGE('',*,*,#1367,.T.);
#1367 = EDGE_CURVE('',#1337,#1284,#1368,.T.);
#1368 = SURFACE_CURVE('',#1369,(#1373,#1380),.PCURVE_S1.);
#1369 = LINE('',#1370,#1371);
#1370 = CARTESIAN_POINT('',(-4.829779068701E-15,-10.7,-39.70000005));
#1371 = VECTOR('',#1372,1.);
#1372 = DIRECTION('',(-4.789209330178E-17,-0.857492925713,0.514495755428
    ));
#1373 = PCURVE('',#1300,#1374);
#1374 = DEFINITIONAL_REPRESENTATION('',(#1375),#1379);
#1375 = LINE('',#1376,#1377);
#1376 = CARTESIAN_POINT('',(3.14159265359,2.28482013499E-16));
#1377 = VECTOR('',#1378,1.);
#1378 = DIRECTION('',(0.,1.));
#1379 = ( GEOMETRIC_REPRESENTATION_CONTEXT(2) 
PARAMETRIC_REPRESENTATION_CONTEXT() REPRESENTATION_CONTEXT('2D SPACE',''
  ) );
#1380 = PCURVE('',#1381,#1386);
#1381 = CONICAL_SURFACE('',#1382,10.7,1.030376826524);
#1382 = AXIS2_PLACEMENT_3D('',#1383,#1384,#1385);
#1383 = CARTESIAN_POINT('',(-3.519406993613E-15,-4.407585413313E-15,
    -39.70000005));
#1384 = DIRECTION('',(1.110223024625E-16,1.110223024625E-16,1.));
#1385 = DIRECTION('',(0.,1.,-1.110223024625E-16));
#1386 = DEFINITIONAL_REPRESENTATION('',(#1387),#1391);
#1387 = LINE('',#1388,#1389);
#1388 = CARTESIAN_POINT('',(3.14159265359,2.28482013499E-16));
#1389 = VECTOR('',#1390,1.);
#1390 = DIRECTION('',(0.,1.));
#1391 = ( GEOMETRIC_REPRESENTATION_CONTEXT(2) 
PARAMETRIC_REPRESENTATION_CONTEXT() REPRESENTATION_CONTEXT('2D SPACE',''
  ) );
#1392 = ORIENTED_EDGE('',*,*,#1283,.T.);
#1393 = ORIENTED_EDGE('',*,*,#1394,.F.);
#1394 = EDGE_CURVE('',#1339,#1256,#1395,.T.);
#1395 = SURFACE_CURVE('',#1396,(#1400,#1407),.PCURVE_S1.);
#1396 = LINE('',#1397,#1398);
#1397 = CARTESIAN_POINT('',(-3.519406993613E-15,10.7,-39.70000005));
#1398 = VECTOR('',#1399,1.);
#1399 = DIRECTION('',(5.712050337475E-17,0.857492925713,0.514495755428)
  );
#1400 = PCURVE('',#1300,#1401);
#1401 = DEFINITIONAL_REPRESENTATION('',(#1402),#1406);
#1402 = LINE('',#1403,#1404);
#1403 = CARTESIAN_POINT('',(0.,2.28482013499E-16));
#1404 = VECTOR('',#1405,1.);
#1405 = DIRECTION('',(0.,1.));
#1406 = ( GEOMETRIC_REPRESENTATION_CONTEXT(2) 
PARAMETRIC_REPRESENTATION_CONTEXT() REPRESENTATION_CONTEXT('2D SPACE',''
  ) );
#1407 = PCURVE('',#1381,#1408);
#1408 = DEFINITIONAL_REPRESENTATION('',(#1409),#1413);
#1409 = LINE('',#1410,#1411);
#1410 = CARTESIAN_POINT('',(6.28318530718,2.28482013499E-16));
#1411 = VECTOR('',#1412,1.);
#1412 = DIRECTION('',(0.,1.));
#1413 = ( GEOMETRIC_REPRESENTATION_CONTEXT(2) 
PARAMETRIC_REPRESENTATION_CONTEXT() REPRESENTATION_CONTEXT('2D SPACE',''
  ) );
#1414 = ADVANCED_FACE('',(#1415),#1430,.T.);
#1415 = FACE_BOUND('',#1416,.T.);
#1416 = EDGE_LOOP('',(#1417,#1448,#1476,#1505));
#1417 = ORIENTED_EDGE('',*,*,#1418,.T.);
#1418 = EDGE_CURVE('',#1419,#1421,#1423,.T.);
#1419 = VERTEX_POINT('',#1420);
#1420 = CARTESIAN_POINT('',(-3.552713684352E-15,-10.7,-40.00000005));
#1421 = VERTEX_POINT('',#1422);
#1422 = CARTESIAN_POINT('',(-4.863085759439E-15,10.7,-40.00000005));
#1423 = SURFACE_CURVE('',#1424,(#1429,#1441),.PCURVE_S1.);
#1424 = CIRCLE('',#1425,10.7);
#1425 = AXIS2_PLACEMENT_3D('',#1426,#1427,#1428);
#1426 = CARTESIAN_POINT('',(-3.552713684352E-15,-4.440892104052E-15,
    -40.00000005));
#1427 = DIRECTION('',(-1.110223024625E-16,-1.110223024625E-16,-1.));
#1428 = DIRECTION('',(0.,-1.,1.110223024625E-16));
#1429 = PCURVE('',#1430,#1435);
#1430 = CYLINDRICAL_SURFACE('',#1431,10.7);
#1431 = AXIS2_PLACEMENT_3D('',#1432,#1433,#1434);
#1432 = CARTESIAN_POINT('',(8.548717284063E-15,7.660538864362E-15,
    68.99999995));
#1433 = DIRECTION('',(-1.110223024625E-16,-1.110223024625E-16,-1.));
#1434 = DIRECTION('',(0.,-1.,1.110223024625E-16));
#1435 = DEFINITIONAL_REPRESENTATION('',(#1436),#1440);
#1436 = LINE('',#1437,#1438);
#1437 = CARTESIAN_POINT('',(0.,109.));
#1438 = VECTOR('',#1439,1.);
#1439 = DIRECTION('',(1.,0.));
#1440 = ( GEOMETRIC_REPRESENTATION_CONTEXT(2) 
PARAMETRIC_REPRESENTATION_CONTEXT() REPRESENTATION_CONTEXT('2D SPACE',''
  ) );
#1441 = PCURVE('',#1355,#1442);
#1442 = DEFINITIONAL_REPRESENTATION('',(#1443),#1447);
#1443 = CIRCLE('',#1444,10.7);
#1444 = AXIS2_PLACEMENT_2D('',#1445,#1446);
#1445 = CARTESIAN_POINT('',(0.,-10.7));
#1446 = DIRECTION('',(1.,0.));
#1447 = ( GEOMETRIC_REPRESENTATION_CONTEXT(2) 
PARAMETRIC_REPRESENTATION_CONTEXT() REPRESENTATION_CONTEXT('2D SPACE',''
  ) );
#1448 = ORIENTED_EDGE('',*,*,#1449,.T.);
#1449 = EDGE_CURVE('',#1421,#1450,#1452,.T.);
#1450 = VERTEX_POINT('',#1451);
#1451 = CARTESIAN_POINT('',(-4.974108061902E-15,10.7,-41.00000005));
#1452 = SURFACE_CURVE('',#1453,(#1457,#1464),.PCURVE_S1.);
#1453 = LINE('',#1454,#1455);
#1454 = CARTESIAN_POINT('',(7.238345208975E-15,10.7,68.99999995));
#1455 = VECTOR('',#1456,1.);
#1456 = DIRECTION('',(-1.110223024625E-16,-1.110223024625E-16,-1.));
#1457 = PCURVE('',#1430,#1458);
#1458 = DEFINITIONAL_REPRESENTATION('',(#1459),#1463);
#1459 = LINE('',#1460,#1461);
#1460 = CARTESIAN_POINT('',(3.14159265359,0.));
#1461 = VECTOR('',#1462,1.);
#1462 = DIRECTION('',(0.,1.));
#1463 = ( GEOMETRIC_REPRESENTATION_CONTEXT(2) 
PARAMETRIC_REPRESENTATION_CONTEXT() REPRESENTATION_CONTEXT('2D SPACE',''
  ) );
#1464 = PCURVE('',#1465,#1470);
#1465 = CYLINDRICAL_SURFACE('',#1466,10.7);
#1466 = AXIS2_PLACEMENT_3D('',#1467,#1468,#1469);
#1467 = CARTESIAN_POINT('',(8.548717284063E-15,7.660538864362E-15,
    68.99999995));
#1468 = DIRECTION('',(-1.110223024625E-16,-1.110223024625E-16,-1.));
#1469 = DIRECTION('',(0.,-1.,1.110223024625E-16));
#1470 = DEFINITIONAL_REPRESENTATION('',(#1471),#1475);
#1471 = LINE('',#1472,#1473);
#1472 = CARTESIAN_POINT('',(3.14159265359,0.));
#1473 = VECTOR('',#1474,1.);
#1474 = DIRECTION('',(0.,1.));
#1475 = ( GEOMETRIC_REPRESENTATION_CONTEXT(2) 
PARAMETRIC_REPRESENTATION_CONTEXT() REPRESENTATION_CONTEXT('2D SPACE',''
  ) );
#1476 = ORIENTED_EDGE('',*,*,#1477,.F.);
#1477 = EDGE_CURVE('',#1478,#1450,#1480,.T.);
#1478 = VERTEX_POINT('',#1479);
#1479 = CARTESIAN_POINT('',(-3.663735986814E-15,-10.7,-41.00000005));
#1480 = SURFACE_CURVE('',#1481,(#1486,#1493),.PCURVE_S1.);
#1481 = CIRCLE('',#1482,10.7);
#1482 = AXIS2_PLACEMENT_3D('',#1483,#1484,#1485);
#1483 = CARTESIAN_POINT('',(-3.663735986814E-15,-4.551914406514E-15,
    -41.00000005));
#1484 = DIRECTION('',(-1.110223024625E-16,-1.110223024625E-16,-1.));
#1485 = DIRECTION('',(0.,-1.,1.110223024625E-16));
#1486 = PCURVE('',#1430,#1487);
#1487 = DEFINITIONAL_REPRESENTATION('',(#1488),#1492);
#1488 = LINE('',#1489,#1490);
#1489 = CARTESIAN_POINT('',(0.,110.));
#1490 = VECTOR('',#1491,1.);
#1491 = DIRECTION('',(1.,0.));
#1492 = ( GEOMETRIC_REPRESENTATION_CONTEXT(2) 
PARAMETRIC_REPRESENTATION_CONTEXT() REPRESENTATION_CONTEXT('2D SPACE',''
  ) );
#1493 = PCURVE('',#1494,#1499);
#1494 = PLANE('',#1495);
#1495 = AXIS2_PLACEMENT_3D('',#1496,#1497,#1498);
#1496 = CARTESIAN_POINT('',(-13.1,-4.551914406514E-15,-41.00000005));
#1497 = DIRECTION('',(-1.110223024625E-16,-1.110223024625E-16,-1.));
#1498 = DIRECTION('',(0.,-1.,1.110223024625E-16));
#1499 = DEFINITIONAL_REPRESENTATION('',(#1500),#1504);
#1500 = CIRCLE('',#1501,10.7);
#1501 = AXIS2_PLACEMENT_2D('',#1502,#1503);
#1502 = CARTESIAN_POINT('',(0.,-13.1));
#1503 = DIRECTION('',(1.,0.));
#1504 = ( GEOMETRIC_REPRESENTATION_CONTEXT(2) 
PARAMETRIC_REPRESENTATION_CONTEXT() REPRESENTATION_CONTEXT('2D SPACE',''
  ) );
#1505 = ORIENTED_EDGE('',*,*,#1506,.F.);
#1506 = EDGE_CURVE('',#1419,#1478,#1507,.T.);
#1507 = SURFACE_CURVE('',#1508,(#1512,#1519),.PCURVE_S1.);
#1508 = LINE('',#1509,#1510);
#1509 = CARTESIAN_POINT('',(8.548717284063E-15,-10.7,68.99999995));
#1510 = VECTOR('',#1511,1.);
#1511 = DIRECTION('',(-1.110223024625E-16,-1.110223024625E-16,-1.));
#1512 = PCURVE('',#1430,#1513);
#1513 = DEFINITIONAL_REPRESENTATION('',(#1514),#1518);
#1514 = LINE('',#1515,#1516);
#1515 = CARTESIAN_POINT('',(0.,0.));
#1516 = VECTOR('',#1517,1.);
#1517 = DIRECTION('',(0.,1.));
#1518 = ( GEOMETRIC_REPRESENTATION_CONTEXT(2) 
PARAMETRIC_REPRESENTATION_CONTEXT() REPRESENTATION_CONTEXT('2D SPACE',''
  ) );
#1519 = PCURVE('',#1465,#1520);
#1520 = DEFINITIONAL_REPRESENTATION('',(#1521),#1525);
#1521 = LINE('',#1522,#1523);
#1522 = CARTESIAN_POINT('',(6.28318530718,0.));
#1523 = VECTOR('',#1524,1.);
#1524 = DIRECTION('',(0.,1.));
#1525 = ( GEOMETRIC_REPRESENTATION_CONTEXT(2) 
PARAMETRIC_REPRESENTATION_CONTEXT() REPRESENTATION_CONTEXT('2D SPACE',''
  ) );
#1526 = ADVANCED_FACE('',(#1527),#1542,.T.);
#1527 = FACE_BOUND('',#1528,.T.);
#1528 = EDGE_LOOP('',(#1529,#1560,#1589,#1613));
#1529 = ORIENTED_EDGE('',*,*,#1530,.T.);
#1530 = EDGE_CURVE('',#1531,#1533,#1535,.T.);
#1531 = VERTEX_POINT('',#1532);
#1532 = CARTESIAN_POINT('',(-3.663735986814E-15,-13.1,-41.00000005));
#1533 = VERTEX_POINT('',#1534);
#1534 = CARTESIAN_POINT('',(-5.29251622968E-15,13.1,-41.00000005));
#1535 = SURFACE_CURVE('',#1536,(#1541,#1553),.PCURVE_S1.);
#1536 = CIRCLE('',#1537,13.1);
#1537 = AXIS2_PLACEMENT_3D('',#1538,#1539,#1540);
#1538 = CARTESIAN_POINT('',(-3.663735986814E-15,-4.551914406514E-15,
    -41.00000005));
#1539 = DIRECTION('',(-1.110223024625E-16,-1.110223024625E-16,-1.));
#1540 = DIRECTION('',(0.,-1.,1.110223024625E-16));
#1541 = PCURVE('',#1542,#1547);
#1542 = TOROIDAL_SURFACE('',#1543,13.1,0.4);
#1543 = AXIS2_PLACEMENT_3D('',#1544,#1545,#1546);
#1544 = CARTESIAN_POINT('',(-3.708144907799E-15,-4.596323327499E-15,
    -41.40000005));
#1545 = DIRECTION('',(-1.110223024625E-16,-1.110223024625E-16,-1.));
#1546 = DIRECTION('',(0.,-1.,1.110223024625E-16));
#1547 = DEFINITIONAL_REPRESENTATION('',(#1548),#1552);
#1548 = LINE('',#1549,#1550);
#1549 = CARTESIAN_POINT('',(0.,4.712388980385));
#1550 = VECTOR('',#1551,1.);
#1551 = DIRECTION('',(1.,0.));
#1552 = ( GEOMETRIC_REPRESENTATION_CONTEXT(2) 
PARAMETRIC_REPRESENTATION_CONTEXT() REPRESENTATION_CONTEXT('2D SPACE',''
  ) );
#1553 = PCURVE('',#1494,#1554);
#1554 = DEFINITIONAL_REPRESENTATION('',(#1555),#1559);
#1555 = CIRCLE('',#1556,13.1);
#1556 = AXIS2_PLACEMENT_2D('',#1557,#1558);
#1557 = CARTESIAN_POINT('',(0.,-13.1));
#1558 = DIRECTION('',(1.,0.));
#1559 = ( GEOMETRIC_REPRESENTATION_CONTEXT(2) 
PARAMETRIC_REPRESENTATION_CONTEXT() REPRESENTATION_CONTEXT('2D SPACE',''
  ) );
#1560 = ORIENTED_EDGE('',*,*,#1561,.T.);
#1561 = EDGE_CURVE('',#1533,#1562,#1564,.T.);
#1562 = VERTEX_POINT('',#1563);
#1563 = CARTESIAN_POINT('',(-5.361418086648E-15,13.5,-41.40000005));
#1564 = SURFACE_CURVE('',#1565,(#1570,#1577),.PCURVE_S1.);
#1565 = CIRCLE('',#1566,0.4);
#1566 = AXIS2_PLACEMENT_3D('',#1567,#1568,#1569);
#1567 = CARTESIAN_POINT('',(-5.312432214682E-15,13.1,-41.40000005));
#1568 = DIRECTION('',(-1.,-1.224646799147E-16,1.110223024625E-16));
#1569 = DIRECTION('',(1.224646799147E-16,-1.,1.110223024625E-16));
#1570 = PCURVE('',#1542,#1571);
#1571 = DEFINITIONAL_REPRESENTATION('',(#1572),#1576);
#1572 = LINE('',#1573,#1574);
#1573 = CARTESIAN_POINT('',(3.14159265359,3.14159265359));
#1574 = VECTOR('',#1575,1.);
#1575 = DIRECTION('',(0.,1.));
#1576 = ( GEOMETRIC_REPRESENTATION_CONTEXT(2) 
PARAMETRIC_REPRESENTATION_CONTEXT() REPRESENTATION_CONTEXT('2D SPACE',''
  ) );
#1577 = PCURVE('',#1578,#1583);
#1578 = TOROIDAL_SURFACE('',#1579,13.1,0.4);
#1579 = AXIS2_PLACEMENT_3D('',#1580,#1581,#1582);
#1580 = CARTESIAN_POINT('',(-3.708144907799E-15,-4.596323327499E-15,
    -41.40000005));
#1581 = DIRECTION('',(-1.110223024625E-16,-1.110223024625E-16,-1.));
#1582 = DIRECTION('',(0.,-1.,1.110223024625E-16));
#1583 = DEFINITIONAL_REPRESENTATION('',(#1584),#1588);
#1584 = LINE('',#1585,#1586);
#1585 = CARTESIAN_POINT('',(3.14159265359,3.14159265359));
#1586 = VECTOR('',#1587,1.);
#1587 = DIRECTION('',(0.,1.));
#1588 = ( GEOMETRIC_REPRESENTATION_CONTEXT(2) 
PARAMETRIC_REPRESENTATION_CONTEXT() REPRESENTATION_CONTEXT('2D SPACE',''
  ) );
#1589 = ORIENTED_EDGE('',*,*,#1590,.F.);
#1590 = EDGE_CURVE('',#1591,#1562,#1593,.T.);
#1591 = VERTEX_POINT('',#1592);
#1592 = CARTESIAN_POINT('',(-3.708144907799E-15,-13.5,-41.40000005));
#1593 = SURFACE_CURVE('',#1594,(#1599,#1606),.PCURVE_S1.);
#1594 = CIRCLE('',#1595,13.5);
#1595 = AXIS2_PLACEMENT_3D('',#1596,#1597,#1598);
#1596 = CARTESIAN_POINT('',(-3.708144907799E-15,-4.596323327499E-15,
    -41.40000005));
#1597 = DIRECTION('',(-1.110223024625E-16,-1.110223024625E-16,-1.));
#1598 = DIRECTION('',(0.,-1.,1.110223024625E-16));
#1599 = PCURVE('',#1542,#1600);
#1600 = DEFINITIONAL_REPRESENTATION('',(#1601),#1605);
#1601 = LINE('',#1602,#1603);
#1602 = CARTESIAN_POINT('',(0.,6.28318530718));
#1603 = VECTOR('',#1604,1.);
#1604 = DIRECTION('',(1.,0.));
#1605 = ( GEOMETRIC_REPRESENTATION_CONTEXT(2) 
PARAMETRIC_REPRESENTATION_CONTEXT() REPRESENTATION_CONTEXT('2D SPACE',''
  ) );
#1606 = PCURVE('',#600,#1607);
#1607 = DEFINITIONAL_REPRESENTATION('',(#1608),#1612);
#1608 = LINE('',#1609,#1610);
#1609 = CARTESIAN_POINT('',(0.,110.4));
#1610 = VECTOR('',#1611,1.);
#1611 = DIRECTION('',(1.,0.));
#1612 = ( GEOMETRIC_REPRESENTATION_CONTEXT(2) 
PARAMETRIC_REPRESENTATION_CONTEXT() REPRESENTATION_CONTEXT('2D SPACE',''
  ) );
#1613 = ORIENTED_EDGE('',*,*,#1614,.F.);
#1614 = EDGE_CURVE('',#1531,#1591,#1615,.T.);
#1615 = SURFACE_CURVE('',#1616,(#1621,#1628),.PCURVE_S1.);
#1616 = CIRCLE('',#1617,0.4);
#1617 = AXIS2_PLACEMENT_3D('',#1618,#1619,#1620);
#1618 = CARTESIAN_POINT('',(-3.708144907799E-15,-13.1,-41.40000005));
#1619 = DIRECTION('',(1.,-1.232595164408E-32,-1.110223024625E-16));
#1620 = DIRECTION('',(0.,1.,-1.110223024625E-16));
#1621 = PCURVE('',#1542,#1622);
#1622 = DEFINITIONAL_REPRESENTATION('',(#1623),#1627);
#1623 = LINE('',#1624,#1625);
#1624 = CARTESIAN_POINT('',(0.,3.14159265359));
#1625 = VECTOR('',#1626,1.);
#1626 = DIRECTION('',(0.,1.));
#1627 = ( GEOMETRIC_REPRESENTATION_CONTEXT(2) 
PARAMETRIC_REPRESENTATION_CONTEXT() REPRESENTATION_CONTEXT('2D SPACE',''
  ) );
#1628 = PCURVE('',#1578,#1629);
#1629 = DEFINITIONAL_REPRESENTATION('',(#1630),#1634);
#1630 = LINE('',#1631,#1632);
#1631 = CARTESIAN_POINT('',(6.28318530718,3.14159265359));
#1632 = VECTOR('',#1633,1.);
#1633 = DIRECTION('',(0.,1.));
#1634 = ( GEOMETRIC_REPRESENTATION_CONTEXT(2) 
PARAMETRIC_REPRESENTATION_CONTEXT() REPRESENTATION_CONTEXT('2D SPACE',''
  ) );
#1635 = ADVANCED_FACE('',(#1636),#1651,.T.);
#1636 = FACE_BOUND('',#1637,.T.);
#1637 = EDGE_LOOP('',(#1638,#1678,#1706,#1735));
#1638 = ORIENTED_EDGE('',*,*,#1639,.T.);
#1639 = EDGE_CURVE('',#1640,#1642,#1644,.T.);
#1640 = VERTEX_POINT('',#1641);
#1641 = CARTESIAN_POINT('',(-5.440092826214E-15,-11.,-57.00000005));
#1642 = VERTEX_POINT('',#1643);
#1643 = CARTESIAN_POINT('',(-6.787204305276E-15,11.,-57.00000005));
#1644 = SURFACE_CURVE('',#1645,(#1650,#1662),.PCURVE_S1.);
#1645 = CIRCLE('',#1646,11.);
#1646 = AXIS2_PLACEMENT_3D('',#1647,#1648,#1649);
#1647 = CARTESIAN_POINT('',(-5.440092826214E-15,-6.328271245915E-15,
    -57.00000005));
#1648 = DIRECTION('',(-1.110223024625E-16,-1.110223024625E-16,-1.));
#1649 = DIRECTION('',(0.,-1.,1.110223024625E-16));
#1650 = PCURVE('',#1651,#1656);
#1651 = CYLINDRICAL_SURFACE('',#1652,11.);
#1652 = AXIS2_PLACEMENT_3D('',#1653,#1654,#1655);
#1653 = CARTESIAN_POINT('',(8.548717284063E-15,7.660538864362E-15,
    68.99999995));
#1654 = DIRECTION('',(-1.110223024625E-16,-1.110223024625E-16,-1.));
#1655 = DIRECTION('',(0.,-1.,1.110223024625E-16));
#1656 = DEFINITIONAL_REPRESENTATION('',(#1657),#1661);
#1657 = LINE('',#1658,#1659);
#1658 = CARTESIAN_POINT('',(0.,126.));
#1659 = VECTOR('',#1660,1.);
#1660 = DIRECTION('',(1.,0.));
#1661 = ( GEOMETRIC_REPRESENTATION_CONTEXT(2) 
PARAMETRIC_REPRESENTATION_CONTEXT() REPRESENTATION_CONTEXT('2D SPACE',''
  ) );
#1662 = PCURVE('',#1663,#1668);
#1663 = PLANE('',#1664);
#1664 = AXIS2_PLACEMENT_3D('',#1665,#1666,#1667);
#1665 = CARTESIAN_POINT('',(-11.,-6.328271245915E-15,-57.00000005));
#1666 = DIRECTION('',(1.110223024625E-16,1.110223024625E-16,1.));
#1667 = DIRECTION('',(0.,1.,-1.110223024625E-16));
#1668 = DEFINITIONAL_REPRESENTATION('',(#1669),#1677);
#1669 = ( BOUNDED_CURVE() B_SPLINE_CURVE(2,(#1670,#1671,#1672,#1673,
#1674,#1675,#1676),.UNSPECIFIED.,.T.,.F.) B_SPLINE_CURVE_WITH_KNOTS((1,2
    ,2,2,2,1),(-2.094395102393,0.,2.094395102393,4.188790204786,
6.28318530718,8.377580409573),.UNSPECIFIED.) CURVE() 
GEOMETRIC_REPRESENTATION_ITEM() RATIONAL_B_SPLINE_CURVE((1.,0.5,1.,0.5,
1.,0.5,1.)) REPRESENTATION_ITEM('') );
#1670 = CARTESIAN_POINT('',(-11.,-11.));
#1671 = CARTESIAN_POINT('',(-11.,8.052558883258));
#1672 = CARTESIAN_POINT('',(5.5,-1.473720558371));
#1673 = CARTESIAN_POINT('',(22.,-11.));
#1674 = CARTESIAN_POINT('',(5.5,-20.52627944162));
#1675 = CARTESIAN_POINT('',(-11.,-30.05255888325));
#1676 = CARTESIAN_POINT('',(-11.,-11.));
#1677 = ( GEOMETRIC_REPRESENTATION_CONTEXT(2) 
PARAMETRIC_REPRESENTATION_CONTEXT() REPRESENTATION_CONTEXT('2D SPACE',''
  ) );
#1678 = ORIENTED_EDGE('',*,*,#1679,.T.);
#1679 = EDGE_CURVE('',#1642,#1680,#1682,.T.);
#1680 = VERTEX_POINT('',#1681);
#1681 = CARTESIAN_POINT('',(-6.670219937499E-15,11.,-68.08000005));
#1682 = SURFACE_CURVE('',#1683,(#1687,#1694),.PCURVE_S1.);
#1683 = LINE('',#1684,#1685);
#1684 = CARTESIAN_POINT('',(7.201605805001E-15,11.,68.99999995));
#1685 = VECTOR('',#1686,1.);
#1686 = DIRECTION('',(-1.110223024625E-16,-1.110223024625E-16,-1.));
#1687 = PCURVE('',#1651,#1688);
#1688 = DEFINITIONAL_REPRESENTATION('',(#1689),#1693);
#1689 = LINE('',#1690,#1691);
#1690 = CARTESIAN_POINT('',(3.14159265359,0.));
#1691 = VECTOR('',#1692,1.);
#1692 = DIRECTION('',(0.,1.));
#1693 = ( GEOMETRIC_REPRESENTATION_CONTEXT(2) 
PARAMETRIC_REPRESENTATION_CONTEXT() REPRESENTATION_CONTEXT('2D SPACE',''
  ) );
#1694 = PCURVE('',#1695,#1700);
#1695 = CYLINDRICAL_SURFACE('',#1696,11.);
#1696 = AXIS2_PLACEMENT_3D('',#1697,#1698,#1699);
#1697 = CARTESIAN_POINT('',(8.548717284063E-15,7.660538864362E-15,
    68.99999995));
#1698 = DIRECTION('',(-1.110223024625E-16,-1.110223024625E-16,-1.));
#1699 = DIRECTION('',(0.,-1.,1.110223024625E-16));
#1700 = DEFINITIONAL_REPRESENTATION('',(#1701),#1705);
#1701 = LINE('',#1702,#1703);
#1702 = CARTESIAN_POINT('',(3.14159265359,0.));
#1703 = VECTOR('',#1704,1.);
#1704 = DIRECTION('',(0.,1.));
#1705 = ( GEOMETRIC_REPRESENTATION_CONTEXT(2) 
PARAMETRIC_REPRESENTATION_CONTEXT() REPRESENTATION_CONTEXT('2D SPACE',''
  ) );
#1706 = ORIENTED_EDGE('',*,*,#1707,.F.);
#1707 = EDGE_CURVE('',#1708,#1680,#1710,.T.);
#1708 = VERTEX_POINT('',#1709);
#1709 = CARTESIAN_POINT('',(-8.017331416561E-15,-11.,-68.08000005));
#1710 = SURFACE_CURVE('',#1711,(#1716,#1723),.PCURVE_S1.);
#1711 = CIRCLE('',#1712,11.);
#1712 = AXIS2_PLACEMENT_3D('',#1713,#1714,#1715);
#1713 = CARTESIAN_POINT('',(-6.670219937499E-15,-7.558398357199E-15,
    -68.08000005));
#1714 = DIRECTION('',(-1.110223024625E-16,-1.110223024625E-16,-1.));
#1715 = DIRECTION('',(0.,-1.,1.110223024625E-16));
#1716 = PCURVE('',#1651,#1717);
#1717 = DEFINITIONAL_REPRESENTATION('',(#1718),#1722);
#1718 = LINE('',#1719,#1720);
#1719 = CARTESIAN_POINT('',(0.,137.08));
#1720 = VECTOR('',#1721,1.);
#1721 = DIRECTION('',(1.,0.));
#1722 = ( GEOMETRIC_REPRESENTATION_CONTEXT(2) 
PARAMETRIC_REPRESENTATION_CONTEXT() REPRESENTATION_CONTEXT('2D SPACE',''
  ) );
#1723 = PCURVE('',#1724,#1729);
#1724 = CONICAL_SURFACE('',#1725,11.,0.785398163397);
#1725 = AXIS2_PLACEMENT_3D('',#1726,#1727,#1728);
#1726 = CARTESIAN_POINT('',(-6.670219937499E-15,-7.558398357199E-15,
    -68.08000005));
#1727 = DIRECTION('',(1.110223024625E-16,1.110223024625E-16,1.));
#1728 = DIRECTION('',(0.,1.,-1.110223024625E-16));
#1729 = DEFINITIONAL_REPRESENTATION('',(#1730),#1734);
#1730 = LINE('',#1731,#1732);
#1731 = CARTESIAN_POINT('',(3.14159265359,0.));
#1732 = VECTOR('',#1733,1.);
#1733 = DIRECTION('',(-1.,0.));
#1734 = ( GEOMETRIC_REPRESENTATION_CONTEXT(2) 
PARAMETRIC_REPRESENTATION_CONTEXT() REPRESENTATION_CONTEXT('2D SPACE',''
  ) );
#1735 = ORIENTED_EDGE('',*,*,#1736,.F.);
#1736 = EDGE_CURVE('',#1640,#1708,#1737,.T.);
#1737 = SURFACE_CURVE('',#1738,(#1742,#1749),.PCURVE_S1.);
#1738 = LINE('',#1739,#1740);
#1739 = CARTESIAN_POINT('',(8.548717284063E-15,-11.,68.99999995));
#1740 = VECTOR('',#1741,1.);
#1741 = DIRECTION('',(-1.110223024625E-16,-1.110223024625E-16,-1.));
#1742 = PCURVE('',#1651,#1743);
#1743 = DEFINITIONAL_REPRESENTATION('',(#1744),#1748);
#1744 = LINE('',#1745,#1746);
#1745 = CARTESIAN_POINT('',(0.,0.));
#1746 = VECTOR('',#1747,1.);
#1747 = DIRECTION('',(0.,1.));
#1748 = ( GEOMETRIC_REPRESENTATION_CONTEXT(2) 
PARAMETRIC_REPRESENTATION_CONTEXT() REPRESENTATION_CONTEXT('2D SPACE',''
  ) );
#1749 = PCURVE('',#1695,#1750);
#1750 = DEFINITIONAL_REPRESENTATION('',(#1751),#1755);
#1751 = LINE('',#1752,#1753);
#1752 = CARTESIAN_POINT('',(6.28318530718,0.));
#1753 = VECTOR('',#1754,1.);
#1754 = DIRECTION('',(0.,1.));
#1755 = ( GEOMETRIC_REPRESENTATION_CONTEXT(2) 
PARAMETRIC_REPRESENTATION_CONTEXT() REPRESENTATION_CONTEXT('2D SPACE',''
  ) );
#1756 = ADVANCED_FACE('',(#1757),#1724,.T.);
#1757 = FACE_BOUND('',#1758,.T.);
#1758 = EDGE_LOOP('',(#1759,#1789,#1815,#1816));
#1759 = ORIENTED_EDGE('',*,*,#1760,.F.);
#1760 = EDGE_CURVE('',#1761,#1763,#1765,.T.);
#1761 = VERTEX_POINT('',#1762);
#1762 = CARTESIAN_POINT('',(-8.063138182066E-15,-10.08,-69.00000005));
#1763 = VERTEX_POINT('',#1764);
#1764 = CARTESIAN_POINT('',(-6.772360455765E-15,10.08,-69.00000005));
#1765 = SURFACE_CURVE('',#1766,(#1771,#1778),.PCURVE_S1.);
#1766 = CIRCLE('',#1767,10.08);
#1767 = AXIS2_PLACEMENT_3D('',#1768,#1769,#1770);
#1768 = CARTESIAN_POINT('',(-6.772360455765E-15,-7.660538875465E-15,
    -69.00000005));
#1769 = DIRECTION('',(-1.110223024625E-16,-1.110223024625E-16,-1.));
#1770 = DIRECTION('',(0.,-1.,1.110223024625E-16));
#1771 = PCURVE('',#1724,#1772);
#1772 = DEFINITIONAL_REPRESENTATION('',(#1773),#1777);
#1773 = LINE('',#1774,#1775);
#1774 = CARTESIAN_POINT('',(3.14159265359,-0.92));
#1775 = VECTOR('',#1776,1.);
#1776 = DIRECTION('',(-1.,0.));
#1777 = ( GEOMETRIC_REPRESENTATION_CONTEXT(2) 
PARAMETRIC_REPRESENTATION_CONTEXT() REPRESENTATION_CONTEXT('2D SPACE',''
  ) );
#1778 = PCURVE('',#194,#1779);
#1779 = DEFINITIONAL_REPRESENTATION('',(#1780),#1788);
#1780 = ( BOUNDED_CURVE() B_SPLINE_CURVE(2,(#1781,#1782,#1783,#1784,
#1785,#1786,#1787),.UNSPECIFIED.,.T.,.F.) B_SPLINE_CURVE_WITH_KNOTS((1,2
    ,2,2,2,1),(-2.094395102393,0.,2.094395102393,4.188790204786,
6.28318530718,8.377580409573),.UNSPECIFIED.) CURVE() 
GEOMETRIC_REPRESENTATION_ITEM() RATIONAL_B_SPLINE_CURVE((1.,0.5,1.,0.5,
1.,0.5,1.)) REPRESENTATION_ITEM('') );
#1781 = CARTESIAN_POINT('',(-10.08,0.));
#1782 = CARTESIAN_POINT('',(-10.08,17.459072140294));
#1783 = CARTESIAN_POINT('',(5.04,8.729536070147));
#1784 = CARTESIAN_POINT('',(20.16,2.468887947081E-15));
#1785 = CARTESIAN_POINT('',(5.04,-8.729536070147));
#1786 = CARTESIAN_POINT('',(-10.08,-17.45907214029));
#1787 = CARTESIAN_POINT('',(-10.08,0.));
#1788 = ( GEOMETRIC_REPRESENTATION_CONTEXT(2) 
PARAMETRIC_REPRESENTATION_CONTEXT() REPRESENTATION_CONTEXT('2D SPACE',''
  ) );
#1789 = ORIENTED_EDGE('',*,*,#1790,.T.);
#1790 = EDGE_CURVE('',#1761,#1708,#1791,.T.);
#1791 = SURFACE_CURVE('',#1792,(#1796,#1803),.PCURVE_S1.);
#1792 = LINE('',#1793,#1794);
#1793 = CARTESIAN_POINT('',(-8.017331416561E-15,-11.,-68.08000005));
#1794 = VECTOR('',#1795,1.);
#1795 = DIRECTION('',(-8.09098268936E-18,-0.707106781187,0.707106781187)
  );
#1796 = PCURVE('',#1724,#1797);
#1797 = DEFINITIONAL_REPRESENTATION('',(#1798),#1802);
#1798 = LINE('',#1799,#1800);
#1799 = CARTESIAN_POINT('',(3.14159265359,-3.140184917368E-16));
#1800 = VECTOR('',#1801,1.);
#1801 = DIRECTION('',(0.,1.));
#1802 = ( GEOMETRIC_REPRESENTATION_CONTEXT(2) 
PARAMETRIC_REPRESENTATION_CONTEXT() REPRESENTATION_CONTEXT('2D SPACE',''
  ) );
#1803 = PCURVE('',#1804,#1809);
#1804 = CONICAL_SURFACE('',#1805,11.,0.785398163397);
#1805 = AXIS2_PLACEMENT_3D('',#1806,#1807,#1808);
#1806 = CARTESIAN_POINT('',(-6.670219937499E-15,-7.558398357199E-15,
    -68.08000005));
#1807 = DIRECTION('',(1.110223024625E-16,1.110223024625E-16,1.));
#1808 = DIRECTION('',(0.,1.,-1.110223024625E-16));
#1809 = DEFINITIONAL_REPRESENTATION('',(#1810),#1814);
#1810 = LINE('',#1811,#1812);
#1811 = CARTESIAN_POINT('',(3.14159265359,-3.140184917368E-16));
#1812 = VECTOR('',#1813,1.);
#1813 = DIRECTION('',(0.,1.));
#1814 = ( GEOMETRIC_REPRESENTATION_CONTEXT(2) 
PARAMETRIC_REPRESENTATION_CONTEXT() REPRESENTATION_CONTEXT('2D SPACE',''
  ) );
#1815 = ORIENTED_EDGE('',*,*,#1707,.T.);
#1816 = ORIENTED_EDGE('',*,*,#1817,.F.);
#1817 = EDGE_CURVE('',#1763,#1680,#1818,.T.);
#1818 = SURFACE_CURVE('',#1819,(#1823,#1830),.PCURVE_S1.);
#1819 = LINE('',#1820,#1821);
#1820 = CARTESIAN_POINT('',(-6.670219937499E-15,11.,-68.08000005));
#1821 = VECTOR('',#1822,1.);
#1822 = DIRECTION('',(7.850462293419E-17,0.707106781187,0.707106781187)
  );
#1823 = PCURVE('',#1724,#1824);
#1824 = DEFINITIONAL_REPRESENTATION('',(#1825),#1829);
#1825 = LINE('',#1826,#1827);
#1826 = CARTESIAN_POINT('',(0.,-3.140184917368E-16));
#1827 = VECTOR('',#1828,1.);
#1828 = DIRECTION('',(0.,1.));
#1829 = ( GEOMETRIC_REPRESENTATION_CONTEXT(2) 
PARAMETRIC_REPRESENTATION_CONTEXT() REPRESENTATION_CONTEXT('2D SPACE',''
  ) );
#1830 = PCURVE('',#1804,#1831);
#1831 = DEFINITIONAL_REPRESENTATION('',(#1832),#1836);
#1832 = LINE('',#1833,#1834);
#1833 = CARTESIAN_POINT('',(6.28318530718,-3.140184917368E-16));
#1834 = VECTOR('',#1835,1.);
#1835 = DIRECTION('',(0.,1.));
#1836 = ( GEOMETRIC_REPRESENTATION_CONTEXT(2) 
PARAMETRIC_REPRESENTATION_CONTEXT() REPRESENTATION_CONTEXT('2D SPACE',''
  ) );
#1837 = ADVANCED_FACE('',(#1838,#2343),#600,.T.);
#1838 = FACE_BOUND('',#1839,.T.);
#1839 = EDGE_LOOP('',(#1840,#1910,#2095,#2163,#2164,#2342));
#1840 = ORIENTED_EDGE('',*,*,#1841,.F.);
#1841 = EDGE_CURVE('',#1842,#664,#1844,.T.);
#1842 = VERTEX_POINT('',#1843);
#1843 = CARTESIAN_POINT('',(-12.919,3.91783600984,-47.26949434356));
#1844 = SURFACE_CURVE('',#1845,(#1852,#1881),.PCURVE_S1.);
#1845 = B_SPLINE_CURVE_WITH_KNOTS('',3,(#1846,#1847,#1848,#1849,#1850,
    #1851),.UNSPECIFIED.,.F.,.F.,(4,2,4),(0.,8.884588941382E-04,
    1.776917788276E-03),.UNSPECIFIED.);
#1846 = CARTESIAN_POINT('',(-12.919,3.91783600984,-47.26949434356));
#1847 = CARTESIAN_POINT('',(-12.88247862386,4.038264648774,
    -47.54214277025));
#1848 = CARTESIAN_POINT('',(-12.85330594939,4.128762911874,
    -47.82317933157));
#1849 = CARTESIAN_POINT('',(-12.81328324664,4.251344428827,
    -48.40195261604));
#1850 = CARTESIAN_POINT('',(-12.80257438955,4.283,-48.70316558572));
#1851 = CARTESIAN_POINT('',(-12.80257438955,4.283,-49.00000005));
#1852 = PCURVE('',#600,#1853);
#1853 = DEFINITIONAL_REPRESENTATION('',(#1854),#1880);
#1854 = B_SPLINE_CURVE_WITH_KNOTS('',3,(#1855,#1856,#1857,#1858,#1859,
    #1860,#1861,#1862,#1863,#1864,#1865,#1866,#1867,#1868,#1869,#1870,
    #1871,#1872,#1873,#1874,#1875,#1876,#1877,#1878,#1879),
  .UNSPECIFIED.,.F.,.F.,(4,1,1,1,1,1,1,1,1,1,1,1,1,1,1,1,1,1,1,1,1,1,4),
  (0.,8.07689903762E-05,1.615379807524E-04,2.423069711286E-04,
    3.230759615048E-04,4.03844951881E-04,4.846139422572E-04,
    5.653829326334E-04,6.461519230096E-04,7.269209133858E-04,
    8.07689903762E-04,8.884588941382E-04,9.692278845144E-04,
    1.049996874891E-03,1.130765865267E-03,1.211534855643E-03,
    1.292303846019E-03,1.373072836395E-03,1.453841826772E-03,
    1.534610817148E-03,1.615379807524E-03,1.6961487979E-03,
    1.776917788276E-03),.QUASI_UNIFORM_KNOTS.);
#1855 = CARTESIAN_POINT('',(1.865242679636,116.26949429356));
#1856 = CARTESIAN_POINT('',(1.866090117959,116.29428051417));
#1857 = CARTESIAN_POINT('',(1.86774731556,116.34399160221));
#1858 = CARTESIAN_POINT('',(1.870120140188,116.41897400346));
#1859 = CARTESIAN_POINT('',(1.872380059325,116.49437200158));
#1860 = CARTESIAN_POINT('',(1.874527136038,116.57018542792));
#1861 = CARTESIAN_POINT('',(1.876561431257,116.6464141001));
#1862 = CARTESIAN_POINT('',(1.878483002784,116.72305788704));
#1863 = CARTESIAN_POINT('',(1.880291907648,116.80011646624));
#1864 = CARTESIAN_POINT('',(1.881988193393,116.87759022948));
#1865 = CARTESIAN_POINT('',(1.883571930569,116.95547690288));
#1866 = CARTESIAN_POINT('',(1.885043091739,117.03378416097));
#1867 = CARTESIAN_POINT('',(1.886402003455,117.11248255022));
#1868 = CARTESIAN_POINT('',(1.887647660142,117.191681181));
#1869 = CARTESIAN_POINT('',(1.888778226582,117.27141628564));
#1870 = CARTESIAN_POINT('',(1.889793197493,117.35158553255));
#1871 = CARTESIAN_POINT('',(1.890691711055,117.43212371825));
#1872 = CARTESIAN_POINT('',(1.891473000628,117.51295569078));
#1873 = CARTESIAN_POINT('',(1.892136273594,117.5940089639));
#1874 = CARTESIAN_POINT('',(1.892680743746,117.67521033708));
#1875 = CARTESIAN_POINT('',(1.893105622597,117.75648680117));
#1876 = CARTESIAN_POINT('',(1.893410121758,117.83776529575));
#1877 = CARTESIAN_POINT('',(1.893593452401,117.91897277414));
#1878 = CARTESIAN_POINT('',(1.893634367857,117.9730150487));
#1879 = CARTESIAN_POINT('',(1.893634367856,118.));
#1880 = ( GEOMETRIC_REPRESENTATION_CONTEXT(2) 
PARAMETRIC_REPRESENTATION_CONTEXT() REPRESENTATION_CONTEXT('2D SPACE',''
  ) );
#1881 = PCURVE('',#547,#1882);
#1882 = DEFINITIONAL_REPRESENTATION('',(#1883),#1909);
#1883 = B_SPLINE_CURVE_WITH_KNOTS('',3,(#1884,#1885,#1886,#1887,#1888,
    #1889,#1890,#1891,#1892,#1893,#1894,#1895,#1896,#1897,#1898,#1899,
    #1900,#1901,#1902,#1903,#1904,#1905,#1906,#1907,#1908),
  .UNSPECIFIED.,.F.,.F.,(4,1,1,1,1,1,1,1,1,1,1,1,1,1,1,1,1,1,1,1,1,1,4),
  (0.,8.07689903762E-05,1.615379807524E-04,2.423069711286E-04,
    3.230759615048E-04,4.03844951881E-04,4.846139422572E-04,
    5.653829326334E-04,6.461519230096E-04,7.269209133858E-04,
    8.07689903762E-04,8.884588941382E-04,9.692278845144E-04,
    1.049996874891E-03,1.130765865267E-03,1.211534855643E-03,
    1.292303846019E-03,1.373072836395E-03,1.453841826772E-03,
    1.534610817148E-03,1.615379807524E-03,1.6961487979E-03,
    1.776917788276E-03),.QUASI_UNIFORM_KNOTS.);
#1884 = CARTESIAN_POINT('',(2.725662934428,7.419));
#1885 = CARTESIAN_POINT('',(2.731989445529,7.415679874897));
#1886 = CARTESIAN_POINT('',(2.744625397187,7.409161090834));
#1887 = CARTESIAN_POINT('',(2.763535061345,7.39975548427));
#1888 = CARTESIAN_POINT('',(2.782407399059,7.390730618303));
#1889 = CARTESIAN_POINT('',(2.80124938719,7.382094664146));
#1890 = CARTESIAN_POINT('',(2.820068005286,7.373855792455));
#1891 = CARTESIAN_POINT('',(2.838870239558,7.366022175968));
#1892 = CARTESIAN_POINT('',(2.857663012634,7.358601979651));
#1893 = CARTESIAN_POINT('',(2.876453370625,7.351603397477));
#1894 = CARTESIAN_POINT('',(2.895247716256,7.345034515165));
#1895 = CARTESIAN_POINT('',(2.914054601112,7.338903822442));
#1896 = CARTESIAN_POINT('',(2.932874235482,7.333218301254));
#1897 = CARTESIAN_POINT('',(2.951737568377,7.327990560664));
#1898 = CARTESIAN_POINT('',(2.970658880607,7.32323137836));
#1899 = CARTESIAN_POINT('',(2.989621421093,7.318945904923));
#1900 = CARTESIAN_POINT('',(3.008616548591,7.31514079871));
#1901 = CARTESIAN_POINT('',(3.027633301771,7.311822314071));
#1902 = CARTESIAN_POINT('',(3.046661253255,7.308996813612));
#1903 = CARTESIAN_POINT('',(3.065689805786,7.306670630928));
#1904 = CARTESIAN_POINT('',(3.084708439867,7.304850107389));
#1905 = CARTESIAN_POINT('',(3.103706714882,7.303541582283));
#1906 = CARTESIAN_POINT('',(3.122674303858,7.302751395455));
#1907 = CARTESIAN_POINT('',(3.135292192502,7.302574389551));
#1908 = CARTESIAN_POINT('',(3.14159265359,7.302574389551));
#1909 = ( GEOMETRIC_REPRESENTATION_CONTEXT(2) 
PARAMETRIC_REPRESENTATION_CONTEXT() REPRESENTATION_CONTEXT('2D SPACE',''
  ) );
#1910 = ORIENTED_EDGE('',*,*,#1911,.F.);
#1911 = EDGE_CURVE('',#1912,#1842,#1914,.T.);
#1912 = VERTEX_POINT('',#1913);
#1913 = CARTESIAN_POINT('',(-12.919,-3.91783600984,-47.26949434356));
#1914 = SURFACE_CURVE('',#1915,(#1944,#2017),.PCURVE_S1.);
#1915 = B_SPLINE_CURVE_WITH_KNOTS('',3,(#1916,#1917,#1918,#1919,#1920,
    #1921,#1922,#1923,#1924,#1925,#1926,#1927,#1928,#1929,#1930,#1931,
    #1932,#1933,#1934,#1935,#1936,#1937,#1938,#1939,#1940,#1941,#1942,
    #1943),.UNSPECIFIED.,.F.,.F.,(4,2,2,2,2,2,2,2,2,2,2,2,2,4),(
    7.549232604615E-04,1.424335627294E-03,2.093747994126E-03,
    3.432572727791E-03,4.101985094624E-03,4.771397461456E-03,
    5.440809828288E-03,6.110222195121E-03,7.449046928786E-03,
    8.118459295618E-03,8.78787166245E-03,9.457284029283E-03,
    1.012669639612E-02,1.146552112978E-02),.UNSPECIFIED.);
#1916 = CARTESIAN_POINT('',(-12.919,-3.91783600984,-47.26949434356));
#1917 = CARTESIAN_POINT('',(-12.94021583419,-3.847877144454,
    -47.05859947131));
#1918 = CARTESIAN_POINT('',(-12.96473143919,-3.765068755818,
    -46.85266992402));
#1919 = CARTESIAN_POINT('',(-13.01909516596,-3.57255721944,
    -46.45103718621));
#1920 = CARTESIAN_POINT('',(-13.04916194909,-3.461956447955,
    -46.25424029038));
#1921 = CARTESIAN_POINT('',(-13.14237716557,-3.096934374891,
    -45.6970020935));
#1922 = CARTESIAN_POINT('',(-13.20915354782,-2.808689226863,
    -45.36390479413));
#1923 = CARTESIAN_POINT('',(-13.30431236479,-2.29682185982,
    -44.92976697224));
#1924 = CARTESIAN_POINT('',(-13.33470473096,-2.114855665238,
    -44.7983496753));
#1925 = CARTESIAN_POINT('',(-13.38952244496,-1.734258758797,
    -44.56863723484));
#1926 = CARTESIAN_POINT('',(-13.4141538952,-1.534617020457,
    -44.46942321819));
#1927 = CARTESIAN_POINT('',(-13.45558178392,-1.114402521481,
    -44.30565272857));
#1928 = CARTESIAN_POINT('',(-13.47189796828,-0.897801573273,
    -44.24295535338));
#1929 = CARTESIAN_POINT('',(-13.49394919639,-0.459801715975,
    -44.15873311585));
#1930 = CARTESIAN_POINT('',(-13.49981897746,-0.2371312637,
    -44.13668350123));
#1931 = CARTESIAN_POINT('',(-13.50034970169,0.442642716428,
    -44.13467974989));
#1932 = CARTESIAN_POINT('',(-13.47738128995,0.888293678292,
    -44.21966050863));
#1933 = CARTESIAN_POINT('',(-13.41585713259,1.519702412057,
    -44.46260282961));
#1934 = CARTESIAN_POINT('',(-13.39135600968,1.720169176678,
    -44.56114295062));
#1935 = CARTESIAN_POINT('',(-13.3365892038,2.103042125983,-44.7902760394
    ));
#1936 = CARTESIAN_POINT('',(-13.30605875292,2.286683055549,
    -44.92209104119));
#1937 = CARTESIAN_POINT('',(-13.24287872361,2.627980601988,
    -45.20976759611));
#1938 = CARTESIAN_POINT('',(-13.21020436492,2.78624277601,
    -45.36563244017));
#1939 = CARTESIAN_POINT('',(-13.14480919085,3.080038880603,
    -45.69982551346));
#1940 = CARTESIAN_POINT('',(-13.11188479099,3.216273302401,
    -45.87944058106));
#1941 = CARTESIAN_POINT('',(-13.01822557523,3.583231751422,
    -46.43886866357));
#1942 = CARTESIAN_POINT('',(-12.96203642198,3.775924114017,
    -46.84169307812));
#1943 = CARTESIAN_POINT('',(-12.919,3.91783600984,-47.26949434356));
#1944 = PCURVE('',#600,#1945);
#1945 = DEFINITIONAL_REPRESENTATION('',(#1946),#2016);
#1946 = B_SPLINE_CURVE_WITH_KNOTS('',3,(#1947,#1948,#1949,#1950,#1951,
    #1952,#1953,#1954,#1955,#1956,#1957,#1958,#1959,#1960,#1961,#1962,
    #1963,#1964,#1965,#1966,#1967,#1968,#1969,#1970,#1971,#1972,#1973,
    #1974,#1975,#1976,#1977,#1978,#1979,#1980,#1981,#1982,#1983,#1984,
    #1985,#1986,#1987,#1988,#1989,#1990,#1991,#1992,#1993,#1994,#1995,
    #1996,#1997,#1998,#1999,#2000,#2001,#2002,#2003,#2004,#2005,#2006,
    #2007,#2008,#2009,#2010,#2011,#2012,#2013,#2014,#2015),
  .UNSPECIFIED.,.F.,.F.,(4,1,1,1,1,1,1,1,1,1,1,1,1,1,1,1,1,1,1,1,1,1,1,1
    ,1,1,1,1,1,1,1,1,1,1,1,1,1,1,1,1,1,1,1,1,1,1,1,1,1,1,1,1,1,1,1,1,1,1
    ,1,1,1,1,1,1,1,1,4),(7.549232604615E-04,9.172050463603E-04,
    1.079486832259E-03,1.241768618158E-03,1.404050404057E-03,
    1.566332189955E-03,1.728613975854E-03,1.890895761753E-03,
    2.053177547652E-03,2.21545933355E-03,2.377741119449E-03,
    2.540022905348E-03,2.702304691247E-03,2.864586477145E-03,
    3.026868263044E-03,3.189150048943E-03,3.351431834842E-03,
    3.513713620741E-03,3.675995406639E-03,3.838277192538E-03,
    4.000558978437E-03,4.162840764336E-03,4.325122550234E-03,
    4.487404336133E-03,4.649686122032E-03,4.811967907931E-03,
    4.974249693829E-03,5.136531479728E-03,5.298813265627E-03,
    5.461095051526E-03,5.623376837424E-03,5.785658623323E-03,
    5.947940409222E-03,6.110222195121E-03,6.272503981019E-03,
    6.434785766918E-03,6.597067552817E-03,6.759349338716E-03,
    6.921631124615E-03,7.083912910513E-03,7.246194696412E-03,
    7.408476482311E-03,7.57075826821E-03,7.733040054108E-03,
    7.895321840007E-03,8.057603625906E-03,8.219885411805E-03,
    8.382167197703E-03,8.544448983602E-03,8.706730769501E-03,
    8.8690125554E-03,9.031294341298E-03,9.193576127197E-03,
    9.355857913096E-03,9.518139698995E-03,9.680421484893E-03,
    9.842703270792E-03,1.000498505669E-02,1.016726684259E-02,
    1.032954862849E-02,1.049183041439E-02,1.065411220029E-02,
    1.081639398618E-02,1.097867577208E-02,1.114095755798E-02,
    1.130323934388E-02,1.146552112978E-02),.QUASI_UNIFORM_KNOTS.);
#1947 = CARTESIAN_POINT('',(1.276349973954,116.26949429356));
#1948 = CARTESIAN_POINT('',(1.277662751619,116.21836826392));
#1949 = CARTESIAN_POINT('',(1.280403720111,116.1166993247));
#1950 = CARTESIAN_POINT('',(1.284863734702,115.96596240969));
#1951 = CARTESIAN_POINT('',(1.289675669292,115.8169911432));
#1952 = CARTESIAN_POINT('',(1.294839256802,115.66984760646));
#1953 = CARTESIAN_POINT('',(1.300367972619,115.52436015353));
#1954 = CARTESIAN_POINT('',(1.306262386014,115.38073750649));
#1955 = CARTESIAN_POINT('',(1.312493453516,115.23967835851));
#1956 = CARTESIAN_POINT('',(1.319040424849,115.10176635376));
#1957 = CARTESIAN_POINT('',(1.325878245466,114.96757458838));
#1958 = CARTESIAN_POINT('',(1.333011047932,114.83673954362));
#1959 = CARTESIAN_POINT('',(1.340444245967,114.70940663703));
#1960 = CARTESIAN_POINT('',(1.348182930594,114.58560855588));
#1961 = CARTESIAN_POINT('',(1.356232491667,114.46540746983));
#1962 = CARTESIAN_POINT('',(1.364598205616,114.34886034919));
#1963 = CARTESIAN_POINT('',(1.373286252697,114.23601547938));
#1964 = CARTESIAN_POINT('',(1.382300039743,114.12696108465));
#1965 = CARTESIAN_POINT('',(1.391653860147,114.02163431887));
#1966 = CARTESIAN_POINT('',(1.401280194579,113.92119323039));
#1967 = CARTESIAN_POINT('',(1.411162182214,113.82584736933));
#1968 = CARTESIAN_POINT('',(1.421281279181,113.73587634782));
#1969 = CARTESIAN_POINT('',(1.431611070479,113.65162717087));
#1970 = CARTESIAN_POINT('',(1.442171955637,113.57296339918));
#1971 = CARTESIAN_POINT('',(1.45297606161,113.50000154157));
#1972 = CARTESIAN_POINT('',(1.464023120452,113.43293029683));
#1973 = CARTESIAN_POINT('',(1.475346692148,113.37174339773));
#1974 = CARTESIAN_POINT('',(1.486838352738,113.31726478181));
#1975 = CARTESIAN_POINT('',(1.498451607381,113.26972718544));
#1976 = CARTESIAN_POINT('',(1.51016949084,113.22920958753));
#1977 = CARTESIAN_POINT('',(1.521957880536,113.19588056525));
#1978 = CARTESIAN_POINT('',(1.533823924859,113.16969537353));
#1979 = CARTESIAN_POINT('',(1.54578692146,113.15069562659));
#1980 = CARTESIAN_POINT('',(1.557839322554,113.13901620849));
#1981 = CARTESIAN_POINT('',(1.570011183541,113.13475309277));
#1982 = CARTESIAN_POINT('',(1.582209487134,113.13806462513));
#1983 = CARTESIAN_POINT('',(1.594326477279,113.14889483623));
#1984 = CARTESIAN_POINT('',(1.606375997872,113.16713220283));
#1985 = CARTESIAN_POINT('',(1.618339181024,113.19268024826));
#1986 = CARTESIAN_POINT('',(1.630205671758,113.22543786354));
#1987 = CARTESIAN_POINT('',(1.641963155992,113.26530742231));
#1988 = CARTESIAN_POINT('',(1.653598136044,113.31218200012));
#1989 = CARTESIAN_POINT('',(1.665103408319,113.36598838217));
#1990 = CARTESIAN_POINT('',(1.676447478892,113.42652781318));
#1991 = CARTESIAN_POINT('',(1.687527618558,113.4930536426));
#1992 = CARTESIAN_POINT('',(1.698375054323,113.56557248181));
#1993 = CARTESIAN_POINT('',(1.70898865583,113.64390733042));
#1994 = CARTESIAN_POINT('',(1.719380959683,113.72797334567));
#1995 = CARTESIAN_POINT('',(1.729570075449,113.81792858187));
#1996 = CARTESIAN_POINT('',(1.739512622034,113.91321494787));
#1997 = CARTESIAN_POINT('',(1.749179034227,114.01342520539));
#1998 = CARTESIAN_POINT('',(1.758529006829,114.1180664157));
#1999 = CARTESIAN_POINT('',(1.767567307929,114.22688579877));
#2000 = CARTESIAN_POINT('',(1.7763017782,114.33984879944));
#2001 = CARTESIAN_POINT('',(1.784737927874,114.45689226031));
#2002 = CARTESIAN_POINT('',(1.792879932676,114.57789567715));
#2003 = CARTESIAN_POINT('',(1.800745367542,114.70316604537));
#2004 = CARTESIAN_POINT('',(1.808308578595,114.83217274599));
#2005 = CARTESIAN_POINT('',(1.815549720301,114.96446274025));
#2006 = CARTESIAN_POINT('',(1.822439234122,115.09947704772));
#2007 = CARTESIAN_POINT('',(1.828984921023,115.23704975454));
#2008 = CARTESIAN_POINT('',(1.835192923179,115.37720703535));
#2009 = CARTESIAN_POINT('',(1.841061256854,115.51987554988));
#2010 = CARTESIAN_POINT('',(1.846590040524,115.66500862278));
#2011 = CARTESIAN_POINT('',(1.851778752618,115.81255243386));
#2012 = CARTESIAN_POINT('',(1.856626963872,115.96245507743));
#2013 = CARTESIAN_POINT('',(1.861134148452,116.11466413463));
#2014 = CARTESIAN_POINT('',(1.863911190958,116.21763959472));
#2015 = CARTESIAN_POINT('',(1.865242679636,116.26949429356));
#2016 = ( GEOMETRIC_REPRESENTATION_CONTEXT(2) 
PARAMETRIC_REPRESENTATION_CONTEXT() REPRESENTATION_CONTEXT('2D SPACE',''
  ) );
#2017 = PCURVE('',#2018,#2023);
#2018 = CONICAL_SURFACE('',#2019,4.283,0.785398163397);
#2019 = AXIS2_PLACEMENT_3D('',#2020,#2021,#2022);
#2020 = CARTESIAN_POINT('',(-12.919,-5.440092826214E-15,-49.00000005));
#2021 = DIRECTION('',(-1.,1.232595164408E-32,1.110223024625E-16));
#2022 = DIRECTION('',(0.,-1.,1.110223024625E-16));
#2023 = DEFINITIONAL_REPRESENTATION('',(#2024),#2094);
#2024 = B_SPLINE_CURVE_WITH_KNOTS('',3,(#2025,#2026,#2027,#2028,#2029,
    #2030,#2031,#2032,#2033,#2034,#2035,#2036,#2037,#2038,#2039,#2040,
    #2041,#2042,#2043,#2044,#2045,#2046,#2047,#2048,#2049,#2050,#2051,
    #2052,#2053,#2054,#2055,#2056,#2057,#2058,#2059,#2060,#2061,#2062,
    #2063,#2064,#2065,#2066,#2067,#2068,#2069,#2070,#2071,#2072,#2073,
    #2074,#2075,#2076,#2077,#2078,#2079,#2080,#2081,#2082,#2083,#2084,
    #2085,#2086,#2087,#2088,#2089,#2090,#2091,#2092,#2093),
  .UNSPECIFIED.,.F.,.F.,(4,1,1,1,1,1,1,1,1,1,1,1,1,1,1,1,1,1,1,1,1,1,1,1
    ,1,1,1,1,1,1,1,1,1,1,1,1,1,1,1,1,1,1,1,1,1,1,1,1,1,1,1,1,1,1,1,1,1,1
    ,1,1,1,1,1,1,1,1,4),(7.549232604615E-04,9.172050463603E-04,
    1.079486832259E-03,1.241768618158E-03,1.404050404057E-03,
    1.566332189955E-03,1.728613975854E-03,1.890895761753E-03,
    2.053177547652E-03,2.21545933355E-03,2.377741119449E-03,
    2.540022905348E-03,2.702304691247E-03,2.864586477145E-03,
    3.026868263044E-03,3.189150048943E-03,3.351431834842E-03,
    3.513713620741E-03,3.675995406639E-03,3.838277192538E-03,
    4.000558978437E-03,4.162840764336E-03,4.325122550234E-03,
    4.487404336133E-03,4.649686122032E-03,4.811967907931E-03,
    4.974249693829E-03,5.136531479728E-03,5.298813265627E-03,
    5.461095051526E-03,5.623376837424E-03,5.785658623323E-03,
    5.947940409222E-03,6.110222195121E-03,6.272503981019E-03,
    6.434785766918E-03,6.597067552817E-03,6.759349338716E-03,
    6.921631124615E-03,7.083912910513E-03,7.246194696412E-03,
    7.408476482311E-03,7.57075826821E-03,7.733040054108E-03,
    7.895321840007E-03,8.057603625906E-03,8.219885411805E-03,
    8.382167197703E-03,8.544448983602E-03,8.706730769501E-03,
    8.8690125554E-03,9.031294341298E-03,9.193576127197E-03,
    9.355857913096E-03,9.518139698995E-03,9.680421484893E-03,
    9.842703270792E-03,1.000498505669E-02,1.016726684259E-02,
    1.032954862849E-02,1.049183041439E-02,1.065411220029E-02,
    1.081639398618E-02,1.097867577208E-02,1.114095755798E-02,
    1.130323934388E-02,1.146552112978E-02),.QUASI_UNIFORM_KNOTS.);
#2025 = CARTESIAN_POINT('',(0.415929719162,0.));
#2026 = CARTESIAN_POINT('',(0.428448992007,5.143983860418E-03));
#2027 = CARTESIAN_POINT('',(0.453414810444,1.582128072895E-02));
#2028 = CARTESIAN_POINT('',(0.490672917355,3.294654899243E-02));
#2029 = CARTESIAN_POINT('',(0.527772635982,5.111975628928E-02));
#2030 = CARTESIAN_POINT('',(0.564729848739,7.028903674932E-02));
#2031 = CARTESIAN_POINT('',(0.601628180508,9.042219503369E-02));
#2032 = CARTESIAN_POINT('',(0.638459011551,0.111438473865));
#2033 = CARTESIAN_POINT('',(0.67507583506,0.133200654552));
#2034 = CARTESIAN_POINT('',(0.711374581981,0.15553150834));
#2035 = CARTESIAN_POINT('',(0.747253438799,0.178239144594));
#2036 = CARTESIAN_POINT('',(0.782825072674,0.201352900305));
#2037 = CARTESIAN_POINT('',(0.818120927702,0.22471815506));
#2038 = CARTESIAN_POINT('',(0.853193329636,0.248235725476));
#2039 = CARTESIAN_POINT('',(0.888091871083,0.271806882274));
#2040 = CARTESIAN_POINT('',(0.922868165999,0.295347372946));
#2041 = CARTESIAN_POINT('',(0.957577530683,0.318788256598));
#2042 = CARTESIAN_POINT('',(0.992264791243,0.342060427054));
#2043 = CARTESIAN_POINT('',(1.027016810524,0.365157562146));
#2044 = CARTESIAN_POINT('',(1.061590296013,0.387693610229));
#2045 = CARTESIAN_POINT('',(1.095980549146,0.409560387349));
#2046 = CARTESIAN_POINT('',(1.130172345187,0.430617219203));
#2047 = CARTESIAN_POINT('',(1.164129160929,0.450688569285));
#2048 = CARTESIAN_POINT('',(1.197977990485,0.469750495397));
#2049 = CARTESIAN_POINT('',(1.23180281865,0.487693732742));
#2050 = CARTESIAN_POINT('',(1.265652797536,0.504403801376));
#2051 = CARTESIAN_POINT('',(1.299680481746,0.519843462243));
#2052 = CARTESIAN_POINT('',(1.3336128273,0.533732227847));
#2053 = CARTESIAN_POINT('',(1.367383501121,0.545971114218));
#2054 = CARTESIAN_POINT('',(1.401013874631,0.556500704944));
#2055 = CARTESIAN_POINT('',(1.43447632256,0.565217025694));
#2056 = CARTESIAN_POINT('',(1.467863836527,0.572102373464));
#2057 = CARTESIAN_POINT('',(1.501299579811,0.577119621831));
#2058 = CARTESIAN_POINT('',(1.534832433303,0.58020429277));
#2059 = CARTESIAN_POINT('',(1.568617971353,0.581331353236));
#2060 = CARTESIAN_POINT('',(1.602472053869,0.580445607557));
#2061 = CARTESIAN_POINT('',(1.636170788776,0.577557444845));
#2062 = CARTESIAN_POINT('',(1.669825962859,0.572725608906));
#2063 = CARTESIAN_POINT('',(1.703457175862,0.566000094842));
#2064 = CARTESIAN_POINT('',(1.737106286743,0.557437139416));
#2065 = CARTESIAN_POINT('',(1.770808598788,0.547093766053));
#2066 = CARTESIAN_POINT('',(1.804594748868,0.535032353957));
#2067 = CARTESIAN_POINT('',(1.838513012181,0.521305871145));
#2068 = CARTESIAN_POINT('',(1.872539212111,0.506010725293));
#2069 = CARTESIAN_POINT('',(1.90642133096,0.48941499791));
#2070 = CARTESIAN_POINT('',(1.940306776605,0.471555344142));
#2071 = CARTESIAN_POINT('',(1.974244460429,0.452545093843));
#2072 = CARTESIAN_POINT('',(2.008323280721,0.432483141297));
#2073 = CARTESIAN_POINT('',(2.04266825946,0.411385079627));
#2074 = CARTESIAN_POINT('',(2.07718124206,0.389495278327));
#2075 = CARTESIAN_POINT('',(2.111805808849,0.366980805627));
#2076 = CARTESIAN_POINT('',(2.146445060266,0.343991103114));
#2077 = CARTESIAN_POINT('',(2.181135083601,0.320679029028));
#2078 = CARTESIAN_POINT('',(2.215941466811,0.297110673307));
#2079 = CARTESIAN_POINT('',(2.250920971606,0.273374720274));
#2080 = CARTESIAN_POINT('',(2.286117269466,0.249590259253));
#2081 = CARTESIAN_POINT('',(2.321664449348,0.225761059419));
#2082 = CARTESIAN_POINT('',(2.357480082375,0.202096371789));
#2083 = CARTESIAN_POINT('',(2.393498086001,0.178764923717));
#2084 = CARTESIAN_POINT('',(2.429610009697,0.155907071403));
#2085 = CARTESIAN_POINT('',(2.465842627253,0.133650148059));
#2086 = CARTESIAN_POINT('',(2.502248321471,0.112043524627));
#2087 = CARTESIAN_POINT('',(2.538846671328,9.114627209284E-02));
#2088 = CARTESIAN_POINT('',(2.57566519906,7.102329135664E-02));
#2089 = CARTESIAN_POINT('',(2.612728101206,5.174617382859E-02));
#2090 = CARTESIAN_POINT('',(2.650058807622,3.339300374972E-02));
#2091 = CARTESIAN_POINT('',(2.687679154186,1.604753366573E-02));
#2092 = CARTESIAN_POINT('',(2.712965172185,5.217026751095E-03));
#2093 = CARTESIAN_POINT('',(2.725662934428,0.));
#2094 = ( GEOMETRIC_REPRESENTATION_CONTEXT(2) 
PARAMETRIC_REPRESENTATION_CONTEXT() REPRESENTATION_CONTEXT('2D SPACE',''
  ) );
#2095 = ORIENTED_EDGE('',*,*,#2096,.F.);
#2096 = EDGE_CURVE('',#527,#1912,#2097,.T.);
#2097 = SURFACE_CURVE('',#2098,(#2105,#2134),.PCURVE_S1.);
#2098 = B_SPLINE_CURVE_WITH_KNOTS('',3,(#2099,#2100,#2101,#2102,#2103,
    #2104),.UNSPECIFIED.,.F.,.F.,(4,2,4),(1.776917788276E-03,
    2.664094494922E-03,3.551271201568E-03),.UNSPECIFIED.);
#2099 = CARTESIAN_POINT('',(-12.80257438955,-4.283,-49.00000005));
#2100 = CARTESIAN_POINT('',(-12.80257438955,-4.283,-48.70359396507));
#2101 = CARTESIAN_POINT('',(-12.81287943898,-4.252562896342,
    -48.40954211079));
#2102 = CARTESIAN_POINT('',(-12.85297871875,-4.129783137248,
    -47.82619299404));
#2103 = CARTESIAN_POINT('',(-12.88252452992,-4.038113274295,
    -47.54180006096));
#2104 = CARTESIAN_POINT('',(-12.919,-3.91783600984,-47.26949434356));
#2105 = PCURVE('',#600,#2106);
#2106 = DEFINITIONAL_REPRESENTATION('',(#2107),#2133);
#2107 = B_SPLINE_CURVE_WITH_KNOTS('',3,(#2108,#2109,#2110,#2111,#2112,
    #2113,#2114,#2115,#2116,#2117,#2118,#2119,#2120,#2121,#2122,#2123,
    #2124,#2125,#2126,#2127,#2128,#2129,#2130,#2131,#2132),
  .UNSPECIFIED.,.F.,.F.,(4,1,1,1,1,1,1,1,1,1,1,1,1,1,1,1,1,1,1,1,1,1,4),
  (1.776917788276E-03,1.857570216153E-03,1.93822264403E-03,
    2.018875071907E-03,2.099527499784E-03,2.180179927661E-03,
    2.260832355538E-03,2.341484783414E-03,2.422137211291E-03,
    2.502789639168E-03,2.583442067045E-03,2.664094494922E-03,
    2.744746922799E-03,2.825399350676E-03,2.906051778553E-03,
    2.986704206429E-03,3.067356634306E-03,3.148009062183E-03,
    3.22866149006E-03,3.309313917937E-03,3.389966345814E-03,
    3.470618773691E-03,3.551271201568E-03),.QUASI_UNIFORM_KNOTS.);
#2108 = CARTESIAN_POINT('',(1.247958285734,118.));
#2109 = CARTESIAN_POINT('',(1.247958285732,117.97305399227));
#2110 = CARTESIAN_POINT('',(1.247997629555,117.9192008897));
#2111 = CARTESIAN_POINT('',(1.248174780545,117.83853807876));
#2112 = CARTESIAN_POINT('',(1.248470170547,117.75799221362));
#2113 = CARTESIAN_POINT('',(1.248883903402,117.67756340234));
#2114 = CARTESIAN_POINT('',(1.249416083461,117.59725173362));
#2115 = CARTESIAN_POINT('',(1.250066814687,117.51705736849));
#2116 = CARTESIAN_POINT('',(1.250836204416,117.43698019797));
#2117 = CARTESIAN_POINT('',(1.251724349524,117.35702112079));
#2118 = CARTESIAN_POINT('',(1.252731387995,117.27717727489));
#2119 = CARTESIAN_POINT('',(1.253857306174,117.1974598336));
#2120 = CARTESIAN_POINT('',(1.255102657585,117.11782758952));
#2121 = CARTESIAN_POINT('',(1.256465879485,117.03843482282));
#2122 = CARTESIAN_POINT('',(1.257944507826,116.95945737278));
#2123 = CARTESIAN_POINT('',(1.259538196893,116.88087559108));
#2124 = CARTESIAN_POINT('',(1.261246036242,116.80272221014));
#2125 = CARTESIAN_POINT('',(1.263067269802,116.725015927));
#2126 = CARTESIAN_POINT('',(1.265001103321,116.64777919948));
#2127 = CARTESIAN_POINT('',(1.267046756046,116.57103347769));
#2128 = CARTESIAN_POINT('',(1.2692034469,116.49480048175));
#2129 = CARTESIAN_POINT('',(1.271470398261,116.41910185945));
#2130 = CARTESIAN_POINT('',(1.273846834624,116.34395927795));
#2131 = CARTESIAN_POINT('',(1.275503600849,116.29424935878));
#2132 = CARTESIAN_POINT('',(1.276349973954,116.26949429356));
#2133 = ( GEOMETRIC_REPRESENTATION_CONTEXT(2) 
PARAMETRIC_REPRESENTATION_CONTEXT() REPRESENTATION_CONTEXT('2D SPACE',''
  ) );
#2134 = PCURVE('',#547,#2135);
#2135 = DEFINITIONAL_REPRESENTATION('',(#2136),#2162);
#2136 = B_SPLINE_CURVE_WITH_KNOTS('',3,(#2137,#2138,#2139,#2140,#2141,
    #2142,#2143,#2144,#2145,#2146,#2147,#2148,#2149,#2150,#2151,#2152,
    #2153,#2154,#2155,#2156,#2157,#2158,#2159,#2160,#2161),
  .UNSPECIFIED.,.F.,.F.,(4,1,1,1,1,1,1,1,1,1,1,1,1,1,1,1,1,1,1,1,1,1,4),
  (1.776917788276E-03,1.857570216153E-03,1.93822264403E-03,
    2.018875071907E-03,2.099527499784E-03,2.180179927661E-03,
    2.260832355538E-03,2.341484783414E-03,2.422137211291E-03,
    2.502789639168E-03,2.583442067045E-03,2.664094494922E-03,
    2.744746922799E-03,2.825399350676E-03,2.906051778553E-03,
    2.986704206429E-03,3.067356634306E-03,3.148009062183E-03,
    3.22866149006E-03,3.309313917937E-03,3.389966345814E-03,
    3.470618773691E-03,3.551271201568E-03),.QUASI_UNIFORM_KNOTS.);
#2137 = CARTESIAN_POINT('',(0.,7.302574389551));
#2138 = CARTESIAN_POINT('',(6.291393201661E-03,7.302574389551));
#2139 = CARTESIAN_POINT('',(1.886506775665E-02,7.302744720949));
#2140 = CARTESIAN_POINT('',(3.770486419876E-02,7.303508685733));
#2141 = CARTESIAN_POINT('',(5.653053683009E-02,7.304778591775));
#2142 = CARTESIAN_POINT('',(7.534877724292E-02,7.306551912379));
#2143 = CARTESIAN_POINT('',(9.416632974724E-02,7.308826121834));
#2144 = CARTESIAN_POINT('',(0.112989965951,7.311598690762));
#2145 = CARTESIAN_POINT('',(0.131826548231,7.314867103463));
#2146 = CARTESIAN_POINT('',(0.150682715818,7.318628793195));
#2147 = CARTESIAN_POINT('',(0.169565991142,7.322881383708));
#2148 = CARTESIAN_POINT('',(0.188480581608,7.327621787819));
#2149 = CARTESIAN_POINT('',(0.207442978036,7.332849571589));
#2150 = CARTESIAN_POINT('',(0.22642366918,7.338554399039));
#2151 = CARTESIAN_POINT('',(0.245387932196,7.344716891124));
#2152 = CARTESIAN_POINT('',(0.264346974734,7.351327570837));
#2153 = CARTESIAN_POINT('',(0.283299670065,7.358374307931));
#2154 = CARTESIAN_POINT('',(0.302248174795,7.365845683091));
#2155 = CARTESIAN_POINT('',(0.321193749842,7.373730086509));
#2156 = CARTESIAN_POINT('',(0.340137886008,7.382015959417));
#2157 = CARTESIAN_POINT('',(0.359082008056,7.390691729375));
#2158 = CARTESIAN_POINT('',(0.378027560284,7.399745827602));
#2159 = CARTESIAN_POINT('',(0.396975987656,7.40916668434));
#2160 = CARTESIAN_POINT('',(0.409611164662,7.415684048175));
#2161 = CARTESIAN_POINT('',(0.415929719162,7.419));
#2162 = ( GEOMETRIC_REPRESENTATION_CONTEXT(2) 
PARAMETRIC_REPRESENTATION_CONTEXT() REPRESENTATION_CONTEXT('2D SPACE',''
  ) );
#2163 = ORIENTED_EDGE('',*,*,#559,.F.);
#2164 = ORIENTED_EDGE('',*,*,#2165,.F.);
#2165 = EDGE_CURVE('',#635,#560,#2166,.T.);
#2166 = SURFACE_CURVE('',#2167,(#2196,#2269),.PCURVE_S1.);
#2167 = B_SPLINE_CURVE_WITH_KNOTS('',3,(#2168,#2169,#2170,#2171,#2172,
    #2173,#2174,#2175,#2176,#2177,#2178,#2179,#2180,#2181,#2182,#2183,
    #2184,#2185,#2186,#2187,#2188,#2189,#2190,#2191,#2192,#2193,#2194,
    #2195),.UNSPECIFIED.,.F.,.F.,(4,2,2,2,2,2,2,2,2,2,2,2,2,4),(
    7.549232604638E-04,1.424335627296E-03,2.093747994129E-03,
    3.432572727793E-03,4.101985094626E-03,4.771397461458E-03,
    5.440809828291E-03,6.110222195123E-03,7.449046928788E-03,
    8.11845929562E-03,8.787871662452E-03,9.457284029285E-03,
    1.012669639612E-02,1.146552112978E-02),.UNSPECIFIED.);
#2168 = CARTESIAN_POINT('',(-12.919,3.91783600984,-50.73050575643));
#2169 = CARTESIAN_POINT('',(-12.94021583419,3.847877144454,
    -50.94140062868));
#2170 = CARTESIAN_POINT('',(-12.96473143919,3.765068755818,
    -51.14733017597));
#2171 = CARTESIAN_POINT('',(-13.01909516596,3.57255721944,
    -51.54896291378));
#2172 = CARTESIAN_POINT('',(-13.04916194909,3.461956447955,
    -51.74575980961));
#2173 = CARTESIAN_POINT('',(-13.14237716557,3.096934374891,
    -52.30299800649));
#2174 = CARTESIAN_POINT('',(-13.20915354782,2.808689226863,
    -52.63609530586));
#2175 = CARTESIAN_POINT('',(-13.30431236479,2.29682185982,
    -53.07023312775));
#2176 = CARTESIAN_POINT('',(-13.33470473096,2.114855665238,
    -53.20165042469));
#2177 = CARTESIAN_POINT('',(-13.38952244496,1.734258758797,
    -53.43136286515));
#2178 = CARTESIAN_POINT('',(-13.4141538952,1.534617020457,-53.5305768818
    ));
#2179 = CARTESIAN_POINT('',(-13.45558178392,1.114402521481,
    -53.69434737142));
#2180 = CARTESIAN_POINT('',(-13.47189796828,0.897801573273,
    -53.75704474661));
#2181 = CARTESIAN_POINT('',(-13.49394919639,0.459801715975,
    -53.84126698414));
#2182 = CARTESIAN_POINT('',(-13.49981897746,0.2371312637,-53.86331659876
    ));
#2183 = CARTESIAN_POINT('',(-13.50034970169,-0.442642716428,
    -53.8653203501));
#2184 = CARTESIAN_POINT('',(-13.47738128995,-0.888293678292,
    -53.78033959136));
#2185 = CARTESIAN_POINT('',(-13.41585713259,-1.519702412057,
    -53.53739727038));
#2186 = CARTESIAN_POINT('',(-13.39135600968,-1.720169176678,
    -53.43885714937));
#2187 = CARTESIAN_POINT('',(-13.3365892038,-2.103042125983,
    -53.20972406059));
#2188 = CARTESIAN_POINT('',(-13.30605875292,-2.28668305555,
    -53.0779090588));
#2189 = CARTESIAN_POINT('',(-13.24287872361,-2.627980601988,
    -52.79023250388));
#2190 = CARTESIAN_POINT('',(-13.21020436492,-2.78624277601,
    -52.63436765982));
#2191 = CARTESIAN_POINT('',(-13.14480919085,-3.080038880603,
    -52.30017458654));
#2192 = CARTESIAN_POINT('',(-13.11188479099,-3.216273302401,
    -52.12055951893));
#2193 = CARTESIAN_POINT('',(-13.01822557523,-3.583231751422,
    -51.56113143642));
#2194 = CARTESIAN_POINT('',(-12.96203642198,-3.775924114017,
    -51.15830702187));
#2195 = CARTESIAN_POINT('',(-12.919,-3.91783600984,-50.73050575643));
#2196 = PCURVE('',#600,#2197);
#2197 = DEFINITIONAL_REPRESENTATION('',(#2198),#2268);
#2198 = B_SPLINE_CURVE_WITH_KNOTS('',3,(#2199,#2200,#2201,#2202,#2203,
    #2204,#2205,#2206,#2207,#2208,#2209,#2210,#2211,#2212,#2213,#2214,
    #2215,#2216,#2217,#2218,#2219,#2220,#2221,#2222,#2223,#2224,#2225,
    #2226,#2227,#2228,#2229,#2230,#2231,#2232,#2233,#2234,#2235,#2236,
    #2237,#2238,#2239,#2240,#2241,#2242,#2243,#2244,#2245,#2246,#2247,
    #2248,#2249,#2250,#2251,#2252,#2253,#2254,#2255,#2256,#2257,#2258,
    #2259,#2260,#2261,#2262,#2263,#2264,#2265,#2266,#2267),
  .UNSPECIFIED.,.F.,.F.,(4,1,1,1,1,1,1,1,1,1,1,1,1,1,1,1,1,1,1,1,1,1,1,1
    ,1,1,1,1,1,1,1,1,1,1,1,1,1,1,1,1,1,1,1,1,1,1,1,1,1,1,1,1,1,1,1,1,1,1
    ,1,1,1,1,1,1,1,1,4),(7.549232604638E-04,9.172050463625E-04,
    1.079486832261E-03,1.24176861816E-03,1.404050404059E-03,
    1.566332189958E-03,1.728613975856E-03,1.890895761755E-03,
    2.053177547654E-03,2.215459333553E-03,2.377741119451E-03,
    2.54002290535E-03,2.702304691249E-03,2.864586477148E-03,
    3.026868263046E-03,3.189150048945E-03,3.351431834844E-03,
    3.513713620743E-03,3.675995406641E-03,3.83827719254E-03,
    4.000558978439E-03,4.162840764338E-03,4.325122550237E-03,
    4.487404336135E-03,4.649686122034E-03,4.811967907933E-03,
    4.974249693832E-03,5.13653147973E-03,5.298813265629E-03,
    5.461095051528E-03,5.623376837427E-03,5.785658623325E-03,
    5.947940409224E-03,6.110222195123E-03,6.272503981022E-03,
    6.43478576692E-03,6.597067552819E-03,6.759349338718E-03,
    6.921631124617E-03,7.083912910515E-03,7.246194696414E-03,
    7.408476482313E-03,7.570758268212E-03,7.733040054111E-03,
    7.895321840009E-03,8.057603625908E-03,8.219885411807E-03,
    8.382167197706E-03,8.544448983604E-03,8.706730769503E-03,
    8.869012555402E-03,9.031294341301E-03,9.193576127199E-03,
    9.355857913098E-03,9.518139698997E-03,9.680421484896E-03,
    9.842703270794E-03,1.000498505669E-02,1.016726684259E-02,
    1.032954862849E-02,1.049183041439E-02,1.065411220029E-02,
    1.081639398619E-02,1.097867577209E-02,1.114095755798E-02,
    1.130323934388E-02,1.146552112978E-02),.QUASI_UNIFORM_KNOTS.);
#2199 = CARTESIAN_POINT('',(1.865242679636,119.73050570643));
#2200 = CARTESIAN_POINT('',(1.863929901971,119.78163173607));
#2201 = CARTESIAN_POINT('',(1.861188933479,119.88330067529));
#2202 = CARTESIAN_POINT('',(1.856728918887,120.0340375903));
#2203 = CARTESIAN_POINT('',(1.851916984298,120.18300885679));
#2204 = CARTESIAN_POINT('',(1.846753396788,120.33015239353));
#2205 = CARTESIAN_POINT('',(1.841224680971,120.47563984646));
#2206 = CARTESIAN_POINT('',(1.835330267575,120.61926249351));
#2207 = CARTESIAN_POINT('',(1.829099200074,120.76032164149));
#2208 = CARTESIAN_POINT('',(1.822552228741,120.89823364623));
#2209 = CARTESIAN_POINT('',(1.815714408124,121.03242541161));
#2210 = CARTESIAN_POINT('',(1.808581605657,121.16326045637));
#2211 = CARTESIAN_POINT('',(1.801148407622,121.29059336296));
#2212 = CARTESIAN_POINT('',(1.793409722996,121.41439144411));
#2213 = CARTESIAN_POINT('',(1.785360161923,121.53459253016));
#2214 = CARTESIAN_POINT('',(1.776994447973,121.6511396508));
#2215 = CARTESIAN_POINT('',(1.768306400893,121.76398452061));
#2216 = CARTESIAN_POINT('',(1.759292613847,121.87303891534));
#2217 = CARTESIAN_POINT('',(1.749938793443,121.97836568112));
#2218 = CARTESIAN_POINT('',(1.740312459011,122.0788067696));
#2219 = CARTESIAN_POINT('',(1.730430471376,122.17415263066));
#2220 = CARTESIAN_POINT('',(1.720311374409,122.26412365217));
#2221 = CARTESIAN_POINT('',(1.709981583111,122.34837282912));
#2222 = CARTESIAN_POINT('',(1.699420697953,122.42703660081));
#2223 = CARTESIAN_POINT('',(1.68861659198,122.49999845842));
#2224 = CARTESIAN_POINT('',(1.677569533138,122.56706970316));
#2225 = CARTESIAN_POINT('',(1.666245961442,122.62825660226));
#2226 = CARTESIAN_POINT('',(1.654754300852,122.68273521818));
#2227 = CARTESIAN_POINT('',(1.643141046209,122.73027281455));
#2228 = CARTESIAN_POINT('',(1.631423162749,122.77079041246));
#2229 = CARTESIAN_POINT('',(1.619634773054,122.80411943474));
#2230 = CARTESIAN_POINT('',(1.607768728731,122.83030462646));
#2231 = CARTESIAN_POINT('',(1.59580573213,122.8493043734));
#2232 = CARTESIAN_POINT('',(1.583753331036,122.8609837915));
#2233 = CARTESIAN_POINT('',(1.571581470048,122.86524690722));
#2234 = CARTESIAN_POINT('',(1.559383166456,122.86193537486));
#2235 = CARTESIAN_POINT('',(1.547266176311,122.85110516377));
#2236 = CARTESIAN_POINT('',(1.535216655718,122.83286779716));
#2237 = CARTESIAN_POINT('',(1.523253472566,122.80731975174));
#2238 = CARTESIAN_POINT('',(1.511386981832,122.77456213645));
#2239 = CARTESIAN_POINT('',(1.499629497598,122.73469257768));
#2240 = CARTESIAN_POINT('',(1.487994517545,122.68781799987));
#2241 = CARTESIAN_POINT('',(1.476489245271,122.63401161783));
#2242 = CARTESIAN_POINT('',(1.465145174697,122.57347218681));
#2243 = CARTESIAN_POINT('',(1.454065035031,122.50694635739));
#2244 = CARTESIAN_POINT('',(1.443217599267,122.43442751818));
#2245 = CARTESIAN_POINT('',(1.43260399776,122.35609266957));
#2246 = CARTESIAN_POINT('',(1.422211693907,122.27202665432));
#2247 = CARTESIAN_POINT('',(1.412022578141,122.18207141812));
#2248 = CARTESIAN_POINT('',(1.402080031555,122.08678505212));
#2249 = CARTESIAN_POINT('',(1.392413619363,121.9865747946));
#2250 = CARTESIAN_POINT('',(1.38306364676,121.88193358429));
#2251 = CARTESIAN_POINT('',(1.374025345661,121.77311420122));
#2252 = CARTESIAN_POINT('',(1.36529087539,121.66015120055));
#2253 = CARTESIAN_POINT('',(1.356854725716,121.54310773968));
#2254 = CARTESIAN_POINT('',(1.348712720914,121.42210432284));
#2255 = CARTESIAN_POINT('',(1.340847286048,121.29683395462));
#2256 = CARTESIAN_POINT('',(1.333284074995,121.167827254));
#2257 = CARTESIAN_POINT('',(1.326042933289,121.03553725974));
#2258 = CARTESIAN_POINT('',(1.319153419468,120.90052295227));
#2259 = CARTESIAN_POINT('',(1.312607732567,120.76295024545));
#2260 = CARTESIAN_POINT('',(1.306399730411,120.62279296464));
#2261 = CARTESIAN_POINT('',(1.300531396736,120.48012445011));
#2262 = CARTESIAN_POINT('',(1.295002613066,120.33499137721));
#2263 = CARTESIAN_POINT('',(1.289813900972,120.18744756614));
#2264 = CARTESIAN_POINT('',(1.284965689717,120.03754492257));
#2265 = CARTESIAN_POINT('',(1.280458505138,119.88533586536));
#2266 = CARTESIAN_POINT('',(1.277681462632,119.78236040527));
#2267 = CARTESIAN_POINT('',(1.276349973954,119.73050570643));
#2268 = ( GEOMETRIC_REPRESENTATION_CONTEXT(2) 
PARAMETRIC_REPRESENTATION_CONTEXT() REPRESENTATION_CONTEXT('2D SPACE',''
  ) );
#2269 = PCURVE('',#651,#2270);
#2270 = DEFINITIONAL_REPRESENTATION('',(#2271),#2341);
#2271 = B_SPLINE_CURVE_WITH_KNOTS('',3,(#2272,#2273,#2274,#2275,#2276,
    #2277,#2278,#2279,#2280,#2281,#2282,#2283,#2284,#2285,#2286,#2287,
    #2288,#2289,#2290,#2291,#2292,#2293,#2294,#2295,#2296,#2297,#2298,
    #2299,#2300,#2301,#2302,#2303,#2304,#2305,#2306,#2307,#2308,#2309,
    #2310,#2311,#2312,#2313,#2314,#2315,#2316,#2317,#2318,#2319,#2320,
    #2321,#2322,#2323,#2324,#2325,#2326,#2327,#2328,#2329,#2330,#2331,
    #2332,#2333,#2334,#2335,#2336,#2337,#2338,#2339,#2340),
  .UNSPECIFIED.,.F.,.F.,(4,1,1,1,1,1,1,1,1,1,1,1,1,1,1,1,1,1,1,1,1,1,1,1
    ,1,1,1,1,1,1,1,1,1,1,1,1,1,1,1,1,1,1,1,1,1,1,1,1,1,1,1,1,1,1,1,1,1,1
    ,1,1,1,1,1,1,1,1,4),(7.549232604638E-04,9.172050463625E-04,
    1.079486832261E-03,1.24176861816E-03,1.404050404059E-03,
    1.566332189958E-03,1.728613975856E-03,1.890895761755E-03,
    2.053177547654E-03,2.215459333553E-03,2.377741119451E-03,
    2.54002290535E-03,2.702304691249E-03,2.864586477148E-03,
    3.026868263046E-03,3.189150048945E-03,3.351431834844E-03,
    3.513713620743E-03,3.675995406641E-03,3.83827719254E-03,
    4.000558978439E-03,4.162840764338E-03,4.325122550237E-03,
    4.487404336135E-03,4.649686122034E-03,4.811967907933E-03,
    4.974249693832E-03,5.13653147973E-03,5.298813265629E-03,
    5.461095051528E-03,5.623376837427E-03,5.785658623325E-03,
    5.947940409224E-03,6.110222195123E-03,6.272503981022E-03,
    6.43478576692E-03,6.597067552819E-03,6.759349338718E-03,
    6.921631124617E-03,7.083912910515E-03,7.246194696414E-03,
    7.408476482313E-03,7.570758268212E-03,7.733040054111E-03,
    7.895321840009E-03,8.057603625908E-03,8.219885411807E-03,
    8.382167197706E-03,8.544448983604E-03,8.706730769503E-03,
    8.869012555402E-03,9.031294341301E-03,9.193576127199E-03,
    9.355857913098E-03,9.518139698997E-03,9.680421484896E-03,
    9.842703270794E-03,1.000498505669E-02,1.016726684259E-02,
    1.032954862849E-02,1.049183041439E-02,1.065411220029E-02,
    1.081639398619E-02,1.097867577209E-02,1.114095755798E-02,
    1.130323934388E-02,1.146552112978E-02),.QUASI_UNIFORM_KNOTS.);
#2272 = CARTESIAN_POINT('',(3.557522372752,0.));
#2273 = CARTESIAN_POINT('',(3.570041645597,5.143983860416E-03));
#2274 = CARTESIAN_POINT('',(3.595007464034,1.582128072895E-02));
#2275 = CARTESIAN_POINT('',(3.632265570944,3.294654899243E-02));
#2276 = CARTESIAN_POINT('',(3.669365289572,5.111975628928E-02));
#2277 = CARTESIAN_POINT('',(3.706322502329,7.028903674932E-02));
#2278 = CARTESIAN_POINT('',(3.743220834098,9.042219503369E-02));
#2279 = CARTESIAN_POINT('',(3.780051665141,0.111438473865));
#2280 = CARTESIAN_POINT('',(3.81666848865,0.133200654552));
#2281 = CARTESIAN_POINT('',(3.852967235571,0.15553150834));
#2282 = CARTESIAN_POINT('',(3.888846092389,0.178239144594));
#2283 = CARTESIAN_POINT('',(3.924417726264,0.201352900305));
#2284 = CARTESIAN_POINT('',(3.959713581291,0.22471815506));
#2285 = CARTESIAN_POINT('',(3.994785983226,0.248235725476));
#2286 = CARTESIAN_POINT('',(4.029684524673,0.271806882274));
#2287 = CARTESIAN_POINT('',(4.064460819589,0.295347372946));
#2288 = CARTESIAN_POINT('',(4.099170184273,0.318788256598));
#2289 = CARTESIAN_POINT('',(4.133857444833,0.342060427054));
#2290 = CARTESIAN_POINT('',(4.168609464114,0.365157562146));
#2291 = CARTESIAN_POINT('',(4.203182949603,0.387693610229));
#2292 = CARTESIAN_POINT('',(4.237573202736,0.409560387349));
#2293 = CARTESIAN_POINT('',(4.271764998777,0.430617219203));
#2294 = CARTESIAN_POINT('',(4.305721814519,0.450688569285));
#2295 = CARTESIAN_POINT('',(4.339570644075,0.469750495397));
#2296 = CARTESIAN_POINT('',(4.37339547224,0.487693732742));
#2297 = CARTESIAN_POINT('',(4.407245451126,0.504403801376));
#2298 = CARTESIAN_POINT('',(4.441273135335,0.519843462243));
#2299 = CARTESIAN_POINT('',(4.47520548089,0.533732227847));
#2300 = CARTESIAN_POINT('',(4.508976154711,0.545971114218));
#2301 = CARTESIAN_POINT('',(4.542606528221,0.556500704944));
#2302 = CARTESIAN_POINT('',(4.57606897615,0.565217025694));
#2303 = CARTESIAN_POINT('',(4.609456490117,0.572102373464));
#2304 = CARTESIAN_POINT('',(4.642892233401,0.577119621831));
#2305 = CARTESIAN_POINT('',(4.676425086892,0.58020429277));
#2306 = CARTESIAN_POINT('',(4.710210624943,0.581331353236));
#2307 = CARTESIAN_POINT('',(4.744064707459,0.580445607557));
#2308 = CARTESIAN_POINT('',(4.777763442365,0.577557444845));
#2309 = CARTESIAN_POINT('',(4.811418616448,0.572725608906));
#2310 = CARTESIAN_POINT('',(4.845049829452,0.566000094842));
#2311 = CARTESIAN_POINT('',(4.878698940333,0.557437139416));
#2312 = CARTESIAN_POINT('',(4.912401252378,0.547093766053));
#2313 = CARTESIAN_POINT('',(4.946187402458,0.535032353957));
#2314 = CARTESIAN_POINT('',(4.980105665771,0.521305871145));
#2315 = CARTESIAN_POINT('',(5.0141318657,0.506010725293));
#2316 = CARTESIAN_POINT('',(5.04801398455,0.48941499791));
#2317 = CARTESIAN_POINT('',(5.081899430195,0.471555344142));
#2318 = CARTESIAN_POINT('',(5.115837114019,0.452545093843));
#2319 = CARTESIAN_POINT('',(5.149915934311,0.432483141297));
#2320 = CARTESIAN_POINT('',(5.18426091305,0.411385079627));
#2321 = CARTESIAN_POINT('',(5.21877389565,0.389495278327));
#2322 = CARTESIAN_POINT('',(5.253398462439,0.366980805627));
#2323 = CARTESIAN_POINT('',(5.288037713856,0.343991103114));
#2324 = CARTESIAN_POINT('',(5.322727737191,0.320679029028));
#2325 = CARTESIAN_POINT('',(5.357534120401,0.297110673307));
#2326 = CARTESIAN_POINT('',(5.392513625196,0.273374720274));
#2327 = CARTESIAN_POINT('',(5.427709923055,0.249590259253));
#2328 = CARTESIAN_POINT('',(5.463257102938,0.225761059419));
#2329 = CARTESIAN_POINT('',(5.499072735965,0.202096371789));
#2330 = CARTESIAN_POINT('',(5.53509073959,0.178764923717));
#2331 = CARTESIAN_POINT('',(5.571202663287,0.155907071403));
#2332 = CARTESIAN_POINT('',(5.607435280843,0.133650148059));
#2333 = CARTESIAN_POINT('',(5.643840975061,0.112043524627));
#2334 = CARTESIAN_POINT('',(5.680439324918,9.114627209284E-02));
#2335 = CARTESIAN_POINT('',(5.71725785265,7.102329135664E-02));
#2336 = CARTESIAN_POINT('',(5.754320754796,5.174617382859E-02));
#2337 = CARTESIAN_POINT('',(5.791651461211,3.339300374972E-02));
#2338 = CARTESIAN_POINT('',(5.829271807775,1.604753366573E-02));
#2339 = CARTESIAN_POINT('',(5.854557825774,5.217026751092E-03));
#2340 = CARTESIAN_POINT('',(5.867255588018,0.));
#2341 = ( GEOMETRIC_REPRESENTATION_CONTEXT(2) 
PARAMETRIC_REPRESENTATION_CONTEXT() REPRESENTATION_CONTEXT('2D SPACE',''
  ) );
#2342 = ORIENTED_EDGE('',*,*,#663,.F.);
#2343 = FACE_BOUND('',#2344,.T.);
#2344 = EDGE_LOOP('',(#2345,#2346,#2374,#2403,#2431,#2460,#2488,#2517));
#2345 = ORIENTED_EDGE('',*,*,#1590,.T.);
#2346 = ORIENTED_EDGE('',*,*,#2347,.T.);
#2347 = EDGE_CURVE('',#1562,#2348,#2350,.T.);
#2348 = VERTEX_POINT('',#2349);
#2349 = CARTESIAN_POINT('',(-6.149676434132E-15,13.5,-48.50000005));
#2350 = SURFACE_CURVE('',#2351,(#2355,#2362),.PCURVE_S1.);
#2351 = LINE('',#2352,#2353);
#2352 = CARTESIAN_POINT('',(6.895444105214E-15,13.5,68.99999995));
#2353 = VECTOR('',#2354,1.);
#2354 = DIRECTION('',(-1.110223024625E-16,-1.110223024625E-16,-1.));
#2355 = PCURVE('',#600,#2356);
#2356 = DEFINITIONAL_REPRESENTATION('',(#2357),#2361);
#2357 = LINE('',#2358,#2359);
#2358 = CARTESIAN_POINT('',(3.14159265359,0.));
#2359 = VECTOR('',#2360,1.);
#2360 = DIRECTION('',(0.,1.));
#2361 = ( GEOMETRIC_REPRESENTATION_CONTEXT(2) 
PARAMETRIC_REPRESENTATION_CONTEXT() REPRESENTATION_CONTEXT('2D SPACE',''
  ) );
#2362 = PCURVE('',#2363,#2368);
#2363 = CYLINDRICAL_SURFACE('',#2364,13.5);
#2364 = AXIS2_PLACEMENT_3D('',#2365,#2366,#2367);
#2365 = CARTESIAN_POINT('',(8.548717284063E-15,7.660538864362E-15,
    68.99999995));
#2366 = DIRECTION('',(-1.110223024625E-16,-1.110223024625E-16,-1.));
#2367 = DIRECTION('',(0.,-1.,1.110223024625E-16));
#2368 = DEFINITIONAL_REPRESENTATION('',(#2369),#2373);
#2369 = LINE('',#2370,#2371);
#2370 = CARTESIAN_POINT('',(3.14159265359,0.));
#2371 = VECTOR('',#2372,1.);
#2372 = DIRECTION('',(0.,1.));
#2373 = ( GEOMETRIC_REPRESENTATION_CONTEXT(2) 
PARAMETRIC_REPRESENTATION_CONTEXT() REPRESENTATION_CONTEXT('2D SPACE',''
  ) );
#2374 = ORIENTED_EDGE('',*,*,#2375,.T.);
#2375 = EDGE_CURVE('',#2348,#2376,#2378,.T.);
#2376 = VERTEX_POINT('',#2377);
#2377 = CARTESIAN_POINT('',(-5.099019513593,12.5,-48.50000005));
#2378 = SURFACE_CURVE('',#2379,(#2384,#2391),.PCURVE_S1.);
#2379 = CIRCLE('',#2380,13.5);
#2380 = AXIS2_PLACEMENT_3D('',#2381,#2382,#2383);
#2381 = CARTESIAN_POINT('',(-4.496403255283E-15,-5.384581674983E-15,
    -48.50000005));
#2382 = DIRECTION('',(1.110223024625E-16,1.110223024625E-16,1.));
#2383 = DIRECTION('',(0.,1.,-1.110223024625E-16));
#2384 = PCURVE('',#600,#2385);
#2385 = DEFINITIONAL_REPRESENTATION('',(#2386),#2390);
#2386 = LINE('',#2387,#2388);
#2387 = CARTESIAN_POINT('',(3.14159265359,117.5));
#2388 = VECTOR('',#2389,1.);
#2389 = DIRECTION('',(-1.,0.));
#2390 = ( GEOMETRIC_REPRESENTATION_CONTEXT(2) 
PARAMETRIC_REPRESENTATION_CONTEXT() REPRESENTATION_CONTEXT('2D SPACE',''
  ) );
#2391 = PCURVE('',#2392,#2397);
#2392 = PLANE('',#2393);
#2393 = AXIS2_PLACEMENT_3D('',#2394,#2395,#2396);
#2394 = CARTESIAN_POINT('',(-4.496403255283E-15,-5.384581674983E-15,
    -48.50000005));
#2395 = DIRECTION('',(1.110223024625E-16,1.110223024625E-16,1.));
#2396 = DIRECTION('',(0.,1.,-1.110223024625E-16));
#2397 = DEFINITIONAL_REPRESENTATION('',(#2398),#2402);
#2398 = CIRCLE('',#2399,13.5);
#2399 = AXIS2_PLACEMENT_2D('',#2400,#2401);
#2400 = CARTESIAN_POINT('',(0.,0.));
#2401 = DIRECTION('',(1.,0.));
#2402 = ( GEOMETRIC_REPRESENTATION_CONTEXT(2) 
PARAMETRIC_REPRESENTATION_CONTEXT() REPRESENTATION_CONTEXT('2D SPACE',''
  ) );
#2403 = ORIENTED_EDGE('',*,*,#2404,.T.);
#2404 = EDGE_CURVE('',#2376,#2405,#2407,.T.);
#2405 = VERTEX_POINT('',#2406);
#2406 = CARTESIAN_POINT('',(-5.099019513593,12.5,-56.60000005));
#2407 = SURFACE_CURVE('',#2408,(#2412,#2419),.PCURVE_S1.);
#2408 = LINE('',#2409,#2410);
#2409 = CARTESIAN_POINT('',(-5.099019513593,12.5,68.99999995));
#2410 = VECTOR('',#2411,1.);
#2411 = DIRECTION('',(-1.110223024625E-16,-1.110223024625E-16,-1.));
#2412 = PCURVE('',#600,#2413);
#2413 = DEFINITIONAL_REPRESENTATION('',(#2414),#2418);
#2414 = LINE('',#2415,#2416);
#2415 = CARTESIAN_POINT('',(2.754276052701,0.));
#2416 = VECTOR('',#2417,1.);
#2417 = DIRECTION('',(0.,1.));
#2418 = ( GEOMETRIC_REPRESENTATION_CONTEXT(2) 
PARAMETRIC_REPRESENTATION_CONTEXT() REPRESENTATION_CONTEXT('2D SPACE',''
  ) );
#2419 = PCURVE('',#2420,#2425);
#2420 = PLANE('',#2421);
#2421 = AXIS2_PLACEMENT_3D('',#2422,#2423,#2424);
#2422 = CARTESIAN_POINT('',(13.5,12.5,-48.50000005));
#2423 = DIRECTION('',(0.,-1.,1.110223024625E-16));
#2424 = DIRECTION('',(1.110223024625E-16,1.110223024625E-16,1.));
#2425 = DEFINITIONAL_REPRESENTATION('',(#2426),#2430);
#2426 = LINE('',#2427,#2428);
#2427 = CARTESIAN_POINT('',(117.5,18.599019513593));
#2428 = VECTOR('',#2429,1.);
#2429 = DIRECTION('',(-1.,0.));
#2430 = ( GEOMETRIC_REPRESENTATION_CONTEXT(2) 
PARAMETRIC_REPRESENTATION_CONTEXT() REPRESENTATION_CONTEXT('2D SPACE',''
  ) );
#2431 = ORIENTED_EDGE('',*,*,#2432,.F.);
#2432 = EDGE_CURVE('',#2433,#2405,#2435,.T.);
#2433 = VERTEX_POINT('',#2434);
#2434 = CARTESIAN_POINT('',(-5.099019513593,-12.5,-56.60000005));
#2435 = SURFACE_CURVE('',#2436,(#2441,#2448),.PCURVE_S1.);
#2436 = CIRCLE('',#2437,13.5);
#2437 = AXIS2_PLACEMENT_3D('',#2438,#2439,#2440);
#2438 = CARTESIAN_POINT('',(-5.395683905229E-15,-6.28386232493E-15,
    -56.60000005));
#2439 = DIRECTION('',(-1.110223024625E-16,-1.110223024625E-16,-1.));
#2440 = DIRECTION('',(0.,-1.,1.110223024625E-16));
#2441 = PCURVE('',#600,#2442);
#2442 = DEFINITIONAL_REPRESENTATION('',(#2443),#2447);
#2443 = LINE('',#2444,#2445);
#2444 = CARTESIAN_POINT('',(-5.551115123126E-17,125.6));
#2445 = VECTOR('',#2446,1.);
#2446 = DIRECTION('',(1.,0.));
#2447 = ( GEOMETRIC_REPRESENTATION_CONTEXT(2) 
PARAMETRIC_REPRESENTATION_CONTEXT() REPRESENTATION_CONTEXT('2D SPACE',''
  ) );
#2448 = PCURVE('',#2449,#2454);
#2449 = TOROIDAL_SURFACE('',#2450,13.1,0.4);
#2450 = AXIS2_PLACEMENT_3D('',#2451,#2452,#2453);
#2451 = CARTESIAN_POINT('',(-5.395683905229E-15,-6.28386232493E-15,
    -56.60000005));
#2452 = DIRECTION('',(-1.110223024625E-16,-1.110223024625E-16,-1.));
#2453 = DIRECTION('',(0.,-1.,1.110223024625E-16));
#2454 = DEFINITIONAL_REPRESENTATION('',(#2455),#2459);
#2455 = LINE('',#2456,#2457);
#2456 = CARTESIAN_POINT('',(-5.551115123126E-17,0.));
#2457 = VECTOR('',#2458,1.);
#2458 = DIRECTION('',(1.,0.));
#2459 = ( GEOMETRIC_REPRESENTATION_CONTEXT(2) 
PARAMETRIC_REPRESENTATION_CONTEXT() REPRESENTATION_CONTEXT('2D SPACE',''
  ) );
#2460 = ORIENTED_EDGE('',*,*,#2461,.T.);
#2461 = EDGE_CURVE('',#2433,#2462,#2464,.T.);
#2462 = VERTEX_POINT('',#2463);
#2463 = CARTESIAN_POINT('',(-5.099019513593,-12.5,-48.50000005));
#2464 = SURFACE_CURVE('',#2465,(#2469,#2476),.PCURVE_S1.);
#2465 = LINE('',#2466,#2467);
#2466 = CARTESIAN_POINT('',(-5.099019513593,-12.5,68.99999995));
#2467 = VECTOR('',#2468,1.);
#2468 = DIRECTION('',(1.110223024625E-16,1.110223024625E-16,1.));
#2469 = PCURVE('',#600,#2470);
#2470 = DEFINITIONAL_REPRESENTATION('',(#2471),#2475);
#2471 = LINE('',#2472,#2473);
#2472 = CARTESIAN_POINT('',(0.387316600889,0.));
#2473 = VECTOR('',#2474,1.);
#2474 = DIRECTION('',(0.,-1.));
#2475 = ( GEOMETRIC_REPRESENTATION_CONTEXT(2) 
PARAMETRIC_REPRESENTATION_CONTEXT() REPRESENTATION_CONTEXT('2D SPACE',''
  ) );
#2476 = PCURVE('',#2477,#2482);
#2477 = PLANE('',#2478);
#2478 = AXIS2_PLACEMENT_3D('',#2479,#2480,#2481);
#2479 = CARTESIAN_POINT('',(-13.5,-12.5,-48.50000005));
#2480 = DIRECTION('',(0.,1.,-1.110223024625E-16));
#2481 = DIRECTION('',(-1.110223024625E-16,-1.110223024625E-16,-1.));
#2482 = DEFINITIONAL_REPRESENTATION('',(#2483),#2487);
#2483 = LINE('',#2484,#2485);
#2484 = CARTESIAN_POINT('',(-117.5,-8.400980486407));
#2485 = VECTOR('',#2486,1.);
#2486 = DIRECTION('',(-1.,0.));
#2487 = ( GEOMETRIC_REPRESENTATION_CONTEXT(2) 
PARAMETRIC_REPRESENTATION_CONTEXT() REPRESENTATION_CONTEXT('2D SPACE',''
  ) );
#2488 = ORIENTED_EDGE('',*,*,#2489,.T.);
#2489 = EDGE_CURVE('',#2462,#2490,#2492,.T.);
#2490 = VERTEX_POINT('',#2491);
#2491 = CARTESIAN_POINT('',(-4.496403255283E-15,-13.5,-48.50000005));
#2492 = SURFACE_CURVE('',#2493,(#2498,#2505),.PCURVE_S1.);
#2493 = CIRCLE('',#2494,13.5);
#2494 = AXIS2_PLACEMENT_3D('',#2495,#2496,#2497);
#2495 = CARTESIAN_POINT('',(-4.496403255283E-15,-5.384581674983E-15,
    -48.50000005));
#2496 = DIRECTION('',(1.110223024625E-16,1.110223024625E-16,1.));
#2497 = DIRECTION('',(0.,1.,-1.110223024625E-16));
#2498 = PCURVE('',#600,#2499);
#2499 = DEFINITIONAL_REPRESENTATION('',(#2500),#2504);
#2500 = LINE('',#2501,#2502);
#2501 = CARTESIAN_POINT('',(3.14159265359,117.5));
#2502 = VECTOR('',#2503,1.);
#2503 = DIRECTION('',(-1.,0.));
#2504 = ( GEOMETRIC_REPRESENTATION_CONTEXT(2) 
PARAMETRIC_REPRESENTATION_CONTEXT() REPRESENTATION_CONTEXT('2D SPACE',''
  ) );
#2505 = PCURVE('',#2506,#2511);
#2506 = PLANE('',#2507);
#2507 = AXIS2_PLACEMENT_3D('',#2508,#2509,#2510);
#2508 = CARTESIAN_POINT('',(-4.496403255283E-15,-5.384581674983E-15,
    -48.50000005));
#2509 = DIRECTION('',(1.110223024625E-16,1.110223024625E-16,1.));
#2510 = DIRECTION('',(0.,1.,-1.110223024625E-16));
#2511 = DEFINITIONAL_REPRESENTATION('',(#2512),#2516);
#2512 = CIRCLE('',#2513,13.5);
#2513 = AXIS2_PLACEMENT_2D('',#2514,#2515);
#2514 = CARTESIAN_POINT('',(0.,0.));
#2515 = DIRECTION('',(1.,0.));
#2516 = ( GEOMETRIC_REPRESENTATION_CONTEXT(2) 
PARAMETRIC_REPRESENTATION_CONTEXT() REPRESENTATION_CONTEXT('2D SPACE',''
  ) );
#2517 = ORIENTED_EDGE('',*,*,#2518,.F.);
#2518 = EDGE_CURVE('',#1591,#2490,#2519,.T.);
#2519 = SURFACE_CURVE('',#2520,(#2524,#2531),.PCURVE_S1.);
#2520 = LINE('',#2521,#2522);
#2521 = CARTESIAN_POINT('',(8.548717284063E-15,-13.5,68.99999995));
#2522 = VECTOR('',#2523,1.);
#2523 = DIRECTION('',(-1.110223024625E-16,-1.110223024625E-16,-1.));
#2524 = PCURVE('',#600,#2525);
#2525 = DEFINITIONAL_REPRESENTATION('',(#2526),#2530);
#2526 = LINE('',#2527,#2528);
#2527 = CARTESIAN_POINT('',(0.,0.));
#2528 = VECTOR('',#2529,1.);
#2529 = DIRECTION('',(0.,1.));
#2530 = ( GEOMETRIC_REPRESENTATION_CONTEXT(2) 
PARAMETRIC_REPRESENTATION_CONTEXT() REPRESENTATION_CONTEXT('2D SPACE',''
  ) );
#2531 = PCURVE('',#2363,#2532);
#2532 = DEFINITIONAL_REPRESENTATION('',(#2533),#2537);
#2533 = LINE('',#2534,#2535);
#2534 = CARTESIAN_POINT('',(6.28318530718,0.));
#2535 = VECTOR('',#2536,1.);
#2536 = DIRECTION('',(0.,1.));
#2537 = ( GEOMETRIC_REPRESENTATION_CONTEXT(2) 
PARAMETRIC_REPRESENTATION_CONTEXT() REPRESENTATION_CONTEXT('2D SPACE',''
  ) );
#2538 = ADVANCED_FACE('',(#2539,#3044),#338,.T.);
#2539 = FACE_BOUND('',#2540,.T.);
#2540 = EDGE_LOOP('',(#2541,#2611,#2796,#2864,#2865,#3043));
#2541 = ORIENTED_EDGE('',*,*,#2542,.F.);
#2542 = EDGE_CURVE('',#2543,#402,#2545,.T.);
#2543 = VERTEX_POINT('',#2544);
#2544 = CARTESIAN_POINT('',(-12.919,3.91783600984,62.730505656434));
#2545 = SURFACE_CURVE('',#2546,(#2553,#2582),.PCURVE_S1.);
#2546 = B_SPLINE_CURVE_WITH_KNOTS('',3,(#2547,#2548,#2549,#2550,#2551,
    #2552),.UNSPECIFIED.,.F.,.F.,(4,2,4),(0.,8.884588941381E-04,
    1.776917788276E-03),.UNSPECIFIED.);
#2547 = CARTESIAN_POINT('',(-12.919,3.91783600984,62.730505656434));
#2548 = CARTESIAN_POINT('',(-12.88247862386,4.038264648774,
    62.457857229748));
#2549 = CARTESIAN_POINT('',(-12.85330594939,4.128762911874,
    62.176820668423));
#2550 = CARTESIAN_POINT('',(-12.81328324664,4.251344428827,
    61.598047383955));
#2551 = CARTESIAN_POINT('',(-12.80257438955,4.283,61.296834414272));
#2552 = CARTESIAN_POINT('',(-12.80257438955,4.283,60.99999995));
#2553 = PCURVE('',#338,#2554);
#2554 = DEFINITIONAL_REPRESENTATION('',(#2555),#2581);
#2555 = B_SPLINE_CURVE_WITH_KNOTS('',3,(#2556,#2557,#2558,#2559,#2560,
    #2561,#2562,#2563,#2564,#2565,#2566,#2567,#2568,#2569,#2570,#2571,
    #2572,#2573,#2574,#2575,#2576,#2577,#2578,#2579,#2580),
  .UNSPECIFIED.,.F.,.F.,(4,1,1,1,1,1,1,1,1,1,1,1,1,1,1,1,1,1,1,1,1,1,4),
  (0.,8.076899037619E-05,1.615379807524E-04,2.423069711286E-04,
    3.230759615048E-04,4.038449518809E-04,4.846139422571E-04,
    5.653829326333E-04,6.461519230095E-04,7.269209133857E-04,
    8.076899037619E-04,8.884588941381E-04,9.692278845143E-04,
    1.04999687489E-03,1.130765865267E-03,1.211534855643E-03,
    1.292303846019E-03,1.373072836395E-03,1.453841826771E-03,
    1.534610817148E-03,1.615379807524E-03,1.6961487979E-03,
    1.776917788276E-03),.QUASI_UNIFORM_KNOTS.);
#2556 = CARTESIAN_POINT('',(1.865242679636,6.269494293566));
#2557 = CARTESIAN_POINT('',(1.866090117959,6.294280514174));
#2558 = CARTESIAN_POINT('',(1.86774731556,6.343991602214));
#2559 = CARTESIAN_POINT('',(1.870120140188,6.418974003469));
#2560 = CARTESIAN_POINT('',(1.872380059325,6.494372001583));
#2561 = CARTESIAN_POINT('',(1.874527136038,6.570185427923));
#2562 = CARTESIAN_POINT('',(1.876561431257,6.646414100108));
#2563 = CARTESIAN_POINT('',(1.878483002784,6.723057887042));
#2564 = CARTESIAN_POINT('',(1.880291907648,6.800116466241));
#2565 = CARTESIAN_POINT('',(1.881988193393,6.877590229485));
#2566 = CARTESIAN_POINT('',(1.883571930569,6.955476902881));
#2567 = CARTESIAN_POINT('',(1.885043091739,7.033784160975));
#2568 = CARTESIAN_POINT('',(1.886402003455,7.112482550223));
#2569 = CARTESIAN_POINT('',(1.887647660142,7.191681181));
#2570 = CARTESIAN_POINT('',(1.888778226582,7.27141628564));
#2571 = CARTESIAN_POINT('',(1.889793197493,7.351585532555));
#2572 = CARTESIAN_POINT('',(1.890691711055,7.432123718251));
#2573 = CARTESIAN_POINT('',(1.891473000628,7.512955690789));
#2574 = CARTESIAN_POINT('',(1.892136273594,7.594008963908));
#2575 = CARTESIAN_POINT('',(1.892680743746,7.675210337081));
#2576 = CARTESIAN_POINT('',(1.893105622597,7.75648680117));
#2577 = CARTESIAN_POINT('',(1.893410121758,7.837765295751));
#2578 = CARTESIAN_POINT('',(1.893593452401,7.918972774147));
#2579 = CARTESIAN_POINT('',(1.893634367857,7.973015048703));
#2580 = CARTESIAN_POINT('',(1.893634367856,8.));
#2581 = ( GEOMETRIC_REPRESENTATION_CONTEXT(2) 
PARAMETRIC_REPRESENTATION_CONTEXT() REPRESENTATION_CONTEXT('2D SPACE',''
  ) );
#2582 = PCURVE('',#285,#2583);
#2583 = DEFINITIONAL_REPRESENTATION('',(#2584),#2610);
#2584 = B_SPLINE_CURVE_WITH_KNOTS('',3,(#2585,#2586,#2587,#2588,#2589,
    #2590,#2591,#2592,#2593,#2594,#2595,#2596,#2597,#2598,#2599,#2600,
    #2601,#2602,#2603,#2604,#2605,#2606,#2607,#2608,#2609),
  .UNSPECIFIED.,.F.,.F.,(4,1,1,1,1,1,1,1,1,1,1,1,1,1,1,1,1,1,1,1,1,1,4),
  (0.,8.076899037619E-05,1.615379807524E-04,2.423069711286E-04,
    3.230759615048E-04,4.038449518809E-04,4.846139422571E-04,
    5.653829326333E-04,6.461519230095E-04,7.269209133857E-04,
    8.076899037619E-04,8.884588941381E-04,9.692278845143E-04,
    1.04999687489E-03,1.130765865267E-03,1.211534855643E-03,
    1.292303846019E-03,1.373072836395E-03,1.453841826771E-03,
    1.534610817148E-03,1.615379807524E-03,1.6961487979E-03,
    1.776917788276E-03),.QUASI_UNIFORM_KNOTS.);
#2585 = CARTESIAN_POINT('',(2.725662934428,7.419));
#2586 = CARTESIAN_POINT('',(2.731989445529,7.415679874897));
#2587 = CARTESIAN_POINT('',(2.744625397187,7.409161090834));
#2588 = CARTESIAN_POINT('',(2.763535061345,7.39975548427));
#2589 = CARTESIAN_POINT('',(2.782407399059,7.390730618303));
#2590 = CARTESIAN_POINT('',(2.80124938719,7.382094664146));
#2591 = CARTESIAN_POINT('',(2.820068005286,7.373855792455));
#2592 = CARTESIAN_POINT('',(2.838870239558,7.366022175968));
#2593 = CARTESIAN_POINT('',(2.857663012634,7.358601979651));
#2594 = CARTESIAN_POINT('',(2.876453370625,7.351603397477));
#2595 = CARTESIAN_POINT('',(2.895247716256,7.345034515165));
#2596 = CARTESIAN_POINT('',(2.914054601112,7.338903822442));
#2597 = CARTESIAN_POINT('',(2.932874235482,7.333218301254));
#2598 = CARTESIAN_POINT('',(2.951737568377,7.327990560664));
#2599 = CARTESIAN_POINT('',(2.970658880607,7.32323137836));
#2600 = CARTESIAN_POINT('',(2.989621421093,7.318945904923));
#2601 = CARTESIAN_POINT('',(3.008616548591,7.31514079871));
#2602 = CARTESIAN_POINT('',(3.027633301771,7.311822314071));
#2603 = CARTESIAN_POINT('',(3.046661253255,7.308996813612));
#2604 = CARTESIAN_POINT('',(3.065689805786,7.306670630928));
#2605 = CARTESIAN_POINT('',(3.084708439867,7.304850107389));
#2606 = CARTESIAN_POINT('',(3.103706714882,7.303541582283));
#2607 = CARTESIAN_POINT('',(3.122674303858,7.302751395455));
#2608 = CARTESIAN_POINT('',(3.135292192502,7.302574389552));
#2609 = CARTESIAN_POINT('',(3.14159265359,7.302574389552));
#2610 = ( GEOMETRIC_REPRESENTATION_CONTEXT(2) 
PARAMETRIC_REPRESENTATION_CONTEXT() REPRESENTATION_CONTEXT('2D SPACE',''
  ) );
#2611 = ORIENTED_EDGE('',*,*,#2612,.F.);
#2612 = EDGE_CURVE('',#2613,#2543,#2615,.T.);
#2613 = VERTEX_POINT('',#2614);
#2614 = CARTESIAN_POINT('',(-12.919,-3.91783600984,62.730505656434));
#2615 = SURFACE_CURVE('',#2616,(#2645,#2718),.PCURVE_S1.);
#2616 = B_SPLINE_CURVE_WITH_KNOTS('',3,(#2617,#2618,#2619,#2620,#2621,
    #2622,#2623,#2624,#2625,#2626,#2627,#2628,#2629,#2630,#2631,#2632,
    #2633,#2634,#2635,#2636,#2637,#2638,#2639,#2640,#2641,#2642,#2643,
    #2644),.UNSPECIFIED.,.F.,.F.,(4,2,2,2,2,2,2,2,2,2,2,2,2,4),(
    7.549232604617E-04,1.424335627294E-03,2.093747994127E-03,
    3.432572727791E-03,4.101985094624E-03,4.771397461456E-03,
    5.440809828289E-03,6.110222195121E-03,7.449046928786E-03,
    8.118459295618E-03,8.787871662451E-03,9.457284029283E-03,
    1.012669639612E-02,1.146552112978E-02),.UNSPECIFIED.);
#2617 = CARTESIAN_POINT('',(-12.919,-3.91783600984,62.730505656434));
#2618 = CARTESIAN_POINT('',(-12.94021583419,-3.847877144454,
    62.941400528687));
#2619 = CARTESIAN_POINT('',(-12.96473143919,-3.765068755819,
    63.147330075972));
#2620 = CARTESIAN_POINT('',(-13.01909516596,-3.57255721944,
    63.548962813785));
#2621 = CARTESIAN_POINT('',(-13.04916194909,-3.461956447955,
    63.745759709614));
#2622 = CARTESIAN_POINT('',(-13.14237716557,-3.096934374891,
    64.302997906497));
#2623 = CARTESIAN_POINT('',(-13.20915354782,-2.808689226863,
    64.636095205863));
#2624 = CARTESIAN_POINT('',(-13.30431236479,-2.29682185982,
    65.070233027755));
#2625 = CARTESIAN_POINT('',(-13.33470473096,-2.114855665238,
    65.201650324693));
#2626 = CARTESIAN_POINT('',(-13.38952244496,-1.734258758797,
    65.431362765153));
#2627 = CARTESIAN_POINT('',(-13.4141538952,-1.534617020457,
    65.530576781809));
#2628 = CARTESIAN_POINT('',(-13.45558178392,-1.114402521481,
    65.694347271425));
#2629 = CARTESIAN_POINT('',(-13.47189796828,-0.897801573273,
    65.757044646618));
#2630 = CARTESIAN_POINT('',(-13.49394919639,-0.459801715975,
    65.841266884146));
#2631 = CARTESIAN_POINT('',(-13.49981897746,-0.2371312637,
    65.863316498767));
#2632 = CARTESIAN_POINT('',(-13.50034970169,0.442642716428,
    65.865320250107));
#2633 = CARTESIAN_POINT('',(-13.47738128995,0.888293678292,
    65.780339491364));
#2634 = CARTESIAN_POINT('',(-13.41585713259,1.519702412057,
    65.537397170383));
#2635 = CARTESIAN_POINT('',(-13.39135600968,1.720169176678,
    65.438857049372));
#2636 = CARTESIAN_POINT('',(-13.3365892038,2.103042125983,
    65.209723960596));
#2637 = CARTESIAN_POINT('',(-13.30605875292,2.28668305555,
    65.077908958802));
#2638 = CARTESIAN_POINT('',(-13.24287872361,2.627980601988,
    64.790232403889));
#2639 = CARTESIAN_POINT('',(-13.21020436492,2.78624277601,
    64.634367559828));
#2640 = CARTESIAN_POINT('',(-13.14480919085,3.080038880603,
    64.30017448654));
#2641 = CARTESIAN_POINT('',(-13.11188479099,3.216273302401,
    64.120559418938));
#2642 = CARTESIAN_POINT('',(-13.01822557523,3.583231751422,
    63.561131336425));
#2643 = CARTESIAN_POINT('',(-12.96203642198,3.775924114017,
    63.158306921871));
#2644 = CARTESIAN_POINT('',(-12.919,3.91783600984,62.730505656434));
#2645 = PCURVE('',#338,#2646);
#2646 = DEFINITIONAL_REPRESENTATION('',(#2647),#2717);
#2647 = B_SPLINE_CURVE_WITH_KNOTS('',3,(#2648,#2649,#2650,#2651,#2652,
    #2653,#2654,#2655,#2656,#2657,#2658,#2659,#2660,#2661,#2662,#2663,
    #2664,#2665,#2666,#2667,#2668,#2669,#2670,#2671,#2672,#2673,#2674,
    #2675,#2676,#2677,#2678,#2679,#2680,#2681,#2682,#2683,#2684,#2685,
    #2686,#2687,#2688,#2689,#2690,#2691,#2692,#2693,#2694,#2695,#2696,
    #2697,#2698,#2699,#2700,#2701,#2702,#2703,#2704,#2705,#2706,#2707,
    #2708,#2709,#2710,#2711,#2712,#2713,#2714,#2715,#2716),
  .UNSPECIFIED.,.F.,.F.,(4,1,1,1,1,1,1,1,1,1,1,1,1,1,1,1,1,1,1,1,1,1,1,1
    ,1,1,1,1,1,1,1,1,1,1,1,1,1,1,1,1,1,1,1,1,1,1,1,1,1,1,1,1,1,1,1,1,1,1
    ,1,1,1,1,1,1,1,1,4),(7.549232604617E-04,9.172050463605E-04,
    1.079486832259E-03,1.241768618158E-03,1.404050404057E-03,
    1.566332189956E-03,1.728613975854E-03,1.890895761753E-03,
    2.053177547652E-03,2.215459333551E-03,2.377741119449E-03,
    2.540022905348E-03,2.702304691247E-03,2.864586477146E-03,
    3.026868263044E-03,3.189150048943E-03,3.351431834842E-03,
    3.513713620741E-03,3.67599540664E-03,3.838277192538E-03,
    4.000558978437E-03,4.162840764336E-03,4.325122550235E-03,
    4.487404336133E-03,4.649686122032E-03,4.811967907931E-03,
    4.97424969383E-03,5.136531479728E-03,5.298813265627E-03,
    5.461095051526E-03,5.623376837425E-03,5.785658623324E-03,
    5.947940409222E-03,6.110222195121E-03,6.27250398102E-03,
    6.434785766919E-03,6.597067552817E-03,6.759349338716E-03,
    6.921631124615E-03,7.083912910514E-03,7.246194696412E-03,
    7.408476482311E-03,7.57075826821E-03,7.733040054109E-03,
    7.895321840007E-03,8.057603625906E-03,8.219885411805E-03,
    8.382167197704E-03,8.544448983603E-03,8.706730769501E-03,
    8.8690125554E-03,9.031294341299E-03,9.193576127198E-03,
    9.355857913096E-03,9.518139698995E-03,9.680421484894E-03,
    9.842703270793E-03,1.000498505669E-02,1.016726684259E-02,
    1.032954862849E-02,1.049183041439E-02,1.065411220029E-02,
    1.081639398619E-02,1.097867577208E-02,1.114095755798E-02,
    1.130323934388E-02,1.146552112978E-02),.QUASI_UNIFORM_KNOTS.);
#2648 = CARTESIAN_POINT('',(1.276349973954,6.269494293566));
#2649 = CARTESIAN_POINT('',(1.277662751619,6.218368263929));
#2650 = CARTESIAN_POINT('',(1.280403720111,6.116699324701));
#2651 = CARTESIAN_POINT('',(1.284863734702,5.965962409696));
#2652 = CARTESIAN_POINT('',(1.289675669292,5.816991143208));
#2653 = CARTESIAN_POINT('',(1.294839256802,5.669847606467));
#2654 = CARTESIAN_POINT('',(1.300367972619,5.524360153534));
#2655 = CARTESIAN_POINT('',(1.306262386014,5.38073750649));
#2656 = CARTESIAN_POINT('',(1.312493453516,5.23967835851));
#2657 = CARTESIAN_POINT('',(1.319040424849,5.101766353769));
#2658 = CARTESIAN_POINT('',(1.325878245466,4.967574588382));
#2659 = CARTESIAN_POINT('',(1.333011047932,4.836739543626));
#2660 = CARTESIAN_POINT('',(1.340444245967,4.709406637038));
#2661 = CARTESIAN_POINT('',(1.348182930594,4.585608555882));
#2662 = CARTESIAN_POINT('',(1.356232491667,4.465407469837));
#2663 = CARTESIAN_POINT('',(1.364598205616,4.348860349193));
#2664 = CARTESIAN_POINT('',(1.373286252697,4.236015479385));
#2665 = CARTESIAN_POINT('',(1.382300039743,4.126961084656));
#2666 = CARTESIAN_POINT('',(1.391653860147,4.021634318877));
#2667 = CARTESIAN_POINT('',(1.401280194579,3.921193230396));
#2668 = CARTESIAN_POINT('',(1.411162182214,3.825847369339));
#2669 = CARTESIAN_POINT('',(1.421281279181,3.735876347823));
#2670 = CARTESIAN_POINT('',(1.431611070479,3.651627170874));
#2671 = CARTESIAN_POINT('',(1.442171955637,3.572963399184));
#2672 = CARTESIAN_POINT('',(1.45297606161,3.500001541571));
#2673 = CARTESIAN_POINT('',(1.464023120452,3.432930296832));
#2674 = CARTESIAN_POINT('',(1.475346692148,3.371743397735));
#2675 = CARTESIAN_POINT('',(1.486838352738,3.317264781817));
#2676 = CARTESIAN_POINT('',(1.498451607381,3.269727185445));
#2677 = CARTESIAN_POINT('',(1.51016949084,3.229209587531));
#2678 = CARTESIAN_POINT('',(1.521957880536,3.195880565257));
#2679 = CARTESIAN_POINT('',(1.533823924859,3.169695373536));
#2680 = CARTESIAN_POINT('',(1.54578692146,3.150695626599));
#2681 = CARTESIAN_POINT('',(1.557839322554,3.139016208492));
#2682 = CARTESIAN_POINT('',(1.570011183541,3.134753092772));
#2683 = CARTESIAN_POINT('',(1.582209487134,3.138064625136));
#2684 = CARTESIAN_POINT('',(1.594326477279,3.14889483623));
#2685 = CARTESIAN_POINT('',(1.606375997872,3.167132202833));
#2686 = CARTESIAN_POINT('',(1.618339181024,3.19268024826));
#2687 = CARTESIAN_POINT('',(1.630205671758,3.225437863547));
#2688 = CARTESIAN_POINT('',(1.641963155992,3.265307422312));
#2689 = CARTESIAN_POINT('',(1.653598136044,3.312182000122));
#2690 = CARTESIAN_POINT('',(1.665103408319,3.36598838217));
#2691 = CARTESIAN_POINT('',(1.676447478892,3.426527813189));
#2692 = CARTESIAN_POINT('',(1.687527618558,3.493053642601));
#2693 = CARTESIAN_POINT('',(1.698375054323,3.565572481817));
#2694 = CARTESIAN_POINT('',(1.70898865583,3.643907330428));
#2695 = CARTESIAN_POINT('',(1.719380959683,3.727973345677));
#2696 = CARTESIAN_POINT('',(1.729570075449,3.817928581875));
#2697 = CARTESIAN_POINT('',(1.739512622034,3.913214947878));
#2698 = CARTESIAN_POINT('',(1.749179034227,4.013425205398));
#2699 = CARTESIAN_POINT('',(1.758529006829,4.118066415706));
#2700 = CARTESIAN_POINT('',(1.767567307929,4.226885798777));
#2701 = CARTESIAN_POINT('',(1.7763017782,4.339848799443));
#2702 = CARTESIAN_POINT('',(1.784737927874,4.456892260318));
#2703 = CARTESIAN_POINT('',(1.792879932676,4.577895677157));
#2704 = CARTESIAN_POINT('',(1.800745367542,4.703166045377));
#2705 = CARTESIAN_POINT('',(1.808308578595,4.832172745997));
#2706 = CARTESIAN_POINT('',(1.815549720301,4.964462740254));
#2707 = CARTESIAN_POINT('',(1.822439234122,5.099477047725));
#2708 = CARTESIAN_POINT('',(1.828984921023,5.237049754547));
#2709 = CARTESIAN_POINT('',(1.835192923179,5.377207035359));
#2710 = CARTESIAN_POINT('',(1.841061256854,5.519875549881));
#2711 = CARTESIAN_POINT('',(1.846590040524,5.665008622781));
#2712 = CARTESIAN_POINT('',(1.851778752618,5.81255243386));
#2713 = CARTESIAN_POINT('',(1.856626963872,5.96245507743));
#2714 = CARTESIAN_POINT('',(1.861134148452,6.114664134632));
#2715 = CARTESIAN_POINT('',(1.863911190958,6.217639594725));
#2716 = CARTESIAN_POINT('',(1.865242679636,6.269494293566));
#2717 = ( GEOMETRIC_REPRESENTATION_CONTEXT(2) 
PARAMETRIC_REPRESENTATION_CONTEXT() REPRESENTATION_CONTEXT('2D SPACE',''
  ) );
#2718 = PCURVE('',#2719,#2724);
#2719 = CONICAL_SURFACE('',#2720,4.283,0.785398163397);
#2720 = AXIS2_PLACEMENT_3D('',#2721,#2722,#2723);
#2721 = CARTESIAN_POINT('',(-12.919,6.772360444662E-15,60.99999995));
#2722 = DIRECTION('',(-1.,1.232595164408E-32,1.110223024625E-16));
#2723 = DIRECTION('',(0.,-1.,1.110223024625E-16));
#2724 = DEFINITIONAL_REPRESENTATION('',(#2725),#2795);
#2725 = B_SPLINE_CURVE_WITH_KNOTS('',3,(#2726,#2727,#2728,#2729,#2730,
    #2731,#2732,#2733,#2734,#2735,#2736,#2737,#2738,#2739,#2740,#2741,
    #2742,#2743,#2744,#2745,#2746,#2747,#2748,#2749,#2750,#2751,#2752,
    #2753,#2754,#2755,#2756,#2757,#2758,#2759,#2760,#2761,#2762,#2763,
    #2764,#2765,#2766,#2767,#2768,#2769,#2770,#2771,#2772,#2773,#2774,
    #2775,#2776,#2777,#2778,#2779,#2780,#2781,#2782,#2783,#2784,#2785,
    #2786,#2787,#2788,#2789,#2790,#2791,#2792,#2793,#2794),
  .UNSPECIFIED.,.F.,.F.,(4,1,1,1,1,1,1,1,1,1,1,1,1,1,1,1,1,1,1,1,1,1,1,1
    ,1,1,1,1,1,1,1,1,1,1,1,1,1,1,1,1,1,1,1,1,1,1,1,1,1,1,1,1,1,1,1,1,1,1
    ,1,1,1,1,1,1,1,1,4),(7.549232604617E-04,9.172050463605E-04,
    1.079486832259E-03,1.241768618158E-03,1.404050404057E-03,
    1.566332189956E-03,1.728613975854E-03,1.890895761753E-03,
    2.053177547652E-03,2.215459333551E-03,2.377741119449E-03,
    2.540022905348E-03,2.702304691247E-03,2.864586477146E-03,
    3.026868263044E-03,3.189150048943E-03,3.351431834842E-03,
    3.513713620741E-03,3.67599540664E-03,3.838277192538E-03,
    4.000558978437E-03,4.162840764336E-03,4.325122550235E-03,
    4.487404336133E-03,4.649686122032E-03,4.811967907931E-03,
    4.97424969383E-03,5.136531479728E-03,5.298813265627E-03,
    5.461095051526E-03,5.623376837425E-03,5.785658623324E-03,
    5.947940409222E-03,6.110222195121E-03,6.27250398102E-03,
    6.434785766919E-03,6.597067552817E-03,6.759349338716E-03,
    6.921631124615E-03,7.083912910514E-03,7.246194696412E-03,
    7.408476482311E-03,7.57075826821E-03,7.733040054109E-03,
    7.895321840007E-03,8.057603625906E-03,8.219885411805E-03,
    8.382167197704E-03,8.544448983603E-03,8.706730769501E-03,
    8.8690125554E-03,9.031294341299E-03,9.193576127198E-03,
    9.355857913096E-03,9.518139698995E-03,9.680421484894E-03,
    9.842703270793E-03,1.000498505669E-02,1.016726684259E-02,
    1.032954862849E-02,1.049183041439E-02,1.065411220029E-02,
    1.081639398619E-02,1.097867577208E-02,1.114095755798E-02,
    1.130323934388E-02,1.146552112978E-02),.QUASI_UNIFORM_KNOTS.);
#2726 = CARTESIAN_POINT('',(0.415929719162,2.6645352591E-15));
#2727 = CARTESIAN_POINT('',(0.428448992007,5.143983860425E-03));
#2728 = CARTESIAN_POINT('',(0.453414810444,1.582128072896E-02));
#2729 = CARTESIAN_POINT('',(0.490672917354,3.294654899243E-02));
#2730 = CARTESIAN_POINT('',(0.527772635982,5.111975628928E-02));
#2731 = CARTESIAN_POINT('',(0.564729848739,7.028903674931E-02));
#2732 = CARTESIAN_POINT('',(0.601628180508,9.04221950337E-02));
#2733 = CARTESIAN_POINT('',(0.638459011551,0.111438473865));
#2734 = CARTESIAN_POINT('',(0.67507583506,0.133200654552));
#2735 = CARTESIAN_POINT('',(0.711374581981,0.15553150834));
#2736 = CARTESIAN_POINT('',(0.747253438799,0.178239144594));
#2737 = CARTESIAN_POINT('',(0.782825072674,0.201352900305));
#2738 = CARTESIAN_POINT('',(0.818120927702,0.22471815506));
#2739 = CARTESIAN_POINT('',(0.853193329636,0.248235725476));
#2740 = CARTESIAN_POINT('',(0.888091871083,0.271806882274));
#2741 = CARTESIAN_POINT('',(0.922868165999,0.295347372946));
#2742 = CARTESIAN_POINT('',(0.957577530683,0.318788256598));
#2743 = CARTESIAN_POINT('',(0.992264791243,0.342060427054));
#2744 = CARTESIAN_POINT('',(1.027016810524,0.365157562146));
#2745 = CARTESIAN_POINT('',(1.061590296013,0.387693610229));
#2746 = CARTESIAN_POINT('',(1.095980549146,0.409560387349));
#2747 = CARTESIAN_POINT('',(1.130172345187,0.430617219203));
#2748 = CARTESIAN_POINT('',(1.164129160929,0.450688569285));
#2749 = CARTESIAN_POINT('',(1.197977990485,0.469750495397));
#2750 = CARTESIAN_POINT('',(1.23180281865,0.487693732742));
#2751 = CARTESIAN_POINT('',(1.265652797536,0.504403801376));
#2752 = CARTESIAN_POINT('',(1.299680481746,0.519843462243));
#2753 = CARTESIAN_POINT('',(1.3336128273,0.533732227847));
#2754 = CARTESIAN_POINT('',(1.367383501121,0.545971114218));
#2755 = CARTESIAN_POINT('',(1.401013874631,0.556500704944));
#2756 = CARTESIAN_POINT('',(1.43447632256,0.565217025694));
#2757 = CARTESIAN_POINT('',(1.467863836527,0.572102373464));
#2758 = CARTESIAN_POINT('',(1.501299579811,0.577119621831));
#2759 = CARTESIAN_POINT('',(1.534832433303,0.58020429277));
#2760 = CARTESIAN_POINT('',(1.568617971353,0.581331353236));
#2761 = CARTESIAN_POINT('',(1.602472053869,0.580445607557));
#2762 = CARTESIAN_POINT('',(1.636170788776,0.577557444845));
#2763 = CARTESIAN_POINT('',(1.669825962859,0.572725608906));
#2764 = CARTESIAN_POINT('',(1.703457175862,0.566000094842));
#2765 = CARTESIAN_POINT('',(1.737106286743,0.557437139416));
#2766 = CARTESIAN_POINT('',(1.770808598788,0.547093766053));
#2767 = CARTESIAN_POINT('',(1.804594748868,0.535032353957));
#2768 = CARTESIAN_POINT('',(1.838513012181,0.521305871145));
#2769 = CARTESIAN_POINT('',(1.872539212111,0.506010725293));
#2770 = CARTESIAN_POINT('',(1.90642133096,0.48941499791));
#2771 = CARTESIAN_POINT('',(1.940306776605,0.471555344142));
#2772 = CARTESIAN_POINT('',(1.974244460429,0.452545093843));
#2773 = CARTESIAN_POINT('',(2.008323280721,0.432483141297));
#2774 = CARTESIAN_POINT('',(2.04266825946,0.411385079627));
#2775 = CARTESIAN_POINT('',(2.07718124206,0.389495278327));
#2776 = CARTESIAN_POINT('',(2.111805808849,0.366980805627));
#2777 = CARTESIAN_POINT('',(2.146445060266,0.343991103114));
#2778 = CARTESIAN_POINT('',(2.181135083601,0.320679029028));
#2779 = CARTESIAN_POINT('',(2.215941466811,0.297110673307));
#2780 = CARTESIAN_POINT('',(2.250920971606,0.273374720274));
#2781 = CARTESIAN_POINT('',(2.286117269466,0.249590259253));
#2782 = CARTESIAN_POINT('',(2.321664449348,0.225761059419));
#2783 = CARTESIAN_POINT('',(2.357480082375,0.202096371789));
#2784 = CARTESIAN_POINT('',(2.393498086001,0.178764923717));
#2785 = CARTESIAN_POINT('',(2.429610009697,0.155907071403));
#2786 = CARTESIAN_POINT('',(2.465842627253,0.133650148059));
#2787 = CARTESIAN_POINT('',(2.502248321471,0.112043524627));
#2788 = CARTESIAN_POINT('',(2.538846671328,9.114627209283E-02));
#2789 = CARTESIAN_POINT('',(2.57566519906,7.102329135665E-02));
#2790 = CARTESIAN_POINT('',(2.612728101206,5.17461738286E-02));
#2791 = CARTESIAN_POINT('',(2.650058807622,3.339300374974E-02));
#2792 = CARTESIAN_POINT('',(2.687679154186,1.604753366572E-02));
#2793 = CARTESIAN_POINT('',(2.712965172185,5.217026751086E-03));
#2794 = CARTESIAN_POINT('',(2.725662934428,2.6645352591E-15));
#2795 = ( GEOMETRIC_REPRESENTATION_CONTEXT(2) 
PARAMETRIC_REPRESENTATION_CONTEXT() REPRESENTATION_CONTEXT('2D SPACE',''
  ) );
#2796 = ORIENTED_EDGE('',*,*,#2797,.F.);
#2797 = EDGE_CURVE('',#265,#2613,#2798,.T.);
#2798 = SURFACE_CURVE('',#2799,(#2806,#2835),.PCURVE_S1.);
#2799 = B_SPLINE_CURVE_WITH_KNOTS('',3,(#2800,#2801,#2802,#2803,#2804,
    #2805),.UNSPECIFIED.,.F.,.F.,(4,2,4),(1.776917788276E-03,
    2.664094494922E-03,3.551271201567E-03),.UNSPECIFIED.);
#2800 = CARTESIAN_POINT('',(-12.80257438955,-4.283,60.99999995));
#2801 = CARTESIAN_POINT('',(-12.80257438955,-4.283,61.296406034929));
#2802 = CARTESIAN_POINT('',(-12.81287943898,-4.252562896342,
    61.590457889203));
#2803 = CARTESIAN_POINT('',(-12.85297871875,-4.129783137248,
    62.173807005959));
#2804 = CARTESIAN_POINT('',(-12.88252452992,-4.038113274295,
    62.458199939039));
#2805 = CARTESIAN_POINT('',(-12.919,-3.91783600984,62.730505656434));
#2806 = PCURVE('',#338,#2807);
#2807 = DEFINITIONAL_REPRESENTATION('',(#2808),#2834);
#2808 = B_SPLINE_CURVE_WITH_KNOTS('',3,(#2809,#2810,#2811,#2812,#2813,
    #2814,#2815,#2816,#2817,#2818,#2819,#2820,#2821,#2822,#2823,#2824,
    #2825,#2826,#2827,#2828,#2829,#2830,#2831,#2832,#2833),
  .UNSPECIFIED.,.F.,.F.,(4,1,1,1,1,1,1,1,1,1,1,1,1,1,1,1,1,1,1,1,1,1,4),
  (1.776917788276E-03,1.857570216153E-03,1.93822264403E-03,
    2.018875071907E-03,2.099527499784E-03,2.18017992766E-03,
    2.260832355537E-03,2.341484783414E-03,2.422137211291E-03,
    2.502789639168E-03,2.583442067045E-03,2.664094494922E-03,
    2.744746922799E-03,2.825399350675E-03,2.906051778552E-03,
    2.986704206429E-03,3.067356634306E-03,3.148009062183E-03,
    3.22866149006E-03,3.309313917937E-03,3.389966345813E-03,
    3.47061877369E-03,3.551271201567E-03),.QUASI_UNIFORM_KNOTS.);
#2809 = CARTESIAN_POINT('',(1.247958285734,8.));
#2810 = CARTESIAN_POINT('',(1.247958285732,7.973053992279));
#2811 = CARTESIAN_POINT('',(1.247997629555,7.9192008897));
#2812 = CARTESIAN_POINT('',(1.248174780545,7.838538078764));
#2813 = CARTESIAN_POINT('',(1.248470170547,7.75799221362));
#2814 = CARTESIAN_POINT('',(1.248883903402,7.677563402345));
#2815 = CARTESIAN_POINT('',(1.249416083461,7.597251733624));
#2816 = CARTESIAN_POINT('',(1.250066814687,7.517057368492));
#2817 = CARTESIAN_POINT('',(1.250836204416,7.436980197975));
#2818 = CARTESIAN_POINT('',(1.251724349524,7.357021120791));
#2819 = CARTESIAN_POINT('',(1.252731387995,7.277177274892));
#2820 = CARTESIAN_POINT('',(1.253857306174,7.197459833607));
#2821 = CARTESIAN_POINT('',(1.255102657585,7.117827589521));
#2822 = CARTESIAN_POINT('',(1.256465879485,7.03843482282));
#2823 = CARTESIAN_POINT('',(1.257944507826,6.959457372782));
#2824 = CARTESIAN_POINT('',(1.259538196893,6.880875591083));
#2825 = CARTESIAN_POINT('',(1.261246036242,6.802722210143));
#2826 = CARTESIAN_POINT('',(1.263067269802,6.725015927007));
#2827 = CARTESIAN_POINT('',(1.265001103321,6.647779199483));
#2828 = CARTESIAN_POINT('',(1.267046756046,6.57103347769));
#2829 = CARTESIAN_POINT('',(1.2692034469,6.494800481753));
#2830 = CARTESIAN_POINT('',(1.271470398261,6.41910185945));
#2831 = CARTESIAN_POINT('',(1.273846834624,6.34395927795));
#2832 = CARTESIAN_POINT('',(1.275503600849,6.294249358784));
#2833 = CARTESIAN_POINT('',(1.276349973954,6.269494293566));
#2834 = ( GEOMETRIC_REPRESENTATION_CONTEXT(2) 
PARAMETRIC_REPRESENTATION_CONTEXT() REPRESENTATION_CONTEXT('2D SPACE',''
  ) );
#2835 = PCURVE('',#285,#2836);
#2836 = DEFINITIONAL_REPRESENTATION('',(#2837),#2863);
#2837 = B_SPLINE_CURVE_WITH_KNOTS('',3,(#2838,#2839,#2840,#2841,#2842,
    #2843,#2844,#2845,#2846,#2847,#2848,#2849,#2850,#2851,#2852,#2853,
    #2854,#2855,#2856,#2857,#2858,#2859,#2860,#2861,#2862),
  .UNSPECIFIED.,.F.,.F.,(4,1,1,1,1,1,1,1,1,1,1,1,1,1,1,1,1,1,1,1,1,1,4),
  (1.776917788276E-03,1.857570216153E-03,1.93822264403E-03,
    2.018875071907E-03,2.099527499784E-03,2.18017992766E-03,
    2.260832355537E-03,2.341484783414E-03,2.422137211291E-03,
    2.502789639168E-03,2.583442067045E-03,2.664094494922E-03,
    2.744746922799E-03,2.825399350675E-03,2.906051778552E-03,
    2.986704206429E-03,3.067356634306E-03,3.148009062183E-03,
    3.22866149006E-03,3.309313917937E-03,3.389966345813E-03,
    3.47061877369E-03,3.551271201567E-03),.QUASI_UNIFORM_KNOTS.);
#2838 = CARTESIAN_POINT('',(0.,7.302574389552));
#2839 = CARTESIAN_POINT('',(6.291393201662E-03,7.302574389552));
#2840 = CARTESIAN_POINT('',(1.886506775664E-02,7.302744720949));
#2841 = CARTESIAN_POINT('',(3.770486419875E-02,7.303508685733));
#2842 = CARTESIAN_POINT('',(5.65305368301E-02,7.304778591775));
#2843 = CARTESIAN_POINT('',(7.534877724292E-02,7.306551912379));
#2844 = CARTESIAN_POINT('',(9.416632974723E-02,7.308826121834));
#2845 = CARTESIAN_POINT('',(0.112989965951,7.311598690762));
#2846 = CARTESIAN_POINT('',(0.131826548231,7.314867103463));
#2847 = CARTESIAN_POINT('',(0.150682715818,7.318628793195));
#2848 = CARTESIAN_POINT('',(0.169565991142,7.322881383708));
#2849 = CARTESIAN_POINT('',(0.188480581608,7.327621787819));
#2850 = CARTESIAN_POINT('',(0.207442978036,7.332849571589));
#2851 = CARTESIAN_POINT('',(0.226423669179,7.338554399039));
#2852 = CARTESIAN_POINT('',(0.245387932196,7.344716891124));
#2853 = CARTESIAN_POINT('',(0.264346974734,7.351327570837));
#2854 = CARTESIAN_POINT('',(0.283299670065,7.358374307931));
#2855 = CARTESIAN_POINT('',(0.302248174795,7.365845683091));
#2856 = CARTESIAN_POINT('',(0.321193749842,7.373730086509));
#2857 = CARTESIAN_POINT('',(0.340137886008,7.382015959417));
#2858 = CARTESIAN_POINT('',(0.359082008056,7.390691729375));
#2859 = CARTESIAN_POINT('',(0.378027560284,7.399745827602));
#2860 = CARTESIAN_POINT('',(0.396975987656,7.40916668434));
#2861 = CARTESIAN_POINT('',(0.409611164662,7.415684048175));
#2862 = CARTESIAN_POINT('',(0.415929719162,7.419));
#2863 = ( GEOMETRIC_REPRESENTATION_CONTEXT(2) 
PARAMETRIC_REPRESENTATION_CONTEXT() REPRESENTATION_CONTEXT('2D SPACE',''
  ) );
#2864 = ORIENTED_EDGE('',*,*,#297,.F.);
#2865 = ORIENTED_EDGE('',*,*,#2866,.F.);
#2866 = EDGE_CURVE('',#373,#298,#2867,.T.);
#2867 = SURFACE_CURVE('',#2868,(#2897,#2970),.PCURVE_S1.);
#2868 = B_SPLINE_CURVE_WITH_KNOTS('',3,(#2869,#2870,#2871,#2872,#2873,
    #2874,#2875,#2876,#2877,#2878,#2879,#2880,#2881,#2882,#2883,#2884,
    #2885,#2886,#2887,#2888,#2889,#2890,#2891,#2892,#2893,#2894,#2895,
    #2896),.UNSPECIFIED.,.F.,.F.,(4,2,2,2,2,2,2,2,2,2,2,2,2,4),(
    7.549232604639E-04,1.424335627296E-03,2.093747994129E-03,
    3.432572727793E-03,4.101985094626E-03,4.771397461458E-03,
    5.440809828291E-03,6.110222195123E-03,7.449046928788E-03,
    8.11845929562E-03,8.787871662453E-03,9.457284029285E-03,
    1.012669639612E-02,1.146552112978E-02),.UNSPECIFIED.);
#2869 = CARTESIAN_POINT('',(-12.919,3.91783600984,59.269494243566));
#2870 = CARTESIAN_POINT('',(-12.94021583419,3.847877144454,
    59.058599371313));
#2871 = CARTESIAN_POINT('',(-12.96473143919,3.765068755819,
    58.852669824028));
#2872 = CARTESIAN_POINT('',(-13.01909516596,3.57255721944,
    58.451037086215));
#2873 = CARTESIAN_POINT('',(-13.04916194909,3.461956447955,
    58.254240190386));
#2874 = CARTESIAN_POINT('',(-13.14237716557,3.096934374891,
    57.697001993503));
#2875 = CARTESIAN_POINT('',(-13.20915354782,2.808689226863,
    57.363904694137));
#2876 = CARTESIAN_POINT('',(-13.30431236479,2.29682185982,
    56.929766872245));
#2877 = CARTESIAN_POINT('',(-13.33470473096,2.114855665238,
    56.798349575307));
#2878 = CARTESIAN_POINT('',(-13.38952244496,1.734258758797,
    56.568637134847));
#2879 = CARTESIAN_POINT('',(-13.4141538952,1.534617020457,
    56.469423118191));
#2880 = CARTESIAN_POINT('',(-13.45558178392,1.114402521481,
    56.305652628575));
#2881 = CARTESIAN_POINT('',(-13.47189796828,0.897801573273,
    56.242955253382));
#2882 = CARTESIAN_POINT('',(-13.49394919639,0.459801715975,
    56.158733015854));
#2883 = CARTESIAN_POINT('',(-13.49981897746,0.2371312637,56.136683401233
    ));
#2884 = CARTESIAN_POINT('',(-13.50034970169,-0.442642716428,
    56.134679649893));
#2885 = CARTESIAN_POINT('',(-13.47738128995,-0.888293678292,
    56.219660408636));
#2886 = CARTESIAN_POINT('',(-13.41585713259,-1.519702412057,
    56.462602729617));
#2887 = CARTESIAN_POINT('',(-13.39135600968,-1.720169176678,
    56.561142850628));
#2888 = CARTESIAN_POINT('',(-13.3365892038,-2.103042125983,
    56.790275939404));
#2889 = CARTESIAN_POINT('',(-13.30605875292,-2.28668305555,
    56.922090941198));
#2890 = CARTESIAN_POINT('',(-13.24287872361,-2.627980601988,
    57.209767496111));
#2891 = CARTESIAN_POINT('',(-13.21020436492,-2.78624277601,
    57.365632340172));
#2892 = CARTESIAN_POINT('',(-13.14480919085,-3.080038880603,
    57.69982541346));
#2893 = CARTESIAN_POINT('',(-13.11188479099,-3.216273302401,
    57.879440481062));
#2894 = CARTESIAN_POINT('',(-13.01822557523,-3.583231751422,
    58.438868563575));
#2895 = CARTESIAN_POINT('',(-12.96203642198,-3.775924114017,
    58.841692978128));
#2896 = CARTESIAN_POINT('',(-12.919,-3.91783600984,59.269494243566));
#2897 = PCURVE('',#338,#2898);
#2898 = DEFINITIONAL_REPRESENTATION('',(#2899),#2969);
#2899 = B_SPLINE_CURVE_WITH_KNOTS('',3,(#2900,#2901,#2902,#2903,#2904,
    #2905,#2906,#2907,#2908,#2909,#2910,#2911,#2912,#2913,#2914,#2915,
    #2916,#2917,#2918,#2919,#2920,#2921,#2922,#2923,#2924,#2925,#2926,
    #2927,#2928,#2929,#2930,#2931,#2932,#2933,#2934,#2935,#2936,#2937,
    #2938,#2939,#2940,#2941,#2942,#2943,#2944,#2945,#2946,#2947,#2948,
    #2949,#2950,#2951,#2952,#2953,#2954,#2955,#2956,#2957,#2958,#2959,
    #2960,#2961,#2962,#2963,#2964,#2965,#2966,#2967,#2968),
  .UNSPECIFIED.,.F.,.F.,(4,1,1,1,1,1,1,1,1,1,1,1,1,1,1,1,1,1,1,1,1,1,1,1
    ,1,1,1,1,1,1,1,1,1,1,1,1,1,1,1,1,1,1,1,1,1,1,1,1,1,1,1,1,1,1,1,1,1,1
    ,1,1,1,1,1,1,1,1,4),(7.549232604639E-04,9.172050463627E-04,
    1.079486832261E-03,1.24176861816E-03,1.404050404059E-03,
    1.566332189958E-03,1.728613975856E-03,1.890895761755E-03,
    2.053177547654E-03,2.215459333553E-03,2.377741119452E-03,
    2.54002290535E-03,2.702304691249E-03,2.864586477148E-03,
    3.026868263047E-03,3.189150048945E-03,3.351431834844E-03,
    3.513713620743E-03,3.675995406642E-03,3.83827719254E-03,
    4.000558978439E-03,4.162840764338E-03,4.325122550237E-03,
    4.487404336136E-03,4.649686122034E-03,4.811967907933E-03,
    4.974249693832E-03,5.136531479731E-03,5.298813265629E-03,
    5.461095051528E-03,5.623376837427E-03,5.785658623326E-03,
    5.947940409224E-03,6.110222195123E-03,6.272503981022E-03,
    6.434785766921E-03,6.59706755282E-03,6.759349338718E-03,
    6.921631124617E-03,7.083912910516E-03,7.246194696415E-03,
    7.408476482313E-03,7.570758268212E-03,7.733040054111E-03,
    7.89532184001E-03,8.057603625908E-03,8.219885411807E-03,
    8.382167197706E-03,8.544448983605E-03,8.706730769504E-03,
    8.869012555402E-03,9.031294341301E-03,9.1935761272E-03,
    9.355857913099E-03,9.518139698997E-03,9.680421484896E-03,
    9.842703270795E-03,1.000498505669E-02,1.016726684259E-02,
    1.032954862849E-02,1.049183041439E-02,1.065411220029E-02,
    1.081639398619E-02,1.097867577209E-02,1.114095755799E-02,
    1.130323934388E-02,1.146552112978E-02),.QUASI_UNIFORM_KNOTS.);
#2900 = CARTESIAN_POINT('',(1.865242679636,9.730505706434));
#2901 = CARTESIAN_POINT('',(1.863929901971,9.781631736071));
#2902 = CARTESIAN_POINT('',(1.861188933479,9.883300675299));
#2903 = CARTESIAN_POINT('',(1.856728918887,10.034037590304));
#2904 = CARTESIAN_POINT('',(1.851916984298,10.183008856792));
#2905 = CARTESIAN_POINT('',(1.846753396788,10.330152393533));
#2906 = CARTESIAN_POINT('',(1.841224680971,10.475639846467));
#2907 = CARTESIAN_POINT('',(1.835330267575,10.61926249351));
#2908 = CARTESIAN_POINT('',(1.829099200074,10.76032164149));
#2909 = CARTESIAN_POINT('',(1.822552228741,10.898233646231));
#2910 = CARTESIAN_POINT('',(1.815714408124,11.032425411618));
#2911 = CARTESIAN_POINT('',(1.808581605657,11.163260456374));
#2912 = CARTESIAN_POINT('',(1.801148407622,11.290593362962));
#2913 = CARTESIAN_POINT('',(1.793409722996,11.414391444119));
#2914 = CARTESIAN_POINT('',(1.785360161923,11.534592530163));
#2915 = CARTESIAN_POINT('',(1.776994447973,11.651139650807));
#2916 = CARTESIAN_POINT('',(1.768306400893,11.763984520615));
#2917 = CARTESIAN_POINT('',(1.759292613847,11.873038915345));
#2918 = CARTESIAN_POINT('',(1.749938793443,11.978365681123));
#2919 = CARTESIAN_POINT('',(1.740312459011,12.078806769604));
#2920 = CARTESIAN_POINT('',(1.730430471376,12.174152630661));
#2921 = CARTESIAN_POINT('',(1.720311374409,12.264123652177));
#2922 = CARTESIAN_POINT('',(1.709981583111,12.348372829126));
#2923 = CARTESIAN_POINT('',(1.699420697953,12.427036600817));
#2924 = CARTESIAN_POINT('',(1.68861659198,12.499998458429));
#2925 = CARTESIAN_POINT('',(1.677569533138,12.567069703168));
#2926 = CARTESIAN_POINT('',(1.666245961442,12.628256602265));
#2927 = CARTESIAN_POINT('',(1.654754300852,12.682735218183));
#2928 = CARTESIAN_POINT('',(1.643141046209,12.730272814555));
#2929 = CARTESIAN_POINT('',(1.631423162749,12.770790412469));
#2930 = CARTESIAN_POINT('',(1.619634773054,12.804119434743));
#2931 = CARTESIAN_POINT('',(1.607768728731,12.830304626464));
#2932 = CARTESIAN_POINT('',(1.59580573213,12.849304373401));
#2933 = CARTESIAN_POINT('',(1.583753331036,12.860983791508));
#2934 = CARTESIAN_POINT('',(1.571581470048,12.865246907228));
#2935 = CARTESIAN_POINT('',(1.559383166456,12.861935374864));
#2936 = CARTESIAN_POINT('',(1.547266176311,12.85110516377));
#2937 = CARTESIAN_POINT('',(1.535216655718,12.832867797167));
#2938 = CARTESIAN_POINT('',(1.523253472566,12.80731975174));
#2939 = CARTESIAN_POINT('',(1.511386981832,12.774562136453));
#2940 = CARTESIAN_POINT('',(1.499629497598,12.734692577687));
#2941 = CARTESIAN_POINT('',(1.487994517545,12.687817999878));
#2942 = CARTESIAN_POINT('',(1.476489245271,12.63401161783));
#2943 = CARTESIAN_POINT('',(1.465145174697,12.573472186811));
#2944 = CARTESIAN_POINT('',(1.454065035031,12.506946357399));
#2945 = CARTESIAN_POINT('',(1.443217599267,12.434427518183));
#2946 = CARTESIAN_POINT('',(1.43260399776,12.356092669572));
#2947 = CARTESIAN_POINT('',(1.422211693907,12.272026654323));
#2948 = CARTESIAN_POINT('',(1.412022578141,12.182071418125));
#2949 = CARTESIAN_POINT('',(1.402080031555,12.086785052122));
#2950 = CARTESIAN_POINT('',(1.392413619363,11.986574794602));
#2951 = CARTESIAN_POINT('',(1.38306364676,11.881933584294));
#2952 = CARTESIAN_POINT('',(1.374025345661,11.773114201223));
#2953 = CARTESIAN_POINT('',(1.36529087539,11.660151200557));
#2954 = CARTESIAN_POINT('',(1.356854725716,11.543107739682));
#2955 = CARTESIAN_POINT('',(1.348712720914,11.422104322843));
#2956 = CARTESIAN_POINT('',(1.340847286048,11.296833954623));
#2957 = CARTESIAN_POINT('',(1.333284074995,11.167827254004));
#2958 = CARTESIAN_POINT('',(1.326042933289,11.035537259746));
#2959 = CARTESIAN_POINT('',(1.319153419468,10.900522952275));
#2960 = CARTESIAN_POINT('',(1.312607732567,10.762950245454));
#2961 = CARTESIAN_POINT('',(1.306399730411,10.622792964641));
#2962 = CARTESIAN_POINT('',(1.300531396736,10.480124450119));
#2963 = CARTESIAN_POINT('',(1.295002613066,10.334991377219));
#2964 = CARTESIAN_POINT('',(1.289813900972,10.18744756614));
#2965 = CARTESIAN_POINT('',(1.284965689717,10.03754492257));
#2966 = CARTESIAN_POINT('',(1.280458505138,9.885335865368));
#2967 = CARTESIAN_POINT('',(1.277681462632,9.782360405275));
#2968 = CARTESIAN_POINT('',(1.276349973954,9.730505706434));
#2969 = ( GEOMETRIC_REPRESENTATION_CONTEXT(2) 
PARAMETRIC_REPRESENTATION_CONTEXT() REPRESENTATION_CONTEXT('2D SPACE',''
  ) );
#2970 = PCURVE('',#389,#2971);
#2971 = DEFINITIONAL_REPRESENTATION('',(#2972),#3042);
#2972 = B_SPLINE_CURVE_WITH_KNOTS('',3,(#2973,#2974,#2975,#2976,#2977,
    #2978,#2979,#2980,#2981,#2982,#2983,#2984,#2985,#2986,#2987,#2988,
    #2989,#2990,#2991,#2992,#2993,#2994,#2995,#2996,#2997,#2998,#2999,
    #3000,#3001,#3002,#3003,#3004,#3005,#3006,#3007,#3008,#3009,#3010,
    #3011,#3012,#3013,#3014,#3015,#3016,#3017,#3018,#3019,#3020,#3021,
    #3022,#3023,#3024,#3025,#3026,#3027,#3028,#3029,#3030,#3031,#3032,
    #3033,#3034,#3035,#3036,#3037,#3038,#3039,#3040,#3041),
  .UNSPECIFIED.,.F.,.F.,(4,1,1,1,1,1,1,1,1,1,1,1,1,1,1,1,1,1,1,1,1,1,1,1
    ,1,1,1,1,1,1,1,1,1,1,1,1,1,1,1,1,1,1,1,1,1,1,1,1,1,1,1,1,1,1,1,1,1,1
    ,1,1,1,1,1,1,1,1,4),(7.549232604639E-04,9.172050463627E-04,
    1.079486832261E-03,1.24176861816E-03,1.404050404059E-03,
    1.566332189958E-03,1.728613975856E-03,1.890895761755E-03,
    2.053177547654E-03,2.215459333553E-03,2.377741119452E-03,
    2.54002290535E-03,2.702304691249E-03,2.864586477148E-03,
    3.026868263047E-03,3.189150048945E-03,3.351431834844E-03,
    3.513713620743E-03,3.675995406642E-03,3.83827719254E-03,
    4.000558978439E-03,4.162840764338E-03,4.325122550237E-03,
    4.487404336136E-03,4.649686122034E-03,4.811967907933E-03,
    4.974249693832E-03,5.136531479731E-03,5.298813265629E-03,
    5.461095051528E-03,5.623376837427E-03,5.785658623326E-03,
    5.947940409224E-03,6.110222195123E-03,6.272503981022E-03,
    6.434785766921E-03,6.59706755282E-03,6.759349338718E-03,
    6.921631124617E-03,7.083912910516E-03,7.246194696415E-03,
    7.408476482313E-03,7.570758268212E-03,7.733040054111E-03,
    7.89532184001E-03,8.057603625908E-03,8.219885411807E-03,
    8.382167197706E-03,8.544448983605E-03,8.706730769504E-03,
    8.869012555402E-03,9.031294341301E-03,9.1935761272E-03,
    9.355857913099E-03,9.518139698997E-03,9.680421484896E-03,
    9.842703270795E-03,1.000498505669E-02,1.016726684259E-02,
    1.032954862849E-02,1.049183041439E-02,1.065411220029E-02,
    1.081639398619E-02,1.097867577209E-02,1.114095755799E-02,
    1.130323934388E-02,1.146552112978E-02),.QUASI_UNIFORM_KNOTS.);
#2973 = CARTESIAN_POINT('',(3.557522372752,2.6645352591E-15));
#2974 = CARTESIAN_POINT('',(3.570041645597,5.143983860419E-03));
#2975 = CARTESIAN_POINT('',(3.595007464034,1.582128072895E-02));
#2976 = CARTESIAN_POINT('',(3.632265570944,3.294654899244E-02));
#2977 = CARTESIAN_POINT('',(3.669365289572,5.111975628929E-02));
#2978 = CARTESIAN_POINT('',(3.706322502329,7.028903674932E-02));
#2979 = CARTESIAN_POINT('',(3.743220834098,9.04221950337E-02));
#2980 = CARTESIAN_POINT('',(3.780051665141,0.111438473865));
#2981 = CARTESIAN_POINT('',(3.81666848865,0.133200654552));
#2982 = CARTESIAN_POINT('',(3.852967235571,0.15553150834));
#2983 = CARTESIAN_POINT('',(3.888846092389,0.178239144594));
#2984 = CARTESIAN_POINT('',(3.924417726264,0.201352900305));
#2985 = CARTESIAN_POINT('',(3.959713581291,0.22471815506));
#2986 = CARTESIAN_POINT('',(3.994785983226,0.248235725476));
#2987 = CARTESIAN_POINT('',(4.029684524673,0.271806882274));
#2988 = CARTESIAN_POINT('',(4.064460819589,0.295347372946));
#2989 = CARTESIAN_POINT('',(4.099170184273,0.318788256598));
#2990 = CARTESIAN_POINT('',(4.133857444833,0.342060427054));
#2991 = CARTESIAN_POINT('',(4.168609464114,0.365157562146));
#2992 = CARTESIAN_POINT('',(4.203182949603,0.387693610229));
#2993 = CARTESIAN_POINT('',(4.237573202736,0.409560387349));
#2994 = CARTESIAN_POINT('',(4.271764998777,0.430617219203));
#2995 = CARTESIAN_POINT('',(4.305721814519,0.450688569285));
#2996 = CARTESIAN_POINT('',(4.339570644075,0.469750495397));
#2997 = CARTESIAN_POINT('',(4.37339547224,0.487693732742));
#2998 = CARTESIAN_POINT('',(4.407245451126,0.504403801376));
#2999 = CARTESIAN_POINT('',(4.441273135336,0.519843462243));
#3000 = CARTESIAN_POINT('',(4.47520548089,0.533732227847));
#3001 = CARTESIAN_POINT('',(4.508976154711,0.545971114218));
#3002 = CARTESIAN_POINT('',(4.542606528221,0.556500704944));
#3003 = CARTESIAN_POINT('',(4.57606897615,0.565217025694));
#3004 = CARTESIAN_POINT('',(4.609456490117,0.572102373464));
#3005 = CARTESIAN_POINT('',(4.642892233401,0.577119621831));
#3006 = CARTESIAN_POINT('',(4.676425086892,0.58020429277));
#3007 = CARTESIAN_POINT('',(4.710210624943,0.581331353236));
#3008 = CARTESIAN_POINT('',(4.744064707459,0.580445607557));
#3009 = CARTESIAN_POINT('',(4.777763442366,0.577557444845));
#3010 = CARTESIAN_POINT('',(4.811418616448,0.572725608906));
#3011 = CARTESIAN_POINT('',(4.845049829452,0.566000094842));
#3012 = CARTESIAN_POINT('',(4.878698940333,0.557437139416));
#3013 = CARTESIAN_POINT('',(4.912401252378,0.547093766053));
#3014 = CARTESIAN_POINT('',(4.946187402458,0.535032353957));
#3015 = CARTESIAN_POINT('',(4.980105665771,0.521305871145));
#3016 = CARTESIAN_POINT('',(5.0141318657,0.506010725293));
#3017 = CARTESIAN_POINT('',(5.04801398455,0.48941499791));
#3018 = CARTESIAN_POINT('',(5.081899430195,0.471555344142));
#3019 = CARTESIAN_POINT('',(5.115837114019,0.452545093843));
#3020 = CARTESIAN_POINT('',(5.149915934311,0.432483141297));
#3021 = CARTESIAN_POINT('',(5.18426091305,0.411385079627));
#3022 = CARTESIAN_POINT('',(5.21877389565,0.389495278327));
#3023 = CARTESIAN_POINT('',(5.253398462439,0.366980805627));
#3024 = CARTESIAN_POINT('',(5.288037713856,0.343991103114));
#3025 = CARTESIAN_POINT('',(5.322727737191,0.320679029028));
#3026 = CARTESIAN_POINT('',(5.357534120401,0.297110673307));
#3027 = CARTESIAN_POINT('',(5.392513625196,0.273374720274));
#3028 = CARTESIAN_POINT('',(5.427709923056,0.249590259253));
#3029 = CARTESIAN_POINT('',(5.463257102938,0.225761059419));
#3030 = CARTESIAN_POINT('',(5.499072735965,0.202096371789));
#3031 = CARTESIAN_POINT('',(5.53509073959,0.178764923717));
#3032 = CARTESIAN_POINT('',(5.571202663287,0.155907071403));
#3033 = CARTESIAN_POINT('',(5.607435280843,0.133650148059));
#3034 = CARTESIAN_POINT('',(5.643840975061,0.112043524627));
#3035 = CARTESIAN_POINT('',(5.680439324918,9.114627209284E-02));
#3036 = CARTESIAN_POINT('',(5.71725785265,7.102329135664E-02));
#3037 = CARTESIAN_POINT('',(5.754320754796,5.174617382859E-02));
#3038 = CARTESIAN_POINT('',(5.791651461211,3.339300374973E-02));
#3039 = CARTESIAN_POINT('',(5.829271807775,1.604753366572E-02));
#3040 = CARTESIAN_POINT('',(5.854557825775,5.217026751089E-03));
#3041 = CARTESIAN_POINT('',(5.867255588018,2.6645352591E-15));
#3042 = ( GEOMETRIC_REPRESENTATION_CONTEXT(2) 
PARAMETRIC_REPRESENTATION_CONTEXT() REPRESENTATION_CONTEXT('2D SPACE',''
  ) );
#3043 = ORIENTED_EDGE('',*,*,#401,.F.);
#3044 = FACE_BOUND('',#3045,.T.);
#3045 = EDGE_LOOP('',(#3046,#3047,#3073,#3074));
#3046 = ORIENTED_EDGE('',*,*,#851,.T.);
#3047 = ORIENTED_EDGE('',*,*,#3048,.T.);
#3048 = EDGE_CURVE('',#823,#903,#3049,.T.);
#3049 = SURFACE_CURVE('',#3050,(#3054,#3061),.PCURVE_S1.);
#3050 = LINE('',#3051,#3052);
#3051 = CARTESIAN_POINT('',(6.895444105214E-15,13.5,68.99999995));
#3052 = VECTOR('',#3053,1.);
#3053 = DIRECTION('',(-1.110223024625E-16,-1.110223024625E-16,-1.));
#3054 = PCURVE('',#338,#3055);
#3055 = DEFINITIONAL_REPRESENTATION('',(#3056),#3060);
#3056 = LINE('',#3057,#3058);
#3057 = CARTESIAN_POINT('',(3.14159265359,0.));
#3058 = VECTOR('',#3059,1.);
#3059 = DIRECTION('',(0.,1.));
#3060 = ( GEOMETRIC_REPRESENTATION_CONTEXT(2) 
PARAMETRIC_REPRESENTATION_CONTEXT() REPRESENTATION_CONTEXT('2D SPACE',''
  ) );
#3061 = PCURVE('',#3062,#3067);
#3062 = CYLINDRICAL_SURFACE('',#3063,13.5);
#3063 = AXIS2_PLACEMENT_3D('',#3064,#3065,#3066);
#3064 = CARTESIAN_POINT('',(8.548717284063E-15,7.660538864362E-15,
    68.99999995));
#3065 = DIRECTION('',(-1.110223024625E-16,-1.110223024625E-16,-1.));
#3066 = DIRECTION('',(0.,-1.,1.110223024625E-16));
#3067 = DEFINITIONAL_REPRESENTATION('',(#3068),#3072);
#3068 = LINE('',#3069,#3070);
#3069 = CARTESIAN_POINT('',(3.14159265359,0.));
#3070 = VECTOR('',#3071,1.);
#3071 = DIRECTION('',(0.,1.));
#3072 = ( GEOMETRIC_REPRESENTATION_CONTEXT(2) 
PARAMETRIC_REPRESENTATION_CONTEXT() REPRESENTATION_CONTEXT('2D SPACE',''
  ) );
#3073 = ORIENTED_EDGE('',*,*,#900,.F.);
#3074 = ORIENTED_EDGE('',*,*,#3075,.F.);
#3075 = EDGE_CURVE('',#852,#901,#3076,.T.);
#3076 = SURFACE_CURVE('',#3077,(#3081,#3088),.PCURVE_S1.);
#3077 = LINE('',#3078,#3079);
#3078 = CARTESIAN_POINT('',(8.548717284063E-15,-13.5,68.99999995));
#3079 = VECTOR('',#3080,1.);
#3080 = DIRECTION('',(-1.110223024625E-16,-1.110223024625E-16,-1.));
#3081 = PCURVE('',#338,#3082);
#3082 = DEFINITIONAL_REPRESENTATION('',(#3083),#3087);
#3083 = LINE('',#3084,#3085);
#3084 = CARTESIAN_POINT('',(0.,0.));
#3085 = VECTOR('',#3086,1.);
#3086 = DIRECTION('',(0.,1.));
#3087 = ( GEOMETRIC_REPRESENTATION_CONTEXT(2) 
PARAMETRIC_REPRESENTATION_CONTEXT() REPRESENTATION_CONTEXT('2D SPACE',''
  ) );
#3088 = PCURVE('',#3062,#3089);
#3089 = DEFINITIONAL_REPRESENTATION('',(#3090),#3094);
#3090 = LINE('',#3091,#3092);
#3091 = CARTESIAN_POINT('',(6.28318530718,0.));
#3092 = VECTOR('',#3093,1.);
#3093 = DIRECTION('',(0.,1.));
#3094 = ( GEOMETRIC_REPRESENTATION_CONTEXT(2) 
PARAMETRIC_REPRESENTATION_CONTEXT() REPRESENTATION_CONTEXT('2D SPACE',''
  ) );
#3095 = ADVANCED_FACE('',(#3096,#3125),#194,.F.);
#3096 = FACE_BOUND('',#3097,.T.);
#3097 = EDGE_LOOP('',(#3098,#3124));
#3098 = ORIENTED_EDGE('',*,*,#3099,.T.);
#3099 = EDGE_CURVE('',#1763,#1761,#3100,.T.);
#3100 = SURFACE_CURVE('',#3101,(#3106,#3117),.PCURVE_S1.);
#3101 = CIRCLE('',#3102,10.08);
#3102 = AXIS2_PLACEMENT_3D('',#3103,#3104,#3105);
#3103 = CARTESIAN_POINT('',(-6.772360455765E-15,-7.660538875465E-15,
    -69.00000005));
#3104 = DIRECTION('',(-1.110223024625E-16,-1.110223024625E-16,-1.));
#3105 = DIRECTION('',(0.,-1.,1.110223024625E-16));
#3106 = PCURVE('',#194,#3107);
#3107 = DEFINITIONAL_REPRESENTATION('',(#3108),#3116);
#3108 = ( BOUNDED_CURVE() B_SPLINE_CURVE(2,(#3109,#3110,#3111,#3112,
#3113,#3114,#3115),.UNSPECIFIED.,.T.,.F.) B_SPLINE_CURVE_WITH_KNOTS((1,2
    ,2,2,2,1),(-2.094395102393,0.,2.094395102393,4.188790204786,
6.28318530718,8.377580409573),.UNSPECIFIED.) CURVE() 
GEOMETRIC_REPRESENTATION_ITEM() RATIONAL_B_SPLINE_CURVE((1.,0.5,1.,0.5,
1.,0.5,1.)) REPRESENTATION_ITEM('') );
#3109 = CARTESIAN_POINT('',(-10.08,0.));
#3110 = CARTESIAN_POINT('',(-10.08,17.459072140294));
#3111 = CARTESIAN_POINT('',(5.04,8.729536070147));
#3112 = CARTESIAN_POINT('',(20.16,2.468887947081E-15));
#3113 = CARTESIAN_POINT('',(5.04,-8.729536070147));
#3114 = CARTESIAN_POINT('',(-10.08,-17.45907214029));
#3115 = CARTESIAN_POINT('',(-10.08,0.));
#3116 = ( GEOMETRIC_REPRESENTATION_CONTEXT(2) 
PARAMETRIC_REPRESENTATION_CONTEXT() REPRESENTATION_CONTEXT('2D SPACE',''
  ) );
#3117 = PCURVE('',#1804,#3118);
#3118 = DEFINITIONAL_REPRESENTATION('',(#3119),#3123);
#3119 = LINE('',#3120,#3121);
#3120 = CARTESIAN_POINT('',(9.424777960769,-0.92));
#3121 = VECTOR('',#3122,1.);
#3122 = DIRECTION('',(-1.,0.));
#3123 = ( GEOMETRIC_REPRESENTATION_CONTEXT(2) 
PARAMETRIC_REPRESENTATION_CONTEXT() REPRESENTATION_CONTEXT('2D SPACE',''
  ) );
#3124 = ORIENTED_EDGE('',*,*,#1760,.T.);
#3125 = FACE_BOUND('',#3126,.T.);
#3126 = EDGE_LOOP('',(#3127,#3153));
#3127 = ORIENTED_EDGE('',*,*,#3128,.F.);
#3128 = EDGE_CURVE('',#145,#178,#3129,.T.);
#3129 = SURFACE_CURVE('',#3130,(#3135,#3146),.PCURVE_S1.);
#3130 = CIRCLE('',#3131,4.);
#3131 = AXIS2_PLACEMENT_3D('',#3132,#3133,#3134);
#3132 = CARTESIAN_POINT('',(-6.772360455765E-15,-7.660538875465E-15,
    -69.00000005));
#3133 = DIRECTION('',(-1.110223024625E-16,-1.110223024625E-16,-1.));
#3134 = DIRECTION('',(0.,-1.,1.110223024625E-16));
#3135 = PCURVE('',#194,#3136);
#3136 = DEFINITIONAL_REPRESENTATION('',(#3137),#3145);
#3137 = ( BOUNDED_CURVE() B_SPLINE_CURVE(2,(#3138,#3139,#3140,#3141,
#3142,#3143,#3144),.UNSPECIFIED.,.T.,.F.) B_SPLINE_CURVE_WITH_KNOTS((1,2
    ,2,2,2,1),(-2.094395102393,0.,2.094395102393,4.188790204786,
6.28318530718,8.377580409573),.UNSPECIFIED.) CURVE() 
GEOMETRIC_REPRESENTATION_ITEM() RATIONAL_B_SPLINE_CURVE((1.,0.5,1.,0.5,
1.,0.5,1.)) REPRESENTATION_ITEM('') );
#3138 = CARTESIAN_POINT('',(-4.,0.));
#3139 = CARTESIAN_POINT('',(-4.,6.928203230276));
#3140 = CARTESIAN_POINT('',(2.,3.464101615138));
#3141 = CARTESIAN_POINT('',(8.,9.797174393179E-16));
#3142 = CARTESIAN_POINT('',(2.,-3.464101615138));
#3143 = CARTESIAN_POINT('',(-4.,-6.928203230276));
#3144 = CARTESIAN_POINT('',(-4.,0.));
#3145 = ( GEOMETRIC_REPRESENTATION_CONTEXT(2) 
PARAMETRIC_REPRESENTATION_CONTEXT() REPRESENTATION_CONTEXT('2D SPACE',''
  ) );
#3146 = PCURVE('',#165,#3147);
#3147 = DEFINITIONAL_REPRESENTATION('',(#3148),#3152);
#3148 = LINE('',#3149,#3150);
#3149 = CARTESIAN_POINT('',(0.,111.));
#3150 = VECTOR('',#3151,1.);
#3151 = DIRECTION('',(1.,0.));
#3152 = ( GEOMETRIC_REPRESENTATION_CONTEXT(2) 
PARAMETRIC_REPRESENTATION_CONTEXT() REPRESENTATION_CONTEXT('2D SPACE',''
  ) );
#3153 = ORIENTED_EDGE('',*,*,#177,.F.);
#3154 = ADVANCED_FACE('',(#3155),#3062,.T.);
#3155 = FACE_BOUND('',#3156,.T.);
#3156 = EDGE_LOOP('',(#3157,#3158,#3180,#3181));
#3157 = ORIENTED_EDGE('',*,*,#3048,.F.);
#3158 = ORIENTED_EDGE('',*,*,#3159,.T.);
#3159 = EDGE_CURVE('',#823,#852,#3160,.T.);
#3160 = SURFACE_CURVE('',#3161,(#3166,#3173),.PCURVE_S1.);
#3161 = CIRCLE('',#3162,13.5);
#3162 = AXIS2_PLACEMENT_3D('',#3163,#3164,#3165);
#3163 = CARTESIAN_POINT('',(8.504308363078E-15,7.616129943377E-15,
    68.59999995));
#3164 = DIRECTION('',(-1.110223024625E-16,-1.110223024625E-16,-1.));
#3165 = DIRECTION('',(0.,-1.,1.110223024625E-16));
#3166 = PCURVE('',#3062,#3167);
#3167 = DEFINITIONAL_REPRESENTATION('',(#3168),#3172);
#3168 = LINE('',#3169,#3170);
#3169 = CARTESIAN_POINT('',(0.,0.4));
#3170 = VECTOR('',#3171,1.);
#3171 = DIRECTION('',(1.,0.));
#3172 = ( GEOMETRIC_REPRESENTATION_CONTEXT(2) 
PARAMETRIC_REPRESENTATION_CONTEXT() REPRESENTATION_CONTEXT('2D SPACE',''
  ) );
#3173 = PCURVE('',#839,#3174);
#3174 = DEFINITIONAL_REPRESENTATION('',(#3175),#3179);
#3175 = LINE('',#3176,#3177);
#3176 = CARTESIAN_POINT('',(0.,6.28318530718));
#3177 = VECTOR('',#3178,1.);
#3178 = DIRECTION('',(1.,0.));
#3179 = ( GEOMETRIC_REPRESENTATION_CONTEXT(2) 
PARAMETRIC_REPRESENTATION_CONTEXT() REPRESENTATION_CONTEXT('2D SPACE',''
  ) );
#3180 = ORIENTED_EDGE('',*,*,#3075,.T.);
#3181 = ORIENTED_EDGE('',*,*,#3182,.F.);
#3182 = EDGE_CURVE('',#903,#901,#3183,.T.);
#3183 = SURFACE_CURVE('',#3184,(#3189,#3196),.PCURVE_S1.);
#3184 = CIRCLE('',#3185,13.5);
#3185 = AXIS2_PLACEMENT_3D('',#3186,#3187,#3188);
#3186 = CARTESIAN_POINT('',(6.816769365647E-15,5.928590945947E-15,
    53.39999995));
#3187 = DIRECTION('',(-1.110223024625E-16,-1.110223024625E-16,-1.));
#3188 = DIRECTION('',(0.,-1.,1.110223024625E-16));
#3189 = PCURVE('',#3062,#3190);
#3190 = DEFINITIONAL_REPRESENTATION('',(#3191),#3195);
#3191 = LINE('',#3192,#3193);
#3192 = CARTESIAN_POINT('',(0.,15.6));
#3193 = VECTOR('',#3194,1.);
#3194 = DIRECTION('',(1.,0.));
#3195 = ( GEOMETRIC_REPRESENTATION_CONTEXT(2) 
PARAMETRIC_REPRESENTATION_CONTEXT() REPRESENTATION_CONTEXT('2D SPACE',''
  ) );
#3196 = PCURVE('',#948,#3197);
#3197 = DEFINITIONAL_REPRESENTATION('',(#3198),#3202);
#3198 = LINE('',#3199,#3200);
#3199 = CARTESIAN_POINT('',(0.,0.));
#3200 = VECTOR('',#3201,1.);
#3201 = DIRECTION('',(1.,0.));
#3202 = ( GEOMETRIC_REPRESENTATION_CONTEXT(2) 
PARAMETRIC_REPRESENTATION_CONTEXT() REPRESENTATION_CONTEXT('2D SPACE',''
  ) );
#3203 = ADVANCED_FACE('',(#3204),#2363,.T.);
#3204 = FACE_BOUND('',#3205,.T.);
#3205 = EDGE_LOOP('',(#3206,#3207,#3229,#3230,#3254,#3277,#3306,#3329));
#3206 = ORIENTED_EDGE('',*,*,#2347,.F.);
#3207 = ORIENTED_EDGE('',*,*,#3208,.T.);
#3208 = EDGE_CURVE('',#1562,#1591,#3209,.T.);
#3209 = SURFACE_CURVE('',#3210,(#3215,#3222),.PCURVE_S1.);
#3210 = CIRCLE('',#3211,13.5);
#3211 = AXIS2_PLACEMENT_3D('',#3212,#3213,#3214);
#3212 = CARTESIAN_POINT('',(-3.708144907799E-15,-4.596323327499E-15,
    -41.40000005));
#3213 = DIRECTION('',(-1.110223024625E-16,-1.110223024625E-16,-1.));
#3214 = DIRECTION('',(0.,-1.,1.110223024625E-16));
#3215 = PCURVE('',#2363,#3216);
#3216 = DEFINITIONAL_REPRESENTATION('',(#3217),#3221);
#3217 = LINE('',#3218,#3219);
#3218 = CARTESIAN_POINT('',(0.,110.4));
#3219 = VECTOR('',#3220,1.);
#3220 = DIRECTION('',(1.,0.));
#3221 = ( GEOMETRIC_REPRESENTATION_CONTEXT(2) 
PARAMETRIC_REPRESENTATION_CONTEXT() REPRESENTATION_CONTEXT('2D SPACE',''
  ) );
#3222 = PCURVE('',#1578,#3223);
#3223 = DEFINITIONAL_REPRESENTATION('',(#3224),#3228);
#3224 = LINE('',#3225,#3226);
#3225 = CARTESIAN_POINT('',(0.,6.28318530718));
#3226 = VECTOR('',#3227,1.);
#3227 = DIRECTION('',(1.,0.));
#3228 = ( GEOMETRIC_REPRESENTATION_CONTEXT(2) 
PARAMETRIC_REPRESENTATION_CONTEXT() REPRESENTATION_CONTEXT('2D SPACE',''
  ) );
#3229 = ORIENTED_EDGE('',*,*,#2518,.T.);
#3230 = ORIENTED_EDGE('',*,*,#3231,.T.);
#3231 = EDGE_CURVE('',#2490,#3232,#3234,.T.);
#3232 = VERTEX_POINT('',#3233);
#3233 = CARTESIAN_POINT('',(5.099019513593,-12.5,-48.50000005));
#3234 = SURFACE_CURVE('',#3235,(#3240,#3247),.PCURVE_S1.);
#3235 = CIRCLE('',#3236,13.5);
#3236 = AXIS2_PLACEMENT_3D('',#3237,#3238,#3239);
#3237 = CARTESIAN_POINT('',(-4.496403255283E-15,-5.384581674983E-15,
    -48.50000005));
#3238 = DIRECTION('',(1.110223024625E-16,1.110223024625E-16,1.));
#3239 = DIRECTION('',(0.,1.,-1.110223024625E-16));
#3240 = PCURVE('',#2363,#3241);
#3241 = DEFINITIONAL_REPRESENTATION('',(#3242),#3246);
#3242 = LINE('',#3243,#3244);
#3243 = CARTESIAN_POINT('',(9.424777960769,117.5));
#3244 = VECTOR('',#3245,1.);
#3245 = DIRECTION('',(-1.,0.));
#3246 = ( GEOMETRIC_REPRESENTATION_CONTEXT(2) 
PARAMETRIC_REPRESENTATION_CONTEXT() REPRESENTATION_CONTEXT('2D SPACE',''
  ) );
#3247 = PCURVE('',#2506,#3248);
#3248 = DEFINITIONAL_REPRESENTATION('',(#3249),#3253);
#3249 = CIRCLE('',#3250,13.5);
#3250 = AXIS2_PLACEMENT_2D('',#3251,#3252);
#3251 = CARTESIAN_POINT('',(0.,0.));
#3252 = DIRECTION('',(1.,0.));
#3253 = ( GEOMETRIC_REPRESENTATION_CONTEXT(2) 
PARAMETRIC_REPRESENTATION_CONTEXT() REPRESENTATION_CONTEXT('2D SPACE',''
  ) );
#3254 = ORIENTED_EDGE('',*,*,#3255,.T.);
#3255 = EDGE_CURVE('',#3232,#3256,#3258,.T.);
#3256 = VERTEX_POINT('',#3257);
#3257 = CARTESIAN_POINT('',(5.099019513593,-12.5,-56.60000005));
#3258 = SURFACE_CURVE('',#3259,(#3263,#3270),.PCURVE_S1.);
#3259 = LINE('',#3260,#3261);
#3260 = CARTESIAN_POINT('',(5.099019513593,-12.5,68.99999995));
#3261 = VECTOR('',#3262,1.);
#3262 = DIRECTION('',(-1.110223024625E-16,-1.110223024625E-16,-1.));
#3263 = PCURVE('',#2363,#3264);
#3264 = DEFINITIONAL_REPRESENTATION('',(#3265),#3269);
#3265 = LINE('',#3266,#3267);
#3266 = CARTESIAN_POINT('',(5.895868706291,0.));
#3267 = VECTOR('',#3268,1.);
#3268 = DIRECTION('',(0.,1.));
#3269 = ( GEOMETRIC_REPRESENTATION_CONTEXT(2) 
PARAMETRIC_REPRESENTATION_CONTEXT() REPRESENTATION_CONTEXT('2D SPACE',''
  ) );
#3270 = PCURVE('',#2477,#3271);
#3271 = DEFINITIONAL_REPRESENTATION('',(#3272),#3276);
#3272 = LINE('',#3273,#3274);
#3273 = CARTESIAN_POINT('',(-117.5,-18.59901951359));
#3274 = VECTOR('',#3275,1.);
#3275 = DIRECTION('',(1.,0.));
#3276 = ( GEOMETRIC_REPRESENTATION_CONTEXT(2) 
PARAMETRIC_REPRESENTATION_CONTEXT() REPRESENTATION_CONTEXT('2D SPACE',''
  ) );
#3277 = ORIENTED_EDGE('',*,*,#3278,.F.);
#3278 = EDGE_CURVE('',#3279,#3256,#3281,.T.);
#3279 = VERTEX_POINT('',#3280);
#3280 = CARTESIAN_POINT('',(5.099019513593,12.5,-56.60000005));
#3281 = SURFACE_CURVE('',#3282,(#3287,#3294),.PCURVE_S1.);
#3282 = CIRCLE('',#3283,13.5);
#3283 = AXIS2_PLACEMENT_3D('',#3284,#3285,#3286);
#3284 = CARTESIAN_POINT('',(-5.395683905229E-15,-6.28386232493E-15,
    -56.60000005));
#3285 = DIRECTION('',(-1.110223024625E-16,-1.110223024625E-16,-1.));
#3286 = DIRECTION('',(0.,-1.,1.110223024625E-16));
#3287 = PCURVE('',#2363,#3288);
#3288 = DEFINITIONAL_REPRESENTATION('',(#3289),#3293);
#3289 = LINE('',#3290,#3291);
#3290 = CARTESIAN_POINT('',(-4.440892098501E-16,125.6));
#3291 = VECTOR('',#3292,1.);
#3292 = DIRECTION('',(1.,0.));
#3293 = ( GEOMETRIC_REPRESENTATION_CONTEXT(2) 
PARAMETRIC_REPRESENTATION_CONTEXT() REPRESENTATION_CONTEXT('2D SPACE',''
  ) );
#3294 = PCURVE('',#3295,#3300);
#3295 = TOROIDAL_SURFACE('',#3296,13.1,0.4);
#3296 = AXIS2_PLACEMENT_3D('',#3297,#3298,#3299);
#3297 = CARTESIAN_POINT('',(-5.395683905229E-15,-6.28386232493E-15,
    -56.60000005));
#3298 = DIRECTION('',(-1.110223024625E-16,-1.110223024625E-16,-1.));
#3299 = DIRECTION('',(0.,-1.,1.110223024625E-16));
#3300 = DEFINITIONAL_REPRESENTATION('',(#3301),#3305);
#3301 = LINE('',#3302,#3303);
#3302 = CARTESIAN_POINT('',(-4.440892098501E-16,0.));
#3303 = VECTOR('',#3304,1.);
#3304 = DIRECTION('',(1.,0.));
#3305 = ( GEOMETRIC_REPRESENTATION_CONTEXT(2) 
PARAMETRIC_REPRESENTATION_CONTEXT() REPRESENTATION_CONTEXT('2D SPACE',''
  ) );
#3306 = ORIENTED_EDGE('',*,*,#3307,.T.);
#3307 = EDGE_CURVE('',#3279,#3308,#3310,.T.);
#3308 = VERTEX_POINT('',#3309);
#3309 = CARTESIAN_POINT('',(5.099019513593,12.5,-48.50000005));
#3310 = SURFACE_CURVE('',#3311,(#3315,#3322),.PCURVE_S1.);
#3311 = LINE('',#3312,#3313);
#3312 = CARTESIAN_POINT('',(5.099019513593,12.5,68.99999995));
#3313 = VECTOR('',#3314,1.);
#3314 = DIRECTION('',(1.110223024625E-16,1.110223024625E-16,1.));
#3315 = PCURVE('',#2363,#3316);
#3316 = DEFINITIONAL_REPRESENTATION('',(#3317),#3321);
#3317 = LINE('',#3318,#3319);
#3318 = CARTESIAN_POINT('',(3.528909254478,0.));
#3319 = VECTOR('',#3320,1.);
#3320 = DIRECTION('',(0.,-1.));
#3321 = ( GEOMETRIC_REPRESENTATION_CONTEXT(2) 
PARAMETRIC_REPRESENTATION_CONTEXT() REPRESENTATION_CONTEXT('2D SPACE',''
  ) );
#3322 = PCURVE('',#2420,#3323);
#3323 = DEFINITIONAL_REPRESENTATION('',(#3324),#3328);
#3324 = LINE('',#3325,#3326);
#3325 = CARTESIAN_POINT('',(117.5,8.400980486407));
#3326 = VECTOR('',#3327,1.);
#3327 = DIRECTION('',(1.,0.));
#3328 = ( GEOMETRIC_REPRESENTATION_CONTEXT(2) 
PARAMETRIC_REPRESENTATION_CONTEXT() REPRESENTATION_CONTEXT('2D SPACE',''
  ) );
#3329 = ORIENTED_EDGE('',*,*,#3330,.T.);
#3330 = EDGE_CURVE('',#3308,#2348,#3331,.T.);
#3331 = SURFACE_CURVE('',#3332,(#3337,#3344),.PCURVE_S1.);
#3332 = CIRCLE('',#3333,13.5);
#3333 = AXIS2_PLACEMENT_3D('',#3334,#3335,#3336);
#3334 = CARTESIAN_POINT('',(-4.496403255283E-15,-5.384581674983E-15,
    -48.50000005));
#3335 = DIRECTION('',(1.110223024625E-16,1.110223024625E-16,1.));
#3336 = DIRECTION('',(0.,1.,-1.110223024625E-16));
#3337 = PCURVE('',#2363,#3338);
#3338 = DEFINITIONAL_REPRESENTATION('',(#3339),#3343);
#3339 = LINE('',#3340,#3341);
#3340 = CARTESIAN_POINT('',(9.424777960769,117.5));
#3341 = VECTOR('',#3342,1.);
#3342 = DIRECTION('',(-1.,0.));
#3343 = ( GEOMETRIC_REPRESENTATION_CONTEXT(2) 
PARAMETRIC_REPRESENTATION_CONTEXT() REPRESENTATION_CONTEXT('2D SPACE',''
  ) );
#3344 = PCURVE('',#2392,#3345);
#3345 = DEFINITIONAL_REPRESENTATION('',(#3346),#3350);
#3346 = CIRCLE('',#3347,13.5);
#3347 = AXIS2_PLACEMENT_2D('',#3348,#3349);
#3348 = CARTESIAN_POINT('',(0.,0.));
#3349 = DIRECTION('',(1.,0.));
#3350 = ( GEOMETRIC_REPRESENTATION_CONTEXT(2) 
PARAMETRIC_REPRESENTATION_CONTEXT() REPRESENTATION_CONTEXT('2D SPACE',''
  ) );
#3351 = ADVANCED_FACE('',(#3352),#3295,.T.);
#3352 = FACE_BOUND('',#3353,.T.);
#3353 = EDGE_LOOP('',(#3354,#3355,#3418,#3446));
#3354 = ORIENTED_EDGE('',*,*,#3278,.T.);
#3355 = ORIENTED_EDGE('',*,*,#3356,.T.);
#3356 = EDGE_CURVE('',#3256,#3357,#3359,.T.);
#3357 = VERTEX_POINT('',#3358);
#3358 = CARTESIAN_POINT('',(3.919183588453,-12.5,-57.00000005));
#3359 = SURFACE_CURVE('',#3360,(#3373,#3402),.PCURVE_S1.);
#3360 = B_SPLINE_CURVE_WITH_KNOTS('',3,(#3361,#3362,#3363,#3364,#3365,
    #3366,#3367,#3368,#3369,#3370,#3371,#3372),.UNSPECIFIED.,.F.,.F.,(4,
    2,2,2,2,4),(2.040068366503E-05,1.039841117858E-04,1.875675399065E-04
    ,3.54734396148E-04,6.890681086309E-04,1.357735533597E-03),
  .UNSPECIFIED.);
#3361 = CARTESIAN_POINT('',(5.099019513593,-12.5,-56.60000005));
#3362 = CARTESIAN_POINT('',(5.099019513593,-12.5,-56.62788241143));
#3363 = CARTESIAN_POINT('',(5.090901204399,-12.5,-56.65554926168));
#3364 = CARTESIAN_POINT('',(5.063924431057,-12.5,-56.70508137674));
#3365 = CARTESIAN_POINT('',(5.04602391946,-12.5,-56.72644046651));
#3366 = CARTESIAN_POINT('',(4.985071354521,-12.5,-56.7845274856));
#3367 = CARTESIAN_POINT('',(4.937389368893,-12.5,-56.81340092984));
#3368 = CARTESIAN_POINT('',(4.787192782359,-12.5,-56.88726878841));
#3369 = CARTESIAN_POINT('',(4.681477103862,-12.5,-56.9172310033));
#3370 = CARTESIAN_POINT('',(4.358205063018,-12.5,-56.98596874094));
#3371 = CARTESIAN_POINT('',(4.137262804165,-12.5,-57.00000005));
#3372 = CARTESIAN_POINT('',(3.919183588453,-12.5,-57.00000005));
#3373 = PCURVE('',#3295,#3374);
#3374 = DEFINITIONAL_REPRESENTATION('',(#3375),#3401);
#3375 = B_SPLINE_CURVE_WITH_KNOTS('',3,(#3376,#3377,#3378,#3379,#3380,
    #3381,#3382,#3383,#3384,#3385,#3386,#3387,#3388,#3389,#3390,#3391,
    #3392,#3393,#3394,#3395,#3396,#3397,#3398,#3399,#3400),
  .UNSPECIFIED.,.F.,.F.,(4,1,1,1,1,1,1,1,1,1,1,1,1,1,1,1,1,1,1,1,1,1,4),
  (2.040068366503E-05,8.11886313892E-05,1.419765791134E-04,
    2.027645268375E-04,2.635524745617E-04,3.243404222859E-04,
    3.8512837001E-04,4.459163177342E-04,5.067042654584E-04,
    5.674922131825E-04,6.282801609067E-04,6.890681086309E-04,
    7.498560563551E-04,8.106440040792E-04,8.714319518034E-04,
    9.322198995276E-04,9.930078472517E-04,1.053795794976E-03,
    1.1145837427E-03,1.175371690424E-03,1.236159638148E-03,
    1.296947585873E-03,1.357735533597E-03),.QUASI_UNIFORM_KNOTS.);
#3376 = CARTESIAN_POINT('',(5.895868706291,0.));
#3377 = CARTESIAN_POINT('',(5.895865151813,5.172756365502E-02));
#3378 = CARTESIAN_POINT('',(5.896461980586,0.151499016301));
#3379 = CARTESIAN_POINT('',(5.898665349534,0.287409447012));
#3380 = CARTESIAN_POINT('',(5.901618882108,0.403234599616));
#3381 = CARTESIAN_POINT('',(5.904954577809,0.505385763807));
#3382 = CARTESIAN_POINT('',(5.908567220726,0.595932663435));
#3383 = CARTESIAN_POINT('',(5.91236758135,0.67935243873));
#3384 = CARTESIAN_POINT('',(5.916240064486,0.755976650617));
#3385 = CARTESIAN_POINT('',(5.920191328355,0.82701021364));
#3386 = CARTESIAN_POINT('',(5.924209011765,0.893565158167));
#3387 = CARTESIAN_POINT('',(5.92828519848,0.956610224139));
#3388 = CARTESIAN_POINT('',(5.932412557808,1.01703182279));
#3389 = CARTESIAN_POINT('',(5.93657630458,1.075263547496));
#3390 = CARTESIAN_POINT('',(5.94076777141,1.131303254291));
#3391 = CARTESIAN_POINT('',(5.94498598991,1.185430033055));
#3392 = CARTESIAN_POINT('',(5.949227883632,1.237839749496));
#3393 = CARTESIAN_POINT('',(5.953490896171,1.288735010833));
#3394 = CARTESIAN_POINT('',(5.957772287413,1.338295619422));
#3395 = CARTESIAN_POINT('',(5.96206932257,1.386682631793));
#3396 = CARTESIAN_POINT('',(5.966379222445,1.434034869646));
#3397 = CARTESIAN_POINT('',(5.97069917652,1.480467322901));
#3398 = CARTESIAN_POINT('',(5.975026343983,1.526073338054));
#3399 = CARTESIAN_POINT('',(5.977914008458,1.555966163059));
#3400 = CARTESIAN_POINT('',(5.97935808361,1.570796326795));
#3401 = ( GEOMETRIC_REPRESENTATION_CONTEXT(2) 
PARAMETRIC_REPRESENTATION_CONTEXT() REPRESENTATION_CONTEXT('2D SPACE',''
  ) );
#3402 = PCURVE('',#2477,#3403);
#3403 = DEFINITIONAL_REPRESENTATION('',(#3404),#3417);
#3404 = B_SPLINE_CURVE_WITH_KNOTS('',3,(#3405,#3406,#3407,#3408,#3409,
    #3410,#3411,#3412,#3413,#3414,#3415,#3416),.UNSPECIFIED.,.F.,.F.,(4,
    2,2,2,2,4),(2.040068366503E-05,1.039841117858E-04,1.875675399065E-04
    ,3.54734396148E-04,6.890681086309E-04,1.357735533597E-03),
  .UNSPECIFIED.);
#3405 = CARTESIAN_POINT('',(8.1,-18.59901951359));
#3406 = CARTESIAN_POINT('',(8.127882361431,-18.59901951359));
#3407 = CARTESIAN_POINT('',(8.155549211687,-18.59090120439));
#3408 = CARTESIAN_POINT('',(8.205081326745,-18.56392443105));
#3409 = CARTESIAN_POINT('',(8.226440416519,-18.54602391946));
#3410 = CARTESIAN_POINT('',(8.284527435603,-18.48507135452));
#3411 = CARTESIAN_POINT('',(8.313400879848,-18.43738936889));
#3412 = CARTESIAN_POINT('',(8.387268738416,-18.28719278235));
#3413 = CARTESIAN_POINT('',(8.417230953302,-18.18147710386));
#3414 = CARTESIAN_POINT('',(8.485968690941,-17.85820506301));
#3415 = CARTESIAN_POINT('',(8.5,-17.63726280416));
#3416 = CARTESIAN_POINT('',(8.5,-17.41918358845));
#3417 = ( GEOMETRIC_REPRESENTATION_CONTEXT(2) 
PARAMETRIC_REPRESENTATION_CONTEXT() REPRESENTATION_CONTEXT('2D SPACE',''
  ) );
#3418 = ORIENTED_EDGE('',*,*,#3419,.F.);
#3419 = EDGE_CURVE('',#3420,#3357,#3422,.T.);
#3420 = VERTEX_POINT('',#3421);
#3421 = CARTESIAN_POINT('',(3.919183588453,12.5,-57.00000005));
#3422 = SURFACE_CURVE('',#3423,(#3428,#3435),.PCURVE_S1.);
#3423 = CIRCLE('',#3424,13.1);
#3424 = AXIS2_PLACEMENT_3D('',#3425,#3426,#3427);
#3425 = CARTESIAN_POINT('',(-5.440092826214E-15,-6.328271245915E-15,
    -57.00000005));
#3426 = DIRECTION('',(-1.110223024625E-16,-1.110223024625E-16,-1.));
#3427 = DIRECTION('',(0.,-1.,1.110223024625E-16));
#3428 = PCURVE('',#3295,#3429);
#3429 = DEFINITIONAL_REPRESENTATION('',(#3430),#3434);
#3430 = LINE('',#3431,#3432);
#3431 = CARTESIAN_POINT('',(-4.440892098501E-16,1.570796326795));
#3432 = VECTOR('',#3433,1.);
#3433 = DIRECTION('',(1.,0.));
#3434 = ( GEOMETRIC_REPRESENTATION_CONTEXT(2) 
PARAMETRIC_REPRESENTATION_CONTEXT() REPRESENTATION_CONTEXT('2D SPACE',''
  ) );
#3435 = PCURVE('',#1663,#3436);
#3436 = DEFINITIONAL_REPRESENTATION('',(#3437),#3445);
#3437 = ( BOUNDED_CURVE() B_SPLINE_CURVE(2,(#3438,#3439,#3440,#3441,
#3442,#3443,#3444),.UNSPECIFIED.,.T.,.F.) B_SPLINE_CURVE_WITH_KNOTS((1,2
    ,2,2,2,1),(-2.094395102393,0.,2.094395102393,4.188790204786,
6.28318530718,8.377580409573),.UNSPECIFIED.) CURVE() 
GEOMETRIC_REPRESENTATION_ITEM() RATIONAL_B_SPLINE_CURVE((1.,0.5,1.,0.5,
1.,0.5,1.)) REPRESENTATION_ITEM('') );
#3438 = CARTESIAN_POINT('',(-13.1,-11.));
#3439 = CARTESIAN_POINT('',(-13.1,11.689865579152));
#3440 = CARTESIAN_POINT('',(6.55,0.344932789576));
#3441 = CARTESIAN_POINT('',(26.2,-11.));
#3442 = CARTESIAN_POINT('',(6.55,-22.34493278957));
#3443 = CARTESIAN_POINT('',(-13.1,-33.68986557915));
#3444 = CARTESIAN_POINT('',(-13.1,-11.));
#3445 = ( GEOMETRIC_REPRESENTATION_CONTEXT(2) 
PARAMETRIC_REPRESENTATION_CONTEXT() REPRESENTATION_CONTEXT('2D SPACE',''
  ) );
#3446 = ORIENTED_EDGE('',*,*,#3447,.T.);
#3447 = EDGE_CURVE('',#3420,#3279,#3448,.T.);
#3448 = SURFACE_CURVE('',#3449,(#3460,#3489),.PCURVE_S1.);
#3449 = B_SPLINE_CURVE_WITH_KNOTS('',3,(#3450,#3451,#3452,#3453,#3454,
    #3455,#3456,#3457,#3458,#3459),.UNSPECIFIED.,.F.,.F.,(4,2,2,2,4),(
    4.916002287616E-03,5.587568676287E-03,5.923351870623E-03,
    6.091243467791E-03,6.259135064959E-03),.UNSPECIFIED.);
#3450 = CARTESIAN_POINT('',(3.919183588453,12.5,-57.00000005));
#3451 = CARTESIAN_POINT('',(4.138075923004,12.5,-57.00000005));
#3452 = CARTESIAN_POINT('',(4.355728001283,12.5,-56.98614083481));
#3453 = CARTESIAN_POINT('',(4.677981815355,12.5,-56.91814763142));
#3454 = CARTESIAN_POINT('',(4.786627686564,12.5,-56.88737816741));
#3455 = CARTESIAN_POINT('',(4.936147422946,12.5,-56.81409471472));
#3456 = CARTESIAN_POINT('',(4.984879565138,12.5,-56.7845652633));
#3457 = CARTESIAN_POINT('',(5.065555900854,12.5,-56.70796998313));
#3458 = CARTESIAN_POINT('',(5.099019513593,12.5,-56.65648879242));
#3459 = CARTESIAN_POINT('',(5.099019513593,12.5,-56.60000005));
#3460 = PCURVE('',#3295,#3461);
#3461 = DEFINITIONAL_REPRESENTATION('',(#3462),#3488);
#3462 = B_SPLINE_CURVE_WITH_KNOTS('',3,(#3463,#3464,#3465,#3466,#3467,
    #3468,#3469,#3470,#3471,#3472,#3473,#3474,#3475,#3476,#3477,#3478,
    #3479,#3480,#3481,#3482,#3483,#3484,#3485,#3486,#3487),
  .UNSPECIFIED.,.F.,.F.,(4,1,1,1,1,1,1,1,1,1,1,1,1,1,1,1,1,1,1,1,1,1,4),
  (4.916002287616E-03,4.977053777496E-03,5.038105267375E-03,
    5.099156757254E-03,5.160208247133E-03,5.221259737012E-03,
    5.282311226891E-03,5.343362716771E-03,5.40441420665E-03,
    5.465465696529E-03,5.526517186408E-03,5.587568676287E-03,
    5.648620166167E-03,5.709671656046E-03,5.770723145925E-03,
    5.831774635804E-03,5.892826125683E-03,5.953877615563E-03,
    6.014929105442E-03,6.075980595321E-03,6.1370320852E-03,
    6.198083575079E-03,6.259135064959E-03),.QUASI_UNIFORM_KNOTS.);
#3463 = CARTESIAN_POINT('',(3.445419877159,1.570796326795));
#3464 = CARTESIAN_POINT('',(3.446869334743,1.555910675791));
#3465 = CARTESIAN_POINT('',(3.449762801609,1.525956843819));
#3466 = CARTESIAN_POINT('',(3.454086074389,1.480392847927));
#3467 = CARTESIAN_POINT('',(3.458391833377,1.434120415076));
#3468 = CARTESIAN_POINT('',(3.462679505115,1.387027714697));
#3469 = CARTESIAN_POINT('',(3.46694852211,1.338979957206));
#3470 = CARTESIAN_POINT('',(3.471198334209,1.289817087838));
#3471 = CARTESIAN_POINT('',(3.47542837034,1.239356875868));
#3472 = CARTESIAN_POINT('',(3.479638180532,1.187395310154));
#3473 = CARTESIAN_POINT('',(3.48382690638,1.133716443585));
#3474 = CARTESIAN_POINT('',(3.487995257395,1.078072960904));
#3475 = CARTESIAN_POINT('',(3.492138135315,1.020282620702));
#3476 = CARTESIAN_POINT('',(3.49627216065,0.95990170143));
#3477 = CARTESIAN_POINT('',(3.500388455823,0.896322972027));
#3478 = CARTESIAN_POINT('',(3.504456650721,0.829055558491));
#3479 = CARTESIAN_POINT('',(3.508452869548,0.757425485625));
#3480 = CARTESIAN_POINT('',(3.51235066648,0.680566651785));
#3481 = CARTESIAN_POINT('',(3.516129267626,0.597855356026));
#3482 = CARTESIAN_POINT('',(3.519781328669,0.506258919263));
#3483 = CARTESIAN_POINT('',(3.523129991177,0.404505038333));
#3484 = CARTESIAN_POINT('',(3.526089451052,0.287573180722));
#3485 = CARTESIAN_POINT('',(3.528304131103,0.150795127533));
#3486 = CARTESIAN_POINT('',(3.528908805148,5.123183698045E-02));
#3487 = CARTESIAN_POINT('',(3.528909254478,0.));
#3488 = ( GEOMETRIC_REPRESENTATION_CONTEXT(2) 
PARAMETRIC_REPRESENTATION_CONTEXT() REPRESENTATION_CONTEXT('2D SPACE',''
  ) );
#3489 = PCURVE('',#2420,#3490);
#3490 = DEFINITIONAL_REPRESENTATION('',(#3491),#3502);
#3491 = B_SPLINE_CURVE_WITH_KNOTS('',3,(#3492,#3493,#3494,#3495,#3496,
    #3497,#3498,#3499,#3500,#3501),.UNSPECIFIED.,.F.,.F.,(4,2,2,2,4),(
    4.916002287616E-03,5.587568676287E-03,5.923351870623E-03,
    6.091243467791E-03,6.259135064959E-03),.UNSPECIFIED.);
#3492 = CARTESIAN_POINT('',(-8.5,9.580816411547));
#3493 = CARTESIAN_POINT('',(-8.5,9.361924076996));
#3494 = CARTESIAN_POINT('',(-8.486140784812,9.144271998717));
#3495 = CARTESIAN_POINT('',(-8.418147581427,8.822018184645));
#3496 = CARTESIAN_POINT('',(-8.387378117411,8.713372313436));
#3497 = CARTESIAN_POINT('',(-8.314094664722,8.563852577054));
#3498 = CARTESIAN_POINT('',(-8.284565213305,8.515120434862));
#3499 = CARTESIAN_POINT('',(-8.207969933138,8.434444099146));
#3500 = CARTESIAN_POINT('',(-8.15648874242,8.400980486407));
#3501 = CARTESIAN_POINT('',(-8.1,8.400980486407));
#3502 = ( GEOMETRIC_REPRESENTATION_CONTEXT(2) 
PARAMETRIC_REPRESENTATION_CONTEXT() REPRESENTATION_CONTEXT('2D SPACE',''
  ) );
#3503 = ADVANCED_FACE('',(#3504),#1804,.T.);
#3504 = FACE_BOUND('',#3505,.T.);
#3505 = EDGE_LOOP('',(#3506,#3507,#3508,#3509));
#3506 = ORIENTED_EDGE('',*,*,#1790,.F.);
#3507 = ORIENTED_EDGE('',*,*,#3099,.F.);
#3508 = ORIENTED_EDGE('',*,*,#1817,.T.);
#3509 = ORIENTED_EDGE('',*,*,#3510,.T.);
#3510 = EDGE_CURVE('',#1680,#1708,#3511,.T.);
#3511 = SURFACE_CURVE('',#3512,(#3517,#3524),.PCURVE_S1.);
#3512 = CIRCLE('',#3513,11.);
#3513 = AXIS2_PLACEMENT_3D('',#3514,#3515,#3516);
#3514 = CARTESIAN_POINT('',(-6.670219937499E-15,-7.558398357199E-15,
    -68.08000005));
#3515 = DIRECTION('',(-1.110223024625E-16,-1.110223024625E-16,-1.));
#3516 = DIRECTION('',(0.,-1.,1.110223024625E-16));
#3517 = PCURVE('',#1804,#3518);
#3518 = DEFINITIONAL_REPRESENTATION('',(#3519),#3523);
#3519 = LINE('',#3520,#3521);
#3520 = CARTESIAN_POINT('',(9.424777960769,0.));
#3521 = VECTOR('',#3522,1.);
#3522 = DIRECTION('',(-1.,0.));
#3523 = ( GEOMETRIC_REPRESENTATION_CONTEXT(2) 
PARAMETRIC_REPRESENTATION_CONTEXT() REPRESENTATION_CONTEXT('2D SPACE',''
  ) );
#3524 = PCURVE('',#1695,#3525);
#3525 = DEFINITIONAL_REPRESENTATION('',(#3526),#3530);
#3526 = LINE('',#3527,#3528);
#3527 = CARTESIAN_POINT('',(0.,137.08));
#3528 = VECTOR('',#3529,1.);
#3529 = DIRECTION('',(1.,0.));
#3530 = ( GEOMETRIC_REPRESENTATION_CONTEXT(2) 
PARAMETRIC_REPRESENTATION_CONTEXT() REPRESENTATION_CONTEXT('2D SPACE',''
  ) );
#3531 = ADVANCED_FACE('',(#3532),#1695,.T.);
#3532 = FACE_BOUND('',#3533,.T.);
#3533 = EDGE_LOOP('',(#3534,#3535,#3561,#3562));
#3534 = ORIENTED_EDGE('',*,*,#1679,.F.);
#3535 = ORIENTED_EDGE('',*,*,#3536,.T.);
#3536 = EDGE_CURVE('',#1642,#1640,#3537,.T.);
#3537 = SURFACE_CURVE('',#3538,(#3543,#3550),.PCURVE_S1.);
#3538 = CIRCLE('',#3539,11.);
#3539 = AXIS2_PLACEMENT_3D('',#3540,#3541,#3542);
#3540 = CARTESIAN_POINT('',(-5.440092826214E-15,-6.328271245915E-15,
    -57.00000005));
#3541 = DIRECTION('',(-1.110223024625E-16,-1.110223024625E-16,-1.));
#3542 = DIRECTION('',(0.,-1.,1.110223024625E-16));
#3543 = PCURVE('',#1695,#3544);
#3544 = DEFINITIONAL_REPRESENTATION('',(#3545),#3549);
#3545 = LINE('',#3546,#3547);
#3546 = CARTESIAN_POINT('',(0.,126.));
#3547 = VECTOR('',#3548,1.);
#3548 = DIRECTION('',(1.,0.));
#3549 = ( GEOMETRIC_REPRESENTATION_CONTEXT(2) 
PARAMETRIC_REPRESENTATION_CONTEXT() REPRESENTATION_CONTEXT('2D SPACE',''
  ) );
#3550 = PCURVE('',#1663,#3551);
#3551 = DEFINITIONAL_REPRESENTATION('',(#3552),#3560);
#3552 = ( BOUNDED_CURVE() B_SPLINE_CURVE(2,(#3553,#3554,#3555,#3556,
#3557,#3558,#3559),.UNSPECIFIED.,.T.,.F.) B_SPLINE_CURVE_WITH_KNOTS((1,2
    ,2,2,2,1),(-2.094395102393,0.,2.094395102393,4.188790204786,
6.28318530718,8.377580409573),.UNSPECIFIED.) CURVE() 
GEOMETRIC_REPRESENTATION_ITEM() RATIONAL_B_SPLINE_CURVE((1.,0.5,1.,0.5,
1.,0.5,1.)) REPRESENTATION_ITEM('') );
#3553 = CARTESIAN_POINT('',(-11.,-11.));
#3554 = CARTESIAN_POINT('',(-11.,8.052558883258));
#3555 = CARTESIAN_POINT('',(5.5,-1.473720558371));
#3556 = CARTESIAN_POINT('',(22.,-11.));
#3557 = CARTESIAN_POINT('',(5.5,-20.52627944162));
#3558 = CARTESIAN_POINT('',(-11.,-30.05255888325));
#3559 = CARTESIAN_POINT('',(-11.,-11.));
#3560 = ( GEOMETRIC_REPRESENTATION_CONTEXT(2) 
PARAMETRIC_REPRESENTATION_CONTEXT() REPRESENTATION_CONTEXT('2D SPACE',''
  ) );
#3561 = ORIENTED_EDGE('',*,*,#1736,.T.);
#3562 = ORIENTED_EDGE('',*,*,#3510,.F.);
#3563 = ADVANCED_FACE('',(#3564,#3568),#1663,.F.);
#3564 = FACE_BOUND('',#3565,.T.);
#3565 = EDGE_LOOP('',(#3566,#3567));
#3566 = ORIENTED_EDGE('',*,*,#1639,.F.);
#3567 = ORIENTED_EDGE('',*,*,#3536,.F.);
#3568 = FACE_BOUND('',#3569,.T.);
#3569 = EDGE_LOOP('',(#3570,#3571,#3594,#3622));
#3570 = ORIENTED_EDGE('',*,*,#3419,.T.);
#3571 = ORIENTED_EDGE('',*,*,#3572,.F.);
#3572 = EDGE_CURVE('',#3573,#3357,#3575,.T.);
#3573 = VERTEX_POINT('',#3574);
#3574 = CARTESIAN_POINT('',(-3.919183588453,-12.5,-57.00000005));
#3575 = SURFACE_CURVE('',#3576,(#3580,#3587),.PCURVE_S1.);
#3576 = LINE('',#3577,#3578);
#3577 = CARTESIAN_POINT('',(-13.5,-12.5,-57.00000005));
#3578 = VECTOR('',#3579,1.);
#3579 = DIRECTION('',(1.,-1.232595164408E-32,-1.110223024625E-16));
#3580 = PCURVE('',#1663,#3581);
#3581 = DEFINITIONAL_REPRESENTATION('',(#3582),#3586);
#3582 = LINE('',#3583,#3584);
#3583 = CARTESIAN_POINT('',(-12.5,2.5));
#3584 = VECTOR('',#3585,1.);
#3585 = DIRECTION('',(0.,-1.));
#3586 = ( GEOMETRIC_REPRESENTATION_CONTEXT(2) 
PARAMETRIC_REPRESENTATION_CONTEXT() REPRESENTATION_CONTEXT('2D SPACE',''
  ) );
#3587 = PCURVE('',#2477,#3588);
#3588 = DEFINITIONAL_REPRESENTATION('',(#3589),#3593);
#3589 = LINE('',#3590,#3591);
#3590 = CARTESIAN_POINT('',(8.5,8.326672684689E-16));
#3591 = VECTOR('',#3592,1.);
#3592 = DIRECTION('',(0.,-1.));
#3593 = ( GEOMETRIC_REPRESENTATION_CONTEXT(2) 
PARAMETRIC_REPRESENTATION_CONTEXT() REPRESENTATION_CONTEXT('2D SPACE',''
  ) );
#3594 = ORIENTED_EDGE('',*,*,#3595,.T.);
#3595 = EDGE_CURVE('',#3573,#3596,#3598,.T.);
#3596 = VERTEX_POINT('',#3597);
#3597 = CARTESIAN_POINT('',(-3.919183588453,12.5,-57.00000005));
#3598 = SURFACE_CURVE('',#3599,(#3604,#3615),.PCURVE_S1.);
#3599 = CIRCLE('',#3600,13.1);
#3600 = AXIS2_PLACEMENT_3D('',#3601,#3602,#3603);
#3601 = CARTESIAN_POINT('',(-5.440092826214E-15,-6.328271245915E-15,
    -57.00000005));
#3602 = DIRECTION('',(-1.110223024625E-16,-1.110223024625E-16,-1.));
#3603 = DIRECTION('',(0.,-1.,1.110223024625E-16));
#3604 = PCURVE('',#1663,#3605);
#3605 = DEFINITIONAL_REPRESENTATION('',(#3606),#3614);
#3606 = ( BOUNDED_CURVE() B_SPLINE_CURVE(2,(#3607,#3608,#3609,#3610,
#3611,#3612,#3613),.UNSPECIFIED.,.T.,.F.) B_SPLINE_CURVE_WITH_KNOTS((1,2
    ,2,2,2,1),(-2.094395102393,0.,2.094395102393,4.188790204786,
6.28318530718,8.377580409573),.UNSPECIFIED.) CURVE() 
GEOMETRIC_REPRESENTATION_ITEM() RATIONAL_B_SPLINE_CURVE((1.,0.5,1.,0.5,
1.,0.5,1.)) REPRESENTATION_ITEM('') );
#3607 = CARTESIAN_POINT('',(-13.1,-11.));
#3608 = CARTESIAN_POINT('',(-13.1,11.689865579152));
#3609 = CARTESIAN_POINT('',(6.55,0.344932789576));
#3610 = CARTESIAN_POINT('',(26.2,-11.));
#3611 = CARTESIAN_POINT('',(6.55,-22.34493278957));
#3612 = CARTESIAN_POINT('',(-13.1,-33.68986557915));
#3613 = CARTESIAN_POINT('',(-13.1,-11.));
#3614 = ( GEOMETRIC_REPRESENTATION_CONTEXT(2) 
PARAMETRIC_REPRESENTATION_CONTEXT() REPRESENTATION_CONTEXT('2D SPACE',''
  ) );
#3615 = PCURVE('',#2449,#3616);
#3616 = DEFINITIONAL_REPRESENTATION('',(#3617),#3621);
#3617 = LINE('',#3618,#3619);
#3618 = CARTESIAN_POINT('',(0.,1.570796326795));
#3619 = VECTOR('',#3620,1.);
#3620 = DIRECTION('',(1.,0.));
#3621 = ( GEOMETRIC_REPRESENTATION_CONTEXT(2) 
PARAMETRIC_REPRESENTATION_CONTEXT() REPRESENTATION_CONTEXT('2D SPACE',''
  ) );
#3622 = ORIENTED_EDGE('',*,*,#3623,.F.);
#3623 = EDGE_CURVE('',#3420,#3596,#3624,.T.);
#3624 = SURFACE_CURVE('',#3625,(#3629,#3636),.PCURVE_S1.);
#3625 = LINE('',#3626,#3627);
#3626 = CARTESIAN_POINT('',(13.5,12.5,-57.00000005));
#3627 = VECTOR('',#3628,1.);
#3628 = DIRECTION('',(-1.,1.232595164408E-32,1.110223024625E-16));
#3629 = PCURVE('',#1663,#3630);
#3630 = DEFINITIONAL_REPRESENTATION('',(#3631),#3635);
#3631 = LINE('',#3632,#3633);
#3632 = CARTESIAN_POINT('',(12.5,-24.5));
#3633 = VECTOR('',#3634,1.);
#3634 = DIRECTION('',(0.,1.));
#3635 = ( GEOMETRIC_REPRESENTATION_CONTEXT(2) 
PARAMETRIC_REPRESENTATION_CONTEXT() REPRESENTATION_CONTEXT('2D SPACE',''
  ) );
#3636 = PCURVE('',#2420,#3637);
#3637 = DEFINITIONAL_REPRESENTATION('',(#3638),#3642);
#3638 = LINE('',#3639,#3640);
#3639 = CARTESIAN_POINT('',(-8.5,8.326672684689E-16));
#3640 = VECTOR('',#3641,1.);
#3641 = DIRECTION('',(0.,1.));
#3642 = ( GEOMETRIC_REPRESENTATION_CONTEXT(2) 
PARAMETRIC_REPRESENTATION_CONTEXT() REPRESENTATION_CONTEXT('2D SPACE',''
  ) );
#3643 = ADVANCED_FACE('',(#3644),#2449,.T.);
#3644 = FACE_BOUND('',#3645,.T.);
#3645 = EDGE_LOOP('',(#3646,#3647,#3704,#3705));
#3646 = ORIENTED_EDGE('',*,*,#3595,.F.);
#3647 = ORIENTED_EDGE('',*,*,#3648,.T.);
#3648 = EDGE_CURVE('',#3573,#2433,#3649,.T.);
#3649 = SURFACE_CURVE('',#3650,(#3661,#3690),.PCURVE_S1.);
#3650 = B_SPLINE_CURVE_WITH_KNOTS('',3,(#3651,#3652,#3653,#3654,#3655,
    #3656,#3657,#3658,#3659,#3660),.UNSPECIFIED.,.F.,.F.,(4,2,2,2,4),(
    1.814183814067E-03,2.48368958752E-03,2.818442474246E-03,
    2.985818917609E-03,3.153195360972E-03),.UNSPECIFIED.);
#3651 = CARTESIAN_POINT('',(-3.919183588453,-12.5,-57.00000005));
#3652 = CARTESIAN_POINT('',(-4.138659475095,-12.5,-57.00000005));
#3653 = CARTESIAN_POINT('',(-4.357181869505,-12.5,-56.98616048326));
#3654 = CARTESIAN_POINT('',(-4.681645153061,-12.5,-56.91720816059));
#3655 = CARTESIAN_POINT('',(-4.789156445909,-12.5,-56.88652331602));
#3656 = CARTESIAN_POINT('',(-4.938412132878,-12.5,-56.81278555953));
#3657 = CARTESIAN_POINT('',(-4.986424291003,-12.5,-56.78344407465));
#3658 = CARTESIAN_POINT('',(-5.066393147989,-12.5,-56.70681929001));
#3659 = CARTESIAN_POINT('',(-5.099019513593,-12.5,-56.65620849549));
#3660 = CARTESIAN_POINT('',(-5.099019513593,-12.5,-56.60000005));
#3661 = PCURVE('',#2449,#3662);
#3662 = DEFINITIONAL_REPRESENTATION('',(#3663),#3689);
#3663 = B_SPLINE_CURVE_WITH_KNOTS('',3,(#3664,#3665,#3666,#3667,#3668,
    #3669,#3670,#3671,#3672,#3673,#3674,#3675,#3676,#3677,#3678,#3679,
    #3680,#3681,#3682,#3683,#3684,#3685,#3686,#3687,#3688),
  .UNSPECIFIED.,.F.,.F.,(4,1,1,1,1,1,1,1,1,1,1,1,1,1,1,1,1,1,1,1,1,1,4),
  (1.814183814067E-03,1.87504797529E-03,1.935912136513E-03,
    1.996776297736E-03,2.057640458959E-03,2.118504620182E-03,
    2.179368781405E-03,2.240232942628E-03,2.301097103851E-03,
    2.361961265074E-03,2.422825426297E-03,2.48368958752E-03,
    2.544553748743E-03,2.605417909966E-03,2.666282071189E-03,
    2.727146232412E-03,2.788010393634E-03,2.848874554857E-03,
    2.90973871608E-03,2.970602877303E-03,3.031467038526E-03,
    3.092331199749E-03,3.153195360972E-03),.QUASI_UNIFORM_KNOTS.);
#3664 = CARTESIAN_POINT('',(0.30382722357,1.570796326795));
#3665 = CARTESIAN_POINT('',(0.305280545202,1.555870894191));
#3666 = CARTESIAN_POINT('',(0.308182064719,1.525833244839));
#3667 = CARTESIAN_POINT('',(0.312518482489,1.48012843189));
#3668 = CARTESIAN_POINT('',(0.316838545505,1.433698242916));
#3669 = CARTESIAN_POINT('',(0.321141770988,1.386427317966));
#3670 = CARTESIAN_POINT('',(0.325427683229,1.338176234042));
#3671 = CARTESIAN_POINT('',(0.329695814123,1.288779261006));
#3672 = CARTESIAN_POINT('',(0.333945704785,1.238046946737));
#3673 = CARTESIAN_POINT('',(0.338176898867,1.185768947819));
#3674 = CARTESIAN_POINT('',(0.342388967931,1.131715373212));
#3675 = CARTESIAN_POINT('',(0.346581416873,1.075650062884));
#3676 = CARTESIAN_POINT('',(0.350754037014,1.017306453071));
#3677 = CARTESIAN_POINT('',(0.354905588476,0.956513284444));
#3678 = CARTESIAN_POINT('',(0.359016679762,0.892839645923));
#3679 = CARTESIAN_POINT('',(0.363068974208,0.825605212051));
#3680 = CARTESIAN_POINT('',(0.367044846905,0.754025740172));
#3681 = CARTESIAN_POINT('',(0.370924153436,0.677129912302));
#3682 = CARTESIAN_POINT('',(0.374697469092,0.594079112174));
#3683 = CARTESIAN_POINT('',(0.378313711773,0.502856318043));
#3684 = CARTESIAN_POINT('',(0.38162527961,0.401425004259));
#3685 = CARTESIAN_POINT('',(0.38455574818,0.284775803207));
#3686 = CARTESIAN_POINT('',(0.386726173471,0.149651716955));
#3687 = CARTESIAN_POINT('',(0.387316305899,5.097614192694E-02));
#3688 = CARTESIAN_POINT('',(0.387316600889,0.));
#3689 = ( GEOMETRIC_REPRESENTATION_CONTEXT(2) 
PARAMETRIC_REPRESENTATION_CONTEXT() REPRESENTATION_CONTEXT('2D SPACE',''
  ) );
#3690 = PCURVE('',#2477,#3691);
#3691 = DEFINITIONAL_REPRESENTATION('',(#3692),#3703);
#3692 = B_SPLINE_CURVE_WITH_KNOTS('',3,(#3693,#3694,#3695,#3696,#3697,
    #3698,#3699,#3700,#3701,#3702),.UNSPECIFIED.,.F.,.F.,(4,2,2,2,4),(
    1.814183814067E-03,2.48368958752E-03,2.818442474246E-03,
    2.985818917609E-03,3.153195360972E-03),.UNSPECIFIED.);
#3693 = CARTESIAN_POINT('',(8.5,-9.580816411547));
#3694 = CARTESIAN_POINT('',(8.5,-9.361340524905));
#3695 = CARTESIAN_POINT('',(8.486160433267,-9.142818130495));
#3696 = CARTESIAN_POINT('',(8.41720811059,-8.818354846939));
#3697 = CARTESIAN_POINT('',(8.386523266026,-8.710843554091));
#3698 = CARTESIAN_POINT('',(8.312785509539,-8.561587867122));
#3699 = CARTESIAN_POINT('',(8.283444024659,-8.513575708997));
#3700 = CARTESIAN_POINT('',(8.206819240016,-8.433606852011));
#3701 = CARTESIAN_POINT('',(8.156208445495,-8.400980486407));
#3702 = CARTESIAN_POINT('',(8.1,-8.400980486407));
#3703 = ( GEOMETRIC_REPRESENTATION_CONTEXT(2) 
PARAMETRIC_REPRESENTATION_CONTEXT() REPRESENTATION_CONTEXT('2D SPACE',''
  ) );
#3704 = ORIENTED_EDGE('',*,*,#2432,.T.);
#3705 = ORIENTED_EDGE('',*,*,#3706,.T.);
#3706 = EDGE_CURVE('',#2405,#3596,#3707,.T.);
#3707 = SURFACE_CURVE('',#3708,(#3719,#3748),.PCURVE_S1.);
#3708 = B_SPLINE_CURVE_WITH_KNOTS('',3,(#3709,#3710,#3711,#3712,#3713,
    #3714,#3715,#3716,#3717,#3718),.UNSPECIFIED.,.F.,.F.,(4,2,2,2,4),(
    3.109963766223E-03,3.277424093616E-03,3.444884421009E-03,
    3.779805075795E-03,4.449646385367E-03),.UNSPECIFIED.);
#3709 = CARTESIAN_POINT('',(-5.099019513593,12.5,-56.60000005));
#3710 = CARTESIAN_POINT('',(-5.099019513593,12.5,-56.6561237714));
#3711 = CARTESIAN_POINT('',(-5.066114913368,12.5,-56.70720869412));
#3712 = CARTESIAN_POINT('',(-4.985873056148,12.5,-56.78384817615));
#3713 = CARTESIAN_POINT('',(-4.937623126885,12.5,-56.81322596464));
#3714 = CARTESIAN_POINT('',(-4.788890955663,12.5,-56.8865523158));
#3715 = CARTESIAN_POINT('',(-4.681292077118,12.5,-56.91724636766));
#3716 = CARTESIAN_POINT('',(-4.359860442006,12.5,-56.98566456833));
#3717 = CARTESIAN_POINT('',(-4.138221682556,12.5,-57.00000005));
#3718 = CARTESIAN_POINT('',(-3.919183588453,12.5,-57.00000005));
#3719 = PCURVE('',#2449,#3720);
#3720 = DEFINITIONAL_REPRESENTATION('',(#3721),#3747);
#3721 = B_SPLINE_CURVE_WITH_KNOTS('',3,(#3722,#3723,#3724,#3725,#3726,
    #3727,#3728,#3729,#3730,#3731,#3732,#3733,#3734,#3735,#3736,#3737,
    #3738,#3739,#3740,#3741,#3742,#3743,#3744,#3745,#3746),
  .UNSPECIFIED.,.F.,.F.,(4,1,1,1,1,1,1,1,1,1,1,1,1,1,1,1,1,1,1,1,1,1,4),
  (3.109963766223E-03,3.17085843073E-03,3.231753095236E-03,
    3.292647759743E-03,3.353542424249E-03,3.414437088756E-03,
    3.475331753262E-03,3.536226417769E-03,3.597121082275E-03,
    3.658015746782E-03,3.718910411289E-03,3.779805075795E-03,
    3.840699740302E-03,3.901594404808E-03,3.962489069315E-03,
    4.023383733821E-03,4.084278398328E-03,4.145173062834E-03,
    4.206067727341E-03,4.266962391848E-03,4.327857056354E-03,
    4.388751720861E-03,4.449646385367E-03),.QUASI_UNIFORM_KNOTS.);
#3722 = CARTESIAN_POINT('',(2.754276052701,0.));
#3723 = CARTESIAN_POINT('',(2.754276390713,5.09011962228E-02));
#3724 = CARTESIAN_POINT('',(2.75487139572,0.149785043677));
#3725 = CARTESIAN_POINT('',(2.757056771904,0.285683084534));
#3726 = CARTESIAN_POINT('',(2.759998467759,0.402530362863));
#3727 = CARTESIAN_POINT('',(2.763322441837,0.504032125435));
#3728 = CARTESIAN_POINT('',(2.766945204602,0.595244452326));
#3729 = CARTESIAN_POINT('',(2.770704236135,0.677857464647));
#3730 = CARTESIAN_POINT('',(2.774575401288,0.754500760405));
#3731 = CARTESIAN_POINT('',(2.778542850954,0.825882253626));
#3732 = CARTESIAN_POINT('',(2.782582877134,0.892911173063));
#3733 = CARTESIAN_POINT('',(2.78667525142,0.956316833672));
#3734 = CARTESIAN_POINT('',(2.790792051299,1.016638242664));
#3735 = CARTESIAN_POINT('',(2.794930988076,1.074533894463));
#3736 = CARTESIAN_POINT('',(2.799109345252,1.130425928603));
#3737 = CARTESIAN_POINT('',(2.803318598567,1.184464106716));
#3738 = CARTESIAN_POINT('',(2.807557085506,1.23686275909));
#3739 = CARTESIAN_POINT('',(2.811821251702,1.287803630448));
#3740 = CARTESIAN_POINT('',(2.816107996821,1.337457047552));
#3741 = CARTESIAN_POINT('',(2.820414046385,1.385972795864));
#3742 = CARTESIAN_POINT('',(2.824736121053,1.43348043401));
#3743 = CARTESIAN_POINT('',(2.82907089086,1.480086940552));
#3744 = CARTESIAN_POINT('',(2.833414992848,1.525879068322));
#3745 = CARTESIAN_POINT('',(2.836315004847,1.55590110523));
#3746 = CARTESIAN_POINT('',(2.83776543002,1.570796326795));
#3747 = ( GEOMETRIC_REPRESENTATION_CONTEXT(2) 
PARAMETRIC_REPRESENTATION_CONTEXT() REPRESENTATION_CONTEXT('2D SPACE',''
  ) );
#3748 = PCURVE('',#2420,#3749);
#3749 = DEFINITIONAL_REPRESENTATION('',(#3750),#3761);
#3750 = B_SPLINE_CURVE_WITH_KNOTS('',3,(#3751,#3752,#3753,#3754,#3755,
    #3756,#3757,#3758,#3759,#3760),.UNSPECIFIED.,.F.,.F.,(4,2,2,2,4),(
    3.109963766223E-03,3.277424093616E-03,3.444884421009E-03,
    3.779805075795E-03,4.449646385367E-03),.UNSPECIFIED.);
#3751 = CARTESIAN_POINT('',(-8.1,18.599019513593));
#3752 = CARTESIAN_POINT('',(-8.156123721401,18.599019513593));
#3753 = CARTESIAN_POINT('',(-8.207208644128,18.566114913368));
#3754 = CARTESIAN_POINT('',(-8.28384812615,18.485873056148));
#3755 = CARTESIAN_POINT('',(-8.313225914646,18.437623126885));
#3756 = CARTESIAN_POINT('',(-8.3865522658,18.288890955663));
#3757 = CARTESIAN_POINT('',(-8.417246317666,18.181292077118));
#3758 = CARTESIAN_POINT('',(-8.485664518334,17.859860442006));
#3759 = CARTESIAN_POINT('',(-8.5,17.638221682556));
#3760 = CARTESIAN_POINT('',(-8.5,17.419183588453));
#3761 = ( GEOMETRIC_REPRESENTATION_CONTEXT(2) 
PARAMETRIC_REPRESENTATION_CONTEXT() REPRESENTATION_CONTEXT('2D SPACE',''
  ) );
#3762 = ADVANCED_FACE('',(#3763),#1578,.T.);
#3763 = FACE_BOUND('',#3764,.T.);
#3764 = EDGE_LOOP('',(#3765,#3766,#3788,#3789));
#3765 = ORIENTED_EDGE('',*,*,#1561,.F.);
#3766 = ORIENTED_EDGE('',*,*,#3767,.T.);
#3767 = EDGE_CURVE('',#1533,#1531,#3768,.T.);
#3768 = SURFACE_CURVE('',#3769,(#3774,#3781),.PCURVE_S1.);
#3769 = CIRCLE('',#3770,13.1);
#3770 = AXIS2_PLACEMENT_3D('',#3771,#3772,#3773);
#3771 = CARTESIAN_POINT('',(-3.663735986814E-15,-4.551914406514E-15,
    -41.00000005));
#3772 = DIRECTION('',(-1.110223024625E-16,-1.110223024625E-16,-1.));
#3773 = DIRECTION('',(0.,-1.,1.110223024625E-16));
#3774 = PCURVE('',#1578,#3775);
#3775 = DEFINITIONAL_REPRESENTATION('',(#3776),#3780);
#3776 = LINE('',#3777,#3778);
#3777 = CARTESIAN_POINT('',(0.,4.712388980385));
#3778 = VECTOR('',#3779,1.);
#3779 = DIRECTION('',(1.,0.));
#3780 = ( GEOMETRIC_REPRESENTATION_CONTEXT(2) 
PARAMETRIC_REPRESENTATION_CONTEXT() REPRESENTATION_CONTEXT('2D SPACE',''
  ) );
#3781 = PCURVE('',#1494,#3782);
#3782 = DEFINITIONAL_REPRESENTATION('',(#3783),#3787);
#3783 = CIRCLE('',#3784,13.1);
#3784 = AXIS2_PLACEMENT_2D('',#3785,#3786);
#3785 = CARTESIAN_POINT('',(0.,-13.1));
#3786 = DIRECTION('',(1.,0.));
#3787 = ( GEOMETRIC_REPRESENTATION_CONTEXT(2) 
PARAMETRIC_REPRESENTATION_CONTEXT() REPRESENTATION_CONTEXT('2D SPACE',''
  ) );
#3788 = ORIENTED_EDGE('',*,*,#1614,.T.);
#3789 = ORIENTED_EDGE('',*,*,#3208,.F.);
#3790 = ADVANCED_FACE('',(#3791,#3795),#1494,.F.);
#3791 = FACE_BOUND('',#3792,.T.);
#3792 = EDGE_LOOP('',(#3793,#3794));
#3793 = ORIENTED_EDGE('',*,*,#1530,.F.);
#3794 = ORIENTED_EDGE('',*,*,#3767,.F.);
#3795 = FACE_BOUND('',#3796,.T.);
#3796 = EDGE_LOOP('',(#3797,#3798));
#3797 = ORIENTED_EDGE('',*,*,#1477,.T.);
#3798 = ORIENTED_EDGE('',*,*,#3799,.T.);
#3799 = EDGE_CURVE('',#1450,#1478,#3800,.T.);
#3800 = SURFACE_CURVE('',#3801,(#3806,#3813),.PCURVE_S1.);
#3801 = CIRCLE('',#3802,10.7);
#3802 = AXIS2_PLACEMENT_3D('',#3803,#3804,#3805);
#3803 = CARTESIAN_POINT('',(-3.663735986814E-15,-4.551914406514E-15,
    -41.00000005));
#3804 = DIRECTION('',(-1.110223024625E-16,-1.110223024625E-16,-1.));
#3805 = DIRECTION('',(0.,-1.,1.110223024625E-16));
#3806 = PCURVE('',#1494,#3807);
#3807 = DEFINITIONAL_REPRESENTATION('',(#3808),#3812);
#3808 = CIRCLE('',#3809,10.7);
#3809 = AXIS2_PLACEMENT_2D('',#3810,#3811);
#3810 = CARTESIAN_POINT('',(0.,-13.1));
#3811 = DIRECTION('',(1.,0.));
#3812 = ( GEOMETRIC_REPRESENTATION_CONTEXT(2) 
PARAMETRIC_REPRESENTATION_CONTEXT() REPRESENTATION_CONTEXT('2D SPACE',''
  ) );
#3813 = PCURVE('',#1465,#3814);
#3814 = DEFINITIONAL_REPRESENTATION('',(#3815),#3819);
#3815 = LINE('',#3816,#3817);
#3816 = CARTESIAN_POINT('',(0.,110.));
#3817 = VECTOR('',#3818,1.);
#3818 = DIRECTION('',(1.,0.));
#3819 = ( GEOMETRIC_REPRESENTATION_CONTEXT(2) 
PARAMETRIC_REPRESENTATION_CONTEXT() REPRESENTATION_CONTEXT('2D SPACE',''
  ) );
#3820 = ADVANCED_FACE('',(#3821),#1465,.T.);
#3821 = FACE_BOUND('',#3822,.T.);
#3822 = EDGE_LOOP('',(#3823,#3824,#3846,#3847));
#3823 = ORIENTED_EDGE('',*,*,#1449,.F.);
#3824 = ORIENTED_EDGE('',*,*,#3825,.T.);
#3825 = EDGE_CURVE('',#1421,#1419,#3826,.T.);
#3826 = SURFACE_CURVE('',#3827,(#3832,#3839),.PCURVE_S1.);
#3827 = CIRCLE('',#3828,10.7);
#3828 = AXIS2_PLACEMENT_3D('',#3829,#3830,#3831);
#3829 = CARTESIAN_POINT('',(-3.552713684352E-15,-4.440892104052E-15,
    -40.00000005));
#3830 = DIRECTION('',(-1.110223024625E-16,-1.110223024625E-16,-1.));
#3831 = DIRECTION('',(0.,-1.,1.110223024625E-16));
#3832 = PCURVE('',#1465,#3833);
#3833 = DEFINITIONAL_REPRESENTATION('',(#3834),#3838);
#3834 = LINE('',#3835,#3836);
#3835 = CARTESIAN_POINT('',(0.,109.));
#3836 = VECTOR('',#3837,1.);
#3837 = DIRECTION('',(1.,0.));
#3838 = ( GEOMETRIC_REPRESENTATION_CONTEXT(2) 
PARAMETRIC_REPRESENTATION_CONTEXT() REPRESENTATION_CONTEXT('2D SPACE',''
  ) );
#3839 = PCURVE('',#1355,#3840);
#3840 = DEFINITIONAL_REPRESENTATION('',(#3841),#3845);
#3841 = CIRCLE('',#3842,10.7);
#3842 = AXIS2_PLACEMENT_2D('',#3843,#3844);
#3843 = CARTESIAN_POINT('',(0.,-10.7));
#3844 = DIRECTION('',(1.,0.));
#3845 = ( GEOMETRIC_REPRESENTATION_CONTEXT(2) 
PARAMETRIC_REPRESENTATION_CONTEXT() REPRESENTATION_CONTEXT('2D SPACE',''
  ) );
#3846 = ORIENTED_EDGE('',*,*,#1506,.T.);
#3847 = ORIENTED_EDGE('',*,*,#3799,.F.);
#3848 = ADVANCED_FACE('',(#3849,#3853),#1355,.F.);
#3849 = FACE_BOUND('',#3850,.T.);
#3850 = EDGE_LOOP('',(#3851,#3852));
#3851 = ORIENTED_EDGE('',*,*,#1418,.F.);
#3852 = ORIENTED_EDGE('',*,*,#3825,.F.);
#3853 = FACE_BOUND('',#3854,.T.);
#3854 = EDGE_LOOP('',(#3855,#3877));
#3855 = ORIENTED_EDGE('',*,*,#3856,.T.);
#3856 = EDGE_CURVE('',#1339,#1337,#3857,.T.);
#3857 = SURFACE_CURVE('',#3858,(#3863,#3870),.PCURVE_S1.);
#3858 = CIRCLE('',#3859,10.2);
#3859 = AXIS2_PLACEMENT_3D('',#3860,#3861,#3862);
#3860 = CARTESIAN_POINT('',(-3.552713684352E-15,-4.440892104052E-15,
    -40.00000005));
#3861 = DIRECTION('',(-1.110223024625E-16,-1.110223024625E-16,-1.));
#3862 = DIRECTION('',(0.,-1.,1.110223024625E-16));
#3863 = PCURVE('',#1355,#3864);
#3864 = DEFINITIONAL_REPRESENTATION('',(#3865),#3869);
#3865 = CIRCLE('',#3866,10.2);
#3866 = AXIS2_PLACEMENT_2D('',#3867,#3868);
#3867 = CARTESIAN_POINT('',(0.,-10.7));
#3868 = DIRECTION('',(1.,0.));
#3869 = ( GEOMETRIC_REPRESENTATION_CONTEXT(2) 
PARAMETRIC_REPRESENTATION_CONTEXT() REPRESENTATION_CONTEXT('2D SPACE',''
  ) );
#3870 = PCURVE('',#1381,#3871);
#3871 = DEFINITIONAL_REPRESENTATION('',(#3872),#3876);
#3872 = LINE('',#3873,#3874);
#3873 = CARTESIAN_POINT('',(9.424777960769,-0.3));
#3874 = VECTOR('',#3875,1.);
#3875 = DIRECTION('',(-1.,0.));
#3876 = ( GEOMETRIC_REPRESENTATION_CONTEXT(2) 
PARAMETRIC_REPRESENTATION_CONTEXT() REPRESENTATION_CONTEXT('2D SPACE',''
  ) );
#3877 = ORIENTED_EDGE('',*,*,#1336,.T.);
#3878 = ADVANCED_FACE('',(#3879),#1381,.T.);
#3879 = FACE_BOUND('',#3880,.T.);
#3880 = EDGE_LOOP('',(#3881,#3882,#3883,#3884));
#3881 = ORIENTED_EDGE('',*,*,#1367,.F.);
#3882 = ORIENTED_EDGE('',*,*,#3856,.F.);
#3883 = ORIENTED_EDGE('',*,*,#1394,.T.);
#3884 = ORIENTED_EDGE('',*,*,#3885,.T.);
#3885 = EDGE_CURVE('',#1256,#1284,#3886,.T.);
#3886 = SURFACE_CURVE('',#3887,(#3892,#3899),.PCURVE_S1.);
#3887 = CIRCLE('',#3888,10.7);
#3888 = AXIS2_PLACEMENT_3D('',#3889,#3890,#3891);
#3889 = CARTESIAN_POINT('',(-3.519406993613E-15,-4.407585413313E-15,
    -39.70000005));
#3890 = DIRECTION('',(-1.110223024625E-16,-1.110223024625E-16,-1.));
#3891 = DIRECTION('',(0.,-1.,1.110223024625E-16));
#3892 = PCURVE('',#1381,#3893);
#3893 = DEFINITIONAL_REPRESENTATION('',(#3894),#3898);
#3894 = LINE('',#3895,#3896);
#3895 = CARTESIAN_POINT('',(9.424777960769,0.));
#3896 = VECTOR('',#3897,1.);
#3897 = DIRECTION('',(-1.,0.));
#3898 = ( GEOMETRIC_REPRESENTATION_CONTEXT(2) 
PARAMETRIC_REPRESENTATION_CONTEXT() REPRESENTATION_CONTEXT('2D SPACE',''
  ) );
#3899 = PCURVE('',#1271,#3900);
#3900 = DEFINITIONAL_REPRESENTATION('',(#3901),#3905);
#3901 = LINE('',#3902,#3903);
#3902 = CARTESIAN_POINT('',(0.,108.7));
#3903 = VECTOR('',#3904,1.);
#3904 = DIRECTION('',(1.,0.));
#3905 = ( GEOMETRIC_REPRESENTATION_CONTEXT(2) 
PARAMETRIC_REPRESENTATION_CONTEXT() REPRESENTATION_CONTEXT('2D SPACE',''
  ) );
#3906 = ADVANCED_FACE('',(#3907),#1271,.T.);
#3907 = FACE_BOUND('',#3908,.T.);
#3908 = EDGE_LOOP('',(#3909,#3910,#3932,#3933));
#3909 = ORIENTED_EDGE('',*,*,#1255,.F.);
#3910 = ORIENTED_EDGE('',*,*,#3911,.T.);
#3911 = EDGE_CURVE('',#1174,#1202,#3912,.T.);
#3912 = SURFACE_CURVE('',#3913,(#3918,#3925),.PCURVE_S1.);
#3913 = CIRCLE('',#3914,10.7);
#3914 = AXIS2_PLACEMENT_3D('',#3915,#3916,#3917);
#3915 = CARTESIAN_POINT('',(6.628031451461E-15,5.739853031761E-15,
    51.69999995));
#3916 = DIRECTION('',(-1.110223024625E-16,-1.110223024625E-16,-1.));
#3917 = DIRECTION('',(0.,-1.,1.110223024625E-16));
#3918 = PCURVE('',#1271,#3919);
#3919 = DEFINITIONAL_REPRESENTATION('',(#3920),#3924);
#3920 = LINE('',#3921,#3922);
#3921 = CARTESIAN_POINT('',(0.,17.3));
#3922 = VECTOR('',#3923,1.);
#3923 = DIRECTION('',(1.,0.));
#3924 = ( GEOMETRIC_REPRESENTATION_CONTEXT(2) 
PARAMETRIC_REPRESENTATION_CONTEXT() REPRESENTATION_CONTEXT('2D SPACE',''
  ) );
#3925 = PCURVE('',#1189,#3926);
#3926 = DEFINITIONAL_REPRESENTATION('',(#3927),#3931);
#3927 = LINE('',#3928,#3929);
#3928 = CARTESIAN_POINT('',(0.,0.3));
#3929 = VECTOR('',#3930,1.);
#3930 = DIRECTION('',(1.,0.));
#3931 = ( GEOMETRIC_REPRESENTATION_CONTEXT(2) 
PARAMETRIC_REPRESENTATION_CONTEXT() REPRESENTATION_CONTEXT('2D SPACE',''
  ) );
#3932 = ORIENTED_EDGE('',*,*,#1312,.T.);
#3933 = ORIENTED_EDGE('',*,*,#3885,.F.);
#3934 = ADVANCED_FACE('',(#3935),#1189,.T.);
#3935 = FACE_BOUND('',#3936,.T.);
#3936 = EDGE_LOOP('',(#3937,#3938,#3964,#3965));
#3937 = ORIENTED_EDGE('',*,*,#1173,.F.);
#3938 = ORIENTED_EDGE('',*,*,#3939,.T.);
#3939 = EDGE_CURVE('',#1141,#1139,#3940,.T.);
#3940 = SURFACE_CURVE('',#3941,(#3946,#3953),.PCURVE_S1.);
#3941 = CIRCLE('',#3942,10.2);
#3942 = AXIS2_PLACEMENT_3D('',#3943,#3944,#3945);
#3943 = CARTESIAN_POINT('',(6.6613381422E-15,5.7731597225E-15,
    51.99999995));
#3944 = DIRECTION('',(-1.110223024625E-16,-1.110223024625E-16,-1.));
#3945 = DIRECTION('',(0.,-1.,1.110223024625E-16));
#3946 = PCURVE('',#1189,#3947);
#3947 = DEFINITIONAL_REPRESENTATION('',(#3948),#3952);
#3948 = LINE('',#3949,#3950);
#3949 = CARTESIAN_POINT('',(0.,0.));
#3950 = VECTOR('',#3951,1.);
#3951 = DIRECTION('',(1.,0.));
#3952 = ( GEOMETRIC_REPRESENTATION_CONTEXT(2) 
PARAMETRIC_REPRESENTATION_CONTEXT() REPRESENTATION_CONTEXT('2D SPACE',''
  ) );
#3953 = PCURVE('',#1098,#3954);
#3954 = DEFINITIONAL_REPRESENTATION('',(#3955),#3963);
#3955 = ( BOUNDED_CURVE() B_SPLINE_CURVE(2,(#3956,#3957,#3958,#3959,
#3960,#3961,#3962),.UNSPECIFIED.,.T.,.F.) B_SPLINE_CURVE_WITH_KNOTS((1,2
    ,2,2,2,1),(-2.094395102393,0.,2.094395102393,4.188790204786,
6.28318530718,8.377580409573),.UNSPECIFIED.) CURVE() 
GEOMETRIC_REPRESENTATION_ITEM() RATIONAL_B_SPLINE_CURVE((1.,0.5,1.,0.5,
1.,0.5,1.)) REPRESENTATION_ITEM('') );
#3956 = CARTESIAN_POINT('',(-10.2,-10.2));
#3957 = CARTESIAN_POINT('',(-10.2,7.466918237203));
#3958 = CARTESIAN_POINT('',(5.1,-1.366540881399));
#3959 = CARTESIAN_POINT('',(20.4,-10.2));
#3960 = CARTESIAN_POINT('',(5.1,-19.0334591186));
#3961 = CARTESIAN_POINT('',(-10.2,-27.8669182372));
#3962 = CARTESIAN_POINT('',(-10.2,-10.2));
#3963 = ( GEOMETRIC_REPRESENTATION_CONTEXT(2) 
PARAMETRIC_REPRESENTATION_CONTEXT() REPRESENTATION_CONTEXT('2D SPACE',''
  ) );
#3964 = ORIENTED_EDGE('',*,*,#1230,.T.);
#3965 = ORIENTED_EDGE('',*,*,#3911,.F.);
#3966 = ADVANCED_FACE('',(#3967,#3971),#1098,.F.);
#3967 = FACE_BOUND('',#3968,.T.);
#3968 = EDGE_LOOP('',(#3969,#3970));
#3969 = ORIENTED_EDGE('',*,*,#1138,.F.);
#3970 = ORIENTED_EDGE('',*,*,#3939,.F.);
#3971 = FACE_BOUND('',#3972,.T.);
#3972 = EDGE_LOOP('',(#3973,#3974));
#3973 = ORIENTED_EDGE('',*,*,#1081,.T.);
#3974 = ORIENTED_EDGE('',*,*,#3975,.T.);
#3975 = EDGE_CURVE('',#1054,#1082,#3976,.T.);
#3976 = SURFACE_CURVE('',#3977,(#3982,#3993),.PCURVE_S1.);
#3977 = CIRCLE('',#3978,10.7);
#3978 = AXIS2_PLACEMENT_3D('',#3979,#3980,#3981);
#3979 = CARTESIAN_POINT('',(6.6613381422E-15,5.7731597225E-15,
    51.99999995));
#3980 = DIRECTION('',(-1.110223024625E-16,-1.110223024625E-16,-1.));
#3981 = DIRECTION('',(0.,-1.,1.110223024625E-16));
#3982 = PCURVE('',#1098,#3983);
#3983 = DEFINITIONAL_REPRESENTATION('',(#3984),#3992);
#3984 = ( BOUNDED_CURVE() B_SPLINE_CURVE(2,(#3985,#3986,#3987,#3988,
#3989,#3990,#3991),.UNSPECIFIED.,.T.,.F.) B_SPLINE_CURVE_WITH_KNOTS((1,2
    ,2,2,2,1),(-2.094395102393,0.,2.094395102393,4.188790204786,
6.28318530718,8.377580409573),.UNSPECIFIED.) CURVE() 
GEOMETRIC_REPRESENTATION_ITEM() RATIONAL_B_SPLINE_CURVE((1.,0.5,1.,0.5,
1.,0.5,1.)) REPRESENTATION_ITEM('') );
#3985 = CARTESIAN_POINT('',(-10.7,-10.2));
#3986 = CARTESIAN_POINT('',(-10.7,8.332943640987));
#3987 = CARTESIAN_POINT('',(5.35,-0.933528179506));
#3988 = CARTESIAN_POINT('',(21.4,-10.2));
#3989 = CARTESIAN_POINT('',(5.35,-19.46647182049));
#3990 = CARTESIAN_POINT('',(-10.7,-28.73294364098));
#3991 = CARTESIAN_POINT('',(-10.7,-10.2));
#3992 = ( GEOMETRIC_REPRESENTATION_CONTEXT(2) 
PARAMETRIC_REPRESENTATION_CONTEXT() REPRESENTATION_CONTEXT('2D SPACE',''
  ) );
#3993 = PCURVE('',#1069,#3994);
#3994 = DEFINITIONAL_REPRESENTATION('',(#3995),#3999);
#3995 = LINE('',#3996,#3997);
#3996 = CARTESIAN_POINT('',(0.,17.));
#3997 = VECTOR('',#3998,1.);
#3998 = DIRECTION('',(1.,0.));
#3999 = ( GEOMETRIC_REPRESENTATION_CONTEXT(2) 
PARAMETRIC_REPRESENTATION_CONTEXT() REPRESENTATION_CONTEXT('2D SPACE',''
  ) );
#4000 = ADVANCED_FACE('',(#4001),#1069,.T.);
#4001 = FACE_BOUND('',#4002,.T.);
#4002 = EDGE_LOOP('',(#4003,#4004,#4030,#4031));
#4003 = ORIENTED_EDGE('',*,*,#1053,.F.);
#4004 = ORIENTED_EDGE('',*,*,#4005,.T.);
#4005 = EDGE_CURVE('',#1021,#1019,#4006,.T.);
#4006 = SURFACE_CURVE('',#4007,(#4012,#4019),.PCURVE_S1.);
#4007 = CIRCLE('',#4008,10.7);
#4008 = AXIS2_PLACEMENT_3D('',#4009,#4010,#4011);
#4009 = CARTESIAN_POINT('',(6.772360444662E-15,5.884182024962E-15,
    52.99999995));
#4010 = DIRECTION('',(-1.110223024625E-16,-1.110223024625E-16,-1.));
#4011 = DIRECTION('',(0.,-1.,1.110223024625E-16));
#4012 = PCURVE('',#1069,#4013);
#4013 = DEFINITIONAL_REPRESENTATION('',(#4014),#4018);
#4014 = LINE('',#4015,#4016);
#4015 = CARTESIAN_POINT('',(0.,16.));
#4016 = VECTOR('',#4017,1.);
#4017 = DIRECTION('',(1.,0.));
#4018 = ( GEOMETRIC_REPRESENTATION_CONTEXT(2) 
PARAMETRIC_REPRESENTATION_CONTEXT() REPRESENTATION_CONTEXT('2D SPACE',''
  ) );
#4019 = PCURVE('',#977,#4020);
#4020 = DEFINITIONAL_REPRESENTATION('',(#4021),#4029);
#4021 = ( BOUNDED_CURVE() B_SPLINE_CURVE(2,(#4022,#4023,#4024,#4025,
#4026,#4027,#4028),.UNSPECIFIED.,.T.,.F.) B_SPLINE_CURVE_WITH_KNOTS((1,2
    ,2,2,2,1),(-2.094395102393,0.,2.094395102393,4.188790204786,
6.28318530718,8.377580409573),.UNSPECIFIED.) CURVE() 
GEOMETRIC_REPRESENTATION_ITEM() RATIONAL_B_SPLINE_CURVE((1.,0.5,1.,0.5,
1.,0.5,1.)) REPRESENTATION_ITEM('') );
#4022 = CARTESIAN_POINT('',(-10.7,-10.7));
#4023 = CARTESIAN_POINT('',(-10.7,7.832943640987));
#4024 = CARTESIAN_POINT('',(5.35,-1.433528179507));
#4025 = CARTESIAN_POINT('',(21.4,-10.7));
#4026 = CARTESIAN_POINT('',(5.35,-19.96647182049));
#4027 = CARTESIAN_POINT('',(-10.7,-29.23294364098));
#4028 = CARTESIAN_POINT('',(-10.7,-10.7));
#4029 = ( GEOMETRIC_REPRESENTATION_CONTEXT(2) 
PARAMETRIC_REPRESENTATION_CONTEXT() REPRESENTATION_CONTEXT('2D SPACE',''
  ) );
#4030 = ORIENTED_EDGE('',*,*,#1114,.T.);
#4031 = ORIENTED_EDGE('',*,*,#3975,.F.);
#4032 = ADVANCED_FACE('',(#4033,#4037),#977,.F.);
#4033 = FACE_BOUND('',#4034,.T.);
#4034 = EDGE_LOOP('',(#4035,#4036));
#4035 = ORIENTED_EDGE('',*,*,#1018,.F.);
#4036 = ORIENTED_EDGE('',*,*,#4005,.F.);
#4037 = FACE_BOUND('',#4038,.T.);
#4038 = EDGE_LOOP('',(#4039,#4040));
#4039 = ORIENTED_EDGE('',*,*,#960,.T.);
#4040 = ORIENTED_EDGE('',*,*,#4041,.T.);
#4041 = EDGE_CURVE('',#932,#961,#4042,.T.);
#4042 = SURFACE_CURVE('',#4043,(#4048,#4059),.PCURVE_S1.);
#4043 = CIRCLE('',#4044,13.1);
#4044 = AXIS2_PLACEMENT_3D('',#4045,#4046,#4047);
#4045 = CARTESIAN_POINT('',(6.772360444662E-15,5.884182024962E-15,
    52.99999995));
#4046 = DIRECTION('',(-1.110223024625E-16,-1.110223024625E-16,-1.));
#4047 = DIRECTION('',(0.,-1.,1.110223024625E-16));
#4048 = PCURVE('',#977,#4049);
#4049 = DEFINITIONAL_REPRESENTATION('',(#4050),#4058);
#4050 = ( BOUNDED_CURVE() B_SPLINE_CURVE(2,(#4051,#4052,#4053,#4054,
#4055,#4056,#4057),.UNSPECIFIED.,.T.,.F.) B_SPLINE_CURVE_WITH_KNOTS((1,2
    ,2,2,2,1),(-2.094395102393,0.,2.094395102393,4.188790204786,
6.28318530718,8.377580409573),.UNSPECIFIED.) CURVE() 
GEOMETRIC_REPRESENTATION_ITEM() RATIONAL_B_SPLINE_CURVE((1.,0.5,1.,0.5,
1.,0.5,1.)) REPRESENTATION_ITEM('') );
#4051 = CARTESIAN_POINT('',(-13.1,-10.7));
#4052 = CARTESIAN_POINT('',(-13.1,11.989865579152));
#4053 = CARTESIAN_POINT('',(6.55,0.644932789576));
#4054 = CARTESIAN_POINT('',(26.2,-10.7));
#4055 = CARTESIAN_POINT('',(6.55,-22.04493278957));
#4056 = CARTESIAN_POINT('',(-13.1,-33.38986557915));
#4057 = CARTESIAN_POINT('',(-13.1,-10.7));
#4058 = ( GEOMETRIC_REPRESENTATION_CONTEXT(2) 
PARAMETRIC_REPRESENTATION_CONTEXT() REPRESENTATION_CONTEXT('2D SPACE',''
  ) );
#4059 = PCURVE('',#948,#4060);
#4060 = DEFINITIONAL_REPRESENTATION('',(#4061),#4065);
#4061 = LINE('',#4062,#4063);
#4062 = CARTESIAN_POINT('',(0.,1.570796326795));
#4063 = VECTOR('',#4064,1.);
#4064 = DIRECTION('',(1.,0.));
#4065 = ( GEOMETRIC_REPRESENTATION_CONTEXT(2) 
PARAMETRIC_REPRESENTATION_CONTEXT() REPRESENTATION_CONTEXT('2D SPACE',''
  ) );
#4066 = ADVANCED_FACE('',(#4067),#948,.T.);
#4067 = FACE_BOUND('',#4068,.T.);
#4068 = EDGE_LOOP('',(#4069,#4070,#4071,#4072));
#4069 = ORIENTED_EDGE('',*,*,#931,.F.);
#4070 = ORIENTED_EDGE('',*,*,#3182,.T.);
#4071 = ORIENTED_EDGE('',*,*,#993,.T.);
#4072 = ORIENTED_EDGE('',*,*,#4041,.F.);
#4073 = ADVANCED_FACE('',(#4074),#839,.T.);
#4074 = FACE_BOUND('',#4075,.T.);
#4075 = EDGE_LOOP('',(#4076,#4077,#4099,#4100));
#4076 = ORIENTED_EDGE('',*,*,#822,.F.);
#4077 = ORIENTED_EDGE('',*,*,#4078,.T.);
#4078 = EDGE_CURVE('',#789,#787,#4079,.T.);
#4079 = SURFACE_CURVE('',#4080,(#4085,#4092),.PCURVE_S1.);
#4080 = CIRCLE('',#4081,13.1);
#4081 = AXIS2_PLACEMENT_3D('',#4082,#4083,#4084);
#4082 = CARTESIAN_POINT('',(8.548717284063E-15,7.660538864362E-15,
    68.99999995));
#4083 = DIRECTION('',(-1.110223024625E-16,-1.110223024625E-16,-1.));
#4084 = DIRECTION('',(0.,-1.,1.110223024625E-16));
#4085 = PCURVE('',#839,#4086);
#4086 = DEFINITIONAL_REPRESENTATION('',(#4087),#4091);
#4087 = LINE('',#4088,#4089);
#4088 = CARTESIAN_POINT('',(0.,4.712388980384));
#4089 = VECTOR('',#4090,1.);
#4090 = DIRECTION('',(1.,0.));
#4091 = ( GEOMETRIC_REPRESENTATION_CONTEXT(2) 
PARAMETRIC_REPRESENTATION_CONTEXT() REPRESENTATION_CONTEXT('2D SPACE',''
  ) );
#4092 = PCURVE('',#810,#4093);
#4093 = DEFINITIONAL_REPRESENTATION('',(#4094),#4098);
#4094 = CIRCLE('',#4095,13.1);
#4095 = AXIS2_PLACEMENT_2D('',#4096,#4097);
#4096 = CARTESIAN_POINT('',(0.,-13.1));
#4097 = DIRECTION('',(1.,0.));
#4098 = ( GEOMETRIC_REPRESENTATION_CONTEXT(2) 
PARAMETRIC_REPRESENTATION_CONTEXT() REPRESENTATION_CONTEXT('2D SPACE',''
  ) );
#4099 = ORIENTED_EDGE('',*,*,#875,.T.);
#4100 = ORIENTED_EDGE('',*,*,#3159,.F.);
#4101 = ADVANCED_FACE('',(#4102),#810,.F.);
#4102 = FACE_BOUND('',#4103,.T.);
#4103 = EDGE_LOOP('',(#4104,#4105));
#4104 = ORIENTED_EDGE('',*,*,#786,.F.);
#4105 = ORIENTED_EDGE('',*,*,#4078,.F.);
#4106 = ADVANCED_FACE('',(#4107),#2420,.F.);
#4107 = FACE_BOUND('',#4108,.T.);
#4108 = EDGE_LOOP('',(#4109,#4110,#4131,#4132,#4133,#4134));
#4109 = ORIENTED_EDGE('',*,*,#2404,.F.);
#4110 = ORIENTED_EDGE('',*,*,#4111,.F.);
#4111 = EDGE_CURVE('',#3308,#2376,#4112,.T.);
#4112 = SURFACE_CURVE('',#4113,(#4117,#4124),.PCURVE_S1.);
#4113 = LINE('',#4114,#4115);
#4114 = CARTESIAN_POINT('',(13.5,12.5,-48.50000005));
#4115 = VECTOR('',#4116,1.);
#4116 = DIRECTION('',(-1.,1.232595164408E-32,1.110223024625E-16));
#4117 = PCURVE('',#2420,#4118);
#4118 = DEFINITIONAL_REPRESENTATION('',(#4119),#4123);
#4119 = LINE('',#4120,#4121);
#4120 = CARTESIAN_POINT('',(0.,0.));
#4121 = VECTOR('',#4122,1.);
#4122 = DIRECTION('',(0.,1.));
#4123 = ( GEOMETRIC_REPRESENTATION_CONTEXT(2) 
PARAMETRIC_REPRESENTATION_CONTEXT() REPRESENTATION_CONTEXT('2D SPACE',''
  ) );
#4124 = PCURVE('',#2392,#4125);
#4125 = DEFINITIONAL_REPRESENTATION('',(#4126),#4130);
#4126 = LINE('',#4127,#4128);
#4127 = CARTESIAN_POINT('',(12.5,-13.5));
#4128 = VECTOR('',#4129,1.);
#4129 = DIRECTION('',(0.,1.));
#4130 = ( GEOMETRIC_REPRESENTATION_CONTEXT(2) 
PARAMETRIC_REPRESENTATION_CONTEXT() REPRESENTATION_CONTEXT('2D SPACE',''
  ) );
#4131 = ORIENTED_EDGE('',*,*,#3307,.F.);
#4132 = ORIENTED_EDGE('',*,*,#3447,.F.);
#4133 = ORIENTED_EDGE('',*,*,#3623,.T.);
#4134 = ORIENTED_EDGE('',*,*,#3706,.F.);
#4135 = ADVANCED_FACE('',(#4136),#2392,.F.);
#4136 = FACE_BOUND('',#4137,.T.);
#4137 = EDGE_LOOP('',(#4138,#4139,#4140));
#4138 = ORIENTED_EDGE('',*,*,#4111,.T.);
#4139 = ORIENTED_EDGE('',*,*,#2375,.F.);
#4140 = ORIENTED_EDGE('',*,*,#3330,.F.);
#4141 = ADVANCED_FACE('',(#4142),#2506,.F.);
#4142 = FACE_BOUND('',#4143,.T.);
#4143 = EDGE_LOOP('',(#4144,#4165,#4166));
#4144 = ORIENTED_EDGE('',*,*,#4145,.T.);
#4145 = EDGE_CURVE('',#2462,#3232,#4146,.T.);
#4146 = SURFACE_CURVE('',#4147,(#4151,#4158),.PCURVE_S1.);
#4147 = LINE('',#4148,#4149);
#4148 = CARTESIAN_POINT('',(-13.5,-12.5,-48.50000005));
#4149 = VECTOR('',#4150,1.);
#4150 = DIRECTION('',(1.,-1.232595164408E-32,-1.110223024625E-16));
#4151 = PCURVE('',#2506,#4152);
#4152 = DEFINITIONAL_REPRESENTATION('',(#4153),#4157);
#4153 = LINE('',#4154,#4155);
#4154 = CARTESIAN_POINT('',(-12.5,13.5));
#4155 = VECTOR('',#4156,1.);
#4156 = DIRECTION('',(0.,-1.));
#4157 = ( GEOMETRIC_REPRESENTATION_CONTEXT(2) 
PARAMETRIC_REPRESENTATION_CONTEXT() REPRESENTATION_CONTEXT('2D SPACE',''
  ) );
#4158 = PCURVE('',#2477,#4159);
#4159 = DEFINITIONAL_REPRESENTATION('',(#4160),#4164);
#4160 = LINE('',#4161,#4162);
#4161 = CARTESIAN_POINT('',(-0.,0.));
#4162 = VECTOR('',#4163,1.);
#4163 = DIRECTION('',(0.,-1.));
#4164 = ( GEOMETRIC_REPRESENTATION_CONTEXT(2) 
PARAMETRIC_REPRESENTATION_CONTEXT() REPRESENTATION_CONTEXT('2D SPACE',''
  ) );
#4165 = ORIENTED_EDGE('',*,*,#3231,.F.);
#4166 = ORIENTED_EDGE('',*,*,#2489,.F.);
#4167 = ADVANCED_FACE('',(#4168),#2477,.F.);
#4168 = FACE_BOUND('',#4169,.T.);
#4169 = EDGE_LOOP('',(#4170,#4171,#4172,#4173,#4174,#4175));
#4170 = ORIENTED_EDGE('',*,*,#3255,.F.);
#4171 = ORIENTED_EDGE('',*,*,#4145,.F.);
#4172 = ORIENTED_EDGE('',*,*,#2461,.F.);
#4173 = ORIENTED_EDGE('',*,*,#3648,.F.);
#4174 = ORIENTED_EDGE('',*,*,#3572,.T.);
#4175 = ORIENTED_EDGE('',*,*,#3356,.F.);
#4176 = ADVANCED_FACE('',(#4177),#2018,.F.);
#4177 = FACE_BOUND('',#4178,.F.);
#4178 = EDGE_LOOP('',(#4179,#4201));
#4179 = ORIENTED_EDGE('',*,*,#4180,.T.);
#4180 = EDGE_CURVE('',#1912,#1842,#4181,.T.);
#4181 = SURFACE_CURVE('',#4182,(#4187,#4194),.PCURVE_S1.);
#4182 = CIRCLE('',#4183,4.283);
#4183 = AXIS2_PLACEMENT_3D('',#4184,#4185,#4186);
#4184 = CARTESIAN_POINT('',(-12.919,-5.440092826214E-15,-49.00000005));
#4185 = DIRECTION('',(-1.,1.232595164408E-32,1.110223024625E-16));
#4186 = DIRECTION('',(0.,-1.,1.110223024625E-16));
#4187 = PCURVE('',#2018,#4188);
#4188 = DEFINITIONAL_REPRESENTATION('',(#4189),#4193);
#4189 = LINE('',#4190,#4191);
#4190 = CARTESIAN_POINT('',(0.,0.));
#4191 = VECTOR('',#4192,1.);
#4192 = DIRECTION('',(1.,0.));
#4193 = ( GEOMETRIC_REPRESENTATION_CONTEXT(2) 
PARAMETRIC_REPRESENTATION_CONTEXT() REPRESENTATION_CONTEXT('2D SPACE',''
  ) );
#4194 = PCURVE('',#547,#4195);
#4195 = DEFINITIONAL_REPRESENTATION('',(#4196),#4200);
#4196 = LINE('',#4197,#4198);
#4197 = CARTESIAN_POINT('',(0.,7.419));
#4198 = VECTOR('',#4199,1.);
#4199 = DIRECTION('',(1.,0.));
#4200 = ( GEOMETRIC_REPRESENTATION_CONTEXT(2) 
PARAMETRIC_REPRESENTATION_CONTEXT() REPRESENTATION_CONTEXT('2D SPACE',''
  ) );
#4201 = ORIENTED_EDGE('',*,*,#1911,.F.);
#4202 = ADVANCED_FACE('',(#4203),#651,.F.);
#4203 = FACE_BOUND('',#4204,.F.);
#4204 = EDGE_LOOP('',(#4205,#4206));
#4205 = ORIENTED_EDGE('',*,*,#2165,.F.);
#4206 = ORIENTED_EDGE('',*,*,#634,.T.);
#4207 = ADVANCED_FACE('',(#4208),#547,.F.);
#4208 = FACE_BOUND('',#4209,.F.);
#4209 = EDGE_LOOP('',(#4210,#4211,#4212,#4213,#4214,#4236));
#4210 = ORIENTED_EDGE('',*,*,#1841,.F.);
#4211 = ORIENTED_EDGE('',*,*,#4180,.F.);
#4212 = ORIENTED_EDGE('',*,*,#2096,.F.);
#4213 = ORIENTED_EDGE('',*,*,#524,.F.);
#4214 = ORIENTED_EDGE('',*,*,#4215,.T.);
#4215 = EDGE_CURVE('',#525,#734,#4216,.T.);
#4216 = SURFACE_CURVE('',#4217,(#4222,#4229),.PCURVE_S1.);
#4217 = CIRCLE('',#4218,4.283);
#4218 = AXIS2_PLACEMENT_3D('',#4219,#4220,#4221);
#4219 = CARTESIAN_POINT('',(-5.5,-5.440092826214E-15,-49.00000005));
#4220 = DIRECTION('',(-1.,1.232595164408E-32,1.110223024625E-16));
#4221 = DIRECTION('',(0.,-1.,1.110223024625E-16));
#4222 = PCURVE('',#547,#4223);
#4223 = DEFINITIONAL_REPRESENTATION('',(#4224),#4228);
#4224 = LINE('',#4225,#4226);
#4225 = CARTESIAN_POINT('',(0.,-8.881784197001E-16));
#4226 = VECTOR('',#4227,1.);
#4227 = DIRECTION('',(1.,0.));
#4228 = ( GEOMETRIC_REPRESENTATION_CONTEXT(2) 
PARAMETRIC_REPRESENTATION_CONTEXT() REPRESENTATION_CONTEXT('2D SPACE',''
  ) );
#4229 = PCURVE('',#771,#4230);
#4230 = DEFINITIONAL_REPRESENTATION('',(#4231),#4235);
#4231 = CIRCLE('',#4232,4.283);
#4232 = AXIS2_PLACEMENT_2D('',#4233,#4234);
#4233 = CARTESIAN_POINT('',(0.,-4.283));
#4234 = DIRECTION('',(1.,0.));
#4235 = ( GEOMETRIC_REPRESENTATION_CONTEXT(2) 
PARAMETRIC_REPRESENTATION_CONTEXT() REPRESENTATION_CONTEXT('2D SPACE',''
  ) );
#4236 = ORIENTED_EDGE('',*,*,#733,.T.);
#4237 = ADVANCED_FACE('',(#4238),#771,.T.);
#4238 = FACE_BOUND('',#4239,.T.);
#4239 = EDGE_LOOP('',(#4240,#4241));
#4240 = ORIENTED_EDGE('',*,*,#4215,.T.);
#4241 = ORIENTED_EDGE('',*,*,#756,.T.);
#4242 = ADVANCED_FACE('',(#4243),#2719,.F.);
#4243 = FACE_BOUND('',#4244,.F.);
#4244 = EDGE_LOOP('',(#4245,#4267));
#4245 = ORIENTED_EDGE('',*,*,#4246,.T.);
#4246 = EDGE_CURVE('',#2613,#2543,#4247,.T.);
#4247 = SURFACE_CURVE('',#4248,(#4253,#4260),.PCURVE_S1.);
#4248 = CIRCLE('',#4249,4.283);
#4249 = AXIS2_PLACEMENT_3D('',#4250,#4251,#4252);
#4250 = CARTESIAN_POINT('',(-12.919,6.772360444662E-15,60.99999995));
#4251 = DIRECTION('',(-1.,1.232595164408E-32,1.110223024625E-16));
#4252 = DIRECTION('',(0.,-1.,1.110223024625E-16));
#4253 = PCURVE('',#2719,#4254);
#4254 = DEFINITIONAL_REPRESENTATION('',(#4255),#4259);
#4255 = LINE('',#4256,#4257);
#4256 = CARTESIAN_POINT('',(4.440892098501E-16,5.240594415266E-16));
#4257 = VECTOR('',#4258,1.);
#4258 = DIRECTION('',(1.,-1.922686165289E-16));
#4259 = ( GEOMETRIC_REPRESENTATION_CONTEXT(2) 
PARAMETRIC_REPRESENTATION_CONTEXT() REPRESENTATION_CONTEXT('2D SPACE',''
  ) );
#4260 = PCURVE('',#285,#4261);
#4261 = DEFINITIONAL_REPRESENTATION('',(#4262),#4266);
#4262 = LINE('',#4263,#4264);
#4263 = CARTESIAN_POINT('',(4.440892098501E-16,7.419));
#4264 = VECTOR('',#4265,1.);
#4265 = DIRECTION('',(1.,0.));
#4266 = ( GEOMETRIC_REPRESENTATION_CONTEXT(2) 
PARAMETRIC_REPRESENTATION_CONTEXT() REPRESENTATION_CONTEXT('2D SPACE',''
  ) );
#4267 = ORIENTED_EDGE('',*,*,#2612,.F.);
#4268 = ADVANCED_FACE('',(#4269),#389,.F.);
#4269 = FACE_BOUND('',#4270,.F.);
#4270 = EDGE_LOOP('',(#4271,#4272));
#4271 = ORIENTED_EDGE('',*,*,#2866,.F.);
#4272 = ORIENTED_EDGE('',*,*,#372,.T.);
#4273 = ADVANCED_FACE('',(#4274),#285,.F.);
#4274 = FACE_BOUND('',#4275,.F.);
#4275 = EDGE_LOOP('',(#4276,#4277,#4278,#4279,#4280,#4302));
#4276 = ORIENTED_EDGE('',*,*,#2542,.F.);
#4277 = ORIENTED_EDGE('',*,*,#4246,.F.);
#4278 = ORIENTED_EDGE('',*,*,#2797,.F.);
#4279 = ORIENTED_EDGE('',*,*,#262,.F.);
#4280 = ORIENTED_EDGE('',*,*,#4281,.T.);
#4281 = EDGE_CURVE('',#263,#472,#4282,.T.);
#4282 = SURFACE_CURVE('',#4283,(#4288,#4295),.PCURVE_S1.);
#4283 = CIRCLE('',#4284,4.283);
#4284 = AXIS2_PLACEMENT_3D('',#4285,#4286,#4287);
#4285 = CARTESIAN_POINT('',(-5.5,6.772360444662E-15,60.99999995));
#4286 = DIRECTION('',(-1.,1.232595164408E-32,1.110223024625E-16));
#4287 = DIRECTION('',(0.,-1.,1.110223024625E-16));
#4288 = PCURVE('',#285,#4289);
#4289 = DEFINITIONAL_REPRESENTATION('',(#4290),#4294);
#4290 = LINE('',#4291,#4292);
#4291 = CARTESIAN_POINT('',(0.,-8.881784197001E-16));
#4292 = VECTOR('',#4293,1.);
#4293 = DIRECTION('',(1.,0.));
#4294 = ( GEOMETRIC_REPRESENTATION_CONTEXT(2) 
PARAMETRIC_REPRESENTATION_CONTEXT() REPRESENTATION_CONTEXT('2D SPACE',''
  ) );
#4295 = PCURVE('',#509,#4296);
#4296 = DEFINITIONAL_REPRESENTATION('',(#4297),#4301);
#4297 = CIRCLE('',#4298,4.283);
#4298 = AXIS2_PLACEMENT_2D('',#4299,#4300);
#4299 = CARTESIAN_POINT('',(0.,-4.283));
#4300 = DIRECTION('',(1.,0.));
#4301 = ( GEOMETRIC_REPRESENTATION_CONTEXT(2) 
PARAMETRIC_REPRESENTATION_CONTEXT() REPRESENTATION_CONTEXT('2D SPACE',''
  ) );
#4302 = ORIENTED_EDGE('',*,*,#471,.T.);
#4303 = ADVANCED_FACE('',(#4304),#509,.T.);
#4304 = FACE_BOUND('',#4305,.T.);
#4305 = EDGE_LOOP('',(#4306,#4307));
#4306 = ORIENTED_EDGE('',*,*,#4281,.T.);
#4307 = ORIENTED_EDGE('',*,*,#494,.T.);
#4308 = ADVANCED_FACE('',(#4309),#165,.F.);
#4309 = FACE_BOUND('',#4310,.F.);
#4310 = EDGE_LOOP('',(#4311,#4312,#4313,#4339));
#4311 = ORIENTED_EDGE('',*,*,#3128,.F.);
#4312 = ORIENTED_EDGE('',*,*,#142,.F.);
#4313 = ORIENTED_EDGE('',*,*,#4314,.T.);
#4314 = EDGE_CURVE('',#143,#211,#4315,.T.);
#4315 = SURFACE_CURVE('',#4316,(#4321,#4328),.PCURVE_S1.);
#4316 = CIRCLE('',#4317,4.);
#4317 = AXIS2_PLACEMENT_3D('',#4318,#4319,#4320);
#4318 = CARTESIAN_POINT('',(-2.442490659726E-15,-3.330669079427E-15,
    -30.00000005));
#4319 = DIRECTION('',(-1.110223024625E-16,-1.110223024625E-16,-1.));
#4320 = DIRECTION('',(0.,-1.,1.110223024625E-16));
#4321 = PCURVE('',#165,#4322);
#4322 = DEFINITIONAL_REPRESENTATION('',(#4323),#4327);
#4323 = LINE('',#4324,#4325);
#4324 = CARTESIAN_POINT('',(0.,72.));
#4325 = VECTOR('',#4326,1.);
#4326 = DIRECTION('',(1.,0.));
#4327 = ( GEOMETRIC_REPRESENTATION_CONTEXT(2) 
PARAMETRIC_REPRESENTATION_CONTEXT() REPRESENTATION_CONTEXT('2D SPACE',''
  ) );
#4328 = PCURVE('',#73,#4329);
#4329 = DEFINITIONAL_REPRESENTATION('',(#4330),#4338);
#4330 = ( BOUNDED_CURVE() B_SPLINE_CURVE(2,(#4331,#4332,#4333,#4334,
#4335,#4336,#4337),.UNSPECIFIED.,.T.,.F.) B_SPLINE_CURVE_WITH_KNOTS((1,2
    ,2,2,2,1),(-2.094395102393,0.,2.094395102393,4.188790204786,
6.28318530718,8.377580409573),.UNSPECIFIED.) CURVE() 
GEOMETRIC_REPRESENTATION_ITEM() RATIONAL_B_SPLINE_CURVE((1.,0.5,1.,0.5,
1.,0.5,1.)) REPRESENTATION_ITEM('') );
#4331 = CARTESIAN_POINT('',(-4.,-4.));
#4332 = CARTESIAN_POINT('',(-4.,2.928203230276));
#4333 = CARTESIAN_POINT('',(2.,-0.535898384862));
#4334 = CARTESIAN_POINT('',(8.,-4.));
#4335 = CARTESIAN_POINT('',(2.,-7.464101615138));
#4336 = CARTESIAN_POINT('',(-4.,-10.92820323027));
#4337 = CARTESIAN_POINT('',(-4.,-4.));
#4338 = ( GEOMETRIC_REPRESENTATION_CONTEXT(2) 
PARAMETRIC_REPRESENTATION_CONTEXT() REPRESENTATION_CONTEXT('2D SPACE',''
  ) );
#4339 = ORIENTED_EDGE('',*,*,#210,.T.);
#4340 = ADVANCED_FACE('',(#4341,#4345),#73,.T.);
#4341 = FACE_BOUND('',#4342,.T.);
#4342 = EDGE_LOOP('',(#4343,#4344));
#4343 = ORIENTED_EDGE('',*,*,#4314,.T.);
#4344 = ORIENTED_EDGE('',*,*,#233,.T.);
#4345 = FACE_BOUND('',#4346,.T.);
#4346 = EDGE_LOOP('',(#4347,#4373));
#4347 = ORIENTED_EDGE('',*,*,#4348,.F.);
#4348 = EDGE_CURVE('',#24,#57,#4349,.T.);
#4349 = SURFACE_CURVE('',#4350,(#4355,#4366),.PCURVE_S1.);
#4350 = CIRCLE('',#4351,10.);
#4351 = AXIS2_PLACEMENT_3D('',#4352,#4353,#4354);
#4352 = CARTESIAN_POINT('',(-2.442490659726E-15,-3.330669079427E-15,
    -30.00000005));
#4353 = DIRECTION('',(-1.110223024625E-16,-1.110223024625E-16,-1.));
#4354 = DIRECTION('',(0.,-1.,1.110223024625E-16));
#4355 = PCURVE('',#73,#4356);
#4356 = DEFINITIONAL_REPRESENTATION('',(#4357),#4365);
#4357 = ( BOUNDED_CURVE() B_SPLINE_CURVE(2,(#4358,#4359,#4360,#4361,
#4362,#4363,#4364),.UNSPECIFIED.,.T.,.F.) B_SPLINE_CURVE_WITH_KNOTS((1,2
    ,2,2,2,1),(-2.094395102393,0.,2.094395102393,4.188790204786,
6.28318530718,8.377580409573),.UNSPECIFIED.) CURVE() 
GEOMETRIC_REPRESENTATION_ITEM() RATIONAL_B_SPLINE_CURVE((1.,0.5,1.,0.5,
1.,0.5,1.)) REPRESENTATION_ITEM('') );
#4358 = CARTESIAN_POINT('',(-10.,-4.));
#4359 = CARTESIAN_POINT('',(-10.,13.320508075689));
#4360 = CARTESIAN_POINT('',(5.,4.660254037844));
#4361 = CARTESIAN_POINT('',(20.,-4.));
#4362 = CARTESIAN_POINT('',(5.,-12.66025403784));
#4363 = CARTESIAN_POINT('',(-10.,-21.32050807568));
#4364 = CARTESIAN_POINT('',(-10.,-4.));
#4365 = ( GEOMETRIC_REPRESENTATION_CONTEXT(2) 
PARAMETRIC_REPRESENTATION_CONTEXT() REPRESENTATION_CONTEXT('2D SPACE',''
  ) );
#4366 = PCURVE('',#44,#4367);
#4367 = DEFINITIONAL_REPRESENTATION('',(#4368),#4372);
#4368 = LINE('',#4369,#4370);
#4369 = CARTESIAN_POINT('',(0.,72.));
#4370 = VECTOR('',#4371,1.);
#4371 = DIRECTION('',(1.,0.));
#4372 = ( GEOMETRIC_REPRESENTATION_CONTEXT(2) 
PARAMETRIC_REPRESENTATION_CONTEXT() REPRESENTATION_CONTEXT('2D SPACE',''
  ) );
#4373 = ORIENTED_EDGE('',*,*,#56,.F.);
#4374 = ADVANCED_FACE('',(#4375),#44,.F.);
#4375 = FACE_BOUND('',#4376,.F.);
#4376 = EDGE_LOOP('',(#4377,#4378,#4379,#4401));
#4377 = ORIENTED_EDGE('',*,*,#4348,.F.);
#4378 = ORIENTED_EDGE('',*,*,#21,.F.);
#4379 = ORIENTED_EDGE('',*,*,#4380,.T.);
#4380 = EDGE_CURVE('',#22,#90,#4381,.T.);
#4381 = SURFACE_CURVE('',#4382,(#4387,#4394),.PCURVE_S1.);
#4382 = CIRCLE('',#4383,10.);
#4383 = AXIS2_PLACEMENT_3D('',#4384,#4385,#4386);
#4384 = CARTESIAN_POINT('',(5.551115117575E-15,4.662936697875E-15,
    41.99999995));
#4385 = DIRECTION('',(-1.110223024625E-16,-1.110223024625E-16,-1.));
#4386 = DIRECTION('',(0.,-1.,1.110223024625E-16));
#4387 = PCURVE('',#44,#4388);
#4388 = DEFINITIONAL_REPRESENTATION('',(#4389),#4393);
#4389 = LINE('',#4390,#4391);
#4390 = CARTESIAN_POINT('',(0.,0.));
#4391 = VECTOR('',#4392,1.);
#4392 = DIRECTION('',(1.,0.));
#4393 = ( GEOMETRIC_REPRESENTATION_CONTEXT(2) 
PARAMETRIC_REPRESENTATION_CONTEXT() REPRESENTATION_CONTEXT('2D SPACE',''
  ) );
#4394 = PCURVE('',#127,#4395);
#4395 = DEFINITIONAL_REPRESENTATION('',(#4396),#4400);
#4396 = CIRCLE('',#4397,10.);
#4397 = AXIS2_PLACEMENT_2D('',#4398,#4399);
#4398 = CARTESIAN_POINT('',(0.,-10.));
#4399 = DIRECTION('',(1.,0.));
#4400 = ( GEOMETRIC_REPRESENTATION_CONTEXT(2) 
PARAMETRIC_REPRESENTATION_CONTEXT() REPRESENTATION_CONTEXT('2D SPACE',''
  ) );
#4401 = ORIENTED_EDGE('',*,*,#89,.T.);
#4402 = ADVANCED_FACE('',(#4403),#127,.T.);
#4403 = FACE_BOUND('',#4404,.T.);
#4404 = EDGE_LOOP('',(#4405,#4406));
#4405 = ORIENTED_EDGE('',*,*,#4380,.T.);
#4406 = ORIENTED_EDGE('',*,*,#112,.T.);
#4407 = ( GEOMETRIC_REPRESENTATION_CONTEXT(3) 
GLOBAL_UNCERTAINTY_ASSIGNED_CONTEXT((#4411)) 
GLOBAL_UNIT_ASSIGNED_CONTEXT((#4408,#4409,#4410)) REPRESENTATION_CONTEXT
('Context #1','3D Context with UNIT and UNCERTAINTY') );
#4408 = ( LENGTH_UNIT() NAMED_UNIT(*) SI_UNIT(.MILLI.,.METRE.) );
#4409 = ( NAMED_UNIT(*) PLANE_ANGLE_UNIT() SI_UNIT($,.RADIAN.) );
#4410 = ( NAMED_UNIT(*) SI_UNIT($,.STERADIAN.) SOLID_ANGLE_UNIT() );
#4411 = UNCERTAINTY_MEASURE_WITH_UNIT(LENGTH_MEASURE(5.E-05),#4408,
  'distance_accuracy_value','confusion accuracy');
#4412 = PRODUCT_RELATED_PRODUCT_CATEGORY('part',$,(#7));
ENDSEC;
END-ISO-10303-21;
