ISO-10303-21;
HEADER;
FILE_DESCRIPTION(('Open CASCADE Model'),'2;1');
FILE_NAME('Open CASCADE Shape Model','2026-09-11T11:57:33',('Author'),(
    'Open CASCADE'),'Open CASCADE STEP processor 7.9','Open CASCADE 7.9'
  ,'Unknown');
FILE_SCHEMA(('AUTOMOTIVE_DESIGN { 1 0 10303 214 1 1 1 1 }'));
ENDSEC;
DATA;
#1 = APPLICATION_PROTOCOL_DEFINITION('international standard',
  'automotive_design',2000,#2);
#2 = APPLICATION_CONTEXT(
  'core data for automotive mechanical design processes');
#3 = SHAPE_DEFINITION_REPRESENTATION(#4,#10);
#4 = PRODUCT_DEFINITION_SHAPE('','',#5);
#5 = PRODUCT_DEFINITION('design','',#6,#9);
#6 = PRODUCT_DEFINITION_FORMATION('','',#7);
#7 = PRODUCT('Open CASCADE STEP translator 7.9 8',
  'Open CASCADE STEP translator 7.9 8','',(#8));
#8 = PRODUCT_CONTEXT('',#2,'mechanical');
#9 = PRODUCT_DEFINITION_CONTEXT('part definition',#2,'design');
#10 = ADVANCED_BREP_SHAPE_REPRESENTATION('',(#11,#15),#4625);
#11 = AXIS2_PLACEMENT_3D('',#12,#13,#14);
#12 = CARTESIAN_POINT('',(0.,0.,0.));
#13 = DIRECTION('',(0.,0.,1.));
#14 = DIRECTION('',(1.,0.,-0.));
#15 = MANIFOLD_SOLID_BREP('',#16);
#16 = CLOSED_SHELL('',(#17,#138,#226,#352,#504,#557,#643,#759,#812,#928,
    #981,#1106,#1222,#1342,#1453,#1573,#1684,#1804,#1915,#2026,#2147,
    #2288,#2439,#2536,#2707,#2812,#2975,#3176,#3247,#3415,#3515,#3774,
    #3895,#3922,#3929,#3956,#3983,#4090,#4118,#4148,#4180,#4214,#4221,
    #4253,#4287,#4294,#4326,#4360,#4367,#4399,#4433,#4440,#4467,#4474,
    #4501,#4508,#4515,#4542,#4549,#4577,#4583,#4590,#4597,#4604,#4611,
    #4618));
#17 = ADVANCED_FACE('',(#18),#32,.F.);
#18 = FACE_BOUND('',#19,.F.);
#19 = EDGE_LOOP('',(#20,#55,#84,#107));
#20 = ORIENTED_EDGE('',*,*,#21,.T.);
#21 = EDGE_CURVE('',#22,#24,#26,.T.);
#22 = VERTEX_POINT('',#23);
#23 = CARTESIAN_POINT('',(-27.,6.,28.25000005));
#24 = VERTEX_POINT('',#25);
#25 = CARTESIAN_POINT('',(-27.,3.,28.25000005));
#26 = SURFACE_CURVE('',#27,(#31,#43),.PCURVE_S1.);
#27 = LINE('',#28,#29);
#28 = CARTESIAN_POINT('',(-27.,3.,28.25000005));
#29 = VECTOR('',#30,1.);
#30 = DIRECTION('',(0.,-1.,1.110223024625E-16));
#31 = PCURVE('',#32,#37);
#32 = CYLINDRICAL_SURFACE('',#33,4.25);
#33 = AXIS2_PLACEMENT_3D('',#34,#35,#36);
#34 = CARTESIAN_POINT('',(-27.,3.,32.50000005));
#35 = DIRECTION('',(0.,-1.,1.110223024625E-16));
#36 = DIRECTION('',(-2.22044604925E-16,-1.110223024625E-16,-1.));
#37 = DEFINITIONAL_REPRESENTATION('',(#38),#42);
#38 = LINE('',#39,#40);
#39 = CARTESIAN_POINT('',(6.28318530718,0.));
#40 = VECTOR('',#41,1.);
#41 = DIRECTION('',(0.,1.));
#42 = ( GEOMETRIC_REPRESENTATION_CONTEXT(2) 
PARAMETRIC_REPRESENTATION_CONTEXT() REPRESENTATION_CONTEXT('2D SPACE',''
  ) );
#43 = PCURVE('',#44,#49);
#44 = CYLINDRICAL_SURFACE('',#45,4.25);
#45 = AXIS2_PLACEMENT_3D('',#46,#47,#48);
#46 = CARTESIAN_POINT('',(-27.,3.,32.50000005));
#47 = DIRECTION('',(0.,-1.,1.110223024625E-16));
#48 = DIRECTION('',(-2.22044604925E-16,-1.110223024625E-16,-1.));
#49 = DEFINITIONAL_REPRESENTATION('',(#50),#54);
#50 = LINE('',#51,#52);
#51 = CARTESIAN_POINT('',(0.,0.));
#52 = VECTOR('',#53,1.);
#53 = DIRECTION('',(0.,1.));
#54 = ( GEOMETRIC_REPRESENTATION_CONTEXT(2) 
PARAMETRIC_REPRESENTATION_CONTEXT() REPRESENTATION_CONTEXT('2D SPACE',''
  ) );
#55 = ORIENTED_EDGE('',*,*,#56,.F.);
#56 = EDGE_CURVE('',#57,#24,#59,.T.);
#57 = VERTEX_POINT('',#58);
#58 = CARTESIAN_POINT('',(-27.,3.,36.75000005));
#59 = SURFACE_CURVE('',#60,(#65,#72),.PCURVE_S1.);
#60 = CIRCLE('',#61,4.25);
#61 = AXIS2_PLACEMENT_3D('',#62,#63,#64);
#62 = CARTESIAN_POINT('',(-27.,3.,32.50000005));
#63 = DIRECTION('',(0.,-1.,1.110223024625E-16));
#64 = DIRECTION('',(-2.22044604925E-16,-1.110223024625E-16,-1.));
#65 = PCURVE('',#32,#66);
#66 = DEFINITIONAL_REPRESENTATION('',(#67),#71);
#67 = LINE('',#68,#69);
#68 = CARTESIAN_POINT('',(0.,8.881784197001E-16));
#69 = VECTOR('',#70,1.);
#70 = DIRECTION('',(1.,0.));
#71 = ( GEOMETRIC_REPRESENTATION_CONTEXT(2) 
PARAMETRIC_REPRESENTATION_CONTEXT() REPRESENTATION_CONTEXT('2D SPACE',''
  ) );
#72 = PCURVE('',#73,#78);
#73 = PLANE('',#74);
#74 = AXIS2_PLACEMENT_3D('',#75,#76,#77);
#75 = CARTESIAN_POINT('',(-27.,3.,32.50000005));
#76 = DIRECTION('',(0.,-1.,1.110223024625E-16));
#77 = DIRECTION('',(-2.22044604925E-16,-1.110223024625E-16,-1.));
#78 = DEFINITIONAL_REPRESENTATION('',(#79),#83);
#79 = CIRCLE('',#80,4.25);
#80 = AXIS2_PLACEMENT_2D('',#81,#82);
#81 = CARTESIAN_POINT('',(0.,0.));
#82 = DIRECTION('',(1.,0.));
#83 = ( GEOMETRIC_REPRESENTATION_CONTEXT(2) 
PARAMETRIC_REPRESENTATION_CONTEXT() REPRESENTATION_CONTEXT('2D SPACE',''
  ) );
#84 = ORIENTED_EDGE('',*,*,#85,.F.);
#85 = EDGE_CURVE('',#86,#57,#88,.T.);
#86 = VERTEX_POINT('',#87);
#87 = CARTESIAN_POINT('',(-27.,6.,36.75000005));
#88 = SURFACE_CURVE('',#89,(#93,#100),.PCURVE_S1.);
#89 = LINE('',#90,#91);
#90 = CARTESIAN_POINT('',(-27.,3.,36.75000005));
#91 = VECTOR('',#92,1.);
#92 = DIRECTION('',(0.,-1.,1.110223024625E-16));
#93 = PCURVE('',#32,#94);
#94 = DEFINITIONAL_REPRESENTATION('',(#95),#99);
#95 = LINE('',#96,#97);
#96 = CARTESIAN_POINT('',(3.14159265359,0.));
#97 = VECTOR('',#98,1.);
#98 = DIRECTION('',(0.,1.));
#99 = ( GEOMETRIC_REPRESENTATION_CONTEXT(2) 
PARAMETRIC_REPRESENTATION_CONTEXT() REPRESENTATION_CONTEXT('2D SPACE',''
  ) );
#100 = PCURVE('',#44,#101);
#101 = DEFINITIONAL_REPRESENTATION('',(#102),#106);
#102 = LINE('',#103,#104);
#103 = CARTESIAN_POINT('',(3.14159265359,0.));
#104 = VECTOR('',#105,1.);
#105 = DIRECTION('',(0.,1.));
#106 = ( GEOMETRIC_REPRESENTATION_CONTEXT(2) 
PARAMETRIC_REPRESENTATION_CONTEXT() REPRESENTATION_CONTEXT('2D SPACE',''
  ) );
#107 = ORIENTED_EDGE('',*,*,#108,.T.);
#108 = EDGE_CURVE('',#86,#22,#109,.T.);
#109 = SURFACE_CURVE('',#110,(#115,#122),.PCURVE_S1.);
#110 = CIRCLE('',#111,4.25);
#111 = AXIS2_PLACEMENT_3D('',#112,#113,#114);
#112 = CARTESIAN_POINT('',(-27.,6.,32.50000005));
#113 = DIRECTION('',(0.,-1.,1.110223024625E-16));
#114 = DIRECTION('',(-2.22044604925E-16,-1.110223024625E-16,-1.));
#115 = PCURVE('',#32,#116);
#116 = DEFINITIONAL_REPRESENTATION('',(#117),#121);
#117 = LINE('',#118,#119);
#118 = CARTESIAN_POINT('',(0.,-3.));
#119 = VECTOR('',#120,1.);
#120 = DIRECTION('',(1.,0.));
#121 = ( GEOMETRIC_REPRESENTATION_CONTEXT(2) 
PARAMETRIC_REPRESENTATION_CONTEXT() REPRESENTATION_CONTEXT('2D SPACE',''
  ) );
#122 = PCURVE('',#123,#128);
#123 = PLANE('',#124);
#124 = AXIS2_PLACEMENT_3D('',#125,#126,#127);
#125 = CARTESIAN_POINT('',(-3.,6.,17.50000005));
#126 = DIRECTION('',(0.,1.,-1.110223024625E-16));
#127 = DIRECTION('',(2.22044604925E-16,1.110223024625E-16,1.));
#128 = DEFINITIONAL_REPRESENTATION('',(#129),#137);
#129 = ( BOUNDED_CURVE() B_SPLINE_CURVE(2,(#130,#131,#132,#133,#134,#135
,#136),.UNSPECIFIED.,.T.,.F.) B_SPLINE_CURVE_WITH_KNOTS((1,2,2,2,2,1),(
    -2.094395102393,0.,2.094395102393,4.188790204786,6.28318530718,
8.377580409573),.UNSPECIFIED.) CURVE() GEOMETRIC_REPRESENTATION_ITEM() 
RATIONAL_B_SPLINE_CURVE((1.,0.5,1.,0.5,1.,0.5,1.)) REPRESENTATION_ITEM(
  '') );
#130 = CARTESIAN_POINT('',(10.75,-24.));
#131 = CARTESIAN_POINT('',(10.75,-16.63878406783));
#132 = CARTESIAN_POINT('',(17.125,-20.31939203391));
#133 = CARTESIAN_POINT('',(23.5,-24.));
#134 = CARTESIAN_POINT('',(17.125,-27.68060796608));
#135 = CARTESIAN_POINT('',(10.75,-31.36121593216));
#136 = CARTESIAN_POINT('',(10.75,-24.));
#137 = ( GEOMETRIC_REPRESENTATION_CONTEXT(2) 
PARAMETRIC_REPRESENTATION_CONTEXT() REPRESENTATION_CONTEXT('2D SPACE',''
  ) );
#138 = ADVANCED_FACE('',(#139),#154,.F.);
#139 = FACE_BOUND('',#140,.F.);
#140 = EDGE_LOOP('',(#141,#177,#205));
#141 = ORIENTED_EDGE('',*,*,#142,.F.);
#142 = EDGE_CURVE('',#143,#145,#147,.T.);
#143 = VERTEX_POINT('',#144);
#144 = CARTESIAN_POINT('',(14.4,-2.1,-36.99999995));
#145 = VERTEX_POINT('',#146);
#146 = CARTESIAN_POINT('',(14.4,2.1,-36.99999995));
#147 = SURFACE_CURVE('',#148,(#153,#165),.PCURVE_S1.);
#148 = CIRCLE('',#149,2.1);
#149 = AXIS2_PLACEMENT_3D('',#150,#151,#152);
#150 = CARTESIAN_POINT('',(14.4,-4.107825185562E-15,-36.99999995));
#151 = DIRECTION('',(-1.,2.465190328816E-32,2.22044604925E-16));
#152 = DIRECTION('',(0.,1.,-1.110223024625E-16));
#153 = PCURVE('',#154,#159);
#154 = CONICAL_SURFACE('',#155,2.1,1.029744258677);
#155 = AXIS2_PLACEMENT_3D('',#156,#157,#158);
#156 = CARTESIAN_POINT('',(14.4,-4.107825185562E-15,-36.99999995));
#157 = DIRECTION('',(-1.,2.465190328816E-32,2.22044604925E-16));
#158 = DIRECTION('',(0.,1.,-1.110223024625E-16));
#159 = DEFINITIONAL_REPRESENTATION('',(#160),#164);
#160 = LINE('',#161,#162);
#161 = CARTESIAN_POINT('',(0.,0.));
#162 = VECTOR('',#163,1.);
#163 = DIRECTION('',(1.,0.));
#164 = ( GEOMETRIC_REPRESENTATION_CONTEXT(2) 
PARAMETRIC_REPRESENTATION_CONTEXT() REPRESENTATION_CONTEXT('2D SPACE',''
  ) );
#165 = PCURVE('',#166,#171);
#166 = CYLINDRICAL_SURFACE('',#167,2.1);
#167 = AXIS2_PLACEMENT_3D('',#168,#169,#170);
#168 = CARTESIAN_POINT('',(-3.,-4.107825185562E-15,-36.99999995));
#169 = DIRECTION('',(-1.,2.465190328816E-32,2.22044604925E-16));
#170 = DIRECTION('',(0.,1.,-1.110223024625E-16));
#171 = DEFINITIONAL_REPRESENTATION('',(#172),#176);
#172 = LINE('',#173,#174);
#173 = CARTESIAN_POINT('',(0.,-17.4));
#174 = VECTOR('',#175,1.);
#175 = DIRECTION('',(1.,0.));
#176 = ( GEOMETRIC_REPRESENTATION_CONTEXT(2) 
PARAMETRIC_REPRESENTATION_CONTEXT() REPRESENTATION_CONTEXT('2D SPACE',''
  ) );
#177 = ORIENTED_EDGE('',*,*,#178,.F.);
#178 = EDGE_CURVE('',#179,#143,#181,.T.);
#179 = VERTEX_POINT('',#180);
#180 = CARTESIAN_POINT('',(15.661807299958,-4.107825185562E-15,
    -36.99999995));
#181 = SURFACE_CURVE('',#182,(#186,#193),.PCURVE_S1.);
#182 = LINE('',#183,#184);
#183 = CARTESIAN_POINT('',(14.4,-2.1,-36.99999995));
#184 = VECTOR('',#185,1.);
#185 = DIRECTION('',(-0.51503807491,-0.857167300702,1.045533940704E-16)
  );
#186 = PCURVE('',#154,#187);
#187 = DEFINITIONAL_REPRESENTATION('',(#188),#192);
#188 = LINE('',#189,#190);
#189 = CARTESIAN_POINT('',(3.14159265359,4.57445703459E-16));
#190 = VECTOR('',#191,1.);
#191 = DIRECTION('',(0.,1.));
#192 = ( GEOMETRIC_REPRESENTATION_CONTEXT(2) 
PARAMETRIC_REPRESENTATION_CONTEXT() REPRESENTATION_CONTEXT('2D SPACE',''
  ) );
#193 = PCURVE('',#194,#199);
#194 = CONICAL_SURFACE('',#195,2.1,1.029744258677);
#195 = AXIS2_PLACEMENT_3D('',#196,#197,#198);
#196 = CARTESIAN_POINT('',(14.4,-4.107825185562E-15,-36.99999995));
#197 = DIRECTION('',(-1.,2.465190328816E-32,2.22044604925E-16));
#198 = DIRECTION('',(0.,1.,-1.110223024625E-16));
#199 = DEFINITIONAL_REPRESENTATION('',(#200),#204);
#200 = LINE('',#201,#202);
#201 = CARTESIAN_POINT('',(3.14159265359,4.57445703459E-16));
#202 = VECTOR('',#203,1.);
#203 = DIRECTION('',(0.,1.));
#204 = ( GEOMETRIC_REPRESENTATION_CONTEXT(2) 
PARAMETRIC_REPRESENTATION_CONTEXT() REPRESENTATION_CONTEXT('2D SPACE',''
  ) );
#205 = ORIENTED_EDGE('',*,*,#206,.T.);
#206 = EDGE_CURVE('',#179,#145,#207,.T.);
#207 = SURFACE_CURVE('',#208,(#212,#219),.PCURVE_S1.);
#208 = LINE('',#209,#210);
#209 = CARTESIAN_POINT('',(14.4,2.1,-36.99999995));
#210 = VECTOR('',#211,1.);
#211 = DIRECTION('',(-0.51503807491,0.857167300702,1.919673854523E-17));
#212 = PCURVE('',#154,#213);
#213 = DEFINITIONAL_REPRESENTATION('',(#214),#218);
#214 = LINE('',#215,#216);
#215 = CARTESIAN_POINT('',(6.28318530718,4.57445703459E-16));
#216 = VECTOR('',#217,1.);
#217 = DIRECTION('',(0.,1.));
#218 = ( GEOMETRIC_REPRESENTATION_CONTEXT(2) 
PARAMETRIC_REPRESENTATION_CONTEXT() REPRESENTATION_CONTEXT('2D SPACE',''
  ) );
#219 = PCURVE('',#194,#220);
#220 = DEFINITIONAL_REPRESENTATION('',(#221),#225);
#221 = LINE('',#222,#223);
#222 = CARTESIAN_POINT('',(0.,4.57445703459E-16));
#223 = VECTOR('',#224,1.);
#224 = DIRECTION('',(0.,1.));
#225 = ( GEOMETRIC_REPRESENTATION_CONTEXT(2) 
PARAMETRIC_REPRESENTATION_CONTEXT() REPRESENTATION_CONTEXT('2D SPACE',''
  ) );
#226 = ADVANCED_FACE('',(#227),#166,.F.);
#227 = FACE_BOUND('',#228,.F.);
#228 = EDGE_LOOP('',(#229,#257,#330,#351));
#229 = ORIENTED_EDGE('',*,*,#230,.T.);
#230 = EDGE_CURVE('',#145,#231,#233,.T.);
#231 = VERTEX_POINT('',#232);
#232 = CARTESIAN_POINT('',(3.,2.1,-36.99999995));
#233 = SURFACE_CURVE('',#234,(#238,#245),.PCURVE_S1.);
#234 = LINE('',#235,#236);
#235 = CARTESIAN_POINT('',(-3.,2.1,-36.99999995));
#236 = VECTOR('',#237,1.);
#237 = DIRECTION('',(-1.,2.465190328816E-32,2.22044604925E-16));
#238 = PCURVE('',#166,#239);
#239 = DEFINITIONAL_REPRESENTATION('',(#240),#244);
#240 = LINE('',#241,#242);
#241 = CARTESIAN_POINT('',(6.28318530718,0.));
#242 = VECTOR('',#243,1.);
#243 = DIRECTION('',(0.,1.));
#244 = ( GEOMETRIC_REPRESENTATION_CONTEXT(2) 
PARAMETRIC_REPRESENTATION_CONTEXT() REPRESENTATION_CONTEXT('2D SPACE',''
  ) );
#245 = PCURVE('',#246,#251);
#246 = CYLINDRICAL_SURFACE('',#247,2.1);
#247 = AXIS2_PLACEMENT_3D('',#248,#249,#250);
#248 = CARTESIAN_POINT('',(-3.,-4.107825185562E-15,-36.99999995));
#249 = DIRECTION('',(-1.,2.465190328816E-32,2.22044604925E-16));
#250 = DIRECTION('',(0.,1.,-1.110223024625E-16));
#251 = DEFINITIONAL_REPRESENTATION('',(#252),#256);
#252 = LINE('',#253,#254);
#253 = CARTESIAN_POINT('',(0.,0.));
#254 = VECTOR('',#255,1.);
#255 = DIRECTION('',(0.,1.));
#256 = ( GEOMETRIC_REPRESENTATION_CONTEXT(2) 
PARAMETRIC_REPRESENTATION_CONTEXT() REPRESENTATION_CONTEXT('2D SPACE',''
  ) );
#257 = ORIENTED_EDGE('',*,*,#258,.T.);
#258 = EDGE_CURVE('',#231,#259,#261,.T.);
#259 = VERTEX_POINT('',#260);
#260 = CARTESIAN_POINT('',(3.,-2.1,-36.99999995));
#261 = SURFACE_CURVE('',#262,(#267,#296),.PCURVE_S1.);
#262 = ( BOUNDED_CURVE() B_SPLINE_CURVE(3,(#263,#264,#265,#266),
.UNSPECIFIED.,.F.,.F.) B_SPLINE_CURVE_WITH_KNOTS((4,4),(1.570796326795,
4.712388980385),.PIECEWISE_BEZIER_KNOTS.) CURVE() 
GEOMETRIC_REPRESENTATION_ITEM() RATIONAL_B_SPLINE_CURVE((1.,
0.333333333333,0.333333333333,1.)) REPRESENTATION_ITEM('') );
#263 = CARTESIAN_POINT('',(3.,2.1,-36.99999995));
#264 = CARTESIAN_POINT('',(7.2,2.1,-32.79999995));
#265 = CARTESIAN_POINT('',(7.2,-2.1,-32.79999995));
#266 = CARTESIAN_POINT('',(3.,-2.1,-36.99999995));
#267 = PCURVE('',#166,#268);
#268 = DEFINITIONAL_REPRESENTATION('',(#269),#295);
#269 = B_SPLINE_CURVE_WITH_KNOTS('',3,(#270,#271,#272,#273,#274,#275,
    #276,#277,#278,#279,#280,#281,#282,#283,#284,#285,#286,#287,#288,
    #289,#290,#291,#292,#293,#294),.UNSPECIFIED.,.F.,.F.,(4,1,1,1,1,1,1,
    1,1,1,1,1,1,1,1,1,1,1,1,1,1,1,4),(1.570796326795,1.713595992867,
    1.856395658939,1.999195325012,2.141994991084,2.284794657156,
    2.427594323228,2.570393989301,2.713193655373,2.855993321445,
    2.998792987518,3.14159265359,3.284392319662,3.427191985734,
    3.569991651807,3.712791317879,3.855590983951,3.998390650023,
    4.141190316096,4.283989982168,4.42678964824,4.569589314312,
    4.712388980385),.UNSPECIFIED.);
#270 = CARTESIAN_POINT('',(6.28318530718,-6.));
#271 = CARTESIAN_POINT('',(6.25288733601,-6.063518611125));
#272 = CARTESIAN_POINT('',(6.18951882766,-6.196775181355));
#273 = CARTESIAN_POINT('',(6.08546770293,-6.413294016443));
#274 = CARTESIAN_POINT('',(5.971698373805,-6.645098257824));
#275 = CARTESIAN_POINT('',(5.847628121145,-6.888475114422));
#276 = CARTESIAN_POINT('',(5.712873634207,-7.137471872723));
#277 = CARTESIAN_POINT('',(5.567371884498,-7.383293445642));
#278 = CARTESIAN_POINT('',(5.411502627631,-7.614285851558));
#279 = CARTESIAN_POINT('',(5.246203530293,-7.816497454695));
#280 = CARTESIAN_POINT('',(5.073041723318,-7.975108945047));
#281 = CARTESIAN_POINT('',(4.894205456254,-8.076666765115));
#282 = CARTESIAN_POINT('',(4.712388980385,-8.111666617442));
#283 = CARTESIAN_POINT('',(4.530572504516,-8.076666765115));
#284 = CARTESIAN_POINT('',(4.351736237451,-7.975108945047));
#285 = CARTESIAN_POINT('',(4.178574430477,-7.816497454695));
#286 = CARTESIAN_POINT('',(4.013275333138,-7.614285851558));
#287 = CARTESIAN_POINT('',(3.857406076271,-7.383293445642));
#288 = CARTESIAN_POINT('',(3.711904326563,-7.137471872723));
#289 = CARTESIAN_POINT('',(3.577149839625,-6.888475114422));
#290 = CARTESIAN_POINT('',(3.453079586965,-6.645098257824));
#291 = CARTESIAN_POINT('',(3.33931025784,-6.413294016443));
#292 = CARTESIAN_POINT('',(3.23525913311,-6.196775181355));
#293 = CARTESIAN_POINT('',(3.17189062476,-6.063518611125));
#294 = CARTESIAN_POINT('',(3.14159265359,-6.));
#295 = ( GEOMETRIC_REPRESENTATION_CONTEXT(2) 
PARAMETRIC_REPRESENTATION_CONTEXT() REPRESENTATION_CONTEXT('2D SPACE',''
  ) );
#296 = PCURVE('',#297,#302);
#297 = CYLINDRICAL_SURFACE('',#298,2.1);
#298 = AXIS2_PLACEMENT_3D('',#299,#300,#301);
#299 = CARTESIAN_POINT('',(3.,-5.273559361418E-15,-47.49999995));
#300 = DIRECTION('',(-2.22044604925E-16,-1.110223024625E-16,-1.));
#301 = DIRECTION('',(0.,1.,-1.110223024625E-16));
#302 = DEFINITIONAL_REPRESENTATION('',(#303),#329);
#303 = B_SPLINE_CURVE_WITH_KNOTS('',3,(#304,#305,#306,#307,#308,#309,
    #310,#311,#312,#313,#314,#315,#316,#317,#318,#319,#320,#321,#322,
    #323,#324,#325,#326,#327,#328),.UNSPECIFIED.,.F.,.F.,(4,1,1,1,1,1,1,
    1,1,1,1,1,1,1,1,1,1,1,1,1,1,1,4),(1.570796326795,1.713595992867,
    1.856395658939,1.999195325012,2.141994991084,2.284794657156,
    2.427594323228,2.570393989301,2.713193655373,2.855993321445,
    2.998792987518,3.14159265359,3.284392319662,3.427191985734,
    3.569991651807,3.712791317879,3.855590983951,3.998390650023,
    4.141190316096,4.283989982168,4.42678964824,4.569589314312,
    4.712388980385),.UNSPECIFIED.);
#304 = CARTESIAN_POINT('',(0.,-10.5));
#305 = CARTESIAN_POINT('',(3.029797116992E-02,-10.56351861112));
#306 = CARTESIAN_POINT('',(9.366647951974E-02,-10.69677518135));
#307 = CARTESIAN_POINT('',(0.19771760425,-10.91329401644));
#308 = CARTESIAN_POINT('',(0.311486933375,-11.14509825782));
#309 = CARTESIAN_POINT('',(0.435557186035,-11.38847511442));
#310 = CARTESIAN_POINT('',(0.570311672973,-11.63747187272));
#311 = CARTESIAN_POINT('',(0.715813422681,-11.88329344564));
#312 = CARTESIAN_POINT('',(0.871682679549,-12.11428585155));
#313 = CARTESIAN_POINT('',(1.036981776887,-12.31649745469));
#314 = CARTESIAN_POINT('',(1.210143583862,-12.47510894504));
#315 = CARTESIAN_POINT('',(1.388979850926,-12.57666676511));
#316 = CARTESIAN_POINT('',(1.570796326795,-12.61166661744));
#317 = CARTESIAN_POINT('',(1.752612802664,-12.57666676511));
#318 = CARTESIAN_POINT('',(1.931449069728,-12.47510894504));
#319 = CARTESIAN_POINT('',(2.104610876703,-12.31649745469));
#320 = CARTESIAN_POINT('',(2.269909974041,-12.11428585155));
#321 = CARTESIAN_POINT('',(2.425779230908,-11.88329344564));
#322 = CARTESIAN_POINT('',(2.571280980617,-11.63747187272));
#323 = CARTESIAN_POINT('',(2.706035467555,-11.38847511442));
#324 = CARTESIAN_POINT('',(2.830105720215,-11.14509825782));
#325 = CARTESIAN_POINT('',(2.94387504934,-10.91329401644));
#326 = CARTESIAN_POINT('',(3.04792617407,-10.69677518135));
#327 = CARTESIAN_POINT('',(3.11129468242,-10.56351861112));
#328 = CARTESIAN_POINT('',(3.14159265359,-10.5));
#329 = ( GEOMETRIC_REPRESENTATION_CONTEXT(2) 
PARAMETRIC_REPRESENTATION_CONTEXT() REPRESENTATION_CONTEXT('2D SPACE',''
  ) );
#330 = ORIENTED_EDGE('',*,*,#331,.F.);
#331 = EDGE_CURVE('',#143,#259,#332,.T.);
#332 = SURFACE_CURVE('',#333,(#337,#344),.PCURVE_S1.);
#333 = LINE('',#334,#335);
#334 = CARTESIAN_POINT('',(-3.,-2.1,-36.99999995));
#335 = VECTOR('',#336,1.);
#336 = DIRECTION('',(-1.,2.465190328816E-32,2.22044604925E-16));
#337 = PCURVE('',#166,#338);
#338 = DEFINITIONAL_REPRESENTATION('',(#339),#343);
#339 = LINE('',#340,#341);
#340 = CARTESIAN_POINT('',(3.14159265359,0.));
#341 = VECTOR('',#342,1.);
#342 = DIRECTION('',(0.,1.));
#343 = ( GEOMETRIC_REPRESENTATION_CONTEXT(2) 
PARAMETRIC_REPRESENTATION_CONTEXT() REPRESENTATION_CONTEXT('2D SPACE',''
  ) );
#344 = PCURVE('',#246,#345);
#345 = DEFINITIONAL_REPRESENTATION('',(#346),#350);
#346 = LINE('',#347,#348);
#347 = CARTESIAN_POINT('',(3.14159265359,0.));
#348 = VECTOR('',#349,1.);
#349 = DIRECTION('',(0.,1.));
#350 = ( GEOMETRIC_REPRESENTATION_CONTEXT(2) 
PARAMETRIC_REPRESENTATION_CONTEXT() REPRESENTATION_CONTEXT('2D SPACE',''
  ) );
#351 = ORIENTED_EDGE('',*,*,#142,.T.);
#352 = ADVANCED_FACE('',(#353),#365,.F.);
#353 = FACE_BOUND('',#354,.F.);
#354 = EDGE_LOOP('',(#355,#383,#454,#477));
#355 = ORIENTED_EDGE('',*,*,#356,.T.);
#356 = EDGE_CURVE('',#357,#231,#359,.T.);
#357 = VERTEX_POINT('',#358);
#358 = CARTESIAN_POINT('',(3.,2.1,-30.09999995));
#359 = SURFACE_CURVE('',#360,(#364,#376),.PCURVE_S1.);
#360 = LINE('',#361,#362);
#361 = CARTESIAN_POINT('',(3.,2.1,-47.49999995));
#362 = VECTOR('',#363,1.);
#363 = DIRECTION('',(-2.22044604925E-16,-1.110223024625E-16,-1.));
#364 = PCURVE('',#365,#370);
#365 = CYLINDRICAL_SURFACE('',#366,2.1);
#366 = AXIS2_PLACEMENT_3D('',#367,#368,#369);
#367 = CARTESIAN_POINT('',(3.,-5.273559361418E-15,-47.49999995));
#368 = DIRECTION('',(-2.22044604925E-16,-1.110223024625E-16,-1.));
#369 = DIRECTION('',(0.,1.,-1.110223024625E-16));
#370 = DEFINITIONAL_REPRESENTATION('',(#371),#375);
#371 = LINE('',#372,#373);
#372 = CARTESIAN_POINT('',(6.28318530718,0.));
#373 = VECTOR('',#374,1.);
#374 = DIRECTION('',(0.,1.));
#375 = ( GEOMETRIC_REPRESENTATION_CONTEXT(2) 
PARAMETRIC_REPRESENTATION_CONTEXT() REPRESENTATION_CONTEXT('2D SPACE',''
  ) );
#376 = PCURVE('',#297,#377);
#377 = DEFINITIONAL_REPRESENTATION('',(#378),#382);
#378 = LINE('',#379,#380);
#379 = CARTESIAN_POINT('',(0.,0.));
#380 = VECTOR('',#381,1.);
#381 = DIRECTION('',(0.,1.));
#382 = ( GEOMETRIC_REPRESENTATION_CONTEXT(2) 
PARAMETRIC_REPRESENTATION_CONTEXT() REPRESENTATION_CONTEXT('2D SPACE',''
  ) );
#383 = ORIENTED_EDGE('',*,*,#384,.F.);
#384 = EDGE_CURVE('',#259,#231,#385,.T.);
#385 = SURFACE_CURVE('',#386,(#391,#420),.PCURVE_S1.);
#386 = ( BOUNDED_CURVE() B_SPLINE_CURVE(3,(#387,#388,#389,#390),
.UNSPECIFIED.,.F.,.F.) B_SPLINE_CURVE_WITH_KNOTS((4,4),(1.570796326795,
4.712388980385),.PIECEWISE_BEZIER_KNOTS.) CURVE() 
GEOMETRIC_REPRESENTATION_ITEM() RATIONAL_B_SPLINE_CURVE((1.,
0.333333333333,0.333333333333,1.)) REPRESENTATION_ITEM('') );
#387 = CARTESIAN_POINT('',(3.,-2.1,-36.99999995));
#388 = CARTESIAN_POINT('',(-1.2,-2.1,-32.79999995));
#389 = CARTESIAN_POINT('',(-1.2,2.1,-32.79999995));
#390 = CARTESIAN_POINT('',(3.,2.1,-36.99999995));
#391 = PCURVE('',#365,#392);
#392 = DEFINITIONAL_REPRESENTATION('',(#393),#419);
#393 = B_SPLINE_CURVE_WITH_KNOTS('',3,(#394,#395,#396,#397,#398,#399,
    #400,#401,#402,#403,#404,#405,#406,#407,#408,#409,#410,#411,#412,
    #413,#414,#415,#416,#417,#418),.UNSPECIFIED.,.F.,.F.,(4,1,1,1,1,1,1,
    1,1,1,1,1,1,1,1,1,1,1,1,1,1,1,4),(1.570796326795,1.713595992867,
    1.856395658939,1.999195325012,2.141994991084,2.284794657156,
    2.427594323228,2.570393989301,2.713193655373,2.855993321445,
    2.998792987518,3.14159265359,3.284392319662,3.427191985734,
    3.569991651807,3.712791317879,3.855590983951,3.998390650023,
    4.141190316096,4.283989982168,4.42678964824,4.569589314312,
    4.712388980385),.UNSPECIFIED.);
#394 = CARTESIAN_POINT('',(3.14159265359,-10.5));
#395 = CARTESIAN_POINT('',(3.17189062476,-10.56351861112));
#396 = CARTESIAN_POINT('',(3.23525913311,-10.69677518135));
#397 = CARTESIAN_POINT('',(3.33931025784,-10.91329401644));
#398 = CARTESIAN_POINT('',(3.453079586965,-11.14509825782));
#399 = CARTESIAN_POINT('',(3.577149839625,-11.38847511442));
#400 = CARTESIAN_POINT('',(3.711904326563,-11.63747187272));
#401 = CARTESIAN_POINT('',(3.857406076271,-11.88329344564));
#402 = CARTESIAN_POINT('',(4.013275333138,-12.11428585155));
#403 = CARTESIAN_POINT('',(4.178574430477,-12.31649745469));
#404 = CARTESIAN_POINT('',(4.351736237451,-12.47510894504));
#405 = CARTESIAN_POINT('',(4.530572504516,-12.57666676511));
#406 = CARTESIAN_POINT('',(4.712388980385,-12.61166661744));
#407 = CARTESIAN_POINT('',(4.894205456254,-12.57666676511));
#408 = CARTESIAN_POINT('',(5.073041723318,-12.47510894504));
#409 = CARTESIAN_POINT('',(5.246203530293,-12.31649745469));
#410 = CARTESIAN_POINT('',(5.411502627631,-12.11428585155));
#411 = CARTESIAN_POINT('',(5.567371884498,-11.88329344564));
#412 = CARTESIAN_POINT('',(5.712873634207,-11.63747187272));
#413 = CARTESIAN_POINT('',(5.847628121145,-11.38847511442));
#414 = CARTESIAN_POINT('',(5.971698373805,-11.14509825782));
#415 = CARTESIAN_POINT('',(6.08546770293,-10.91329401644));
#416 = CARTESIAN_POINT('',(6.18951882766,-10.69677518135));
#417 = CARTESIAN_POINT('',(6.25288733601,-10.56351861112));
#418 = CARTESIAN_POINT('',(6.28318530718,-10.5));
#419 = ( GEOMETRIC_REPRESENTATION_CONTEXT(2) 
PARAMETRIC_REPRESENTATION_CONTEXT() REPRESENTATION_CONTEXT('2D SPACE',''
  ) );
#420 = PCURVE('',#421,#426);
#421 = CYLINDRICAL_SURFACE('',#422,2.1);
#422 = AXIS2_PLACEMENT_3D('',#423,#424,#425);
#423 = CARTESIAN_POINT('',(-3.,-4.107825185562E-15,-36.99999995));
#424 = DIRECTION('',(-1.,2.465190328816E-32,2.22044604925E-16));
#425 = DIRECTION('',(0.,1.,-1.110223024625E-16));
#426 = DEFINITIONAL_REPRESENTATION('',(#427),#453);
#427 = B_SPLINE_CURVE_WITH_KNOTS('',3,(#428,#429,#430,#431,#432,#433,
    #434,#435,#436,#437,#438,#439,#440,#441,#442,#443,#444,#445,#446,
    #447,#448,#449,#450,#451,#452),.UNSPECIFIED.,.F.,.F.,(4,1,1,1,1,1,1,
    1,1,1,1,1,1,1,1,1,1,1,1,1,1,1,4),(1.570796326795,1.713595992867,
    1.856395658939,1.999195325012,2.141994991084,2.284794657156,
    2.427594323228,2.570393989301,2.713193655373,2.855993321445,
    2.998792987518,3.14159265359,3.284392319662,3.427191985734,
    3.569991651807,3.712791317879,3.855590983951,3.998390650023,
    4.141190316096,4.283989982168,4.42678964824,4.569589314312,
    4.712388980385),.UNSPECIFIED.);
#428 = CARTESIAN_POINT('',(3.14159265359,-6.));
#429 = CARTESIAN_POINT('',(3.17189062476,-5.936481388875));
#430 = CARTESIAN_POINT('',(3.23525913311,-5.803224818645));
#431 = CARTESIAN_POINT('',(3.33931025784,-5.586705983557));
#432 = CARTESIAN_POINT('',(3.453079586965,-5.354901742176));
#433 = CARTESIAN_POINT('',(3.577149839625,-5.111524885578));
#434 = CARTESIAN_POINT('',(3.711904326563,-4.862528127277));
#435 = CARTESIAN_POINT('',(3.857406076271,-4.616706554358));
#436 = CARTESIAN_POINT('',(4.013275333138,-4.385714148442));
#437 = CARTESIAN_POINT('',(4.178574430477,-4.183502545305));
#438 = CARTESIAN_POINT('',(4.351736237451,-4.024891054953));
#439 = CARTESIAN_POINT('',(4.530572504516,-3.923333234885));
#440 = CARTESIAN_POINT('',(4.712388980385,-3.888333382558));
#441 = CARTESIAN_POINT('',(4.894205456254,-3.923333234885));
#442 = CARTESIAN_POINT('',(5.073041723318,-4.024891054952));
#443 = CARTESIAN_POINT('',(5.246203530293,-4.183502545305));
#444 = CARTESIAN_POINT('',(5.411502627631,-4.385714148442));
#445 = CARTESIAN_POINT('',(5.567371884498,-4.616706554358));
#446 = CARTESIAN_POINT('',(5.712873634207,-4.862528127277));
#447 = CARTESIAN_POINT('',(5.847628121145,-5.111524885578));
#448 = CARTESIAN_POINT('',(5.971698373805,-5.354901742176));
#449 = CARTESIAN_POINT('',(6.08546770293,-5.586705983557));
#450 = CARTESIAN_POINT('',(6.18951882766,-5.803224818645));
#451 = CARTESIAN_POINT('',(6.25288733601,-5.936481388875));
#452 = CARTESIAN_POINT('',(6.28318530718,-6.));
#453 = ( GEOMETRIC_REPRESENTATION_CONTEXT(2) 
PARAMETRIC_REPRESENTATION_CONTEXT() REPRESENTATION_CONTEXT('2D SPACE',''
  ) );
#454 = ORIENTED_EDGE('',*,*,#455,.F.);
#455 = EDGE_CURVE('',#456,#259,#458,.T.);
#456 = VERTEX_POINT('',#457);
#457 = CARTESIAN_POINT('',(3.,-2.1,-30.09999995));
#458 = SURFACE_CURVE('',#459,(#463,#470),.PCURVE_S1.);
#459 = LINE('',#460,#461);
#460 = CARTESIAN_POINT('',(3.,-2.1,-47.49999995));
#461 = VECTOR('',#462,1.);
#462 = DIRECTION('',(-2.22044604925E-16,-1.110223024625E-16,-1.));
#463 = PCURVE('',#365,#464);
#464 = DEFINITIONAL_REPRESENTATION('',(#465),#469);
#465 = LINE('',#466,#467);
#466 = CARTESIAN_POINT('',(3.14159265359,0.));
#467 = VECTOR('',#468,1.);
#468 = DIRECTION('',(0.,1.));
#469 = ( GEOMETRIC_REPRESENTATION_CONTEXT(2) 
PARAMETRIC_REPRESENTATION_CONTEXT() REPRESENTATION_CONTEXT('2D SPACE',''
  ) );
#470 = PCURVE('',#297,#471);
#471 = DEFINITIONAL_REPRESENTATION('',(#472),#476);
#472 = LINE('',#473,#474);
#473 = CARTESIAN_POINT('',(3.14159265359,0.));
#474 = VECTOR('',#475,1.);
#475 = DIRECTION('',(0.,1.));
#476 = ( GEOMETRIC_REPRESENTATION_CONTEXT(2) 
PARAMETRIC_REPRESENTATION_CONTEXT() REPRESENTATION_CONTEXT('2D SPACE',''
  ) );
#477 = ORIENTED_EDGE('',*,*,#478,.T.);
#478 = EDGE_CURVE('',#456,#357,#479,.T.);
#479 = SURFACE_CURVE('',#480,(#485,#492),.PCURVE_S1.);
#480 = CIRCLE('',#481,2.1);
#481 = AXIS2_PLACEMENT_3D('',#482,#483,#484);
#482 = CARTESIAN_POINT('',(3.,-3.341771298571E-15,-30.09999995));
#483 = DIRECTION('',(-2.22044604925E-16,-1.110223024625E-16,-1.));
#484 = DIRECTION('',(0.,1.,-1.110223024625E-16));
#485 = PCURVE('',#365,#486);
#486 = DEFINITIONAL_REPRESENTATION('',(#487),#491);
#487 = LINE('',#488,#489);
#488 = CARTESIAN_POINT('',(0.,-17.4));
#489 = VECTOR('',#490,1.);
#490 = DIRECTION('',(1.,0.));
#491 = ( GEOMETRIC_REPRESENTATION_CONTEXT(2) 
PARAMETRIC_REPRESENTATION_CONTEXT() REPRESENTATION_CONTEXT('2D SPACE',''
  ) );
#492 = PCURVE('',#493,#498);
#493 = CONICAL_SURFACE('',#494,2.1,1.029744258677);
#494 = AXIS2_PLACEMENT_3D('',#495,#496,#497);
#495 = CARTESIAN_POINT('',(3.,-3.341771298571E-15,-30.09999995));
#496 = DIRECTION('',(-2.22044604925E-16,-1.110223024625E-16,-1.));
#497 = DIRECTION('',(0.,1.,-1.110223024625E-16));
#498 = DEFINITIONAL_REPRESENTATION('',(#499),#503);
#499 = LINE('',#500,#501);
#500 = CARTESIAN_POINT('',(0.,-3.921074988516E-16));
#501 = VECTOR('',#502,1.);
#502 = DIRECTION('',(1.,6.240584666563E-17));
#503 = ( GEOMETRIC_REPRESENTATION_CONTEXT(2) 
PARAMETRIC_REPRESENTATION_CONTEXT() REPRESENTATION_CONTEXT('2D SPACE',''
  ) );
#504 = ADVANCED_FACE('',(#505),#493,.F.);
#505 = FACE_BOUND('',#506,.F.);
#506 = EDGE_LOOP('',(#507,#508,#536));
#507 = ORIENTED_EDGE('',*,*,#478,.F.);
#508 = ORIENTED_EDGE('',*,*,#509,.F.);
#509 = EDGE_CURVE('',#510,#456,#512,.T.);
#510 = VERTEX_POINT('',#511);
#511 = CARTESIAN_POINT('',(3.,-3.201682546865E-15,-28.83819265004));
#512 = SURFACE_CURVE('',#513,(#517,#524),.PCURVE_S1.);
#513 = LINE('',#514,#515);
#514 = CARTESIAN_POINT('',(3.,-2.1,-30.09999995));
#515 = VECTOR('',#516,1.);
#516 = DIRECTION('',(-9.388706750841E-18,-0.857167300702,-0.51503807491)
  );
#517 = PCURVE('',#493,#518);
#518 = DEFINITIONAL_REPRESENTATION('',(#519),#523);
#519 = LINE('',#520,#521);
#520 = CARTESIAN_POINT('',(3.14159265359,9.14891406918E-16));
#521 = VECTOR('',#522,1.);
#522 = DIRECTION('',(0.,1.));
#523 = ( GEOMETRIC_REPRESENTATION_CONTEXT(2) 
PARAMETRIC_REPRESENTATION_CONTEXT() REPRESENTATION_CONTEXT('2D SPACE',''
  ) );
#524 = PCURVE('',#525,#530);
#525 = CONICAL_SURFACE('',#526,2.1,1.029744258677);
#526 = AXIS2_PLACEMENT_3D('',#527,#528,#529);
#527 = CARTESIAN_POINT('',(3.,-3.341771298571E-15,-30.09999995));
#528 = DIRECTION('',(-2.22044604925E-16,-1.110223024625E-16,-1.));
#529 = DIRECTION('',(0.,1.,-1.110223024625E-16));
#530 = DEFINITIONAL_REPRESENTATION('',(#531),#535);
#531 = LINE('',#532,#533);
#532 = CARTESIAN_POINT('',(3.14159265359,9.14891406918E-16));
#533 = VECTOR('',#534,1.);
#534 = DIRECTION('',(0.,1.));
#535 = ( GEOMETRIC_REPRESENTATION_CONTEXT(2) 
PARAMETRIC_REPRESENTATION_CONTEXT() REPRESENTATION_CONTEXT('2D SPACE',''
  ) );
#536 = ORIENTED_EDGE('',*,*,#537,.T.);
#537 = EDGE_CURVE('',#510,#357,#538,.T.);
#538 = SURFACE_CURVE('',#539,(#543,#550),.PCURVE_S1.);
#539 = LINE('',#540,#541);
#540 = CARTESIAN_POINT('',(3.,2.1,-30.09999995));
#541 = VECTOR('',#542,1.);
#542 = DIRECTION('',(-1.143614258648E-16,0.857167300702,-0.51503807491)
  );
#543 = PCURVE('',#493,#544);
#544 = DEFINITIONAL_REPRESENTATION('',(#545),#549);
#545 = LINE('',#546,#547);
#546 = CARTESIAN_POINT('',(6.28318530718,9.14891406918E-16));
#547 = VECTOR('',#548,1.);
#548 = DIRECTION('',(0.,1.));
#549 = ( GEOMETRIC_REPRESENTATION_CONTEXT(2) 
PARAMETRIC_REPRESENTATION_CONTEXT() REPRESENTATION_CONTEXT('2D SPACE',''
  ) );
#550 = PCURVE('',#525,#551);
#551 = DEFINITIONAL_REPRESENTATION('',(#552),#556);
#552 = LINE('',#553,#554);
#553 = CARTESIAN_POINT('',(0.,9.14891406918E-16));
#554 = VECTOR('',#555,1.);
#555 = DIRECTION('',(0.,1.));
#556 = ( GEOMETRIC_REPRESENTATION_CONTEXT(2) 
PARAMETRIC_REPRESENTATION_CONTEXT() REPRESENTATION_CONTEXT('2D SPACE',''
  ) );
#557 = ADVANCED_FACE('',(#558),#421,.F.);
#558 = FACE_BOUND('',#559,.F.);
#559 = EDGE_LOOP('',(#560,#588,#621,#642));
#560 = ORIENTED_EDGE('',*,*,#561,.T.);
#561 = EDGE_CURVE('',#231,#562,#564,.T.);
#562 = VERTEX_POINT('',#563);
#563 = CARTESIAN_POINT('',(-3.,2.1,-36.99999995));
#564 = SURFACE_CURVE('',#565,(#569,#576),.PCURVE_S1.);
#565 = LINE('',#566,#567);
#566 = CARTESIAN_POINT('',(-3.,2.1,-36.99999995));
#567 = VECTOR('',#568,1.);
#568 = DIRECTION('',(-1.,2.465190328816E-32,2.22044604925E-16));
#569 = PCURVE('',#421,#570);
#570 = DEFINITIONAL_REPRESENTATION('',(#571),#575);
#571 = LINE('',#572,#573);
#572 = CARTESIAN_POINT('',(6.28318530718,0.));
#573 = VECTOR('',#574,1.);
#574 = DIRECTION('',(0.,1.));
#575 = ( GEOMETRIC_REPRESENTATION_CONTEXT(2) 
PARAMETRIC_REPRESENTATION_CONTEXT() REPRESENTATION_CONTEXT('2D SPACE',''
  ) );
#576 = PCURVE('',#577,#582);
#577 = CYLINDRICAL_SURFACE('',#578,2.1);
#578 = AXIS2_PLACEMENT_3D('',#579,#580,#581);
#579 = CARTESIAN_POINT('',(-3.,-4.107825185562E-15,-36.99999995));
#580 = DIRECTION('',(-1.,2.465190328816E-32,2.22044604925E-16));
#581 = DIRECTION('',(0.,1.,-1.110223024625E-16));
#582 = DEFINITIONAL_REPRESENTATION('',(#583),#587);
#583 = LINE('',#584,#585);
#584 = CARTESIAN_POINT('',(0.,0.));
#585 = VECTOR('',#586,1.);
#586 = DIRECTION('',(0.,1.));
#587 = ( GEOMETRIC_REPRESENTATION_CONTEXT(2) 
PARAMETRIC_REPRESENTATION_CONTEXT() REPRESENTATION_CONTEXT('2D SPACE',''
  ) );
#588 = ORIENTED_EDGE('',*,*,#589,.F.);
#589 = EDGE_CURVE('',#590,#562,#592,.T.);
#590 = VERTEX_POINT('',#591);
#591 = CARTESIAN_POINT('',(-3.,-2.1,-36.99999995));
#592 = SURFACE_CURVE('',#593,(#598,#605),.PCURVE_S1.);
#593 = CIRCLE('',#594,2.1);
#594 = AXIS2_PLACEMENT_3D('',#595,#596,#597);
#595 = CARTESIAN_POINT('',(-3.,-4.107825185562E-15,-36.99999995));
#596 = DIRECTION('',(-1.,2.465190328816E-32,2.22044604925E-16));
#597 = DIRECTION('',(0.,1.,-1.110223024625E-16));
#598 = PCURVE('',#421,#599);
#599 = DEFINITIONAL_REPRESENTATION('',(#600),#604);
#600 = LINE('',#601,#602);
#601 = CARTESIAN_POINT('',(0.,1.298125607096E-15));
#602 = VECTOR('',#603,1.);
#603 = DIRECTION('',(1.,0.));
#604 = ( GEOMETRIC_REPRESENTATION_CONTEXT(2) 
PARAMETRIC_REPRESENTATION_CONTEXT() REPRESENTATION_CONTEXT('2D SPACE',''
  ) );
#605 = PCURVE('',#606,#611);
#606 = PLANE('',#607);
#607 = AXIS2_PLACEMENT_3D('',#608,#609,#610);
#608 = CARTESIAN_POINT('',(-3.,-6.,17.50000005));
#609 = DIRECTION('',(1.,-2.465190328816E-32,-2.22044604925E-16));
#610 = DIRECTION('',(0.,-1.,1.110223024625E-16));
#611 = DEFINITIONAL_REPRESENTATION('',(#612),#620);
#612 = ( BOUNDED_CURVE() B_SPLINE_CURVE(2,(#613,#614,#615,#616,#617,#618
,#619),.UNSPECIFIED.,.T.,.F.) B_SPLINE_CURVE_WITH_KNOTS((1,2,2,2,2,1),(
    -2.094395102393,0.,2.094395102393,4.188790204786,6.28318530718,
8.377580409573),.UNSPECIFIED.) CURVE() GEOMETRIC_REPRESENTATION_ITEM() 
RATIONAL_B_SPLINE_CURVE((1.,0.5,1.,0.5,1.,0.5,1.)) REPRESENTATION_ITEM(
  '') );
#613 = CARTESIAN_POINT('',(-8.1,54.5));
#614 = CARTESIAN_POINT('',(-8.1,58.137306695895));
#615 = CARTESIAN_POINT('',(-4.95,56.318653347947));
#616 = CARTESIAN_POINT('',(-1.8,54.5));
#617 = CARTESIAN_POINT('',(-4.95,52.681346652053));
#618 = CARTESIAN_POINT('',(-8.1,50.862693304105));
#619 = CARTESIAN_POINT('',(-8.1,54.5));
#620 = ( GEOMETRIC_REPRESENTATION_CONTEXT(2) 
PARAMETRIC_REPRESENTATION_CONTEXT() REPRESENTATION_CONTEXT('2D SPACE',''
  ) );
#621 = ORIENTED_EDGE('',*,*,#622,.F.);
#622 = EDGE_CURVE('',#259,#590,#623,.T.);
#623 = SURFACE_CURVE('',#624,(#628,#635),.PCURVE_S1.);
#624 = LINE('',#625,#626);
#625 = CARTESIAN_POINT('',(-3.,-2.1,-36.99999995));
#626 = VECTOR('',#627,1.);
#627 = DIRECTION('',(-1.,2.465190328816E-32,2.22044604925E-16));
#628 = PCURVE('',#421,#629);
#629 = DEFINITIONAL_REPRESENTATION('',(#630),#634);
#630 = LINE('',#631,#632);
#631 = CARTESIAN_POINT('',(3.14159265359,0.));
#632 = VECTOR('',#633,1.);
#633 = DIRECTION('',(0.,1.));
#634 = ( GEOMETRIC_REPRESENTATION_CONTEXT(2) 
PARAMETRIC_REPRESENTATION_CONTEXT() REPRESENTATION_CONTEXT('2D SPACE',''
  ) );
#635 = PCURVE('',#577,#636);
#636 = DEFINITIONAL_REPRESENTATION('',(#637),#641);
#637 = LINE('',#638,#639);
#638 = CARTESIAN_POINT('',(3.14159265359,0.));
#639 = VECTOR('',#640,1.);
#640 = DIRECTION('',(0.,1.));
#641 = ( GEOMETRIC_REPRESENTATION_CONTEXT(2) 
PARAMETRIC_REPRESENTATION_CONTEXT() REPRESENTATION_CONTEXT('2D SPACE',''
  ) );
#642 = ORIENTED_EDGE('',*,*,#384,.T.);
#643 = ADVANCED_FACE('',(#644),#658,.F.);
#644 = FACE_BOUND('',#645,.F.);
#645 = EDGE_LOOP('',(#646,#681,#709,#732));
#646 = ORIENTED_EDGE('',*,*,#647,.T.);
#647 = EDGE_CURVE('',#648,#650,#652,.T.);
#648 = VERTEX_POINT('',#649);
#649 = CARTESIAN_POINT('',(14.4,2.1,-14.99999995));
#650 = VERTEX_POINT('',#651);
#651 = CARTESIAN_POINT('',(-3.,2.1,-14.99999995));
#652 = SURFACE_CURVE('',#653,(#657,#669),.PCURVE_S1.);
#653 = LINE('',#654,#655);
#654 = CARTESIAN_POINT('',(-3.,2.1,-14.99999995));
#655 = VECTOR('',#656,1.);
#656 = DIRECTION('',(-1.,2.465190328816E-32,2.22044604925E-16));
#657 = PCURVE('',#658,#663);
#658 = CYLINDRICAL_SURFACE('',#659,2.1);
#659 = AXIS2_PLACEMENT_3D('',#660,#661,#662);
#660 = CARTESIAN_POINT('',(-3.,-1.665334531387E-15,-14.99999995));
#661 = DIRECTION('',(-1.,2.465190328816E-32,2.22044604925E-16));
#662 = DIRECTION('',(0.,1.,-1.110223024625E-16));
#663 = DEFINITIONAL_REPRESENTATION('',(#664),#668);
#664 = LINE('',#665,#666);
#665 = CARTESIAN_POINT('',(6.28318530718,0.));
#666 = VECTOR('',#667,1.);
#667 = DIRECTION('',(0.,1.));
#668 = ( GEOMETRIC_REPRESENTATION_CONTEXT(2) 
PARAMETRIC_REPRESENTATION_CONTEXT() REPRESENTATION_CONTEXT('2D SPACE',''
  ) );
#669 = PCURVE('',#670,#675);
#670 = CYLINDRICAL_SURFACE('',#671,2.1);
#671 = AXIS2_PLACEMENT_3D('',#672,#673,#674);
#672 = CARTESIAN_POINT('',(-3.,-1.665334531387E-15,-14.99999995));
#673 = DIRECTION('',(-1.,2.465190328816E-32,2.22044604925E-16));
#674 = DIRECTION('',(0.,1.,-1.110223024625E-16));
#675 = DEFINITIONAL_REPRESENTATION('',(#676),#680);
#676 = LINE('',#677,#678);
#677 = CARTESIAN_POINT('',(0.,0.));
#678 = VECTOR('',#679,1.);
#679 = DIRECTION('',(0.,1.));
#680 = ( GEOMETRIC_REPRESENTATION_CONTEXT(2) 
PARAMETRIC_REPRESENTATION_CONTEXT() REPRESENTATION_CONTEXT('2D SPACE',''
  ) );
#681 = ORIENTED_EDGE('',*,*,#682,.F.);
#682 = EDGE_CURVE('',#683,#650,#685,.T.);
#683 = VERTEX_POINT('',#684);
#684 = CARTESIAN_POINT('',(-3.,-2.1,-14.99999995));
#685 = SURFACE_CURVE('',#686,(#691,#698),.PCURVE_S1.);
#686 = CIRCLE('',#687,2.1);
#687 = AXIS2_PLACEMENT_3D('',#688,#689,#690);
#688 = CARTESIAN_POINT('',(-3.,-1.665334531387E-15,-14.99999995));
#689 = DIRECTION('',(-1.,2.465190328816E-32,2.22044604925E-16));
#690 = DIRECTION('',(0.,1.,-1.110223024625E-16));
#691 = PCURVE('',#658,#692);
#692 = DEFINITIONAL_REPRESENTATION('',(#693),#697);
#693 = LINE('',#694,#695);
#694 = CARTESIAN_POINT('',(0.,1.298125607096E-15));
#695 = VECTOR('',#696,1.);
#696 = DIRECTION('',(1.,0.));
#697 = ( GEOMETRIC_REPRESENTATION_CONTEXT(2) 
PARAMETRIC_REPRESENTATION_CONTEXT() REPRESENTATION_CONTEXT('2D SPACE',''
  ) );
#698 = PCURVE('',#606,#699);
#699 = DEFINITIONAL_REPRESENTATION('',(#700),#708);
#700 = ( BOUNDED_CURVE() B_SPLINE_CURVE(2,(#701,#702,#703,#704,#705,#706
,#707),.UNSPECIFIED.,.T.,.F.) B_SPLINE_CURVE_WITH_KNOTS((1,2,2,2,2,1),(
    -2.094395102393,0.,2.094395102393,4.188790204786,6.28318530718,
8.377580409573),.UNSPECIFIED.) CURVE() GEOMETRIC_REPRESENTATION_ITEM() 
RATIONAL_B_SPLINE_CURVE((1.,0.5,1.,0.5,1.,0.5,1.)) REPRESENTATION_ITEM(
  '') );
#701 = CARTESIAN_POINT('',(-8.1,32.5));
#702 = CARTESIAN_POINT('',(-8.1,36.137306695895));
#703 = CARTESIAN_POINT('',(-4.95,34.318653347947));
#704 = CARTESIAN_POINT('',(-1.8,32.5));
#705 = CARTESIAN_POINT('',(-4.95,30.681346652053));
#706 = CARTESIAN_POINT('',(-8.1,28.862693304105));
#707 = CARTESIAN_POINT('',(-8.1,32.5));
#708 = ( GEOMETRIC_REPRESENTATION_CONTEXT(2) 
PARAMETRIC_REPRESENTATION_CONTEXT() REPRESENTATION_CONTEXT('2D SPACE',''
  ) );
#709 = ORIENTED_EDGE('',*,*,#710,.F.);
#710 = EDGE_CURVE('',#711,#683,#713,.T.);
#711 = VERTEX_POINT('',#712);
#712 = CARTESIAN_POINT('',(14.4,-2.1,-14.99999995));
#713 = SURFACE_CURVE('',#714,(#718,#725),.PCURVE_S1.);
#714 = LINE('',#715,#716);
#715 = CARTESIAN_POINT('',(-3.,-2.1,-14.99999995));
#716 = VECTOR('',#717,1.);
#717 = DIRECTION('',(-1.,2.465190328816E-32,2.22044604925E-16));
#718 = PCURVE('',#658,#719);
#719 = DEFINITIONAL_REPRESENTATION('',(#720),#724);
#720 = LINE('',#721,#722);
#721 = CARTESIAN_POINT('',(3.14159265359,0.));
#722 = VECTOR('',#723,1.);
#723 = DIRECTION('',(0.,1.));
#724 = ( GEOMETRIC_REPRESENTATION_CONTEXT(2) 
PARAMETRIC_REPRESENTATION_CONTEXT() REPRESENTATION_CONTEXT('2D SPACE',''
  ) );
#725 = PCURVE('',#670,#726);
#726 = DEFINITIONAL_REPRESENTATION('',(#727),#731);
#727 = LINE('',#728,#729);
#728 = CARTESIAN_POINT('',(3.14159265359,0.));
#729 = VECTOR('',#730,1.);
#730 = DIRECTION('',(0.,1.));
#731 = ( GEOMETRIC_REPRESENTATION_CONTEXT(2) 
PARAMETRIC_REPRESENTATION_CONTEXT() REPRESENTATION_CONTEXT('2D SPACE',''
  ) );
#732 = ORIENTED_EDGE('',*,*,#733,.T.);
#733 = EDGE_CURVE('',#711,#648,#734,.T.);
#734 = SURFACE_CURVE('',#735,(#740,#747),.PCURVE_S1.);
#735 = CIRCLE('',#736,2.1);
#736 = AXIS2_PLACEMENT_3D('',#737,#738,#739);
#737 = CARTESIAN_POINT('',(14.4,-1.665334531387E-15,-14.99999995));
#738 = DIRECTION('',(-1.,2.465190328816E-32,2.22044604925E-16));
#739 = DIRECTION('',(0.,1.,-1.110223024625E-16));
#740 = PCURVE('',#658,#741);
#741 = DEFINITIONAL_REPRESENTATION('',(#742),#746);
#742 = LINE('',#743,#744);
#743 = CARTESIAN_POINT('',(0.,-17.4));
#744 = VECTOR('',#745,1.);
#745 = DIRECTION('',(1.,0.));
#746 = ( GEOMETRIC_REPRESENTATION_CONTEXT(2) 
PARAMETRIC_REPRESENTATION_CONTEXT() REPRESENTATION_CONTEXT('2D SPACE',''
  ) );
#747 = PCURVE('',#748,#753);
#748 = CONICAL_SURFACE('',#749,2.1,1.029744258677);
#749 = AXIS2_PLACEMENT_3D('',#750,#751,#752);
#750 = CARTESIAN_POINT('',(14.4,-1.665334531387E-15,-14.99999995));
#751 = DIRECTION('',(-1.,2.465190328816E-32,2.22044604925E-16));
#752 = DIRECTION('',(0.,1.,-1.110223024625E-16));
#753 = DEFINITIONAL_REPRESENTATION('',(#754),#758);
#754 = LINE('',#755,#756);
#755 = CARTESIAN_POINT('',(0.,0.));
#756 = VECTOR('',#757,1.);
#757 = DIRECTION('',(1.,0.));
#758 = ( GEOMETRIC_REPRESENTATION_CONTEXT(2) 
PARAMETRIC_REPRESENTATION_CONTEXT() REPRESENTATION_CONTEXT('2D SPACE',''
  ) );
#759 = ADVANCED_FACE('',(#760),#748,.F.);
#760 = FACE_BOUND('',#761,.F.);
#761 = EDGE_LOOP('',(#762,#763,#791));
#762 = ORIENTED_EDGE('',*,*,#733,.F.);
#763 = ORIENTED_EDGE('',*,*,#764,.F.);
#764 = EDGE_CURVE('',#765,#711,#767,.T.);
#765 = VERTEX_POINT('',#766);
#766 = CARTESIAN_POINT('',(15.661807299958,-1.665334531387E-15,
    -14.99999995));
#767 = SURFACE_CURVE('',#768,(#772,#779),.PCURVE_S1.);
#768 = LINE('',#769,#770);
#769 = CARTESIAN_POINT('',(14.4,-2.1,-14.99999995));
#770 = VECTOR('',#771,1.);
#771 = DIRECTION('',(-0.51503807491,-0.857167300702,1.045533940704E-16)
  );
#772 = PCURVE('',#748,#773);
#773 = DEFINITIONAL_REPRESENTATION('',(#774),#778);
#774 = LINE('',#775,#776);
#775 = CARTESIAN_POINT('',(3.14159265359,4.57445703459E-16));
#776 = VECTOR('',#777,1.);
#777 = DIRECTION('',(0.,1.));
#778 = ( GEOMETRIC_REPRESENTATION_CONTEXT(2) 
PARAMETRIC_REPRESENTATION_CONTEXT() REPRESENTATION_CONTEXT('2D SPACE',''
  ) );
#779 = PCURVE('',#780,#785);
#780 = CONICAL_SURFACE('',#781,2.1,1.029744258677);
#781 = AXIS2_PLACEMENT_3D('',#782,#783,#784);
#782 = CARTESIAN_POINT('',(14.4,-1.665334531387E-15,-14.99999995));
#783 = DIRECTION('',(-1.,2.465190328816E-32,2.22044604925E-16));
#784 = DIRECTION('',(0.,1.,-1.110223024625E-16));
#785 = DEFINITIONAL_REPRESENTATION('',(#786),#790);
#786 = LINE('',#787,#788);
#787 = CARTESIAN_POINT('',(3.14159265359,4.57445703459E-16));
#788 = VECTOR('',#789,1.);
#789 = DIRECTION('',(0.,1.));
#790 = ( GEOMETRIC_REPRESENTATION_CONTEXT(2) 
PARAMETRIC_REPRESENTATION_CONTEXT() REPRESENTATION_CONTEXT('2D SPACE',''
  ) );
#791 = ORIENTED_EDGE('',*,*,#792,.T.);
#792 = EDGE_CURVE('',#765,#648,#793,.T.);
#793 = SURFACE_CURVE('',#794,(#798,#805),.PCURVE_S1.);
#794 = LINE('',#795,#796);
#795 = CARTESIAN_POINT('',(14.4,2.1,-14.99999995));
#796 = VECTOR('',#797,1.);
#797 = DIRECTION('',(-0.51503807491,0.857167300702,1.919673854523E-17));
#798 = PCURVE('',#748,#799);
#799 = DEFINITIONAL_REPRESENTATION('',(#800),#804);
#800 = LINE('',#801,#802);
#801 = CARTESIAN_POINT('',(6.28318530718,4.57445703459E-16));
#802 = VECTOR('',#803,1.);
#803 = DIRECTION('',(0.,1.));
#804 = ( GEOMETRIC_REPRESENTATION_CONTEXT(2) 
PARAMETRIC_REPRESENTATION_CONTEXT() REPRESENTATION_CONTEXT('2D SPACE',''
  ) );
#805 = PCURVE('',#780,#806);
#806 = DEFINITIONAL_REPRESENTATION('',(#807),#811);
#807 = LINE('',#808,#809);
#808 = CARTESIAN_POINT('',(0.,4.57445703459E-16));
#809 = VECTOR('',#810,1.);
#810 = DIRECTION('',(0.,1.));
#811 = ( GEOMETRIC_REPRESENTATION_CONTEXT(2) 
PARAMETRIC_REPRESENTATION_CONTEXT() REPRESENTATION_CONTEXT('2D SPACE',''
  ) );
#812 = ADVANCED_FACE('',(#813),#827,.F.);
#813 = FACE_BOUND('',#814,.F.);
#814 = EDGE_LOOP('',(#815,#850,#878,#901));
#815 = ORIENTED_EDGE('',*,*,#816,.T.);
#816 = EDGE_CURVE('',#817,#819,#821,.T.);
#817 = VERTEX_POINT('',#818);
#818 = CARTESIAN_POINT('',(14.4,2.1,7.00000005));
#819 = VERTEX_POINT('',#820);
#820 = CARTESIAN_POINT('',(-3.,2.1,7.00000005));
#821 = SURFACE_CURVE('',#822,(#826,#838),.PCURVE_S1.);
#822 = LINE('',#823,#824);
#823 = CARTESIAN_POINT('',(-3.,2.1,7.00000005));
#824 = VECTOR('',#825,1.);
#825 = DIRECTION('',(-1.,2.465190328816E-32,2.22044604925E-16));
#826 = PCURVE('',#827,#832);
#827 = CYLINDRICAL_SURFACE('',#828,2.1);
#828 = AXIS2_PLACEMENT_3D('',#829,#830,#831);
#829 = CARTESIAN_POINT('',(-3.,7.771561227887E-16,7.00000005));
#830 = DIRECTION('',(-1.,2.465190328816E-32,2.22044604925E-16));
#831 = DIRECTION('',(0.,1.,-1.110223024625E-16));
#832 = DEFINITIONAL_REPRESENTATION('',(#833),#837);
#833 = LINE('',#834,#835);
#834 = CARTESIAN_POINT('',(6.28318530718,0.));
#835 = VECTOR('',#836,1.);
#836 = DIRECTION('',(0.,1.));
#837 = ( GEOMETRIC_REPRESENTATION_CONTEXT(2) 
PARAMETRIC_REPRESENTATION_CONTEXT() REPRESENTATION_CONTEXT('2D SPACE',''
  ) );
#838 = PCURVE('',#839,#844);
#839 = CYLINDRICAL_SURFACE('',#840,2.1);
#840 = AXIS2_PLACEMENT_3D('',#841,#842,#843);
#841 = CARTESIAN_POINT('',(-3.,7.771561227887E-16,7.00000005));
#842 = DIRECTION('',(-1.,2.465190328816E-32,2.22044604925E-16));
#843 = DIRECTION('',(0.,1.,-1.110223024625E-16));
#844 = DEFINITIONAL_REPRESENTATION('',(#845),#849);
#845 = LINE('',#846,#847);
#846 = CARTESIAN_POINT('',(0.,0.));
#847 = VECTOR('',#848,1.);
#848 = DIRECTION('',(0.,1.));
#849 = ( GEOMETRIC_REPRESENTATION_CONTEXT(2) 
PARAMETRIC_REPRESENTATION_CONTEXT() REPRESENTATION_CONTEXT('2D SPACE',''
  ) );
#850 = ORIENTED_EDGE('',*,*,#851,.F.);
#851 = EDGE_CURVE('',#852,#819,#854,.T.);
#852 = VERTEX_POINT('',#853);
#853 = CARTESIAN_POINT('',(-3.,-2.1,7.00000005));
#854 = SURFACE_CURVE('',#855,(#860,#867),.PCURVE_S1.);
#855 = CIRCLE('',#856,2.1);
#856 = AXIS2_PLACEMENT_3D('',#857,#858,#859);
#857 = CARTESIAN_POINT('',(-3.,7.771561227887E-16,7.00000005));
#858 = DIRECTION('',(-1.,2.465190328816E-32,2.22044604925E-16));
#859 = DIRECTION('',(0.,1.,-1.110223024625E-16));
#860 = PCURVE('',#827,#861);
#861 = DEFINITIONAL_REPRESENTATION('',(#862),#866);
#862 = LINE('',#863,#864);
#863 = CARTESIAN_POINT('',(0.,1.298125607096E-15));
#864 = VECTOR('',#865,1.);
#865 = DIRECTION('',(1.,0.));
#866 = ( GEOMETRIC_REPRESENTATION_CONTEXT(2) 
PARAMETRIC_REPRESENTATION_CONTEXT() REPRESENTATION_CONTEXT('2D SPACE',''
  ) );
#867 = PCURVE('',#606,#868);
#868 = DEFINITIONAL_REPRESENTATION('',(#869),#877);
#869 = ( BOUNDED_CURVE() B_SPLINE_CURVE(2,(#870,#871,#872,#873,#874,#875
,#876),.UNSPECIFIED.,.T.,.F.) B_SPLINE_CURVE_WITH_KNOTS((1,2,2,2,2,1),(
    -2.094395102393,0.,2.094395102393,4.188790204786,6.28318530718,
8.377580409573),.UNSPECIFIED.) CURVE() GEOMETRIC_REPRESENTATION_ITEM() 
RATIONAL_B_SPLINE_CURVE((1.,0.5,1.,0.5,1.,0.5,1.)) REPRESENTATION_ITEM(
  '') );
#870 = CARTESIAN_POINT('',(-8.1,10.5));
#871 = CARTESIAN_POINT('',(-8.1,14.137306695895));
#872 = CARTESIAN_POINT('',(-4.95,12.318653347947));
#873 = CARTESIAN_POINT('',(-1.8,10.5));
#874 = CARTESIAN_POINT('',(-4.95,8.681346652053));
#875 = CARTESIAN_POINT('',(-8.1,6.862693304105));
#876 = CARTESIAN_POINT('',(-8.1,10.5));
#877 = ( GEOMETRIC_REPRESENTATION_CONTEXT(2) 
PARAMETRIC_REPRESENTATION_CONTEXT() REPRESENTATION_CONTEXT('2D SPACE',''
  ) );
#878 = ORIENTED_EDGE('',*,*,#879,.F.);
#879 = EDGE_CURVE('',#880,#852,#882,.T.);
#880 = VERTEX_POINT('',#881);
#881 = CARTESIAN_POINT('',(14.4,-2.1,7.00000005));
#882 = SURFACE_CURVE('',#883,(#887,#894),.PCURVE_S1.);
#883 = LINE('',#884,#885);
#884 = CARTESIAN_POINT('',(-3.,-2.1,7.00000005));
#885 = VECTOR('',#886,1.);
#886 = DIRECTION('',(-1.,2.465190328816E-32,2.22044604925E-16));
#887 = PCURVE('',#827,#888);
#888 = DEFINITIONAL_REPRESENTATION('',(#889),#893);
#889 = LINE('',#890,#891);
#890 = CARTESIAN_POINT('',(3.14159265359,0.));
#891 = VECTOR('',#892,1.);
#892 = DIRECTION('',(0.,1.));
#893 = ( GEOMETRIC_REPRESENTATION_CONTEXT(2) 
PARAMETRIC_REPRESENTATION_CONTEXT() REPRESENTATION_CONTEXT('2D SPACE',''
  ) );
#894 = PCURVE('',#839,#895);
#895 = DEFINITIONAL_REPRESENTATION('',(#896),#900);
#896 = LINE('',#897,#898);
#897 = CARTESIAN_POINT('',(3.14159265359,0.));
#898 = VECTOR('',#899,1.);
#899 = DIRECTION('',(0.,1.));
#900 = ( GEOMETRIC_REPRESENTATION_CONTEXT(2) 
PARAMETRIC_REPRESENTATION_CONTEXT() REPRESENTATION_CONTEXT('2D SPACE',''
  ) );
#901 = ORIENTED_EDGE('',*,*,#902,.T.);
#902 = EDGE_CURVE('',#880,#817,#903,.T.);
#903 = SURFACE_CURVE('',#904,(#909,#916),.PCURVE_S1.);
#904 = CIRCLE('',#905,2.1);
#905 = AXIS2_PLACEMENT_3D('',#906,#907,#908);
#906 = CARTESIAN_POINT('',(14.4,7.771561227887E-16,7.00000005));
#907 = DIRECTION('',(-1.,2.465190328816E-32,2.22044604925E-16));
#908 = DIRECTION('',(0.,1.,-1.110223024625E-16));
#909 = PCURVE('',#827,#910);
#910 = DEFINITIONAL_REPRESENTATION('',(#911),#915);
#911 = LINE('',#912,#913);
#912 = CARTESIAN_POINT('',(0.,-17.4));
#913 = VECTOR('',#914,1.);
#914 = DIRECTION('',(1.,0.));
#915 = ( GEOMETRIC_REPRESENTATION_CONTEXT(2) 
PARAMETRIC_REPRESENTATION_CONTEXT() REPRESENTATION_CONTEXT('2D SPACE',''
  ) );
#916 = PCURVE('',#917,#922);
#917 = CONICAL_SURFACE('',#918,2.1,1.029744258677);
#918 = AXIS2_PLACEMENT_3D('',#919,#920,#921);
#919 = CARTESIAN_POINT('',(14.4,7.771561227887E-16,7.00000005));
#920 = DIRECTION('',(-1.,2.465190328816E-32,2.22044604925E-16));
#921 = DIRECTION('',(0.,1.,-1.110223024625E-16));
#922 = DEFINITIONAL_REPRESENTATION('',(#923),#927);
#923 = LINE('',#924,#925);
#924 = CARTESIAN_POINT('',(0.,0.));
#925 = VECTOR('',#926,1.);
#926 = DIRECTION('',(1.,0.));
#927 = ( GEOMETRIC_REPRESENTATION_CONTEXT(2) 
PARAMETRIC_REPRESENTATION_CONTEXT() REPRESENTATION_CONTEXT('2D SPACE',''
  ) );
#928 = ADVANCED_FACE('',(#929),#917,.F.);
#929 = FACE_BOUND('',#930,.F.);
#930 = EDGE_LOOP('',(#931,#932,#960));
#931 = ORIENTED_EDGE('',*,*,#902,.F.);
#932 = ORIENTED_EDGE('',*,*,#933,.F.);
#933 = EDGE_CURVE('',#934,#880,#936,.T.);
#934 = VERTEX_POINT('',#935);
#935 = CARTESIAN_POINT('',(15.661807299958,7.771561227887E-16,7.00000005
    ));
#936 = SURFACE_CURVE('',#937,(#941,#948),.PCURVE_S1.);
#937 = LINE('',#938,#939);
#938 = CARTESIAN_POINT('',(14.4,-2.1,7.00000005));
#939 = VECTOR('',#940,1.);
#940 = DIRECTION('',(-0.51503807491,-0.857167300702,1.045533940704E-16)
  );
#941 = PCURVE('',#917,#942);
#942 = DEFINITIONAL_REPRESENTATION('',(#943),#947);
#943 = LINE('',#944,#945);
#944 = CARTESIAN_POINT('',(3.14159265359,2.287228517295E-16));
#945 = VECTOR('',#946,1.);
#946 = DIRECTION('',(0.,1.));
#947 = ( GEOMETRIC_REPRESENTATION_CONTEXT(2) 
PARAMETRIC_REPRESENTATION_CONTEXT() REPRESENTATION_CONTEXT('2D SPACE',''
  ) );
#948 = PCURVE('',#949,#954);
#949 = CONICAL_SURFACE('',#950,2.1,1.029744258677);
#950 = AXIS2_PLACEMENT_3D('',#951,#952,#953);
#951 = CARTESIAN_POINT('',(14.4,7.771561227887E-16,7.00000005));
#952 = DIRECTION('',(-1.,2.465190328816E-32,2.22044604925E-16));
#953 = DIRECTION('',(0.,1.,-1.110223024625E-16));
#954 = DEFINITIONAL_REPRESENTATION('',(#955),#959);
#955 = LINE('',#956,#957);
#956 = CARTESIAN_POINT('',(3.14159265359,2.287228517295E-16));
#957 = VECTOR('',#958,1.);
#958 = DIRECTION('',(0.,1.));
#959 = ( GEOMETRIC_REPRESENTATION_CONTEXT(2) 
PARAMETRIC_REPRESENTATION_CONTEXT() REPRESENTATION_CONTEXT('2D SPACE',''
  ) );
#960 = ORIENTED_EDGE('',*,*,#961,.T.);
#961 = EDGE_CURVE('',#934,#817,#962,.T.);
#962 = SURFACE_CURVE('',#963,(#967,#974),.PCURVE_S1.);
#963 = LINE('',#964,#965);
#964 = CARTESIAN_POINT('',(14.4,2.1,7.00000005));
#965 = VECTOR('',#966,1.);
#966 = DIRECTION('',(-0.51503807491,0.857167300702,1.919673854523E-17));
#967 = PCURVE('',#917,#968);
#968 = DEFINITIONAL_REPRESENTATION('',(#969),#973);
#969 = LINE('',#970,#971);
#970 = CARTESIAN_POINT('',(6.28318530718,2.287228517295E-16));
#971 = VECTOR('',#972,1.);
#972 = DIRECTION('',(0.,1.));
#973 = ( GEOMETRIC_REPRESENTATION_CONTEXT(2) 
PARAMETRIC_REPRESENTATION_CONTEXT() REPRESENTATION_CONTEXT('2D SPACE',''
  ) );
#974 = PCURVE('',#949,#975);
#975 = DEFINITIONAL_REPRESENTATION('',(#976),#980);
#976 = LINE('',#977,#978);
#977 = CARTESIAN_POINT('',(0.,2.287228517295E-16));
#978 = VECTOR('',#979,1.);
#979 = DIRECTION('',(0.,1.));
#980 = ( GEOMETRIC_REPRESENTATION_CONTEXT(2) 
PARAMETRIC_REPRESENTATION_CONTEXT() REPRESENTATION_CONTEXT('2D SPACE',''
  ) );
#981 = ADVANCED_FACE('',(#982),#996,.F.);
#982 = FACE_BOUND('',#983,.F.);
#983 = EDGE_LOOP('',(#984,#1019,#1052,#1075));
#984 = ORIENTED_EDGE('',*,*,#985,.T.);
#985 = EDGE_CURVE('',#986,#988,#990,.T.);
#986 = VERTEX_POINT('',#987);
#987 = CARTESIAN_POINT('',(33.5,-2.6,17.25000005));
#988 = VERTEX_POINT('',#989);
#989 = CARTESIAN_POINT('',(33.5,-6.,17.25000005));
#990 = SURFACE_CURVE('',#991,(#995,#1007),.PCURVE_S1.);
#991 = LINE('',#992,#993);
#992 = CARTESIAN_POINT('',(33.5,-6.,17.25000005));
#993 = VECTOR('',#994,1.);
#994 = DIRECTION('',(0.,-1.,1.110223024625E-16));
#995 = PCURVE('',#996,#1001);
#996 = CYLINDRICAL_SURFACE('',#997,3.25);
#997 = AXIS2_PLACEMENT_3D('',#998,#999,#1000);
#998 = CARTESIAN_POINT('',(33.5,-6.,20.50000005));
#999 = DIRECTION('',(0.,-1.,1.110223024625E-16));
#1000 = DIRECTION('',(-2.22044604925E-16,-1.110223024625E-16,-1.));
#1001 = DEFINITIONAL_REPRESENTATION('',(#1002),#1006);
#1002 = LINE('',#1003,#1004);
#1003 = CARTESIAN_POINT('',(6.28318530718,0.));
#1004 = VECTOR('',#1005,1.);
#1005 = DIRECTION('',(0.,1.));
#1006 = ( GEOMETRIC_REPRESENTATION_CONTEXT(2) 
PARAMETRIC_REPRESENTATION_CONTEXT() REPRESENTATION_CONTEXT('2D SPACE',''
  ) );
#1007 = PCURVE('',#1008,#1013);
#1008 = CYLINDRICAL_SURFACE('',#1009,3.25);
#1009 = AXIS2_PLACEMENT_3D('',#1010,#1011,#1012);
#1010 = CARTESIAN_POINT('',(33.5,-6.,20.50000005));
#1011 = DIRECTION('',(0.,-1.,1.110223024625E-16));
#1012 = DIRECTION('',(-2.22044604925E-16,-1.110223024625E-16,-1.));
#1013 = DEFINITIONAL_REPRESENTATION('',(#1014),#1018);
#1014 = LINE('',#1015,#1016);
#1015 = CARTESIAN_POINT('',(0.,0.));
#1016 = VECTOR('',#1017,1.);
#1017 = DIRECTION('',(0.,1.));
#1018 = ( GEOMETRIC_REPRESENTATION_CONTEXT(2) 
PARAMETRIC_REPRESENTATION_CONTEXT() REPRESENTATION_CONTEXT('2D SPACE',''
  ) );
#1019 = ORIENTED_EDGE('',*,*,#1020,.F.);
#1020 = EDGE_CURVE('',#1021,#988,#1023,.T.);
#1021 = VERTEX_POINT('',#1022);
#1022 = CARTESIAN_POINT('',(33.5,-6.,23.75000005));
#1023 = SURFACE_CURVE('',#1024,(#1029,#1036),.PCURVE_S1.);
#1024 = CIRCLE('',#1025,3.25);
#1025 = AXIS2_PLACEMENT_3D('',#1026,#1027,#1028);
#1026 = CARTESIAN_POINT('',(33.5,-6.,20.50000005));
#1027 = DIRECTION('',(0.,-1.,1.110223024625E-16));
#1028 = DIRECTION('',(-2.22044604925E-16,-1.110223024625E-16,-1.));
#1029 = PCURVE('',#996,#1030);
#1030 = DEFINITIONAL_REPRESENTATION('',(#1031),#1035);
#1031 = LINE('',#1032,#1033);
#1032 = CARTESIAN_POINT('',(0.,0.));
#1033 = VECTOR('',#1034,1.);
#1034 = DIRECTION('',(1.,0.));
#1035 = ( GEOMETRIC_REPRESENTATION_CONTEXT(2) 
PARAMETRIC_REPRESENTATION_CONTEXT() REPRESENTATION_CONTEXT('2D SPACE',''
  ) );
#1036 = PCURVE('',#1037,#1042);
#1037 = PLANE('',#1038);
#1038 = AXIS2_PLACEMENT_3D('',#1039,#1040,#1041);
#1039 = CARTESIAN_POINT('',(-3.,-6.,17.50000005));
#1040 = DIRECTION('',(0.,1.,-1.110223024625E-16));
#1041 = DIRECTION('',(2.22044604925E-16,1.110223024625E-16,1.));
#1042 = DEFINITIONAL_REPRESENTATION('',(#1043),#1051);
#1043 = ( BOUNDED_CURVE() B_SPLINE_CURVE(2,(#1044,#1045,#1046,#1047,
#1048,#1049,#1050),.UNSPECIFIED.,.T.,.F.) B_SPLINE_CURVE_WITH_KNOTS((1,2
    ,2,2,2,1),(-2.094395102393,0.,2.094395102393,4.188790204786,
6.28318530718,8.377580409573),.UNSPECIFIED.) CURVE() 
GEOMETRIC_REPRESENTATION_ITEM() RATIONAL_B_SPLINE_CURVE((1.,0.5,1.,0.5,
1.,0.5,1.)) REPRESENTATION_ITEM('') );
#1044 = CARTESIAN_POINT('',(-0.25,36.5));
#1045 = CARTESIAN_POINT('',(-0.25,42.129165124599));
#1046 = CARTESIAN_POINT('',(4.625,39.314582562299));
#1047 = CARTESIAN_POINT('',(9.5,36.5));
#1048 = CARTESIAN_POINT('',(4.625,33.685417437701));
#1049 = CARTESIAN_POINT('',(-0.25,30.870834875401));
#1050 = CARTESIAN_POINT('',(-0.25,36.5));
#1051 = ( GEOMETRIC_REPRESENTATION_CONTEXT(2) 
PARAMETRIC_REPRESENTATION_CONTEXT() REPRESENTATION_CONTEXT('2D SPACE',''
  ) );
#1052 = ORIENTED_EDGE('',*,*,#1053,.F.);
#1053 = EDGE_CURVE('',#1054,#1021,#1056,.T.);
#1054 = VERTEX_POINT('',#1055);
#1055 = CARTESIAN_POINT('',(33.5,-2.6,23.75000005));
#1056 = SURFACE_CURVE('',#1057,(#1061,#1068),.PCURVE_S1.);
#1057 = LINE('',#1058,#1059);
#1058 = CARTESIAN_POINT('',(33.5,-6.,23.75000005));
#1059 = VECTOR('',#1060,1.);
#1060 = DIRECTION('',(0.,-1.,1.110223024625E-16));
#1061 = PCURVE('',#996,#1062);
#1062 = DEFINITIONAL_REPRESENTATION('',(#1063),#1067);
#1063 = LINE('',#1064,#1065);
#1064 = CARTESIAN_POINT('',(3.14159265359,0.));
#1065 = VECTOR('',#1066,1.);
#1066 = DIRECTION('',(0.,1.));
#1067 = ( GEOMETRIC_REPRESENTATION_CONTEXT(2) 
PARAMETRIC_REPRESENTATION_CONTEXT() REPRESENTATION_CONTEXT('2D SPACE',''
  ) );
#1068 = PCURVE('',#1008,#1069);
#1069 = DEFINITIONAL_REPRESENTATION('',(#1070),#1074);
#1070 = LINE('',#1071,#1072);
#1071 = CARTESIAN_POINT('',(3.14159265359,0.));
#1072 = VECTOR('',#1073,1.);
#1073 = DIRECTION('',(0.,1.));
#1074 = ( GEOMETRIC_REPRESENTATION_CONTEXT(2) 
PARAMETRIC_REPRESENTATION_CONTEXT() REPRESENTATION_CONTEXT('2D SPACE',''
  ) );
#1075 = ORIENTED_EDGE('',*,*,#1076,.T.);
#1076 = EDGE_CURVE('',#1054,#986,#1077,.T.);
#1077 = SURFACE_CURVE('',#1078,(#1083,#1090),.PCURVE_S1.);
#1078 = CIRCLE('',#1079,3.25);
#1079 = AXIS2_PLACEMENT_3D('',#1080,#1081,#1082);
#1080 = CARTESIAN_POINT('',(33.5,-2.6,20.50000005));
#1081 = DIRECTION('',(0.,-1.,1.110223024625E-16));
#1082 = DIRECTION('',(-2.22044604925E-16,-1.110223024625E-16,-1.));
#1083 = PCURVE('',#996,#1084);
#1084 = DEFINITIONAL_REPRESENTATION('',(#1085),#1089);
#1085 = LINE('',#1086,#1087);
#1086 = CARTESIAN_POINT('',(0.,-3.4));
#1087 = VECTOR('',#1088,1.);
#1088 = DIRECTION('',(1.,0.));
#1089 = ( GEOMETRIC_REPRESENTATION_CONTEXT(2) 
PARAMETRIC_REPRESENTATION_CONTEXT() REPRESENTATION_CONTEXT('2D SPACE',''
  ) );
#1090 = PCURVE('',#1091,#1096);
#1091 = PLANE('',#1092);
#1092 = AXIS2_PLACEMENT_3D('',#1093,#1094,#1095);
#1093 = CARTESIAN_POINT('',(33.5,-2.6,18.80000005));
#1094 = DIRECTION('',(0.,1.,-1.110223024625E-16));
#1095 = DIRECTION('',(2.22044604925E-16,1.110223024625E-16,1.));
#1096 = DEFINITIONAL_REPRESENTATION('',(#1097),#1105);
#1097 = ( BOUNDED_CURVE() B_SPLINE_CURVE(2,(#1098,#1099,#1100,#1101,
#1102,#1103,#1104),.UNSPECIFIED.,.T.,.F.) B_SPLINE_CURVE_WITH_KNOTS((1,2
    ,2,2,2,1),(-2.094395102393,0.,2.094395102393,4.188790204786,
6.28318530718,8.377580409573),.UNSPECIFIED.) CURVE() 
GEOMETRIC_REPRESENTATION_ITEM() RATIONAL_B_SPLINE_CURVE((1.,0.5,1.,0.5,
1.,0.5,1.)) REPRESENTATION_ITEM('') );
#1098 = CARTESIAN_POINT('',(-1.55,-3.774758283726E-16));
#1099 = CARTESIAN_POINT('',(-1.55,5.629165124599));
#1100 = CARTESIAN_POINT('',(3.325,2.814582562299));
#1101 = CARTESIAN_POINT('',(8.2,4.185445910732E-16));
#1102 = CARTESIAN_POINT('',(3.325,-2.814582562299));
#1103 = CARTESIAN_POINT('',(-1.55,-5.629165124599));
#1104 = CARTESIAN_POINT('',(-1.55,-3.774758283726E-16));
#1105 = ( GEOMETRIC_REPRESENTATION_CONTEXT(2) 
PARAMETRIC_REPRESENTATION_CONTEXT() REPRESENTATION_CONTEXT('2D SPACE',''
  ) );
#1106 = ADVANCED_FACE('',(#1107),#1121,.F.);
#1107 = FACE_BOUND('',#1108,.F.);
#1108 = EDGE_LOOP('',(#1109,#1144,#1172,#1195));
#1109 = ORIENTED_EDGE('',*,*,#1110,.T.);
#1110 = EDGE_CURVE('',#1111,#1113,#1115,.T.);
#1111 = VERTEX_POINT('',#1112);
#1112 = CARTESIAN_POINT('',(33.5,4.,18.80000005));
#1113 = VERTEX_POINT('',#1114);
#1114 = CARTESIAN_POINT('',(33.5,-2.6,18.80000005));
#1115 = SURFACE_CURVE('',#1116,(#1120,#1132),.PCURVE_S1.);
#1116 = LINE('',#1117,#1118);
#1117 = CARTESIAN_POINT('',(33.5,-6.,18.80000005));
#1118 = VECTOR('',#1119,1.);
#1119 = DIRECTION('',(0.,-1.,1.110223024625E-16));
#1120 = PCURVE('',#1121,#1126);
#1121 = CYLINDRICAL_SURFACE('',#1122,1.7);
#1122 = AXIS2_PLACEMENT_3D('',#1123,#1124,#1125);
#1123 = CARTESIAN_POINT('',(33.5,-6.,20.50000005));
#1124 = DIRECTION('',(0.,-1.,1.110223024625E-16));
#1125 = DIRECTION('',(-2.22044604925E-16,-1.110223024625E-16,-1.));
#1126 = DEFINITIONAL_REPRESENTATION('',(#1127),#1131);
#1127 = LINE('',#1128,#1129);
#1128 = CARTESIAN_POINT('',(6.28318530718,0.));
#1129 = VECTOR('',#1130,1.);
#1130 = DIRECTION('',(0.,1.));
#1131 = ( GEOMETRIC_REPRESENTATION_CONTEXT(2) 
PARAMETRIC_REPRESENTATION_CONTEXT() REPRESENTATION_CONTEXT('2D SPACE',''
  ) );
#1132 = PCURVE('',#1133,#1138);
#1133 = CYLINDRICAL_SURFACE('',#1134,1.7);
#1134 = AXIS2_PLACEMENT_3D('',#1135,#1136,#1137);
#1135 = CARTESIAN_POINT('',(33.5,-6.,20.50000005));
#1136 = DIRECTION('',(0.,-1.,1.110223024625E-16));
#1137 = DIRECTION('',(-2.22044604925E-16,-1.110223024625E-16,-1.));
#1138 = DEFINITIONAL_REPRESENTATION('',(#1139),#1143);
#1139 = LINE('',#1140,#1141);
#1140 = CARTESIAN_POINT('',(0.,0.));
#1141 = VECTOR('',#1142,1.);
#1142 = DIRECTION('',(0.,1.));
#1143 = ( GEOMETRIC_REPRESENTATION_CONTEXT(2) 
PARAMETRIC_REPRESENTATION_CONTEXT() REPRESENTATION_CONTEXT('2D SPACE',''
  ) );
#1144 = ORIENTED_EDGE('',*,*,#1145,.F.);
#1145 = EDGE_CURVE('',#1146,#1113,#1148,.T.);
#1146 = VERTEX_POINT('',#1147);
#1147 = CARTESIAN_POINT('',(33.5,-2.6,22.20000005));
#1148 = SURFACE_CURVE('',#1149,(#1154,#1161),.PCURVE_S1.);
#1149 = CIRCLE('',#1150,1.7);
#1150 = AXIS2_PLACEMENT_3D('',#1151,#1152,#1153);
#1151 = CARTESIAN_POINT('',(33.5,-2.6,20.50000005));
#1152 = DIRECTION('',(0.,-1.,1.110223024625E-16));
#1153 = DIRECTION('',(-2.22044604925E-16,-1.110223024625E-16,-1.));
#1154 = PCURVE('',#1121,#1155);
#1155 = DEFINITIONAL_REPRESENTATION('',(#1156),#1160);
#1156 = LINE('',#1157,#1158);
#1157 = CARTESIAN_POINT('',(0.,-3.4));
#1158 = VECTOR('',#1159,1.);
#1159 = DIRECTION('',(1.,0.));
#1160 = ( GEOMETRIC_REPRESENTATION_CONTEXT(2) 
PARAMETRIC_REPRESENTATION_CONTEXT() REPRESENTATION_CONTEXT('2D SPACE',''
  ) );
#1161 = PCURVE('',#1091,#1162);
#1162 = DEFINITIONAL_REPRESENTATION('',(#1163),#1171);
#1163 = ( BOUNDED_CURVE() B_SPLINE_CURVE(2,(#1164,#1165,#1166,#1167,
#1168,#1169,#1170),.UNSPECIFIED.,.T.,.F.) B_SPLINE_CURVE_WITH_KNOTS((1,2
    ,2,2,2,1),(-2.094395102393,0.,2.094395102393,4.188790204786,
6.28318530718,8.377580409573),.UNSPECIFIED.) CURVE() 
GEOMETRIC_REPRESENTATION_ITEM() RATIONAL_B_SPLINE_CURVE((1.,0.5,1.,0.5,
1.,0.5,1.)) REPRESENTATION_ITEM('') );
#1164 = CARTESIAN_POINT('',(0.,-3.774758283726E-16));
#1165 = CARTESIAN_POINT('',(0.,2.944486372867));
#1166 = CARTESIAN_POINT('',(2.55,1.472243186434));
#1167 = CARTESIAN_POINT('',(5.1,3.890408333755E-17));
#1168 = CARTESIAN_POINT('',(2.55,-1.472243186434));
#1169 = CARTESIAN_POINT('',(2.6645352591E-15,-2.944486372867));
#1170 = CARTESIAN_POINT('',(0.,-3.774758283726E-16));
#1171 = ( GEOMETRIC_REPRESENTATION_CONTEXT(2) 
PARAMETRIC_REPRESENTATION_CONTEXT() REPRESENTATION_CONTEXT('2D SPACE',''
  ) );
#1172 = ORIENTED_EDGE('',*,*,#1173,.F.);
#1173 = EDGE_CURVE('',#1174,#1146,#1176,.T.);
#1174 = VERTEX_POINT('',#1175);
#1175 = CARTESIAN_POINT('',(33.5,4.,22.20000005));
#1176 = SURFACE_CURVE('',#1177,(#1181,#1188),.PCURVE_S1.);
#1177 = LINE('',#1178,#1179);
#1178 = CARTESIAN_POINT('',(33.5,-6.,22.20000005));
#1179 = VECTOR('',#1180,1.);
#1180 = DIRECTION('',(0.,-1.,1.110223024625E-16));
#1181 = PCURVE('',#1121,#1182);
#1182 = DEFINITIONAL_REPRESENTATION('',(#1183),#1187);
#1183 = LINE('',#1184,#1185);
#1184 = CARTESIAN_POINT('',(3.14159265359,0.));
#1185 = VECTOR('',#1186,1.);
#1186 = DIRECTION('',(0.,1.));
#1187 = ( GEOMETRIC_REPRESENTATION_CONTEXT(2) 
PARAMETRIC_REPRESENTATION_CONTEXT() REPRESENTATION_CONTEXT('2D SPACE',''
  ) );
#1188 = PCURVE('',#1133,#1189);
#1189 = DEFINITIONAL_REPRESENTATION('',(#1190),#1194);
#1190 = LINE('',#1191,#1192);
#1191 = CARTESIAN_POINT('',(3.14159265359,0.));
#1192 = VECTOR('',#1193,1.);
#1193 = DIRECTION('',(0.,1.));
#1194 = ( GEOMETRIC_REPRESENTATION_CONTEXT(2) 
PARAMETRIC_REPRESENTATION_CONTEXT() REPRESENTATION_CONTEXT('2D SPACE',''
  ) );
#1195 = ORIENTED_EDGE('',*,*,#1196,.F.);
#1196 = EDGE_CURVE('',#1111,#1174,#1197,.T.);
#1197 = SURFACE_CURVE('',#1198,(#1203,#1210),.PCURVE_S1.);
#1198 = CIRCLE('',#1199,1.7);
#1199 = AXIS2_PLACEMENT_3D('',#1200,#1201,#1202);
#1200 = CARTESIAN_POINT('',(33.5,4.,20.50000005));
#1201 = DIRECTION('',(0.,1.,-1.110223024625E-16));
#1202 = DIRECTION('',(2.22044604925E-16,1.110223024625E-16,1.));
#1203 = PCURVE('',#1121,#1204);
#1204 = DEFINITIONAL_REPRESENTATION('',(#1205),#1209);
#1205 = LINE('',#1206,#1207);
#1206 = CARTESIAN_POINT('',(9.424777960769,-10.));
#1207 = VECTOR('',#1208,1.);
#1208 = DIRECTION('',(-1.,0.));
#1209 = ( GEOMETRIC_REPRESENTATION_CONTEXT(2) 
PARAMETRIC_REPRESENTATION_CONTEXT() REPRESENTATION_CONTEXT('2D SPACE',''
  ) );
#1210 = PCURVE('',#1211,#1216);
#1211 = PLANE('',#1212);
#1212 = AXIS2_PLACEMENT_3D('',#1213,#1214,#1215);
#1213 = CARTESIAN_POINT('',(-3.,4.,17.50000005));
#1214 = DIRECTION('',(0.,1.,-1.110223024625E-16));
#1215 = DIRECTION('',(2.22044604925E-16,1.110223024625E-16,1.));
#1216 = DEFINITIONAL_REPRESENTATION('',(#1217),#1221);
#1217 = CIRCLE('',#1218,1.7);
#1218 = AXIS2_PLACEMENT_2D('',#1219,#1220);
#1219 = CARTESIAN_POINT('',(3.,36.5));
#1220 = DIRECTION('',(1.,0.));
#1221 = ( GEOMETRIC_REPRESENTATION_CONTEXT(2) 
PARAMETRIC_REPRESENTATION_CONTEXT() REPRESENTATION_CONTEXT('2D SPACE',''
  ) );
#1222 = ADVANCED_FACE('',(#1223),#1237,.F.);
#1223 = FACE_BOUND('',#1224,.F.);
#1224 = EDGE_LOOP('',(#1225,#1260,#1288,#1311));
#1225 = ORIENTED_EDGE('',*,*,#1226,.T.);
#1226 = EDGE_CURVE('',#1227,#1229,#1231,.T.);
#1227 = VERTEX_POINT('',#1228);
#1228 = CARTESIAN_POINT('',(33.5,-2.6,-10.74999995));
#1229 = VERTEX_POINT('',#1230);
#1230 = CARTESIAN_POINT('',(33.5,-6.,-10.74999995));
#1231 = SURFACE_CURVE('',#1232,(#1236,#1248),.PCURVE_S1.);
#1232 = LINE('',#1233,#1234);
#1233 = CARTESIAN_POINT('',(33.5,-6.,-10.74999995));
#1234 = VECTOR('',#1235,1.);
#1235 = DIRECTION('',(0.,-1.,1.110223024625E-16));
#1236 = PCURVE('',#1237,#1242);
#1237 = CYLINDRICAL_SURFACE('',#1238,3.25);
#1238 = AXIS2_PLACEMENT_3D('',#1239,#1240,#1241);
#1239 = CARTESIAN_POINT('',(33.5,-6.,-7.49999995));
#1240 = DIRECTION('',(0.,-1.,1.110223024625E-16));
#1241 = DIRECTION('',(-2.22044604925E-16,-1.110223024625E-16,-1.));
#1242 = DEFINITIONAL_REPRESENTATION('',(#1243),#1247);
#1243 = LINE('',#1244,#1245);
#1244 = CARTESIAN_POINT('',(6.28318530718,0.));
#1245 = VECTOR('',#1246,1.);
#1246 = DIRECTION('',(0.,1.));
#1247 = ( GEOMETRIC_REPRESENTATION_CONTEXT(2) 
PARAMETRIC_REPRESENTATION_CONTEXT() REPRESENTATION_CONTEXT('2D SPACE',''
  ) );
#1248 = PCURVE('',#1249,#1254);
#1249 = CYLINDRICAL_SURFACE('',#1250,3.25);
#1250 = AXIS2_PLACEMENT_3D('',#1251,#1252,#1253);
#1251 = CARTESIAN_POINT('',(33.5,-6.,-7.49999995));
#1252 = DIRECTION('',(0.,-1.,1.110223024625E-16));
#1253 = DIRECTION('',(-2.22044604925E-16,-1.110223024625E-16,-1.));
#1254 = DEFINITIONAL_REPRESENTATION('',(#1255),#1259);
#1255 = LINE('',#1256,#1257);
#1256 = CARTESIAN_POINT('',(0.,0.));
#1257 = VECTOR('',#1258,1.);
#1258 = DIRECTION('',(0.,1.));
#1259 = ( GEOMETRIC_REPRESENTATION_CONTEXT(2) 
PARAMETRIC_REPRESENTATION_CONTEXT() REPRESENTATION_CONTEXT('2D SPACE',''
  ) );
#1260 = ORIENTED_EDGE('',*,*,#1261,.F.);
#1261 = EDGE_CURVE('',#1262,#1229,#1264,.T.);
#1262 = VERTEX_POINT('',#1263);
#1263 = CARTESIAN_POINT('',(33.5,-6.,-4.24999995));
#1264 = SURFACE_CURVE('',#1265,(#1270,#1277),.PCURVE_S1.);
#1265 = CIRCLE('',#1266,3.25);
#1266 = AXIS2_PLACEMENT_3D('',#1267,#1268,#1269);
#1267 = CARTESIAN_POINT('',(33.5,-6.,-7.49999995));
#1268 = DIRECTION('',(0.,-1.,1.110223024625E-16));
#1269 = DIRECTION('',(-2.22044604925E-16,-1.110223024625E-16,-1.));
#1270 = PCURVE('',#1237,#1271);
#1271 = DEFINITIONAL_REPRESENTATION('',(#1272),#1276);
#1272 = LINE('',#1273,#1274);
#1273 = CARTESIAN_POINT('',(0.,0.));
#1274 = VECTOR('',#1275,1.);
#1275 = DIRECTION('',(1.,0.));
#1276 = ( GEOMETRIC_REPRESENTATION_CONTEXT(2) 
PARAMETRIC_REPRESENTATION_CONTEXT() REPRESENTATION_CONTEXT('2D SPACE',''
  ) );
#1277 = PCURVE('',#1037,#1278);
#1278 = DEFINITIONAL_REPRESENTATION('',(#1279),#1287);
#1279 = ( BOUNDED_CURVE() B_SPLINE_CURVE(2,(#1280,#1281,#1282,#1283,
#1284,#1285,#1286),.UNSPECIFIED.,.T.,.F.) B_SPLINE_CURVE_WITH_KNOTS((1,2
    ,2,2,2,1),(-2.094395102393,0.,2.094395102393,4.188790204786,
6.28318530718,8.377580409573),.UNSPECIFIED.) CURVE() 
GEOMETRIC_REPRESENTATION_ITEM() RATIONAL_B_SPLINE_CURVE((1.,0.5,1.,0.5,
1.,0.5,1.)) REPRESENTATION_ITEM('') );
#1280 = CARTESIAN_POINT('',(-28.25,36.5));
#1281 = CARTESIAN_POINT('',(-28.25,42.129165124599));
#1282 = CARTESIAN_POINT('',(-23.375,39.314582562299));
#1283 = CARTESIAN_POINT('',(-18.5,36.5));
#1284 = CARTESIAN_POINT('',(-23.375,33.685417437701));
#1285 = CARTESIAN_POINT('',(-28.25,30.870834875401));
#1286 = CARTESIAN_POINT('',(-28.25,36.5));
#1287 = ( GEOMETRIC_REPRESENTATION_CONTEXT(2) 
PARAMETRIC_REPRESENTATION_CONTEXT() REPRESENTATION_CONTEXT('2D SPACE',''
  ) );
#1288 = ORIENTED_EDGE('',*,*,#1289,.F.);
#1289 = EDGE_CURVE('',#1290,#1262,#1292,.T.);
#1290 = VERTEX_POINT('',#1291);
#1291 = CARTESIAN_POINT('',(33.5,-2.6,-4.24999995));
#1292 = SURFACE_CURVE('',#1293,(#1297,#1304),.PCURVE_S1.);
#1293 = LINE('',#1294,#1295);
#1294 = CARTESIAN_POINT('',(33.5,-6.,-4.24999995));
#1295 = VECTOR('',#1296,1.);
#1296 = DIRECTION('',(0.,-1.,1.110223024625E-16));
#1297 = PCURVE('',#1237,#1298);
#1298 = DEFINITIONAL_REPRESENTATION('',(#1299),#1303);
#1299 = LINE('',#1300,#1301);
#1300 = CARTESIAN_POINT('',(3.14159265359,0.));
#1301 = VECTOR('',#1302,1.);
#1302 = DIRECTION('',(0.,1.));
#1303 = ( GEOMETRIC_REPRESENTATION_CONTEXT(2) 
PARAMETRIC_REPRESENTATION_CONTEXT() REPRESENTATION_CONTEXT('2D SPACE',''
  ) );
#1304 = PCURVE('',#1249,#1305);
#1305 = DEFINITIONAL_REPRESENTATION('',(#1306),#1310);
#1306 = LINE('',#1307,#1308);
#1307 = CARTESIAN_POINT('',(3.14159265359,0.));
#1308 = VECTOR('',#1309,1.);
#1309 = DIRECTION('',(0.,1.));
#1310 = ( GEOMETRIC_REPRESENTATION_CONTEXT(2) 
PARAMETRIC_REPRESENTATION_CONTEXT() REPRESENTATION_CONTEXT('2D SPACE',''
  ) );
#1311 = ORIENTED_EDGE('',*,*,#1312,.T.);
#1312 = EDGE_CURVE('',#1290,#1227,#1313,.T.);
#1313 = SURFACE_CURVE('',#1314,(#1319,#1326),.PCURVE_S1.);
#1314 = CIRCLE('',#1315,3.25);
#1315 = AXIS2_PLACEMENT_3D('',#1316,#1317,#1318);
#1316 = CARTESIAN_POINT('',(33.5,-2.6,-7.49999995));
#1317 = DIRECTION('',(0.,-1.,1.110223024625E-16));
#1318 = DIRECTION('',(-2.22044604925E-16,-1.110223024625E-16,-1.));
#1319 = PCURVE('',#1237,#1320);
#1320 = DEFINITIONAL_REPRESENTATION('',(#1321),#1325);
#1321 = LINE('',#1322,#1323);
#1322 = CARTESIAN_POINT('',(0.,-3.4));
#1323 = VECTOR('',#1324,1.);
#1324 = DIRECTION('',(1.,0.));
#1325 = ( GEOMETRIC_REPRESENTATION_CONTEXT(2) 
PARAMETRIC_REPRESENTATION_CONTEXT() REPRESENTATION_CONTEXT('2D SPACE',''
  ) );
#1326 = PCURVE('',#1327,#1332);
#1327 = PLANE('',#1328);
#1328 = AXIS2_PLACEMENT_3D('',#1329,#1330,#1331);
#1329 = CARTESIAN_POINT('',(33.5,-2.6,-9.19999995));
#1330 = DIRECTION('',(0.,1.,-1.110223024625E-16));
#1331 = DIRECTION('',(2.22044604925E-16,1.110223024625E-16,1.));
#1332 = DEFINITIONAL_REPRESENTATION('',(#1333),#1341);
#1333 = ( BOUNDED_CURVE() B_SPLINE_CURVE(2,(#1334,#1335,#1336,#1337,
#1338,#1339,#1340),.UNSPECIFIED.,.T.,.F.) B_SPLINE_CURVE_WITH_KNOTS((1,2
    ,2,2,2,1),(-2.094395102393,0.,2.094395102393,4.188790204786,
6.28318530718,8.377580409573),.UNSPECIFIED.) CURVE() 
GEOMETRIC_REPRESENTATION_ITEM() RATIONAL_B_SPLINE_CURVE((1.,0.5,1.,0.5,
1.,0.5,1.)) REPRESENTATION_ITEM('') );
#1334 = CARTESIAN_POINT('',(-1.55,-3.774758283726E-16));
#1335 = CARTESIAN_POINT('',(-1.55,5.629165124599));
#1336 = CARTESIAN_POINT('',(3.325,2.814582562299));
#1337 = CARTESIAN_POINT('',(8.2,4.185445910732E-16));
#1338 = CARTESIAN_POINT('',(3.325,-2.814582562299));
#1339 = CARTESIAN_POINT('',(-1.55,-5.629165124599));
#1340 = CARTESIAN_POINT('',(-1.55,-3.774758283726E-16));
#1341 = ( GEOMETRIC_REPRESENTATION_CONTEXT(2) 
PARAMETRIC_REPRESENTATION_CONTEXT() REPRESENTATION_CONTEXT('2D SPACE',''
  ) );
#1342 = ADVANCED_FACE('',(#1343),#1357,.F.);
#1343 = FACE_BOUND('',#1344,.F.);
#1344 = EDGE_LOOP('',(#1345,#1380,#1408,#1431));
#1345 = ORIENTED_EDGE('',*,*,#1346,.T.);
#1346 = EDGE_CURVE('',#1347,#1349,#1351,.T.);
#1347 = VERTEX_POINT('',#1348);
#1348 = CARTESIAN_POINT('',(33.5,4.,-9.19999995));
#1349 = VERTEX_POINT('',#1350);
#1350 = CARTESIAN_POINT('',(33.5,-2.6,-9.19999995));
#1351 = SURFACE_CURVE('',#1352,(#1356,#1368),.PCURVE_S1.);
#1352 = LINE('',#1353,#1354);
#1353 = CARTESIAN_POINT('',(33.5,-6.,-9.19999995));
#1354 = VECTOR('',#1355,1.);
#1355 = DIRECTION('',(0.,-1.,1.110223024625E-16));
#1356 = PCURVE('',#1357,#1362);
#1357 = CYLINDRICAL_SURFACE('',#1358,1.7);
#1358 = AXIS2_PLACEMENT_3D('',#1359,#1360,#1361);
#1359 = CARTESIAN_POINT('',(33.5,-6.,-7.49999995));
#1360 = DIRECTION('',(0.,-1.,1.110223024625E-16));
#1361 = DIRECTION('',(-2.22044604925E-16,-1.110223024625E-16,-1.));
#1362 = DEFINITIONAL_REPRESENTATION('',(#1363),#1367);
#1363 = LINE('',#1364,#1365);
#1364 = CARTESIAN_POINT('',(6.28318530718,0.));
#1365 = VECTOR('',#1366,1.);
#1366 = DIRECTION('',(0.,1.));
#1367 = ( GEOMETRIC_REPRESENTATION_CONTEXT(2) 
PARAMETRIC_REPRESENTATION_CONTEXT() REPRESENTATION_CONTEXT('2D SPACE',''
  ) );
#1368 = PCURVE('',#1369,#1374);
#1369 = CYLINDRICAL_SURFACE('',#1370,1.7);
#1370 = AXIS2_PLACEMENT_3D('',#1371,#1372,#1373);
#1371 = CARTESIAN_POINT('',(33.5,-6.,-7.49999995));
#1372 = DIRECTION('',(0.,-1.,1.110223024625E-16));
#1373 = DIRECTION('',(-2.22044604925E-16,-1.110223024625E-16,-1.));
#1374 = DEFINITIONAL_REPRESENTATION('',(#1375),#1379);
#1375 = LINE('',#1376,#1377);
#1376 = CARTESIAN_POINT('',(0.,0.));
#1377 = VECTOR('',#1378,1.);
#1378 = DIRECTION('',(0.,1.));
#1379 = ( GEOMETRIC_REPRESENTATION_CONTEXT(2) 
PARAMETRIC_REPRESENTATION_CONTEXT() REPRESENTATION_CONTEXT('2D SPACE',''
  ) );
#1380 = ORIENTED_EDGE('',*,*,#1381,.F.);
#1381 = EDGE_CURVE('',#1382,#1349,#1384,.T.);
#1382 = VERTEX_POINT('',#1383);
#1383 = CARTESIAN_POINT('',(33.5,-2.6,-5.79999995));
#1384 = SURFACE_CURVE('',#1385,(#1390,#1397),.PCURVE_S1.);
#1385 = CIRCLE('',#1386,1.7);
#1386 = AXIS2_PLACEMENT_3D('',#1387,#1388,#1389);
#1387 = CARTESIAN_POINT('',(33.5,-2.6,-7.49999995));
#1388 = DIRECTION('',(0.,-1.,1.110223024625E-16));
#1389 = DIRECTION('',(-2.22044604925E-16,-1.110223024625E-16,-1.));
#1390 = PCURVE('',#1357,#1391);
#1391 = DEFINITIONAL_REPRESENTATION('',(#1392),#1396);
#1392 = LINE('',#1393,#1394);
#1393 = CARTESIAN_POINT('',(0.,-3.4));
#1394 = VECTOR('',#1395,1.);
#1395 = DIRECTION('',(1.,0.));
#1396 = ( GEOMETRIC_REPRESENTATION_CONTEXT(2) 
PARAMETRIC_REPRESENTATION_CONTEXT() REPRESENTATION_CONTEXT('2D SPACE',''
  ) );
#1397 = PCURVE('',#1327,#1398);
#1398 = DEFINITIONAL_REPRESENTATION('',(#1399),#1407);
#1399 = ( BOUNDED_CURVE() B_SPLINE_CURVE(2,(#1400,#1401,#1402,#1403,
#1404,#1405,#1406),.UNSPECIFIED.,.T.,.F.) B_SPLINE_CURVE_WITH_KNOTS((1,2
    ,2,2,2,1),(-2.094395102393,0.,2.094395102393,4.188790204786,
6.28318530718,8.377580409573),.UNSPECIFIED.) CURVE() 
GEOMETRIC_REPRESENTATION_ITEM() RATIONAL_B_SPLINE_CURVE((1.,0.5,1.,0.5,
1.,0.5,1.)) REPRESENTATION_ITEM('') );
#1400 = CARTESIAN_POINT('',(0.,-3.774758283726E-16));
#1401 = CARTESIAN_POINT('',(0.,2.944486372867));
#1402 = CARTESIAN_POINT('',(2.55,1.472243186434));
#1403 = CARTESIAN_POINT('',(5.1,3.890408333755E-17));
#1404 = CARTESIAN_POINT('',(2.55,-1.472243186434));
#1405 = CARTESIAN_POINT('',(2.6645352591E-15,-2.944486372867));
#1406 = CARTESIAN_POINT('',(0.,-3.774758283726E-16));
#1407 = ( GEOMETRIC_REPRESENTATION_CONTEXT(2) 
PARAMETRIC_REPRESENTATION_CONTEXT() REPRESENTATION_CONTEXT('2D SPACE',''
  ) );
#1408 = ORIENTED_EDGE('',*,*,#1409,.F.);
#1409 = EDGE_CURVE('',#1410,#1382,#1412,.T.);
#1410 = VERTEX_POINT('',#1411);
#1411 = CARTESIAN_POINT('',(33.5,4.,-5.79999995));
#1412 = SURFACE_CURVE('',#1413,(#1417,#1424),.PCURVE_S1.);
#1413 = LINE('',#1414,#1415);
#1414 = CARTESIAN_POINT('',(33.5,-6.,-5.79999995));
#1415 = VECTOR('',#1416,1.);
#1416 = DIRECTION('',(0.,-1.,1.110223024625E-16));
#1417 = PCURVE('',#1357,#1418);
#1418 = DEFINITIONAL_REPRESENTATION('',(#1419),#1423);
#1419 = LINE('',#1420,#1421);
#1420 = CARTESIAN_POINT('',(3.14159265359,0.));
#1421 = VECTOR('',#1422,1.);
#1422 = DIRECTION('',(0.,1.));
#1423 = ( GEOMETRIC_REPRESENTATION_CONTEXT(2) 
PARAMETRIC_REPRESENTATION_CONTEXT() REPRESENTATION_CONTEXT('2D SPACE',''
  ) );
#1424 = PCURVE('',#1369,#1425);
#1425 = DEFINITIONAL_REPRESENTATION('',(#1426),#1430);
#1426 = LINE('',#1427,#1428);
#1427 = CARTESIAN_POINT('',(3.14159265359,0.));
#1428 = VECTOR('',#1429,1.);
#1429 = DIRECTION('',(0.,1.));
#1430 = ( GEOMETRIC_REPRESENTATION_CONTEXT(2) 
PARAMETRIC_REPRESENTATION_CONTEXT() REPRESENTATION_CONTEXT('2D SPACE',''
  ) );
#1431 = ORIENTED_EDGE('',*,*,#1432,.F.);
#1432 = EDGE_CURVE('',#1347,#1410,#1433,.T.);
#1433 = SURFACE_CURVE('',#1434,(#1439,#1446),.PCURVE_S1.);
#1434 = CIRCLE('',#1435,1.7);
#1435 = AXIS2_PLACEMENT_3D('',#1436,#1437,#1438);
#1436 = CARTESIAN_POINT('',(33.5,4.,-7.49999995));
#1437 = DIRECTION('',(0.,1.,-1.110223024625E-16));
#1438 = DIRECTION('',(2.22044604925E-16,1.110223024625E-16,1.));
#1439 = PCURVE('',#1357,#1440);
#1440 = DEFINITIONAL_REPRESENTATION('',(#1441),#1445);
#1441 = LINE('',#1442,#1443);
#1442 = CARTESIAN_POINT('',(9.424777960769,-10.));
#1443 = VECTOR('',#1444,1.);
#1444 = DIRECTION('',(-1.,0.));
#1445 = ( GEOMETRIC_REPRESENTATION_CONTEXT(2) 
PARAMETRIC_REPRESENTATION_CONTEXT() REPRESENTATION_CONTEXT('2D SPACE',''
  ) );
#1446 = PCURVE('',#1211,#1447);
#1447 = DEFINITIONAL_REPRESENTATION('',(#1448),#1452);
#1448 = CIRCLE('',#1449,1.7);
#1449 = AXIS2_PLACEMENT_2D('',#1450,#1451);
#1450 = CARTESIAN_POINT('',(-25.,36.5));
#1451 = DIRECTION('',(1.,0.));
#1452 = ( GEOMETRIC_REPRESENTATION_CONTEXT(2) 
PARAMETRIC_REPRESENTATION_CONTEXT() REPRESENTATION_CONTEXT('2D SPACE',''
  ) );
#1453 = ADVANCED_FACE('',(#1454),#1468,.F.);
#1454 = FACE_BOUND('',#1455,.F.);
#1455 = EDGE_LOOP('',(#1456,#1491,#1519,#1542));
#1456 = ORIENTED_EDGE('',*,*,#1457,.T.);
#1457 = EDGE_CURVE('',#1458,#1460,#1462,.T.);
#1458 = VERTEX_POINT('',#1459);
#1459 = CARTESIAN_POINT('',(5.5,-2.6,17.25000005));
#1460 = VERTEX_POINT('',#1461);
#1461 = CARTESIAN_POINT('',(5.5,-6.,17.25000005));
#1462 = SURFACE_CURVE('',#1463,(#1467,#1479),.PCURVE_S1.);
#1463 = LINE('',#1464,#1465);
#1464 = CARTESIAN_POINT('',(5.5,-6.,17.25000005));
#1465 = VECTOR('',#1466,1.);
#1466 = DIRECTION('',(0.,-1.,1.110223024625E-16));
#1467 = PCURVE('',#1468,#1473);
#1468 = CYLINDRICAL_SURFACE('',#1469,3.25);
#1469 = AXIS2_PLACEMENT_3D('',#1470,#1471,#1472);
#1470 = CARTESIAN_POINT('',(5.5,-6.,20.50000005));
#1471 = DIRECTION('',(0.,-1.,1.110223024625E-16));
#1472 = DIRECTION('',(-2.22044604925E-16,-1.110223024625E-16,-1.));
#1473 = DEFINITIONAL_REPRESENTATION('',(#1474),#1478);
#1474 = LINE('',#1475,#1476);
#1475 = CARTESIAN_POINT('',(6.28318530718,0.));
#1476 = VECTOR('',#1477,1.);
#1477 = DIRECTION('',(0.,1.));
#1478 = ( GEOMETRIC_REPRESENTATION_CONTEXT(2) 
PARAMETRIC_REPRESENTATION_CONTEXT() REPRESENTATION_CONTEXT('2D SPACE',''
  ) );
#1479 = PCURVE('',#1480,#1485);
#1480 = CYLINDRICAL_SURFACE('',#1481,3.25);
#1481 = AXIS2_PLACEMENT_3D('',#1482,#1483,#1484);
#1482 = CARTESIAN_POINT('',(5.5,-6.,20.50000005));
#1483 = DIRECTION('',(0.,-1.,1.110223024625E-16));
#1484 = DIRECTION('',(-2.22044604925E-16,-1.110223024625E-16,-1.));
#1485 = DEFINITIONAL_REPRESENTATION('',(#1486),#1490);
#1486 = LINE('',#1487,#1488);
#1487 = CARTESIAN_POINT('',(0.,0.));
#1488 = VECTOR('',#1489,1.);
#1489 = DIRECTION('',(0.,1.));
#1490 = ( GEOMETRIC_REPRESENTATION_CONTEXT(2) 
PARAMETRIC_REPRESENTATION_CONTEXT() REPRESENTATION_CONTEXT('2D SPACE',''
  ) );
#1491 = ORIENTED_EDGE('',*,*,#1492,.F.);
#1492 = EDGE_CURVE('',#1493,#1460,#1495,.T.);
#1493 = VERTEX_POINT('',#1494);
#1494 = CARTESIAN_POINT('',(5.5,-6.,23.75000005));
#1495 = SURFACE_CURVE('',#1496,(#1501,#1508),.PCURVE_S1.);
#1496 = CIRCLE('',#1497,3.25);
#1497 = AXIS2_PLACEMENT_3D('',#1498,#1499,#1500);
#1498 = CARTESIAN_POINT('',(5.5,-6.,20.50000005));
#1499 = DIRECTION('',(0.,-1.,1.110223024625E-16));
#1500 = DIRECTION('',(-2.22044604925E-16,-1.110223024625E-16,-1.));
#1501 = PCURVE('',#1468,#1502);
#1502 = DEFINITIONAL_REPRESENTATION('',(#1503),#1507);
#1503 = LINE('',#1504,#1505);
#1504 = CARTESIAN_POINT('',(0.,0.));
#1505 = VECTOR('',#1506,1.);
#1506 = DIRECTION('',(1.,0.));
#1507 = ( GEOMETRIC_REPRESENTATION_CONTEXT(2) 
PARAMETRIC_REPRESENTATION_CONTEXT() REPRESENTATION_CONTEXT('2D SPACE',''
  ) );
#1508 = PCURVE('',#1037,#1509);
#1509 = DEFINITIONAL_REPRESENTATION('',(#1510),#1518);
#1510 = ( BOUNDED_CURVE() B_SPLINE_CURVE(2,(#1511,#1512,#1513,#1514,
#1515,#1516,#1517),.UNSPECIFIED.,.T.,.F.) B_SPLINE_CURVE_WITH_KNOTS((1,2
    ,2,2,2,1),(-2.094395102393,0.,2.094395102393,4.188790204786,
6.28318530718,8.377580409573),.UNSPECIFIED.) CURVE() 
GEOMETRIC_REPRESENTATION_ITEM() RATIONAL_B_SPLINE_CURVE((1.,0.5,1.,0.5,
1.,0.5,1.)) REPRESENTATION_ITEM('') );
#1511 = CARTESIAN_POINT('',(-0.25,8.5));
#1512 = CARTESIAN_POINT('',(-0.25,14.129165124599));
#1513 = CARTESIAN_POINT('',(4.625,11.314582562299));
#1514 = CARTESIAN_POINT('',(9.5,8.5));
#1515 = CARTESIAN_POINT('',(4.625,5.685417437701));
#1516 = CARTESIAN_POINT('',(-0.25,2.870834875401));
#1517 = CARTESIAN_POINT('',(-0.25,8.5));
#1518 = ( GEOMETRIC_REPRESENTATION_CONTEXT(2) 
PARAMETRIC_REPRESENTATION_CONTEXT() REPRESENTATION_CONTEXT('2D SPACE',''
  ) );
#1519 = ORIENTED_EDGE('',*,*,#1520,.F.);
#1520 = EDGE_CURVE('',#1521,#1493,#1523,.T.);
#1521 = VERTEX_POINT('',#1522);
#1522 = CARTESIAN_POINT('',(5.5,-2.6,23.75000005));
#1523 = SURFACE_CURVE('',#1524,(#1528,#1535),.PCURVE_S1.);
#1524 = LINE('',#1525,#1526);
#1525 = CARTESIAN_POINT('',(5.5,-6.,23.75000005));
#1526 = VECTOR('',#1527,1.);
#1527 = DIRECTION('',(0.,-1.,1.110223024625E-16));
#1528 = PCURVE('',#1468,#1529);
#1529 = DEFINITIONAL_REPRESENTATION('',(#1530),#1534);
#1530 = LINE('',#1531,#1532);
#1531 = CARTESIAN_POINT('',(3.14159265359,0.));
#1532 = VECTOR('',#1533,1.);
#1533 = DIRECTION('',(0.,1.));
#1534 = ( GEOMETRIC_REPRESENTATION_CONTEXT(2) 
PARAMETRIC_REPRESENTATION_CONTEXT() REPRESENTATION_CONTEXT('2D SPACE',''
  ) );
#1535 = PCURVE('',#1480,#1536);
#1536 = DEFINITIONAL_REPRESENTATION('',(#1537),#1541);
#1537 = LINE('',#1538,#1539);
#1538 = CARTESIAN_POINT('',(3.14159265359,0.));
#1539 = VECTOR('',#1540,1.);
#1540 = DIRECTION('',(0.,1.));
#1541 = ( GEOMETRIC_REPRESENTATION_CONTEXT(2) 
PARAMETRIC_REPRESENTATION_CONTEXT() REPRESENTATION_CONTEXT('2D SPACE',''
  ) );
#1542 = ORIENTED_EDGE('',*,*,#1543,.T.);
#1543 = EDGE_CURVE('',#1521,#1458,#1544,.T.);
#1544 = SURFACE_CURVE('',#1545,(#1550,#1557),.PCURVE_S1.);
#1545 = CIRCLE('',#1546,3.25);
#1546 = AXIS2_PLACEMENT_3D('',#1547,#1548,#1549);
#1547 = CARTESIAN_POINT('',(5.5,-2.6,20.50000005));
#1548 = DIRECTION('',(0.,-1.,1.110223024625E-16));
#1549 = DIRECTION('',(-2.22044604925E-16,-1.110223024625E-16,-1.));
#1550 = PCURVE('',#1468,#1551);
#1551 = DEFINITIONAL_REPRESENTATION('',(#1552),#1556);
#1552 = LINE('',#1553,#1554);
#1553 = CARTESIAN_POINT('',(0.,-3.4));
#1554 = VECTOR('',#1555,1.);
#1555 = DIRECTION('',(1.,0.));
#1556 = ( GEOMETRIC_REPRESENTATION_CONTEXT(2) 
PARAMETRIC_REPRESENTATION_CONTEXT() REPRESENTATION_CONTEXT('2D SPACE',''
  ) );
#1557 = PCURVE('',#1558,#1563);
#1558 = PLANE('',#1559);
#1559 = AXIS2_PLACEMENT_3D('',#1560,#1561,#1562);
#1560 = CARTESIAN_POINT('',(5.5,-2.6,18.80000005));
#1561 = DIRECTION('',(0.,1.,-1.110223024625E-16));
#1562 = DIRECTION('',(2.22044604925E-16,1.110223024625E-16,1.));
#1563 = DEFINITIONAL_REPRESENTATION('',(#1564),#1572);
#1564 = ( BOUNDED_CURVE() B_SPLINE_CURVE(2,(#1565,#1566,#1567,#1568,
#1569,#1570,#1571),.UNSPECIFIED.,.T.,.F.) B_SPLINE_CURVE_WITH_KNOTS((1,2
    ,2,2,2,1),(-2.094395102393,0.,2.094395102393,4.188790204786,
6.28318530718,8.377580409573),.UNSPECIFIED.) CURVE() 
GEOMETRIC_REPRESENTATION_ITEM() RATIONAL_B_SPLINE_CURVE((1.,0.5,1.,0.5,
1.,0.5,1.)) REPRESENTATION_ITEM('') );
#1565 = CARTESIAN_POINT('',(-1.55,-3.774758283726E-16));
#1566 = CARTESIAN_POINT('',(-1.55,5.629165124599));
#1567 = CARTESIAN_POINT('',(3.325,2.814582562299));
#1568 = CARTESIAN_POINT('',(8.2,4.185445910732E-16));
#1569 = CARTESIAN_POINT('',(3.325,-2.814582562299));
#1570 = CARTESIAN_POINT('',(-1.55,-5.629165124599));
#1571 = CARTESIAN_POINT('',(-1.55,-3.774758283726E-16));
#1572 = ( GEOMETRIC_REPRESENTATION_CONTEXT(2) 
PARAMETRIC_REPRESENTATION_CONTEXT() REPRESENTATION_CONTEXT('2D SPACE',''
  ) );
#1573 = ADVANCED_FACE('',(#1574),#1588,.F.);
#1574 = FACE_BOUND('',#1575,.F.);
#1575 = EDGE_LOOP('',(#1576,#1611,#1639,#1662));
#1576 = ORIENTED_EDGE('',*,*,#1577,.T.);
#1577 = EDGE_CURVE('',#1578,#1580,#1582,.T.);
#1578 = VERTEX_POINT('',#1579);
#1579 = CARTESIAN_POINT('',(5.5,4.,18.80000005));
#1580 = VERTEX_POINT('',#1581);
#1581 = CARTESIAN_POINT('',(5.5,-2.6,18.80000005));
#1582 = SURFACE_CURVE('',#1583,(#1587,#1599),.PCURVE_S1.);
#1583 = LINE('',#1584,#1585);
#1584 = CARTESIAN_POINT('',(5.5,-6.,18.80000005));
#1585 = VECTOR('',#1586,1.);
#1586 = DIRECTION('',(0.,-1.,1.110223024625E-16));
#1587 = PCURVE('',#1588,#1593);
#1588 = CYLINDRICAL_SURFACE('',#1589,1.7);
#1589 = AXIS2_PLACEMENT_3D('',#1590,#1591,#1592);
#1590 = CARTESIAN_POINT('',(5.5,-6.,20.50000005));
#1591 = DIRECTION('',(0.,-1.,1.110223024625E-16));
#1592 = DIRECTION('',(-2.22044604925E-16,-1.110223024625E-16,-1.));
#1593 = DEFINITIONAL_REPRESENTATION('',(#1594),#1598);
#1594 = LINE('',#1595,#1596);
#1595 = CARTESIAN_POINT('',(6.28318530718,0.));
#1596 = VECTOR('',#1597,1.);
#1597 = DIRECTION('',(0.,1.));
#1598 = ( GEOMETRIC_REPRESENTATION_CONTEXT(2) 
PARAMETRIC_REPRESENTATION_CONTEXT() REPRESENTATION_CONTEXT('2D SPACE',''
  ) );
#1599 = PCURVE('',#1600,#1605);
#1600 = CYLINDRICAL_SURFACE('',#1601,1.7);
#1601 = AXIS2_PLACEMENT_3D('',#1602,#1603,#1604);
#1602 = CARTESIAN_POINT('',(5.5,-6.,20.50000005));
#1603 = DIRECTION('',(0.,-1.,1.110223024625E-16));
#1604 = DIRECTION('',(-2.22044604925E-16,-1.110223024625E-16,-1.));
#1605 = DEFINITIONAL_REPRESENTATION('',(#1606),#1610);
#1606 = LINE('',#1607,#1608);
#1607 = CARTESIAN_POINT('',(0.,0.));
#1608 = VECTOR('',#1609,1.);
#1609 = DIRECTION('',(0.,1.));
#1610 = ( GEOMETRIC_REPRESENTATION_CONTEXT(2) 
PARAMETRIC_REPRESENTATION_CONTEXT() REPRESENTATION_CONTEXT('2D SPACE',''
  ) );
#1611 = ORIENTED_EDGE('',*,*,#1612,.F.);
#1612 = EDGE_CURVE('',#1613,#1580,#1615,.T.);
#1613 = VERTEX_POINT('',#1614);
#1614 = CARTESIAN_POINT('',(5.5,-2.6,22.20000005));
#1615 = SURFACE_CURVE('',#1616,(#1621,#1628),.PCURVE_S1.);
#1616 = CIRCLE('',#1617,1.7);
#1617 = AXIS2_PLACEMENT_3D('',#1618,#1619,#1620);
#1618 = CARTESIAN_POINT('',(5.5,-2.6,20.50000005));
#1619 = DIRECTION('',(0.,-1.,1.110223024625E-16));
#1620 = DIRECTION('',(-2.22044604925E-16,-1.110223024625E-16,-1.));
#1621 = PCURVE('',#1588,#1622);
#1622 = DEFINITIONAL_REPRESENTATION('',(#1623),#1627);
#1623 = LINE('',#1624,#1625);
#1624 = CARTESIAN_POINT('',(0.,-3.4));
#1625 = VECTOR('',#1626,1.);
#1626 = DIRECTION('',(1.,0.));
#1627 = ( GEOMETRIC_REPRESENTATION_CONTEXT(2) 
PARAMETRIC_REPRESENTATION_CONTEXT() REPRESENTATION_CONTEXT('2D SPACE',''
  ) );
#1628 = PCURVE('',#1558,#1629);
#1629 = DEFINITIONAL_REPRESENTATION('',(#1630),#1638);
#1630 = ( BOUNDED_CURVE() B_SPLINE_CURVE(2,(#1631,#1632,#1633,#1634,
#1635,#1636,#1637),.UNSPECIFIED.,.T.,.F.) B_SPLINE_CURVE_WITH_KNOTS((1,2
    ,2,2,2,1),(-2.094395102393,0.,2.094395102393,4.188790204786,
6.28318530718,8.377580409573),.UNSPECIFIED.) CURVE() 
GEOMETRIC_REPRESENTATION_ITEM() RATIONAL_B_SPLINE_CURVE((1.,0.5,1.,0.5,
1.,0.5,1.)) REPRESENTATION_ITEM('') );
#1631 = CARTESIAN_POINT('',(0.,-3.774758283726E-16));
#1632 = CARTESIAN_POINT('',(0.,2.944486372867));
#1633 = CARTESIAN_POINT('',(2.55,1.472243186434));
#1634 = CARTESIAN_POINT('',(5.1,3.890408333755E-17));
#1635 = CARTESIAN_POINT('',(2.55,-1.472243186434));
#1636 = CARTESIAN_POINT('',(2.6645352591E-15,-2.944486372867));
#1637 = CARTESIAN_POINT('',(0.,-3.774758283726E-16));
#1638 = ( GEOMETRIC_REPRESENTATION_CONTEXT(2) 
PARAMETRIC_REPRESENTATION_CONTEXT() REPRESENTATION_CONTEXT('2D SPACE',''
  ) );
#1639 = ORIENTED_EDGE('',*,*,#1640,.F.);
#1640 = EDGE_CURVE('',#1641,#1613,#1643,.T.);
#1641 = VERTEX_POINT('',#1642);
#1642 = CARTESIAN_POINT('',(5.5,4.,22.20000005));
#1643 = SURFACE_CURVE('',#1644,(#1648,#1655),.PCURVE_S1.);
#1644 = LINE('',#1645,#1646);
#1645 = CARTESIAN_POINT('',(5.5,-6.,22.20000005));
#1646 = VECTOR('',#1647,1.);
#1647 = DIRECTION('',(0.,-1.,1.110223024625E-16));
#1648 = PCURVE('',#1588,#1649);
#1649 = DEFINITIONAL_REPRESENTATION('',(#1650),#1654);
#1650 = LINE('',#1651,#1652);
#1651 = CARTESIAN_POINT('',(3.14159265359,0.));
#1652 = VECTOR('',#1653,1.);
#1653 = DIRECTION('',(0.,1.));
#1654 = ( GEOMETRIC_REPRESENTATION_CONTEXT(2) 
PARAMETRIC_REPRESENTATION_CONTEXT() REPRESENTATION_CONTEXT('2D SPACE',''
  ) );
#1655 = PCURVE('',#1600,#1656);
#1656 = DEFINITIONAL_REPRESENTATION('',(#1657),#1661);
#1657 = LINE('',#1658,#1659);
#1658 = CARTESIAN_POINT('',(3.14159265359,0.));
#1659 = VECTOR('',#1660,1.);
#1660 = DIRECTION('',(0.,1.));
#1661 = ( GEOMETRIC_REPRESENTATION_CONTEXT(2) 
PARAMETRIC_REPRESENTATION_CONTEXT() REPRESENTATION_CONTEXT('2D SPACE',''
  ) );
#1662 = ORIENTED_EDGE('',*,*,#1663,.F.);
#1663 = EDGE_CURVE('',#1578,#1641,#1664,.T.);
#1664 = SURFACE_CURVE('',#1665,(#1670,#1677),.PCURVE_S1.);
#1665 = CIRCLE('',#1666,1.7);
#1666 = AXIS2_PLACEMENT_3D('',#1667,#1668,#1669);
#1667 = CARTESIAN_POINT('',(5.5,4.,20.50000005));
#1668 = DIRECTION('',(0.,1.,-1.110223024625E-16));
#1669 = DIRECTION('',(2.22044604925E-16,1.110223024625E-16,1.));
#1670 = PCURVE('',#1588,#1671);
#1671 = DEFINITIONAL_REPRESENTATION('',(#1672),#1676);
#1672 = LINE('',#1673,#1674);
#1673 = CARTESIAN_POINT('',(9.424777960769,-10.));
#1674 = VECTOR('',#1675,1.);
#1675 = DIRECTION('',(-1.,0.));
#1676 = ( GEOMETRIC_REPRESENTATION_CONTEXT(2) 
PARAMETRIC_REPRESENTATION_CONTEXT() REPRESENTATION_CONTEXT('2D SPACE',''
  ) );
#1677 = PCURVE('',#1211,#1678);
#1678 = DEFINITIONAL_REPRESENTATION('',(#1679),#1683);
#1679 = CIRCLE('',#1680,1.7);
#1680 = AXIS2_PLACEMENT_2D('',#1681,#1682);
#1681 = CARTESIAN_POINT('',(3.,8.5));
#1682 = DIRECTION('',(1.,0.));
#1683 = ( GEOMETRIC_REPRESENTATION_CONTEXT(2) 
PARAMETRIC_REPRESENTATION_CONTEXT() REPRESENTATION_CONTEXT('2D SPACE',''
  ) );
#1684 = ADVANCED_FACE('',(#1685),#1699,.F.);
#1685 = FACE_BOUND('',#1686,.F.);
#1686 = EDGE_LOOP('',(#1687,#1722,#1750,#1773));
#1687 = ORIENTED_EDGE('',*,*,#1688,.T.);
#1688 = EDGE_CURVE('',#1689,#1691,#1693,.T.);
#1689 = VERTEX_POINT('',#1690);
#1690 = CARTESIAN_POINT('',(5.5,-2.6,-10.74999995));
#1691 = VERTEX_POINT('',#1692);
#1692 = CARTESIAN_POINT('',(5.5,-6.,-10.74999995));
#1693 = SURFACE_CURVE('',#1694,(#1698,#1710),.PCURVE_S1.);
#1694 = LINE('',#1695,#1696);
#1695 = CARTESIAN_POINT('',(5.5,-6.,-10.74999995));
#1696 = VECTOR('',#1697,1.);
#1697 = DIRECTION('',(0.,-1.,1.110223024625E-16));
#1698 = PCURVE('',#1699,#1704);
#1699 = CYLINDRICAL_SURFACE('',#1700,3.25);
#1700 = AXIS2_PLACEMENT_3D('',#1701,#1702,#1703);
#1701 = CARTESIAN_POINT('',(5.5,-6.,-7.49999995));
#1702 = DIRECTION('',(0.,-1.,1.110223024625E-16));
#1703 = DIRECTION('',(-2.22044604925E-16,-1.110223024625E-16,-1.));
#1704 = DEFINITIONAL_REPRESENTATION('',(#1705),#1709);
#1705 = LINE('',#1706,#1707);
#1706 = CARTESIAN_POINT('',(6.28318530718,0.));
#1707 = VECTOR('',#1708,1.);
#1708 = DIRECTION('',(0.,1.));
#1709 = ( GEOMETRIC_REPRESENTATION_CONTEXT(2) 
PARAMETRIC_REPRESENTATION_CONTEXT() REPRESENTATION_CONTEXT('2D SPACE',''
  ) );
#1710 = PCURVE('',#1711,#1716);
#1711 = CYLINDRICAL_SURFACE('',#1712,3.25);
#1712 = AXIS2_PLACEMENT_3D('',#1713,#1714,#1715);
#1713 = CARTESIAN_POINT('',(5.5,-6.,-7.49999995));
#1714 = DIRECTION('',(0.,-1.,1.110223024625E-16));
#1715 = DIRECTION('',(-2.22044604925E-16,-1.110223024625E-16,-1.));
#1716 = DEFINITIONAL_REPRESENTATION('',(#1717),#1721);
#1717 = LINE('',#1718,#1719);
#1718 = CARTESIAN_POINT('',(0.,0.));
#1719 = VECTOR('',#1720,1.);
#1720 = DIRECTION('',(0.,1.));
#1721 = ( GEOMETRIC_REPRESENTATION_CONTEXT(2) 
PARAMETRIC_REPRESENTATION_CONTEXT() REPRESENTATION_CONTEXT('2D SPACE',''
  ) );
#1722 = ORIENTED_EDGE('',*,*,#1723,.F.);
#1723 = EDGE_CURVE('',#1724,#1691,#1726,.T.);
#1724 = VERTEX_POINT('',#1725);
#1725 = CARTESIAN_POINT('',(5.5,-6.,-4.24999995));
#1726 = SURFACE_CURVE('',#1727,(#1732,#1739),.PCURVE_S1.);
#1727 = CIRCLE('',#1728,3.25);
#1728 = AXIS2_PLACEMENT_3D('',#1729,#1730,#1731);
#1729 = CARTESIAN_POINT('',(5.5,-6.,-7.49999995));
#1730 = DIRECTION('',(0.,-1.,1.110223024625E-16));
#1731 = DIRECTION('',(-2.22044604925E-16,-1.110223024625E-16,-1.));
#1732 = PCURVE('',#1699,#1733);
#1733 = DEFINITIONAL_REPRESENTATION('',(#1734),#1738);
#1734 = LINE('',#1735,#1736);
#1735 = CARTESIAN_POINT('',(0.,0.));
#1736 = VECTOR('',#1737,1.);
#1737 = DIRECTION('',(1.,0.));
#1738 = ( GEOMETRIC_REPRESENTATION_CONTEXT(2) 
PARAMETRIC_REPRESENTATION_CONTEXT() REPRESENTATION_CONTEXT('2D SPACE',''
  ) );
#1739 = PCURVE('',#1037,#1740);
#1740 = DEFINITIONAL_REPRESENTATION('',(#1741),#1749);
#1741 = ( BOUNDED_CURVE() B_SPLINE_CURVE(2,(#1742,#1743,#1744,#1745,
#1746,#1747,#1748),.UNSPECIFIED.,.T.,.F.) B_SPLINE_CURVE_WITH_KNOTS((1,2
    ,2,2,2,1),(-2.094395102393,0.,2.094395102393,4.188790204786,
6.28318530718,8.377580409573),.UNSPECIFIED.) CURVE() 
GEOMETRIC_REPRESENTATION_ITEM() RATIONAL_B_SPLINE_CURVE((1.,0.5,1.,0.5,
1.,0.5,1.)) REPRESENTATION_ITEM('') );
#1742 = CARTESIAN_POINT('',(-28.25,8.5));
#1743 = CARTESIAN_POINT('',(-28.25,14.129165124599));
#1744 = CARTESIAN_POINT('',(-23.375,11.314582562299));
#1745 = CARTESIAN_POINT('',(-18.5,8.5));
#1746 = CARTESIAN_POINT('',(-23.375,5.685417437701));
#1747 = CARTESIAN_POINT('',(-28.25,2.870834875401));
#1748 = CARTESIAN_POINT('',(-28.25,8.5));
#1749 = ( GEOMETRIC_REPRESENTATION_CONTEXT(2) 
PARAMETRIC_REPRESENTATION_CONTEXT() REPRESENTATION_CONTEXT('2D SPACE',''
  ) );
#1750 = ORIENTED_EDGE('',*,*,#1751,.F.);
#1751 = EDGE_CURVE('',#1752,#1724,#1754,.T.);
#1752 = VERTEX_POINT('',#1753);
#1753 = CARTESIAN_POINT('',(5.5,-2.6,-4.24999995));
#1754 = SURFACE_CURVE('',#1755,(#1759,#1766),.PCURVE_S1.);
#1755 = LINE('',#1756,#1757);
#1756 = CARTESIAN_POINT('',(5.5,-6.,-4.24999995));
#1757 = VECTOR('',#1758,1.);
#1758 = DIRECTION('',(0.,-1.,1.110223024625E-16));
#1759 = PCURVE('',#1699,#1760);
#1760 = DEFINITIONAL_REPRESENTATION('',(#1761),#1765);
#1761 = LINE('',#1762,#1763);
#1762 = CARTESIAN_POINT('',(3.14159265359,0.));
#1763 = VECTOR('',#1764,1.);
#1764 = DIRECTION('',(0.,1.));
#1765 = ( GEOMETRIC_REPRESENTATION_CONTEXT(2) 
PARAMETRIC_REPRESENTATION_CONTEXT() REPRESENTATION_CONTEXT('2D SPACE',''
  ) );
#1766 = PCURVE('',#1711,#1767);
#1767 = DEFINITIONAL_REPRESENTATION('',(#1768),#1772);
#1768 = LINE('',#1769,#1770);
#1769 = CARTESIAN_POINT('',(3.14159265359,0.));
#1770 = VECTOR('',#1771,1.);
#1771 = DIRECTION('',(0.,1.));
#1772 = ( GEOMETRIC_REPRESENTATION_CONTEXT(2) 
PARAMETRIC_REPRESENTATION_CONTEXT() REPRESENTATION_CONTEXT('2D SPACE',''
  ) );
#1773 = ORIENTED_EDGE('',*,*,#1774,.T.);
#1774 = EDGE_CURVE('',#1752,#1689,#1775,.T.);
#1775 = SURFACE_CURVE('',#1776,(#1781,#1788),.PCURVE_S1.);
#1776 = CIRCLE('',#1777,3.25);
#1777 = AXIS2_PLACEMENT_3D('',#1778,#1779,#1780);
#1778 = CARTESIAN_POINT('',(5.5,-2.6,-7.49999995));
#1779 = DIRECTION('',(0.,-1.,1.110223024625E-16));
#1780 = DIRECTION('',(-2.22044604925E-16,-1.110223024625E-16,-1.));
#1781 = PCURVE('',#1699,#1782);
#1782 = DEFINITIONAL_REPRESENTATION('',(#1783),#1787);
#1783 = LINE('',#1784,#1785);
#1784 = CARTESIAN_POINT('',(0.,-3.4));
#1785 = VECTOR('',#1786,1.);
#1786 = DIRECTION('',(1.,0.));
#1787 = ( GEOMETRIC_REPRESENTATION_CONTEXT(2) 
PARAMETRIC_REPRESENTATION_CONTEXT() REPRESENTATION_CONTEXT('2D SPACE',''
  ) );
#1788 = PCURVE('',#1789,#1794);
#1789 = PLANE('',#1790);
#1790 = AXIS2_PLACEMENT_3D('',#1791,#1792,#1793);
#1791 = CARTESIAN_POINT('',(5.5,-2.6,-9.19999995));
#1792 = DIRECTION('',(0.,1.,-1.110223024625E-16));
#1793 = DIRECTION('',(2.22044604925E-16,1.110223024625E-16,1.));
#1794 = DEFINITIONAL_REPRESENTATION('',(#1795),#1803);
#1795 = ( BOUNDED_CURVE() B_SPLINE_CURVE(2,(#1796,#1797,#1798,#1799,
#1800,#1801,#1802),.UNSPECIFIED.,.T.,.F.) B_SPLINE_CURVE_WITH_KNOTS((1,2
    ,2,2,2,1),(-2.094395102393,0.,2.094395102393,4.188790204786,
6.28318530718,8.377580409573),.UNSPECIFIED.) CURVE() 
GEOMETRIC_REPRESENTATION_ITEM() RATIONAL_B_SPLINE_CURVE((1.,0.5,1.,0.5,
1.,0.5,1.)) REPRESENTATION_ITEM('') );
#1796 = CARTESIAN_POINT('',(-1.55,-3.774758283726E-16));
#1797 = CARTESIAN_POINT('',(-1.55,5.629165124599));
#1798 = CARTESIAN_POINT('',(3.325,2.814582562299));
#1799 = CARTESIAN_POINT('',(8.2,4.185445910732E-16));
#1800 = CARTESIAN_POINT('',(3.325,-2.814582562299));
#1801 = CARTESIAN_POINT('',(-1.55,-5.629165124599));
#1802 = CARTESIAN_POINT('',(-1.55,-3.774758283726E-16));
#1803 = ( GEOMETRIC_REPRESENTATION_CONTEXT(2) 
PARAMETRIC_REPRESENTATION_CONTEXT() REPRESENTATION_CONTEXT('2D SPACE',''
  ) );
#1804 = ADVANCED_FACE('',(#1805),#1819,.F.);
#1805 = FACE_BOUND('',#1806,.F.);
#1806 = EDGE_LOOP('',(#1807,#1842,#1870,#1893));
#1807 = ORIENTED_EDGE('',*,*,#1808,.T.);
#1808 = EDGE_CURVE('',#1809,#1811,#1813,.T.);
#1809 = VERTEX_POINT('',#1810);
#1810 = CARTESIAN_POINT('',(5.5,4.,-9.19999995));
#1811 = VERTEX_POINT('',#1812);
#1812 = CARTESIAN_POINT('',(5.5,-2.6,-9.19999995));
#1813 = SURFACE_CURVE('',#1814,(#1818,#1830),.PCURVE_S1.);
#1814 = LINE('',#1815,#1816);
#1815 = CARTESIAN_POINT('',(5.5,-6.,-9.19999995));
#1816 = VECTOR('',#1817,1.);
#1817 = DIRECTION('',(0.,-1.,1.110223024625E-16));
#1818 = PCURVE('',#1819,#1824);
#1819 = CYLINDRICAL_SURFACE('',#1820,1.7);
#1820 = AXIS2_PLACEMENT_3D('',#1821,#1822,#1823);
#1821 = CARTESIAN_POINT('',(5.5,-6.,-7.49999995));
#1822 = DIRECTION('',(0.,-1.,1.110223024625E-16));
#1823 = DIRECTION('',(-2.22044604925E-16,-1.110223024625E-16,-1.));
#1824 = DEFINITIONAL_REPRESENTATION('',(#1825),#1829);
#1825 = LINE('',#1826,#1827);
#1826 = CARTESIAN_POINT('',(6.28318530718,0.));
#1827 = VECTOR('',#1828,1.);
#1828 = DIRECTION('',(0.,1.));
#1829 = ( GEOMETRIC_REPRESENTATION_CONTEXT(2) 
PARAMETRIC_REPRESENTATION_CONTEXT() REPRESENTATION_CONTEXT('2D SPACE',''
  ) );
#1830 = PCURVE('',#1831,#1836);
#1831 = CYLINDRICAL_SURFACE('',#1832,1.7);
#1832 = AXIS2_PLACEMENT_3D('',#1833,#1834,#1835);
#1833 = CARTESIAN_POINT('',(5.5,-6.,-7.49999995));
#1834 = DIRECTION('',(0.,-1.,1.110223024625E-16));
#1835 = DIRECTION('',(-2.22044604925E-16,-1.110223024625E-16,-1.));
#1836 = DEFINITIONAL_REPRESENTATION('',(#1837),#1841);
#1837 = LINE('',#1838,#1839);
#1838 = CARTESIAN_POINT('',(0.,0.));
#1839 = VECTOR('',#1840,1.);
#1840 = DIRECTION('',(0.,1.));
#1841 = ( GEOMETRIC_REPRESENTATION_CONTEXT(2) 
PARAMETRIC_REPRESENTATION_CONTEXT() REPRESENTATION_CONTEXT('2D SPACE',''
  ) );
#1842 = ORIENTED_EDGE('',*,*,#1843,.F.);
#1843 = EDGE_CURVE('',#1844,#1811,#1846,.T.);
#1844 = VERTEX_POINT('',#1845);
#1845 = CARTESIAN_POINT('',(5.5,-2.6,-5.79999995));
#1846 = SURFACE_CURVE('',#1847,(#1852,#1859),.PCURVE_S1.);
#1847 = CIRCLE('',#1848,1.7);
#1848 = AXIS2_PLACEMENT_3D('',#1849,#1850,#1851);
#1849 = CARTESIAN_POINT('',(5.5,-2.6,-7.49999995));
#1850 = DIRECTION('',(0.,-1.,1.110223024625E-16));
#1851 = DIRECTION('',(-2.22044604925E-16,-1.110223024625E-16,-1.));
#1852 = PCURVE('',#1819,#1853);
#1853 = DEFINITIONAL_REPRESENTATION('',(#1854),#1858);
#1854 = LINE('',#1855,#1856);
#1855 = CARTESIAN_POINT('',(0.,-3.4));
#1856 = VECTOR('',#1857,1.);
#1857 = DIRECTION('',(1.,0.));
#1858 = ( GEOMETRIC_REPRESENTATION_CONTEXT(2) 
PARAMETRIC_REPRESENTATION_CONTEXT() REPRESENTATION_CONTEXT('2D SPACE',''
  ) );
#1859 = PCURVE('',#1789,#1860);
#1860 = DEFINITIONAL_REPRESENTATION('',(#1861),#1869);
#1861 = ( BOUNDED_CURVE() B_SPLINE_CURVE(2,(#1862,#1863,#1864,#1865,
#1866,#1867,#1868),.UNSPECIFIED.,.T.,.F.) B_SPLINE_CURVE_WITH_KNOTS((1,2
    ,2,2,2,1),(-2.094395102393,0.,2.094395102393,4.188790204786,
6.28318530718,8.377580409573),.UNSPECIFIED.) CURVE() 
GEOMETRIC_REPRESENTATION_ITEM() RATIONAL_B_SPLINE_CURVE((1.,0.5,1.,0.5,
1.,0.5,1.)) REPRESENTATION_ITEM('') );
#1862 = CARTESIAN_POINT('',(0.,-3.774758283726E-16));
#1863 = CARTESIAN_POINT('',(0.,2.944486372867));
#1864 = CARTESIAN_POINT('',(2.55,1.472243186434));
#1865 = CARTESIAN_POINT('',(5.1,3.890408333755E-17));
#1866 = CARTESIAN_POINT('',(2.55,-1.472243186434));
#1867 = CARTESIAN_POINT('',(2.6645352591E-15,-2.944486372867));
#1868 = CARTESIAN_POINT('',(0.,-3.774758283726E-16));
#1869 = ( GEOMETRIC_REPRESENTATION_CONTEXT(2) 
PARAMETRIC_REPRESENTATION_CONTEXT() REPRESENTATION_CONTEXT('2D SPACE',''
  ) );
#1870 = ORIENTED_EDGE('',*,*,#1871,.F.);
#1871 = EDGE_CURVE('',#1872,#1844,#1874,.T.);
#1872 = VERTEX_POINT('',#1873);
#1873 = CARTESIAN_POINT('',(5.5,4.,-5.79999995));
#1874 = SURFACE_CURVE('',#1875,(#1879,#1886),.PCURVE_S1.);
#1875 = LINE('',#1876,#1877);
#1876 = CARTESIAN_POINT('',(5.5,-6.,-5.79999995));
#1877 = VECTOR('',#1878,1.);
#1878 = DIRECTION('',(0.,-1.,1.110223024625E-16));
#1879 = PCURVE('',#1819,#1880);
#1880 = DEFINITIONAL_REPRESENTATION('',(#1881),#1885);
#1881 = LINE('',#1882,#1883);
#1882 = CARTESIAN_POINT('',(3.14159265359,0.));
#1883 = VECTOR('',#1884,1.);
#1884 = DIRECTION('',(0.,1.));
#1885 = ( GEOMETRIC_REPRESENTATION_CONTEXT(2) 
PARAMETRIC_REPRESENTATION_CONTEXT() REPRESENTATION_CONTEXT('2D SPACE',''
  ) );
#1886 = PCURVE('',#1831,#1887);
#1887 = DEFINITIONAL_REPRESENTATION('',(#1888),#1892);
#1888 = LINE('',#1889,#1890);
#1889 = CARTESIAN_POINT('',(3.14159265359,0.));
#1890 = VECTOR('',#1891,1.);
#1891 = DIRECTION('',(0.,1.));
#1892 = ( GEOMETRIC_REPRESENTATION_CONTEXT(2) 
PARAMETRIC_REPRESENTATION_CONTEXT() REPRESENTATION_CONTEXT('2D SPACE',''
  ) );
#1893 = ORIENTED_EDGE('',*,*,#1894,.F.);
#1894 = EDGE_CURVE('',#1809,#1872,#1895,.T.);
#1895 = SURFACE_CURVE('',#1896,(#1901,#1908),.PCURVE_S1.);
#1896 = CIRCLE('',#1897,1.7);
#1897 = AXIS2_PLACEMENT_3D('',#1898,#1899,#1900);
#1898 = CARTESIAN_POINT('',(5.5,4.,-7.49999995));
#1899 = DIRECTION('',(0.,1.,-1.110223024625E-16));
#1900 = DIRECTION('',(2.22044604925E-16,1.110223024625E-16,1.));
#1901 = PCURVE('',#1819,#1902);
#1902 = DEFINITIONAL_REPRESENTATION('',(#1903),#1907);
#1903 = LINE('',#1904,#1905);
#1904 = CARTESIAN_POINT('',(9.424777960769,-10.));
#1905 = VECTOR('',#1906,1.);
#1906 = DIRECTION('',(-1.,0.));
#1907 = ( GEOMETRIC_REPRESENTATION_CONTEXT(2) 
PARAMETRIC_REPRESENTATION_CONTEXT() REPRESENTATION_CONTEXT('2D SPACE',''
  ) );
#1908 = PCURVE('',#1211,#1909);
#1909 = DEFINITIONAL_REPRESENTATION('',(#1910),#1914);
#1910 = CIRCLE('',#1911,1.7);
#1911 = AXIS2_PLACEMENT_2D('',#1912,#1913);
#1912 = CARTESIAN_POINT('',(-25.,8.5));
#1913 = DIRECTION('',(1.,0.));
#1914 = ( GEOMETRIC_REPRESENTATION_CONTEXT(2) 
PARAMETRIC_REPRESENTATION_CONTEXT() REPRESENTATION_CONTEXT('2D SPACE',''
  ) );
#1915 = ADVANCED_FACE('',(#1916),#1930,.F.);
#1916 = FACE_BOUND('',#1917,.F.);
#1917 = EDGE_LOOP('',(#1918,#1953,#1981,#2004));
#1918 = ORIENTED_EDGE('',*,*,#1919,.T.);
#1919 = EDGE_CURVE('',#1920,#1922,#1924,.T.);
#1920 = VERTEX_POINT('',#1921);
#1921 = CARTESIAN_POINT('',(-27.,3.,22.50000005));
#1922 = VERTEX_POINT('',#1923);
#1923 = CARTESIAN_POINT('',(-27.,-6.,22.50000005));
#1924 = SURFACE_CURVE('',#1925,(#1929,#1941),.PCURVE_S1.);
#1925 = LINE('',#1926,#1927);
#1926 = CARTESIAN_POINT('',(-27.,3.,22.50000005));
#1927 = VECTOR('',#1928,1.);
#1928 = DIRECTION('',(0.,-1.,1.110223024625E-16));
#1929 = PCURVE('',#1930,#1935);
#1930 = CYLINDRICAL_SURFACE('',#1931,10.);
#1931 = AXIS2_PLACEMENT_3D('',#1932,#1933,#1934);
#1932 = CARTESIAN_POINT('',(-27.,3.,32.50000005));
#1933 = DIRECTION('',(0.,-1.,1.110223024625E-16));
#1934 = DIRECTION('',(-2.22044604925E-16,-1.110223024625E-16,-1.));
#1935 = DEFINITIONAL_REPRESENTATION('',(#1936),#1940);
#1936 = LINE('',#1937,#1938);
#1937 = CARTESIAN_POINT('',(6.28318530718,0.));
#1938 = VECTOR('',#1939,1.);
#1939 = DIRECTION('',(0.,1.));
#1940 = ( GEOMETRIC_REPRESENTATION_CONTEXT(2) 
PARAMETRIC_REPRESENTATION_CONTEXT() REPRESENTATION_CONTEXT('2D SPACE',''
  ) );
#1941 = PCURVE('',#1942,#1947);
#1942 = CYLINDRICAL_SURFACE('',#1943,10.);
#1943 = AXIS2_PLACEMENT_3D('',#1944,#1945,#1946);
#1944 = CARTESIAN_POINT('',(-27.,3.,32.50000005));
#1945 = DIRECTION('',(0.,-1.,1.110223024625E-16));
#1946 = DIRECTION('',(-2.22044604925E-16,-1.110223024625E-16,-1.));
#1947 = DEFINITIONAL_REPRESENTATION('',(#1948),#1952);
#1948 = LINE('',#1949,#1950);
#1949 = CARTESIAN_POINT('',(0.,0.));
#1950 = VECTOR('',#1951,1.);
#1951 = DIRECTION('',(0.,1.));
#1952 = ( GEOMETRIC_REPRESENTATION_CONTEXT(2) 
PARAMETRIC_REPRESENTATION_CONTEXT() REPRESENTATION_CONTEXT('2D SPACE',''
  ) );
#1953 = ORIENTED_EDGE('',*,*,#1954,.F.);
#1954 = EDGE_CURVE('',#1955,#1922,#1957,.T.);
#1955 = VERTEX_POINT('',#1956);
#1956 = CARTESIAN_POINT('',(-27.,-6.,42.50000005));
#1957 = SURFACE_CURVE('',#1958,(#1963,#1970),.PCURVE_S1.);
#1958 = CIRCLE('',#1959,10.);
#1959 = AXIS2_PLACEMENT_3D('',#1960,#1961,#1962);
#1960 = CARTESIAN_POINT('',(-27.,-6.,32.50000005));
#1961 = DIRECTION('',(0.,-1.,1.110223024625E-16));
#1962 = DIRECTION('',(-2.22044604925E-16,-1.110223024625E-16,-1.));
#1963 = PCURVE('',#1930,#1964);
#1964 = DEFINITIONAL_REPRESENTATION('',(#1965),#1969);
#1965 = LINE('',#1966,#1967);
#1966 = CARTESIAN_POINT('',(0.,9.));
#1967 = VECTOR('',#1968,1.);
#1968 = DIRECTION('',(1.,0.));
#1969 = ( GEOMETRIC_REPRESENTATION_CONTEXT(2) 
PARAMETRIC_REPRESENTATION_CONTEXT() REPRESENTATION_CONTEXT('2D SPACE',''
  ) );
#1970 = PCURVE('',#1037,#1971);
#1971 = DEFINITIONAL_REPRESENTATION('',(#1972),#1980);
#1972 = ( BOUNDED_CURVE() B_SPLINE_CURVE(2,(#1973,#1974,#1975,#1976,
#1977,#1978,#1979),.UNSPECIFIED.,.T.,.F.) B_SPLINE_CURVE_WITH_KNOTS((1,2
    ,2,2,2,1),(-2.094395102393,0.,2.094395102393,4.188790204786,
6.28318530718,8.377580409573),.UNSPECIFIED.) CURVE() 
GEOMETRIC_REPRESENTATION_ITEM() RATIONAL_B_SPLINE_CURVE((1.,0.5,1.,0.5,
1.,0.5,1.)) REPRESENTATION_ITEM('') );
#1973 = CARTESIAN_POINT('',(5.,-24.));
#1974 = CARTESIAN_POINT('',(5.,-6.679491924311));
#1975 = CARTESIAN_POINT('',(20.,-15.33974596215));
#1976 = CARTESIAN_POINT('',(35.,-24.));
#1977 = CARTESIAN_POINT('',(20.,-32.66025403784));
#1978 = CARTESIAN_POINT('',(5.,-41.32050807568));
#1979 = CARTESIAN_POINT('',(5.,-24.));
#1980 = ( GEOMETRIC_REPRESENTATION_CONTEXT(2) 
PARAMETRIC_REPRESENTATION_CONTEXT() REPRESENTATION_CONTEXT('2D SPACE',''
  ) );
#1981 = ORIENTED_EDGE('',*,*,#1982,.F.);
#1982 = EDGE_CURVE('',#1983,#1955,#1985,.T.);
#1983 = VERTEX_POINT('',#1984);
#1984 = CARTESIAN_POINT('',(-27.,3.,42.50000005));
#1985 = SURFACE_CURVE('',#1986,(#1990,#1997),.PCURVE_S1.);
#1986 = LINE('',#1987,#1988);
#1987 = CARTESIAN_POINT('',(-27.,3.,42.50000005));
#1988 = VECTOR('',#1989,1.);
#1989 = DIRECTION('',(0.,-1.,1.110223024625E-16));
#1990 = PCURVE('',#1930,#1991);
#1991 = DEFINITIONAL_REPRESENTATION('',(#1992),#1996);
#1992 = LINE('',#1993,#1994);
#1993 = CARTESIAN_POINT('',(3.14159265359,0.));
#1994 = VECTOR('',#1995,1.);
#1995 = DIRECTION('',(0.,1.));
#1996 = ( GEOMETRIC_REPRESENTATION_CONTEXT(2) 
PARAMETRIC_REPRESENTATION_CONTEXT() REPRESENTATION_CONTEXT('2D SPACE',''
  ) );
#1997 = PCURVE('',#1942,#1998);
#1998 = DEFINITIONAL_REPRESENTATION('',(#1999),#2003);
#1999 = LINE('',#2000,#2001);
#2000 = CARTESIAN_POINT('',(3.14159265359,0.));
#2001 = VECTOR('',#2002,1.);
#2002 = DIRECTION('',(0.,1.));
#2003 = ( GEOMETRIC_REPRESENTATION_CONTEXT(2) 
PARAMETRIC_REPRESENTATION_CONTEXT() REPRESENTATION_CONTEXT('2D SPACE',''
  ) );
#2004 = ORIENTED_EDGE('',*,*,#2005,.T.);
#2005 = EDGE_CURVE('',#1983,#1920,#2006,.T.);
#2006 = SURFACE_CURVE('',#2007,(#2012,#2019),.PCURVE_S1.);
#2007 = CIRCLE('',#2008,10.);
#2008 = AXIS2_PLACEMENT_3D('',#2009,#2010,#2011);
#2009 = CARTESIAN_POINT('',(-27.,3.,32.50000005));
#2010 = DIRECTION('',(0.,-1.,1.110223024625E-16));
#2011 = DIRECTION('',(-2.22044604925E-16,-1.110223024625E-16,-1.));
#2012 = PCURVE('',#1930,#2013);
#2013 = DEFINITIONAL_REPRESENTATION('',(#2014),#2018);
#2014 = LINE('',#2015,#2016);
#2015 = CARTESIAN_POINT('',(0.,0.));
#2016 = VECTOR('',#2017,1.);
#2017 = DIRECTION('',(1.,0.));
#2018 = ( GEOMETRIC_REPRESENTATION_CONTEXT(2) 
PARAMETRIC_REPRESENTATION_CONTEXT() REPRESENTATION_CONTEXT('2D SPACE',''
  ) );
#2019 = PCURVE('',#73,#2020);
#2020 = DEFINITIONAL_REPRESENTATION('',(#2021),#2025);
#2021 = CIRCLE('',#2022,10.);
#2022 = AXIS2_PLACEMENT_2D('',#2023,#2024);
#2023 = CARTESIAN_POINT('',(0.,0.));
#2024 = DIRECTION('',(1.,0.));
#2025 = ( GEOMETRIC_REPRESENTATION_CONTEXT(2) 
PARAMETRIC_REPRESENTATION_CONTEXT() REPRESENTATION_CONTEXT('2D SPACE',''
  ) );
#2026 = ADVANCED_FACE('',(#2027),#2041,.F.);
#2027 = FACE_BOUND('',#2028,.F.);
#2028 = EDGE_LOOP('',(#2029,#2064,#2097,#2120));
#2029 = ORIENTED_EDGE('',*,*,#2030,.T.);
#2030 = EDGE_CURVE('',#2031,#2033,#2035,.T.);
#2031 = VERTEX_POINT('',#2032);
#2032 = CARTESIAN_POINT('',(36.,2.1,-30.09999995));
#2033 = VERTEX_POINT('',#2034);
#2034 = CARTESIAN_POINT('',(36.,2.1,-47.49999995));
#2035 = SURFACE_CURVE('',#2036,(#2040,#2052),.PCURVE_S1.);
#2036 = LINE('',#2037,#2038);
#2037 = CARTESIAN_POINT('',(36.,2.1,-47.49999995));
#2038 = VECTOR('',#2039,1.);
#2039 = DIRECTION('',(-2.22044604925E-16,-1.110223024625E-16,-1.));
#2040 = PCURVE('',#2041,#2046);
#2041 = CYLINDRICAL_SURFACE('',#2042,2.1);
#2042 = AXIS2_PLACEMENT_3D('',#2043,#2044,#2045);
#2043 = CARTESIAN_POINT('',(36.,-5.273559361418E-15,-47.49999995));
#2044 = DIRECTION('',(-2.22044604925E-16,-1.110223024625E-16,-1.));
#2045 = DIRECTION('',(0.,1.,-1.110223024625E-16));
#2046 = DEFINITIONAL_REPRESENTATION('',(#2047),#2051);
#2047 = LINE('',#2048,#2049);
#2048 = CARTESIAN_POINT('',(6.28318530718,0.));
#2049 = VECTOR('',#2050,1.);
#2050 = DIRECTION('',(0.,1.));
#2051 = ( GEOMETRIC_REPRESENTATION_CONTEXT(2) 
PARAMETRIC_REPRESENTATION_CONTEXT() REPRESENTATION_CONTEXT('2D SPACE',''
  ) );
#2052 = PCURVE('',#2053,#2058);
#2053 = CYLINDRICAL_SURFACE('',#2054,2.1);
#2054 = AXIS2_PLACEMENT_3D('',#2055,#2056,#2057);
#2055 = CARTESIAN_POINT('',(36.,-5.273559361418E-15,-47.49999995));
#2056 = DIRECTION('',(-2.22044604925E-16,-1.110223024625E-16,-1.));
#2057 = DIRECTION('',(0.,1.,-1.110223024625E-16));
#2058 = DEFINITIONAL_REPRESENTATION('',(#2059),#2063);
#2059 = LINE('',#2060,#2061);
#2060 = CARTESIAN_POINT('',(0.,0.));
#2061 = VECTOR('',#2062,1.);
#2062 = DIRECTION('',(0.,1.));
#2063 = ( GEOMETRIC_REPRESENTATION_CONTEXT(2) 
PARAMETRIC_REPRESENTATION_CONTEXT() REPRESENTATION_CONTEXT('2D SPACE',''
  ) );
#2064 = ORIENTED_EDGE('',*,*,#2065,.F.);
#2065 = EDGE_CURVE('',#2066,#2033,#2068,.T.);
#2066 = VERTEX_POINT('',#2067);
#2067 = CARTESIAN_POINT('',(36.,-2.1,-47.49999995));
#2068 = SURFACE_CURVE('',#2069,(#2074,#2081),.PCURVE_S1.);
#2069 = CIRCLE('',#2070,2.1);
#2070 = AXIS2_PLACEMENT_3D('',#2071,#2072,#2073);
#2071 = CARTESIAN_POINT('',(36.,-5.273559361418E-15,-47.49999995));
#2072 = DIRECTION('',(-2.22044604925E-16,-1.110223024625E-16,-1.));
#2073 = DIRECTION('',(0.,1.,-1.110223024625E-16));
#2074 = PCURVE('',#2041,#2075);
#2075 = DEFINITIONAL_REPRESENTATION('',(#2076),#2080);
#2076 = LINE('',#2077,#2078);
#2077 = CARTESIAN_POINT('',(0.,0.));
#2078 = VECTOR('',#2079,1.);
#2079 = DIRECTION('',(1.,0.));
#2080 = ( GEOMETRIC_REPRESENTATION_CONTEXT(2) 
PARAMETRIC_REPRESENTATION_CONTEXT() REPRESENTATION_CONTEXT('2D SPACE',''
  ) );
#2081 = PCURVE('',#2082,#2087);
#2082 = PLANE('',#2083);
#2083 = AXIS2_PLACEMENT_3D('',#2084,#2085,#2086);
#2084 = CARTESIAN_POINT('',(-3.,-6.,-47.49999995));
#2085 = DIRECTION('',(2.22044604925E-16,1.110223024625E-16,1.));
#2086 = DIRECTION('',(0.,-1.,1.110223024625E-16));
#2087 = DEFINITIONAL_REPRESENTATION('',(#2088),#2096);
#2088 = ( BOUNDED_CURVE() B_SPLINE_CURVE(2,(#2089,#2090,#2091,#2092,
#2093,#2094,#2095),.UNSPECIFIED.,.T.,.F.) B_SPLINE_CURVE_WITH_KNOTS((1,2
    ,2,2,2,1),(-2.094395102393,0.,2.094395102393,4.188790204786,
6.28318530718,8.377580409573),.UNSPECIFIED.) CURVE() 
GEOMETRIC_REPRESENTATION_ITEM() RATIONAL_B_SPLINE_CURVE((1.,0.5,1.,0.5,
1.,0.5,1.)) REPRESENTATION_ITEM('') );
#2089 = CARTESIAN_POINT('',(-8.1,39.));
#2090 = CARTESIAN_POINT('',(-8.1,42.637306695895));
#2091 = CARTESIAN_POINT('',(-4.95,40.818653347947));
#2092 = CARTESIAN_POINT('',(-1.8,39.));
#2093 = CARTESIAN_POINT('',(-4.95,37.181346652053));
#2094 = CARTESIAN_POINT('',(-8.1,35.362693304105));
#2095 = CARTESIAN_POINT('',(-8.1,39.));
#2096 = ( GEOMETRIC_REPRESENTATION_CONTEXT(2) 
PARAMETRIC_REPRESENTATION_CONTEXT() REPRESENTATION_CONTEXT('2D SPACE',''
  ) );
#2097 = ORIENTED_EDGE('',*,*,#2098,.F.);
#2098 = EDGE_CURVE('',#2099,#2066,#2101,.T.);
#2099 = VERTEX_POINT('',#2100);
#2100 = CARTESIAN_POINT('',(36.,-2.1,-30.09999995));
#2101 = SURFACE_CURVE('',#2102,(#2106,#2113),.PCURVE_S1.);
#2102 = LINE('',#2103,#2104);
#2103 = CARTESIAN_POINT('',(36.,-2.1,-47.49999995));
#2104 = VECTOR('',#2105,1.);
#2105 = DIRECTION('',(-2.22044604925E-16,-1.110223024625E-16,-1.));
#2106 = PCURVE('',#2041,#2107);
#2107 = DEFINITIONAL_REPRESENTATION('',(#2108),#2112);
#2108 = LINE('',#2109,#2110);
#2109 = CARTESIAN_POINT('',(3.14159265359,0.));
#2110 = VECTOR('',#2111,1.);
#2111 = DIRECTION('',(0.,1.));
#2112 = ( GEOMETRIC_REPRESENTATION_CONTEXT(2) 
PARAMETRIC_REPRESENTATION_CONTEXT() REPRESENTATION_CONTEXT('2D SPACE',''
  ) );
#2113 = PCURVE('',#2053,#2114);
#2114 = DEFINITIONAL_REPRESENTATION('',(#2115),#2119);
#2115 = LINE('',#2116,#2117);
#2116 = CARTESIAN_POINT('',(3.14159265359,0.));
#2117 = VECTOR('',#2118,1.);
#2118 = DIRECTION('',(0.,1.));
#2119 = ( GEOMETRIC_REPRESENTATION_CONTEXT(2) 
PARAMETRIC_REPRESENTATION_CONTEXT() REPRESENTATION_CONTEXT('2D SPACE',''
  ) );
#2120 = ORIENTED_EDGE('',*,*,#2121,.T.);
#2121 = EDGE_CURVE('',#2099,#2031,#2122,.T.);
#2122 = SURFACE_CURVE('',#2123,(#2128,#2135),.PCURVE_S1.);
#2123 = CIRCLE('',#2124,2.1);
#2124 = AXIS2_PLACEMENT_3D('',#2125,#2126,#2127);
#2125 = CARTESIAN_POINT('',(36.,-3.341771298571E-15,-30.09999995));
#2126 = DIRECTION('',(-2.22044604925E-16,-1.110223024625E-16,-1.));
#2127 = DIRECTION('',(0.,1.,-1.110223024625E-16));
#2128 = PCURVE('',#2041,#2129);
#2129 = DEFINITIONAL_REPRESENTATION('',(#2130),#2134);
#2130 = LINE('',#2131,#2132);
#2131 = CARTESIAN_POINT('',(0.,-17.4));
#2132 = VECTOR('',#2133,1.);
#2133 = DIRECTION('',(1.,0.));
#2134 = ( GEOMETRIC_REPRESENTATION_CONTEXT(2) 
PARAMETRIC_REPRESENTATION_CONTEXT() REPRESENTATION_CONTEXT('2D SPACE',''
  ) );
#2135 = PCURVE('',#2136,#2141);
#2136 = CONICAL_SURFACE('',#2137,2.1,1.029744258677);
#2137 = AXIS2_PLACEMENT_3D('',#2138,#2139,#2140);
#2138 = CARTESIAN_POINT('',(36.,-3.341771298571E-15,-30.09999995));
#2139 = DIRECTION('',(-2.22044604925E-16,-1.110223024625E-16,-1.));
#2140 = DIRECTION('',(0.,1.,-1.110223024625E-16));
#2141 = DEFINITIONAL_REPRESENTATION('',(#2142),#2146);
#2142 = LINE('',#2143,#2144);
#2143 = CARTESIAN_POINT('',(0.,-3.921074988516E-16));
#2144 = VECTOR('',#2145,1.);
#2145 = DIRECTION('',(1.,6.240584666563E-17));
#2146 = ( GEOMETRIC_REPRESENTATION_CONTEXT(2) 
PARAMETRIC_REPRESENTATION_CONTEXT() REPRESENTATION_CONTEXT('2D SPACE',''
  ) );
#2147 = ADVANCED_FACE('',(#2148),#2136,.F.);
#2148 = FACE_BOUND('',#2149,.F.);
#2149 = EDGE_LOOP('',(#2150,#2151,#2223));
#2150 = ORIENTED_EDGE('',*,*,#2121,.F.);
#2151 = ORIENTED_EDGE('',*,*,#2152,.F.);
#2152 = EDGE_CURVE('',#2153,#2099,#2155,.T.);
#2153 = VERTEX_POINT('',#2154);
#2154 = CARTESIAN_POINT('',(36.,-3.201682546865E-15,-28.83819265004));
#2155 = SURFACE_CURVE('',#2156,(#2160,#2189),.PCURVE_S1.);
#2156 = LINE('',#2157,#2158);
#2157 = CARTESIAN_POINT('',(36.,-2.1,-30.09999995));
#2158 = VECTOR('',#2159,1.);
#2159 = DIRECTION('',(-9.388706750841E-18,-0.857167300702,-0.51503807491
    ));
#2160 = PCURVE('',#2136,#2161);
#2161 = DEFINITIONAL_REPRESENTATION('',(#2162),#2188);
#2162 = B_SPLINE_CURVE_WITH_KNOTS('',3,(#2163,#2164,#2165,#2166,#2167,
    #2168,#2169,#2170,#2171,#2172,#2173,#2174,#2175,#2176,#2177,#2178,
    #2179,#2180,#2181,#2182,#2183,#2184,#2185,#2186,#2187),
  .UNSPECIFIED.,.F.,.F.,(4,1,1,1,1,1,1,1,1,1,1,1,1,1,1,1,1,1,1,1,1,1,4),
  (-2.449930134152,-2.338569673509,-2.227209212866,-2.115848752222,
    -2.004488291579,-1.893127830936,-1.781767370292,-1.670406909649,
    -1.559046449006,-1.447685988363,-1.336325527719,-1.224965067076,
    -1.113604606433,-1.00224414579,-0.890883685146,-0.779523224503,
    -0.66816276386,-0.556802303216,-0.445441842573,-0.33408138193,
    -0.222720921287,-0.111360460643,0.),.UNSPECIFIED.);
#2163 = CARTESIAN_POINT('',(3.14159265359,-1.261807299958));
#2164 = CARTESIAN_POINT('',(3.14159265359,-1.242689007534));
#2165 = CARTESIAN_POINT('',(3.14159265359,-1.204452422687));
#2166 = CARTESIAN_POINT('',(3.14159265359,-1.147097545416));
#2167 = CARTESIAN_POINT('',(3.14159265359,-1.089742668145));
#2168 = CARTESIAN_POINT('',(3.14159265359,-1.032387790875));
#2169 = CARTESIAN_POINT('',(3.14159265359,-0.975032913604));
#2170 = CARTESIAN_POINT('',(3.14159265359,-0.917678036333));
#2171 = CARTESIAN_POINT('',(3.14159265359,-0.860323159062));
#2172 = CARTESIAN_POINT('',(3.14159265359,-0.802968281791));
#2173 = CARTESIAN_POINT('',(3.14159265359,-0.745613404521));
#2174 = CARTESIAN_POINT('',(3.14159265359,-0.68825852725));
#2175 = CARTESIAN_POINT('',(3.14159265359,-0.630903649979));
#2176 = CARTESIAN_POINT('',(3.14159265359,-0.573548772708));
#2177 = CARTESIAN_POINT('',(3.14159265359,-0.516193895437));
#2178 = CARTESIAN_POINT('',(3.14159265359,-0.458839018166));
#2179 = CARTESIAN_POINT('',(3.14159265359,-0.401484140896));
#2180 = CARTESIAN_POINT('',(3.14159265359,-0.344129263625));
#2181 = CARTESIAN_POINT('',(3.14159265359,-0.286774386354));
#2182 = CARTESIAN_POINT('',(3.14159265359,-0.229419509083));
#2183 = CARTESIAN_POINT('',(3.14159265359,-0.172064631812));
#2184 = CARTESIAN_POINT('',(3.14159265359,-0.114709754542));
#2185 = CARTESIAN_POINT('',(3.14159265359,-5.735487727081E-02));
#2186 = CARTESIAN_POINT('',(3.14159265359,-1.91182924236E-02));
#2187 = CARTESIAN_POINT('',(3.14159265359,-1.960537494259E-16));
#2188 = ( GEOMETRIC_REPRESENTATION_CONTEXT(2) 
PARAMETRIC_REPRESENTATION_CONTEXT() REPRESENTATION_CONTEXT('2D SPACE',''
  ) );
#2189 = PCURVE('',#2190,#2195);
#2190 = CONICAL_SURFACE('',#2191,2.1,1.029744258677);
#2191 = AXIS2_PLACEMENT_3D('',#2192,#2193,#2194);
#2192 = CARTESIAN_POINT('',(36.,-3.341771298571E-15,-30.09999995));
#2193 = DIRECTION('',(-2.22044604925E-16,-1.110223024625E-16,-1.));
#2194 = DIRECTION('',(0.,1.,-1.110223024625E-16));
#2195 = DEFINITIONAL_REPRESENTATION('',(#2196),#2222);
#2196 = B_SPLINE_CURVE_WITH_KNOTS('',3,(#2197,#2198,#2199,#2200,#2201,
    #2202,#2203,#2204,#2205,#2206,#2207,#2208,#2209,#2210,#2211,#2212,
    #2213,#2214,#2215,#2216,#2217,#2218,#2219,#2220,#2221),
  .UNSPECIFIED.,.F.,.F.,(4,1,1,1,1,1,1,1,1,1,1,1,1,1,1,1,1,1,1,1,1,1,4),
  (-2.449930134152,-2.338569673509,-2.227209212866,-2.115848752222,
    -2.004488291579,-1.893127830936,-1.781767370292,-1.670406909649,
    -1.559046449006,-1.447685988363,-1.336325527719,-1.224965067076,
    -1.113604606433,-1.00224414579,-0.890883685146,-0.779523224503,
    -0.66816276386,-0.556802303216,-0.445441842573,-0.33408138193,
    -0.222720921287,-0.111360460643,0.),.UNSPECIFIED.);
#2197 = CARTESIAN_POINT('',(3.14159265359,-1.261807299958));
#2198 = CARTESIAN_POINT('',(3.14159265359,-1.242689007534));
#2199 = CARTESIAN_POINT('',(3.14159265359,-1.204452422687));
#2200 = CARTESIAN_POINT('',(3.14159265359,-1.147097545416));
#2201 = CARTESIAN_POINT('',(3.14159265359,-1.089742668145));
#2202 = CARTESIAN_POINT('',(3.14159265359,-1.032387790875));
#2203 = CARTESIAN_POINT('',(3.14159265359,-0.975032913604));
#2204 = CARTESIAN_POINT('',(3.14159265359,-0.917678036333));
#2205 = CARTESIAN_POINT('',(3.14159265359,-0.860323159062));
#2206 = CARTESIAN_POINT('',(3.14159265359,-0.802968281791));
#2207 = CARTESIAN_POINT('',(3.14159265359,-0.745613404521));
#2208 = CARTESIAN_POINT('',(3.14159265359,-0.68825852725));
#2209 = CARTESIAN_POINT('',(3.14159265359,-0.630903649979));
#2210 = CARTESIAN_POINT('',(3.14159265359,-0.573548772708));
#2211 = CARTESIAN_POINT('',(3.14159265359,-0.516193895437));
#2212 = CARTESIAN_POINT('',(3.14159265359,-0.458839018166));
#2213 = CARTESIAN_POINT('',(3.14159265359,-0.401484140896));
#2214 = CARTESIAN_POINT('',(3.14159265359,-0.344129263625));
#2215 = CARTESIAN_POINT('',(3.14159265359,-0.286774386354));
#2216 = CARTESIAN_POINT('',(3.14159265359,-0.229419509083));
#2217 = CARTESIAN_POINT('',(3.14159265359,-0.172064631812));
#2218 = CARTESIAN_POINT('',(3.14159265359,-0.114709754542));
#2219 = CARTESIAN_POINT('',(3.14159265359,-5.735487727081E-02));
#2220 = CARTESIAN_POINT('',(3.14159265359,-1.91182924236E-02));
#2221 = CARTESIAN_POINT('',(3.14159265359,-1.960537494259E-16));
#2222 = ( GEOMETRIC_REPRESENTATION_CONTEXT(2) 
PARAMETRIC_REPRESENTATION_CONTEXT() REPRESENTATION_CONTEXT('2D SPACE',''
  ) );
#2223 = ORIENTED_EDGE('',*,*,#2224,.T.);
#2224 = EDGE_CURVE('',#2153,#2031,#2225,.T.);
#2225 = SURFACE_CURVE('',#2226,(#2230,#2259),.PCURVE_S1.);
#2226 = LINE('',#2227,#2228);
#2227 = CARTESIAN_POINT('',(36.,2.1,-30.09999995));
#2228 = VECTOR('',#2229,1.);
#2229 = DIRECTION('',(-1.143614258648E-16,0.857167300702,-0.51503807491)
  );
#2230 = PCURVE('',#2136,#2231);
#2231 = DEFINITIONAL_REPRESENTATION('',(#2232),#2258);
#2232 = B_SPLINE_CURVE_WITH_KNOTS('',3,(#2233,#2234,#2235,#2236,#2237,
    #2238,#2239,#2240,#2241,#2242,#2243,#2244,#2245,#2246,#2247,#2248,
    #2249,#2250,#2251,#2252,#2253,#2254,#2255,#2256,#2257),
  .UNSPECIFIED.,.F.,.F.,(4,1,1,1,1,1,1,1,1,1,1,1,1,1,1,1,1,1,1,1,1,1,4),
  (-2.449930134152,-2.338569673509,-2.227209212866,-2.115848752222,
    -2.004488291579,-1.893127830936,-1.781767370292,-1.670406909649,
    -1.559046449006,-1.447685988363,-1.336325527719,-1.224965067076,
    -1.113604606433,-1.00224414579,-0.890883685146,-0.779523224503,
    -0.66816276386,-0.556802303216,-0.445441842573,-0.33408138193,
    -0.222720921287,-0.111360460643,0.),.UNSPECIFIED.);
#2233 = CARTESIAN_POINT('',(6.28318530718,-1.261807299958));
#2234 = CARTESIAN_POINT('',(6.28318530718,-1.242689007534));
#2235 = CARTESIAN_POINT('',(6.28318530718,-1.204452422687));
#2236 = CARTESIAN_POINT('',(6.28318530718,-1.147097545416));
#2237 = CARTESIAN_POINT('',(6.28318530718,-1.089742668145));
#2238 = CARTESIAN_POINT('',(6.28318530718,-1.032387790875));
#2239 = CARTESIAN_POINT('',(6.28318530718,-0.975032913604));
#2240 = CARTESIAN_POINT('',(6.28318530718,-0.917678036333));
#2241 = CARTESIAN_POINT('',(6.28318530718,-0.860323159062));
#2242 = CARTESIAN_POINT('',(6.28318530718,-0.802968281791));
#2243 = CARTESIAN_POINT('',(6.28318530718,-0.745613404521));
#2244 = CARTESIAN_POINT('',(6.28318530718,-0.68825852725));
#2245 = CARTESIAN_POINT('',(6.28318530718,-0.630903649979));
#2246 = CARTESIAN_POINT('',(6.28318530718,-0.573548772708));
#2247 = CARTESIAN_POINT('',(6.28318530718,-0.516193895437));
#2248 = CARTESIAN_POINT('',(6.28318530718,-0.458839018166));
#2249 = CARTESIAN_POINT('',(6.28318530718,-0.401484140896));
#2250 = CARTESIAN_POINT('',(6.28318530718,-0.344129263625));
#2251 = CARTESIAN_POINT('',(6.28318530718,-0.286774386354));
#2252 = CARTESIAN_POINT('',(6.28318530718,-0.229419509083));
#2253 = CARTESIAN_POINT('',(6.28318530718,-0.172064631812));
#2254 = CARTESIAN_POINT('',(6.28318530718,-0.114709754542));
#2255 = CARTESIAN_POINT('',(6.28318530718,-5.735487727081E-02));
#2256 = CARTESIAN_POINT('',(6.28318530718,-1.91182924236E-02));
#2257 = CARTESIAN_POINT('',(6.28318530718,-1.960537494259E-16));
#2258 = ( GEOMETRIC_REPRESENTATION_CONTEXT(2) 
PARAMETRIC_REPRESENTATION_CONTEXT() REPRESENTATION_CONTEXT('2D SPACE',''
  ) );
#2259 = PCURVE('',#2190,#2260);
#2260 = DEFINITIONAL_REPRESENTATION('',(#2261),#2287);
#2261 = B_SPLINE_CURVE_WITH_KNOTS('',3,(#2262,#2263,#2264,#2265,#2266,
    #2267,#2268,#2269,#2270,#2271,#2272,#2273,#2274,#2275,#2276,#2277,
    #2278,#2279,#2280,#2281,#2282,#2283,#2284,#2285,#2286),
  .UNSPECIFIED.,.F.,.F.,(4,1,1,1,1,1,1,1,1,1,1,1,1,1,1,1,1,1,1,1,1,1,4),
  (-2.449930134152,-2.338569673509,-2.227209212866,-2.115848752222,
    -2.004488291579,-1.893127830936,-1.781767370292,-1.670406909649,
    -1.559046449006,-1.447685988363,-1.336325527719,-1.224965067076,
    -1.113604606433,-1.00224414579,-0.890883685146,-0.779523224503,
    -0.66816276386,-0.556802303216,-0.445441842573,-0.33408138193,
    -0.222720921287,-0.111360460643,0.),.UNSPECIFIED.);
#2262 = CARTESIAN_POINT('',(0.,-1.261807299958));
#2263 = CARTESIAN_POINT('',(0.,-1.242689007534));
#2264 = CARTESIAN_POINT('',(0.,-1.204452422687));
#2265 = CARTESIAN_POINT('',(0.,-1.147097545416));
#2266 = CARTESIAN_POINT('',(0.,-1.089742668145));
#2267 = CARTESIAN_POINT('',(0.,-1.032387790875));
#2268 = CARTESIAN_POINT('',(0.,-0.975032913604));
#2269 = CARTESIAN_POINT('',(0.,-0.917678036333));
#2270 = CARTESIAN_POINT('',(0.,-0.860323159062));
#2271 = CARTESIAN_POINT('',(0.,-0.802968281791));
#2272 = CARTESIAN_POINT('',(0.,-0.745613404521));
#2273 = CARTESIAN_POINT('',(0.,-0.68825852725));
#2274 = CARTESIAN_POINT('',(0.,-0.630903649979));
#2275 = CARTESIAN_POINT('',(0.,-0.573548772708));
#2276 = CARTESIAN_POINT('',(0.,-0.516193895437));
#2277 = CARTESIAN_POINT('',(0.,-0.458839018166));
#2278 = CARTESIAN_POINT('',(0.,-0.401484140896));
#2279 = CARTESIAN_POINT('',(0.,-0.344129263625));
#2280 = CARTESIAN_POINT('',(0.,-0.286774386354));
#2281 = CARTESIAN_POINT('',(0.,-0.229419509083));
#2282 = CARTESIAN_POINT('',(0.,-0.172064631812));
#2283 = CARTESIAN_POINT('',(0.,-0.114709754542));
#2284 = CARTESIAN_POINT('',(0.,-5.735487727081E-02));
#2285 = CARTESIAN_POINT('',(0.,-1.91182924236E-02));
#2286 = CARTESIAN_POINT('',(0.,-1.960537494259E-16));
#2287 = ( GEOMETRIC_REPRESENTATION_CONTEXT(2) 
PARAMETRIC_REPRESENTATION_CONTEXT() REPRESENTATION_CONTEXT('2D SPACE',''
  ) );
#2288 = ADVANCED_FACE('',(#2289),#2301,.F.);
#2289 = FACE_BOUND('',#2290,.F.);
#2290 = EDGE_LOOP('',(#2291,#2324,#2352,#2373));
#2291 = ORIENTED_EDGE('',*,*,#2292,.T.);
#2292 = EDGE_CURVE('',#231,#2293,#2295,.T.);
#2293 = VERTEX_POINT('',#2294);
#2294 = CARTESIAN_POINT('',(3.,2.1,-47.49999995));
#2295 = SURFACE_CURVE('',#2296,(#2300,#2312),.PCURVE_S1.);
#2296 = LINE('',#2297,#2298);
#2297 = CARTESIAN_POINT('',(3.,2.1,-47.49999995));
#2298 = VECTOR('',#2299,1.);
#2299 = DIRECTION('',(-2.22044604925E-16,-1.110223024625E-16,-1.));
#2300 = PCURVE('',#2301,#2306);
#2301 = CYLINDRICAL_SURFACE('',#2302,2.1);
#2302 = AXIS2_PLACEMENT_3D('',#2303,#2304,#2305);
#2303 = CARTESIAN_POINT('',(3.,-5.273559361418E-15,-47.49999995));
#2304 = DIRECTION('',(-2.22044604925E-16,-1.110223024625E-16,-1.));
#2305 = DIRECTION('',(0.,1.,-1.110223024625E-16));
#2306 = DEFINITIONAL_REPRESENTATION('',(#2307),#2311);
#2307 = LINE('',#2308,#2309);
#2308 = CARTESIAN_POINT('',(6.28318530718,0.));
#2309 = VECTOR('',#2310,1.);
#2310 = DIRECTION('',(0.,1.));
#2311 = ( GEOMETRIC_REPRESENTATION_CONTEXT(2) 
PARAMETRIC_REPRESENTATION_CONTEXT() REPRESENTATION_CONTEXT('2D SPACE',''
  ) );
#2312 = PCURVE('',#2313,#2318);
#2313 = CYLINDRICAL_SURFACE('',#2314,2.1);
#2314 = AXIS2_PLACEMENT_3D('',#2315,#2316,#2317);
#2315 = CARTESIAN_POINT('',(3.,-5.273559361418E-15,-47.49999995));
#2316 = DIRECTION('',(-2.22044604925E-16,-1.110223024625E-16,-1.));
#2317 = DIRECTION('',(0.,1.,-1.110223024625E-16));
#2318 = DEFINITIONAL_REPRESENTATION('',(#2319),#2323);
#2319 = LINE('',#2320,#2321);
#2320 = CARTESIAN_POINT('',(0.,0.));
#2321 = VECTOR('',#2322,1.);
#2322 = DIRECTION('',(0.,1.));
#2323 = ( GEOMETRIC_REPRESENTATION_CONTEXT(2) 
PARAMETRIC_REPRESENTATION_CONTEXT() REPRESENTATION_CONTEXT('2D SPACE',''
  ) );
#2324 = ORIENTED_EDGE('',*,*,#2325,.F.);
#2325 = EDGE_CURVE('',#2326,#2293,#2328,.T.);
#2326 = VERTEX_POINT('',#2327);
#2327 = CARTESIAN_POINT('',(3.,-2.1,-47.49999995));
#2328 = SURFACE_CURVE('',#2329,(#2334,#2341),.PCURVE_S1.);
#2329 = CIRCLE('',#2330,2.1);
#2330 = AXIS2_PLACEMENT_3D('',#2331,#2332,#2333);
#2331 = CARTESIAN_POINT('',(3.,-5.273559361418E-15,-47.49999995));
#2332 = DIRECTION('',(-2.22044604925E-16,-1.110223024625E-16,-1.));
#2333 = DIRECTION('',(0.,1.,-1.110223024625E-16));
#2334 = PCURVE('',#2301,#2335);
#2335 = DEFINITIONAL_REPRESENTATION('',(#2336),#2340);
#2336 = LINE('',#2337,#2338);
#2337 = CARTESIAN_POINT('',(0.,0.));
#2338 = VECTOR('',#2339,1.);
#2339 = DIRECTION('',(1.,0.));
#2340 = ( GEOMETRIC_REPRESENTATION_CONTEXT(2) 
PARAMETRIC_REPRESENTATION_CONTEXT() REPRESENTATION_CONTEXT('2D SPACE',''
  ) );
#2341 = PCURVE('',#2082,#2342);
#2342 = DEFINITIONAL_REPRESENTATION('',(#2343),#2351);
#2343 = ( BOUNDED_CURVE() B_SPLINE_CURVE(2,(#2344,#2345,#2346,#2347,
#2348,#2349,#2350),.UNSPECIFIED.,.T.,.F.) B_SPLINE_CURVE_WITH_KNOTS((1,2
    ,2,2,2,1),(-2.094395102393,0.,2.094395102393,4.188790204786,
6.28318530718,8.377580409573),.UNSPECIFIED.) CURVE() 
GEOMETRIC_REPRESENTATION_ITEM() RATIONAL_B_SPLINE_CURVE((1.,0.5,1.,0.5,
1.,0.5,1.)) REPRESENTATION_ITEM('') );
#2344 = CARTESIAN_POINT('',(-8.1,6.));
#2345 = CARTESIAN_POINT('',(-8.1,9.637306695895));
#2346 = CARTESIAN_POINT('',(-4.95,7.818653347947));
#2347 = CARTESIAN_POINT('',(-1.8,6.));
#2348 = CARTESIAN_POINT('',(-4.95,4.181346652053));
#2349 = CARTESIAN_POINT('',(-8.1,2.362693304105));
#2350 = CARTESIAN_POINT('',(-8.1,6.));
#2351 = ( GEOMETRIC_REPRESENTATION_CONTEXT(2) 
PARAMETRIC_REPRESENTATION_CONTEXT() REPRESENTATION_CONTEXT('2D SPACE',''
  ) );
#2352 = ORIENTED_EDGE('',*,*,#2353,.F.);
#2353 = EDGE_CURVE('',#259,#2326,#2354,.T.);
#2354 = SURFACE_CURVE('',#2355,(#2359,#2366),.PCURVE_S1.);
#2355 = LINE('',#2356,#2357);
#2356 = CARTESIAN_POINT('',(3.,-2.1,-47.49999995));
#2357 = VECTOR('',#2358,1.);
#2358 = DIRECTION('',(-2.22044604925E-16,-1.110223024625E-16,-1.));
#2359 = PCURVE('',#2301,#2360);
#2360 = DEFINITIONAL_REPRESENTATION('',(#2361),#2365);
#2361 = LINE('',#2362,#2363);
#2362 = CARTESIAN_POINT('',(3.14159265359,0.));
#2363 = VECTOR('',#2364,1.);
#2364 = DIRECTION('',(0.,1.));
#2365 = ( GEOMETRIC_REPRESENTATION_CONTEXT(2) 
PARAMETRIC_REPRESENTATION_CONTEXT() REPRESENTATION_CONTEXT('2D SPACE',''
  ) );
#2366 = PCURVE('',#2313,#2367);
#2367 = DEFINITIONAL_REPRESENTATION('',(#2368),#2372);
#2368 = LINE('',#2369,#2370);
#2369 = CARTESIAN_POINT('',(3.14159265359,0.));
#2370 = VECTOR('',#2371,1.);
#2371 = DIRECTION('',(0.,1.));
#2372 = ( GEOMETRIC_REPRESENTATION_CONTEXT(2) 
PARAMETRIC_REPRESENTATION_CONTEXT() REPRESENTATION_CONTEXT('2D SPACE',''
  ) );
#2373 = ORIENTED_EDGE('',*,*,#2374,.F.);
#2374 = EDGE_CURVE('',#231,#259,#2375,.T.);
#2375 = SURFACE_CURVE('',#2376,(#2381,#2410),.PCURVE_S1.);
#2376 = ( BOUNDED_CURVE() B_SPLINE_CURVE(3,(#2377,#2378,#2379,#2380),
.UNSPECIFIED.,.F.,.F.) B_SPLINE_CURVE_WITH_KNOTS((4,4),(4.712388980385,
7.853981633974),.PIECEWISE_BEZIER_KNOTS.) CURVE() 
GEOMETRIC_REPRESENTATION_ITEM() RATIONAL_B_SPLINE_CURVE((1.,
0.333333333333,0.333333333333,1.)) REPRESENTATION_ITEM('') );
#2377 = CARTESIAN_POINT('',(3.,2.1,-36.99999995));
#2378 = CARTESIAN_POINT('',(-1.2,2.1,-41.19999995));
#2379 = CARTESIAN_POINT('',(-1.2,-2.1,-41.19999995));
#2380 = CARTESIAN_POINT('',(3.,-2.1,-36.99999995));
#2381 = PCURVE('',#2301,#2382);
#2382 = DEFINITIONAL_REPRESENTATION('',(#2383),#2409);
#2383 = B_SPLINE_CURVE_WITH_KNOTS('',3,(#2384,#2385,#2386,#2387,#2388,
    #2389,#2390,#2391,#2392,#2393,#2394,#2395,#2396,#2397,#2398,#2399,
    #2400,#2401,#2402,#2403,#2404,#2405,#2406,#2407,#2408),
  .UNSPECIFIED.,.F.,.F.,(4,1,1,1,1,1,1,1,1,1,1,1,1,1,1,1,1,1,1,1,1,1,4),
  (4.712388980385,4.855188646457,4.997988312529,5.140787978601,
    5.283587644674,5.426387310746,5.569186976818,5.711986642891,
    5.854786308963,5.997585975035,6.140385641107,6.28318530718,
    6.425984973252,6.568784639324,6.711584305396,6.854383971469,
    6.997183637541,7.139983303613,7.282782969685,7.425582635758,
    7.56838230183,7.711181967902,7.853981633974),.UNSPECIFIED.);
#2384 = CARTESIAN_POINT('',(6.28318530718,-10.5));
#2385 = CARTESIAN_POINT('',(6.25288733601,-10.43648138887));
#2386 = CARTESIAN_POINT('',(6.18951882766,-10.30322481864));
#2387 = CARTESIAN_POINT('',(6.08546770293,-10.08670598355));
#2388 = CARTESIAN_POINT('',(5.971698373805,-9.854901742176));
#2389 = CARTESIAN_POINT('',(5.847628121145,-9.611524885578));
#2390 = CARTESIAN_POINT('',(5.712873634207,-9.362528127277));
#2391 = CARTESIAN_POINT('',(5.567371884498,-9.116706554358));
#2392 = CARTESIAN_POINT('',(5.411502627631,-8.885714148442));
#2393 = CARTESIAN_POINT('',(5.246203530293,-8.683502545305));
#2394 = CARTESIAN_POINT('',(5.073041723318,-8.524891054953));
#2395 = CARTESIAN_POINT('',(4.894205456254,-8.423333234885));
#2396 = CARTESIAN_POINT('',(4.712388980385,-8.388333382558));
#2397 = CARTESIAN_POINT('',(4.530572504516,-8.423333234885));
#2398 = CARTESIAN_POINT('',(4.351736237451,-8.524891054953));
#2399 = CARTESIAN_POINT('',(4.178574430477,-8.683502545305));
#2400 = CARTESIAN_POINT('',(4.013275333138,-8.885714148442));
#2401 = CARTESIAN_POINT('',(3.857406076271,-9.116706554358));
#2402 = CARTESIAN_POINT('',(3.711904326563,-9.362528127277));
#2403 = CARTESIAN_POINT('',(3.577149839625,-9.611524885578));
#2404 = CARTESIAN_POINT('',(3.453079586965,-9.854901742176));
#2405 = CARTESIAN_POINT('',(3.33931025784,-10.08670598355));
#2406 = CARTESIAN_POINT('',(3.23525913311,-10.30322481864));
#2407 = CARTESIAN_POINT('',(3.17189062476,-10.43648138887));
#2408 = CARTESIAN_POINT('',(3.14159265359,-10.5));
#2409 = ( GEOMETRIC_REPRESENTATION_CONTEXT(2) 
PARAMETRIC_REPRESENTATION_CONTEXT() REPRESENTATION_CONTEXT('2D SPACE',''
  ) );
#2410 = PCURVE('',#577,#2411);
#2411 = DEFINITIONAL_REPRESENTATION('',(#2412),#2438);
#2412 = B_SPLINE_CURVE_WITH_KNOTS('',3,(#2413,#2414,#2415,#2416,#2417,
    #2418,#2419,#2420,#2421,#2422,#2423,#2424,#2425,#2426,#2427,#2428,
    #2429,#2430,#2431,#2432,#2433,#2434,#2435,#2436,#2437),
  .UNSPECIFIED.,.F.,.F.,(4,1,1,1,1,1,1,1,1,1,1,1,1,1,1,1,1,1,1,1,1,1,4),
  (4.712388980385,4.855188646457,4.997988312529,5.140787978601,
    5.283587644674,5.426387310746,5.569186976818,5.711986642891,
    5.854786308963,5.997585975035,6.140385641107,6.28318530718,
    6.425984973252,6.568784639324,6.711584305396,6.854383971469,
    6.997183637541,7.139983303613,7.282782969685,7.425582635758,
    7.56838230183,7.711181967902,7.853981633974),.UNSPECIFIED.);
#2413 = CARTESIAN_POINT('',(0.,-6.));
#2414 = CARTESIAN_POINT('',(3.029797116992E-02,-5.936481388875));
#2415 = CARTESIAN_POINT('',(9.366647951975E-02,-5.803224818645));
#2416 = CARTESIAN_POINT('',(0.19771760425,-5.586705983557));
#2417 = CARTESIAN_POINT('',(0.311486933375,-5.354901742176));
#2418 = CARTESIAN_POINT('',(0.435557186035,-5.111524885578));
#2419 = CARTESIAN_POINT('',(0.570311672973,-4.862528127277));
#2420 = CARTESIAN_POINT('',(0.715813422681,-4.616706554358));
#2421 = CARTESIAN_POINT('',(0.871682679549,-4.385714148442));
#2422 = CARTESIAN_POINT('',(1.036981776887,-4.183502545305));
#2423 = CARTESIAN_POINT('',(1.210143583862,-4.024891054953));
#2424 = CARTESIAN_POINT('',(1.388979850926,-3.923333234885));
#2425 = CARTESIAN_POINT('',(1.570796326795,-3.888333382558));
#2426 = CARTESIAN_POINT('',(1.752612802664,-3.923333234885));
#2427 = CARTESIAN_POINT('',(1.931449069728,-4.024891054952));
#2428 = CARTESIAN_POINT('',(2.104610876703,-4.183502545305));
#2429 = CARTESIAN_POINT('',(2.269909974041,-4.385714148442));
#2430 = CARTESIAN_POINT('',(2.425779230908,-4.616706554358));
#2431 = CARTESIAN_POINT('',(2.571280980617,-4.862528127277));
#2432 = CARTESIAN_POINT('',(2.706035467555,-5.111524885578));
#2433 = CARTESIAN_POINT('',(2.830105720215,-5.354901742176));
#2434 = CARTESIAN_POINT('',(2.94387504934,-5.586705983557));
#2435 = CARTESIAN_POINT('',(3.04792617407,-5.803224818645));
#2436 = CARTESIAN_POINT('',(3.11129468242,-5.936481388875));
#2437 = CARTESIAN_POINT('',(3.14159265359,-6.));
#2438 = ( GEOMETRIC_REPRESENTATION_CONTEXT(2) 
PARAMETRIC_REPRESENTATION_CONTEXT() REPRESENTATION_CONTEXT('2D SPACE',''
  ) );
#2439 = ADVANCED_FACE('',(#2440),#2313,.F.);
#2440 = FACE_BOUND('',#2441,.F.);
#2441 = EDGE_LOOP('',(#2442,#2468,#2469,#2535));
#2442 = ORIENTED_EDGE('',*,*,#2443,.F.);
#2443 = EDGE_CURVE('',#2293,#2326,#2444,.T.);
#2444 = SURFACE_CURVE('',#2445,(#2450,#2457),.PCURVE_S1.);
#2445 = CIRCLE('',#2446,2.1);
#2446 = AXIS2_PLACEMENT_3D('',#2447,#2448,#2449);
#2447 = CARTESIAN_POINT('',(3.,-5.273559361418E-15,-47.49999995));
#2448 = DIRECTION('',(-2.22044604925E-16,-1.110223024625E-16,-1.));
#2449 = DIRECTION('',(0.,1.,-1.110223024625E-16));
#2450 = PCURVE('',#2313,#2451);
#2451 = DEFINITIONAL_REPRESENTATION('',(#2452),#2456);
#2452 = LINE('',#2453,#2454);
#2453 = CARTESIAN_POINT('',(0.,0.));
#2454 = VECTOR('',#2455,1.);
#2455 = DIRECTION('',(1.,0.));
#2456 = ( GEOMETRIC_REPRESENTATION_CONTEXT(2) 
PARAMETRIC_REPRESENTATION_CONTEXT() REPRESENTATION_CONTEXT('2D SPACE',''
  ) );
#2457 = PCURVE('',#2082,#2458);
#2458 = DEFINITIONAL_REPRESENTATION('',(#2459),#2467);
#2459 = ( BOUNDED_CURVE() B_SPLINE_CURVE(2,(#2460,#2461,#2462,#2463,
#2464,#2465,#2466),.UNSPECIFIED.,.T.,.F.) B_SPLINE_CURVE_WITH_KNOTS((1,2
    ,2,2,2,1),(-2.094395102393,0.,2.094395102393,4.188790204786,
6.28318530718,8.377580409573),.UNSPECIFIED.) CURVE() 
GEOMETRIC_REPRESENTATION_ITEM() RATIONAL_B_SPLINE_CURVE((1.,0.5,1.,0.5,
1.,0.5,1.)) REPRESENTATION_ITEM('') );
#2460 = CARTESIAN_POINT('',(-8.1,6.));
#2461 = CARTESIAN_POINT('',(-8.1,9.637306695895));
#2462 = CARTESIAN_POINT('',(-4.95,7.818653347947));
#2463 = CARTESIAN_POINT('',(-1.8,6.));
#2464 = CARTESIAN_POINT('',(-4.95,4.181346652053));
#2465 = CARTESIAN_POINT('',(-8.1,2.362693304105));
#2466 = CARTESIAN_POINT('',(-8.1,6.));
#2467 = ( GEOMETRIC_REPRESENTATION_CONTEXT(2) 
PARAMETRIC_REPRESENTATION_CONTEXT() REPRESENTATION_CONTEXT('2D SPACE',''
  ) );
#2468 = ORIENTED_EDGE('',*,*,#2292,.F.);
#2469 = ORIENTED_EDGE('',*,*,#2470,.F.);
#2470 = EDGE_CURVE('',#259,#231,#2471,.T.);
#2471 = SURFACE_CURVE('',#2472,(#2477,#2506),.PCURVE_S1.);
#2472 = ( BOUNDED_CURVE() B_SPLINE_CURVE(3,(#2473,#2474,#2475,#2476),
.UNSPECIFIED.,.F.,.F.) B_SPLINE_CURVE_WITH_KNOTS((4,4),(4.712388980385,
7.853981633974),.PIECEWISE_BEZIER_KNOTS.) CURVE() 
GEOMETRIC_REPRESENTATION_ITEM() RATIONAL_B_SPLINE_CURVE((1.,
0.333333333333,0.333333333333,1.)) REPRESENTATION_ITEM('') );
#2473 = CARTESIAN_POINT('',(3.,-2.1,-36.99999995));
#2474 = CARTESIAN_POINT('',(7.2,-2.1,-41.19999995));
#2475 = CARTESIAN_POINT('',(7.2,2.1,-41.19999995));
#2476 = CARTESIAN_POINT('',(3.,2.1,-36.99999995));
#2477 = PCURVE('',#2313,#2478);
#2478 = DEFINITIONAL_REPRESENTATION('',(#2479),#2505);
#2479 = B_SPLINE_CURVE_WITH_KNOTS('',3,(#2480,#2481,#2482,#2483,#2484,
    #2485,#2486,#2487,#2488,#2489,#2490,#2491,#2492,#2493,#2494,#2495,
    #2496,#2497,#2498,#2499,#2500,#2501,#2502,#2503,#2504),
  .UNSPECIFIED.,.F.,.F.,(4,1,1,1,1,1,1,1,1,1,1,1,1,1,1,1,1,1,1,1,1,1,4),
  (4.712388980385,4.855188646457,4.997988312529,5.140787978601,
    5.283587644674,5.426387310746,5.569186976818,5.711986642891,
    5.854786308963,5.997585975035,6.140385641107,6.28318530718,
    6.425984973252,6.568784639324,6.711584305396,6.854383971469,
    6.997183637541,7.139983303613,7.282782969685,7.425582635758,
    7.56838230183,7.711181967902,7.853981633974),.UNSPECIFIED.);
#2480 = CARTESIAN_POINT('',(3.14159265359,-10.5));
#2481 = CARTESIAN_POINT('',(3.11129468242,-10.43648138887));
#2482 = CARTESIAN_POINT('',(3.04792617407,-10.30322481864));
#2483 = CARTESIAN_POINT('',(2.94387504934,-10.08670598355));
#2484 = CARTESIAN_POINT('',(2.830105720215,-9.854901742176));
#2485 = CARTESIAN_POINT('',(2.706035467555,-9.611524885578));
#2486 = CARTESIAN_POINT('',(2.571280980617,-9.362528127277));
#2487 = CARTESIAN_POINT('',(2.425779230908,-9.116706554358));
#2488 = CARTESIAN_POINT('',(2.269909974041,-8.885714148442));
#2489 = CARTESIAN_POINT('',(2.104610876703,-8.683502545305));
#2490 = CARTESIAN_POINT('',(1.931449069728,-8.524891054953));
#2491 = CARTESIAN_POINT('',(1.752612802664,-8.423333234885));
#2492 = CARTESIAN_POINT('',(1.570796326795,-8.388333382558));
#2493 = CARTESIAN_POINT('',(1.388979850926,-8.423333234885));
#2494 = CARTESIAN_POINT('',(1.210143583862,-8.524891054953));
#2495 = CARTESIAN_POINT('',(1.036981776887,-8.683502545305));
#2496 = CARTESIAN_POINT('',(0.871682679549,-8.885714148442));
#2497 = CARTESIAN_POINT('',(0.715813422681,-9.116706554358));
#2498 = CARTESIAN_POINT('',(0.570311672973,-9.362528127277));
#2499 = CARTESIAN_POINT('',(0.435557186035,-9.611524885578));
#2500 = CARTESIAN_POINT('',(0.311486933375,-9.854901742176));
#2501 = CARTESIAN_POINT('',(0.19771760425,-10.08670598355));
#2502 = CARTESIAN_POINT('',(9.366647951974E-02,-10.30322481864));
#2503 = CARTESIAN_POINT('',(3.029797116992E-02,-10.43648138887));
#2504 = CARTESIAN_POINT('',(0.,-10.5));
#2505 = ( GEOMETRIC_REPRESENTATION_CONTEXT(2) 
PARAMETRIC_REPRESENTATION_CONTEXT() REPRESENTATION_CONTEXT('2D SPACE',''
  ) );
#2506 = PCURVE('',#246,#2507);
#2507 = DEFINITIONAL_REPRESENTATION('',(#2508),#2534);
#2508 = B_SPLINE_CURVE_WITH_KNOTS('',3,(#2509,#2510,#2511,#2512,#2513,
    #2514,#2515,#2516,#2517,#2518,#2519,#2520,#2521,#2522,#2523,#2524,
    #2525,#2526,#2527,#2528,#2529,#2530,#2531,#2532,#2533),
  .UNSPECIFIED.,.F.,.F.,(4,1,1,1,1,1,1,1,1,1,1,1,1,1,1,1,1,1,1,1,1,1,4),
  (4.712388980385,4.855188646457,4.997988312529,5.140787978601,
    5.283587644674,5.426387310746,5.569186976818,5.711986642891,
    5.854786308963,5.997585975035,6.140385641107,6.28318530718,
    6.425984973252,6.568784639324,6.711584305396,6.854383971469,
    6.997183637541,7.139983303613,7.282782969685,7.425582635758,
    7.56838230183,7.711181967902,7.853981633974),.UNSPECIFIED.);
#2509 = CARTESIAN_POINT('',(3.14159265359,-6.));
#2510 = CARTESIAN_POINT('',(3.11129468242,-6.063518611125));
#2511 = CARTESIAN_POINT('',(3.04792617407,-6.196775181355));
#2512 = CARTESIAN_POINT('',(2.94387504934,-6.413294016443));
#2513 = CARTESIAN_POINT('',(2.830105720215,-6.645098257824));
#2514 = CARTESIAN_POINT('',(2.706035467555,-6.888475114422));
#2515 = CARTESIAN_POINT('',(2.571280980617,-7.137471872723));
#2516 = CARTESIAN_POINT('',(2.425779230908,-7.383293445642));
#2517 = CARTESIAN_POINT('',(2.269909974041,-7.614285851558));
#2518 = CARTESIAN_POINT('',(2.104610876703,-7.816497454695));
#2519 = CARTESIAN_POINT('',(1.931449069728,-7.975108945047));
#2520 = CARTESIAN_POINT('',(1.752612802664,-8.076666765115));
#2521 = CARTESIAN_POINT('',(1.570796326795,-8.111666617442));
#2522 = CARTESIAN_POINT('',(1.388979850926,-8.076666765115));
#2523 = CARTESIAN_POINT('',(1.210143583862,-7.975108945047));
#2524 = CARTESIAN_POINT('',(1.036981776887,-7.816497454695));
#2525 = CARTESIAN_POINT('',(0.871682679549,-7.614285851558));
#2526 = CARTESIAN_POINT('',(0.715813422681,-7.383293445642));
#2527 = CARTESIAN_POINT('',(0.570311672973,-7.137471872723));
#2528 = CARTESIAN_POINT('',(0.435557186035,-6.888475114422));
#2529 = CARTESIAN_POINT('',(0.311486933375,-6.645098257824));
#2530 = CARTESIAN_POINT('',(0.19771760425,-6.413294016443));
#2531 = CARTESIAN_POINT('',(9.366647951974E-02,-6.196775181355));
#2532 = CARTESIAN_POINT('',(3.029797116992E-02,-6.063518611125));
#2533 = CARTESIAN_POINT('',(0.,-6.));
#2534 = ( GEOMETRIC_REPRESENTATION_CONTEXT(2) 
PARAMETRIC_REPRESENTATION_CONTEXT() REPRESENTATION_CONTEXT('2D SPACE',''
  ) );
#2535 = ORIENTED_EDGE('',*,*,#2353,.T.);
#2536 = ADVANCED_FACE('',(#2537),#2551,.T.);
#2537 = FACE_BOUND('',#2538,.T.);
#2538 = EDGE_LOOP('',(#2539,#2574,#2602,#2625,#2653,#2681));
#2539 = ORIENTED_EDGE('',*,*,#2540,.F.);
#2540 = EDGE_CURVE('',#2541,#2543,#2545,.T.);
#2541 = VERTEX_POINT('',#2542);
#2542 = CARTESIAN_POINT('',(42.,6.,-46.49999995));
#2543 = VERTEX_POINT('',#2544);
#2544 = CARTESIAN_POINT('',(42.,6.,46.50000005));
#2545 = SURFACE_CURVE('',#2546,(#2550,#2562),.PCURVE_S1.);
#2546 = LINE('',#2547,#2548);
#2547 = CARTESIAN_POINT('',(42.,6.,-47.49999995));
#2548 = VECTOR('',#2549,1.);
#2549 = DIRECTION('',(7.596262800063E-17,1.110223024625E-16,1.));
#2550 = PCURVE('',#2551,#2556);
#2551 = PLANE('',#2552);
#2552 = AXIS2_PLACEMENT_3D('',#2553,#2554,#2555);
#2553 = CARTESIAN_POINT('',(-3.,6.,17.50000005));
#2554 = DIRECTION('',(0.,1.,-1.110223024625E-16));
#2555 = DIRECTION('',(2.22044604925E-16,1.110223024625E-16,1.));
#2556 = DEFINITIONAL_REPRESENTATION('',(#2557),#2561);
#2557 = LINE('',#2558,#2559);
#2558 = CARTESIAN_POINT('',(-65.,45.));
#2559 = VECTOR('',#2560,1.);
#2560 = DIRECTION('',(1.,-1.460819769244E-16));
#2561 = ( GEOMETRIC_REPRESENTATION_CONTEXT(2) 
PARAMETRIC_REPRESENTATION_CONTEXT() REPRESENTATION_CONTEXT('2D SPACE',''
  ) );
#2562 = PCURVE('',#2563,#2568);
#2563 = PLANE('',#2564);
#2564 = AXIS2_PLACEMENT_3D('',#2565,#2566,#2567);
#2565 = CARTESIAN_POINT('',(42.,-6.,-47.49999995));
#2566 = DIRECTION('',(-1.,8.433545861734E-33,7.596262800063E-17));
#2567 = DIRECTION('',(-7.596262800063E-17,-1.110223024625E-16,-1.));
#2568 = DEFINITIONAL_REPRESENTATION('',(#2569),#2573);
#2569 = LINE('',#2570,#2571);
#2570 = CARTESIAN_POINT('',(-1.33226762955E-15,-12.));
#2571 = VECTOR('',#2572,1.);
#2572 = DIRECTION('',(-1.,0.));
#2573 = ( GEOMETRIC_REPRESENTATION_CONTEXT(2) 
PARAMETRIC_REPRESENTATION_CONTEXT() REPRESENTATION_CONTEXT('2D SPACE',''
  ) );
#2574 = ORIENTED_EDGE('',*,*,#2575,.T.);
#2575 = EDGE_CURVE('',#2541,#2576,#2578,.T.);
#2576 = VERTEX_POINT('',#2577);
#2577 = CARTESIAN_POINT('',(41.,6.,-47.49999995));
#2578 = SURFACE_CURVE('',#2579,(#2583,#2590),.PCURVE_S1.);
#2579 = LINE('',#2580,#2581);
#2580 = CARTESIAN_POINT('',(51.5,6.,-36.99999995));
#2581 = VECTOR('',#2582,1.);
#2582 = DIRECTION('',(-0.707106781187,-7.850462293419E-17,
    -0.707106781187));
#2583 = PCURVE('',#2551,#2584);
#2584 = DEFINITIONAL_REPRESENTATION('',(#2585),#2589);
#2585 = LINE('',#2586,#2587);
#2586 = CARTESIAN_POINT('',(-54.5,54.5));
#2587 = VECTOR('',#2588,1.);
#2588 = DIRECTION('',(-0.707106781187,-0.707106781187));
#2589 = ( GEOMETRIC_REPRESENTATION_CONTEXT(2) 
PARAMETRIC_REPRESENTATION_CONTEXT() REPRESENTATION_CONTEXT('2D SPACE',''
  ) );
#2590 = PCURVE('',#2591,#2596);
#2591 = PLANE('',#2592);
#2592 = AXIS2_PLACEMENT_3D('',#2593,#2594,#2595);
#2593 = CARTESIAN_POINT('',(42.,-6.,-46.49999995));
#2594 = DIRECTION('',(-0.707106781187,7.850462293419E-17,0.707106781187)
  );
#2595 = DIRECTION('',(0.,1.,-1.110223024625E-16));
#2596 = DEFINITIONAL_REPRESENTATION('',(#2597),#2601);
#2597 = LINE('',#2598,#2599);
#2598 = CARTESIAN_POINT('',(12.,-13.43502884254));
#2599 = VECTOR('',#2600,1.);
#2600 = DIRECTION('',(0.,1.));
#2601 = ( GEOMETRIC_REPRESENTATION_CONTEXT(2) 
PARAMETRIC_REPRESENTATION_CONTEXT() REPRESENTATION_CONTEXT('2D SPACE',''
  ) );
#2602 = ORIENTED_EDGE('',*,*,#2603,.F.);
#2603 = EDGE_CURVE('',#2604,#2576,#2606,.T.);
#2604 = VERTEX_POINT('',#2605);
#2605 = CARTESIAN_POINT('',(39.5,6.,-47.49999995));
#2606 = SURFACE_CURVE('',#2607,(#2611,#2618),.PCURVE_S1.);
#2607 = LINE('',#2608,#2609);
#2608 = CARTESIAN_POINT('',(-3.,6.,-47.49999995));
#2609 = VECTOR('',#2610,1.);
#2610 = DIRECTION('',(1.,-2.465190328816E-32,-2.22044604925E-16));
#2611 = PCURVE('',#2551,#2612);
#2612 = DEFINITIONAL_REPRESENTATION('',(#2613),#2617);
#2613 = LINE('',#2614,#2615);
#2614 = CARTESIAN_POINT('',(-65.,-2.22044604925E-16));
#2615 = VECTOR('',#2616,1.);
#2616 = DIRECTION('',(0.,1.));
#2617 = ( GEOMETRIC_REPRESENTATION_CONTEXT(2) 
PARAMETRIC_REPRESENTATION_CONTEXT() REPRESENTATION_CONTEXT('2D SPACE',''
  ) );
#2618 = PCURVE('',#2082,#2619);
#2619 = DEFINITIONAL_REPRESENTATION('',(#2620),#2624);
#2620 = LINE('',#2621,#2622);
#2621 = CARTESIAN_POINT('',(-12.,-2.958228394579E-31));
#2622 = VECTOR('',#2623,1.);
#2623 = DIRECTION('',(0.,1.));
#2624 = ( GEOMETRIC_REPRESENTATION_CONTEXT(2) 
PARAMETRIC_REPRESENTATION_CONTEXT() REPRESENTATION_CONTEXT('2D SPACE',''
  ) );
#2625 = ORIENTED_EDGE('',*,*,#2626,.F.);
#2626 = EDGE_CURVE('',#2627,#2604,#2629,.T.);
#2627 = VERTEX_POINT('',#2628);
#2628 = CARTESIAN_POINT('',(39.5,6.,47.50000005));
#2629 = SURFACE_CURVE('',#2630,(#2634,#2641),.PCURVE_S1.);
#2630 = LINE('',#2631,#2632);
#2631 = CARTESIAN_POINT('',(39.5,6.,-47.49999995));
#2632 = VECTOR('',#2633,1.);
#2633 = DIRECTION('',(-2.22044604925E-16,-1.110223024625E-16,-1.));
#2634 = PCURVE('',#2551,#2635);
#2635 = DEFINITIONAL_REPRESENTATION('',(#2636),#2640);
#2636 = LINE('',#2637,#2638);
#2637 = CARTESIAN_POINT('',(-65.,42.5));
#2638 = VECTOR('',#2639,1.);
#2639 = DIRECTION('',(-1.,0.));
#2640 = ( GEOMETRIC_REPRESENTATION_CONTEXT(2) 
PARAMETRIC_REPRESENTATION_CONTEXT() REPRESENTATION_CONTEXT('2D SPACE',''
  ) );
#2641 = PCURVE('',#2642,#2647);
#2642 = PLANE('',#2643);
#2643 = AXIS2_PLACEMENT_3D('',#2644,#2645,#2646);
#2644 = CARTESIAN_POINT('',(39.5,4.,-47.49999995));
#2645 = DIRECTION('',(1.,-2.465190328816E-32,-2.22044604925E-16));
#2646 = DIRECTION('',(0.,-1.,1.110223024625E-16));
#2647 = DEFINITIONAL_REPRESENTATION('',(#2648),#2652);
#2648 = LINE('',#2649,#2650);
#2649 = CARTESIAN_POINT('',(-2.,-2.22044604925E-16));
#2650 = VECTOR('',#2651,1.);
#2651 = DIRECTION('',(0.,1.));
#2652 = ( GEOMETRIC_REPRESENTATION_CONTEXT(2) 
PARAMETRIC_REPRESENTATION_CONTEXT() REPRESENTATION_CONTEXT('2D SPACE',''
  ) );
#2653 = ORIENTED_EDGE('',*,*,#2654,.F.);
#2654 = EDGE_CURVE('',#2655,#2627,#2657,.T.);
#2655 = VERTEX_POINT('',#2656);
#2656 = CARTESIAN_POINT('',(41.,6.,47.50000005));
#2657 = SURFACE_CURVE('',#2658,(#2662,#2669),.PCURVE_S1.);
#2658 = LINE('',#2659,#2660);
#2659 = CARTESIAN_POINT('',(42.,6.,47.50000005));
#2660 = VECTOR('',#2661,1.);
#2661 = DIRECTION('',(-1.,6.309713341616E-33,5.683284530823E-17));
#2662 = PCURVE('',#2551,#2663);
#2663 = DEFINITIONAL_REPRESENTATION('',(#2664),#2668);
#2664 = LINE('',#2665,#2666);
#2665 = CARTESIAN_POINT('',(30.,45.));
#2666 = VECTOR('',#2667,1.);
#2667 = DIRECTION('',(-1.652117596168E-16,-1.));
#2668 = ( GEOMETRIC_REPRESENTATION_CONTEXT(2) 
PARAMETRIC_REPRESENTATION_CONTEXT() REPRESENTATION_CONTEXT('2D SPACE',''
  ) );
#2669 = PCURVE('',#2670,#2675);
#2670 = PLANE('',#2671);
#2671 = AXIS2_PLACEMENT_3D('',#2672,#2673,#2674);
#2672 = CARTESIAN_POINT('',(42.,-6.,47.50000005));
#2673 = DIRECTION('',(-5.683284530823E-17,-1.110223024625E-16,-1.));
#2674 = DIRECTION('',(1.,-6.309713341616E-33,-5.683284530823E-17));
#2675 = DEFINITIONAL_REPRESENTATION('',(#2676),#2680);
#2676 = LINE('',#2677,#2678);
#2677 = CARTESIAN_POINT('',(-7.571656009939E-32,-12.));
#2678 = VECTOR('',#2679,1.);
#2679 = DIRECTION('',(-1.,0.));
#2680 = ( GEOMETRIC_REPRESENTATION_CONTEXT(2) 
PARAMETRIC_REPRESENTATION_CONTEXT() REPRESENTATION_CONTEXT('2D SPACE',''
  ) );
#2681 = ORIENTED_EDGE('',*,*,#2682,.T.);
#2682 = EDGE_CURVE('',#2655,#2543,#2683,.T.);
#2683 = SURFACE_CURVE('',#2684,(#2688,#2695),.PCURVE_S1.);
#2684 = LINE('',#2685,#2686);
#2685 = CARTESIAN_POINT('',(34.,6.,54.50000005));
#2686 = VECTOR('',#2687,1.);
#2687 = DIRECTION('',(0.707106781187,-7.850462293419E-17,-0.707106781187
    ));
#2688 = PCURVE('',#2551,#2689);
#2689 = DEFINITIONAL_REPRESENTATION('',(#2690),#2694);
#2690 = LINE('',#2691,#2692);
#2691 = CARTESIAN_POINT('',(37.,37.));
#2692 = VECTOR('',#2693,1.);
#2693 = DIRECTION('',(-0.707106781187,0.707106781187));
#2694 = ( GEOMETRIC_REPRESENTATION_CONTEXT(2) 
PARAMETRIC_REPRESENTATION_CONTEXT() REPRESENTATION_CONTEXT('2D SPACE',''
  ) );
#2695 = PCURVE('',#2696,#2701);
#2696 = PLANE('',#2697);
#2697 = AXIS2_PLACEMENT_3D('',#2698,#2699,#2700);
#2698 = CARTESIAN_POINT('',(41.,-6.,47.50000005));
#2699 = DIRECTION('',(-0.707106781187,-7.850462293419E-17,
    -0.707106781187));
#2700 = DIRECTION('',(0.,1.,-1.110223024625E-16));
#2701 = DEFINITIONAL_REPRESENTATION('',(#2702),#2706);
#2702 = LINE('',#2703,#2704);
#2703 = CARTESIAN_POINT('',(12.,-9.899494936612));
#2704 = VECTOR('',#2705,1.);
#2705 = DIRECTION('',(0.,1.));
#2706 = ( GEOMETRIC_REPRESENTATION_CONTEXT(2) 
PARAMETRIC_REPRESENTATION_CONTEXT() REPRESENTATION_CONTEXT('2D SPACE',''
  ) );
#2707 = ADVANCED_FACE('',(#2708),#2722,.F.);
#2708 = FACE_BOUND('',#2709,.T.);
#2709 = EDGE_LOOP('',(#2710,#2740,#2768,#2791));
#2710 = ORIENTED_EDGE('',*,*,#2711,.F.);
#2711 = EDGE_CURVE('',#2712,#2714,#2716,.T.);
#2712 = VERTEX_POINT('',#2713);
#2713 = CARTESIAN_POINT('',(-41.,-6.,17.50000005));
#2714 = VERTEX_POINT('',#2715);
#2715 = CARTESIAN_POINT('',(-3.,-6.,17.50000005));
#2716 = SURFACE_CURVE('',#2717,(#2721,#2733),.PCURVE_S1.);
#2717 = LINE('',#2718,#2719);
#2718 = CARTESIAN_POINT('',(-42.,-6.,17.50000005));
#2719 = VECTOR('',#2720,1.);
#2720 = DIRECTION('',(1.,-2.465190328816E-32,-2.22044604925E-16));
#2721 = PCURVE('',#2722,#2727);
#2722 = PLANE('',#2723);
#2723 = AXIS2_PLACEMENT_3D('',#2724,#2725,#2726);
#2724 = CARTESIAN_POINT('',(-42.,-6.,17.50000005));
#2725 = DIRECTION('',(2.22044604925E-16,1.110223024625E-16,1.));
#2726 = DIRECTION('',(0.,-1.,1.110223024625E-16));
#2727 = DEFINITIONAL_REPRESENTATION('',(#2728),#2732);
#2728 = LINE('',#2729,#2730);
#2729 = CARTESIAN_POINT('',(0.,0.));
#2730 = VECTOR('',#2731,1.);
#2731 = DIRECTION('',(0.,1.));
#2732 = ( GEOMETRIC_REPRESENTATION_CONTEXT(2) 
PARAMETRIC_REPRESENTATION_CONTEXT() REPRESENTATION_CONTEXT('2D SPACE',''
  ) );
#2733 = PCURVE('',#1037,#2734);
#2734 = DEFINITIONAL_REPRESENTATION('',(#2735),#2739);
#2735 = LINE('',#2736,#2737);
#2736 = CARTESIAN_POINT('',(1.998401444325E-15,-39.));
#2737 = VECTOR('',#2738,1.);
#2738 = DIRECTION('',(0.,1.));
#2739 = ( GEOMETRIC_REPRESENTATION_CONTEXT(2) 
PARAMETRIC_REPRESENTATION_CONTEXT() REPRESENTATION_CONTEXT('2D SPACE',''
  ) );
#2740 = ORIENTED_EDGE('',*,*,#2741,.T.);
#2741 = EDGE_CURVE('',#2712,#2742,#2744,.T.);
#2742 = VERTEX_POINT('',#2743);
#2743 = CARTESIAN_POINT('',(-41.,6.,17.50000005));
#2744 = SURFACE_CURVE('',#2745,(#2749,#2756),.PCURVE_S1.);
#2745 = LINE('',#2746,#2747);
#2746 = CARTESIAN_POINT('',(-41.,-6.,17.50000005));
#2747 = VECTOR('',#2748,1.);
#2748 = DIRECTION('',(0.,1.,-1.110223024625E-16));
#2749 = PCURVE('',#2722,#2750);
#2750 = DEFINITIONAL_REPRESENTATION('',(#2751),#2755);
#2751 = LINE('',#2752,#2753);
#2752 = CARTESIAN_POINT('',(0.,1.));
#2753 = VECTOR('',#2754,1.);
#2754 = DIRECTION('',(-1.,0.));
#2755 = ( GEOMETRIC_REPRESENTATION_CONTEXT(2) 
PARAMETRIC_REPRESENTATION_CONTEXT() REPRESENTATION_CONTEXT('2D SPACE',''
  ) );
#2756 = PCURVE('',#2757,#2762);
#2757 = PLANE('',#2758);
#2758 = AXIS2_PLACEMENT_3D('',#2759,#2760,#2761);
#2759 = CARTESIAN_POINT('',(-41.,-6.,17.50000005));
#2760 = DIRECTION('',(0.707106781187,7.850462293419E-17,0.707106781187)
  );
#2761 = DIRECTION('',(0.,1.,-1.110223024625E-16));
#2762 = DEFINITIONAL_REPRESENTATION('',(#2763),#2767);
#2763 = LINE('',#2764,#2765);
#2764 = CARTESIAN_POINT('',(0.,0.));
#2765 = VECTOR('',#2766,1.);
#2766 = DIRECTION('',(1.,0.));
#2767 = ( GEOMETRIC_REPRESENTATION_CONTEXT(2) 
PARAMETRIC_REPRESENTATION_CONTEXT() REPRESENTATION_CONTEXT('2D SPACE',''
  ) );
#2768 = ORIENTED_EDGE('',*,*,#2769,.T.);
#2769 = EDGE_CURVE('',#2742,#2770,#2772,.T.);
#2770 = VERTEX_POINT('',#2771);
#2771 = CARTESIAN_POINT('',(-3.,6.,17.50000005));
#2772 = SURFACE_CURVE('',#2773,(#2777,#2784),.PCURVE_S1.);
#2773 = LINE('',#2774,#2775);
#2774 = CARTESIAN_POINT('',(-42.,6.,17.50000005));
#2775 = VECTOR('',#2776,1.);
#2776 = DIRECTION('',(1.,-2.465190328816E-32,-2.22044604925E-16));
#2777 = PCURVE('',#2722,#2778);
#2778 = DEFINITIONAL_REPRESENTATION('',(#2779),#2783);
#2779 = LINE('',#2780,#2781);
#2780 = CARTESIAN_POINT('',(-12.,-2.958228394579E-31));
#2781 = VECTOR('',#2782,1.);
#2782 = DIRECTION('',(0.,1.));
#2783 = ( GEOMETRIC_REPRESENTATION_CONTEXT(2) 
PARAMETRIC_REPRESENTATION_CONTEXT() REPRESENTATION_CONTEXT('2D SPACE',''
  ) );
#2784 = PCURVE('',#123,#2785);
#2785 = DEFINITIONAL_REPRESENTATION('',(#2786),#2790);
#2786 = LINE('',#2787,#2788);
#2787 = CARTESIAN_POINT('',(1.998401444325E-15,-39.));
#2788 = VECTOR('',#2789,1.);
#2789 = DIRECTION('',(0.,1.));
#2790 = ( GEOMETRIC_REPRESENTATION_CONTEXT(2) 
PARAMETRIC_REPRESENTATION_CONTEXT() REPRESENTATION_CONTEXT('2D SPACE',''
  ) );
#2791 = ORIENTED_EDGE('',*,*,#2792,.F.);
#2792 = EDGE_CURVE('',#2714,#2770,#2793,.T.);
#2793 = SURFACE_CURVE('',#2794,(#2798,#2805),.PCURVE_S1.);
#2794 = LINE('',#2795,#2796);
#2795 = CARTESIAN_POINT('',(-3.,-6.,17.50000005));
#2796 = VECTOR('',#2797,1.);
#2797 = DIRECTION('',(0.,1.,-1.110223024625E-16));
#2798 = PCURVE('',#2722,#2799);
#2799 = DEFINITIONAL_REPRESENTATION('',(#2800),#2804);
#2800 = LINE('',#2801,#2802);
#2801 = CARTESIAN_POINT('',(-7.88860905221E-31,39.));
#2802 = VECTOR('',#2803,1.);
#2803 = DIRECTION('',(-1.,0.));
#2804 = ( GEOMETRIC_REPRESENTATION_CONTEXT(2) 
PARAMETRIC_REPRESENTATION_CONTEXT() REPRESENTATION_CONTEXT('2D SPACE',''
  ) );
#2805 = PCURVE('',#606,#2806);
#2806 = DEFINITIONAL_REPRESENTATION('',(#2807),#2811);
#2807 = LINE('',#2808,#2809);
#2808 = CARTESIAN_POINT('',(0.,-0.));
#2809 = VECTOR('',#2810,1.);
#2810 = DIRECTION('',(-1.,0.));
#2811 = ( GEOMETRIC_REPRESENTATION_CONTEXT(2) 
PARAMETRIC_REPRESENTATION_CONTEXT() REPRESENTATION_CONTEXT('2D SPACE',''
  ) );
#2812 = ADVANCED_FACE('',(#2813,#2842,#2871,#2900),#606,.F.);
#2813 = FACE_BOUND('',#2814,.T.);
#2814 = EDGE_LOOP('',(#2815,#2841));
#2815 = ORIENTED_EDGE('',*,*,#2816,.F.);
#2816 = EDGE_CURVE('',#562,#590,#2817,.T.);
#2817 = SURFACE_CURVE('',#2818,(#2823,#2834),.PCURVE_S1.);
#2818 = CIRCLE('',#2819,2.1);
#2819 = AXIS2_PLACEMENT_3D('',#2820,#2821,#2822);
#2820 = CARTESIAN_POINT('',(-3.,-4.107825185562E-15,-36.99999995));
#2821 = DIRECTION('',(-1.,2.465190328816E-32,2.22044604925E-16));
#2822 = DIRECTION('',(0.,1.,-1.110223024625E-16));
#2823 = PCURVE('',#606,#2824);
#2824 = DEFINITIONAL_REPRESENTATION('',(#2825),#2833);
#2825 = ( BOUNDED_CURVE() B_SPLINE_CURVE(2,(#2826,#2827,#2828,#2829,
#2830,#2831,#2832),.UNSPECIFIED.,.T.,.F.) B_SPLINE_CURVE_WITH_KNOTS((1,2
    ,2,2,2,1),(-2.094395102393,0.,2.094395102393,4.188790204786,
6.28318530718,8.377580409573),.UNSPECIFIED.) CURVE() 
GEOMETRIC_REPRESENTATION_ITEM() RATIONAL_B_SPLINE_CURVE((1.,0.5,1.,0.5,
1.,0.5,1.)) REPRESENTATION_ITEM('') );
#2826 = CARTESIAN_POINT('',(-8.1,54.5));
#2827 = CARTESIAN_POINT('',(-8.1,58.137306695895));
#2828 = CARTESIAN_POINT('',(-4.95,56.318653347947));
#2829 = CARTESIAN_POINT('',(-1.8,54.5));
#2830 = CARTESIAN_POINT('',(-4.95,52.681346652053));
#2831 = CARTESIAN_POINT('',(-8.1,50.862693304105));
#2832 = CARTESIAN_POINT('',(-8.1,54.5));
#2833 = ( GEOMETRIC_REPRESENTATION_CONTEXT(2) 
PARAMETRIC_REPRESENTATION_CONTEXT() REPRESENTATION_CONTEXT('2D SPACE',''
  ) );
#2834 = PCURVE('',#577,#2835);
#2835 = DEFINITIONAL_REPRESENTATION('',(#2836),#2840);
#2836 = LINE('',#2837,#2838);
#2837 = CARTESIAN_POINT('',(0.,1.298125607096E-15));
#2838 = VECTOR('',#2839,1.);
#2839 = DIRECTION('',(1.,0.));
#2840 = ( GEOMETRIC_REPRESENTATION_CONTEXT(2) 
PARAMETRIC_REPRESENTATION_CONTEXT() REPRESENTATION_CONTEXT('2D SPACE',''
  ) );
#2841 = ORIENTED_EDGE('',*,*,#589,.F.);
#2842 = FACE_BOUND('',#2843,.T.);
#2843 = EDGE_LOOP('',(#2844,#2870));
#2844 = ORIENTED_EDGE('',*,*,#2845,.F.);
#2845 = EDGE_CURVE('',#650,#683,#2846,.T.);
#2846 = SURFACE_CURVE('',#2847,(#2852,#2863),.PCURVE_S1.);
#2847 = CIRCLE('',#2848,2.1);
#2848 = AXIS2_PLACEMENT_3D('',#2849,#2850,#2851);
#2849 = CARTESIAN_POINT('',(-3.,-1.665334531387E-15,-14.99999995));
#2850 = DIRECTION('',(-1.,2.465190328816E-32,2.22044604925E-16));
#2851 = DIRECTION('',(0.,1.,-1.110223024625E-16));
#2852 = PCURVE('',#606,#2853);
#2853 = DEFINITIONAL_REPRESENTATION('',(#2854),#2862);
#2854 = ( BOUNDED_CURVE() B_SPLINE_CURVE(2,(#2855,#2856,#2857,#2858,
#2859,#2860,#2861),.UNSPECIFIED.,.T.,.F.) B_SPLINE_CURVE_WITH_KNOTS((1,2
    ,2,2,2,1),(-2.094395102393,0.,2.094395102393,4.188790204786,
6.28318530718,8.377580409573),.UNSPECIFIED.) CURVE() 
GEOMETRIC_REPRESENTATION_ITEM() RATIONAL_B_SPLINE_CURVE((1.,0.5,1.,0.5,
1.,0.5,1.)) REPRESENTATION_ITEM('') );
#2855 = CARTESIAN_POINT('',(-8.1,32.5));
#2856 = CARTESIAN_POINT('',(-8.1,36.137306695895));
#2857 = CARTESIAN_POINT('',(-4.95,34.318653347947));
#2858 = CARTESIAN_POINT('',(-1.8,32.5));
#2859 = CARTESIAN_POINT('',(-4.95,30.681346652053));
#2860 = CARTESIAN_POINT('',(-8.1,28.862693304105));
#2861 = CARTESIAN_POINT('',(-8.1,32.5));
#2862 = ( GEOMETRIC_REPRESENTATION_CONTEXT(2) 
PARAMETRIC_REPRESENTATION_CONTEXT() REPRESENTATION_CONTEXT('2D SPACE',''
  ) );
#2863 = PCURVE('',#670,#2864);
#2864 = DEFINITIONAL_REPRESENTATION('',(#2865),#2869);
#2865 = LINE('',#2866,#2867);
#2866 = CARTESIAN_POINT('',(0.,1.298125607096E-15));
#2867 = VECTOR('',#2868,1.);
#2868 = DIRECTION('',(1.,0.));
#2869 = ( GEOMETRIC_REPRESENTATION_CONTEXT(2) 
PARAMETRIC_REPRESENTATION_CONTEXT() REPRESENTATION_CONTEXT('2D SPACE',''
  ) );
#2870 = ORIENTED_EDGE('',*,*,#682,.F.);
#2871 = FACE_BOUND('',#2872,.T.);
#2872 = EDGE_LOOP('',(#2873,#2899));
#2873 = ORIENTED_EDGE('',*,*,#2874,.F.);
#2874 = EDGE_CURVE('',#819,#852,#2875,.T.);
#2875 = SURFACE_CURVE('',#2876,(#2881,#2892),.PCURVE_S1.);
#2876 = CIRCLE('',#2877,2.1);
#2877 = AXIS2_PLACEMENT_3D('',#2878,#2879,#2880);
#2878 = CARTESIAN_POINT('',(-3.,7.771561227887E-16,7.00000005));
#2879 = DIRECTION('',(-1.,2.465190328816E-32,2.22044604925E-16));
#2880 = DIRECTION('',(0.,1.,-1.110223024625E-16));
#2881 = PCURVE('',#606,#2882);
#2882 = DEFINITIONAL_REPRESENTATION('',(#2883),#2891);
#2883 = ( BOUNDED_CURVE() B_SPLINE_CURVE(2,(#2884,#2885,#2886,#2887,
#2888,#2889,#2890),.UNSPECIFIED.,.T.,.F.) B_SPLINE_CURVE_WITH_KNOTS((1,2
    ,2,2,2,1),(-2.094395102393,0.,2.094395102393,4.188790204786,
6.28318530718,8.377580409573),.UNSPECIFIED.) CURVE() 
GEOMETRIC_REPRESENTATION_ITEM() RATIONAL_B_SPLINE_CURVE((1.,0.5,1.,0.5,
1.,0.5,1.)) REPRESENTATION_ITEM('') );
#2884 = CARTESIAN_POINT('',(-8.1,10.5));
#2885 = CARTESIAN_POINT('',(-8.1,14.137306695895));
#2886 = CARTESIAN_POINT('',(-4.95,12.318653347947));
#2887 = CARTESIAN_POINT('',(-1.8,10.5));
#2888 = CARTESIAN_POINT('',(-4.95,8.681346652053));
#2889 = CARTESIAN_POINT('',(-8.1,6.862693304105));
#2890 = CARTESIAN_POINT('',(-8.1,10.5));
#2891 = ( GEOMETRIC_REPRESENTATION_CONTEXT(2) 
PARAMETRIC_REPRESENTATION_CONTEXT() REPRESENTATION_CONTEXT('2D SPACE',''
  ) );
#2892 = PCURVE('',#839,#2893);
#2893 = DEFINITIONAL_REPRESENTATION('',(#2894),#2898);
#2894 = LINE('',#2895,#2896);
#2895 = CARTESIAN_POINT('',(0.,1.298125607096E-15));
#2896 = VECTOR('',#2897,1.);
#2897 = DIRECTION('',(1.,0.));
#2898 = ( GEOMETRIC_REPRESENTATION_CONTEXT(2) 
PARAMETRIC_REPRESENTATION_CONTEXT() REPRESENTATION_CONTEXT('2D SPACE',''
  ) );
#2899 = ORIENTED_EDGE('',*,*,#851,.F.);
#2900 = FACE_BOUND('',#2901,.T.);
#2901 = EDGE_LOOP('',(#2902,#2925,#2953,#2974));
#2902 = ORIENTED_EDGE('',*,*,#2903,.T.);
#2903 = EDGE_CURVE('',#2770,#2904,#2906,.T.);
#2904 = VERTEX_POINT('',#2905);
#2905 = CARTESIAN_POINT('',(-3.,6.,-46.49999995));
#2906 = SURFACE_CURVE('',#2907,(#2911,#2918),.PCURVE_S1.);
#2907 = LINE('',#2908,#2909);
#2908 = CARTESIAN_POINT('',(-3.,6.,17.50000005));
#2909 = VECTOR('',#2910,1.);
#2910 = DIRECTION('',(-2.22044604925E-16,-1.110223024625E-16,-1.));
#2911 = PCURVE('',#606,#2912);
#2912 = DEFINITIONAL_REPRESENTATION('',(#2913),#2917);
#2913 = LINE('',#2914,#2915);
#2914 = CARTESIAN_POINT('',(-12.,-1.33226762955E-15));
#2915 = VECTOR('',#2916,1.);
#2916 = DIRECTION('',(0.,1.));
#2917 = ( GEOMETRIC_REPRESENTATION_CONTEXT(2) 
PARAMETRIC_REPRESENTATION_CONTEXT() REPRESENTATION_CONTEXT('2D SPACE',''
  ) );
#2918 = PCURVE('',#123,#2919);
#2919 = DEFINITIONAL_REPRESENTATION('',(#2920),#2924);
#2920 = LINE('',#2921,#2922);
#2921 = CARTESIAN_POINT('',(0.,0.));
#2922 = VECTOR('',#2923,1.);
#2923 = DIRECTION('',(-1.,0.));
#2924 = ( GEOMETRIC_REPRESENTATION_CONTEXT(2) 
PARAMETRIC_REPRESENTATION_CONTEXT() REPRESENTATION_CONTEXT('2D SPACE',''
  ) );
#2925 = ORIENTED_EDGE('',*,*,#2926,.T.);
#2926 = EDGE_CURVE('',#2904,#2927,#2929,.T.);
#2927 = VERTEX_POINT('',#2928);
#2928 = CARTESIAN_POINT('',(-3.,-6.,-46.49999995));
#2929 = SURFACE_CURVE('',#2930,(#2934,#2941),.PCURVE_S1.);
#2930 = LINE('',#2931,#2932);
#2931 = CARTESIAN_POINT('',(-3.,-6.,-46.49999995));
#2932 = VECTOR('',#2933,1.);
#2933 = DIRECTION('',(0.,-1.,1.110223024625E-16));
#2934 = PCURVE('',#606,#2935);
#2935 = DEFINITIONAL_REPRESENTATION('',(#2936),#2940);
#2936 = LINE('',#2937,#2938);
#2937 = CARTESIAN_POINT('',(0.,64.));
#2938 = VECTOR('',#2939,1.);
#2939 = DIRECTION('',(1.,0.));
#2940 = ( GEOMETRIC_REPRESENTATION_CONTEXT(2) 
PARAMETRIC_REPRESENTATION_CONTEXT() REPRESENTATION_CONTEXT('2D SPACE',''
  ) );
#2941 = PCURVE('',#2942,#2947);
#2942 = PLANE('',#2943);
#2943 = AXIS2_PLACEMENT_3D('',#2944,#2945,#2946);
#2944 = CARTESIAN_POINT('',(-2.,-6.,-47.49999995));
#2945 = DIRECTION('',(0.707106781187,7.850462293419E-17,0.707106781187)
  );
#2946 = DIRECTION('',(0.,1.,-1.110223024625E-16));
#2947 = DEFINITIONAL_REPRESENTATION('',(#2948),#2952);
#2948 = LINE('',#2949,#2950);
#2949 = CARTESIAN_POINT('',(-1.110223024625E-16,1.414213562373));
#2950 = VECTOR('',#2951,1.);
#2951 = DIRECTION('',(-1.,0.));
#2952 = ( GEOMETRIC_REPRESENTATION_CONTEXT(2) 
PARAMETRIC_REPRESENTATION_CONTEXT() REPRESENTATION_CONTEXT('2D SPACE',''
  ) );
#2953 = ORIENTED_EDGE('',*,*,#2954,.F.);
#2954 = EDGE_CURVE('',#2714,#2927,#2955,.T.);
#2955 = SURFACE_CURVE('',#2956,(#2960,#2967),.PCURVE_S1.);
#2956 = LINE('',#2957,#2958);
#2957 = CARTESIAN_POINT('',(-3.,-6.,17.50000005));
#2958 = VECTOR('',#2959,1.);
#2959 = DIRECTION('',(-2.22044604925E-16,-1.110223024625E-16,-1.));
#2960 = PCURVE('',#606,#2961);
#2961 = DEFINITIONAL_REPRESENTATION('',(#2962),#2966);
#2962 = LINE('',#2963,#2964);
#2963 = CARTESIAN_POINT('',(0.,-0.));
#2964 = VECTOR('',#2965,1.);
#2965 = DIRECTION('',(0.,1.));
#2966 = ( GEOMETRIC_REPRESENTATION_CONTEXT(2) 
PARAMETRIC_REPRESENTATION_CONTEXT() REPRESENTATION_CONTEXT('2D SPACE',''
  ) );
#2967 = PCURVE('',#1037,#2968);
#2968 = DEFINITIONAL_REPRESENTATION('',(#2969),#2973);
#2969 = LINE('',#2970,#2971);
#2970 = CARTESIAN_POINT('',(0.,0.));
#2971 = VECTOR('',#2972,1.);
#2972 = DIRECTION('',(-1.,0.));
#2973 = ( GEOMETRIC_REPRESENTATION_CONTEXT(2) 
PARAMETRIC_REPRESENTATION_CONTEXT() REPRESENTATION_CONTEXT('2D SPACE',''
  ) );
#2974 = ORIENTED_EDGE('',*,*,#2792,.T.);
#2975 = ADVANCED_FACE('',(#2976,#3005,#3009),#2082,.F.);
#2976 = FACE_BOUND('',#2977,.T.);
#2977 = EDGE_LOOP('',(#2978,#3004));
#2978 = ORIENTED_EDGE('',*,*,#2979,.F.);
#2979 = EDGE_CURVE('',#2033,#2066,#2980,.T.);
#2980 = SURFACE_CURVE('',#2981,(#2986,#2997),.PCURVE_S1.);
#2981 = CIRCLE('',#2982,2.1);
#2982 = AXIS2_PLACEMENT_3D('',#2983,#2984,#2985);
#2983 = CARTESIAN_POINT('',(36.,-5.273559361418E-15,-47.49999995));
#2984 = DIRECTION('',(-2.22044604925E-16,-1.110223024625E-16,-1.));
#2985 = DIRECTION('',(0.,1.,-1.110223024625E-16));
#2986 = PCURVE('',#2082,#2987);
#2987 = DEFINITIONAL_REPRESENTATION('',(#2988),#2996);
#2988 = ( BOUNDED_CURVE() B_SPLINE_CURVE(2,(#2989,#2990,#2991,#2992,
#2993,#2994,#2995),.UNSPECIFIED.,.T.,.F.) B_SPLINE_CURVE_WITH_KNOTS((1,2
    ,2,2,2,1),(-2.094395102393,0.,2.094395102393,4.188790204786,
6.28318530718,8.377580409573),.UNSPECIFIED.) CURVE() 
GEOMETRIC_REPRESENTATION_ITEM() RATIONAL_B_SPLINE_CURVE((1.,0.5,1.,0.5,
1.,0.5,1.)) REPRESENTATION_ITEM('') );
#2989 = CARTESIAN_POINT('',(-8.1,39.));
#2990 = CARTESIAN_POINT('',(-8.1,42.637306695895));
#2991 = CARTESIAN_POINT('',(-4.95,40.818653347947));
#2992 = CARTESIAN_POINT('',(-1.8,39.));
#2993 = CARTESIAN_POINT('',(-4.95,37.181346652053));
#2994 = CARTESIAN_POINT('',(-8.1,35.362693304105));
#2995 = CARTESIAN_POINT('',(-8.1,39.));
#2996 = ( GEOMETRIC_REPRESENTATION_CONTEXT(2) 
PARAMETRIC_REPRESENTATION_CONTEXT() REPRESENTATION_CONTEXT('2D SPACE',''
  ) );
#2997 = PCURVE('',#2053,#2998);
#2998 = DEFINITIONAL_REPRESENTATION('',(#2999),#3003);
#2999 = LINE('',#3000,#3001);
#3000 = CARTESIAN_POINT('',(0.,0.));
#3001 = VECTOR('',#3002,1.);
#3002 = DIRECTION('',(1.,0.));
#3003 = ( GEOMETRIC_REPRESENTATION_CONTEXT(2) 
PARAMETRIC_REPRESENTATION_CONTEXT() REPRESENTATION_CONTEXT('2D SPACE',''
  ) );
#3004 = ORIENTED_EDGE('',*,*,#2065,.F.);
#3005 = FACE_BOUND('',#3006,.T.);
#3006 = EDGE_LOOP('',(#3007,#3008));
#3007 = ORIENTED_EDGE('',*,*,#2443,.F.);
#3008 = ORIENTED_EDGE('',*,*,#2325,.F.);
#3009 = FACE_BOUND('',#3010,.T.);
#3010 = EDGE_LOOP('',(#3011,#3036,#3059,#3082,#3110,#3133,#3154,#3155));
#3011 = ORIENTED_EDGE('',*,*,#3012,.F.);
#3012 = EDGE_CURVE('',#3013,#3015,#3017,.T.);
#3013 = VERTEX_POINT('',#3014);
#3014 = CARTESIAN_POINT('',(-2.,-6.,-47.49999995));
#3015 = VERTEX_POINT('',#3016);
#3016 = CARTESIAN_POINT('',(41.,-6.,-47.49999995));
#3017 = SURFACE_CURVE('',#3018,(#3022,#3029),.PCURVE_S1.);
#3018 = LINE('',#3019,#3020);
#3019 = CARTESIAN_POINT('',(-3.,-6.,-47.49999995));
#3020 = VECTOR('',#3021,1.);
#3021 = DIRECTION('',(1.,-2.465190328816E-32,-2.22044604925E-16));
#3022 = PCURVE('',#2082,#3023);
#3023 = DEFINITIONAL_REPRESENTATION('',(#3024),#3028);
#3024 = LINE('',#3025,#3026);
#3025 = CARTESIAN_POINT('',(0.,0.));
#3026 = VECTOR('',#3027,1.);
#3027 = DIRECTION('',(0.,1.));
#3028 = ( GEOMETRIC_REPRESENTATION_CONTEXT(2) 
PARAMETRIC_REPRESENTATION_CONTEXT() REPRESENTATION_CONTEXT('2D SPACE',''
  ) );
#3029 = PCURVE('',#1037,#3030);
#3030 = DEFINITIONAL_REPRESENTATION('',(#3031),#3035);
#3031 = LINE('',#3032,#3033);
#3032 = CARTESIAN_POINT('',(-65.,-2.22044604925E-16));
#3033 = VECTOR('',#3034,1.);
#3034 = DIRECTION('',(0.,1.));
#3035 = ( GEOMETRIC_REPRESENTATION_CONTEXT(2) 
PARAMETRIC_REPRESENTATION_CONTEXT() REPRESENTATION_CONTEXT('2D SPACE',''
  ) );
#3036 = ORIENTED_EDGE('',*,*,#3037,.T.);
#3037 = EDGE_CURVE('',#3013,#3038,#3040,.T.);
#3038 = VERTEX_POINT('',#3039);
#3039 = CARTESIAN_POINT('',(-2.,6.,-47.49999995));
#3040 = SURFACE_CURVE('',#3041,(#3045,#3052),.PCURVE_S1.);
#3041 = LINE('',#3042,#3043);
#3042 = CARTESIAN_POINT('',(-2.,-6.,-47.49999995));
#3043 = VECTOR('',#3044,1.);
#3044 = DIRECTION('',(0.,1.,-1.110223024625E-16));
#3045 = PCURVE('',#2082,#3046);
#3046 = DEFINITIONAL_REPRESENTATION('',(#3047),#3051);
#3047 = LINE('',#3048,#3049);
#3048 = CARTESIAN_POINT('',(0.,1.));
#3049 = VECTOR('',#3050,1.);
#3050 = DIRECTION('',(-1.,0.));
#3051 = ( GEOMETRIC_REPRESENTATION_CONTEXT(2) 
PARAMETRIC_REPRESENTATION_CONTEXT() REPRESENTATION_CONTEXT('2D SPACE',''
  ) );
#3052 = PCURVE('',#2942,#3053);
#3053 = DEFINITIONAL_REPRESENTATION('',(#3054),#3058);
#3054 = LINE('',#3055,#3056);
#3055 = CARTESIAN_POINT('',(0.,0.));
#3056 = VECTOR('',#3057,1.);
#3057 = DIRECTION('',(1.,0.));
#3058 = ( GEOMETRIC_REPRESENTATION_CONTEXT(2) 
PARAMETRIC_REPRESENTATION_CONTEXT() REPRESENTATION_CONTEXT('2D SPACE',''
  ) );
#3059 = ORIENTED_EDGE('',*,*,#3060,.T.);
#3060 = EDGE_CURVE('',#3038,#3061,#3063,.T.);
#3061 = VERTEX_POINT('',#3062);
#3062 = CARTESIAN_POINT('',(-0.5,6.,-47.49999995));
#3063 = SURFACE_CURVE('',#3064,(#3068,#3075),.PCURVE_S1.);
#3064 = LINE('',#3065,#3066);
#3065 = CARTESIAN_POINT('',(-3.,6.,-47.49999995));
#3066 = VECTOR('',#3067,1.);
#3067 = DIRECTION('',(1.,-2.465190328816E-32,-2.22044604925E-16));
#3068 = PCURVE('',#2082,#3069);
#3069 = DEFINITIONAL_REPRESENTATION('',(#3070),#3074);
#3070 = LINE('',#3071,#3072);
#3071 = CARTESIAN_POINT('',(-12.,-2.958228394579E-31));
#3072 = VECTOR('',#3073,1.);
#3073 = DIRECTION('',(0.,1.));
#3074 = ( GEOMETRIC_REPRESENTATION_CONTEXT(2) 
PARAMETRIC_REPRESENTATION_CONTEXT() REPRESENTATION_CONTEXT('2D SPACE',''
  ) );
#3075 = PCURVE('',#123,#3076);
#3076 = DEFINITIONAL_REPRESENTATION('',(#3077),#3081);
#3077 = LINE('',#3078,#3079);
#3078 = CARTESIAN_POINT('',(-65.,-2.22044604925E-16));
#3079 = VECTOR('',#3080,1.);
#3080 = DIRECTION('',(0.,1.));
#3081 = ( GEOMETRIC_REPRESENTATION_CONTEXT(2) 
PARAMETRIC_REPRESENTATION_CONTEXT() REPRESENTATION_CONTEXT('2D SPACE',''
  ) );
#3082 = ORIENTED_EDGE('',*,*,#3083,.F.);
#3083 = EDGE_CURVE('',#3084,#3061,#3086,.T.);
#3084 = VERTEX_POINT('',#3085);
#3085 = CARTESIAN_POINT('',(-0.5,4.,-47.49999995));
#3086 = SURFACE_CURVE('',#3087,(#3091,#3098),.PCURVE_S1.);
#3087 = LINE('',#3088,#3089);
#3088 = CARTESIAN_POINT('',(-0.5,4.,-47.49999995));
#3089 = VECTOR('',#3090,1.);
#3090 = DIRECTION('',(0.,1.,-1.110223024625E-16));
#3091 = PCURVE('',#2082,#3092);
#3092 = DEFINITIONAL_REPRESENTATION('',(#3093),#3097);
#3093 = LINE('',#3094,#3095);
#3094 = CARTESIAN_POINT('',(-10.,2.5));
#3095 = VECTOR('',#3096,1.);
#3096 = DIRECTION('',(-1.,0.));
#3097 = ( GEOMETRIC_REPRESENTATION_CONTEXT(2) 
PARAMETRIC_REPRESENTATION_CONTEXT() REPRESENTATION_CONTEXT('2D SPACE',''
  ) );
#3098 = PCURVE('',#3099,#3104);
#3099 = PLANE('',#3100);
#3100 = AXIS2_PLACEMENT_3D('',#3101,#3102,#3103);
#3101 = CARTESIAN_POINT('',(-0.5,4.,-47.49999995));
#3102 = DIRECTION('',(-1.,2.465190328816E-32,2.22044604925E-16));
#3103 = DIRECTION('',(0.,1.,-1.110223024625E-16));
#3104 = DEFINITIONAL_REPRESENTATION('',(#3105),#3109);
#3105 = LINE('',#3106,#3107);
#3106 = CARTESIAN_POINT('',(0.,-0.));
#3107 = VECTOR('',#3108,1.);
#3108 = DIRECTION('',(1.,0.));
#3109 = ( GEOMETRIC_REPRESENTATION_CONTEXT(2) 
PARAMETRIC_REPRESENTATION_CONTEXT() REPRESENTATION_CONTEXT('2D SPACE',''
  ) );
#3110 = ORIENTED_EDGE('',*,*,#3111,.F.);
#3111 = EDGE_CURVE('',#3112,#3084,#3114,.T.);
#3112 = VERTEX_POINT('',#3113);
#3113 = CARTESIAN_POINT('',(39.5,4.,-47.49999995));
#3114 = SURFACE_CURVE('',#3115,(#3119,#3126),.PCURVE_S1.);
#3115 = LINE('',#3116,#3117);
#3116 = CARTESIAN_POINT('',(39.5,4.,-47.49999995));
#3117 = VECTOR('',#3118,1.);
#3118 = DIRECTION('',(-1.,2.465190328816E-32,2.22044604925E-16));
#3119 = PCURVE('',#2082,#3120);
#3120 = DEFINITIONAL_REPRESENTATION('',(#3121),#3125);
#3121 = LINE('',#3122,#3123);
#3122 = CARTESIAN_POINT('',(-10.,42.5));
#3123 = VECTOR('',#3124,1.);
#3124 = DIRECTION('',(0.,-1.));
#3125 = ( GEOMETRIC_REPRESENTATION_CONTEXT(2) 
PARAMETRIC_REPRESENTATION_CONTEXT() REPRESENTATION_CONTEXT('2D SPACE',''
  ) );
#3126 = PCURVE('',#1211,#3127);
#3127 = DEFINITIONAL_REPRESENTATION('',(#3128),#3132);
#3128 = LINE('',#3129,#3130);
#3129 = CARTESIAN_POINT('',(-65.,42.5));
#3130 = VECTOR('',#3131,1.);
#3131 = DIRECTION('',(0.,-1.));
#3132 = ( GEOMETRIC_REPRESENTATION_CONTEXT(2) 
PARAMETRIC_REPRESENTATION_CONTEXT() REPRESENTATION_CONTEXT('2D SPACE',''
  ) );
#3133 = ORIENTED_EDGE('',*,*,#3134,.T.);
#3134 = EDGE_CURVE('',#3112,#2604,#3135,.T.);
#3135 = SURFACE_CURVE('',#3136,(#3140,#3147),.PCURVE_S1.);
#3136 = LINE('',#3137,#3138);
#3137 = CARTESIAN_POINT('',(39.5,4.,-47.49999995));
#3138 = VECTOR('',#3139,1.);
#3139 = DIRECTION('',(0.,1.,-1.110223024625E-16));
#3140 = PCURVE('',#2082,#3141);
#3141 = DEFINITIONAL_REPRESENTATION('',(#3142),#3146);
#3142 = LINE('',#3143,#3144);
#3143 = CARTESIAN_POINT('',(-10.,42.5));
#3144 = VECTOR('',#3145,1.);
#3145 = DIRECTION('',(-1.,0.));
#3146 = ( GEOMETRIC_REPRESENTATION_CONTEXT(2) 
PARAMETRIC_REPRESENTATION_CONTEXT() REPRESENTATION_CONTEXT('2D SPACE',''
  ) );
#3147 = PCURVE('',#2642,#3148);
#3148 = DEFINITIONAL_REPRESENTATION('',(#3149),#3153);
#3149 = LINE('',#3150,#3151);
#3150 = CARTESIAN_POINT('',(0.,-0.));
#3151 = VECTOR('',#3152,1.);
#3152 = DIRECTION('',(-1.,0.));
#3153 = ( GEOMETRIC_REPRESENTATION_CONTEXT(2) 
PARAMETRIC_REPRESENTATION_CONTEXT() REPRESENTATION_CONTEXT('2D SPACE',''
  ) );
#3154 = ORIENTED_EDGE('',*,*,#2603,.T.);
#3155 = ORIENTED_EDGE('',*,*,#3156,.T.);
#3156 = EDGE_CURVE('',#2576,#3015,#3157,.T.);
#3157 = SURFACE_CURVE('',#3158,(#3162,#3169),.PCURVE_S1.);
#3158 = LINE('',#3159,#3160);
#3159 = CARTESIAN_POINT('',(41.,-6.,-47.49999995));
#3160 = VECTOR('',#3161,1.);
#3161 = DIRECTION('',(0.,-1.,1.110223024625E-16));
#3162 = PCURVE('',#2082,#3163);
#3163 = DEFINITIONAL_REPRESENTATION('',(#3164),#3168);
#3164 = LINE('',#3165,#3166);
#3165 = CARTESIAN_POINT('',(-7.88860905221E-31,44.));
#3166 = VECTOR('',#3167,1.);
#3167 = DIRECTION('',(1.,0.));
#3168 = ( GEOMETRIC_REPRESENTATION_CONTEXT(2) 
PARAMETRIC_REPRESENTATION_CONTEXT() REPRESENTATION_CONTEXT('2D SPACE',''
  ) );
#3169 = PCURVE('',#2591,#3170);
#3170 = DEFINITIONAL_REPRESENTATION('',(#3171),#3175);
#3171 = LINE('',#3172,#3173);
#3172 = CARTESIAN_POINT('',(1.110223024625E-16,1.414213562373));
#3173 = VECTOR('',#3174,1.);
#3174 = DIRECTION('',(-1.,0.));
#3175 = ( GEOMETRIC_REPRESENTATION_CONTEXT(2) 
PARAMETRIC_REPRESENTATION_CONTEXT() REPRESENTATION_CONTEXT('2D SPACE',''
  ) );
#3176 = ADVANCED_FACE('',(#3177),#2563,.F.);
#3177 = FACE_BOUND('',#3178,.T.);
#3178 = EDGE_LOOP('',(#3179,#3204,#3225,#3226));
#3179 = ORIENTED_EDGE('',*,*,#3180,.F.);
#3180 = EDGE_CURVE('',#3181,#3183,#3185,.T.);
#3181 = VERTEX_POINT('',#3182);
#3182 = CARTESIAN_POINT('',(42.,-6.,-46.49999995));
#3183 = VERTEX_POINT('',#3184);
#3184 = CARTESIAN_POINT('',(42.,-6.,46.50000005));
#3185 = SURFACE_CURVE('',#3186,(#3190,#3197),.PCURVE_S1.);
#3186 = LINE('',#3187,#3188);
#3187 = CARTESIAN_POINT('',(42.,-6.,-47.49999995));
#3188 = VECTOR('',#3189,1.);
#3189 = DIRECTION('',(7.596262800063E-17,1.110223024625E-16,1.));
#3190 = PCURVE('',#2563,#3191);
#3191 = DEFINITIONAL_REPRESENTATION('',(#3192),#3196);
#3192 = LINE('',#3193,#3194);
#3193 = CARTESIAN_POINT('',(-0.,0.));
#3194 = VECTOR('',#3195,1.);
#3195 = DIRECTION('',(-1.,0.));
#3196 = ( GEOMETRIC_REPRESENTATION_CONTEXT(2) 
PARAMETRIC_REPRESENTATION_CONTEXT() REPRESENTATION_CONTEXT('2D SPACE',''
  ) );
#3197 = PCURVE('',#1037,#3198);
#3198 = DEFINITIONAL_REPRESENTATION('',(#3199),#3203);
#3199 = LINE('',#3200,#3201);
#3200 = CARTESIAN_POINT('',(-65.,45.));
#3201 = VECTOR('',#3202,1.);
#3202 = DIRECTION('',(1.,-1.460819769244E-16));
#3203 = ( GEOMETRIC_REPRESENTATION_CONTEXT(2) 
PARAMETRIC_REPRESENTATION_CONTEXT() REPRESENTATION_CONTEXT('2D SPACE',''
  ) );
#3204 = ORIENTED_EDGE('',*,*,#3205,.T.);
#3205 = EDGE_CURVE('',#3181,#2541,#3206,.T.);
#3206 = SURFACE_CURVE('',#3207,(#3211,#3218),.PCURVE_S1.);
#3207 = LINE('',#3208,#3209);
#3208 = CARTESIAN_POINT('',(42.,-6.,-46.49999995));
#3209 = VECTOR('',#3210,1.);
#3210 = DIRECTION('',(0.,1.,-1.110223024625E-16));
#3211 = PCURVE('',#2563,#3212);
#3212 = DEFINITIONAL_REPRESENTATION('',(#3213),#3217);
#3213 = LINE('',#3214,#3215);
#3214 = CARTESIAN_POINT('',(-1.,1.110223024625E-16));
#3215 = VECTOR('',#3216,1.);
#3216 = DIRECTION('',(0.,-1.));
#3217 = ( GEOMETRIC_REPRESENTATION_CONTEXT(2) 
PARAMETRIC_REPRESENTATION_CONTEXT() REPRESENTATION_CONTEXT('2D SPACE',''
  ) );
#3218 = PCURVE('',#2591,#3219);
#3219 = DEFINITIONAL_REPRESENTATION('',(#3220),#3224);
#3220 = LINE('',#3221,#3222);
#3221 = CARTESIAN_POINT('',(0.,-0.));
#3222 = VECTOR('',#3223,1.);
#3223 = DIRECTION('',(1.,0.));
#3224 = ( GEOMETRIC_REPRESENTATION_CONTEXT(2) 
PARAMETRIC_REPRESENTATION_CONTEXT() REPRESENTATION_CONTEXT('2D SPACE',''
  ) );
#3225 = ORIENTED_EDGE('',*,*,#2540,.T.);
#3226 = ORIENTED_EDGE('',*,*,#3227,.T.);
#3227 = EDGE_CURVE('',#2543,#3183,#3228,.T.);
#3228 = SURFACE_CURVE('',#3229,(#3233,#3240),.PCURVE_S1.);
#3229 = LINE('',#3230,#3231);
#3230 = CARTESIAN_POINT('',(42.,-6.,46.50000005));
#3231 = VECTOR('',#3232,1.);
#3232 = DIRECTION('',(0.,-1.,1.110223024625E-16));
#3233 = PCURVE('',#2563,#3234);
#3234 = DEFINITIONAL_REPRESENTATION('',(#3235),#3239);
#3235 = LINE('',#3236,#3237);
#3236 = CARTESIAN_POINT('',(-94.,-2.22044604925E-16));
#3237 = VECTOR('',#3238,1.);
#3238 = DIRECTION('',(0.,1.));
#3239 = ( GEOMETRIC_REPRESENTATION_CONTEXT(2) 
PARAMETRIC_REPRESENTATION_CONTEXT() REPRESENTATION_CONTEXT('2D SPACE',''
  ) );
#3240 = PCURVE('',#2696,#3241);
#3241 = DEFINITIONAL_REPRESENTATION('',(#3242),#3246);
#3242 = LINE('',#3243,#3244);
#3243 = CARTESIAN_POINT('',(1.110223024625E-16,1.414213562373));
#3244 = VECTOR('',#3245,1.);
#3245 = DIRECTION('',(-1.,0.));
#3246 = ( GEOMETRIC_REPRESENTATION_CONTEXT(2) 
PARAMETRIC_REPRESENTATION_CONTEXT() REPRESENTATION_CONTEXT('2D SPACE',''
  ) );
#3247 = ADVANCED_FACE('',(#3248),#2670,.F.);
#3248 = FACE_BOUND('',#3249,.T.);
#3249 = EDGE_LOOP('',(#3250,#3275,#3303,#3326,#3347,#3348,#3371,#3394));
#3250 = ORIENTED_EDGE('',*,*,#3251,.T.);
#3251 = EDGE_CURVE('',#3252,#3254,#3256,.T.);
#3252 = VERTEX_POINT('',#3253);
#3253 = CARTESIAN_POINT('',(-0.5,6.,47.50000005));
#3254 = VERTEX_POINT('',#3255);
#3255 = CARTESIAN_POINT('',(-41.,6.,47.50000005));
#3256 = SURFACE_CURVE('',#3257,(#3261,#3268),.PCURVE_S1.);
#3257 = LINE('',#3258,#3259);
#3258 = CARTESIAN_POINT('',(42.,6.,47.50000005));
#3259 = VECTOR('',#3260,1.);
#3260 = DIRECTION('',(-1.,6.309713341616E-33,5.683284530823E-17));
#3261 = PCURVE('',#2670,#3262);
#3262 = DEFINITIONAL_REPRESENTATION('',(#3263),#3267);
#3263 = LINE('',#3264,#3265);
#3264 = CARTESIAN_POINT('',(-7.571656009939E-32,-12.));
#3265 = VECTOR('',#3266,1.);
#3266 = DIRECTION('',(-1.,0.));
#3267 = ( GEOMETRIC_REPRESENTATION_CONTEXT(2) 
PARAMETRIC_REPRESENTATION_CONTEXT() REPRESENTATION_CONTEXT('2D SPACE',''
  ) );
#3268 = PCURVE('',#123,#3269);
#3269 = DEFINITIONAL_REPRESENTATION('',(#3270),#3274);
#3270 = LINE('',#3271,#3272);
#3271 = CARTESIAN_POINT('',(30.,45.));
#3272 = VECTOR('',#3273,1.);
#3273 = DIRECTION('',(-1.652117596168E-16,-1.));
#3274 = ( GEOMETRIC_REPRESENTATION_CONTEXT(2) 
PARAMETRIC_REPRESENTATION_CONTEXT() REPRESENTATION_CONTEXT('2D SPACE',''
  ) );
#3275 = ORIENTED_EDGE('',*,*,#3276,.T.);
#3276 = EDGE_CURVE('',#3254,#3277,#3279,.T.);
#3277 = VERTEX_POINT('',#3278);
#3278 = CARTESIAN_POINT('',(-41.,-6.,47.50000005));
#3279 = SURFACE_CURVE('',#3280,(#3284,#3291),.PCURVE_S1.);
#3280 = LINE('',#3281,#3282);
#3281 = CARTESIAN_POINT('',(-41.,-6.,47.50000005));
#3282 = VECTOR('',#3283,1.);
#3283 = DIRECTION('',(0.,-1.,1.110223024625E-16));
#3284 = PCURVE('',#2670,#3285);
#3285 = DEFINITIONAL_REPRESENTATION('',(#3286),#3290);
#3286 = LINE('',#3287,#3288);
#3287 = CARTESIAN_POINT('',(-83.,7.88860905221E-31));
#3288 = VECTOR('',#3289,1.);
#3289 = DIRECTION('',(0.,1.));
#3290 = ( GEOMETRIC_REPRESENTATION_CONTEXT(2) 
PARAMETRIC_REPRESENTATION_CONTEXT() REPRESENTATION_CONTEXT('2D SPACE',''
  ) );
#3291 = PCURVE('',#3292,#3297);
#3292 = PLANE('',#3293);
#3293 = AXIS2_PLACEMENT_3D('',#3294,#3295,#3296);
#3294 = CARTESIAN_POINT('',(-42.,-6.,46.50000005));
#3295 = DIRECTION('',(0.707106781187,-7.850462293419E-17,-0.707106781187
    ));
#3296 = DIRECTION('',(0.,1.,-1.110223024625E-16));
#3297 = DEFINITIONAL_REPRESENTATION('',(#3298),#3302);
#3298 = LINE('',#3299,#3300);
#3299 = CARTESIAN_POINT('',(-1.110223024625E-16,1.414213562373));
#3300 = VECTOR('',#3301,1.);
#3301 = DIRECTION('',(-1.,0.));
#3302 = ( GEOMETRIC_REPRESENTATION_CONTEXT(2) 
PARAMETRIC_REPRESENTATION_CONTEXT() REPRESENTATION_CONTEXT('2D SPACE',''
  ) );
#3303 = ORIENTED_EDGE('',*,*,#3304,.F.);
#3304 = EDGE_CURVE('',#3305,#3277,#3307,.T.);
#3305 = VERTEX_POINT('',#3306);
#3306 = CARTESIAN_POINT('',(41.,-6.,47.50000005));
#3307 = SURFACE_CURVE('',#3308,(#3312,#3319),.PCURVE_S1.);
#3308 = LINE('',#3309,#3310);
#3309 = CARTESIAN_POINT('',(42.,-6.,47.50000005));
#3310 = VECTOR('',#3311,1.);
#3311 = DIRECTION('',(-1.,6.309713341616E-33,5.683284530823E-17));
#3312 = PCURVE('',#2670,#3313);
#3313 = DEFINITIONAL_REPRESENTATION('',(#3314),#3318);
#3314 = LINE('',#3315,#3316);
#3315 = CARTESIAN_POINT('',(0.,0.));
#3316 = VECTOR('',#3317,1.);
#3317 = DIRECTION('',(-1.,0.));
#3318 = ( GEOMETRIC_REPRESENTATION_CONTEXT(2) 
PARAMETRIC_REPRESENTATION_CONTEXT() REPRESENTATION_CONTEXT('2D SPACE',''
  ) );
#3319 = PCURVE('',#1037,#3320);
#3320 = DEFINITIONAL_REPRESENTATION('',(#3321),#3325);
#3321 = LINE('',#3322,#3323);
#3322 = CARTESIAN_POINT('',(30.,45.));
#3323 = VECTOR('',#3324,1.);
#3324 = DIRECTION('',(-1.652117596168E-16,-1.));
#3325 = ( GEOMETRIC_REPRESENTATION_CONTEXT(2) 
PARAMETRIC_REPRESENTATION_CONTEXT() REPRESENTATION_CONTEXT('2D SPACE',''
  ) );
#3326 = ORIENTED_EDGE('',*,*,#3327,.T.);
#3327 = EDGE_CURVE('',#3305,#2655,#3328,.T.);
#3328 = SURFACE_CURVE('',#3329,(#3333,#3340),.PCURVE_S1.);
#3329 = LINE('',#3330,#3331);
#3330 = CARTESIAN_POINT('',(41.,-6.,47.50000005));
#3331 = VECTOR('',#3332,1.);
#3332 = DIRECTION('',(0.,1.,-1.110223024625E-16));
#3333 = PCURVE('',#2670,#3334);
#3334 = DEFINITIONAL_REPRESENTATION('',(#3335),#3339);
#3335 = LINE('',#3336,#3337);
#3336 = CARTESIAN_POINT('',(-1.,0.));
#3337 = VECTOR('',#3338,1.);
#3338 = DIRECTION('',(0.,-1.));
#3339 = ( GEOMETRIC_REPRESENTATION_CONTEXT(2) 
PARAMETRIC_REPRESENTATION_CONTEXT() REPRESENTATION_CONTEXT('2D SPACE',''
  ) );
#3340 = PCURVE('',#2696,#3341);
#3341 = DEFINITIONAL_REPRESENTATION('',(#3342),#3346);
#3342 = LINE('',#3343,#3344);
#3343 = CARTESIAN_POINT('',(0.,0.));
#3344 = VECTOR('',#3345,1.);
#3345 = DIRECTION('',(1.,0.));
#3346 = ( GEOMETRIC_REPRESENTATION_CONTEXT(2) 
PARAMETRIC_REPRESENTATION_CONTEXT() REPRESENTATION_CONTEXT('2D SPACE',''
  ) );
#3347 = ORIENTED_EDGE('',*,*,#2654,.T.);
#3348 = ORIENTED_EDGE('',*,*,#3349,.F.);
#3349 = EDGE_CURVE('',#3350,#2627,#3352,.T.);
#3350 = VERTEX_POINT('',#3351);
#3351 = CARTESIAN_POINT('',(39.5,4.,47.50000005));
#3352 = SURFACE_CURVE('',#3353,(#3357,#3364),.PCURVE_S1.);
#3353 = LINE('',#3354,#3355);
#3354 = CARTESIAN_POINT('',(39.5,4.,47.50000005));
#3355 = VECTOR('',#3356,1.);
#3356 = DIRECTION('',(0.,1.,-1.110223024625E-16));
#3357 = PCURVE('',#2670,#3358);
#3358 = DEFINITIONAL_REPRESENTATION('',(#3359),#3363);
#3359 = LINE('',#3360,#3361);
#3360 = CARTESIAN_POINT('',(-2.5,-10.));
#3361 = VECTOR('',#3362,1.);
#3362 = DIRECTION('',(0.,-1.));
#3363 = ( GEOMETRIC_REPRESENTATION_CONTEXT(2) 
PARAMETRIC_REPRESENTATION_CONTEXT() REPRESENTATION_CONTEXT('2D SPACE',''
  ) );
#3364 = PCURVE('',#2642,#3365);
#3365 = DEFINITIONAL_REPRESENTATION('',(#3366),#3370);
#3366 = LINE('',#3367,#3368);
#3367 = CARTESIAN_POINT('',(-1.110223024625E-16,-95.));
#3368 = VECTOR('',#3369,1.);
#3369 = DIRECTION('',(-1.,0.));
#3370 = ( GEOMETRIC_REPRESENTATION_CONTEXT(2) 
PARAMETRIC_REPRESENTATION_CONTEXT() REPRESENTATION_CONTEXT('2D SPACE',''
  ) );
#3371 = ORIENTED_EDGE('',*,*,#3372,.F.);
#3372 = EDGE_CURVE('',#3373,#3350,#3375,.T.);
#3373 = VERTEX_POINT('',#3374);
#3374 = CARTESIAN_POINT('',(-0.5,4.,47.50000005));
#3375 = SURFACE_CURVE('',#3376,(#3380,#3387),.PCURVE_S1.);
#3376 = LINE('',#3377,#3378);
#3377 = CARTESIAN_POINT('',(39.5,4.,47.50000005));
#3378 = VECTOR('',#3379,1.);
#3379 = DIRECTION('',(1.,-2.465190328816E-32,-2.22044604925E-16));
#3380 = PCURVE('',#2670,#3381);
#3381 = DEFINITIONAL_REPRESENTATION('',(#3382),#3386);
#3382 = LINE('',#3383,#3384);
#3383 = CARTESIAN_POINT('',(-2.5,-10.));
#3384 = VECTOR('',#3385,1.);
#3385 = DIRECTION('',(1.,0.));
#3386 = ( GEOMETRIC_REPRESENTATION_CONTEXT(2) 
PARAMETRIC_REPRESENTATION_CONTEXT() REPRESENTATION_CONTEXT('2D SPACE',''
  ) );
#3387 = PCURVE('',#1211,#3388);
#3388 = DEFINITIONAL_REPRESENTATION('',(#3389),#3393);
#3389 = LINE('',#3390,#3391);
#3390 = CARTESIAN_POINT('',(30.,42.5));
#3391 = VECTOR('',#3392,1.);
#3392 = DIRECTION('',(0.,1.));
#3393 = ( GEOMETRIC_REPRESENTATION_CONTEXT(2) 
PARAMETRIC_REPRESENTATION_CONTEXT() REPRESENTATION_CONTEXT('2D SPACE',''
  ) );
#3394 = ORIENTED_EDGE('',*,*,#3395,.T.);
#3395 = EDGE_CURVE('',#3373,#3252,#3396,.T.);
#3396 = SURFACE_CURVE('',#3397,(#3401,#3408),.PCURVE_S1.);
#3397 = LINE('',#3398,#3399);
#3398 = CARTESIAN_POINT('',(-0.5,4.,47.50000005));
#3399 = VECTOR('',#3400,1.);
#3400 = DIRECTION('',(0.,1.,-1.110223024625E-16));
#3401 = PCURVE('',#2670,#3402);
#3402 = DEFINITIONAL_REPRESENTATION('',(#3403),#3407);
#3403 = LINE('',#3404,#3405);
#3404 = CARTESIAN_POINT('',(-42.5,-10.));
#3405 = VECTOR('',#3406,1.);
#3406 = DIRECTION('',(0.,-1.));
#3407 = ( GEOMETRIC_REPRESENTATION_CONTEXT(2) 
PARAMETRIC_REPRESENTATION_CONTEXT() REPRESENTATION_CONTEXT('2D SPACE',''
  ) );
#3408 = PCURVE('',#3099,#3409);
#3409 = DEFINITIONAL_REPRESENTATION('',(#3410),#3414);
#3410 = LINE('',#3411,#3412);
#3411 = CARTESIAN_POINT('',(1.110223024625E-16,-95.));
#3412 = VECTOR('',#3413,1.);
#3413 = DIRECTION('',(1.,0.));
#3414 = ( GEOMETRIC_REPRESENTATION_CONTEXT(2) 
PARAMETRIC_REPRESENTATION_CONTEXT() REPRESENTATION_CONTEXT('2D SPACE',''
  ) );
#3415 = ADVANCED_FACE('',(#3416),#3430,.F.);
#3416 = FACE_BOUND('',#3417,.T.);
#3417 = EDGE_LOOP('',(#3418,#3448,#3471,#3494));
#3418 = ORIENTED_EDGE('',*,*,#3419,.F.);
#3419 = EDGE_CURVE('',#3420,#3422,#3424,.T.);
#3420 = VERTEX_POINT('',#3421);
#3421 = CARTESIAN_POINT('',(-42.,-6.,46.50000005));
#3422 = VERTEX_POINT('',#3423);
#3423 = CARTESIAN_POINT('',(-42.,-6.,18.50000005));
#3424 = SURFACE_CURVE('',#3425,(#3429,#3441),.PCURVE_S1.);
#3425 = LINE('',#3426,#3427);
#3426 = CARTESIAN_POINT('',(-42.,-6.,47.50000005));
#3427 = VECTOR('',#3428,1.);
#3428 = DIRECTION('',(-2.22044604925E-16,-1.110223024625E-16,-1.));
#3429 = PCURVE('',#3430,#3435);
#3430 = PLANE('',#3431);
#3431 = AXIS2_PLACEMENT_3D('',#3432,#3433,#3434);
#3432 = CARTESIAN_POINT('',(-42.,-6.,47.50000005));
#3433 = DIRECTION('',(1.,-2.465190328816E-32,-2.22044604925E-16));
#3434 = DIRECTION('',(0.,-1.,1.110223024625E-16));
#3435 = DEFINITIONAL_REPRESENTATION('',(#3436),#3440);
#3436 = LINE('',#3437,#3438);
#3437 = CARTESIAN_POINT('',(0.,-0.));
#3438 = VECTOR('',#3439,1.);
#3439 = DIRECTION('',(0.,1.));
#3440 = ( GEOMETRIC_REPRESENTATION_CONTEXT(2) 
PARAMETRIC_REPRESENTATION_CONTEXT() REPRESENTATION_CONTEXT('2D SPACE',''
  ) );
#3441 = PCURVE('',#1037,#3442);
#3442 = DEFINITIONAL_REPRESENTATION('',(#3443),#3447);
#3443 = LINE('',#3444,#3445);
#3444 = CARTESIAN_POINT('',(30.,-39.));
#3445 = VECTOR('',#3446,1.);
#3446 = DIRECTION('',(-1.,0.));
#3447 = ( GEOMETRIC_REPRESENTATION_CONTEXT(2) 
PARAMETRIC_REPRESENTATION_CONTEXT() REPRESENTATION_CONTEXT('2D SPACE',''
  ) );
#3448 = ORIENTED_EDGE('',*,*,#3449,.T.);
#3449 = EDGE_CURVE('',#3420,#3450,#3452,.T.);
#3450 = VERTEX_POINT('',#3451);
#3451 = CARTESIAN_POINT('',(-42.,6.,46.50000005));
#3452 = SURFACE_CURVE('',#3453,(#3457,#3464),.PCURVE_S1.);
#3453 = LINE('',#3454,#3455);
#3454 = CARTESIAN_POINT('',(-42.,-6.,46.50000005));
#3455 = VECTOR('',#3456,1.);
#3456 = DIRECTION('',(0.,1.,-1.110223024625E-16));
#3457 = PCURVE('',#3430,#3458);
#3458 = DEFINITIONAL_REPRESENTATION('',(#3459),#3463);
#3459 = LINE('',#3460,#3461);
#3460 = CARTESIAN_POINT('',(-1.110223024625E-16,1.));
#3461 = VECTOR('',#3462,1.);
#3462 = DIRECTION('',(-1.,0.));
#3463 = ( GEOMETRIC_REPRESENTATION_CONTEXT(2) 
PARAMETRIC_REPRESENTATION_CONTEXT() REPRESENTATION_CONTEXT('2D SPACE',''
  ) );
#3464 = PCURVE('',#3292,#3465);
#3465 = DEFINITIONAL_REPRESENTATION('',(#3466),#3470);
#3466 = LINE('',#3467,#3468);
#3467 = CARTESIAN_POINT('',(0.,0.));
#3468 = VECTOR('',#3469,1.);
#3469 = DIRECTION('',(1.,0.));
#3470 = ( GEOMETRIC_REPRESENTATION_CONTEXT(2) 
PARAMETRIC_REPRESENTATION_CONTEXT() REPRESENTATION_CONTEXT('2D SPACE',''
  ) );
#3471 = ORIENTED_EDGE('',*,*,#3472,.T.);
#3472 = EDGE_CURVE('',#3450,#3473,#3475,.T.);
#3473 = VERTEX_POINT('',#3474);
#3474 = CARTESIAN_POINT('',(-42.,6.,18.50000005));
#3475 = SURFACE_CURVE('',#3476,(#3480,#3487),.PCURVE_S1.);
#3476 = LINE('',#3477,#3478);
#3477 = CARTESIAN_POINT('',(-42.,6.,47.50000005));
#3478 = VECTOR('',#3479,1.);
#3479 = DIRECTION('',(-2.22044604925E-16,-1.110223024625E-16,-1.));
#3480 = PCURVE('',#3430,#3481);
#3481 = DEFINITIONAL_REPRESENTATION('',(#3482),#3486);
#3482 = LINE('',#3483,#3484);
#3483 = CARTESIAN_POINT('',(-12.,-1.33226762955E-15));
#3484 = VECTOR('',#3485,1.);
#3485 = DIRECTION('',(0.,1.));
#3486 = ( GEOMETRIC_REPRESENTATION_CONTEXT(2) 
PARAMETRIC_REPRESENTATION_CONTEXT() REPRESENTATION_CONTEXT('2D SPACE',''
  ) );
#3487 = PCURVE('',#123,#3488);
#3488 = DEFINITIONAL_REPRESENTATION('',(#3489),#3493);
#3489 = LINE('',#3490,#3491);
#3490 = CARTESIAN_POINT('',(30.,-39.));
#3491 = VECTOR('',#3492,1.);
#3492 = DIRECTION('',(-1.,0.));
#3493 = ( GEOMETRIC_REPRESENTATION_CONTEXT(2) 
PARAMETRIC_REPRESENTATION_CONTEXT() REPRESENTATION_CONTEXT('2D SPACE',''
  ) );
#3494 = ORIENTED_EDGE('',*,*,#3495,.T.);
#3495 = EDGE_CURVE('',#3473,#3422,#3496,.T.);
#3496 = SURFACE_CURVE('',#3497,(#3501,#3508),.PCURVE_S1.);
#3497 = LINE('',#3498,#3499);
#3498 = CARTESIAN_POINT('',(-42.,-6.,18.50000005));
#3499 = VECTOR('',#3500,1.);
#3500 = DIRECTION('',(0.,-1.,1.110223024625E-16));
#3501 = PCURVE('',#3430,#3502);
#3502 = DEFINITIONAL_REPRESENTATION('',(#3503),#3507);
#3503 = LINE('',#3504,#3505);
#3504 = CARTESIAN_POINT('',(3.330669073875E-16,29.));
#3505 = VECTOR('',#3506,1.);
#3506 = DIRECTION('',(1.,0.));
#3507 = ( GEOMETRIC_REPRESENTATION_CONTEXT(2) 
PARAMETRIC_REPRESENTATION_CONTEXT() REPRESENTATION_CONTEXT('2D SPACE',''
  ) );
#3508 = PCURVE('',#2757,#3509);
#3509 = DEFINITIONAL_REPRESENTATION('',(#3510),#3514);
#3510 = LINE('',#3511,#3512);
#3511 = CARTESIAN_POINT('',(-1.110223024625E-16,1.414213562373));
#3512 = VECTOR('',#3513,1.);
#3513 = DIRECTION('',(-1.,0.));
#3514 = ( GEOMETRIC_REPRESENTATION_CONTEXT(2) 
PARAMETRIC_REPRESENTATION_CONTEXT() REPRESENTATION_CONTEXT('2D SPACE',''
  ) );
#3515 = ADVANCED_FACE('',(#3516,#3545,#3574,#3603,#3632,#3661),#1037,.F.
  );
#3516 = FACE_BOUND('',#3517,.T.);
#3517 = EDGE_LOOP('',(#3518,#3544));
#3518 = ORIENTED_EDGE('',*,*,#3519,.F.);
#3519 = EDGE_CURVE('',#988,#1021,#3520,.T.);
#3520 = SURFACE_CURVE('',#3521,(#3526,#3537),.PCURVE_S1.);
#3521 = CIRCLE('',#3522,3.25);
#3522 = AXIS2_PLACEMENT_3D('',#3523,#3524,#3525);
#3523 = CARTESIAN_POINT('',(33.5,-6.,20.50000005));
#3524 = DIRECTION('',(0.,-1.,1.110223024625E-16));
#3525 = DIRECTION('',(-2.22044604925E-16,-1.110223024625E-16,-1.));
#3526 = PCURVE('',#1037,#3527);
#3527 = DEFINITIONAL_REPRESENTATION('',(#3528),#3536);
#3528 = ( BOUNDED_CURVE() B_SPLINE_CURVE(2,(#3529,#3530,#3531,#3532,
#3533,#3534,#3535),.UNSPECIFIED.,.T.,.F.) B_SPLINE_CURVE_WITH_KNOTS((1,2
    ,2,2,2,1),(-2.094395102393,0.,2.094395102393,4.188790204786,
6.28318530718,8.377580409573),.UNSPECIFIED.) CURVE() 
GEOMETRIC_REPRESENTATION_ITEM() RATIONAL_B_SPLINE_CURVE((1.,0.5,1.,0.5,
1.,0.5,1.)) REPRESENTATION_ITEM('') );
#3529 = CARTESIAN_POINT('',(-0.25,36.5));
#3530 = CARTESIAN_POINT('',(-0.25,42.129165124599));
#3531 = CARTESIAN_POINT('',(4.625,39.314582562299));
#3532 = CARTESIAN_POINT('',(9.5,36.5));
#3533 = CARTESIAN_POINT('',(4.625,33.685417437701));
#3534 = CARTESIAN_POINT('',(-0.25,30.870834875401));
#3535 = CARTESIAN_POINT('',(-0.25,36.5));
#3536 = ( GEOMETRIC_REPRESENTATION_CONTEXT(2) 
PARAMETRIC_REPRESENTATION_CONTEXT() REPRESENTATION_CONTEXT('2D SPACE',''
  ) );
#3537 = PCURVE('',#1008,#3538);
#3538 = DEFINITIONAL_REPRESENTATION('',(#3539),#3543);
#3539 = LINE('',#3540,#3541);
#3540 = CARTESIAN_POINT('',(0.,0.));
#3541 = VECTOR('',#3542,1.);
#3542 = DIRECTION('',(1.,0.));
#3543 = ( GEOMETRIC_REPRESENTATION_CONTEXT(2) 
PARAMETRIC_REPRESENTATION_CONTEXT() REPRESENTATION_CONTEXT('2D SPACE',''
  ) );
#3544 = ORIENTED_EDGE('',*,*,#1020,.F.);
#3545 = FACE_BOUND('',#3546,.T.);
#3546 = EDGE_LOOP('',(#3547,#3573));
#3547 = ORIENTED_EDGE('',*,*,#3548,.F.);
#3548 = EDGE_CURVE('',#1229,#1262,#3549,.T.);
#3549 = SURFACE_CURVE('',#3550,(#3555,#3566),.PCURVE_S1.);
#3550 = CIRCLE('',#3551,3.25);
#3551 = AXIS2_PLACEMENT_3D('',#3552,#3553,#3554);
#3552 = CARTESIAN_POINT('',(33.5,-6.,-7.49999995));
#3553 = DIRECTION('',(0.,-1.,1.110223024625E-16));
#3554 = DIRECTION('',(-2.22044604925E-16,-1.110223024625E-16,-1.));
#3555 = PCURVE('',#1037,#3556);
#3556 = DEFINITIONAL_REPRESENTATION('',(#3557),#3565);
#3557 = ( BOUNDED_CURVE() B_SPLINE_CURVE(2,(#3558,#3559,#3560,#3561,
#3562,#3563,#3564),.UNSPECIFIED.,.T.,.F.) B_SPLINE_CURVE_WITH_KNOTS((1,2
    ,2,2,2,1),(-2.094395102393,0.,2.094395102393,4.188790204786,
6.28318530718,8.377580409573),.UNSPECIFIED.) CURVE() 
GEOMETRIC_REPRESENTATION_ITEM() RATIONAL_B_SPLINE_CURVE((1.,0.5,1.,0.5,
1.,0.5,1.)) REPRESENTATION_ITEM('') );
#3558 = CARTESIAN_POINT('',(-28.25,36.5));
#3559 = CARTESIAN_POINT('',(-28.25,42.129165124599));
#3560 = CARTESIAN_POINT('',(-23.375,39.314582562299));
#3561 = CARTESIAN_POINT('',(-18.5,36.5));
#3562 = CARTESIAN_POINT('',(-23.375,33.685417437701));
#3563 = CARTESIAN_POINT('',(-28.25,30.870834875401));
#3564 = CARTESIAN_POINT('',(-28.25,36.5));
#3565 = ( GEOMETRIC_REPRESENTATION_CONTEXT(2) 
PARAMETRIC_REPRESENTATION_CONTEXT() REPRESENTATION_CONTEXT('2D SPACE',''
  ) );
#3566 = PCURVE('',#1249,#3567);
#3567 = DEFINITIONAL_REPRESENTATION('',(#3568),#3572);
#3568 = LINE('',#3569,#3570);
#3569 = CARTESIAN_POINT('',(0.,0.));
#3570 = VECTOR('',#3571,1.);
#3571 = DIRECTION('',(1.,0.));
#3572 = ( GEOMETRIC_REPRESENTATION_CONTEXT(2) 
PARAMETRIC_REPRESENTATION_CONTEXT() REPRESENTATION_CONTEXT('2D SPACE',''
  ) );
#3573 = ORIENTED_EDGE('',*,*,#1261,.F.);
#3574 = FACE_BOUND('',#3575,.T.);
#3575 = EDGE_LOOP('',(#3576,#3602));
#3576 = ORIENTED_EDGE('',*,*,#3577,.F.);
#3577 = EDGE_CURVE('',#1460,#1493,#3578,.T.);
#3578 = SURFACE_CURVE('',#3579,(#3584,#3595),.PCURVE_S1.);
#3579 = CIRCLE('',#3580,3.25);
#3580 = AXIS2_PLACEMENT_3D('',#3581,#3582,#3583);
#3581 = CARTESIAN_POINT('',(5.5,-6.,20.50000005));
#3582 = DIRECTION('',(0.,-1.,1.110223024625E-16));
#3583 = DIRECTION('',(-2.22044604925E-16,-1.110223024625E-16,-1.));
#3584 = PCURVE('',#1037,#3585);
#3585 = DEFINITIONAL_REPRESENTATION('',(#3586),#3594);
#3586 = ( BOUNDED_CURVE() B_SPLINE_CURVE(2,(#3587,#3588,#3589,#3590,
#3591,#3592,#3593),.UNSPECIFIED.,.T.,.F.) B_SPLINE_CURVE_WITH_KNOTS((1,2
    ,2,2,2,1),(-2.094395102393,0.,2.094395102393,4.188790204786,
6.28318530718,8.377580409573),.UNSPECIFIED.) CURVE() 
GEOMETRIC_REPRESENTATION_ITEM() RATIONAL_B_SPLINE_CURVE((1.,0.5,1.,0.5,
1.,0.5,1.)) REPRESENTATION_ITEM('') );
#3587 = CARTESIAN_POINT('',(-0.25,8.5));
#3588 = CARTESIAN_POINT('',(-0.25,14.129165124599));
#3589 = CARTESIAN_POINT('',(4.625,11.314582562299));
#3590 = CARTESIAN_POINT('',(9.5,8.5));
#3591 = CARTESIAN_POINT('',(4.625,5.685417437701));
#3592 = CARTESIAN_POINT('',(-0.25,2.870834875401));
#3593 = CARTESIAN_POINT('',(-0.25,8.5));
#3594 = ( GEOMETRIC_REPRESENTATION_CONTEXT(2) 
PARAMETRIC_REPRESENTATION_CONTEXT() REPRESENTATION_CONTEXT('2D SPACE',''
  ) );
#3595 = PCURVE('',#1480,#3596);
#3596 = DEFINITIONAL_REPRESENTATION('',(#3597),#3601);
#3597 = LINE('',#3598,#3599);
#3598 = CARTESIAN_POINT('',(0.,0.));
#3599 = VECTOR('',#3600,1.);
#3600 = DIRECTION('',(1.,0.));
#3601 = ( GEOMETRIC_REPRESENTATION_CONTEXT(2) 
PARAMETRIC_REPRESENTATION_CONTEXT() REPRESENTATION_CONTEXT('2D SPACE',''
  ) );
#3602 = ORIENTED_EDGE('',*,*,#1492,.F.);
#3603 = FACE_BOUND('',#3604,.T.);
#3604 = EDGE_LOOP('',(#3605,#3631));
#3605 = ORIENTED_EDGE('',*,*,#3606,.F.);
#3606 = EDGE_CURVE('',#1691,#1724,#3607,.T.);
#3607 = SURFACE_CURVE('',#3608,(#3613,#3624),.PCURVE_S1.);
#3608 = CIRCLE('',#3609,3.25);
#3609 = AXIS2_PLACEMENT_3D('',#3610,#3611,#3612);
#3610 = CARTESIAN_POINT('',(5.5,-6.,-7.49999995));
#3611 = DIRECTION('',(0.,-1.,1.110223024625E-16));
#3612 = DIRECTION('',(-2.22044604925E-16,-1.110223024625E-16,-1.));
#3613 = PCURVE('',#1037,#3614);
#3614 = DEFINITIONAL_REPRESENTATION('',(#3615),#3623);
#3615 = ( BOUNDED_CURVE() B_SPLINE_CURVE(2,(#3616,#3617,#3618,#3619,
#3620,#3621,#3622),.UNSPECIFIED.,.T.,.F.) B_SPLINE_CURVE_WITH_KNOTS((1,2
    ,2,2,2,1),(-2.094395102393,0.,2.094395102393,4.188790204786,
6.28318530718,8.377580409573),.UNSPECIFIED.) CURVE() 
GEOMETRIC_REPRESENTATION_ITEM() RATIONAL_B_SPLINE_CURVE((1.,0.5,1.,0.5,
1.,0.5,1.)) REPRESENTATION_ITEM('') );
#3616 = CARTESIAN_POINT('',(-28.25,8.5));
#3617 = CARTESIAN_POINT('',(-28.25,14.129165124599));
#3618 = CARTESIAN_POINT('',(-23.375,11.314582562299));
#3619 = CARTESIAN_POINT('',(-18.5,8.5));
#3620 = CARTESIAN_POINT('',(-23.375,5.685417437701));
#3621 = CARTESIAN_POINT('',(-28.25,2.870834875401));
#3622 = CARTESIAN_POINT('',(-28.25,8.5));
#3623 = ( GEOMETRIC_REPRESENTATION_CONTEXT(2) 
PARAMETRIC_REPRESENTATION_CONTEXT() REPRESENTATION_CONTEXT('2D SPACE',''
  ) );
#3624 = PCURVE('',#1711,#3625);
#3625 = DEFINITIONAL_REPRESENTATION('',(#3626),#3630);
#3626 = LINE('',#3627,#3628);
#3627 = CARTESIAN_POINT('',(0.,0.));
#3628 = VECTOR('',#3629,1.);
#3629 = DIRECTION('',(1.,0.));
#3630 = ( GEOMETRIC_REPRESENTATION_CONTEXT(2) 
PARAMETRIC_REPRESENTATION_CONTEXT() REPRESENTATION_CONTEXT('2D SPACE',''
  ) );
#3631 = ORIENTED_EDGE('',*,*,#1723,.F.);
#3632 = FACE_BOUND('',#3633,.T.);
#3633 = EDGE_LOOP('',(#3634,#3660));
#3634 = ORIENTED_EDGE('',*,*,#3635,.F.);
#3635 = EDGE_CURVE('',#1922,#1955,#3636,.T.);
#3636 = SURFACE_CURVE('',#3637,(#3642,#3653),.PCURVE_S1.);
#3637 = CIRCLE('',#3638,10.);
#3638 = AXIS2_PLACEMENT_3D('',#3639,#3640,#3641);
#3639 = CARTESIAN_POINT('',(-27.,-6.,32.50000005));
#3640 = DIRECTION('',(0.,-1.,1.110223024625E-16));
#3641 = DIRECTION('',(-2.22044604925E-16,-1.110223024625E-16,-1.));
#3642 = PCURVE('',#1037,#3643);
#3643 = DEFINITIONAL_REPRESENTATION('',(#3644),#3652);
#3644 = ( BOUNDED_CURVE() B_SPLINE_CURVE(2,(#3645,#3646,#3647,#3648,
#3649,#3650,#3651),.UNSPECIFIED.,.T.,.F.) B_SPLINE_CURVE_WITH_KNOTS((1,2
    ,2,2,2,1),(-2.094395102393,0.,2.094395102393,4.188790204786,
6.28318530718,8.377580409573),.UNSPECIFIED.) CURVE() 
GEOMETRIC_REPRESENTATION_ITEM() RATIONAL_B_SPLINE_CURVE((1.,0.5,1.,0.5,
1.,0.5,1.)) REPRESENTATION_ITEM('') );
#3645 = CARTESIAN_POINT('',(5.,-24.));
#3646 = CARTESIAN_POINT('',(5.,-6.679491924311));
#3647 = CARTESIAN_POINT('',(20.,-15.33974596215));
#3648 = CARTESIAN_POINT('',(35.,-24.));
#3649 = CARTESIAN_POINT('',(20.,-32.66025403784));
#3650 = CARTESIAN_POINT('',(5.,-41.32050807568));
#3651 = CARTESIAN_POINT('',(5.,-24.));
#3652 = ( GEOMETRIC_REPRESENTATION_CONTEXT(2) 
PARAMETRIC_REPRESENTATION_CONTEXT() REPRESENTATION_CONTEXT('2D SPACE',''
  ) );
#3653 = PCURVE('',#1942,#3654);
#3654 = DEFINITIONAL_REPRESENTATION('',(#3655),#3659);
#3655 = LINE('',#3656,#3657);
#3656 = CARTESIAN_POINT('',(0.,9.));
#3657 = VECTOR('',#3658,1.);
#3658 = DIRECTION('',(1.,0.));
#3659 = ( GEOMETRIC_REPRESENTATION_CONTEXT(2) 
PARAMETRIC_REPRESENTATION_CONTEXT() REPRESENTATION_CONTEXT('2D SPACE',''
  ) );
#3660 = ORIENTED_EDGE('',*,*,#1954,.F.);
#3661 = FACE_BOUND('',#3662,.T.);
#3662 = EDGE_LOOP('',(#3663,#3664,#3685,#3686,#3707,#3708,#3709,#3730,
    #3731,#3752,#3753));
#3663 = ORIENTED_EDGE('',*,*,#3304,.T.);
#3664 = ORIENTED_EDGE('',*,*,#3665,.T.);
#3665 = EDGE_CURVE('',#3277,#3420,#3666,.T.);
#3666 = SURFACE_CURVE('',#3667,(#3671,#3678),.PCURVE_S1.);
#3667 = LINE('',#3668,#3669);
#3668 = CARTESIAN_POINT('',(-42.,-6.,46.50000005));
#3669 = VECTOR('',#3670,1.);
#3670 = DIRECTION('',(-0.707106781187,-7.850462293419E-17,
    -0.707106781187));
#3671 = PCURVE('',#1037,#3672);
#3672 = DEFINITIONAL_REPRESENTATION('',(#3673),#3677);
#3673 = LINE('',#3674,#3675);
#3674 = CARTESIAN_POINT('',(29.,-39.));
#3675 = VECTOR('',#3676,1.);
#3676 = DIRECTION('',(-0.707106781187,-0.707106781187));
#3677 = ( GEOMETRIC_REPRESENTATION_CONTEXT(2) 
PARAMETRIC_REPRESENTATION_CONTEXT() REPRESENTATION_CONTEXT('2D SPACE',''
  ) );
#3678 = PCURVE('',#3292,#3679);
#3679 = DEFINITIONAL_REPRESENTATION('',(#3680),#3684);
#3680 = LINE('',#3681,#3682);
#3681 = CARTESIAN_POINT('',(0.,0.));
#3682 = VECTOR('',#3683,1.);
#3683 = DIRECTION('',(0.,-1.));
#3684 = ( GEOMETRIC_REPRESENTATION_CONTEXT(2) 
PARAMETRIC_REPRESENTATION_CONTEXT() REPRESENTATION_CONTEXT('2D SPACE',''
  ) );
#3685 = ORIENTED_EDGE('',*,*,#3419,.T.);
#3686 = ORIENTED_EDGE('',*,*,#3687,.T.);
#3687 = EDGE_CURVE('',#3422,#2712,#3688,.T.);
#3688 = SURFACE_CURVE('',#3689,(#3693,#3700),.PCURVE_S1.);
#3689 = LINE('',#3690,#3691);
#3690 = CARTESIAN_POINT('',(-41.,-6.,17.50000005));
#3691 = VECTOR('',#3692,1.);
#3692 = DIRECTION('',(0.707106781187,-7.850462293419E-17,-0.707106781187
    ));
#3693 = PCURVE('',#1037,#3694);
#3694 = DEFINITIONAL_REPRESENTATION('',(#3695),#3699);
#3695 = LINE('',#3696,#3697);
#3696 = CARTESIAN_POINT('',(2.22044604925E-15,-38.));
#3697 = VECTOR('',#3698,1.);
#3698 = DIRECTION('',(-0.707106781187,0.707106781187));
#3699 = ( GEOMETRIC_REPRESENTATION_CONTEXT(2) 
PARAMETRIC_REPRESENTATION_CONTEXT() REPRESENTATION_CONTEXT('2D SPACE',''
  ) );
#3700 = PCURVE('',#2757,#3701);
#3701 = DEFINITIONAL_REPRESENTATION('',(#3702),#3706);
#3702 = LINE('',#3703,#3704);
#3703 = CARTESIAN_POINT('',(0.,0.));
#3704 = VECTOR('',#3705,1.);
#3705 = DIRECTION('',(0.,-1.));
#3706 = ( GEOMETRIC_REPRESENTATION_CONTEXT(2) 
PARAMETRIC_REPRESENTATION_CONTEXT() REPRESENTATION_CONTEXT('2D SPACE',''
  ) );
#3707 = ORIENTED_EDGE('',*,*,#2711,.T.);
#3708 = ORIENTED_EDGE('',*,*,#2954,.T.);
#3709 = ORIENTED_EDGE('',*,*,#3710,.T.);
#3710 = EDGE_CURVE('',#2927,#3013,#3711,.T.);
#3711 = SURFACE_CURVE('',#3712,(#3716,#3723),.PCURVE_S1.);
#3712 = LINE('',#3713,#3714);
#3713 = CARTESIAN_POINT('',(-2.,-6.,-47.49999995));
#3714 = VECTOR('',#3715,1.);
#3715 = DIRECTION('',(0.707106781187,-7.850462293419E-17,-0.707106781187
    ));
#3716 = PCURVE('',#1037,#3717);
#3717 = DEFINITIONAL_REPRESENTATION('',(#3718),#3722);
#3718 = LINE('',#3719,#3720);
#3719 = CARTESIAN_POINT('',(-65.,1.));
#3720 = VECTOR('',#3721,1.);
#3721 = DIRECTION('',(-0.707106781187,0.707106781187));
#3722 = ( GEOMETRIC_REPRESENTATION_CONTEXT(2) 
PARAMETRIC_REPRESENTATION_CONTEXT() REPRESENTATION_CONTEXT('2D SPACE',''
  ) );
#3723 = PCURVE('',#2942,#3724);
#3724 = DEFINITIONAL_REPRESENTATION('',(#3725),#3729);
#3725 = LINE('',#3726,#3727);
#3726 = CARTESIAN_POINT('',(0.,0.));
#3727 = VECTOR('',#3728,1.);
#3728 = DIRECTION('',(0.,-1.));
#3729 = ( GEOMETRIC_REPRESENTATION_CONTEXT(2) 
PARAMETRIC_REPRESENTATION_CONTEXT() REPRESENTATION_CONTEXT('2D SPACE',''
  ) );
#3730 = ORIENTED_EDGE('',*,*,#3012,.T.);
#3731 = ORIENTED_EDGE('',*,*,#3732,.T.);
#3732 = EDGE_CURVE('',#3015,#3181,#3733,.T.);
#3733 = SURFACE_CURVE('',#3734,(#3738,#3745),.PCURVE_S1.);
#3734 = LINE('',#3735,#3736);
#3735 = CARTESIAN_POINT('',(42.,-6.,-46.49999995));
#3736 = VECTOR('',#3737,1.);
#3737 = DIRECTION('',(0.707106781187,7.850462293419E-17,0.707106781187)
  );
#3738 = PCURVE('',#1037,#3739);
#3739 = DEFINITIONAL_REPRESENTATION('',(#3740),#3744);
#3740 = LINE('',#3741,#3742);
#3741 = CARTESIAN_POINT('',(-64.,45.));
#3742 = VECTOR('',#3743,1.);
#3743 = DIRECTION('',(0.707106781187,0.707106781187));
#3744 = ( GEOMETRIC_REPRESENTATION_CONTEXT(2) 
PARAMETRIC_REPRESENTATION_CONTEXT() REPRESENTATION_CONTEXT('2D SPACE',''
  ) );
#3745 = PCURVE('',#2591,#3746);
#3746 = DEFINITIONAL_REPRESENTATION('',(#3747),#3751);
#3747 = LINE('',#3748,#3749);
#3748 = CARTESIAN_POINT('',(0.,-0.));
#3749 = VECTOR('',#3750,1.);
#3750 = DIRECTION('',(0.,-1.));
#3751 = ( GEOMETRIC_REPRESENTATION_CONTEXT(2) 
PARAMETRIC_REPRESENTATION_CONTEXT() REPRESENTATION_CONTEXT('2D SPACE',''
  ) );
#3752 = ORIENTED_EDGE('',*,*,#3180,.T.);
#3753 = ORIENTED_EDGE('',*,*,#3754,.T.);
#3754 = EDGE_CURVE('',#3183,#3305,#3755,.T.);
#3755 = SURFACE_CURVE('',#3756,(#3760,#3767),.PCURVE_S1.);
#3756 = LINE('',#3757,#3758);
#3757 = CARTESIAN_POINT('',(41.,-6.,47.50000005));
#3758 = VECTOR('',#3759,1.);
#3759 = DIRECTION('',(-0.707106781187,7.850462293419E-17,0.707106781187)
  );
#3760 = PCURVE('',#1037,#3761);
#3761 = DEFINITIONAL_REPRESENTATION('',(#3762),#3766);
#3762 = LINE('',#3763,#3764);
#3763 = CARTESIAN_POINT('',(30.,44.));
#3764 = VECTOR('',#3765,1.);
#3765 = DIRECTION('',(0.707106781187,-0.707106781187));
#3766 = ( GEOMETRIC_REPRESENTATION_CONTEXT(2) 
PARAMETRIC_REPRESENTATION_CONTEXT() REPRESENTATION_CONTEXT('2D SPACE',''
  ) );
#3767 = PCURVE('',#2696,#3768);
#3768 = DEFINITIONAL_REPRESENTATION('',(#3769),#3773);
#3769 = LINE('',#3770,#3771);
#3770 = CARTESIAN_POINT('',(0.,0.));
#3771 = VECTOR('',#3772,1.);
#3772 = DIRECTION('',(0.,-1.));
#3773 = ( GEOMETRIC_REPRESENTATION_CONTEXT(2) 
PARAMETRIC_REPRESENTATION_CONTEXT() REPRESENTATION_CONTEXT('2D SPACE',''
  ) );
#3774 = ADVANCED_FACE('',(#3775,#3804),#123,.T.);
#3775 = FACE_BOUND('',#3776,.T.);
#3776 = EDGE_LOOP('',(#3777,#3803));
#3777 = ORIENTED_EDGE('',*,*,#3778,.T.);
#3778 = EDGE_CURVE('',#22,#86,#3779,.T.);
#3779 = SURFACE_CURVE('',#3780,(#3785,#3796),.PCURVE_S1.);
#3780 = CIRCLE('',#3781,4.25);
#3781 = AXIS2_PLACEMENT_3D('',#3782,#3783,#3784);
#3782 = CARTESIAN_POINT('',(-27.,6.,32.50000005));
#3783 = DIRECTION('',(0.,-1.,1.110223024625E-16));
#3784 = DIRECTION('',(-2.22044604925E-16,-1.110223024625E-16,-1.));
#3785 = PCURVE('',#123,#3786);
#3786 = DEFINITIONAL_REPRESENTATION('',(#3787),#3795);
#3787 = ( BOUNDED_CURVE() B_SPLINE_CURVE(2,(#3788,#3789,#3790,#3791,
#3792,#3793,#3794),.UNSPECIFIED.,.T.,.F.) B_SPLINE_CURVE_WITH_KNOTS((1,2
    ,2,2,2,1),(-2.094395102393,0.,2.094395102393,4.188790204786,
6.28318530718,8.377580409573),.UNSPECIFIED.) CURVE() 
GEOMETRIC_REPRESENTATION_ITEM() RATIONAL_B_SPLINE_CURVE((1.,0.5,1.,0.5,
1.,0.5,1.)) REPRESENTATION_ITEM('') );
#3788 = CARTESIAN_POINT('',(10.75,-24.));
#3789 = CARTESIAN_POINT('',(10.75,-16.63878406783));
#3790 = CARTESIAN_POINT('',(17.125,-20.31939203391));
#3791 = CARTESIAN_POINT('',(23.5,-24.));
#3792 = CARTESIAN_POINT('',(17.125,-27.68060796608));
#3793 = CARTESIAN_POINT('',(10.75,-31.36121593216));
#3794 = CARTESIAN_POINT('',(10.75,-24.));
#3795 = ( GEOMETRIC_REPRESENTATION_CONTEXT(2) 
PARAMETRIC_REPRESENTATION_CONTEXT() REPRESENTATION_CONTEXT('2D SPACE',''
  ) );
#3796 = PCURVE('',#44,#3797);
#3797 = DEFINITIONAL_REPRESENTATION('',(#3798),#3802);
#3798 = LINE('',#3799,#3800);
#3799 = CARTESIAN_POINT('',(0.,-3.));
#3800 = VECTOR('',#3801,1.);
#3801 = DIRECTION('',(1.,0.));
#3802 = ( GEOMETRIC_REPRESENTATION_CONTEXT(2) 
PARAMETRIC_REPRESENTATION_CONTEXT() REPRESENTATION_CONTEXT('2D SPACE',''
  ) );
#3803 = ORIENTED_EDGE('',*,*,#108,.T.);
#3804 = FACE_BOUND('',#3805,.T.);
#3805 = EDGE_LOOP('',(#3806,#3807,#3828,#3829,#3850,#3851,#3872,#3873,
    #3874));
#3806 = ORIENTED_EDGE('',*,*,#3472,.F.);
#3807 = ORIENTED_EDGE('',*,*,#3808,.T.);
#3808 = EDGE_CURVE('',#3450,#3254,#3809,.T.);
#3809 = SURFACE_CURVE('',#3810,(#3814,#3821),.PCURVE_S1.);
#3810 = LINE('',#3811,#3812);
#3811 = CARTESIAN_POINT('',(-37.,6.,51.50000005));
#3812 = VECTOR('',#3813,1.);
#3813 = DIRECTION('',(0.707106781187,7.850462293419E-17,0.707106781187)
  );
#3814 = PCURVE('',#123,#3815);
#3815 = DEFINITIONAL_REPRESENTATION('',(#3816),#3820);
#3816 = LINE('',#3817,#3818);
#3817 = CARTESIAN_POINT('',(34.,-34.));
#3818 = VECTOR('',#3819,1.);
#3819 = DIRECTION('',(0.707106781187,0.707106781187));
#3820 = ( GEOMETRIC_REPRESENTATION_CONTEXT(2) 
PARAMETRIC_REPRESENTATION_CONTEXT() REPRESENTATION_CONTEXT('2D SPACE',''
  ) );
#3821 = PCURVE('',#3292,#3822);
#3822 = DEFINITIONAL_REPRESENTATION('',(#3823),#3827);
#3823 = LINE('',#3824,#3825);
#3824 = CARTESIAN_POINT('',(12.,7.071067811865));
#3825 = VECTOR('',#3826,1.);
#3826 = DIRECTION('',(0.,1.));
#3827 = ( GEOMETRIC_REPRESENTATION_CONTEXT(2) 
PARAMETRIC_REPRESENTATION_CONTEXT() REPRESENTATION_CONTEXT('2D SPACE',''
  ) );
#3828 = ORIENTED_EDGE('',*,*,#3251,.F.);
#3829 = ORIENTED_EDGE('',*,*,#3830,.F.);
#3830 = EDGE_CURVE('',#3061,#3252,#3831,.T.);
#3831 = SURFACE_CURVE('',#3832,(#3836,#3843),.PCURVE_S1.);
#3832 = LINE('',#3833,#3834);
#3833 = CARTESIAN_POINT('',(-0.5,6.,-47.49999995));
#3834 = VECTOR('',#3835,1.);
#3835 = DIRECTION('',(2.22044604925E-16,1.110223024625E-16,1.));
#3836 = PCURVE('',#123,#3837);
#3837 = DEFINITIONAL_REPRESENTATION('',(#3838),#3842);
#3838 = LINE('',#3839,#3840);
#3839 = CARTESIAN_POINT('',(-65.,2.5));
#3840 = VECTOR('',#3841,1.);
#3841 = DIRECTION('',(1.,0.));
#3842 = ( GEOMETRIC_REPRESENTATION_CONTEXT(2) 
PARAMETRIC_REPRESENTATION_CONTEXT() REPRESENTATION_CONTEXT('2D SPACE',''
  ) );
#3843 = PCURVE('',#3099,#3844);
#3844 = DEFINITIONAL_REPRESENTATION('',(#3845),#3849);
#3845 = LINE('',#3846,#3847);
#3846 = CARTESIAN_POINT('',(2.,-2.22044604925E-16));
#3847 = VECTOR('',#3848,1.);
#3848 = DIRECTION('',(0.,-1.));
#3849 = ( GEOMETRIC_REPRESENTATION_CONTEXT(2) 
PARAMETRIC_REPRESENTATION_CONTEXT() REPRESENTATION_CONTEXT('2D SPACE',''
  ) );
#3850 = ORIENTED_EDGE('',*,*,#3060,.F.);
#3851 = ORIENTED_EDGE('',*,*,#3852,.T.);
#3852 = EDGE_CURVE('',#3038,#2904,#3853,.T.);
#3853 = SURFACE_CURVE('',#3854,(#3858,#3865),.PCURVE_S1.);
#3854 = LINE('',#3855,#3856);
#3855 = CARTESIAN_POINT('',(-35.,6.,-14.49999995));
#3856 = VECTOR('',#3857,1.);
#3857 = DIRECTION('',(-0.707106781187,7.850462293419E-17,0.707106781187)
  );
#3858 = PCURVE('',#123,#3859);
#3859 = DEFINITIONAL_REPRESENTATION('',(#3860),#3864);
#3860 = LINE('',#3861,#3862);
#3861 = CARTESIAN_POINT('',(-32.,-32.));
#3862 = VECTOR('',#3863,1.);
#3863 = DIRECTION('',(0.707106781187,-0.707106781187));
#3864 = ( GEOMETRIC_REPRESENTATION_CONTEXT(2) 
PARAMETRIC_REPRESENTATION_CONTEXT() REPRESENTATION_CONTEXT('2D SPACE',''
  ) );
#3865 = PCURVE('',#2942,#3866);
#3866 = DEFINITIONAL_REPRESENTATION('',(#3867),#3871);
#3867 = LINE('',#3868,#3869);
#3868 = CARTESIAN_POINT('',(12.,46.669047558312));
#3869 = VECTOR('',#3870,1.);
#3870 = DIRECTION('',(0.,1.));
#3871 = ( GEOMETRIC_REPRESENTATION_CONTEXT(2) 
PARAMETRIC_REPRESENTATION_CONTEXT() REPRESENTATION_CONTEXT('2D SPACE',''
  ) );
#3872 = ORIENTED_EDGE('',*,*,#2903,.F.);
#3873 = ORIENTED_EDGE('',*,*,#2769,.F.);
#3874 = ORIENTED_EDGE('',*,*,#3875,.T.);
#3875 = EDGE_CURVE('',#2742,#3473,#3876,.T.);
#3876 = SURFACE_CURVE('',#3877,(#3881,#3888),.PCURVE_S1.);
#3877 = LINE('',#3878,#3879);
#3878 = CARTESIAN_POINT('',(-22.,6.,-1.49999995));
#3879 = VECTOR('',#3880,1.);
#3880 = DIRECTION('',(-0.707106781187,7.850462293419E-17,0.707106781187)
  );
#3881 = PCURVE('',#123,#3882);
#3882 = DEFINITIONAL_REPRESENTATION('',(#3883),#3887);
#3883 = LINE('',#3884,#3885);
#3884 = CARTESIAN_POINT('',(-19.,-19.));
#3885 = VECTOR('',#3886,1.);
#3886 = DIRECTION('',(0.707106781187,-0.707106781187));
#3887 = ( GEOMETRIC_REPRESENTATION_CONTEXT(2) 
PARAMETRIC_REPRESENTATION_CONTEXT() REPRESENTATION_CONTEXT('2D SPACE',''
  ) );
#3888 = PCURVE('',#2757,#3889);
#3889 = DEFINITIONAL_REPRESENTATION('',(#3890),#3894);
#3890 = LINE('',#3891,#3892);
#3891 = CARTESIAN_POINT('',(12.,-26.87005768508));
#3892 = VECTOR('',#3893,1.);
#3893 = DIRECTION('',(0.,1.));
#3894 = ( GEOMETRIC_REPRESENTATION_CONTEXT(2) 
PARAMETRIC_REPRESENTATION_CONTEXT() REPRESENTATION_CONTEXT('2D SPACE',''
  ) );
#3895 = ADVANCED_FACE('',(#3896),#2190,.F.);
#3896 = FACE_BOUND('',#3897,.F.);
#3897 = EDGE_LOOP('',(#3898,#3920,#3921));
#3898 = ORIENTED_EDGE('',*,*,#3899,.F.);
#3899 = EDGE_CURVE('',#2031,#2099,#3900,.T.);
#3900 = SURFACE_CURVE('',#3901,(#3906,#3913),.PCURVE_S1.);
#3901 = CIRCLE('',#3902,2.1);
#3902 = AXIS2_PLACEMENT_3D('',#3903,#3904,#3905);
#3903 = CARTESIAN_POINT('',(36.,-3.341771298571E-15,-30.09999995));
#3904 = DIRECTION('',(-2.22044604925E-16,-1.110223024625E-16,-1.));
#3905 = DIRECTION('',(0.,1.,-1.110223024625E-16));
#3906 = PCURVE('',#2190,#3907);
#3907 = DEFINITIONAL_REPRESENTATION('',(#3908),#3912);
#3908 = LINE('',#3909,#3910);
#3909 = CARTESIAN_POINT('',(0.,0.));
#3910 = VECTOR('',#3911,1.);
#3911 = DIRECTION('',(1.,-6.240584666565E-17));
#3912 = ( GEOMETRIC_REPRESENTATION_CONTEXT(2) 
PARAMETRIC_REPRESENTATION_CONTEXT() REPRESENTATION_CONTEXT('2D SPACE',''
  ) );
#3913 = PCURVE('',#2053,#3914);
#3914 = DEFINITIONAL_REPRESENTATION('',(#3915),#3919);
#3915 = LINE('',#3916,#3917);
#3916 = CARTESIAN_POINT('',(0.,-17.4));
#3917 = VECTOR('',#3918,1.);
#3918 = DIRECTION('',(1.,0.));
#3919 = ( GEOMETRIC_REPRESENTATION_CONTEXT(2) 
PARAMETRIC_REPRESENTATION_CONTEXT() REPRESENTATION_CONTEXT('2D SPACE',''
  ) );
#3920 = ORIENTED_EDGE('',*,*,#2224,.F.);
#3921 = ORIENTED_EDGE('',*,*,#2152,.T.);
#3922 = ADVANCED_FACE('',(#3923),#2053,.F.);
#3923 = FACE_BOUND('',#3924,.F.);
#3924 = EDGE_LOOP('',(#3925,#3926,#3927,#3928));
#3925 = ORIENTED_EDGE('',*,*,#2979,.F.);
#3926 = ORIENTED_EDGE('',*,*,#2030,.F.);
#3927 = ORIENTED_EDGE('',*,*,#3899,.T.);
#3928 = ORIENTED_EDGE('',*,*,#2098,.T.);
#3929 = ADVANCED_FACE('',(#3930),#2642,.F.);
#3930 = FACE_BOUND('',#3931,.T.);
#3931 = EDGE_LOOP('',(#3932,#3933,#3934,#3955));
#3932 = ORIENTED_EDGE('',*,*,#2626,.T.);
#3933 = ORIENTED_EDGE('',*,*,#3134,.F.);
#3934 = ORIENTED_EDGE('',*,*,#3935,.F.);
#3935 = EDGE_CURVE('',#3350,#3112,#3936,.T.);
#3936 = SURFACE_CURVE('',#3937,(#3941,#3948),.PCURVE_S1.);
#3937 = LINE('',#3938,#3939);
#3938 = CARTESIAN_POINT('',(39.5,4.,-47.49999995));
#3939 = VECTOR('',#3940,1.);
#3940 = DIRECTION('',(-2.22044604925E-16,-1.110223024625E-16,-1.));
#3941 = PCURVE('',#2642,#3942);
#3942 = DEFINITIONAL_REPRESENTATION('',(#3943),#3947);
#3943 = LINE('',#3944,#3945);
#3944 = CARTESIAN_POINT('',(0.,-0.));
#3945 = VECTOR('',#3946,1.);
#3946 = DIRECTION('',(0.,1.));
#3947 = ( GEOMETRIC_REPRESENTATION_CONTEXT(2) 
PARAMETRIC_REPRESENTATION_CONTEXT() REPRESENTATION_CONTEXT('2D SPACE',''
  ) );
#3948 = PCURVE('',#1211,#3949);
#3949 = DEFINITIONAL_REPRESENTATION('',(#3950),#3954);
#3950 = LINE('',#3951,#3952);
#3951 = CARTESIAN_POINT('',(-65.,42.5));
#3952 = VECTOR('',#3953,1.);
#3953 = DIRECTION('',(-1.,0.));
#3954 = ( GEOMETRIC_REPRESENTATION_CONTEXT(2) 
PARAMETRIC_REPRESENTATION_CONTEXT() REPRESENTATION_CONTEXT('2D SPACE',''
  ) );
#3955 = ORIENTED_EDGE('',*,*,#3349,.T.);
#3956 = ADVANCED_FACE('',(#3957),#3099,.F.);
#3957 = FACE_BOUND('',#3958,.T.);
#3958 = EDGE_LOOP('',(#3959,#3960,#3961,#3982));
#3959 = ORIENTED_EDGE('',*,*,#3830,.T.);
#3960 = ORIENTED_EDGE('',*,*,#3395,.F.);
#3961 = ORIENTED_EDGE('',*,*,#3962,.F.);
#3962 = EDGE_CURVE('',#3084,#3373,#3963,.T.);
#3963 = SURFACE_CURVE('',#3964,(#3968,#3975),.PCURVE_S1.);
#3964 = LINE('',#3965,#3966);
#3965 = CARTESIAN_POINT('',(-0.5,4.,-47.49999995));
#3966 = VECTOR('',#3967,1.);
#3967 = DIRECTION('',(2.22044604925E-16,1.110223024625E-16,1.));
#3968 = PCURVE('',#3099,#3969);
#3969 = DEFINITIONAL_REPRESENTATION('',(#3970),#3974);
#3970 = LINE('',#3971,#3972);
#3971 = CARTESIAN_POINT('',(0.,-0.));
#3972 = VECTOR('',#3973,1.);
#3973 = DIRECTION('',(0.,-1.));
#3974 = ( GEOMETRIC_REPRESENTATION_CONTEXT(2) 
PARAMETRIC_REPRESENTATION_CONTEXT() REPRESENTATION_CONTEXT('2D SPACE',''
  ) );
#3975 = PCURVE('',#1211,#3976);
#3976 = DEFINITIONAL_REPRESENTATION('',(#3977),#3981);
#3977 = LINE('',#3978,#3979);
#3978 = CARTESIAN_POINT('',(-65.,2.5));
#3979 = VECTOR('',#3980,1.);
#3980 = DIRECTION('',(1.,0.));
#3981 = ( GEOMETRIC_REPRESENTATION_CONTEXT(2) 
PARAMETRIC_REPRESENTATION_CONTEXT() REPRESENTATION_CONTEXT('2D SPACE',''
  ) );
#3982 = ORIENTED_EDGE('',*,*,#3083,.T.);
#3983 = ADVANCED_FACE('',(#3984,#4009,#4034,#4059,#4084),#1211,.T.);
#3984 = FACE_BOUND('',#3985,.T.);
#3985 = EDGE_LOOP('',(#3986,#3987));
#3986 = ORIENTED_EDGE('',*,*,#1196,.F.);
#3987 = ORIENTED_EDGE('',*,*,#3988,.F.);
#3988 = EDGE_CURVE('',#1174,#1111,#3989,.T.);
#3989 = SURFACE_CURVE('',#3990,(#3995,#4002),.PCURVE_S1.);
#3990 = CIRCLE('',#3991,1.7);
#3991 = AXIS2_PLACEMENT_3D('',#3992,#3993,#3994);
#3992 = CARTESIAN_POINT('',(33.5,4.,20.50000005));
#3993 = DIRECTION('',(0.,1.,-1.110223024625E-16));
#3994 = DIRECTION('',(2.22044604925E-16,1.110223024625E-16,1.));
#3995 = PCURVE('',#1211,#3996);
#3996 = DEFINITIONAL_REPRESENTATION('',(#3997),#4001);
#3997 = CIRCLE('',#3998,1.7);
#3998 = AXIS2_PLACEMENT_2D('',#3999,#4000);
#3999 = CARTESIAN_POINT('',(3.,36.5));
#4000 = DIRECTION('',(1.,0.));
#4001 = ( GEOMETRIC_REPRESENTATION_CONTEXT(2) 
PARAMETRIC_REPRESENTATION_CONTEXT() REPRESENTATION_CONTEXT('2D SPACE',''
  ) );
#4002 = PCURVE('',#1133,#4003);
#4003 = DEFINITIONAL_REPRESENTATION('',(#4004),#4008);
#4004 = LINE('',#4005,#4006);
#4005 = CARTESIAN_POINT('',(3.14159265359,-10.));
#4006 = VECTOR('',#4007,1.);
#4007 = DIRECTION('',(-1.,0.));
#4008 = ( GEOMETRIC_REPRESENTATION_CONTEXT(2) 
PARAMETRIC_REPRESENTATION_CONTEXT() REPRESENTATION_CONTEXT('2D SPACE',''
  ) );
#4009 = FACE_BOUND('',#4010,.T.);
#4010 = EDGE_LOOP('',(#4011,#4012));
#4011 = ORIENTED_EDGE('',*,*,#1432,.F.);
#4012 = ORIENTED_EDGE('',*,*,#4013,.F.);
#4013 = EDGE_CURVE('',#1410,#1347,#4014,.T.);
#4014 = SURFACE_CURVE('',#4015,(#4020,#4027),.PCURVE_S1.);
#4015 = CIRCLE('',#4016,1.7);
#4016 = AXIS2_PLACEMENT_3D('',#4017,#4018,#4019);
#4017 = CARTESIAN_POINT('',(33.5,4.,-7.49999995));
#4018 = DIRECTION('',(0.,1.,-1.110223024625E-16));
#4019 = DIRECTION('',(2.22044604925E-16,1.110223024625E-16,1.));
#4020 = PCURVE('',#1211,#4021);
#4021 = DEFINITIONAL_REPRESENTATION('',(#4022),#4026);
#4022 = CIRCLE('',#4023,1.7);
#4023 = AXIS2_PLACEMENT_2D('',#4024,#4025);
#4024 = CARTESIAN_POINT('',(-25.,36.5));
#4025 = DIRECTION('',(1.,0.));
#4026 = ( GEOMETRIC_REPRESENTATION_CONTEXT(2) 
PARAMETRIC_REPRESENTATION_CONTEXT() REPRESENTATION_CONTEXT('2D SPACE',''
  ) );
#4027 = PCURVE('',#1369,#4028);
#4028 = DEFINITIONAL_REPRESENTATION('',(#4029),#4033);
#4029 = LINE('',#4030,#4031);
#4030 = CARTESIAN_POINT('',(3.14159265359,-10.));
#4031 = VECTOR('',#4032,1.);
#4032 = DIRECTION('',(-1.,0.));
#4033 = ( GEOMETRIC_REPRESENTATION_CONTEXT(2) 
PARAMETRIC_REPRESENTATION_CONTEXT() REPRESENTATION_CONTEXT('2D SPACE',''
  ) );
#4034 = FACE_BOUND('',#4035,.T.);
#4035 = EDGE_LOOP('',(#4036,#4037));
#4036 = ORIENTED_EDGE('',*,*,#1663,.F.);
#4037 = ORIENTED_EDGE('',*,*,#4038,.F.);
#4038 = EDGE_CURVE('',#1641,#1578,#4039,.T.);
#4039 = SURFACE_CURVE('',#4040,(#4045,#4052),.PCURVE_S1.);
#4040 = CIRCLE('',#4041,1.7);
#4041 = AXIS2_PLACEMENT_3D('',#4042,#4043,#4044);
#4042 = CARTESIAN_POINT('',(5.5,4.,20.50000005));
#4043 = DIRECTION('',(0.,1.,-1.110223024625E-16));
#4044 = DIRECTION('',(2.22044604925E-16,1.110223024625E-16,1.));
#4045 = PCURVE('',#1211,#4046);
#4046 = DEFINITIONAL_REPRESENTATION('',(#4047),#4051);
#4047 = CIRCLE('',#4048,1.7);
#4048 = AXIS2_PLACEMENT_2D('',#4049,#4050);
#4049 = CARTESIAN_POINT('',(3.,8.5));
#4050 = DIRECTION('',(1.,0.));
#4051 = ( GEOMETRIC_REPRESENTATION_CONTEXT(2) 
PARAMETRIC_REPRESENTATION_CONTEXT() REPRESENTATION_CONTEXT('2D SPACE',''
  ) );
#4052 = PCURVE('',#1600,#4053);
#4053 = DEFINITIONAL_REPRESENTATION('',(#4054),#4058);
#4054 = LINE('',#4055,#4056);
#4055 = CARTESIAN_POINT('',(3.14159265359,-10.));
#4056 = VECTOR('',#4057,1.);
#4057 = DIRECTION('',(-1.,0.));
#4058 = ( GEOMETRIC_REPRESENTATION_CONTEXT(2) 
PARAMETRIC_REPRESENTATION_CONTEXT() REPRESENTATION_CONTEXT('2D SPACE',''
  ) );
#4059 = FACE_BOUND('',#4060,.T.);
#4060 = EDGE_LOOP('',(#4061,#4062));
#4061 = ORIENTED_EDGE('',*,*,#1894,.F.);
#4062 = ORIENTED_EDGE('',*,*,#4063,.F.);
#4063 = EDGE_CURVE('',#1872,#1809,#4064,.T.);
#4064 = SURFACE_CURVE('',#4065,(#4070,#4077),.PCURVE_S1.);
#4065 = CIRCLE('',#4066,1.7);
#4066 = AXIS2_PLACEMENT_3D('',#4067,#4068,#4069);
#4067 = CARTESIAN_POINT('',(5.5,4.,-7.49999995));
#4068 = DIRECTION('',(0.,1.,-1.110223024625E-16));
#4069 = DIRECTION('',(2.22044604925E-16,1.110223024625E-16,1.));
#4070 = PCURVE('',#1211,#4071);
#4071 = DEFINITIONAL_REPRESENTATION('',(#4072),#4076);
#4072 = CIRCLE('',#4073,1.7);
#4073 = AXIS2_PLACEMENT_2D('',#4074,#4075);
#4074 = CARTESIAN_POINT('',(-25.,8.5));
#4075 = DIRECTION('',(1.,0.));
#4076 = ( GEOMETRIC_REPRESENTATION_CONTEXT(2) 
PARAMETRIC_REPRESENTATION_CONTEXT() REPRESENTATION_CONTEXT('2D SPACE',''
  ) );
#4077 = PCURVE('',#1831,#4078);
#4078 = DEFINITIONAL_REPRESENTATION('',(#4079),#4083);
#4079 = LINE('',#4080,#4081);
#4080 = CARTESIAN_POINT('',(3.14159265359,-10.));
#4081 = VECTOR('',#4082,1.);
#4082 = DIRECTION('',(-1.,0.));
#4083 = ( GEOMETRIC_REPRESENTATION_CONTEXT(2) 
PARAMETRIC_REPRESENTATION_CONTEXT() REPRESENTATION_CONTEXT('2D SPACE',''
  ) );
#4084 = FACE_BOUND('',#4085,.T.);
#4085 = EDGE_LOOP('',(#4086,#4087,#4088,#4089));
#4086 = ORIENTED_EDGE('',*,*,#3111,.T.);
#4087 = ORIENTED_EDGE('',*,*,#3962,.T.);
#4088 = ORIENTED_EDGE('',*,*,#3372,.T.);
#4089 = ORIENTED_EDGE('',*,*,#3935,.T.);
#4090 = ADVANCED_FACE('',(#4091),#1942,.F.);
#4091 = FACE_BOUND('',#4092,.F.);
#4092 = EDGE_LOOP('',(#4093,#4094,#4095,#4117));
#4093 = ORIENTED_EDGE('',*,*,#3635,.F.);
#4094 = ORIENTED_EDGE('',*,*,#1919,.F.);
#4095 = ORIENTED_EDGE('',*,*,#4096,.T.);
#4096 = EDGE_CURVE('',#1920,#1983,#4097,.T.);
#4097 = SURFACE_CURVE('',#4098,(#4103,#4110),.PCURVE_S1.);
#4098 = CIRCLE('',#4099,10.);
#4099 = AXIS2_PLACEMENT_3D('',#4100,#4101,#4102);
#4100 = CARTESIAN_POINT('',(-27.,3.,32.50000005));
#4101 = DIRECTION('',(0.,-1.,1.110223024625E-16));
#4102 = DIRECTION('',(-2.22044604925E-16,-1.110223024625E-16,-1.));
#4103 = PCURVE('',#1942,#4104);
#4104 = DEFINITIONAL_REPRESENTATION('',(#4105),#4109);
#4105 = LINE('',#4106,#4107);
#4106 = CARTESIAN_POINT('',(0.,0.));
#4107 = VECTOR('',#4108,1.);
#4108 = DIRECTION('',(1.,0.));
#4109 = ( GEOMETRIC_REPRESENTATION_CONTEXT(2) 
PARAMETRIC_REPRESENTATION_CONTEXT() REPRESENTATION_CONTEXT('2D SPACE',''
  ) );
#4110 = PCURVE('',#73,#4111);
#4111 = DEFINITIONAL_REPRESENTATION('',(#4112),#4116);
#4112 = CIRCLE('',#4113,10.);
#4113 = AXIS2_PLACEMENT_2D('',#4114,#4115);
#4114 = CARTESIAN_POINT('',(0.,0.));
#4115 = DIRECTION('',(1.,0.));
#4116 = ( GEOMETRIC_REPRESENTATION_CONTEXT(2) 
PARAMETRIC_REPRESENTATION_CONTEXT() REPRESENTATION_CONTEXT('2D SPACE',''
  ) );
#4117 = ORIENTED_EDGE('',*,*,#1982,.T.);
#4118 = ADVANCED_FACE('',(#4119,#4144),#73,.T.);
#4119 = FACE_BOUND('',#4120,.T.);
#4120 = EDGE_LOOP('',(#4121,#4143));
#4121 = ORIENTED_EDGE('',*,*,#4122,.F.);
#4122 = EDGE_CURVE('',#24,#57,#4123,.T.);
#4123 = SURFACE_CURVE('',#4124,(#4129,#4136),.PCURVE_S1.);
#4124 = CIRCLE('',#4125,4.25);
#4125 = AXIS2_PLACEMENT_3D('',#4126,#4127,#4128);
#4126 = CARTESIAN_POINT('',(-27.,3.,32.50000005));
#4127 = DIRECTION('',(0.,-1.,1.110223024625E-16));
#4128 = DIRECTION('',(-2.22044604925E-16,-1.110223024625E-16,-1.));
#4129 = PCURVE('',#73,#4130);
#4130 = DEFINITIONAL_REPRESENTATION('',(#4131),#4135);
#4131 = CIRCLE('',#4132,4.25);
#4132 = AXIS2_PLACEMENT_2D('',#4133,#4134);
#4133 = CARTESIAN_POINT('',(0.,0.));
#4134 = DIRECTION('',(1.,0.));
#4135 = ( GEOMETRIC_REPRESENTATION_CONTEXT(2) 
PARAMETRIC_REPRESENTATION_CONTEXT() REPRESENTATION_CONTEXT('2D SPACE',''
  ) );
#4136 = PCURVE('',#44,#4137);
#4137 = DEFINITIONAL_REPRESENTATION('',(#4138),#4142);
#4138 = LINE('',#4139,#4140);
#4139 = CARTESIAN_POINT('',(0.,8.881784197001E-16));
#4140 = VECTOR('',#4141,1.);
#4141 = DIRECTION('',(1.,0.));
#4142 = ( GEOMETRIC_REPRESENTATION_CONTEXT(2) 
PARAMETRIC_REPRESENTATION_CONTEXT() REPRESENTATION_CONTEXT('2D SPACE',''
  ) );
#4143 = ORIENTED_EDGE('',*,*,#56,.F.);
#4144 = FACE_BOUND('',#4145,.T.);
#4145 = EDGE_LOOP('',(#4146,#4147));
#4146 = ORIENTED_EDGE('',*,*,#4096,.T.);
#4147 = ORIENTED_EDGE('',*,*,#2005,.T.);
#4148 = ADVANCED_FACE('',(#4149),#1831,.F.);
#4149 = FACE_BOUND('',#4150,.F.);
#4150 = EDGE_LOOP('',(#4151,#4177,#4178,#4179));
#4151 = ORIENTED_EDGE('',*,*,#4152,.F.);
#4152 = EDGE_CURVE('',#1811,#1844,#4153,.T.);
#4153 = SURFACE_CURVE('',#4154,(#4159,#4166),.PCURVE_S1.);
#4154 = CIRCLE('',#4155,1.7);
#4155 = AXIS2_PLACEMENT_3D('',#4156,#4157,#4158);
#4156 = CARTESIAN_POINT('',(5.5,-2.6,-7.49999995));
#4157 = DIRECTION('',(0.,-1.,1.110223024625E-16));
#4158 = DIRECTION('',(-2.22044604925E-16,-1.110223024625E-16,-1.));
#4159 = PCURVE('',#1831,#4160);
#4160 = DEFINITIONAL_REPRESENTATION('',(#4161),#4165);
#4161 = LINE('',#4162,#4163);
#4162 = CARTESIAN_POINT('',(0.,-3.4));
#4163 = VECTOR('',#4164,1.);
#4164 = DIRECTION('',(1.,0.));
#4165 = ( GEOMETRIC_REPRESENTATION_CONTEXT(2) 
PARAMETRIC_REPRESENTATION_CONTEXT() REPRESENTATION_CONTEXT('2D SPACE',''
  ) );
#4166 = PCURVE('',#1789,#4167);
#4167 = DEFINITIONAL_REPRESENTATION('',(#4168),#4176);
#4168 = ( BOUNDED_CURVE() B_SPLINE_CURVE(2,(#4169,#4170,#4171,#4172,
#4173,#4174,#4175),.UNSPECIFIED.,.T.,.F.) B_SPLINE_CURVE_WITH_KNOTS((1,2
    ,2,2,2,1),(-2.094395102393,0.,2.094395102393,4.188790204786,
6.28318530718,8.377580409573),.UNSPECIFIED.) CURVE() 
GEOMETRIC_REPRESENTATION_ITEM() RATIONAL_B_SPLINE_CURVE((1.,0.5,1.,0.5,
1.,0.5,1.)) REPRESENTATION_ITEM('') );
#4169 = CARTESIAN_POINT('',(0.,-3.774758283726E-16));
#4170 = CARTESIAN_POINT('',(0.,2.944486372867));
#4171 = CARTESIAN_POINT('',(2.55,1.472243186434));
#4172 = CARTESIAN_POINT('',(5.1,3.890408333755E-17));
#4173 = CARTESIAN_POINT('',(2.55,-1.472243186434));
#4174 = CARTESIAN_POINT('',(2.6645352591E-15,-2.944486372867));
#4175 = CARTESIAN_POINT('',(0.,-3.774758283726E-16));
#4176 = ( GEOMETRIC_REPRESENTATION_CONTEXT(2) 
PARAMETRIC_REPRESENTATION_CONTEXT() REPRESENTATION_CONTEXT('2D SPACE',''
  ) );
#4177 = ORIENTED_EDGE('',*,*,#1808,.F.);
#4178 = ORIENTED_EDGE('',*,*,#4063,.F.);
#4179 = ORIENTED_EDGE('',*,*,#1871,.T.);
#4180 = ADVANCED_FACE('',(#4181,#4185),#1789,.F.);
#4181 = FACE_BOUND('',#4182,.T.);
#4182 = EDGE_LOOP('',(#4183,#4184));
#4183 = ORIENTED_EDGE('',*,*,#4152,.F.);
#4184 = ORIENTED_EDGE('',*,*,#1843,.F.);
#4185 = FACE_BOUND('',#4186,.T.);
#4186 = EDGE_LOOP('',(#4187,#4213));
#4187 = ORIENTED_EDGE('',*,*,#4188,.T.);
#4188 = EDGE_CURVE('',#1689,#1752,#4189,.T.);
#4189 = SURFACE_CURVE('',#4190,(#4195,#4206),.PCURVE_S1.);
#4190 = CIRCLE('',#4191,3.25);
#4191 = AXIS2_PLACEMENT_3D('',#4192,#4193,#4194);
#4192 = CARTESIAN_POINT('',(5.5,-2.6,-7.49999995));
#4193 = DIRECTION('',(0.,-1.,1.110223024625E-16));
#4194 = DIRECTION('',(-2.22044604925E-16,-1.110223024625E-16,-1.));
#4195 = PCURVE('',#1789,#4196);
#4196 = DEFINITIONAL_REPRESENTATION('',(#4197),#4205);
#4197 = ( BOUNDED_CURVE() B_SPLINE_CURVE(2,(#4198,#4199,#4200,#4201,
#4202,#4203,#4204),.UNSPECIFIED.,.T.,.F.) B_SPLINE_CURVE_WITH_KNOTS((1,2
    ,2,2,2,1),(-2.094395102393,0.,2.094395102393,4.188790204786,
6.28318530718,8.377580409573),.UNSPECIFIED.) CURVE() 
GEOMETRIC_REPRESENTATION_ITEM() RATIONAL_B_SPLINE_CURVE((1.,0.5,1.,0.5,
1.,0.5,1.)) REPRESENTATION_ITEM('') );
#4198 = CARTESIAN_POINT('',(-1.55,-3.774758283726E-16));
#4199 = CARTESIAN_POINT('',(-1.55,5.629165124599));
#4200 = CARTESIAN_POINT('',(3.325,2.814582562299));
#4201 = CARTESIAN_POINT('',(8.2,4.185445910732E-16));
#4202 = CARTESIAN_POINT('',(3.325,-2.814582562299));
#4203 = CARTESIAN_POINT('',(-1.55,-5.629165124599));
#4204 = CARTESIAN_POINT('',(-1.55,-3.774758283726E-16));
#4205 = ( GEOMETRIC_REPRESENTATION_CONTEXT(2) 
PARAMETRIC_REPRESENTATION_CONTEXT() REPRESENTATION_CONTEXT('2D SPACE',''
  ) );
#4206 = PCURVE('',#1711,#4207);
#4207 = DEFINITIONAL_REPRESENTATION('',(#4208),#4212);
#4208 = LINE('',#4209,#4210);
#4209 = CARTESIAN_POINT('',(0.,-3.4));
#4210 = VECTOR('',#4211,1.);
#4211 = DIRECTION('',(1.,0.));
#4212 = ( GEOMETRIC_REPRESENTATION_CONTEXT(2) 
PARAMETRIC_REPRESENTATION_CONTEXT() REPRESENTATION_CONTEXT('2D SPACE',''
  ) );
#4213 = ORIENTED_EDGE('',*,*,#1774,.T.);
#4214 = ADVANCED_FACE('',(#4215),#1711,.F.);
#4215 = FACE_BOUND('',#4216,.F.);
#4216 = EDGE_LOOP('',(#4217,#4218,#4219,#4220));
#4217 = ORIENTED_EDGE('',*,*,#3606,.F.);
#4218 = ORIENTED_EDGE('',*,*,#1688,.F.);
#4219 = ORIENTED_EDGE('',*,*,#4188,.T.);
#4220 = ORIENTED_EDGE('',*,*,#1751,.T.);
#4221 = ADVANCED_FACE('',(#4222),#1600,.F.);
#4222 = FACE_BOUND('',#4223,.F.);
#4223 = EDGE_LOOP('',(#4224,#4250,#4251,#4252));
#4224 = ORIENTED_EDGE('',*,*,#4225,.F.);
#4225 = EDGE_CURVE('',#1580,#1613,#4226,.T.);
#4226 = SURFACE_CURVE('',#4227,(#4232,#4239),.PCURVE_S1.);
#4227 = CIRCLE('',#4228,1.7);
#4228 = AXIS2_PLACEMENT_3D('',#4229,#4230,#4231);
#4229 = CARTESIAN_POINT('',(5.5,-2.6,20.50000005));
#4230 = DIRECTION('',(0.,-1.,1.110223024625E-16));
#4231 = DIRECTION('',(-2.22044604925E-16,-1.110223024625E-16,-1.));
#4232 = PCURVE('',#1600,#4233);
#4233 = DEFINITIONAL_REPRESENTATION('',(#4234),#4238);
#4234 = LINE('',#4235,#4236);
#4235 = CARTESIAN_POINT('',(0.,-3.4));
#4236 = VECTOR('',#4237,1.);
#4237 = DIRECTION('',(1.,0.));
#4238 = ( GEOMETRIC_REPRESENTATION_CONTEXT(2) 
PARAMETRIC_REPRESENTATION_CONTEXT() REPRESENTATION_CONTEXT('2D SPACE',''
  ) );
#4239 = PCURVE('',#1558,#4240);
#4240 = DEFINITIONAL_REPRESENTATION('',(#4241),#4249);
#4241 = ( BOUNDED_CURVE() B_SPLINE_CURVE(2,(#4242,#4243,#4244,#4245,
#4246,#4247,#4248),.UNSPECIFIED.,.T.,.F.) B_SPLINE_CURVE_WITH_KNOTS((1,2
    ,2,2,2,1),(-2.094395102393,0.,2.094395102393,4.188790204786,
6.28318530718,8.377580409573),.UNSPECIFIED.) CURVE() 
GEOMETRIC_REPRESENTATION_ITEM() RATIONAL_B_SPLINE_CURVE((1.,0.5,1.,0.5,
1.,0.5,1.)) REPRESENTATION_ITEM('') );
#4242 = CARTESIAN_POINT('',(0.,-3.774758283726E-16));
#4243 = CARTESIAN_POINT('',(0.,2.944486372867));
#4244 = CARTESIAN_POINT('',(2.55,1.472243186434));
#4245 = CARTESIAN_POINT('',(5.1,3.890408333755E-17));
#4246 = CARTESIAN_POINT('',(2.55,-1.472243186434));
#4247 = CARTESIAN_POINT('',(2.6645352591E-15,-2.944486372867));
#4248 = CARTESIAN_POINT('',(0.,-3.774758283726E-16));
#4249 = ( GEOMETRIC_REPRESENTATION_CONTEXT(2) 
PARAMETRIC_REPRESENTATION_CONTEXT() REPRESENTATION_CONTEXT('2D SPACE',''
  ) );
#4250 = ORIENTED_EDGE('',*,*,#1577,.F.);
#4251 = ORIENTED_EDGE('',*,*,#4038,.F.);
#4252 = ORIENTED_EDGE('',*,*,#1640,.T.);
#4253 = ADVANCED_FACE('',(#4254,#4258),#1558,.F.);
#4254 = FACE_BOUND('',#4255,.T.);
#4255 = EDGE_LOOP('',(#4256,#4257));
#4256 = ORIENTED_EDGE('',*,*,#4225,.F.);
#4257 = ORIENTED_EDGE('',*,*,#1612,.F.);
#4258 = FACE_BOUND('',#4259,.T.);
#4259 = EDGE_LOOP('',(#4260,#4286));
#4260 = ORIENTED_EDGE('',*,*,#4261,.T.);
#4261 = EDGE_CURVE('',#1458,#1521,#4262,.T.);
#4262 = SURFACE_CURVE('',#4263,(#4268,#4279),.PCURVE_S1.);
#4263 = CIRCLE('',#4264,3.25);
#4264 = AXIS2_PLACEMENT_3D('',#4265,#4266,#4267);
#4265 = CARTESIAN_POINT('',(5.5,-2.6,20.50000005));
#4266 = DIRECTION('',(0.,-1.,1.110223024625E-16));
#4267 = DIRECTION('',(-2.22044604925E-16,-1.110223024625E-16,-1.));
#4268 = PCURVE('',#1558,#4269);
#4269 = DEFINITIONAL_REPRESENTATION('',(#4270),#4278);
#4270 = ( BOUNDED_CURVE() B_SPLINE_CURVE(2,(#4271,#4272,#4273,#4274,
#4275,#4276,#4277),.UNSPECIFIED.,.T.,.F.) B_SPLINE_CURVE_WITH_KNOTS((1,2
    ,2,2,2,1),(-2.094395102393,0.,2.094395102393,4.188790204786,
6.28318530718,8.377580409573),.UNSPECIFIED.) CURVE() 
GEOMETRIC_REPRESENTATION_ITEM() RATIONAL_B_SPLINE_CURVE((1.,0.5,1.,0.5,
1.,0.5,1.)) REPRESENTATION_ITEM('') );
#4271 = CARTESIAN_POINT('',(-1.55,-3.774758283726E-16));
#4272 = CARTESIAN_POINT('',(-1.55,5.629165124599));
#4273 = CARTESIAN_POINT('',(3.325,2.814582562299));
#4274 = CARTESIAN_POINT('',(8.2,4.185445910732E-16));
#4275 = CARTESIAN_POINT('',(3.325,-2.814582562299));
#4276 = CARTESIAN_POINT('',(-1.55,-5.629165124599));
#4277 = CARTESIAN_POINT('',(-1.55,-3.774758283726E-16));
#4278 = ( GEOMETRIC_REPRESENTATION_CONTEXT(2) 
PARAMETRIC_REPRESENTATION_CONTEXT() REPRESENTATION_CONTEXT('2D SPACE',''
  ) );
#4279 = PCURVE('',#1480,#4280);
#4280 = DEFINITIONAL_REPRESENTATION('',(#4281),#4285);
#4281 = LINE('',#4282,#4283);
#4282 = CARTESIAN_POINT('',(0.,-3.4));
#4283 = VECTOR('',#4284,1.);
#4284 = DIRECTION('',(1.,0.));
#4285 = ( GEOMETRIC_REPRESENTATION_CONTEXT(2) 
PARAMETRIC_REPRESENTATION_CONTEXT() REPRESENTATION_CONTEXT('2D SPACE',''
  ) );
#4286 = ORIENTED_EDGE('',*,*,#1543,.T.);
#4287 = ADVANCED_FACE('',(#4288),#1480,.F.);
#4288 = FACE_BOUND('',#4289,.F.);
#4289 = EDGE_LOOP('',(#4290,#4291,#4292,#4293));
#4290 = ORIENTED_EDGE('',*,*,#3577,.F.);
#4291 = ORIENTED_EDGE('',*,*,#1457,.F.);
#4292 = ORIENTED_EDGE('',*,*,#4261,.T.);
#4293 = ORIENTED_EDGE('',*,*,#1520,.T.);
#4294 = ADVANCED_FACE('',(#4295),#1369,.F.);
#4295 = FACE_BOUND('',#4296,.F.);
#4296 = EDGE_LOOP('',(#4297,#4323,#4324,#4325));
#4297 = ORIENTED_EDGE('',*,*,#4298,.F.);
#4298 = EDGE_CURVE('',#1349,#1382,#4299,.T.);
#4299 = SURFACE_CURVE('',#4300,(#4305,#4312),.PCURVE_S1.);
#4300 = CIRCLE('',#4301,1.7);
#4301 = AXIS2_PLACEMENT_3D('',#4302,#4303,#4304);
#4302 = CARTESIAN_POINT('',(33.5,-2.6,-7.49999995));
#4303 = DIRECTION('',(0.,-1.,1.110223024625E-16));
#4304 = DIRECTION('',(-2.22044604925E-16,-1.110223024625E-16,-1.));
#4305 = PCURVE('',#1369,#4306);
#4306 = DEFINITIONAL_REPRESENTATION('',(#4307),#4311);
#4307 = LINE('',#4308,#4309);
#4308 = CARTESIAN_POINT('',(0.,-3.4));
#4309 = VECTOR('',#4310,1.);
#4310 = DIRECTION('',(1.,0.));
#4311 = ( GEOMETRIC_REPRESENTATION_CONTEXT(2) 
PARAMETRIC_REPRESENTATION_CONTEXT() REPRESENTATION_CONTEXT('2D SPACE',''
  ) );
#4312 = PCURVE('',#1327,#4313);
#4313 = DEFINITIONAL_REPRESENTATION('',(#4314),#4322);
#4314 = ( BOUNDED_CURVE() B_SPLINE_CURVE(2,(#4315,#4316,#4317,#4318,
#4319,#4320,#4321),.UNSPECIFIED.,.T.,.F.) B_SPLINE_CURVE_WITH_KNOTS((1,2
    ,2,2,2,1),(-2.094395102393,0.,2.094395102393,4.188790204786,
6.28318530718,8.377580409573),.UNSPECIFIED.) CURVE() 
GEOMETRIC_REPRESENTATION_ITEM() RATIONAL_B_SPLINE_CURVE((1.,0.5,1.,0.5,
1.,0.5,1.)) REPRESENTATION_ITEM('') );
#4315 = CARTESIAN_POINT('',(0.,-3.774758283726E-16));
#4316 = CARTESIAN_POINT('',(0.,2.944486372867));
#4317 = CARTESIAN_POINT('',(2.55,1.472243186434));
#4318 = CARTESIAN_POINT('',(5.1,3.890408333755E-17));
#4319 = CARTESIAN_POINT('',(2.55,-1.472243186434));
#4320 = CARTESIAN_POINT('',(2.6645352591E-15,-2.944486372867));
#4321 = CARTESIAN_POINT('',(0.,-3.774758283726E-16));
#4322 = ( GEOMETRIC_REPRESENTATION_CONTEXT(2) 
PARAMETRIC_REPRESENTATION_CONTEXT() REPRESENTATION_CONTEXT('2D SPACE',''
  ) );
#4323 = ORIENTED_EDGE('',*,*,#1346,.F.);
#4324 = ORIENTED_EDGE('',*,*,#4013,.F.);
#4325 = ORIENTED_EDGE('',*,*,#1409,.T.);
#4326 = ADVANCED_FACE('',(#4327,#4331),#1327,.F.);
#4327 = FACE_BOUND('',#4328,.T.);
#4328 = EDGE_LOOP('',(#4329,#4330));
#4329 = ORIENTED_EDGE('',*,*,#4298,.F.);
#4330 = ORIENTED_EDGE('',*,*,#1381,.F.);
#4331 = FACE_BOUND('',#4332,.T.);
#4332 = EDGE_LOOP('',(#4333,#4359));
#4333 = ORIENTED_EDGE('',*,*,#4334,.T.);
#4334 = EDGE_CURVE('',#1227,#1290,#4335,.T.);
#4335 = SURFACE_CURVE('',#4336,(#4341,#4352),.PCURVE_S1.);
#4336 = CIRCLE('',#4337,3.25);
#4337 = AXIS2_PLACEMENT_3D('',#4338,#4339,#4340);
#4338 = CARTESIAN_POINT('',(33.5,-2.6,-7.49999995));
#4339 = DIRECTION('',(0.,-1.,1.110223024625E-16));
#4340 = DIRECTION('',(-2.22044604925E-16,-1.110223024625E-16,-1.));
#4341 = PCURVE('',#1327,#4342);
#4342 = DEFINITIONAL_REPRESENTATION('',(#4343),#4351);
#4343 = ( BOUNDED_CURVE() B_SPLINE_CURVE(2,(#4344,#4345,#4346,#4347,
#4348,#4349,#4350),.UNSPECIFIED.,.T.,.F.) B_SPLINE_CURVE_WITH_KNOTS((1,2
    ,2,2,2,1),(-2.094395102393,0.,2.094395102393,4.188790204786,
6.28318530718,8.377580409573),.UNSPECIFIED.) CURVE() 
GEOMETRIC_REPRESENTATION_ITEM() RATIONAL_B_SPLINE_CURVE((1.,0.5,1.,0.5,
1.,0.5,1.)) REPRESENTATION_ITEM('') );
#4344 = CARTESIAN_POINT('',(-1.55,-3.774758283726E-16));
#4345 = CARTESIAN_POINT('',(-1.55,5.629165124599));
#4346 = CARTESIAN_POINT('',(3.325,2.814582562299));
#4347 = CARTESIAN_POINT('',(8.2,4.185445910732E-16));
#4348 = CARTESIAN_POINT('',(3.325,-2.814582562299));
#4349 = CARTESIAN_POINT('',(-1.55,-5.629165124599));
#4350 = CARTESIAN_POINT('',(-1.55,-3.774758283726E-16));
#4351 = ( GEOMETRIC_REPRESENTATION_CONTEXT(2) 
PARAMETRIC_REPRESENTATION_CONTEXT() REPRESENTATION_CONTEXT('2D SPACE',''
  ) );
#4352 = PCURVE('',#1249,#4353);
#4353 = DEFINITIONAL_REPRESENTATION('',(#4354),#4358);
#4354 = LINE('',#4355,#4356);
#4355 = CARTESIAN_POINT('',(0.,-3.4));
#4356 = VECTOR('',#4357,1.);
#4357 = DIRECTION('',(1.,0.));
#4358 = ( GEOMETRIC_REPRESENTATION_CONTEXT(2) 
PARAMETRIC_REPRESENTATION_CONTEXT() REPRESENTATION_CONTEXT('2D SPACE',''
  ) );
#4359 = ORIENTED_EDGE('',*,*,#1312,.T.);
#4360 = ADVANCED_FACE('',(#4361),#1249,.F.);
#4361 = FACE_BOUND('',#4362,.F.);
#4362 = EDGE_LOOP('',(#4363,#4364,#4365,#4366));
#4363 = ORIENTED_EDGE('',*,*,#3548,.F.);
#4364 = ORIENTED_EDGE('',*,*,#1226,.F.);
#4365 = ORIENTED_EDGE('',*,*,#4334,.T.);
#4366 = ORIENTED_EDGE('',*,*,#1289,.T.);
#4367 = ADVANCED_FACE('',(#4368),#1133,.F.);
#4368 = FACE_BOUND('',#4369,.F.);
#4369 = EDGE_LOOP('',(#4370,#4396,#4397,#4398));
#4370 = ORIENTED_EDGE('',*,*,#4371,.F.);
#4371 = EDGE_CURVE('',#1113,#1146,#4372,.T.);
#4372 = SURFACE_CURVE('',#4373,(#4378,#4385),.PCURVE_S1.);
#4373 = CIRCLE('',#4374,1.7);
#4374 = AXIS2_PLACEMENT_3D('',#4375,#4376,#4377);
#4375 = CARTESIAN_POINT('',(33.5,-2.6,20.50000005));
#4376 = DIRECTION('',(0.,-1.,1.110223024625E-16));
#4377 = DIRECTION('',(-2.22044604925E-16,-1.110223024625E-16,-1.));
#4378 = PCURVE('',#1133,#4379);
#4379 = DEFINITIONAL_REPRESENTATION('',(#4380),#4384);
#4380 = LINE('',#4381,#4382);
#4381 = CARTESIAN_POINT('',(0.,-3.4));
#4382 = VECTOR('',#4383,1.);
#4383 = DIRECTION('',(1.,0.));
#4384 = ( GEOMETRIC_REPRESENTATION_CONTEXT(2) 
PARAMETRIC_REPRESENTATION_CONTEXT() REPRESENTATION_CONTEXT('2D SPACE',''
  ) );
#4385 = PCURVE('',#1091,#4386);
#4386 = DEFINITIONAL_REPRESENTATION('',(#4387),#4395);
#4387 = ( BOUNDED_CURVE() B_SPLINE_CURVE(2,(#4388,#4389,#4390,#4391,
#4392,#4393,#4394),.UNSPECIFIED.,.T.,.F.) B_SPLINE_CURVE_WITH_KNOTS((1,2
    ,2,2,2,1),(-2.094395102393,0.,2.094395102393,4.188790204786,
6.28318530718,8.377580409573),.UNSPECIFIED.) CURVE() 
GEOMETRIC_REPRESENTATION_ITEM() RATIONAL_B_SPLINE_CURVE((1.,0.5,1.,0.5,
1.,0.5,1.)) REPRESENTATION_ITEM('') );
#4388 = CARTESIAN_POINT('',(0.,-3.774758283726E-16));
#4389 = CARTESIAN_POINT('',(0.,2.944486372867));
#4390 = CARTESIAN_POINT('',(2.55,1.472243186434));
#4391 = CARTESIAN_POINT('',(5.1,3.890408333755E-17));
#4392 = CARTESIAN_POINT('',(2.55,-1.472243186434));
#4393 = CARTESIAN_POINT('',(2.6645352591E-15,-2.944486372867));
#4394 = CARTESIAN_POINT('',(0.,-3.774758283726E-16));
#4395 = ( GEOMETRIC_REPRESENTATION_CONTEXT(2) 
PARAMETRIC_REPRESENTATION_CONTEXT() REPRESENTATION_CONTEXT('2D SPACE',''
  ) );
#4396 = ORIENTED_EDGE('',*,*,#1110,.F.);
#4397 = ORIENTED_EDGE('',*,*,#3988,.F.);
#4398 = ORIENTED_EDGE('',*,*,#1173,.T.);
#4399 = ADVANCED_FACE('',(#4400,#4404),#1091,.F.);
#4400 = FACE_BOUND('',#4401,.T.);
#4401 = EDGE_LOOP('',(#4402,#4403));
#4402 = ORIENTED_EDGE('',*,*,#4371,.F.);
#4403 = ORIENTED_EDGE('',*,*,#1145,.F.);
#4404 = FACE_BOUND('',#4405,.T.);
#4405 = EDGE_LOOP('',(#4406,#4432));
#4406 = ORIENTED_EDGE('',*,*,#4407,.T.);
#4407 = EDGE_CURVE('',#986,#1054,#4408,.T.);
#4408 = SURFACE_CURVE('',#4409,(#4414,#4425),.PCURVE_S1.);
#4409 = CIRCLE('',#4410,3.25);
#4410 = AXIS2_PLACEMENT_3D('',#4411,#4412,#4413);
#4411 = CARTESIAN_POINT('',(33.5,-2.6,20.50000005));
#4412 = DIRECTION('',(0.,-1.,1.110223024625E-16));
#4413 = DIRECTION('',(-2.22044604925E-16,-1.110223024625E-16,-1.));
#4414 = PCURVE('',#1091,#4415);
#4415 = DEFINITIONAL_REPRESENTATION('',(#4416),#4424);
#4416 = ( BOUNDED_CURVE() B_SPLINE_CURVE(2,(#4417,#4418,#4419,#4420,
#4421,#4422,#4423),.UNSPECIFIED.,.T.,.F.) B_SPLINE_CURVE_WITH_KNOTS((1,2
    ,2,2,2,1),(-2.094395102393,0.,2.094395102393,4.188790204786,
6.28318530718,8.377580409573),.UNSPECIFIED.) CURVE() 
GEOMETRIC_REPRESENTATION_ITEM() RATIONAL_B_SPLINE_CURVE((1.,0.5,1.,0.5,
1.,0.5,1.)) REPRESENTATION_ITEM('') );
#4417 = CARTESIAN_POINT('',(-1.55,-3.774758283726E-16));
#4418 = CARTESIAN_POINT('',(-1.55,5.629165124599));
#4419 = CARTESIAN_POINT('',(3.325,2.814582562299));
#4420 = CARTESIAN_POINT('',(8.2,4.185445910732E-16));
#4421 = CARTESIAN_POINT('',(3.325,-2.814582562299));
#4422 = CARTESIAN_POINT('',(-1.55,-5.629165124599));
#4423 = CARTESIAN_POINT('',(-1.55,-3.774758283726E-16));
#4424 = ( GEOMETRIC_REPRESENTATION_CONTEXT(2) 
PARAMETRIC_REPRESENTATION_CONTEXT() REPRESENTATION_CONTEXT('2D SPACE',''
  ) );
#4425 = PCURVE('',#1008,#4426);
#4426 = DEFINITIONAL_REPRESENTATION('',(#4427),#4431);
#4427 = LINE('',#4428,#4429);
#4428 = CARTESIAN_POINT('',(0.,-3.4));
#4429 = VECTOR('',#4430,1.);
#4430 = DIRECTION('',(1.,0.));
#4431 = ( GEOMETRIC_REPRESENTATION_CONTEXT(2) 
PARAMETRIC_REPRESENTATION_CONTEXT() REPRESENTATION_CONTEXT('2D SPACE',''
  ) );
#4432 = ORIENTED_EDGE('',*,*,#1076,.T.);
#4433 = ADVANCED_FACE('',(#4434),#1008,.F.);
#4434 = FACE_BOUND('',#4435,.F.);
#4435 = EDGE_LOOP('',(#4436,#4437,#4438,#4439));
#4436 = ORIENTED_EDGE('',*,*,#3519,.F.);
#4437 = ORIENTED_EDGE('',*,*,#985,.F.);
#4438 = ORIENTED_EDGE('',*,*,#4407,.T.);
#4439 = ORIENTED_EDGE('',*,*,#1053,.T.);
#4440 = ADVANCED_FACE('',(#4441),#949,.F.);
#4441 = FACE_BOUND('',#4442,.F.);
#4442 = EDGE_LOOP('',(#4443,#4465,#4466));
#4443 = ORIENTED_EDGE('',*,*,#4444,.F.);
#4444 = EDGE_CURVE('',#817,#880,#4445,.T.);
#4445 = SURFACE_CURVE('',#4446,(#4451,#4458),.PCURVE_S1.);
#4446 = CIRCLE('',#4447,2.1);
#4447 = AXIS2_PLACEMENT_3D('',#4448,#4449,#4450);
#4448 = CARTESIAN_POINT('',(14.4,7.771561227887E-16,7.00000005));
#4449 = DIRECTION('',(-1.,2.465190328816E-32,2.22044604925E-16));
#4450 = DIRECTION('',(0.,1.,-1.110223024625E-16));
#4451 = PCURVE('',#949,#4452);
#4452 = DEFINITIONAL_REPRESENTATION('',(#4453),#4457);
#4453 = LINE('',#4454,#4455);
#4454 = CARTESIAN_POINT('',(0.,0.));
#4455 = VECTOR('',#4456,1.);
#4456 = DIRECTION('',(1.,0.));
#4457 = ( GEOMETRIC_REPRESENTATION_CONTEXT(2) 
PARAMETRIC_REPRESENTATION_CONTEXT() REPRESENTATION_CONTEXT('2D SPACE',''
  ) );
#4458 = PCURVE('',#839,#4459);
#4459 = DEFINITIONAL_REPRESENTATION('',(#4460),#4464);
#4460 = LINE('',#4461,#4462);
#4461 = CARTESIAN_POINT('',(0.,-17.4));
#4462 = VECTOR('',#4463,1.);
#4463 = DIRECTION('',(1.,0.));
#4464 = ( GEOMETRIC_REPRESENTATION_CONTEXT(2) 
PARAMETRIC_REPRESENTATION_CONTEXT() REPRESENTATION_CONTEXT('2D SPACE',''
  ) );
#4465 = ORIENTED_EDGE('',*,*,#961,.F.);
#4466 = ORIENTED_EDGE('',*,*,#933,.T.);
#4467 = ADVANCED_FACE('',(#4468),#839,.F.);
#4468 = FACE_BOUND('',#4469,.F.);
#4469 = EDGE_LOOP('',(#4470,#4471,#4472,#4473));
#4470 = ORIENTED_EDGE('',*,*,#2874,.F.);
#4471 = ORIENTED_EDGE('',*,*,#816,.F.);
#4472 = ORIENTED_EDGE('',*,*,#4444,.T.);
#4473 = ORIENTED_EDGE('',*,*,#879,.T.);
#4474 = ADVANCED_FACE('',(#4475),#780,.F.);
#4475 = FACE_BOUND('',#4476,.F.);
#4476 = EDGE_LOOP('',(#4477,#4499,#4500));
#4477 = ORIENTED_EDGE('',*,*,#4478,.F.);
#4478 = EDGE_CURVE('',#648,#711,#4479,.T.);
#4479 = SURFACE_CURVE('',#4480,(#4485,#4492),.PCURVE_S1.);
#4480 = CIRCLE('',#4481,2.1);
#4481 = AXIS2_PLACEMENT_3D('',#4482,#4483,#4484);
#4482 = CARTESIAN_POINT('',(14.4,-1.665334531387E-15,-14.99999995));
#4483 = DIRECTION('',(-1.,2.465190328816E-32,2.22044604925E-16));
#4484 = DIRECTION('',(0.,1.,-1.110223024625E-16));
#4485 = PCURVE('',#780,#4486);
#4486 = DEFINITIONAL_REPRESENTATION('',(#4487),#4491);
#4487 = LINE('',#4488,#4489);
#4488 = CARTESIAN_POINT('',(0.,0.));
#4489 = VECTOR('',#4490,1.);
#4490 = DIRECTION('',(1.,0.));
#4491 = ( GEOMETRIC_REPRESENTATION_CONTEXT(2) 
PARAMETRIC_REPRESENTATION_CONTEXT() REPRESENTATION_CONTEXT('2D SPACE',''
  ) );
#4492 = PCURVE('',#670,#4493);
#4493 = DEFINITIONAL_REPRESENTATION('',(#4494),#4498);
#4494 = LINE('',#4495,#4496);
#4495 = CARTESIAN_POINT('',(0.,-17.4));
#4496 = VECTOR('',#4497,1.);
#4497 = DIRECTION('',(1.,0.));
#4498 = ( GEOMETRIC_REPRESENTATION_CONTEXT(2) 
PARAMETRIC_REPRESENTATION_CONTEXT() REPRESENTATION_CONTEXT('2D SPACE',''
  ) );
#4499 = ORIENTED_EDGE('',*,*,#792,.F.);
#4500 = ORIENTED_EDGE('',*,*,#764,.T.);
#4501 = ADVANCED_FACE('',(#4502),#670,.F.);
#4502 = FACE_BOUND('',#4503,.F.);
#4503 = EDGE_LOOP('',(#4504,#4505,#4506,#4507));
#4504 = ORIENTED_EDGE('',*,*,#2845,.F.);
#4505 = ORIENTED_EDGE('',*,*,#647,.F.);
#4506 = ORIENTED_EDGE('',*,*,#4478,.T.);
#4507 = ORIENTED_EDGE('',*,*,#710,.T.);
#4508 = ADVANCED_FACE('',(#4509),#577,.F.);
#4509 = FACE_BOUND('',#4510,.F.);
#4510 = EDGE_LOOP('',(#4511,#4512,#4513,#4514));
#4511 = ORIENTED_EDGE('',*,*,#2816,.F.);
#4512 = ORIENTED_EDGE('',*,*,#561,.F.);
#4513 = ORIENTED_EDGE('',*,*,#2374,.T.);
#4514 = ORIENTED_EDGE('',*,*,#622,.T.);
#4515 = ADVANCED_FACE('',(#4516),#525,.F.);
#4516 = FACE_BOUND('',#4517,.F.);
#4517 = EDGE_LOOP('',(#4518,#4540,#4541));
#4518 = ORIENTED_EDGE('',*,*,#4519,.F.);
#4519 = EDGE_CURVE('',#357,#456,#4520,.T.);
#4520 = SURFACE_CURVE('',#4521,(#4526,#4533),.PCURVE_S1.);
#4521 = CIRCLE('',#4522,2.1);
#4522 = AXIS2_PLACEMENT_3D('',#4523,#4524,#4525);
#4523 = CARTESIAN_POINT('',(3.,-3.341771298571E-15,-30.09999995));
#4524 = DIRECTION('',(-2.22044604925E-16,-1.110223024625E-16,-1.));
#4525 = DIRECTION('',(0.,1.,-1.110223024625E-16));
#4526 = PCURVE('',#525,#4527);
#4527 = DEFINITIONAL_REPRESENTATION('',(#4528),#4532);
#4528 = LINE('',#4529,#4530);
#4529 = CARTESIAN_POINT('',(0.,0.));
#4530 = VECTOR('',#4531,1.);
#4531 = DIRECTION('',(1.,-6.240584666565E-17));
#4532 = ( GEOMETRIC_REPRESENTATION_CONTEXT(2) 
PARAMETRIC_REPRESENTATION_CONTEXT() REPRESENTATION_CONTEXT('2D SPACE',''
  ) );
#4533 = PCURVE('',#297,#4534);
#4534 = DEFINITIONAL_REPRESENTATION('',(#4535),#4539);
#4535 = LINE('',#4536,#4537);
#4536 = CARTESIAN_POINT('',(0.,-17.4));
#4537 = VECTOR('',#4538,1.);
#4538 = DIRECTION('',(1.,0.));
#4539 = ( GEOMETRIC_REPRESENTATION_CONTEXT(2) 
PARAMETRIC_REPRESENTATION_CONTEXT() REPRESENTATION_CONTEXT('2D SPACE',''
  ) );
#4540 = ORIENTED_EDGE('',*,*,#537,.F.);
#4541 = ORIENTED_EDGE('',*,*,#509,.T.);
#4542 = ADVANCED_FACE('',(#4543),#297,.F.);
#4543 = FACE_BOUND('',#4544,.F.);
#4544 = EDGE_LOOP('',(#4545,#4546,#4547,#4548));
#4545 = ORIENTED_EDGE('',*,*,#258,.F.);
#4546 = ORIENTED_EDGE('',*,*,#356,.F.);
#4547 = ORIENTED_EDGE('',*,*,#4519,.T.);
#4548 = ORIENTED_EDGE('',*,*,#455,.T.);
#4549 = ADVANCED_FACE('',(#4550),#246,.F.);
#4550 = FACE_BOUND('',#4551,.F.);
#4551 = EDGE_LOOP('',(#4552,#4553,#4554,#4576));
#4552 = ORIENTED_EDGE('',*,*,#2470,.T.);
#4553 = ORIENTED_EDGE('',*,*,#230,.F.);
#4554 = ORIENTED_EDGE('',*,*,#4555,.T.);
#4555 = EDGE_CURVE('',#145,#143,#4556,.T.);
#4556 = SURFACE_CURVE('',#4557,(#4562,#4569),.PCURVE_S1.);
#4557 = CIRCLE('',#4558,2.1);
#4558 = AXIS2_PLACEMENT_3D('',#4559,#4560,#4561);
#4559 = CARTESIAN_POINT('',(14.4,-4.107825185562E-15,-36.99999995));
#4560 = DIRECTION('',(-1.,2.465190328816E-32,2.22044604925E-16));
#4561 = DIRECTION('',(0.,1.,-1.110223024625E-16));
#4562 = PCURVE('',#246,#4563);
#4563 = DEFINITIONAL_REPRESENTATION('',(#4564),#4568);
#4564 = LINE('',#4565,#4566);
#4565 = CARTESIAN_POINT('',(0.,-17.4));
#4566 = VECTOR('',#4567,1.);
#4567 = DIRECTION('',(1.,0.));
#4568 = ( GEOMETRIC_REPRESENTATION_CONTEXT(2) 
PARAMETRIC_REPRESENTATION_CONTEXT() REPRESENTATION_CONTEXT('2D SPACE',''
  ) );
#4569 = PCURVE('',#194,#4570);
#4570 = DEFINITIONAL_REPRESENTATION('',(#4571),#4575);
#4571 = LINE('',#4572,#4573);
#4572 = CARTESIAN_POINT('',(0.,0.));
#4573 = VECTOR('',#4574,1.);
#4574 = DIRECTION('',(1.,0.));
#4575 = ( GEOMETRIC_REPRESENTATION_CONTEXT(2) 
PARAMETRIC_REPRESENTATION_CONTEXT() REPRESENTATION_CONTEXT('2D SPACE',''
  ) );
#4576 = ORIENTED_EDGE('',*,*,#331,.T.);
#4577 = ADVANCED_FACE('',(#4578),#194,.F.);
#4578 = FACE_BOUND('',#4579,.F.);
#4579 = EDGE_LOOP('',(#4580,#4581,#4582));
#4580 = ORIENTED_EDGE('',*,*,#4555,.F.);
#4581 = ORIENTED_EDGE('',*,*,#206,.F.);
#4582 = ORIENTED_EDGE('',*,*,#178,.T.);
#4583 = ADVANCED_FACE('',(#4584),#3292,.F.);
#4584 = FACE_BOUND('',#4585,.T.);
#4585 = EDGE_LOOP('',(#4586,#4587,#4588,#4589));
#4586 = ORIENTED_EDGE('',*,*,#3665,.F.);
#4587 = ORIENTED_EDGE('',*,*,#3276,.F.);
#4588 = ORIENTED_EDGE('',*,*,#3808,.F.);
#4589 = ORIENTED_EDGE('',*,*,#3449,.F.);
#4590 = ADVANCED_FACE('',(#4591),#2757,.F.);
#4591 = FACE_BOUND('',#4592,.T.);
#4592 = EDGE_LOOP('',(#4593,#4594,#4595,#4596));
#4593 = ORIENTED_EDGE('',*,*,#3687,.F.);
#4594 = ORIENTED_EDGE('',*,*,#3495,.F.);
#4595 = ORIENTED_EDGE('',*,*,#3875,.F.);
#4596 = ORIENTED_EDGE('',*,*,#2741,.F.);
#4597 = ADVANCED_FACE('',(#4598),#2942,.F.);
#4598 = FACE_BOUND('',#4599,.T.);
#4599 = EDGE_LOOP('',(#4600,#4601,#4602,#4603));
#4600 = ORIENTED_EDGE('',*,*,#3710,.F.);
#4601 = ORIENTED_EDGE('',*,*,#2926,.F.);
#4602 = ORIENTED_EDGE('',*,*,#3852,.F.);
#4603 = ORIENTED_EDGE('',*,*,#3037,.F.);
#4604 = ADVANCED_FACE('',(#4605),#2591,.F.);
#4605 = FACE_BOUND('',#4606,.T.);
#4606 = EDGE_LOOP('',(#4607,#4608,#4609,#4610));
#4607 = ORIENTED_EDGE('',*,*,#3732,.F.);
#4608 = ORIENTED_EDGE('',*,*,#3156,.F.);
#4609 = ORIENTED_EDGE('',*,*,#2575,.F.);
#4610 = ORIENTED_EDGE('',*,*,#3205,.F.);
#4611 = ADVANCED_FACE('',(#4612),#2696,.F.);
#4612 = FACE_BOUND('',#4613,.T.);
#4613 = EDGE_LOOP('',(#4614,#4615,#4616,#4617));
#4614 = ORIENTED_EDGE('',*,*,#3754,.F.);
#4615 = ORIENTED_EDGE('',*,*,#3227,.F.);
#4616 = ORIENTED_EDGE('',*,*,#2682,.F.);
#4617 = ORIENTED_EDGE('',*,*,#3327,.F.);
#4618 = ADVANCED_FACE('',(#4619),#44,.F.);
#4619 = FACE_BOUND('',#4620,.F.);
#4620 = EDGE_LOOP('',(#4621,#4622,#4623,#4624));
#4621 = ORIENTED_EDGE('',*,*,#4122,.F.);
#4622 = ORIENTED_EDGE('',*,*,#21,.F.);
#4623 = ORIENTED_EDGE('',*,*,#3778,.T.);
#4624 = ORIENTED_EDGE('',*,*,#85,.T.);
#4625 = ( GEOMETRIC_REPRESENTATION_CONTEXT(3) 
GLOBAL_UNCERTAINTY_ASSIGNED_CONTEXT((#4629)) 
GLOBAL_UNIT_ASSIGNED_CONTEXT((#4626,#4627,#4628)) REPRESENTATION_CONTEXT
('Context #1','3D Context with UNIT and UNCERTAINTY') );
#4626 = ( LENGTH_UNIT() NAMED_UNIT(*) SI_UNIT(.MILLI.,.METRE.) );
#4627 = ( NAMED_UNIT(*) PLANE_ANGLE_UNIT() SI_UNIT($,.RADIAN.) );
#4628 = ( NAMED_UNIT(*) SI_UNIT($,.STERADIAN.) SOLID_ANGLE_UNIT() );
#4629 = UNCERTAINTY_MEASURE_WITH_UNIT(LENGTH_MEASURE(1.E-07),#4626,
  'distance_accuracy_value','confusion accuracy');
#4630 = PRODUCT_RELATED_PRODUCT_CATEGORY('part',$,(#7));
ENDSEC;
END-ISO-10303-21;
